job_key,pair_id,direction,dataset_id,group_id,category,status,returned,official_failed,inlier_rate,tre_px,tre_norm,failure,rectangle_crossing,fov_crossing,clearance,stage1_rectangle_crossing,perspective
COph100/001/001_F_GA41_BW2905_PA44_DG11_PF0_D1_S01_11__001_F_GA41_BW2905_PA47_DG11_PF0_D1_S02_3|canonical,COph100/001/001_F_GA41_BW2905_PA44_DG11_PF0_D1_S01_11__001_F_GA41_BW2905_PA47_DG11_PF0_D1_S02_3,canonical,COph100,COph100/patient/001,,ok,True,False,0.9464882943143813,2.109602033915078,0.0026370025423938476,False,False,False,27.412433354931714,False,0.035839275184448655
COph100/002-1/002_M_GA40_BW4040_PA41_DG11_PF0_D1_S01_6__002_M_GA40_BW4040_PA45_DG11_PF0_D1_S03_6|canonical,COph100/002-1/002_M_GA40_BW4040_PA41_DG11_PF0_D1_S01_6__002_M_GA40_BW4040_PA45_DG11_PF0_D1_S03_6,canonical,COph100,COph100/patient/002,,ok,True,True,0.0,479.0681016962353,0.5988351271202942,True,True,True,0.0,True,7.660084824043351
COph100/002/002_M_GA40_BW4040_PA43_DG11_PF0_D1_S02_2__002_M_GA40_BW4040_PA45_DG11_PF0_D1_S03_10|canonical,COph100/002/002_M_GA40_BW4040_PA43_DG11_PF0_D1_S02_2__002_M_GA40_BW4040_PA45_DG11_PF0_D1_S03_10,canonical,COph100,COph100/patient/002,,ok,True,True,0.0,211.49265312808203,0.26436581641010254,True,True,True,0.0,True,6.01814982991509
COph100/005-1/005_F_GA41_BW3400_PA45_DG11_PF0_D1_S01_1__005_F_GA41_BW3400_PA48_DG11_PF0_D1_S02_1|canonical,COph100/005-1/005_F_GA41_BW3400_PA45_DG11_PF0_D1_S01_1__005_F_GA41_BW3400_PA48_DG11_PF0_D1_S02_1,canonical,COph100,COph100/patient/005,,ok,True,False,0.9929577464788732,2.899567181277198,0.0036244589765964974,False,False,False,34.09997142321688,False,0.028911467278603158
COph100/005/005_F_GA41_BW3400_PA45_DG11_PF0_D1_S01_8__005_F_GA41_BW3400_PA52_DG11_PF0_D1_S03_2|canonical,COph100/005/005_F_GA41_BW3400_PA45_DG11_PF0_D1_S01_8__005_F_GA41_BW3400_PA52_DG11_PF0_D1_S03_2,canonical,COph100,COph100/patient/005,,ok,True,False,0.96,5.179692667806631,0.006474615834758288,True,False,False,92.83738710792105,False,0.010718295030345276
COph100/007/007_F_GA31_BW950_PA35_DG11_PF0_D1_S02_6__007_F_GA31_BW950_PA37_DG11_PF0_D1_S03_5|canonical,COph100/007/007_F_GA31_BW950_PA35_DG11_PF0_D1_S02_6__007_F_GA31_BW950_PA37_DG11_PF0_D1_S03_5,canonical,COph100,COph100/patient/007,,ok,True,False,0.9338842975206612,2.855902279975454,0.0035698778499693175,False,False,False,14.61736834966523,False,0.06625627428631756
COph100/008-1/008_F_GA39_BW2700_PA41_DG11_PF0_D1_S02_17__008_F_GA39_BW2700_PA43_DG11_PF0_D1_S03_8|canonical,COph100/008-1/008_F_GA39_BW2700_PA41_DG11_PF0_D1_S02_17__008_F_GA39_BW2700_PA43_DG11_PF0_D1_S03_8,canonical,COph100,COph100/patient/008,,ok,True,False,0.7547169811320755,5.43432143921004,0.006792901799012549,True,False,False,2.1226248475868212,False,0.39503734084527775
COph100/008/008_F_GA39_BW2700_PA40_DG11_PF0_D1_S01_6__008_F_GA39_BW2700_PA43_DG11_PF0_D1_S03_14|canonical,COph100/008/008_F_GA39_BW2700_PA40_DG11_PF0_D1_S01_6__008_F_GA39_BW2700_PA43_DG11_PF0_D1_S03_14,canonical,COph100,COph100/patient/008,,ok,True,False,0.8648648648648649,2.9033240473312696,0.003629155059164087,False,False,False,16.866591525161944,False,0.05791185932321997
COph100/008/008_F_GA39_BW2700_PA43_DG11_PF0_D1_S03_14__008_F_GA39_BW2700_PA47_DG11_PF0_D1_S04_8|canonical,COph100/008/008_F_GA39_BW2700_PA43_DG11_PF0_D1_S03_14__008_F_GA39_BW2700_PA47_DG11_PF0_D1_S04_8,canonical,COph100,COph100/patient/008,,ok,True,False,0.8888888888888888,2.4722347706240666,0.003090293463280083,False,False,False,12.833660315737733,False,0.07504612069211719
COph100/010/010_M_GA39_BW3550_PA39_DG11_PF0_D1_S01_2__010_M_GA39_BW3550_PA50_DG11_PF0_D1_S03_3|canonical,COph100/010/010_M_GA39_BW3550_PA39_DG11_PF0_D1_S01_2__010_M_GA39_BW3550_PA50_DG11_PF0_D1_S03_3,canonical,COph100,COph100/patient/010,,ok,False,True,0.0,,,True,False,False,,False,
COph100/010/010_M_GA39_BW3550_PA45_DG11_PF0_D1_S02_6__010_M_GA39_BW3550_PA53_DG11_PF0_D1_S04_7|canonical,COph100/010/010_M_GA39_BW3550_PA45_DG11_PF0_D1_S02_6__010_M_GA39_BW3550_PA53_DG11_PF0_D1_S04_7,canonical,COph100,COph100/patient/010,,ok,True,False,0.935251798561151,2.9059144946159106,0.003632393118269888,False,False,False,15.957085259920582,False,0.06080822427601692
COph100/010/010_M_GA39_BW3550_PA53_DG11_PF0_D1_S04_7__010_M_GA39_BW3550_PA60_DG11_PF0_D1_S05_3|canonical,COph100/010/010_M_GA39_BW3550_PA53_DG11_PF0_D1_S04_7__010_M_GA39_BW3550_PA60_DG11_PF0_D1_S05_3,canonical,COph100,COph100/patient/010,,ok,True,False,0.987012987012987,2.4133274690742135,0.0030166593363427667,False,False,False,10.649680725119314,False,0.0903617169047455
COph100/011/011_M_GA40_BW3510_PA72_DG10_PF0_D1_S01_1__011_M_GA40_BW3510_PA113_DG10_PF0_D1_S03_2|canonical,COph100/011/011_M_GA40_BW3510_PA72_DG10_PF0_D1_S01_1__011_M_GA40_BW3510_PA113_DG10_PF0_D1_S03_2,canonical,COph100,COph100/patient/011,,ok,True,False,0.8732394366197183,4.484389894000159,0.0056054873675002,True,False,False,5.825140710217077,False,0.15811011021480026
COph100/012/012_M_GA36_BW2210_PA37_DG11_PF0_D1_S01_1__012_M_GA36_BW2210_PA41_DG11_PF0_D1_S02_2|canonical,COph100/012/012_M_GA36_BW2210_PA37_DG11_PF0_D1_S01_1__012_M_GA36_BW2210_PA41_DG11_PF0_D1_S02_2,canonical,COph100,COph100/patient/012,,ok,True,False,0.8913043478260869,3.4405004420963534,0.004300625552620441,False,False,False,5.820543091594982,False,0.15888847176145296
COph100/013/013_F_GA39_BW3390_PA40_DG11_PF0_D1_S01_4__013_F_GA39_BW3390_PA42_DG11_PF0_D1_S02_14|canonical,COph100/013/013_F_GA39_BW3390_PA40_DG11_PF0_D1_S01_4__013_F_GA39_BW3390_PA42_DG11_PF0_D1_S02_14,canonical,COph100,COph100/patient/013,,ok,True,False,0.9264705882352942,4.9900878108234386,0.006237609763529298,True,False,False,17.579707694371425,False,0.055404471298887065
COph100/014/014_F_GA40_BW3700_PA41_DG11_PF0_D1_S01_6__014_F_GA40_BW3700_PA45_DG11_PF0_D1_S02_8|canonical,COph100/014/014_F_GA40_BW3700_PA41_DG11_PF0_D1_S01_6__014_F_GA40_BW3700_PA45_DG11_PF0_D1_S02_8,canonical,COph100,COph100/patient/014,,ok,True,False,0.9571428571428572,3.139529591917655,0.003924411989897069,False,False,False,20.158234338399105,False,0.048417066415571905
COph100/019/019_M_GA35_BW3050_PA38_DG11_PF0_D1_S01_2__019_M_GA35_BW3050_PA41_DG11_PF0_D1_S02_8|canonical,COph100/019/019_M_GA35_BW3050_PA38_DG11_PF0_D1_S01_2__019_M_GA35_BW3050_PA41_DG11_PF0_D1_S02_8,canonical,COph100,COph100/patient/019,,ok,True,True,0.0,220.52631310900793,0.2756578913862599,True,True,True,0.0,True,53.15613412366658
COph100/020/020_F_GA39_BW3600_PA42_DG11_PF0_D1_S01_3__020_F_GA39_BW3600_PA47_DG11_PF0_D1_S02_1|canonical,COph100/020/020_F_GA39_BW3600_PA42_DG11_PF0_D1_S01_3__020_F_GA39_BW3600_PA47_DG11_PF0_D1_S02_1,canonical,COph100,COph100/patient/020,,ok,True,True,0.0,171.82942021847242,0.21478677527309054,True,True,True,0.0,True,26.77329205593016
COph100/021-1/021_M_GA41_BW3670_PA42_DG11_PF0_D1_S01_7__021_M_GA41_BW3670_PA47_DG11_PF0_D1_S03_7|canonical,COph100/021-1/021_M_GA41_BW3670_PA42_DG11_PF0_D1_S01_7__021_M_GA41_BW3670_PA47_DG11_PF0_D1_S03_7,canonical,COph100,COph100/patient/021,,ok,True,False,0.9047619047619048,4.6308413044066175,0.005788551630508272,True,False,False,5.614139316055196,False,0.16360763605720866
COph100/021/021_M_GA41_BW3670_PA43_DG11_PF0_D1_S02_10__021_M_GA41_BW3670_PA47_DG11_PF0_D1_S03_13|canonical,COph100/021/021_M_GA41_BW3670_PA43_DG11_PF0_D1_S02_10__021_M_GA41_BW3670_PA47_DG11_PF0_D1_S03_13,canonical,COph100,COph100/patient/021,,ok,True,False,0.9528795811518325,2.493963826919853,0.003117454783649816,False,False,False,13.385740141736315,False,0.07212899552571762
COph100/024-1/024_F_GA39_BW3290_PA39_DG11_PF0_D1_S01_10__024_F_GA39_BW3290_PA44_DG11_PF0_D1_S02_6|canonical,COph100/024-1/024_F_GA39_BW3290_PA39_DG11_PF0_D1_S01_10__024_F_GA39_BW3290_PA44_DG11_PF0_D1_S02_6,canonical,COph100,COph100/patient/024,,ok,True,False,0.8461538461538461,4.545387800647461,0.005681734750809326,True,False,False,7.224622761364029,False,0.12957686121888176
COph100/026-1/026_M_GA33_BW1700_PA34_DG11_PF0_D1_S01_10__026_M_GA33_BW1700_PA36_DG11_PF0_D1_S02_6|canonical,COph100/026-1/026_M_GA33_BW1700_PA34_DG11_PF0_D1_S01_10__026_M_GA33_BW1700_PA36_DG11_PF0_D1_S02_6,canonical,COph100,COph100/patient/026,,ok,True,False,0.9041095890410958,3.361022494383512,0.00420127811797939,False,False,False,32.01337388620296,False,0.030865470510207688
COph100/026-1/026_M_GA33_BW1700_PA36_DG11_PF0_D1_S02_6__026_M_GA33_BW1700_PA38_DG11_PF0_D1_S03_15|canonical,COph100/026-1/026_M_GA33_BW1700_PA36_DG11_PF0_D1_S02_6__026_M_GA33_BW1700_PA38_DG11_PF0_D1_S03_15,canonical,COph100,COph100/patient/026,,ok,True,False,0.9504950495049505,5.449501802977123,0.006811877253721403,True,False,False,10.618345648297684,False,0.09114620145384672
COph100/026-1/026_M_GA33_BW1700_PA38_DG11_PF0_D1_S03_15__026_M_GA33_BW1700_PA42_DG11_PF0_D1_S05_6|canonical,COph100/026-1/026_M_GA33_BW1700_PA38_DG11_PF0_D1_S03_15__026_M_GA33_BW1700_PA42_DG11_PF0_D1_S05_6,canonical,COph100,COph100/patient/026,,ok,True,False,0.8333333333333334,8.868039869291247,0.011085049836614059,True,False,False,1.7041187712042585,False,0.47436530161982554
COph100/026/026_M_GA33_BW1700_PA34_DG11_PF0_D1_S01_2__026_M_GA33_BW1700_PA40_DG11_PF0_D1_S04_11|canonical,COph100/026/026_M_GA33_BW1700_PA34_DG11_PF0_D1_S01_2__026_M_GA33_BW1700_PA40_DG11_PF0_D1_S04_11,canonical,COph100,COph100/patient/026,,ok,True,True,0.0,289.39708041536244,0.36174635051920306,True,True,True,0.0,True,4.1293076993152775
COph100/026/026_M_GA33_BW1700_PA36_DG11_PF0_D1_S02_10__026_M_GA33_BW1700_PA42_DG11_PF0_D1_S05_8|canonical,COph100/026/026_M_GA33_BW1700_PA36_DG11_PF0_D1_S02_10__026_M_GA33_BW1700_PA42_DG11_PF0_D1_S05_8,canonical,COph100,COph100/patient/026,,ok,True,True,0.0,285.3397007973805,0.3566746259967256,True,True,True,0.0,True,11.090143987979468
COph100/027/027_F_GA31_BW1460_PA33_DG11_PF0_D1_S01_4__027_F_GA31_BW1460_PA35_DG11_PF0_D1_S02_2|canonical,COph100/027/027_F_GA31_BW1460_PA33_DG11_PF0_D1_S01_4__027_F_GA31_BW1460_PA35_DG11_PF0_D1_S02_2,canonical,COph100,COph100/patient/027,,ok,True,False,0.9928057553956835,2.488828439822764,0.003111035549778455,False,False,False,20.352976926583842,False,0.04814815754173904
COph100/027/027_F_GA31_BW1460_PA35_DG11_PF0_D1_S02_2__027_F_GA31_BW1460_PA40_DG11_PF0_D1_S04_7|canonical,COph100/027/027_F_GA31_BW1460_PA35_DG11_PF0_D1_S02_2__027_F_GA31_BW1460_PA40_DG11_PF0_D1_S04_7,canonical,COph100,COph100/patient/027,,ok,False,True,0.0,,,True,False,False,,False,
COph100/028-1/028_F_GA32_BW1760_PA38_DG0_PF0_D1_S02_7__028_F_GA32_BW1760_PA41_DG0_PF0_D1_S03_7|canonical,COph100/028-1/028_F_GA32_BW1760_PA38_DG0_PF0_D1_S02_7__028_F_GA32_BW1760_PA41_DG0_PF0_D1_S03_7,canonical,COph100,COph100/patient/028,,ok,True,True,0.0,31.284752965785334,0.03910594120723167,True,False,False,1.3552980312997465,False,0.5775720997286911
COph100/031-1/031_M_GA25_BW910_PA32_DG2_PF0_D1_S01_6__031_M_GA25_BW910_PA33_DG3_PF0_D1_S02_8|canonical,COph100/031-1/031_M_GA25_BW910_PA32_DG2_PF0_D1_S01_6__031_M_GA25_BW910_PA33_DG3_PF0_D1_S02_8,canonical,COph100,COph100/patient/031,,ok,True,True,0.0,309.011456695439,0.38626432086929874,True,True,True,0.0,True,5.4221488494080265
COph100/031-1/031_M_GA25_BW910_PA32_DG2_PF0_D1_S01_6__031_M_GA25_BW910_PA37_DG3_PF0_D1_S06_10|canonical,COph100/031-1/031_M_GA25_BW910_PA32_DG2_PF0_D1_S01_6__031_M_GA25_BW910_PA37_DG3_PF0_D1_S06_10,canonical,COph100,COph100/patient/031,,ok,True,False,0.7777777777777778,94.41001078812806,0.11801251348516008,True,True,False,0.0,False,3.267717540654477
COph100/031-1/031_M_GA25_BW910_PA33_DG3_PF0_D1_S02_8__031_M_GA25_BW910_PA34_DG3_PF0_D1_S03_4|canonical,COph100/031-1/031_M_GA25_BW910_PA33_DG3_PF0_D1_S02_8__031_M_GA25_BW910_PA34_DG3_PF0_D1_S03_4,canonical,COph100,COph100/patient/031,,ok,True,False,0.9646017699115044,2.2903241278295168,0.002862905159786896,False,False,False,11.092741426673244,False,0.08631858448917762
COph100/031-1/031_M_GA25_BW910_PA33_DG3_PF0_D1_S02_8__031_M_GA25_BW910_PA38_DG3_PF0_D1_S07_3|canonical,COph100/031-1/031_M_GA25_BW910_PA33_DG3_PF0_D1_S02_8__031_M_GA25_BW910_PA38_DG3_PF0_D1_S07_3,canonical,COph100,COph100/patient/031,,ok,True,False,0.9361702127659575,2.1698554221667754,0.0027123192777084694,False,False,False,5.6845740108071565,False,0.16214032979788914
COph100/031-1/031_M_GA25_BW910_PA34_DG3_PF0_D1_S03_4__031_M_GA25_BW910_PA36_DG3_PF0_D1_S05_10|canonical,COph100/031-1/031_M_GA25_BW910_PA34_DG3_PF0_D1_S03_4__031_M_GA25_BW910_PA36_DG3_PF0_D1_S05_10,canonical,COph100,COph100/patient/031,,ok,True,False,0.5502008032128514,3.3782784750064607,0.0042228480937580755,False,False,False,6.578764849203477,False,0.14501004819997187
COph100/031-1/031_M_GA25_BW910_PA34_DG3_PF0_D1_S03_4__031_M_GA25_BW910_PA43_DG9_PF0_D1_S09_4|canonical,COph100/031-1/031_M_GA25_BW910_PA34_DG3_PF0_D1_S03_4__031_M_GA25_BW910_PA43_DG9_PF0_D1_S09_4,canonical,COph100,COph100/patient/031,,ok,True,False,0.8333333333333334,5.759326280598583,0.007199157850748229,True,False,False,2.5439884921242655,False,0.33272173400043925
COph100/031-1/031_M_GA25_BW910_PA35_DG3_PF0_D1_S04_7__031_M_GA25_BW910_PA40_DG2_PF0_D1_S08_4|canonical,COph100/031-1/031_M_GA25_BW910_PA35_DG3_PF0_D1_S04_7__031_M_GA25_BW910_PA40_DG2_PF0_D1_S08_4,canonical,COph100,COph100/patient/031,,ok,True,True,0.0,251.36403033289434,0.3142050379161179,True,True,True,0.0,True,11.801993028292374
COph100/031-1/031_M_GA25_BW910_PA36_DG3_PF0_D1_S05_10__031_M_GA25_BW910_PA40_DG2_PF0_D1_S08_4|canonical,COph100/031-1/031_M_GA25_BW910_PA36_DG3_PF0_D1_S05_10__031_M_GA25_BW910_PA40_DG2_PF0_D1_S08_4,canonical,COph100,COph100/patient/031,,ok,True,True,0.0,198.92943390991712,0.2486617923873964,True,True,True,0.0,True,10.31396875594157
COph100/031-1/031_M_GA25_BW910_PA37_DG3_PF0_D1_S06_10__031_M_GA25_BW910_PA43_DG9_PF0_D1_S09_4|canonical,COph100/031-1/031_M_GA25_BW910_PA37_DG3_PF0_D1_S06_10__031_M_GA25_BW910_PA43_DG9_PF0_D1_S09_4,canonical,COph100,COph100/patient/031,,ok,True,False,0.9577464788732394,5.20195307413733,0.006502441342671662,True,False,False,2.213053908176298,False,0.3719062882538055
COph100/031/031_M_GA25_BW910_PA32_DG2_PF0_D1_S01_1__031_M_GA25_BW910_PA33_DG3_PF0_D1_S02_1|canonical,COph100/031/031_M_GA25_BW910_PA32_DG2_PF0_D1_S01_1__031_M_GA25_BW910_PA33_DG3_PF0_D1_S02_1,canonical,COph100,COph100/patient/031,,ok,True,False,0.958974358974359,3.7307862230289475,0.004663482778786184,False,False,False,6.471059688443681,False,0.1437872967852011
COph100/031/031_M_GA25_BW910_PA32_DG2_PF0_D1_S01_1__031_M_GA25_BW910_PA37_DG3_PF0_D1_S06_3|canonical,COph100/031/031_M_GA25_BW910_PA32_DG2_PF0_D1_S01_1__031_M_GA25_BW910_PA37_DG3_PF0_D1_S06_3,canonical,COph100,COph100/patient/031,,ok,True,False,0.9821428571428571,2.398348535219314,0.0029979356690241427,False,False,False,7.903499071099513,False,0.11911056105126443
COph100/031/031_M_GA25_BW910_PA33_DG3_PF0_D1_S02_1__031_M_GA25_BW910_PA34_DG3_PF0_D1_S03_11|canonical,COph100/031/031_M_GA25_BW910_PA33_DG3_PF0_D1_S02_1__031_M_GA25_BW910_PA34_DG3_PF0_D1_S03_11,canonical,COph100,COph100/patient/031,,ok,True,False,0.8962264150943396,5.5433251880734415,0.006929156485091802,True,False,False,4.454957251614694,False,0.2051968703482299
COph100/031/031_M_GA25_BW910_PA33_DG3_PF0_D1_S02_1__031_M_GA25_BW910_PA38_DG3_PF0_D1_S07_5|canonical,COph100/031/031_M_GA25_BW910_PA33_DG3_PF0_D1_S02_1__031_M_GA25_BW910_PA38_DG3_PF0_D1_S07_5,canonical,COph100,COph100/patient/031,,ok,True,False,0.8,17.48506405413976,0.0218563300676747,True,False,False,0.7445787558252934,False,0.806001344757561
COph100/031/031_M_GA25_BW910_PA34_DG3_PF0_D1_S03_11__031_M_GA25_BW910_PA36_DG3_PF0_D1_S05_6|canonical,COph100/031/031_M_GA25_BW910_PA34_DG3_PF0_D1_S03_11__031_M_GA25_BW910_PA36_DG3_PF0_D1_S05_6,canonical,COph100,COph100/patient/031,,ok,True,False,0.9855072463768116,2.533138691501872,0.0031664233643773397,False,False,False,11.3218808323713,False,0.0850349491044421
COph100/031/031_M_GA25_BW910_PA34_DG3_PF0_D1_S03_11__031_M_GA25_BW910_PA43_DG9_PF0_D1_S09_8|canonical,COph100/031/031_M_GA25_BW910_PA34_DG3_PF0_D1_S03_11__031_M_GA25_BW910_PA43_DG9_PF0_D1_S09_8,canonical,COph100,COph100/patient/031,,ok,True,True,0.0,65.59315499871107,0.08199144374838883,True,False,False,0.10385677787286378,False,2.1491564785116037
COph100/031/031_M_GA25_BW910_PA35_DG3_PF0_D1_S04_1__031_M_GA25_BW910_PA40_DG2_PF0_D1_S08_6|canonical,COph100/031/031_M_GA25_BW910_PA35_DG3_PF0_D1_S04_1__031_M_GA25_BW910_PA40_DG2_PF0_D1_S08_6,canonical,COph100,COph100/patient/031,,ok,True,False,0.9887640449438202,4.834920295596217,0.006043650369495271,True,False,False,10.468164833064767,False,0.09155231373674744
COph100/031/031_M_GA25_BW910_PA36_DG3_PF0_D1_S05_6__031_M_GA25_BW910_PA40_DG2_PF0_D1_S08_6|canonical,COph100/031/031_M_GA25_BW910_PA36_DG3_PF0_D1_S05_6__031_M_GA25_BW910_PA40_DG2_PF0_D1_S08_6,canonical,COph100,COph100/patient/031,,ok,True,False,0.9111111111111111,3.9699798726214746,0.004962474840776843,False,False,False,9.521470414423366,False,0.10179575713969559
COph100/031/031_M_GA25_BW910_PA37_DG3_PF0_D1_S06_3__031_M_GA25_BW910_PA43_DG9_PF0_D1_S09_8|canonical,COph100/031/031_M_GA25_BW910_PA37_DG3_PF0_D1_S06_3__031_M_GA25_BW910_PA43_DG9_PF0_D1_S09_8,canonical,COph100,COph100/patient/031,,ok,True,False,0.9523809523809523,4.601747411001384,0.005752184263751729,True,False,False,12.174361448456118,False,0.07938139308745164
COph100/033/033_M_GA30_BW1250_PA31_DG0_PF0_D1_S01_2__033_M_GA30_BW1250_PA33_DG0_PF0_D1_S02_1|canonical,COph100/033/033_M_GA30_BW1250_PA31_DG0_PF0_D1_S01_2__033_M_GA30_BW1250_PA33_DG0_PF0_D1_S02_1,canonical,COph100,COph100/patient/033,,ok,True,True,0.0,217.7978966860231,0.27224737085752887,True,True,True,0.0,True,5.054781107179534
COph100/036/036_M_GA27_BW960_PA32_DG0_PF0_D1_S01_2__036_M_GA27_BW960_PA34_DG0_PF0_D1_S02_3|canonical,COph100/036/036_M_GA27_BW960_PA32_DG0_PF0_D1_S01_2__036_M_GA27_BW960_PA34_DG0_PF0_D1_S02_3,canonical,COph100,COph100/patient/036,,ok,True,True,0.0,257.08077680055584,0.3213509710006948,True,True,True,0.0,True,2402.3044265000017
COph100/040/040_M_GA32_BW1770_PA38_DG12_PF0_D1_S02_2__040_M_GA32_BW1770_PA40_DG12_PF0_D1_S03_3|canonical,COph100/040/040_M_GA32_BW1770_PA38_DG12_PF0_D1_S02_2__040_M_GA32_BW1770_PA40_DG12_PF0_D1_S03_3,canonical,COph100,COph100/patient/040,,ok,True,False,0.9378531073446328,3.092101840016822,0.0038651273000210274,False,False,False,26.866634019742897,False,0.036542741547255404
COph100/041/041_M_GA32_BW1770_PA36_DG0_PF0_D1_S01_2__041_M_GA32_BW1770_PA40_DG0_PF0_D1_S03_2|canonical,COph100/041/041_M_GA32_BW1770_PA36_DG0_PF0_D1_S01_2__041_M_GA32_BW1770_PA40_DG0_PF0_D1_S03_2,canonical,COph100,COph100/patient/041,,ok,True,False,0.9821428571428571,26.72830294680484,0.03341037868350605,True,False,False,2.6278301055145734,False,0.3218630923089741
COph100/041/041_M_GA32_BW1770_PA40_DG0_PF0_D1_S03_2__041_M_GA32_BW1770_PA55_DG0_PF0_D1_S04_4|canonical,COph100/041/041_M_GA32_BW1770_PA40_DG0_PF0_D1_S03_2__041_M_GA32_BW1770_PA55_DG0_PF0_D1_S04_4,canonical,COph100,COph100/patient/041,,ok,True,False,0.9,16.91863048478774,0.021148288105984677,True,False,False,60.233051142533995,False,0.01648493109820122
COph100/044/044_F_GA31_BW1370_PA34_DG0_PF0_D1_S01_1__044_F_GA31_BW1370_PA35_DG0_PF0_D1_S02_3|canonical,COph100/044/044_F_GA31_BW1370_PA34_DG0_PF0_D1_S01_1__044_F_GA31_BW1370_PA35_DG0_PF0_D1_S02_3,canonical,COph100,COph100/patient/044,,ok,True,False,0.9581151832460733,2.294411147463294,0.002868013934329118,False,False,False,24.7987252417471,False,0.039674665189774895
COph100/045/045_M_GA29_BW1120_PA38_DG2_PF0_D1_S01_2__045_M_GA29_BW1120_PA42_DG9_PF0_D1_S02_3|canonical,COph100/045/045_M_GA29_BW1120_PA38_DG2_PF0_D1_S01_2__045_M_GA29_BW1120_PA42_DG9_PF0_D1_S02_3,canonical,COph100,COph100/patient/045,,ok,True,False,0.9649122807017544,3.0257982829359262,0.0037822478536699076,False,False,False,33.083150429774314,False,0.02986496918442012
COph100/047/047_F_GA32_BW1730_PA33_DG0_PF0_D1_S01_1__047_F_GA32_BW1730_PA38_DG0_PF0_D1_S02_1|canonical,COph100/047/047_F_GA32_BW1730_PA33_DG0_PF0_D1_S01_1__047_F_GA32_BW1730_PA38_DG0_PF0_D1_S02_1,canonical,COph100,COph100/patient/047,,ok,True,True,0.0,277.9097338534716,0.3473871673168395,True,True,True,0.0,True,164.89447044241746
COph100/048-1/048_F_GA32_BW1680_PA33_DG0_PF0_D1_S01_1__048_F_GA32_BW1680_PA40_DG0_PF0_D1_S03_2|canonical,COph100/048-1/048_F_GA32_BW1680_PA33_DG0_PF0_D1_S01_1__048_F_GA32_BW1680_PA40_DG0_PF0_D1_S03_2,canonical,COph100,COph100/patient/048,,ok,True,False,0.8777777777777778,9.908286937320272,0.012385358671650339,True,False,False,9.721040752196673,False,0.0979693728105925
COph100/048/048_F_GA32_BW1680_PA38_DG0_PF0_D1_S02_8__048_F_GA32_BW1680_PA40_DG0_PF0_D1_S03_9|canonical,COph100/048/048_F_GA32_BW1680_PA38_DG0_PF0_D1_S02_8__048_F_GA32_BW1680_PA40_DG0_PF0_D1_S03_9,canonical,COph100,COph100/patient/048,,ok,True,False,0.7757575757575758,2.714087231258681,0.003392609039073351,False,False,False,35.560343586665674,False,0.027883199753427224
COph100/049/049_F_GA30_BW1220_PA32_DG0_PF0_D1_S01_4__049_F_GA30_BW1220_PA34_DG0_PF0_D1_S02_2|canonical,COph100/049/049_F_GA30_BW1220_PA32_DG0_PF0_D1_S01_4__049_F_GA30_BW1220_PA34_DG0_PF0_D1_S02_2,canonical,COph100,COph100/patient/049,,ok,True,False,0.921875,2.6735237500585427,0.0033419046875731782,False,False,False,7.445297239853596,False,0.12644716193060904
COph100/050-1/050_M_GA32_BW1790_PA33_DG0_PF0_D1_S01_2__050_M_GA32_BW1790_PA41_DG0_PF0_D1_S03_3|canonical,COph100/050-1/050_M_GA32_BW1790_PA33_DG0_PF0_D1_S01_2__050_M_GA32_BW1790_PA41_DG0_PF0_D1_S03_3,canonical,COph100,COph100/patient/050,,ok,True,False,0.8942307692307693,8.316384330964798,0.010395480413705997,True,False,False,6.046727091691119,False,0.15275470936976684
COph100/050/050_M_GA32_BW1790_PA38_DG0_PF0_D1_S02_2__050_M_GA32_BW1790_PA41_DG0_PF0_D1_S03_6|canonical,COph100/050/050_M_GA32_BW1790_PA38_DG0_PF0_D1_S02_2__050_M_GA32_BW1790_PA41_DG0_PF0_D1_S03_6,canonical,COph100,COph100/patient/050,,ok,True,False,0.9010989010989011,4.854409324576604,0.006068011655720755,True,False,False,16.62974737508659,False,0.058387673376157925
COph100/051-1/051_F_GA24_BW600_PA36_DG3_PF0_D1_S02_11__051_F_GA24_BW600_PA42_DG3_PF0_D1_S03_3|canonical,COph100/051-1/051_F_GA24_BW600_PA36_DG3_PF0_D1_S02_11__051_F_GA24_BW600_PA42_DG3_PF0_D1_S03_3,canonical,COph100,COph100/patient/051,,ok,True,True,0.0,303.05275512613156,0.37881594390766443,True,True,True,0.0,True,5.200394150338966
COph100/051/051_F_GA24_BW600_PA35_DG3_PF0_D1_S01_6__051_F_GA24_BW600_PA42_DG3_PF0_D1_S03_11|canonical,COph100/051/051_F_GA24_BW600_PA35_DG3_PF0_D1_S01_6__051_F_GA24_BW600_PA42_DG3_PF0_D1_S03_11,canonical,COph100,COph100/patient/051,,ok,True,False,0.84,4.467369645073267,0.005584212056341584,True,False,False,5.5535475189828,False,0.1654180469650904
COph100/051/051_F_GA24_BW600_PA42_DG3_PF0_D1_S03_11__051_F_GA24_BW600_PA46_DG9_PF0_D1_S04_8|canonical,COph100/051/051_F_GA24_BW600_PA42_DG3_PF0_D1_S03_11__051_F_GA24_BW600_PA46_DG9_PF0_D1_S04_8,canonical,COph100,COph100/patient/051,,ok,True,False,0.9726027397260274,2.0799671478302275,0.0025999589347877844,False,False,False,27.061194299641294,False,0.0362841628415269
COph100/052-1/052_M_GA26_BW820_PA31_DG1_PF0_D1_S01_6__052_M_GA26_BW820_PA36_DG3_PF0_D1_S05_8|canonical,COph100/052-1/052_M_GA26_BW820_PA31_DG1_PF0_D1_S01_6__052_M_GA26_BW820_PA36_DG3_PF0_D1_S05_8,canonical,COph100,COph100/patient/052,,ok,True,False,0.896774193548387,7.292209152463407,0.009115261440579258,True,False,False,130.09248902848043,False,0.0076578269462543305
COph100/052-1/052_M_GA26_BW820_PA32_DG2_PF0_D1_S02_7__052_M_GA26_BW820_PA33_DG3_PF0_D1_S03_6|canonical,COph100/052-1/052_M_GA26_BW820_PA32_DG2_PF0_D1_S02_7__052_M_GA26_BW820_PA33_DG3_PF0_D1_S03_6,canonical,COph100,COph100/patient/052,,ok,True,False,0.9754601226993865,3.955733689738242,0.004944667112172802,False,False,False,6.875311329428198,False,0.13628953040059683
COph100/052-1/052_M_GA26_BW820_PA32_DG2_PF0_D1_S02_7__052_M_GA26_BW820_PA46_DG2_PF0_D1_S07_2|canonical,COph100/052-1/052_M_GA26_BW820_PA32_DG2_PF0_D1_S02_7__052_M_GA26_BW820_PA46_DG2_PF0_D1_S07_2,canonical,COph100,COph100/patient/052,,ok,True,False,0.9,11.966618432460802,0.014958273040576002,True,False,False,16.93259043586203,False,0.05736590960077319
COph100/052-1/052_M_GA26_BW820_PA33_DG3_PF0_D1_S03_6__052_M_GA26_BW820_PA42_DG3_PF0_D1_S06_4|canonical,COph100/052-1/052_M_GA26_BW820_PA33_DG3_PF0_D1_S03_6__052_M_GA26_BW820_PA42_DG3_PF0_D1_S06_4,canonical,COph100,COph100/patient/052,,ok,True,False,0.8780487804878049,9.323846341427968,0.011654807926784961,True,False,False,3.3701592265775933,False,0.26487646839724693
COph100/052-1/052_M_GA26_BW820_PA34_DG3_PF0_D1_S04_7__052_M_GA26_BW820_PA42_DG3_PF0_D1_S06_4|canonical,COph100/052-1/052_M_GA26_BW820_PA34_DG3_PF0_D1_S04_7__052_M_GA26_BW820_PA42_DG3_PF0_D1_S06_4,canonical,COph100,COph100/patient/052,,ok,True,False,0.9666666666666667,6.534945696606964,0.008168682120758705,True,False,False,9.738900901359235,False,0.09786272156428645
COph100/052-1/052_M_GA26_BW820_PA36_DG3_PF0_D1_S05_8__052_M_GA26_BW820_PA46_DG2_PF0_D1_S07_2|canonical,COph100/052-1/052_M_GA26_BW820_PA36_DG3_PF0_D1_S05_8__052_M_GA26_BW820_PA46_DG2_PF0_D1_S07_2,canonical,COph100,COph100/patient/052,,ok,True,False,0.9785714285714285,6.226891803248416,0.00778361475406052,True,False,False,9.57615868955622,False,0.09928679931185472
COph100/052-1/052_M_GA26_BW820_PA46_DG2_PF0_D1_S07_2__052_M_GA26_BW820_PA75_DG9_PF0_D1_S08_8|canonical,COph100/052-1/052_M_GA26_BW820_PA46_DG2_PF0_D1_S07_2__052_M_GA26_BW820_PA75_DG9_PF0_D1_S08_8,canonical,COph100,COph100/patient/052,,ok,True,False,0.9912280701754386,4.632788817537761,0.005790986021922201,True,False,False,11.060883879723479,False,0.08700209439118227
COph100/052/052_M_GA26_BW820_PA31_DG1_PF0_D1_S01_3__052_M_GA26_BW820_PA36_DG3_PF0_D1_S05_1|canonical,COph100/052/052_M_GA26_BW820_PA31_DG1_PF0_D1_S01_3__052_M_GA26_BW820_PA36_DG3_PF0_D1_S05_1,canonical,COph100,COph100/patient/052,,ok,True,True,0.0,209.67222814028713,0.26209028517535893,True,True,True,0.0,True,14.851901040310825
COph100/052/052_M_GA26_BW820_PA32_DG2_PF0_D1_S02_3__052_M_GA26_BW820_PA33_DG3_PF0_D1_S03_11|canonical,COph100/052/052_M_GA26_BW820_PA32_DG2_PF0_D1_S02_3__052_M_GA26_BW820_PA33_DG3_PF0_D1_S03_11,canonical,COph100,COph100/patient/052,,ok,True,False,0.9736842105263158,2.513052447218237,0.0031413155590227964,False,False,False,20.66177610831939,False,0.04728349457030338
COph100/052/052_M_GA26_BW820_PA32_DG2_PF0_D1_S02_3__052_M_GA26_BW820_PA46_DG2_PF0_D1_S07_6|canonical,COph100/052/052_M_GA26_BW820_PA32_DG2_PF0_D1_S02_3__052_M_GA26_BW820_PA46_DG2_PF0_D1_S07_6,canonical,COph100,COph100/patient/052,,ok,False,True,0.0,,,True,False,False,,False,
COph100/052/052_M_GA26_BW820_PA33_DG3_PF0_D1_S03_11__052_M_GA26_BW820_PA42_DG3_PF0_D1_S06_14|canonical,COph100/052/052_M_GA26_BW820_PA33_DG3_PF0_D1_S03_11__052_M_GA26_BW820_PA42_DG3_PF0_D1_S06_14,canonical,COph100,COph100/patient/052,,ok,True,False,0.9583333333333334,6.793539922770975,0.008491924903463718,True,False,False,21.714332083251065,False,0.045142778365997525
COph100/052/052_M_GA26_BW820_PA34_DG3_PF0_D1_S04_4__052_M_GA26_BW820_PA42_DG3_PF0_D1_S06_14|canonical,COph100/052/052_M_GA26_BW820_PA34_DG3_PF0_D1_S04_4__052_M_GA26_BW820_PA42_DG3_PF0_D1_S06_14,canonical,COph100,COph100/patient/052,,ok,True,False,1.0,6.0747357208527974,0.007593419651065997,True,False,False,10.890480939808102,False,0.08849758812140422
COph100/052/052_M_GA26_BW820_PA36_DG3_PF0_D1_S05_1__052_M_GA26_BW820_PA46_DG2_PF0_D1_S07_6|canonical,COph100/052/052_M_GA26_BW820_PA36_DG3_PF0_D1_S05_1__052_M_GA26_BW820_PA46_DG2_PF0_D1_S07_6,canonical,COph100,COph100/patient/052,,ok,True,False,0.9381443298969072,6.527544986110153,0.008159431232637692,True,False,False,49.53323444461818,False,0.020016901980225935
COph100/052/052_M_GA26_BW820_PA46_DG2_PF0_D1_S07_6__052_M_GA26_BW820_PA75_DG9_PF0_D1_S08_20|canonical,COph100/052/052_M_GA26_BW820_PA46_DG2_PF0_D1_S07_6__052_M_GA26_BW820_PA75_DG9_PF0_D1_S08_20,canonical,COph100,COph100/patient/052,,ok,True,True,0.0,262.3920311714376,0.327990038964297,True,True,True,0.0,True,106.81681378381215
COph100/055-1/055_M_GA38_BW3245_PA40_DG13_PF0_D1_S01_10__055_M_GA38_BW3245_PA42_DG13_PF0_D1_S03_2|canonical,COph100/055-1/055_M_GA38_BW3245_PA40_DG13_PF0_D1_S01_10__055_M_GA38_BW3245_PA42_DG13_PF0_D1_S03_2,canonical,COph100,COph100/patient/055,,ok,True,True,0.0,243.34076329910758,0.3041759541238845,True,True,True,0.0,True,9.759557500329883
COph100/055-1/055_M_GA38_BW3245_PA40_DG13_PF0_D1_S01_10__055_M_GA38_BW3245_PA47_DG13_PF0_D1_S07_7|canonical,COph100/055-1/055_M_GA38_BW3245_PA40_DG13_PF0_D1_S01_10__055_M_GA38_BW3245_PA47_DG13_PF0_D1_S07_7,canonical,COph100,COph100/patient/055,,ok,True,False,0.7,6.0196598012574425,0.007524574751571803,True,False,False,2.842675066871436,False,0.3014378570625614
COph100/055-1/055_M_GA38_BW3245_PA41_DG13_PF0_D1_S02_7__055_M_GA38_BW3245_PA43_DG13_PF0_D1_S04_5|canonical,COph100/055-1/055_M_GA38_BW3245_PA41_DG13_PF0_D1_S02_7__055_M_GA38_BW3245_PA43_DG13_PF0_D1_S04_5,canonical,COph100,COph100/patient/055,,ok,True,False,0.7381974248927039,3.0531426462719127,0.003816428307839891,False,False,False,34.57841739552544,False,0.028545198310460144
COph100/055-1/055_M_GA38_BW3245_PA41_DG13_PF0_D1_S02_7__055_M_GA38_BW3245_PA53_DG13_PF0_D1_S08_2|canonical,COph100/055-1/055_M_GA38_BW3245_PA41_DG13_PF0_D1_S02_7__055_M_GA38_BW3245_PA53_DG13_PF0_D1_S08_2,canonical,COph100,COph100/patient/055,,ok,True,False,0.8064516129032258,9.84589377109302,0.012307367213866277,True,False,False,7.08584220597338,False,0.13183101285981333
COph100/055-1/055_M_GA38_BW3245_PA42_DG13_PF0_D1_S03_2__055_M_GA38_BW3245_PA45_DG13_PF0_D1_S06_6|canonical,COph100/055-1/055_M_GA38_BW3245_PA42_DG13_PF0_D1_S03_2__055_M_GA38_BW3245_PA45_DG13_PF0_D1_S06_6,canonical,COph100,COph100/patient/055,,ok,True,False,0.922077922077922,4.517796901290213,0.005647246126612766,True,False,False,1.9153770879232133,False,0.41841346473505153
COph100/055-1/055_M_GA38_BW3245_PA43_DG13_PF0_D1_S04_5__055_M_GA38_BW3245_PA44_DG13_PF0_D1_S05_6|canonical,COph100/055-1/055_M_GA38_BW3245_PA43_DG13_PF0_D1_S04_5__055_M_GA38_BW3245_PA44_DG13_PF0_D1_S05_6,canonical,COph100,COph100/patient/055,,ok,True,False,0.9778761061946902,4.759296332520024,0.00594912041565003,True,False,False,11.157581954320023,False,0.08616912859674529
COph100/055-1/055_M_GA38_BW3245_PA43_DG13_PF0_D1_S04_5__055_M_GA38_BW3245_PA78_DG13_PF0_D1_S09_16|canonical,COph100/055-1/055_M_GA38_BW3245_PA43_DG13_PF0_D1_S04_5__055_M_GA38_BW3245_PA78_DG13_PF0_D1_S09_16,canonical,COph100,COph100/patient/055,,ok,False,True,0.0,,,True,False,False,,False,
COph100/055-1/055_M_GA38_BW3245_PA44_DG13_PF0_D1_S05_6__055_M_GA38_BW3245_PA78_DG13_PF0_D1_S09_16|canonical,COph100/055-1/055_M_GA38_BW3245_PA44_DG13_PF0_D1_S05_6__055_M_GA38_BW3245_PA78_DG13_PF0_D1_S09_16,canonical,COph100,COph100/patient/055,,ok,False,True,0.0,,,True,False,False,,False,
COph100/055-1/055_M_GA38_BW3245_PA47_DG13_PF0_D1_S07_7__055_M_GA38_BW3245_PA53_DG13_PF0_D1_S08_2|canonical,COph100/055-1/055_M_GA38_BW3245_PA47_DG13_PF0_D1_S07_7__055_M_GA38_BW3245_PA53_DG13_PF0_D1_S08_2,canonical,COph100,COph100/patient/055,,ok,True,False,0.9911504424778761,3.4426533656746066,0.004303316707093258,False,False,False,119.06771563798775,False,0.008364210693194228
COph100/055/055_M_GA38_BW3245_PA40_DG13_PF0_D1_S01_3__055_M_GA38_BW3245_PA42_DG13_PF0_D1_S03_6|canonical,COph100/055/055_M_GA38_BW3245_PA40_DG13_PF0_D1_S01_3__055_M_GA38_BW3245_PA42_DG13_PF0_D1_S03_6,canonical,COph100,COph100/patient/055,,ok,True,True,0.0,75.68986685007903,0.09461233356259878,True,False,False,0.21346080296384742,False,1.5636358930351644
COph100/055/055_M_GA38_BW3245_PA40_DG13_PF0_D1_S01_3__055_M_GA38_BW3245_PA47_DG13_PF0_D1_S07_4|canonical,COph100/055/055_M_GA38_BW3245_PA40_DG13_PF0_D1_S01_3__055_M_GA38_BW3245_PA47_DG13_PF0_D1_S07_4,canonical,COph100,COph100/patient/055,,ok,False,True,0.0,,,True,False,False,,False,
COph100/055/055_M_GA38_BW3245_PA41_DG13_PF0_D1_S02_1__055_M_GA38_BW3245_PA43_DG13_PF0_D1_S04_13|canonical,COph100/055/055_M_GA38_BW3245_PA41_DG13_PF0_D1_S02_1__055_M_GA38_BW3245_PA43_DG13_PF0_D1_S04_13,canonical,COph100,COph100/patient/055,,ok,True,False,0.9032258064516129,4.667413411933598,0.005834266764916998,True,False,False,5.9355957378926005,False,0.15727134611798863
COph100/055/055_M_GA38_BW3245_PA41_DG13_PF0_D1_S02_1__055_M_GA38_BW3245_PA53_DG13_PF0_D1_S08_7|canonical,COph100/055/055_M_GA38_BW3245_PA41_DG13_PF0_D1_S02_1__055_M_GA38_BW3245_PA53_DG13_PF0_D1_S08_7,canonical,COph100,COph100/patient/055,,ok,True,False,0.8333333333333334,5.478166001345657,0.006847707501682071,True,False,False,10.285405871893103,False,0.09272959483909017
COph100/055/055_M_GA38_BW3245_PA42_DG13_PF0_D1_S03_6__055_M_GA38_BW3245_PA45_DG13_PF0_D1_S06_7|canonical,COph100/055/055_M_GA38_BW3245_PA42_DG13_PF0_D1_S03_6__055_M_GA38_BW3245_PA45_DG13_PF0_D1_S06_7,canonical,COph100,COph100/patient/055,,ok,True,False,0.9705882352941176,2.5783319857990854,0.003222914982248857,False,False,False,11.569441996908623,False,0.08420236195957834
COph100/055/055_M_GA38_BW3245_PA43_DG13_PF0_D1_S04_13__055_M_GA38_BW3245_PA44_DG13_PF0_D1_S05_1|canonical,COph100/055/055_M_GA38_BW3245_PA43_DG13_PF0_D1_S04_13__055_M_GA38_BW3245_PA44_DG13_PF0_D1_S05_1,canonical,COph100,COph100/patient/055,,ok,True,False,1.0,2.166991014970411,0.002708738768713014,False,False,False,8.487768712737926,False,0.11219518151098412
COph100/055/055_M_GA38_BW3245_PA43_DG13_PF0_D1_S04_13__055_M_GA38_BW3245_PA78_DG13_PF0_D1_S09_6|canonical,COph100/055/055_M_GA38_BW3245_PA43_DG13_PF0_D1_S04_13__055_M_GA38_BW3245_PA78_DG13_PF0_D1_S09_6,canonical,COph100,COph100/patient/055,,ok,True,False,0.9230769230769231,151.65914138395803,0.18957392672994755,True,True,True,0.0,True,4.62721258112459
COph100/055/055_M_GA38_BW3245_PA44_DG13_PF0_D1_S05_1__055_M_GA38_BW3245_PA78_DG13_PF0_D1_S09_6|canonical,COph100/055/055_M_GA38_BW3245_PA44_DG13_PF0_D1_S05_1__055_M_GA38_BW3245_PA78_DG13_PF0_D1_S09_6,canonical,COph100,COph100/patient/055,,ok,True,False,0.8260869565217391,6.896026418800342,0.008620033023500428,True,False,False,1.6792499086320563,False,0.4703498760970667
COph100/055/055_M_GA38_BW3245_PA47_DG13_PF0_D1_S07_4__055_M_GA38_BW3245_PA53_DG13_PF0_D1_S08_7|canonical,COph100/055/055_M_GA38_BW3245_PA47_DG13_PF0_D1_S07_4__055_M_GA38_BW3245_PA53_DG13_PF0_D1_S08_7,canonical,COph100,COph100/patient/055,,ok,True,False,0.9329608938547486,1.9896712433630015,0.002487089054203752,False,False,False,122.26084634371846,False,0.0081554121064106
COph100/056-1/056_F_GA33_BW1180_PA35_DG0_PF0_D1_S01_7__056_F_GA33_BW1180_PA42_DG0_PF0_D1_S03_7|canonical,COph100/056-1/056_F_GA33_BW1180_PA35_DG0_PF0_D1_S01_7__056_F_GA33_BW1180_PA42_DG0_PF0_D1_S03_7,canonical,COph100,COph100/patient/056,,ok,True,True,0.0,304.9644404648277,0.3812055505810346,True,True,True,0.0,True,16.12279637932864
COph100/056/056_F_GA33_BW1180_PA38_DG0_PF0_D1_S02_3__056_F_GA33_BW1180_PA42_DG0_PF0_D1_S03_3|canonical,COph100/056/056_F_GA33_BW1180_PA38_DG0_PF0_D1_S02_3__056_F_GA33_BW1180_PA42_DG0_PF0_D1_S03_3,canonical,COph100,COph100/patient/056,,ok,True,False,0.8717948717948718,3.6803088582634826,0.004600386072829353,False,False,False,13.558656425994247,False,0.07132786246051917
COph100/057/057_M_GA30_BW1180_PA33_DG0_PF0_D1_S01_1__057_M_GA30_BW1180_PA37_DG0_PF0_D1_S02_1|canonical,COph100/057/057_M_GA30_BW1180_PA33_DG0_PF0_D1_S01_1__057_M_GA30_BW1180_PA37_DG0_PF0_D1_S02_1,canonical,COph100,COph100/patient/057,,ok,True,False,0.8205128205128205,7.495703033818041,0.009369628792272551,True,False,False,15.795226071543965,False,0.061387837086898024
COph100/058-1/058_M_GA30_BW1490_PA33_DG0_PF0_D1_S01_5__058_M_GA30_BW1490_PA38_DG0_PF0_D1_S03_3|canonical,COph100/058-1/058_M_GA30_BW1490_PA33_DG0_PF0_D1_S01_5__058_M_GA30_BW1490_PA38_DG0_PF0_D1_S03_3,canonical,COph100,COph100/patient/058,,ok,True,True,0.0,201.36154312456276,0.2517019289057034,True,True,True,0.0,True,12.857307544398054
COph100/058/058_M_GA30_BW1490_PA35_DG0_PF0_D1_S02_3__058_M_GA30_BW1490_PA38_DG0_PF0_D1_S03_6|canonical,COph100/058/058_M_GA30_BW1490_PA35_DG0_PF0_D1_S02_3__058_M_GA30_BW1490_PA38_DG0_PF0_D1_S03_6,canonical,COph100,COph100/patient/058,,ok,True,False,0.937984496124031,2.4242749219267106,0.003030343652408388,False,False,False,21.920369028677236,False,0.04472813050678176
COph100/059/059_M_GA40_BW3680_PA61_DG12_PF0_D1_S01_5__059_M_GA40_BW3680_PA112_DG12_PF0_D1_S03_3|canonical,COph100/059/059_M_GA40_BW3680_PA61_DG12_PF0_D1_S01_5__059_M_GA40_BW3680_PA112_DG12_PF0_D1_S03_3,canonical,COph100,COph100/patient/059,,ok,True,True,0.0,757.7104796125662,0.9471380995157078,True,True,True,0.0,True,10.872629142731789
COph100/061-1/061_M_GA26_BW880_PA32_DG0_PF0_D1_S01_6__061_M_GA26_BW880_PA42_DG0_PF0_D1_S03_2|canonical,COph100/061-1/061_M_GA26_BW880_PA32_DG0_PF0_D1_S01_6__061_M_GA26_BW880_PA42_DG0_PF0_D1_S03_2,canonical,COph100,COph100/patient/061,,ok,True,False,1.0,5.143402802402687,0.00642925350300336,True,False,False,3.2471933393696957,False,0.26798742719509905
COph100/061/061_M_GA26_BW880_PA38_DG0_PF0_D1_S02_2__061_M_GA26_BW880_PA42_DG0_PF0_D1_S03_7|canonical,COph100/061/061_M_GA26_BW880_PA38_DG0_PF0_D1_S02_2__061_M_GA26_BW880_PA42_DG0_PF0_D1_S03_7,canonical,COph100,COph100/patient/061,,ok,True,True,0.0,138.8710600949557,0.17358882511869464,True,True,True,0.0,True,5.241969864662824
COph100/064-1/064_M_GA30_BW990_PA33_DG0_PF0_D1_S01_6__064_M_GA30_BW990_PA37_DG0_PF0_D1_S02_8|canonical,COph100/064-1/064_M_GA30_BW990_PA33_DG0_PF0_D1_S01_6__064_M_GA30_BW990_PA37_DG0_PF0_D1_S02_8,canonical,COph100,COph100/patient/064,,ok,True,True,0.0,67.82271620134588,0.08477839525168235,True,False,False,0.16823560650490024,False,1.755248132181755
COph100/064/064_M_GA30_BW990_PA33_DG0_PF0_D1_S01_4__064_M_GA30_BW990_PA40_DG0_PF0_D1_S03_6|canonical,COph100/064/064_M_GA30_BW990_PA33_DG0_PF0_D1_S01_4__064_M_GA30_BW990_PA40_DG0_PF0_D1_S03_6,canonical,COph100,COph100/patient/064,,ok,False,True,0.0,,,True,False,False,,False,
COph100/065-1/065_M_GA27_BW950_PA34_DG0_PF0_D1_S02_7__065_M_GA27_BW950_PA36_DG0_PF0_D1_S03_4|canonical,COph100/065-1/065_M_GA27_BW950_PA34_DG0_PF0_D1_S02_7__065_M_GA27_BW950_PA36_DG0_PF0_D1_S03_4,canonical,COph100,COph100/patient/065,,ok,True,True,0.0,311.4480354026945,0.38931004425336807,True,True,True,0.0,True,8.407050174606377
COph100/066-1/066_F_GA26_BW810_PA34_DG3_PF0_D1_S03_2__066_F_GA26_BW810_PA36_DG3_PF0_D1_S04_3|canonical,COph100/066-1/066_F_GA26_BW810_PA34_DG3_PF0_D1_S03_2__066_F_GA26_BW810_PA36_DG3_PF0_D1_S04_3,canonical,COph100,COph100/patient/066,,ok,True,True,0.0,118.98207614756095,0.1487275951844512,True,True,False,0.0,True,2.9282443189115535
COph100/066-1/066_F_GA26_BW810_PA36_DG3_PF0_D1_S04_3__066_F_GA26_BW810_PA42_DG3_PF0_D1_S06_1|canonical,COph100/066-1/066_F_GA26_BW810_PA36_DG3_PF0_D1_S04_3__066_F_GA26_BW810_PA42_DG3_PF0_D1_S06_1,canonical,COph100,COph100/patient/066,,ok,True,False,0.9253731343283582,3.508944030140671,0.004386180037675839,False,False,False,8.443784599101297,False,0.1136957806441198
COph100/066/066_F_GA26_BW810_PA31_DG1_PF0_D1_S01_5__066_F_GA26_BW810_PA36_DG3_PF0_D1_S04_7|canonical,COph100/066/066_F_GA26_BW810_PA31_DG1_PF0_D1_S01_5__066_F_GA26_BW810_PA36_DG3_PF0_D1_S04_7,canonical,COph100,COph100/patient/066,,ok,False,True,0.0,,,True,False,False,,False,
COph100/066/066_F_GA26_BW810_PA32_DG2_PF0_D1_S02_15__066_F_GA26_BW810_PA36_DG3_PF0_D1_S04_7|canonical,COph100/066/066_F_GA26_BW810_PA32_DG2_PF0_D1_S02_15__066_F_GA26_BW810_PA36_DG3_PF0_D1_S04_7,canonical,COph100,COph100/patient/066,,ok,False,True,0.0,,,True,False,False,,False,
COph100/066/066_F_GA26_BW810_PA34_DG3_PF0_D1_S03_4__066_F_GA26_BW810_PA40_DG3_PF0_D1_S05_9|canonical,COph100/066/066_F_GA26_BW810_PA34_DG3_PF0_D1_S03_4__066_F_GA26_BW810_PA40_DG3_PF0_D1_S05_9,canonical,COph100,COph100/patient/066,,ok,True,False,0.8676470588235294,3.271872325907475,0.004089840407384343,False,False,False,16.057977021067387,False,0.060460884249473185
COph100/066/066_F_GA26_BW810_PA40_DG3_PF0_D1_S05_9__066_F_GA26_BW810_PA42_DG3_PF0_D1_S06_12|canonical,COph100/066/066_F_GA26_BW810_PA40_DG3_PF0_D1_S05_9__066_F_GA26_BW810_PA42_DG3_PF0_D1_S06_12,canonical,COph100,COph100/patient/066,,ok,True,False,0.9512195121951219,1.9627142565854896,0.002453392820731862,False,False,False,38.50240875180245,False,0.025704473953928886
COph100/068/068_M_GA35_BW2210_PA38_DG0_PF0_D1_S01_1__068_M_GA35_BW2210_PA42_DG0_PF0_D1_S02_1|canonical,COph100/068/068_M_GA35_BW2210_PA38_DG0_PF0_D1_S01_1__068_M_GA35_BW2210_PA42_DG0_PF0_D1_S02_1,canonical,COph100,COph100/patient/068,,ok,True,True,0.0,189.9721598526284,0.2374651998157855,True,True,True,0.0,True,21.833055495187867
COph100/069-1/069_M_GA30_BW1100_PA34_DG1_PF0_D1_S02_6__069_M_GA30_BW1100_PA36_DG2_PF0_D1_S03_8|canonical,COph100/069-1/069_M_GA30_BW1100_PA34_DG1_PF0_D1_S02_6__069_M_GA30_BW1100_PA36_DG2_PF0_D1_S03_8,canonical,COph100,COph100/patient/069,,ok,True,False,0.934640522875817,3.4637541990280774,0.004329692748785097,False,False,False,7.374754959391447,False,0.1269916721072024
COph100/069/069_M_GA30_BW1100_PA32_DG1_PF0_D1_S01_1__069_M_GA30_BW1100_PA36_DG2_PF0_D1_S03_1|canonical,COph100/069/069_M_GA30_BW1100_PA32_DG1_PF0_D1_S01_1__069_M_GA30_BW1100_PA36_DG2_PF0_D1_S03_1,canonical,COph100,COph100/patient/069,,ok,True,False,0.8536585365853658,4.462902051856556,0.0055786275648206955,True,False,False,10.884182327720424,False,0.08852146407909833
COph100/069/069_M_GA30_BW1100_PA36_DG2_PF0_D1_S03_1__069_M_GA30_BW1100_PA43_DG9_PF0_D1_S04_1|canonical,COph100/069/069_M_GA30_BW1100_PA36_DG2_PF0_D1_S03_1__069_M_GA30_BW1100_PA43_DG9_PF0_D1_S04_1,canonical,COph100,COph100/patient/069,,ok,True,False,1.0,3.3839443898678425,0.004229930487334803,False,False,False,9.646065146575996,False,0.09941174197406386
COph100/070-1/070_M_GA32_BW1830_PA35_DG0_PF0_D1_S02_5__070_M_GA32_BW1830_PA37_DG0_PF0_D1_S03_8|canonical,COph100/070-1/070_M_GA32_BW1830_PA35_DG0_PF0_D1_S02_5__070_M_GA32_BW1830_PA37_DG0_PF0_D1_S03_8,canonical,COph100,COph100/patient/070,,ok,True,False,0.921875,1.6308560009691402,0.002038570001211425,False,False,False,21.367036826441996,False,0.045739684614030426
COph100/070/070_M_GA32_BW1830_PA33_DG0_PF0_D1_S01_1__070_M_GA32_BW1830_PA37_DG0_PF0_D1_S03_3|canonical,COph100/070/070_M_GA32_BW1830_PA33_DG0_PF0_D1_S01_1__070_M_GA32_BW1830_PA37_DG0_PF0_D1_S03_3,canonical,COph100,COph100/patient/070,,ok,True,False,0.8088235294117647,5.235332403324901,0.006544165504156127,True,False,False,6.816606330790331,False,0.13821585156917687
COph100/070/070_M_GA32_BW1830_PA37_DG0_PF0_D1_S03_3__070_M_GA32_BW1830_PA40_DG0_PF0_D1_S04_2|canonical,COph100/070/070_M_GA32_BW1830_PA37_DG0_PF0_D1_S03_3__070_M_GA32_BW1830_PA40_DG0_PF0_D1_S04_2,canonical,COph100,COph100/patient/070,,ok,True,False,0.9508196721311475,1.9187011443080777,0.002398376430385097,False,False,False,54.13015087379469,False,0.018321478411001534
COph100/071-1/071_F_GA32_BW1660_PA35_DG0_PF0_D1_S02_6__071_F_GA32_BW1660_PA37_DG0_PF0_D1_S03_7|canonical,COph100/071-1/071_F_GA32_BW1660_PA35_DG0_PF0_D1_S02_6__071_F_GA32_BW1660_PA37_DG0_PF0_D1_S03_7,canonical,COph100,COph100/patient/071,,ok,True,False,0.9708029197080292,4.096253587928847,0.005120316984911059,True,False,False,24.125515757076094,False,0.040608481083654085
COph100/071/071_F_GA32_BW1660_PA33_DG0_PF0_D1_S01_2__071_F_GA32_BW1660_PA37_DG0_PF0_D1_S03_3|canonical,COph100/071/071_F_GA32_BW1660_PA33_DG0_PF0_D1_S01_2__071_F_GA32_BW1660_PA37_DG0_PF0_D1_S03_3,canonical,COph100,COph100/patient/071,,ok,True,False,0.8227848101265823,7.17087521045561,0.008963594013069513,True,False,False,12.353554037207005,False,0.07877268504010658
COph100/071/071_F_GA32_BW1660_PA37_DG0_PF0_D1_S03_3__071_F_GA32_BW1660_PA40_DG0_PF0_D1_S04_2|canonical,COph100/071/071_F_GA32_BW1660_PA37_DG0_PF0_D1_S03_3__071_F_GA32_BW1660_PA40_DG0_PF0_D1_S04_2,canonical,COph100,COph100/patient/071,,ok,True,False,0.9526627218934911,2.481172183301911,0.003101465229127389,False,False,False,10.327569699186457,False,0.09282399373878229
COph100/076/076_M_GA33_BW1470_PA35_DG0_PF0_D1_S01_4__076_M_GA33_BW1470_PA37_DG0_PF0_D1_S02_2|canonical,COph100/076/076_M_GA33_BW1470_PA35_DG0_PF0_D1_S01_4__076_M_GA33_BW1470_PA37_DG0_PF0_D1_S02_2,canonical,COph100,COph100/patient/076,,ok,True,False,0.9261363636363636,3.477279376729532,0.004346599220911915,False,False,False,26.400748585296142,False,0.03717448839635599
FIRE/A01|official,FIRE/A01,reverse,FIRE,FIRE/image_component/cc0000,A,ok,True,False,0.9423728813559322,3.3205884007934214,0.0008063223130942383,False,False,False,170.65294193157254,False,0.005842730839436544
FIRE/A03|official,FIRE/A03,reverse,FIRE,FIRE/image_component/cc0001,A,ok,True,False,0.9294117647058824,4.985264715687794,0.0012105475571678797,False,False,False,63.453860375207135,False,0.015636282541061624
FIRE/A05|official,FIRE/A05,reverse,FIRE,FIRE/image_component/cc0001,A,ok,True,False,0.9391891891891891,6.689105700643843,0.00162428296737598,False,False,False,57.38961070440231,False,0.01728902402760611
FIRE/A07|official,FIRE/A07,reverse,FIRE,FIRE/image_component/cc0002,A,ok,True,False,0.8865030674846626,7.396832143969471,0.001796136733619314,False,False,False,63.275409661313255,False,0.015685052789561105
FIRE/A09|official,FIRE/A09,reverse,FIRE,FIRE/image_component/cc0002,A,ok,True,False,0.9588235294117647,6.484809861433357,0.0015746748034769652,False,False,False,60.72368181479987,False,0.016354934264166586
FIRE/A11|official,FIRE/A11,reverse,FIRE,FIRE/image_component/cc0003,A,ok,True,False,0.8972431077694235,2.9867461330131904,0.0007252570207198919,False,False,False,110.87766561926462,False,0.008983793649557401
FIRE/A13|official,FIRE/A13,reverse,FIRE,FIRE/image_component/cc0004,A,ok,True,False,0.9586776859504132,5.070556575532077,0.0012312585641994405,False,False,False,400.85082904003406,False,0.00249232160707053
FIRE/P01|official,FIRE/P01,reverse,FIRE,FIRE/image_component/cc0005,P,ok,True,False,0.967948717948718,8.3593530133885,0.002029860989731871,False,False,False,9.762075467111968,False,0.09874329530554074
FIRE/P03|official,FIRE/P03,reverse,FIRE,FIRE/image_component/cc0007,P,ok,True,False,0.9253246753246753,9.473694042135499,0.0023004509959068014,False,False,False,9.300545513649293,False,0.10291183196497888
FIRE/P05|official,FIRE/P05,reverse,FIRE,FIRE/image_component/cc0008,P,ok,True,False,0.8846153846153846,16.366753209641637,0.00397425899057153,False,False,False,3.0888225379160965,False,0.2892683365255927
FIRE/P07|official,FIRE/P07,reverse,FIRE,FIRE/image_component/cc0009,P,ok,True,False,0.9379562043795621,10.022958880911604,0.002433826302282461,False,False,False,11.683161494571586,False,0.08286719508328835
FIRE/P09|official,FIRE/P09,reverse,FIRE,FIRE/image_component/cc0010,P,ok,True,False,0.9448275862068966,18.075008846800497,0.0043890663892786645,False,False,False,3.786770379839169,False,0.23839244712731308
FIRE/P11|official,FIRE/P11,reverse,FIRE,FIRE/image_component/cc0011,P,ok,True,False,0.8333333333333334,12.025230071813471,0.0029200280663144577,False,False,False,4.484800331705149,False,0.20220955198313598
FIRE/P13|official,FIRE/P13,reverse,FIRE,FIRE/image_component/cc0011,P,ok,True,False,0.9401197604790419,13.15962872651075,0.0031954885681363472,False,False,False,4.102894344606828,False,0.2173524218636883
FIRE/P15|official,FIRE/P15,reverse,FIRE,FIRE/image_component/cc0011,P,ok,True,False,0.84,11.804679903845397,0.0028664729429071574,False,False,False,3.5765244732461428,False,0.25296913997028503
FIRE/P17|official,FIRE/P17,reverse,FIRE,FIRE/image_component/cc0013,P,ok,True,False,0.8695652173913043,15.490744625747528,0.00376154209151619,False,False,False,6.5126260360534864,False,0.14558142206812175
FIRE/P19|official,FIRE/P19,reverse,FIRE,FIRE/image_component/cc0014,P,ok,True,False,0.9577922077922078,8.276672347630607,0.0020097840462461485,False,False,False,11.418208298674415,False,0.08400330261107393
FIRE/P21|official,FIRE/P21,reverse,FIRE,FIRE/image_component/cc0016,P,ok,True,False,0.9851301115241635,10.6944709521911,0.00259688630889316,False,False,False,9.05123905740652,False,0.10555095055652632
FIRE/P23|official,FIRE/P23,reverse,FIRE,FIRE/image_component/cc0017,P,ok,True,False,0.9526627218934911,13.990792381503088,0.0033973159914608246,False,False,False,6.449753180003979,False,0.1443273413427925
FIRE/P25|official,FIRE/P25,reverse,FIRE,FIRE/image_component/cc0019,P,ok,True,False,0.9356435643564357,10.097297250851181,0.002451877526694078,False,False,False,6.858451483205543,False,0.13704353931755925
FIRE/P27|official,FIRE/P27,reverse,FIRE,FIRE/image_component/cc0020,P,ok,True,False,0.9608938547486033,14.07939612846215,0.0034188312079145643,False,False,False,4.835207974667041,False,0.19257566420903355
FIRE/P29|official,FIRE/P29,reverse,FIRE,FIRE/image_component/cc0022,P,ok,True,False,0.9602272727272727,11.168437099887182,0.002711977200750565,False,False,False,6.253513984642178,False,0.1510807469374244
FIRE/P31|official,FIRE/P31,reverse,FIRE,FIRE/image_component/cc0023,P,ok,True,False,0.9041916167664671,13.823688840593968,0.0033567390522653844,False,False,False,3.9219735417845523,False,0.2274923946478211
FIRE/P33|official,FIRE/P33,reverse,FIRE,FIRE/image_component/cc0025,P,ok,True,False,0.9444444444444444,9.144159808354251,0.002220431802452188,False,False,False,8.811258827752349,False,0.10778579579792255
FIRE/P35|official,FIRE/P35,reverse,FIRE,FIRE/image_component/cc0027,P,ok,True,False,0.9674418604651163,13.828498762579832,0.00335790702220123,False,False,False,6.356093567549633,False,0.14887864273137955
FIRE/P37|official,FIRE/P37,reverse,FIRE,FIRE/image_component/cc0003,P,ok,True,False,0.9444444444444444,24.242365950554102,0.005886655685316851,True,False,False,14.234368116765134,False,0.06832771339874259
FIRE/P39|official,FIRE/P39,reverse,FIRE,FIRE/image_component/cc0030,P,ok,True,False,0.959866220735786,8.583661034100524,0.0020843286142236315,False,False,False,11.498643753251208,False,0.08394947765473783
FIRE/P41|official,FIRE/P41,reverse,FIRE,FIRE/image_component/cc0031,P,ok,True,False,0.9811320754716981,11.711042015041262,0.002843735310300909,False,False,False,5.846738885348422,False,0.1605538932476617
FIRE/P43|official,FIRE/P43,reverse,FIRE,FIRE/image_component/cc0031,P,ok,True,False,0.9635036496350365,11.21408024912591,0.0027230605044392376,False,False,False,5.217861972926596,False,0.1776524717969174
FIRE/P45|official,FIRE/P45,reverse,FIRE,FIRE/image_component/cc0031,P,ok,True,False,0.9683257918552036,9.763941259998797,0.0023709303145783905,False,False,False,8.418812978186072,False,0.11332062459581786
FIRE/P47|official,FIRE/P47,reverse,FIRE,FIRE/image_component/cc0031,P,ok,True,False,0.927536231884058,11.036581602371005,0.0026799593723060545,False,False,False,8.478312692924796,False,0.11319905567675996
FIRE/P49|official,FIRE/P49,reverse,FIRE,FIRE/image_component/cc0013,P,ok,True,False,0.9384615384615385,12.33823518158241,0.0029960335730670868,False,False,False,5.008149604482191,False,0.18400212990337958
FIRE/S02|official,FIRE/S02,reverse,FIRE,FIRE/image_component/cc0032,S,ok,True,False,0.9361111111111111,2.0497476571542306,0.0004977302431644901,False,False,False,66.65107389382615,False,0.01489806530692098
FIRE/S04|official,FIRE/S04,reverse,FIRE,FIRE/image_component/cc0033,S,ok,True,False,0.8958904109589041,1.4845957999309458,0.00036049716945475236,False,False,False,71.10960406173416,False,0.01396701299798501
FIRE/S06|official,FIRE/S06,reverse,FIRE,FIRE/image_component/cc0033,S,ok,True,False,0.8120567375886525,1.293711856567937,0.0003141457509205448,False,False,False,126.93127900452772,False,0.007855159346278468
FIRE/S08|official,FIRE/S08,reverse,FIRE,FIRE/image_component/cc0034,S,ok,True,False,0.8909090909090909,0.6286311186973819,0.00015264743368674594,False,False,False,184.0579747682992,False,0.0054203987081771045
FIRE/S10|official,FIRE/S10,reverse,FIRE,FIRE/image_component/cc0034,S,ok,True,False,0.8947368421052632,1.7595754421212024,0.00042726913706497935,False,False,False,190.65262794545677,False,0.005233502340120934
FIRE/S12|official,FIRE/S12,reverse,FIRE,FIRE/image_component/cc0034,S,ok,True,False,0.8902147971360382,0.9559386531467003,0.000232125928584604,False,False,False,375.61614274498476,False,0.00265936047512108
FIRE/S14|official,FIRE/S14,reverse,FIRE,FIRE/image_component/cc0034,S,ok,True,False,0.889487870619946,1.623611926433167,0.0003942537785701396,False,False,False,105.58415086536102,False,0.009428931970545652
FIRE/S16|official,FIRE/S16,reverse,FIRE,FIRE/image_component/cc0034,S,ok,True,False,0.9010152284263959,1.005007123408658,0.00024404098629912346,False,False,False,439.0229785806047,False,0.0022752200934265127
FIRE/S18|official,FIRE/S18,reverse,FIRE,FIRE/image_component/cc0034,S,ok,True,False,0.8882175226586103,1.8045003257657135,0.00043817802781671367,False,False,False,252.82191146694436,False,0.0039489465177821766
FIRE/S20|official,FIRE/S20,reverse,FIRE,FIRE/image_component/cc0034,S,ok,True,False,0.8629737609329446,1.8325729971769769,0.0004449947779269218,False,False,False,331.5883349605501,False,0.003011426322740389
FIRE/S22|official,FIRE/S22,reverse,FIRE,FIRE/image_component/cc0034,S,ok,True,False,0.8897058823529411,1.4914094903275015,0.0003621517047172215,False,False,False,283.94201877792483,False,0.003516404068645441
FIRE/S24|official,FIRE/S24,reverse,FIRE,FIRE/image_component/cc0034,S,ok,True,False,0.9176136363636364,2.2277689779201064,0.0005409582936828062,False,False,False,170.72132614146517,False,0.005843053127960092
FIRE/S26|official,FIRE/S26,reverse,FIRE,FIRE/image_component/cc0034,S,ok,True,False,0.9492957746478873,1.5993733226660638,0.00038836803643751164,False,False,False,626.8540372857777,False,0.0015939963735091352
FIRE/S28|official,FIRE/S28,reverse,FIRE,FIRE/image_component/cc0034,S,ok,True,False,0.8768328445747801,2.2084540581499845,0.0005362681457612652,False,False,False,140.1363169647883,False,0.007117659041303641
FIRE/S30|official,FIRE/S30,reverse,FIRE,FIRE/image_component/cc0034,S,ok,True,False,0.9045226130653267,1.6277201114471267,0.00039525134913392387,False,False,False,201.8210854976717,False,0.004942684833034555
FIRE/S32|official,FIRE/S32,reverse,FIRE,FIRE/image_component/cc0034,S,ok,True,False,0.9052924791086351,1.6290302761607311,0.000395569490052008,False,False,False,153.34450904849203,False,0.006500121206426341
FIRE/S34|official,FIRE/S34,reverse,FIRE,FIRE/image_component/cc0034,S,ok,True,False,0.8658536585365854,1.6342951352642126,0.00039684793015299134,False,False,False,111.99569840899044,False,0.008898132197497638
FIRE/S36|official,FIRE/S36,reverse,FIRE,FIRE/image_component/cc0034,S,ok,True,False,0.8739495798319328,1.1627191626085156,0.00028233743286264614,False,False,False,169.54113460041592,False,0.00588319134246076
FIRE/S38|official,FIRE/S38,reverse,FIRE,FIRE/image_component/cc0034,S,ok,True,False,0.9494047619047619,1.5299279138681037,0.00037150494595560593,False,False,False,197.36140287122555,False,0.005057750011591557
FIRE/S40|official,FIRE/S40,reverse,FIRE,FIRE/image_component/cc0034,S,ok,True,False,0.884318766066838,0.867670699333176,0.00021069225114538558,False,False,False,526.1832799926416,False,0.0018986859239117006
FIRE/S42|official,FIRE/S42,reverse,FIRE,FIRE/image_component/cc0034,S,ok,True,False,0.8351063829787234,1.5611692115193414,0.00037909111814731525,False,False,False,126.09489977668457,False,0.007901475218184028
FIRE/S44|official,FIRE/S44,reverse,FIRE,FIRE/image_component/cc0035,S,ok,True,False,0.9,1.5407000381088702,0.00037412068843446235,False,False,False,91.05992156085388,False,0.01093566866885957
FIRE/S46|official,FIRE/S46,reverse,FIRE,FIRE/image_component/cc0005,S,ok,True,False,0.8793969849246231,2.3291831114668713,0.0005655841939366096,False,False,False,45.38038053328805,False,0.02182152126335467
FIRE/S48|official,FIRE/S48,reverse,FIRE,FIRE/image_component/cc0036,S,ok,True,False,0.904891304347826,1.4710114801367455,0.0003571985552225114,False,False,False,92.50415078098888,False,0.01075233368671603
FIRE/S50|official,FIRE/S50,reverse,FIRE,FIRE/image_component/cc0036,S,ok,True,False,0.9202127659574468,1.7027308731717343,0.00041346584716875844,False,False,False,165.2256811030087,False,0.0060341761999504065
FIRE/S52|official,FIRE/S52,reverse,FIRE,FIRE/image_component/cc0036,S,ok,True,False,0.8829787234042553,1.025960683032298,0.0002491290371575962,False,False,False,528.1702929272013,False,0.001891688139705207
FIRE/S54|official,FIRE/S54,reverse,FIRE,FIRE/image_component/cc0006,S,ok,True,False,0.8715596330275229,2.6390803441278714,0.0006408350300236763,False,False,False,697.8771324262204,False,0.0014320711195820062
FIRE/S56|official,FIRE/S56,reverse,FIRE,FIRE/image_component/cc0010,S,ok,True,False,0.900990099009901,2.108160763110781,0.0005119144132647803,False,False,False,84.46548757267976,False,0.011771169503051012
FIRE/S58|official,FIRE/S58,reverse,FIRE,FIRE/image_component/cc0038,S,ok,True,False,0.8888888888888888,1.8966426219324082,0.00046055249294499974,False,False,False,86.04090528994459,False,0.011568618816545605
FIRE/S60|official,FIRE/S60,reverse,FIRE,FIRE/image_component/cc0038,S,ok,True,False,0.9230769230769231,2.349274353695272,0.0005704628524607042,False,False,False,59.68647141787268,False,0.016648123647446774
FIRE/S62|official,FIRE/S62,reverse,FIRE,FIRE/image_component/cc0040,S,ok,True,False,0.8858560794044665,1.971375988720002,0.00047869963251794245,False,False,False,68.63119613459834,False,0.014466965463413101
FIRE/S64|official,FIRE/S64,reverse,FIRE,FIRE/image_component/cc0040,S,ok,True,False,0.887468030690537,2.305694554801313,0.0005598805820895969,False,False,False,48.55154917947073,False,0.020394191397754457
FIRE/S66|official,FIRE/S66,reverse,FIRE,FIRE/image_component/cc0041,S,ok,True,False,0.8832951945080092,0.8015297851320117,0.00019463157499651163,False,False,False,129.00010586722493,False,0.007723141617149372
FIRE/S68|official,FIRE/S68,reverse,FIRE,FIRE/image_component/cc0041,S,ok,True,False,0.8752941176470588,1.042463477988344,0.0002531363305030465,False,False,False,284.4865601230682,False,0.003510193266417218
FIRE/S70|official,FIRE/S70,reverse,FIRE,FIRE/image_component/cc0009,S,ok,True,False,0.9134948096885813,2.8336003418643463,0.0006880693739370875,False,False,False,42.01227679471241,False,0.023587715677933756
COph100/001/001_F_GA41_BW2905_PA44_DG11_PF0_D1_S01_11__001_F_GA41_BW2905_PA50_DG11_PF0_D1_S03_8|canonical,COph100/001/001_F_GA41_BW2905_PA44_DG11_PF0_D1_S01_11__001_F_GA41_BW2905_PA50_DG11_PF0_D1_S03_8,canonical,COph100,COph100/patient/001,,ok,True,False,0.6575875486381323,2.538237734439382,0.003172797168049227,False,False,False,18.002024415181207,False,0.05407250305632965
COph100/002-1/002_M_GA40_BW4040_PA43_DG11_PF0_D1_S02_12__002_M_GA40_BW4040_PA45_DG11_PF0_D1_S03_6|canonical,COph100/002-1/002_M_GA40_BW4040_PA43_DG11_PF0_D1_S02_12__002_M_GA40_BW4040_PA45_DG11_PF0_D1_S03_6,canonical,COph100,COph100/patient/002,,ok,True,True,0.0,391.20377731988293,0.48900472164985365,True,True,True,0.0,True,6.4895627302999275
COph100/003-1/003_F_GA41_BW3950_PA42_DG11_PF0_D1_S01_1__003_F_GA41_BW3950_PA56_DG11_PF0_D1_S02_4|canonical,COph100/003-1/003_F_GA41_BW3950_PA42_DG11_PF0_D1_S01_1__003_F_GA41_BW3950_PA56_DG11_PF0_D1_S02_4,canonical,COph100,COph100/patient/003,,ok,True,False,0.8,19.94525696780831,0.024931571209760386,True,False,False,0.49676367113671327,False,1.0748527883447092
COph100/005-1/005_F_GA41_BW3400_PA45_DG11_PF0_D1_S01_1__005_F_GA41_BW3400_PA52_DG11_PF0_D1_S03_5|canonical,COph100/005-1/005_F_GA41_BW3400_PA45_DG11_PF0_D1_S01_1__005_F_GA41_BW3400_PA52_DG11_PF0_D1_S03_5,canonical,COph100,COph100/patient/005,,ok,True,False,0.8113207547169812,6.50646577492857,0.008133082218660713,True,False,False,0.348844127172399,False,1.3100075275143652
COph100/005/005_F_GA41_BW3400_PA48_DG11_PF0_D1_S02_9__005_F_GA41_BW3400_PA52_DG11_PF0_D1_S03_2|canonical,COph100/005/005_F_GA41_BW3400_PA48_DG11_PF0_D1_S02_9__005_F_GA41_BW3400_PA52_DG11_PF0_D1_S03_2,canonical,COph100,COph100/patient/005,,ok,True,False,0.9954337899543378,3.561199468732621,0.004451499335915776,False,False,False,44.6649369494216,False,0.02218516477079332
COph100/008-1/008_F_GA39_BW2700_PA40_DG11_PF0_D1_S01_10__008_F_GA39_BW2700_PA41_DG11_PF0_D1_S02_17|canonical,COph100/008-1/008_F_GA39_BW2700_PA40_DG11_PF0_D1_S01_10__008_F_GA39_BW2700_PA41_DG11_PF0_D1_S02_17,canonical,COph100,COph100/patient/008,,ok,True,False,0.9864864864864865,2.4375903752755863,0.0030469879690944827,False,False,False,22.682520787791535,False,0.04336076608895009
COph100/008-1/008_F_GA39_BW2700_PA41_DG11_PF0_D1_S02_17__008_F_GA39_BW2700_PA47_DG11_PF0_D1_S04_2|canonical,COph100/008-1/008_F_GA39_BW2700_PA41_DG11_PF0_D1_S02_17__008_F_GA39_BW2700_PA47_DG11_PF0_D1_S04_2,canonical,COph100,COph100/patient/008,,ok,True,True,0.0,261.2417205530329,0.3265521506912911,True,True,True,0.0,True,5.304876049617279
COph100/008/008_F_GA39_BW2700_PA40_DG11_PF0_D1_S01_6__008_F_GA39_BW2700_PA47_DG11_PF0_D1_S04_8|canonical,COph100/008/008_F_GA39_BW2700_PA40_DG11_PF0_D1_S01_6__008_F_GA39_BW2700_PA47_DG11_PF0_D1_S04_8,canonical,COph100,COph100/patient/008,,ok,True,False,0.75,7.248957878731323,0.009061197348414153,True,False,False,2.083737220352865,False,0.3870367292712114
COph100/009-1/009_M_GA38_BW2850_PA39_DG11_PF0_D1_S01_4__009_M_GA38_BW2850_PA42_DG11_PF0_D1_S02_1|canonical,COph100/009-1/009_M_GA38_BW2850_PA39_DG11_PF0_D1_S01_4__009_M_GA38_BW2850_PA42_DG11_PF0_D1_S02_1,canonical,COph100,COph100/patient/009,,ok,False,True,0.0,,,True,False,False,,False,
COph100/010/010_M_GA39_BW3550_PA39_DG11_PF0_D1_S01_2__010_M_GA39_BW3550_PA53_DG11_PF0_D1_S04_7|canonical,COph100/010/010_M_GA39_BW3550_PA39_DG11_PF0_D1_S01_2__010_M_GA39_BW3550_PA53_DG11_PF0_D1_S04_7,canonical,COph100,COph100/patient/010,,ok,True,False,0.5714285714285714,174.29375642515262,0.21786719553144077,True,False,False,0.12650940312327116,False,2.312208866422637
COph100/010/010_M_GA39_BW3550_PA45_DG11_PF0_D1_S02_6__010_M_GA39_BW3550_PA60_DG11_PF0_D1_S05_3|canonical,COph100/010/010_M_GA39_BW3550_PA45_DG11_PF0_D1_S02_6__010_M_GA39_BW3550_PA60_DG11_PF0_D1_S05_3,canonical,COph100,COph100/patient/010,,ok,True,False,0.9615384615384616,4.314393487042554,0.005392991858803192,True,False,False,3.4095058359682167,False,0.255801189650887
COph100/011-1/011_M_GA40_BW3510_PA72_DG10_PF0_D1_S01_9__011_M_GA40_BW3510_PA113_DG10_PF0_D1_S03_12|canonical,COph100/011-1/011_M_GA40_BW3510_PA72_DG10_PF0_D1_S01_9__011_M_GA40_BW3510_PA113_DG10_PF0_D1_S03_12,canonical,COph100,COph100/patient/011,,ok,True,False,1.0,3.445047884930586,0.004306309856163233,False,False,False,3.3306489902123046,False,0.2664205822829463
COph100/011/011_M_GA40_BW3510_PA72_DG10_PF0_D1_S01_1__011_M_GA40_BW3510_PA89_DG10_PF0_D1_S02_14|canonical,COph100/011/011_M_GA40_BW3510_PA72_DG10_PF0_D1_S01_1__011_M_GA40_BW3510_PA89_DG10_PF0_D1_S02_14,canonical,COph100,COph100/patient/011,,ok,True,True,0.0,64.20937041659542,0.08026171302074428,True,True,False,0.0,True,2.41656898084504
COph100/013-1/013_F_GA39_BW3390_PA40_DG11_PF0_D1_S01_9__013_F_GA39_BW3390_PA42_DG11_PF0_D1_S02_6|canonical,COph100/013-1/013_F_GA39_BW3390_PA40_DG11_PF0_D1_S01_9__013_F_GA39_BW3390_PA42_DG11_PF0_D1_S02_6,canonical,COph100,COph100/patient/013,,ok,False,True,0.0,,,True,False,False,,False,
COph100/013/013_F_GA39_BW3390_PA40_DG11_PF0_D1_S01_4__013_F_GA39_BW3390_PA45_DG11_PF0_D1_S03_11|canonical,COph100/013/013_F_GA39_BW3390_PA40_DG11_PF0_D1_S01_4__013_F_GA39_BW3390_PA45_DG11_PF0_D1_S03_11,canonical,COph100,COph100/patient/013,,ok,True,False,0.96,4.4583558979836875,0.005572944872479609,True,False,False,3.806365309139072,False,0.23628971208949573
COph100/016/016_F_GA36_BW2960_PA36_DG11_PF0_D1_S01_4__016_F_GA36_BW2960_PA41_DG11_PF0_D1_S02_3|canonical,COph100/016/016_F_GA36_BW2960_PA36_DG11_PF0_D1_S01_4__016_F_GA36_BW2960_PA41_DG11_PF0_D1_S02_3,canonical,COph100,COph100/patient/016,,ok,True,True,0.0,272.777477523362,0.3409718469042025,True,True,True,0.0,True,5.494828146310913
COph100/019/019_M_GA35_BW3050_PA38_DG11_PF0_D1_S01_2__019_M_GA35_BW3050_PA53_DG11_PF0_D1_S04_2|canonical,COph100/019/019_M_GA35_BW3050_PA38_DG11_PF0_D1_S01_2__019_M_GA35_BW3050_PA53_DG11_PF0_D1_S04_2,canonical,COph100,COph100/patient/019,,ok,False,True,0.0,,,True,False,False,,False,
COph100/020/020_F_GA39_BW3600_PA42_DG11_PF0_D1_S01_3__020_F_GA39_BW3600_PA54_DG11_PF0_D1_S03_1|canonical,COph100/020/020_F_GA39_BW3600_PA42_DG11_PF0_D1_S01_3__020_F_GA39_BW3600_PA54_DG11_PF0_D1_S03_1,canonical,COph100,COph100/patient/020,,ok,True,False,0.8767123287671232,4.952223704746665,0.006190279630933331,True,False,False,10.29009913141905,False,0.09309056640685456
COph100/021-1/021_M_GA41_BW3670_PA43_DG11_PF0_D1_S02_1__021_M_GA41_BW3670_PA47_DG11_PF0_D1_S03_7|canonical,COph100/021-1/021_M_GA41_BW3670_PA43_DG11_PF0_D1_S02_1__021_M_GA41_BW3670_PA47_DG11_PF0_D1_S03_7,canonical,COph100,COph100/patient/021,,ok,True,False,0.9876543209876543,2.7201185735984263,0.003400148216998033,False,False,False,11.582724442084467,False,0.08322641000161418
COph100/022-1/022_M_GA40_BW3400_PA41_DG11_PF0_D1_S01_9__022_M_GA40_BW3400_PA44_DG11_PF0_D1_S02_3|canonical,COph100/022-1/022_M_GA40_BW3400_PA41_DG11_PF0_D1_S01_9__022_M_GA40_BW3400_PA44_DG11_PF0_D1_S02_3,canonical,COph100,COph100/patient/022,,ok,True,False,0.9181818181818182,2.774548201192256,0.00346818525149032,False,False,False,17.165945419660883,False,0.05664035343537406
COph100/024/024_F_GA39_BW3290_PA39_DG11_PF0_D1_S01_3__024_F_GA39_BW3290_PA44_DG11_PF0_D1_S02_3|canonical,COph100/024/024_F_GA39_BW3290_PA39_DG11_PF0_D1_S01_3__024_F_GA39_BW3290_PA44_DG11_PF0_D1_S02_3,canonical,COph100,COph100/patient/024,,ok,False,True,0.0,,,True,False,False,,False,
COph100/026-1/026_M_GA33_BW1700_PA34_DG11_PF0_D1_S01_10__026_M_GA33_BW1700_PA38_DG11_PF0_D1_S03_15|canonical,COph100/026-1/026_M_GA33_BW1700_PA34_DG11_PF0_D1_S01_10__026_M_GA33_BW1700_PA38_DG11_PF0_D1_S03_15,canonical,COph100,COph100/patient/026,,ok,True,False,1.0,7.879782990313407,0.009849728737891758,True,False,False,39.266310686484694,False,0.025186846687560323
COph100/026-1/026_M_GA33_BW1700_PA36_DG11_PF0_D1_S02_6__026_M_GA33_BW1700_PA40_DG11_PF0_D1_S04_1|canonical,COph100/026-1/026_M_GA33_BW1700_PA36_DG11_PF0_D1_S02_6__026_M_GA33_BW1700_PA40_DG11_PF0_D1_S04_1,canonical,COph100,COph100/patient/026,,ok,True,False,1.0,92.42235739639312,0.11552794674549141,True,True,False,0.0,False,2.936150314054665
COph100/026-1/026_M_GA33_BW1700_PA40_DG11_PF0_D1_S04_1__026_M_GA33_BW1700_PA42_DG11_PF0_D1_S05_6|canonical,COph100/026-1/026_M_GA33_BW1700_PA40_DG11_PF0_D1_S04_1__026_M_GA33_BW1700_PA42_DG11_PF0_D1_S05_6,canonical,COph100,COph100/patient/026,,ok,True,False,1.0,3.1720123632489803,0.003965015454061225,False,False,False,5.007400137515471,False,0.18275683285856353
COph100/026/026_M_GA33_BW1700_PA34_DG11_PF0_D1_S01_2__026_M_GA33_BW1700_PA42_DG11_PF0_D1_S05_8|canonical,COph100/026/026_M_GA33_BW1700_PA34_DG11_PF0_D1_S01_2__026_M_GA33_BW1700_PA42_DG11_PF0_D1_S05_8,canonical,COph100,COph100/patient/026,,ok,False,True,0.0,,,True,False,False,,False,
COph100/026/026_M_GA33_BW1700_PA38_DG11_PF0_D1_S03_2__026_M_GA33_BW1700_PA40_DG11_PF0_D1_S04_11|canonical,COph100/026/026_M_GA33_BW1700_PA38_DG11_PF0_D1_S03_2__026_M_GA33_BW1700_PA40_DG11_PF0_D1_S04_11,canonical,COph100,COph100/patient/026,,ok,False,True,0.0,,,True,False,False,,False,
COph100/027/027_F_GA31_BW1460_PA33_DG11_PF0_D1_S01_4__027_F_GA31_BW1460_PA37_DG11_PF0_D1_S03_5|canonical,COph100/027/027_F_GA31_BW1460_PA33_DG11_PF0_D1_S01_4__027_F_GA31_BW1460_PA37_DG11_PF0_D1_S03_5,canonical,COph100,COph100/patient/027,,ok,True,False,0.8723404255319149,5.062557341783711,0.006328196677229638,True,False,False,6.418791619059591,False,0.14468270730466853
COph100/027/027_F_GA31_BW1460_PA37_DG11_PF0_D1_S03_5__027_F_GA31_BW1460_PA40_DG11_PF0_D1_S04_7|canonical,COph100/027/027_F_GA31_BW1460_PA37_DG11_PF0_D1_S03_5__027_F_GA31_BW1460_PA40_DG11_PF0_D1_S04_7,canonical,COph100,COph100/patient/027,,ok,True,True,0.0,236.3979722162447,0.2954974652703059,True,True,True,0.0,True,8.926903680295068
COph100/028/028_F_GA32_BW1760_PA33_DG0_PF0_D1_S01_2__028_F_GA32_BW1760_PA38_DG0_PF0_D1_S02_3|canonical,COph100/028/028_F_GA32_BW1760_PA33_DG0_PF0_D1_S01_2__028_F_GA32_BW1760_PA38_DG0_PF0_D1_S02_3,canonical,COph100,COph100/patient/028,,ok,True,False,0.9083333333333333,6.3953528932909744,0.007994191116613718,True,False,False,8.153944830571357,False,0.11677177079404864
COph100/031-1/031_M_GA25_BW910_PA32_DG2_PF0_D1_S01_6__031_M_GA25_BW910_PA34_DG3_PF0_D1_S03_4|canonical,COph100/031-1/031_M_GA25_BW910_PA32_DG2_PF0_D1_S01_6__031_M_GA25_BW910_PA34_DG3_PF0_D1_S03_4,canonical,COph100,COph100/patient/031,,ok,False,True,0.0,,,True,False,False,,False,
COph100/031-1/031_M_GA25_BW910_PA32_DG2_PF0_D1_S01_6__031_M_GA25_BW910_PA38_DG3_PF0_D1_S07_3|canonical,COph100/031-1/031_M_GA25_BW910_PA32_DG2_PF0_D1_S01_6__031_M_GA25_BW910_PA38_DG3_PF0_D1_S07_3,canonical,COph100,COph100/patient/031,,ok,False,True,0.0,,,True,False,False,,False,
COph100/031-1/031_M_GA25_BW910_PA33_DG3_PF0_D1_S02_8__031_M_GA25_BW910_PA35_DG3_PF0_D1_S04_7|canonical,COph100/031-1/031_M_GA25_BW910_PA33_DG3_PF0_D1_S02_8__031_M_GA25_BW910_PA35_DG3_PF0_D1_S04_7,canonical,COph100,COph100/patient/031,,ok,True,True,0.0,226.0970247889364,0.2826212809861705,True,True,True,0.0,True,8.482499544340806
COph100/031-1/031_M_GA25_BW910_PA33_DG3_PF0_D1_S02_8__031_M_GA25_BW910_PA40_DG2_PF0_D1_S08_4|canonical,COph100/031-1/031_M_GA25_BW910_PA33_DG3_PF0_D1_S02_8__031_M_GA25_BW910_PA40_DG2_PF0_D1_S08_4,canonical,COph100,COph100/patient/031,,ok,True,True,0.0,250.92811334770013,0.3136601416846252,True,True,True,0.0,True,5.06763937160485
COph100/031-1/031_M_GA25_BW910_PA34_DG3_PF0_D1_S03_4__031_M_GA25_BW910_PA37_DG3_PF0_D1_S06_10|canonical,COph100/031-1/031_M_GA25_BW910_PA34_DG3_PF0_D1_S03_4__031_M_GA25_BW910_PA37_DG3_PF0_D1_S06_10,canonical,COph100,COph100/patient/031,,ok,True,False,0.9107142857142857,1.876676784559913,0.002345845980699891,False,False,False,38.09295511132628,False,0.025911915091957706
COph100/031-1/031_M_GA25_BW910_PA35_DG3_PF0_D1_S04_7__031_M_GA25_BW910_PA36_DG3_PF0_D1_S05_10|canonical,COph100/031-1/031_M_GA25_BW910_PA35_DG3_PF0_D1_S04_7__031_M_GA25_BW910_PA36_DG3_PF0_D1_S05_10,canonical,COph100,COph100/patient/031,,ok,True,False,0.6,4.45855712412948,0.00557319640516185,True,False,False,7.9714161830763866,False,0.12020779750116399
COph100/031-1/031_M_GA25_BW910_PA35_DG3_PF0_D1_S04_7__031_M_GA25_BW910_PA43_DG9_PF0_D1_S09_4|canonical,COph100/031-1/031_M_GA25_BW910_PA35_DG3_PF0_D1_S04_7__031_M_GA25_BW910_PA43_DG9_PF0_D1_S09_4,canonical,COph100,COph100/patient/031,,ok,True,False,0.9642857142857143,7.107351676480806,0.008884189595601007,True,False,False,1.860475478827877,False,0.43785122996634124
COph100/031-1/031_M_GA25_BW910_PA36_DG3_PF0_D1_S05_10__031_M_GA25_BW910_PA43_DG9_PF0_D1_S09_4|canonical,COph100/031-1/031_M_GA25_BW910_PA36_DG3_PF0_D1_S05_10__031_M_GA25_BW910_PA43_DG9_PF0_D1_S09_4,canonical,COph100,COph100/patient/031,,ok,True,False,0.828125,4.7621418690575945,0.005952677336321993,True,False,False,2.975375085657858,False,0.2881645261162251
COph100/031-1/031_M_GA25_BW910_PA38_DG3_PF0_D1_S07_3__031_M_GA25_BW910_PA40_DG2_PF0_D1_S08_4|canonical,COph100/031-1/031_M_GA25_BW910_PA38_DG3_PF0_D1_S07_3__031_M_GA25_BW910_PA40_DG2_PF0_D1_S08_4,canonical,COph100,COph100/patient/031,,ok,True,False,0.7204301075268817,1.2811310222102519,0.0016014137777628148,False,False,False,91.15245514897151,False,0.01091175238961356
COph100/031/031_M_GA25_BW910_PA32_DG2_PF0_D1_S01_1__031_M_GA25_BW910_PA34_DG3_PF0_D1_S03_11|canonical,COph100/031/031_M_GA25_BW910_PA32_DG2_PF0_D1_S01_1__031_M_GA25_BW910_PA34_DG3_PF0_D1_S03_11,canonical,COph100,COph100/patient/031,,ok,True,False,0.9473684210526315,7.699268173429675,0.009624085216787094,True,False,False,3.5461367292435466,False,0.2493184210482732
COph100/031/031_M_GA25_BW910_PA32_DG2_PF0_D1_S01_1__031_M_GA25_BW910_PA38_DG3_PF0_D1_S07_5|canonical,COph100/031/031_M_GA25_BW910_PA32_DG2_PF0_D1_S01_1__031_M_GA25_BW910_PA38_DG3_PF0_D1_S07_5,canonical,COph100,COph100/patient/031,,ok,True,False,0.9423076923076923,4.247338664544524,0.005309173330680655,True,False,False,17.401895730952,False,0.056332323582320626
COph100/031/031_M_GA25_BW910_PA33_DG3_PF0_D1_S02_1__031_M_GA25_BW910_PA35_DG3_PF0_D1_S04_1|canonical,COph100/031/031_M_GA25_BW910_PA33_DG3_PF0_D1_S02_1__031_M_GA25_BW910_PA35_DG3_PF0_D1_S04_1,canonical,COph100,COph100/patient/031,,ok,True,True,0.0,225.99012853673375,0.2824876606709172,True,True,True,0.0,True,9.030198635834463
COph100/031/031_M_GA25_BW910_PA33_DG3_PF0_D1_S02_1__031_M_GA25_BW910_PA40_DG2_PF0_D1_S08_6|canonical,COph100/031/031_M_GA25_BW910_PA33_DG3_PF0_D1_S02_1__031_M_GA25_BW910_PA40_DG2_PF0_D1_S08_6,canonical,COph100,COph100/patient/031,,ok,True,False,0.9090909090909091,8.152576865937531,0.010190721082421915,True,False,False,3.004206353133211,False,0.2908586228951902
COph100/031/031_M_GA25_BW910_PA34_DG3_PF0_D1_S03_11__031_M_GA25_BW910_PA37_DG3_PF0_D1_S06_3|canonical,COph100/031/031_M_GA25_BW910_PA34_DG3_PF0_D1_S03_11__031_M_GA25_BW910_PA37_DG3_PF0_D1_S06_3,canonical,COph100,COph100/patient/031,,ok,True,False,0.9294117647058824,2.6914413957442576,0.003364301744680322,False,False,False,14.55964068093131,False,0.06652030091290563
COph100/031/031_M_GA25_BW910_PA35_DG3_PF0_D1_S04_1__031_M_GA25_BW910_PA36_DG3_PF0_D1_S05_6|canonical,COph100/031/031_M_GA25_BW910_PA35_DG3_PF0_D1_S04_1__031_M_GA25_BW910_PA36_DG3_PF0_D1_S05_6,canonical,COph100,COph100/patient/031,,ok,True,False,0.9956521739130435,2.0153327922189845,0.0025191659902737305,False,False,False,8.130286650231758,False,0.11665350916977395
COph100/031/031_M_GA25_BW910_PA35_DG3_PF0_D1_S04_1__031_M_GA25_BW910_PA43_DG9_PF0_D1_S09_8|canonical,COph100/031/031_M_GA25_BW910_PA35_DG3_PF0_D1_S04_1__031_M_GA25_BW910_PA43_DG9_PF0_D1_S09_8,canonical,COph100,COph100/patient/031,,ok,True,False,0.9375,7.569086090527716,0.009461357613159645,True,False,False,8.796913135069003,False,0.10808042649521837
COph100/031/031_M_GA25_BW910_PA36_DG3_PF0_D1_S05_6__031_M_GA25_BW910_PA43_DG9_PF0_D1_S09_8|canonical,COph100/031/031_M_GA25_BW910_PA36_DG3_PF0_D1_S05_6__031_M_GA25_BW910_PA43_DG9_PF0_D1_S09_8,canonical,COph100,COph100/patient/031,,ok,True,False,0.9615384615384616,5.2587761512627536,0.006573470189078442,True,False,False,46.20956971642714,False,0.02141020458837021
COph100/031/031_M_GA25_BW910_PA38_DG3_PF0_D1_S07_5__031_M_GA25_BW910_PA40_DG2_PF0_D1_S08_6|canonical,COph100/031/031_M_GA25_BW910_PA38_DG3_PF0_D1_S07_5__031_M_GA25_BW910_PA40_DG2_PF0_D1_S08_6,canonical,COph100,COph100/patient/031,,ok,True,False,0.8895027624309392,3.256847674866088,0.00407105959358261,False,False,False,7.349534007663795,False,0.12749072056112398
COph100/033/033_M_GA30_BW1250_PA31_DG0_PF0_D1_S01_2__033_M_GA30_BW1250_PA36_DG0_PF0_D1_S03_7|canonical,COph100/033/033_M_GA30_BW1250_PA31_DG0_PF0_D1_S01_2__033_M_GA30_BW1250_PA36_DG0_PF0_D1_S03_7,canonical,COph100,COph100/patient/033,,ok,True,False,0.7317073170731707,9.247237578209932,0.011559046972762414,True,False,False,4.159787678219619,False,0.21475618573769759
COph100/040/040_M_GA32_BW1770_PA36_DG12_PF0_D1_S01_5__040_M_GA32_BW1770_PA38_DG12_PF0_D1_S02_2|canonical,COph100/040/040_M_GA32_BW1770_PA36_DG12_PF0_D1_S01_5__040_M_GA32_BW1770_PA38_DG12_PF0_D1_S02_2,canonical,COph100,COph100/patient/040,,ok,True,False,0.9537037037037037,3.804750394585779,0.004755937993232224,False,False,False,17.0296403727251,False,0.057296647497271896
COph100/040/040_M_GA32_BW1770_PA38_DG12_PF0_D1_S02_2__040_M_GA32_BW1770_PA55_DG12_PF0_D1_S04_2|canonical,COph100/040/040_M_GA32_BW1770_PA38_DG12_PF0_D1_S02_2__040_M_GA32_BW1770_PA55_DG12_PF0_D1_S04_2,canonical,COph100,COph100/patient/040,,ok,False,True,0.0,,,True,False,False,,False,
COph100/041/041_M_GA32_BW1770_PA36_DG0_PF0_D1_S01_2__041_M_GA32_BW1770_PA55_DG0_PF0_D1_S04_4|canonical,COph100/041/041_M_GA32_BW1770_PA36_DG0_PF0_D1_S01_2__041_M_GA32_BW1770_PA55_DG0_PF0_D1_S04_4,canonical,COph100,COph100/patient/041,,ok,True,False,0.7560975609756098,15.39107401202817,0.01923884251503521,True,False,False,4.2978281223377595,False,0.20843658289390188
COph100/044-1/044_F_GA31_BW1370_PA34_DG0_PF0_D1_S01_5__044_F_GA31_BW1370_PA35_DG0_PF0_D1_S02_6|canonical,COph100/044-1/044_F_GA31_BW1370_PA34_DG0_PF0_D1_S01_5__044_F_GA31_BW1370_PA35_DG0_PF0_D1_S02_6,canonical,COph100,COph100/patient/044,,ok,True,False,0.6618705035971223,4.207452184414429,0.005259315230518036,True,False,False,26.450211302688597,False,0.03716069403724638
COph100/044/044_F_GA31_BW1370_PA34_DG0_PF0_D1_S01_1__044_F_GA31_BW1370_PA42_DG0_PF0_D1_S03_3|canonical,COph100/044/044_F_GA31_BW1370_PA34_DG0_PF0_D1_S01_1__044_F_GA31_BW1370_PA42_DG0_PF0_D1_S03_3,canonical,COph100,COph100/patient/044,,ok,True,True,0.0,266.9996982142426,0.33374962276780323,True,True,True,0.0,True,3.5024833244413682
COph100/047-1/047_F_GA32_BW1730_PA33_DG0_PF0_D1_S01_6__047_F_GA32_BW1730_PA38_DG0_PF0_D1_S02_4|canonical,COph100/047-1/047_F_GA32_BW1730_PA33_DG0_PF0_D1_S01_6__047_F_GA32_BW1730_PA38_DG0_PF0_D1_S02_4,canonical,COph100,COph100/patient/047,,ok,True,False,0.9418604651162791,8.370170146070864,0.01046271268258858,True,False,False,8.8605701353338,False,0.10722869105616697
COph100/047/047_F_GA32_BW1730_PA33_DG0_PF0_D1_S01_1__047_F_GA32_BW1730_PA40_DG0_PF0_D1_S03_7|canonical,COph100/047/047_F_GA32_BW1730_PA33_DG0_PF0_D1_S01_1__047_F_GA32_BW1730_PA40_DG0_PF0_D1_S03_7,canonical,COph100,COph100/patient/047,,ok,True,True,0.0,313.6096704395451,0.39201208804943133,True,True,True,0.0,True,5.481727518900403
COph100/048-1/048_F_GA32_BW1680_PA38_DG0_PF0_D1_S02_2__048_F_GA32_BW1680_PA40_DG0_PF0_D1_S03_2|canonical,COph100/048-1/048_F_GA32_BW1680_PA38_DG0_PF0_D1_S02_2__048_F_GA32_BW1680_PA40_DG0_PF0_D1_S03_2,canonical,COph100,COph100/patient/048,,ok,True,False,0.9585635359116023,2.783657348424466,0.0034795716855305827,False,False,False,24.04482893106834,False,0.0408622428044328
COph100/049-1/049_F_GA30_BW1220_PA32_DG0_PF0_D1_S01_9__049_F_GA30_BW1220_PA34_DG0_PF0_D1_S02_6|canonical,COph100/049-1/049_F_GA30_BW1220_PA32_DG0_PF0_D1_S01_9__049_F_GA30_BW1220_PA34_DG0_PF0_D1_S02_6,canonical,COph100,COph100/patient/049,,ok,True,False,0.976,4.024053437610949,0.005030066797013686,True,False,False,53.24092677690851,False,0.01863723220338108
COph100/049/049_F_GA30_BW1220_PA32_DG0_PF0_D1_S01_4__049_F_GA30_BW1220_PA36_DG0_PF0_D1_S03_1|canonical,COph100/049/049_F_GA30_BW1220_PA32_DG0_PF0_D1_S01_4__049_F_GA30_BW1220_PA36_DG0_PF0_D1_S03_1,canonical,COph100,COph100/patient/049,,ok,True,False,0.85,6.2993079731219925,0.00787413496640249,True,False,False,2.563343417244533,False,0.3310550375899714
COph100/050-1/050_M_GA32_BW1790_PA38_DG0_PF0_D1_S02_8__050_M_GA32_BW1790_PA41_DG0_PF0_D1_S03_3|canonical,COph100/050-1/050_M_GA32_BW1790_PA38_DG0_PF0_D1_S02_8__050_M_GA32_BW1790_PA41_DG0_PF0_D1_S03_3,canonical,COph100,COph100/patient/050,,ok,True,False,0.9532710280373832,3.967011300949985,0.0049587641261874815,False,False,False,29.483545589130518,False,0.03345040133137025
COph100/051-1/051_F_GA24_BW600_PA35_DG3_PF0_D1_S01_10__051_F_GA24_BW600_PA36_DG3_PF0_D1_S02_11|canonical,COph100/051-1/051_F_GA24_BW600_PA35_DG3_PF0_D1_S01_10__051_F_GA24_BW600_PA36_DG3_PF0_D1_S02_11,canonical,COph100,COph100/patient/051,,ok,True,False,0.9826086956521739,2.238547133217367,0.002798183916521709,False,False,False,48.67354125038261,False,0.02034119399398837
COph100/051-1/051_F_GA24_BW600_PA36_DG3_PF0_D1_S02_11__051_F_GA24_BW600_PA46_DG9_PF0_D1_S04_2|canonical,COph100/051-1/051_F_GA24_BW600_PA36_DG3_PF0_D1_S02_11__051_F_GA24_BW600_PA46_DG9_PF0_D1_S04_2,canonical,COph100,COph100/patient/051,,ok,True,False,0.9024390243902439,11.891136426444707,0.014863920533055883,True,False,False,7.136556562266106,False,0.13108931337575289
COph100/051/051_F_GA24_BW600_PA35_DG3_PF0_D1_S01_6__051_F_GA24_BW600_PA46_DG9_PF0_D1_S04_8|canonical,COph100/051/051_F_GA24_BW600_PA35_DG3_PF0_D1_S01_6__051_F_GA24_BW600_PA46_DG9_PF0_D1_S04_8,canonical,COph100,COph100/patient/051,,ok,True,True,0.0,303.3904964182985,0.3792381205228731,True,True,True,0.0,True,26.765163274356787
COph100/052-1/052_M_GA26_BW820_PA31_DG1_PF0_D1_S01_6__052_M_GA26_BW820_PA32_DG2_PF0_D1_S02_7|canonical,COph100/052-1/052_M_GA26_BW820_PA31_DG1_PF0_D1_S01_6__052_M_GA26_BW820_PA32_DG2_PF0_D1_S02_7,canonical,COph100,COph100/patient/052,,ok,True,False,0.9873817034700315,4.358539448365689,0.0054481743104571115,True,False,False,14.65304551803136,False,0.06627305898581289
COph100/052-1/052_M_GA26_BW820_PA31_DG1_PF0_D1_S01_6__052_M_GA26_BW820_PA42_DG3_PF0_D1_S06_4|canonical,COph100/052-1/052_M_GA26_BW820_PA31_DG1_PF0_D1_S01_6__052_M_GA26_BW820_PA42_DG3_PF0_D1_S06_4,canonical,COph100,COph100/patient/052,,ok,True,False,0.625,159.59833619761747,0.19949792024702184,True,True,True,0.0,True,3.6862495015731604
COph100/052-1/052_M_GA26_BW820_PA32_DG2_PF0_D1_S02_7__052_M_GA26_BW820_PA34_DG3_PF0_D1_S04_7|canonical,COph100/052-1/052_M_GA26_BW820_PA32_DG2_PF0_D1_S02_7__052_M_GA26_BW820_PA34_DG3_PF0_D1_S04_7,canonical,COph100,COph100/patient/052,,ok,True,True,0.0,163.87133479539744,0.2048391684942468,True,True,True,0.0,True,3.5771862634289397
COph100/052-1/052_M_GA26_BW820_PA32_DG2_PF0_D1_S02_7__052_M_GA26_BW820_PA75_DG9_PF0_D1_S08_8|canonical,COph100/052-1/052_M_GA26_BW820_PA32_DG2_PF0_D1_S02_7__052_M_GA26_BW820_PA75_DG9_PF0_D1_S08_8,canonical,COph100,COph100/patient/052,,ok,False,True,0.0,,,True,False,False,,False,
COph100/052-1/052_M_GA26_BW820_PA33_DG3_PF0_D1_S03_6__052_M_GA26_BW820_PA46_DG2_PF0_D1_S07_2|canonical,COph100/052-1/052_M_GA26_BW820_PA33_DG3_PF0_D1_S03_6__052_M_GA26_BW820_PA46_DG2_PF0_D1_S07_2,canonical,COph100,COph100/patient/052,,ok,True,False,0.8709677419354839,9.434995257924216,0.01179374407240527,True,False,False,14.281281076874087,False,0.06805107726184106
COph100/052-1/052_M_GA26_BW820_PA34_DG3_PF0_D1_S04_7__052_M_GA26_BW820_PA46_DG2_PF0_D1_S07_2|canonical,COph100/052-1/052_M_GA26_BW820_PA34_DG3_PF0_D1_S04_7__052_M_GA26_BW820_PA46_DG2_PF0_D1_S07_2,canonical,COph100,COph100/patient/052,,ok,True,False,0.9516129032258065,8.236526434742203,0.010295658043427754,True,False,False,8.241482465582424,False,0.11490452793233126
COph100/052-1/052_M_GA26_BW820_PA36_DG3_PF0_D1_S05_8__052_M_GA26_BW820_PA75_DG9_PF0_D1_S08_8|canonical,COph100/052-1/052_M_GA26_BW820_PA36_DG3_PF0_D1_S05_8__052_M_GA26_BW820_PA75_DG9_PF0_D1_S08_8,canonical,COph100,COph100/patient/052,,ok,True,False,0.8636363636363636,8.993162270615157,0.011241452838268946,True,False,False,3.9287364252223984,False,0.22858498484017836
COph100/052/052_M_GA26_BW820_PA31_DG1_PF0_D1_S01_3__052_M_GA26_BW820_PA32_DG2_PF0_D1_S02_3|canonical,COph100/052/052_M_GA26_BW820_PA31_DG1_PF0_D1_S01_3__052_M_GA26_BW820_PA32_DG2_PF0_D1_S02_3,canonical,COph100,COph100/patient/052,,ok,True,False,0.8548387096774194,3.2951555318666634,0.004118944414833329,False,False,False,51.99786648042842,False,0.019061763021152287
COph100/052/052_M_GA26_BW820_PA31_DG1_PF0_D1_S01_3__052_M_GA26_BW820_PA42_DG3_PF0_D1_S06_14|canonical,COph100/052/052_M_GA26_BW820_PA31_DG1_PF0_D1_S01_3__052_M_GA26_BW820_PA42_DG3_PF0_D1_S06_14,canonical,COph100,COph100/patient/052,,ok,False,True,0.0,,,True,False,False,,False,
COph100/052/052_M_GA26_BW820_PA32_DG2_PF0_D1_S02_3__052_M_GA26_BW820_PA34_DG3_PF0_D1_S04_4|canonical,COph100/052/052_M_GA26_BW820_PA32_DG2_PF0_D1_S02_3__052_M_GA26_BW820_PA34_DG3_PF0_D1_S04_4,canonical,COph100,COph100/patient/052,,ok,True,False,0.8394160583941606,173.2001385314049,0.2165001731642561,True,True,True,0.0,False,6.299848607865508
COph100/052/052_M_GA26_BW820_PA32_DG2_PF0_D1_S02_3__052_M_GA26_BW820_PA75_DG9_PF0_D1_S08_20|canonical,COph100/052/052_M_GA26_BW820_PA32_DG2_PF0_D1_S02_3__052_M_GA26_BW820_PA75_DG9_PF0_D1_S08_20,canonical,COph100,COph100/patient/052,,ok,False,True,0.0,,,True,False,False,,False,
COph100/052/052_M_GA26_BW820_PA33_DG3_PF0_D1_S03_11__052_M_GA26_BW820_PA46_DG2_PF0_D1_S07_6|canonical,COph100/052/052_M_GA26_BW820_PA33_DG3_PF0_D1_S03_11__052_M_GA26_BW820_PA46_DG2_PF0_D1_S07_6,canonical,COph100,COph100/patient/052,,ok,True,False,0.7272727272727273,9.719731079014036,0.012149663848767544,True,False,False,1.3413589686453185,False,0.5520073012332299
COph100/052/052_M_GA26_BW820_PA34_DG3_PF0_D1_S04_4__052_M_GA26_BW820_PA46_DG2_PF0_D1_S07_6|canonical,COph100/052/052_M_GA26_BW820_PA34_DG3_PF0_D1_S04_4__052_M_GA26_BW820_PA46_DG2_PF0_D1_S07_6,canonical,COph100,COph100/patient/052,,ok,True,False,1.0,8.059860793884578,0.010074825992355723,True,False,False,13.985453881908471,False,0.06905377081583886
COph100/052/052_M_GA26_BW820_PA36_DG3_PF0_D1_S05_1__052_M_GA26_BW820_PA75_DG9_PF0_D1_S08_20|canonical,COph100/052/052_M_GA26_BW820_PA36_DG3_PF0_D1_S05_1__052_M_GA26_BW820_PA75_DG9_PF0_D1_S08_20,canonical,COph100,COph100/patient/052,,ok,True,True,0.0,306.9577804756258,0.38369722559453223,True,True,True,0.0,True,6.1798141189209455
COph100/054-1/054_M_GA29_BW1410_PA37_DG0_PF0_D1_S01_3__054_M_GA29_BW1410_PA43_DG0_PF0_D1_S02_6|canonical,COph100/054-1/054_M_GA29_BW1410_PA37_DG0_PF0_D1_S01_3__054_M_GA29_BW1410_PA43_DG0_PF0_D1_S02_6,canonical,COph100,COph100/patient/054,,ok,True,False,0.8970588235294118,4.18761712910536,0.005234521411381699,True,False,False,9.534457924622517,False,0.09966351024859918
COph100/055-1/055_M_GA38_BW3245_PA40_DG13_PF0_D1_S01_10__055_M_GA38_BW3245_PA43_DG13_PF0_D1_S04_5|canonical,COph100/055-1/055_M_GA38_BW3245_PA40_DG13_PF0_D1_S01_10__055_M_GA38_BW3245_PA43_DG13_PF0_D1_S04_5,canonical,COph100,COph100/patient/055,,ok,True,True,0.0,288.5018000051847,0.3606272500064809,True,True,True,0.0,True,39.57105439501546
COph100/055-1/055_M_GA38_BW3245_PA40_DG13_PF0_D1_S01_10__055_M_GA38_BW3245_PA53_DG13_PF0_D1_S08_2|canonical,COph100/055-1/055_M_GA38_BW3245_PA40_DG13_PF0_D1_S01_10__055_M_GA38_BW3245_PA53_DG13_PF0_D1_S08_2,canonical,COph100,COph100/patient/055,,ok,False,True,0.0,,,True,False,False,,False,
COph100/055-1/055_M_GA38_BW3245_PA41_DG13_PF0_D1_S02_7__055_M_GA38_BW3245_PA44_DG13_PF0_D1_S05_6|canonical,COph100/055-1/055_M_GA38_BW3245_PA41_DG13_PF0_D1_S02_7__055_M_GA38_BW3245_PA44_DG13_PF0_D1_S05_6,canonical,COph100,COph100/patient/055,,ok,True,False,0.9760479041916168,5.998868770573426,0.007498585963216783,True,False,False,5.481520502330235,False,0.167479653399456
COph100/055-1/055_M_GA38_BW3245_PA41_DG13_PF0_D1_S02_7__055_M_GA38_BW3245_PA78_DG13_PF0_D1_S09_16|canonical,COph100/055-1/055_M_GA38_BW3245_PA41_DG13_PF0_D1_S02_7__055_M_GA38_BW3245_PA78_DG13_PF0_D1_S09_16,canonical,COph100,COph100/patient/055,,ok,False,True,0.0,,,True,False,False,,False,
COph100/055-1/055_M_GA38_BW3245_PA42_DG13_PF0_D1_S03_2__055_M_GA38_BW3245_PA47_DG13_PF0_D1_S07_7|canonical,COph100/055-1/055_M_GA38_BW3245_PA42_DG13_PF0_D1_S03_2__055_M_GA38_BW3245_PA47_DG13_PF0_D1_S07_7,canonical,COph100,COph100/patient/055,,ok,True,False,0.9883720930232558,4.2069220869611765,0.00525865260870147,True,False,False,3.9531136674864604,False,0.22630894447990874
COph100/055-1/055_M_GA38_BW3245_PA43_DG13_PF0_D1_S04_5__055_M_GA38_BW3245_PA45_DG13_PF0_D1_S06_6|canonical,COph100/055-1/055_M_GA38_BW3245_PA43_DG13_PF0_D1_S04_5__055_M_GA38_BW3245_PA45_DG13_PF0_D1_S06_6,canonical,COph100,COph100/patient/055,,ok,True,False,0.9279279279279279,5.5894345319682435,0.006986793164960304,True,False,False,3.3828300348789453,False,0.2610850782362406
COph100/055-1/055_M_GA38_BW3245_PA44_DG13_PF0_D1_S05_6__055_M_GA38_BW3245_PA45_DG13_PF0_D1_S06_6|canonical,COph100/055-1/055_M_GA38_BW3245_PA44_DG13_PF0_D1_S05_6__055_M_GA38_BW3245_PA45_DG13_PF0_D1_S06_6,canonical,COph100,COph100/patient/055,,ok,True,False,0.9705882352941176,3.020479720929385,0.0037755996511617314,False,False,False,8.00029783117445,False,0.118879771026367
COph100/055-1/055_M_GA38_BW3245_PA45_DG13_PF0_D1_S06_6__055_M_GA38_BW3245_PA47_DG13_PF0_D1_S07_7|canonical,COph100/055-1/055_M_GA38_BW3245_PA45_DG13_PF0_D1_S06_6__055_M_GA38_BW3245_PA47_DG13_PF0_D1_S07_7,canonical,COph100,COph100/patient/055,,ok,True,False,0.878125,4.2848129893580165,0.005356016236697521,True,False,False,32.74928610834847,False,0.030178151377673046
COph100/055-1/055_M_GA38_BW3245_PA47_DG13_PF0_D1_S07_7__055_M_GA38_BW3245_PA78_DG13_PF0_D1_S09_16|canonical,COph100/055-1/055_M_GA38_BW3245_PA47_DG13_PF0_D1_S07_7__055_M_GA38_BW3245_PA78_DG13_PF0_D1_S09_16,canonical,COph100,COph100/patient/055,,ok,False,True,0.0,,,True,False,False,,False,
COph100/055/055_M_GA38_BW3245_PA40_DG13_PF0_D1_S01_3__055_M_GA38_BW3245_PA43_DG13_PF0_D1_S04_13|canonical,COph100/055/055_M_GA38_BW3245_PA40_DG13_PF0_D1_S01_3__055_M_GA38_BW3245_PA43_DG13_PF0_D1_S04_13,canonical,COph100,COph100/patient/055,,ok,False,True,0.0,,,True,False,False,,False,
COph100/055/055_M_GA38_BW3245_PA40_DG13_PF0_D1_S01_3__055_M_GA38_BW3245_PA53_DG13_PF0_D1_S08_7|canonical,COph100/055/055_M_GA38_BW3245_PA40_DG13_PF0_D1_S01_3__055_M_GA38_BW3245_PA53_DG13_PF0_D1_S08_7,canonical,COph100,COph100/patient/055,,ok,True,True,0.0,196.22840044274335,0.24528550055342918,True,True,True,0.0,True,28.951425958007924
COph100/055/055_M_GA38_BW3245_PA41_DG13_PF0_D1_S02_1__055_M_GA38_BW3245_PA44_DG13_PF0_D1_S05_1|canonical,COph100/055/055_M_GA38_BW3245_PA41_DG13_PF0_D1_S02_1__055_M_GA38_BW3245_PA44_DG13_PF0_D1_S05_1,canonical,COph100,COph100/patient/055,,ok,True,False,0.9516129032258065,5.65146171851724,0.007064327148146549,True,False,False,3.3730901049952196,False,0.2587918372142287
COph100/055/055_M_GA38_BW3245_PA41_DG13_PF0_D1_S02_1__055_M_GA38_BW3245_PA78_DG13_PF0_D1_S09_6|canonical,COph100/055/055_M_GA38_BW3245_PA41_DG13_PF0_D1_S02_1__055_M_GA38_BW3245_PA78_DG13_PF0_D1_S09_6,canonical,COph100,COph100/patient/055,,ok,True,False,0.5909090909090909,92.01962044155665,0.11502452555194581,True,False,False,0.5088237544648769,False,1.0171219651257863
COph100/055/055_M_GA38_BW3245_PA42_DG13_PF0_D1_S03_6__055_M_GA38_BW3245_PA47_DG13_PF0_D1_S07_4|canonical,COph100/055/055_M_GA38_BW3245_PA42_DG13_PF0_D1_S03_6__055_M_GA38_BW3245_PA47_DG13_PF0_D1_S07_4,canonical,COph100,COph100/patient/055,,ok,True,False,0.9719626168224299,3.6404240382643875,0.004550530047830484,False,False,False,5.772669778883316,False,0.1594236890533652
COph100/055/055_M_GA38_BW3245_PA43_DG13_PF0_D1_S04_13__055_M_GA38_BW3245_PA45_DG13_PF0_D1_S06_7|canonical,COph100/055/055_M_GA38_BW3245_PA43_DG13_PF0_D1_S04_13__055_M_GA38_BW3245_PA45_DG13_PF0_D1_S06_7,canonical,COph100,COph100/patient/055,,ok,True,False,0.9859154929577465,2.167972250300578,0.0027099653128757222,False,False,False,15.760131818030507,False,0.06168681861714322
COph100/055/055_M_GA38_BW3245_PA44_DG13_PF0_D1_S05_1__055_M_GA38_BW3245_PA45_DG13_PF0_D1_S06_7|canonical,COph100/055/055_M_GA38_BW3245_PA44_DG13_PF0_D1_S05_1__055_M_GA38_BW3245_PA45_DG13_PF0_D1_S06_7,canonical,COph100,COph100/patient/055,,ok,True,False,0.9806949806949807,2.439464112680466,0.0030493301408505823,False,False,False,9.415744619177461,False,0.10125598911303893
COph100/055/055_M_GA38_BW3245_PA45_DG13_PF0_D1_S06_7__055_M_GA38_BW3245_PA47_DG13_PF0_D1_S07_4|canonical,COph100/055/055_M_GA38_BW3245_PA45_DG13_PF0_D1_S06_7__055_M_GA38_BW3245_PA47_DG13_PF0_D1_S07_4,canonical,COph100,COph100/patient/055,,ok,True,False,0.9665071770334929,1.9588427446291665,0.002448553430786458,False,False,False,10.878792396067743,False,0.08791158531290277
COph100/055/055_M_GA38_BW3245_PA47_DG13_PF0_D1_S07_4__055_M_GA38_BW3245_PA78_DG13_PF0_D1_S09_6|canonical,COph100/055/055_M_GA38_BW3245_PA47_DG13_PF0_D1_S07_4__055_M_GA38_BW3245_PA78_DG13_PF0_D1_S09_6,canonical,COph100,COph100/patient/055,,ok,True,False,0.8333333333333334,6.492177336225697,0.00811522167028212,True,False,False,11.771529584211363,False,0.08163974882160314
COph100/056-1/056_F_GA33_BW1180_PA38_DG0_PF0_D1_S02_1__056_F_GA33_BW1180_PA42_DG0_PF0_D1_S03_7|canonical,COph100/056-1/056_F_GA33_BW1180_PA38_DG0_PF0_D1_S02_1__056_F_GA33_BW1180_PA42_DG0_PF0_D1_S03_7,canonical,COph100,COph100/patient/056,,ok,True,True,0.0,109.92299806411506,0.13740374758014384,True,False,False,0.8153772530735006,False,0.7809545053076904
COph100/057-1/057_M_GA30_BW1180_PA33_DG0_PF0_D1_S01_4__057_M_GA30_BW1180_PA37_DG0_PF0_D1_S02_4|canonical,COph100/057-1/057_M_GA30_BW1180_PA33_DG0_PF0_D1_S01_4__057_M_GA30_BW1180_PA37_DG0_PF0_D1_S02_4,canonical,COph100,COph100/patient/057,,ok,True,False,0.8958333333333334,3.6390419301142316,0.004548802412642789,False,False,False,3.3071393848856903,False,0.267992417123583
COph100/057/057_M_GA30_BW1180_PA33_DG0_PF0_D1_S01_1__057_M_GA30_BW1180_PA39_DG0_PF0_D1_S03_2|canonical,COph100/057/057_M_GA30_BW1180_PA33_DG0_PF0_D1_S01_1__057_M_GA30_BW1180_PA39_DG0_PF0_D1_S03_2,canonical,COph100,COph100/patient/057,,ok,True,False,0.85,7.151537157203902,0.008939421446504878,True,False,False,50.98687672459268,False,0.01946503812308083
COph100/058-1/058_M_GA30_BW1490_PA35_DG0_PF0_D1_S02_5__058_M_GA30_BW1490_PA38_DG0_PF0_D1_S03_3|canonical,COph100/058-1/058_M_GA30_BW1490_PA35_DG0_PF0_D1_S02_5__058_M_GA30_BW1490_PA38_DG0_PF0_D1_S03_3,canonical,COph100,COph100/patient/058,,ok,True,True,0.0,240.29703755533183,0.30037129694416476,True,True,True,0.0,True,5.683053117827041
COph100/059-1/059_M_GA40_BW3680_PA61_DG12_PF0_D1_S01_1__059_M_GA40_BW3680_PA112_DG12_PF0_D1_S03_1|canonical,COph100/059-1/059_M_GA40_BW3680_PA61_DG12_PF0_D1_S01_1__059_M_GA40_BW3680_PA112_DG12_PF0_D1_S03_1,canonical,COph100,COph100/patient/059,,ok,False,True,0.0,,,True,False,False,,False,
COph100/059/059_M_GA40_BW3680_PA61_DG12_PF0_D1_S01_5__059_M_GA40_BW3680_PA85_DG12_PF0_D1_S02_4|canonical,COph100/059/059_M_GA40_BW3680_PA61_DG12_PF0_D1_S01_5__059_M_GA40_BW3680_PA85_DG12_PF0_D1_S02_4,canonical,COph100,COph100/patient/059,,ok,True,False,0.6,6.182995964609795,0.007728744955762244,True,False,False,5.381801101072678,False,0.17170195795101864
COph100/061-1/061_M_GA26_BW880_PA38_DG0_PF0_D1_S02_7__061_M_GA26_BW880_PA42_DG0_PF0_D1_S03_2|canonical,COph100/061-1/061_M_GA26_BW880_PA38_DG0_PF0_D1_S02_7__061_M_GA26_BW880_PA42_DG0_PF0_D1_S03_2,canonical,COph100,COph100/patient/061,,ok,True,False,0.9245283018867925,2.0567683917291415,0.002570960489661427,False,False,False,8.696950017632203,False,0.10873208883430174
COph100/062-1/062_F_GA27_BW900_PA35_DG0_PF0_D1_S01_7__062_F_GA27_BW900_PA39_DG0_PF0_D1_S02_7|canonical,COph100/062-1/062_F_GA27_BW900_PA35_DG0_PF0_D1_S01_7__062_F_GA27_BW900_PA39_DG0_PF0_D1_S02_7,canonical,COph100,COph100/patient/062,,ok,True,True,0.0,218.5872641523868,0.2732340801904835,True,True,True,0.0,True,24.690804559927454
COph100/064-1/064_M_GA30_BW990_PA33_DG0_PF0_D1_S01_6__064_M_GA30_BW990_PA40_DG0_PF0_D1_S03_3|canonical,COph100/064-1/064_M_GA30_BW990_PA33_DG0_PF0_D1_S01_6__064_M_GA30_BW990_PA40_DG0_PF0_D1_S03_3,canonical,COph100,COph100/patient/064,,ok,True,False,0.7916666666666666,17.44520196217345,0.02180650245271681,True,False,False,2.833914328202231,False,0.3052422990027584
COph100/064/064_M_GA30_BW990_PA37_DG0_PF0_D1_S02_4__064_M_GA30_BW990_PA40_DG0_PF0_D1_S03_6|canonical,COph100/064/064_M_GA30_BW990_PA37_DG0_PF0_D1_S02_4__064_M_GA30_BW990_PA40_DG0_PF0_D1_S03_6,canonical,COph100,COph100/patient/064,,ok,True,True,0.0,243.54354237467618,0.3044294279683452,True,True,True,0.0,True,10.787292306479502
COph100/065/065_M_GA27_BW950_PA32_DG0_PF0_D1_S01_6__065_M_GA27_BW950_PA34_DG0_PF0_D1_S02_1|canonical,COph100/065/065_M_GA27_BW950_PA32_DG0_PF0_D1_S01_6__065_M_GA27_BW950_PA34_DG0_PF0_D1_S02_1,canonical,COph100,COph100/patient/065,,ok,True,False,0.9324324324324325,5.249335728133411,0.006561669660166763,True,False,False,3.364619482414119,False,0.2617288563915613
COph100/066-1/066_F_GA26_BW810_PA34_DG3_PF0_D1_S03_2__066_F_GA26_BW810_PA40_DG3_PF0_D1_S05_3|canonical,COph100/066-1/066_F_GA26_BW810_PA34_DG3_PF0_D1_S03_2__066_F_GA26_BW810_PA40_DG3_PF0_D1_S05_3,canonical,COph100,COph100/patient/066,,ok,True,True,0.0,206.66502856344604,0.2583312857043076,True,True,True,0.0,True,306.24234288163245
COph100/066-1/066_F_GA26_BW810_PA40_DG3_PF0_D1_S05_3__066_F_GA26_BW810_PA42_DG3_PF0_D1_S06_1|canonical,COph100/066-1/066_F_GA26_BW810_PA40_DG3_PF0_D1_S05_3__066_F_GA26_BW810_PA42_DG3_PF0_D1_S06_1,canonical,COph100,COph100/patient/066,,ok,True,False,0.9838056680161943,2.333160549875627,0.002916450687344534,False,False,False,477.95329421170385,False,0.0020906425238685295
COph100/066/066_F_GA26_BW810_PA31_DG1_PF0_D1_S01_5__066_F_GA26_BW810_PA40_DG3_PF0_D1_S05_9|canonical,COph100/066/066_F_GA26_BW810_PA31_DG1_PF0_D1_S01_5__066_F_GA26_BW810_PA40_DG3_PF0_D1_S05_9,canonical,COph100,COph100/patient/066,,ok,True,False,0.88,7.336045756279461,0.009170057195349326,True,False,False,6.762508254757529,False,0.13933726576746622
COph100/066/066_F_GA26_BW810_PA32_DG2_PF0_D1_S02_15__066_F_GA26_BW810_PA40_DG3_PF0_D1_S05_9|canonical,COph100/066/066_F_GA26_BW810_PA32_DG2_PF0_D1_S02_15__066_F_GA26_BW810_PA40_DG3_PF0_D1_S05_9,canonical,COph100,COph100/patient/066,,ok,True,False,0.9655172413793104,5.220192473731076,0.006525240592163845,True,False,False,2.991363907105126,False,0.2864461902742443
COph100/066/066_F_GA26_BW810_PA34_DG3_PF0_D1_S03_4__066_F_GA26_BW810_PA42_DG3_PF0_D1_S06_12|canonical,COph100/066/066_F_GA26_BW810_PA34_DG3_PF0_D1_S03_4__066_F_GA26_BW810_PA42_DG3_PF0_D1_S06_12,canonical,COph100,COph100/patient/066,,ok,True,False,0.9038461538461539,2.493577108411092,0.003116971385513865,False,False,False,13.071049197116768,False,0.07388250547953837
COph100/067-1/067_F_GA32_BW2100_PA33_DG0_PF0_D1_S01_5__067_F_GA32_BW2100_PA40_DG0_PF0_D1_S02_8|canonical,COph100/067-1/067_F_GA32_BW2100_PA33_DG0_PF0_D1_S01_5__067_F_GA32_BW2100_PA40_DG0_PF0_D1_S02_8,canonical,COph100,COph100/patient/067,,ok,True,False,1.0,236.34545075610998,0.29543181344513747,True,True,True,0.0,False,4.3872518435875945
COph100/069-1/069_M_GA30_BW1100_PA32_DG1_PF0_D1_S01_6__069_M_GA30_BW1100_PA34_DG1_PF0_D1_S02_6|canonical,COph100/069-1/069_M_GA30_BW1100_PA32_DG1_PF0_D1_S01_6__069_M_GA30_BW1100_PA34_DG1_PF0_D1_S02_6,canonical,COph100,COph100/patient/069,,ok,True,False,0.9296875,4.495482906599285,0.0056193536332491065,True,False,False,12.862325638825313,False,0.07489636797528836
COph100/069-1/069_M_GA30_BW1100_PA34_DG1_PF0_D1_S02_6__069_M_GA30_BW1100_PA43_DG9_PF0_D1_S04_4|canonical,COph100/069-1/069_M_GA30_BW1100_PA34_DG1_PF0_D1_S02_6__069_M_GA30_BW1100_PA43_DG9_PF0_D1_S04_4,canonical,COph100,COph100/patient/069,,ok,True,True,0.0,252.979392060285,0.31622424007535627,True,True,True,0.0,True,6.485358384718841
COph100/069/069_M_GA30_BW1100_PA32_DG1_PF0_D1_S01_1__069_M_GA30_BW1100_PA43_DG9_PF0_D1_S04_1|canonical,COph100/069/069_M_GA30_BW1100_PA32_DG1_PF0_D1_S01_1__069_M_GA30_BW1100_PA43_DG9_PF0_D1_S04_1,canonical,COph100,COph100/patient/069,,ok,True,False,0.5714285714285714,40.964684432113486,0.051205855540141856,True,False,False,6.609400950172783,False,0.14083455096727676
COph100/070-1/070_M_GA32_BW1830_PA33_DG0_PF0_D1_S01_3__070_M_GA32_BW1830_PA35_DG0_PF0_D1_S02_5|canonical,COph100/070-1/070_M_GA32_BW1830_PA33_DG0_PF0_D1_S01_3__070_M_GA32_BW1830_PA35_DG0_PF0_D1_S02_5,canonical,COph100,COph100/patient/070,,ok,True,False,0.9397590361445783,2.3888482876463746,0.002986060359557968,False,False,False,9.344581441642298,False,0.10189448820807193
COph100/070-1/070_M_GA32_BW1830_PA35_DG0_PF0_D1_S02_5__070_M_GA32_BW1830_PA40_DG0_PF0_D1_S04_7|canonical,COph100/070-1/070_M_GA32_BW1830_PA35_DG0_PF0_D1_S02_5__070_M_GA32_BW1830_PA40_DG0_PF0_D1_S04_7,canonical,COph100,COph100/patient/070,,ok,False,True,0.0,,,True,False,False,,False,
COph100/070/070_M_GA32_BW1830_PA33_DG0_PF0_D1_S01_1__070_M_GA32_BW1830_PA40_DG0_PF0_D1_S04_2|canonical,COph100/070/070_M_GA32_BW1830_PA33_DG0_PF0_D1_S01_1__070_M_GA32_BW1830_PA40_DG0_PF0_D1_S04_2,canonical,COph100,COph100/patient/070,,ok,True,False,0.9444444444444444,10.717261558005962,0.013396576947507453,True,False,False,2.324496319317031,False,0.3578061816637605
COph100/071-1/071_F_GA32_BW1660_PA33_DG0_PF0_D1_S01_7__071_F_GA32_BW1660_PA35_DG0_PF0_D1_S02_6|canonical,COph100/071-1/071_F_GA32_BW1660_PA33_DG0_PF0_D1_S01_7__071_F_GA32_BW1660_PA35_DG0_PF0_D1_S02_6,canonical,COph100,COph100/patient/071,,ok,True,False,0.9847328244274809,196.23902044773604,0.24529877555967006,True,True,True,0.0,False,8.722940223879872
COph100/071-1/071_F_GA32_BW1660_PA35_DG0_PF0_D1_S02_6__071_F_GA32_BW1660_PA40_DG0_PF0_D1_S04_8|canonical,COph100/071-1/071_F_GA32_BW1660_PA35_DG0_PF0_D1_S02_6__071_F_GA32_BW1660_PA40_DG0_PF0_D1_S04_8,canonical,COph100,COph100/patient/071,,ok,True,False,0.9882352941176471,6.331813205983404,0.007914766507479255,True,False,False,12.565982603889879,False,0.07669719010900014
COph100/071/071_F_GA32_BW1660_PA33_DG0_PF0_D1_S01_2__071_F_GA32_BW1660_PA40_DG0_PF0_D1_S04_2|canonical,COph100/071/071_F_GA32_BW1660_PA33_DG0_PF0_D1_S01_2__071_F_GA32_BW1660_PA40_DG0_PF0_D1_S04_2,canonical,COph100,COph100/patient/071,,ok,True,False,0.7777777777777778,9.806952857800557,0.012258691072250695,True,False,False,2.210871132508235,False,0.37258145537388326
COph100/076-1/076_M_GA33_BW1470_PA35_DG0_PF0_D1_S01_10__076_M_GA33_BW1470_PA37_DG0_PF0_D1_S02_13|canonical,COph100/076-1/076_M_GA33_BW1470_PA35_DG0_PF0_D1_S01_10__076_M_GA33_BW1470_PA37_DG0_PF0_D1_S02_13,canonical,COph100,COph100/patient/076,,ok,True,True,0.0,278.0932775368908,0.3476165969211135,True,True,True,0.0,True,25.36968060624981
COph100/076/076_M_GA33_BW1470_PA35_DG0_PF0_D1_S01_4__076_M_GA33_BW1470_PA40_DG0_PF0_D1_S03_8|canonical,COph100/076/076_M_GA33_BW1470_PA35_DG0_PF0_D1_S01_4__076_M_GA33_BW1470_PA40_DG0_PF0_D1_S03_8,canonical,COph100,COph100/patient/076,,ok,True,False,0.9746835443037974,3.819415993700948,0.004774269992126185,False,False,False,12.659231272873555,False,0.07644703465123326
FIRE/A02|canonical,FIRE/A02,canonical,FIRE,FIRE/image_component/cc0001,A,ok,True,False,0.95,9.640475694920214,0.0023409497725762974,False,False,False,101.31562461895948,False,0.009832137817263886
FIRE/A04|canonical,FIRE/A04,canonical,FIRE,FIRE/image_component/cc0001,A,ok,True,False,0.9581749049429658,3.078114268015318,0.0007474435000620528,False,False,False,47.00249611755122,False,0.021053353622389928
FIRE/A06|canonical,FIRE/A06,canonical,FIRE,FIRE/image_component/cc0001,A,ok,True,False,0.9503105590062112,5.373970133126262,0.001304935001039682,False,False,False,82.13719443616978,False,0.012119834122059503
FIRE/A08|canonical,FIRE/A08,canonical,FIRE,FIRE/image_component/cc0002,A,ok,True,False,0.9361702127659575,14.290755849686352,0.0034701546598882357,False,False,False,21.390420585222557,False,0.04578908168860256
FIRE/A10|canonical,FIRE/A10,canonical,FIRE,FIRE/image_component/cc0003,A,ok,True,False,0.8977556109725686,3.266814912860874,0.0007932647588479618,False,False,False,104.08834672742616,False,0.009561396169675367
FIRE/A12|canonical,FIRE/A12,canonical,FIRE,FIRE/image_component/cc0003,A,ok,True,False,0.875,2.6389160627942987,0.0006407951383873468,False,False,False,100.56250276349186,False,0.00990359212901635
FIRE/A14|canonical,FIRE/A14,canonical,FIRE,FIRE/image_component/cc0004,A,ok,True,False,0.9854227405247813,5.61470530578015,0.0013633915508520717,False,False,False,57.502113894517294,False,0.017244310286198303
FIRE/P02|canonical,FIRE/P02,canonical,FIRE,FIRE/image_component/cc0006,P,ok,True,False,0.9230769230769231,4.744822892540305,0.0011521622399877814,False,False,False,19.616796982992266,False,0.05004921047289244
FIRE/P04|canonical,FIRE/P04,canonical,FIRE,FIRE/image_component/cc0008,P,ok,True,False,0.9272727272727272,14.525569082961232,0.003527173213995724,False,False,False,3.3504048120447867,False,0.2663534340812967
FIRE/P06|canonical,FIRE/P06,canonical,FIRE,FIRE/image_component/cc0009,P,ok,True,False,0.9571984435797666,8.536302334543002,0.002072828731804229,False,False,False,9.005591555532066,False,0.1056266829114919
FIRE/P08|canonical,FIRE/P08,canonical,FIRE,FIRE/image_component/cc0010,P,ok,True,False,0.9138755980861244,13.525377952305188,0.0032843016717671774,False,False,False,5.166243710828648,False,0.18057457431079918
FIRE/P10|canonical,FIRE/P10,canonical,FIRE,FIRE/image_component/cc0011,P,ok,True,False,0.8177083333333334,18.703108422748837,0.004541584751027794,False,False,False,4.292329171323645,False,0.2140477035959833
FIRE/P12|canonical,FIRE/P12,canonical,FIRE,FIRE/image_component/cc0011,P,ok,True,False,0.8743961352657005,15.822441326837573,0.0038420863863781332,False,False,False,4.483329826537665,False,0.2028641806969146
FIRE/P14|canonical,FIRE/P14,canonical,FIRE,FIRE/image_component/cc0011,P,ok,True,False,0.9802631578947368,14.78774596785522,0.0035908363503895785,False,False,False,3.470934329709844,False,0.252237403514798
FIRE/P16|canonical,FIRE/P16,canonical,FIRE,FIRE/image_component/cc0012,P,ok,True,False,0.8947368421052632,12.829347765608322,0.0031152880505707853,False,False,False,5.14184169160396,False,0.18070282167384108
FIRE/P18|canonical,FIRE/P18,canonical,FIRE,FIRE/image_component/cc0013,P,ok,True,False,0.9230769230769231,14.428365606204071,0.0035035697670280394,False,False,False,7.014350717020772,False,0.1340590711444384
FIRE/P20|canonical,FIRE/P20,canonical,FIRE,FIRE/image_component/cc0015,P,ok,True,False,0.98828125,10.820897831823466,0.0026275859324894173,False,False,False,7.219155719586323,False,0.1295480380885947
FIRE/P22|canonical,FIRE/P22,canonical,FIRE,FIRE/image_component/cc0016,P,ok,True,False,0.9293478260869565,14.089897400403732,0.003421381180648416,False,False,False,6.115390021700703,False,0.1536496851051819
FIRE/P24|canonical,FIRE/P24,canonical,FIRE,FIRE/image_component/cc0018,P,ok,True,False,0.9538461538461539,10.86392597868138,0.0026380342478826593,False,False,False,8.058143597825664,False,0.11847362606811096
FIRE/P26|canonical,FIRE/P26,canonical,FIRE,FIRE/image_component/cc0020,P,ok,True,False,0.9230769230769231,11.399232048210575,0.0027680200142887073,False,False,False,4.627255052143205,False,0.20066756660147414
FIRE/P28|canonical,FIRE/P28,canonical,FIRE,FIRE/image_component/cc0021,P,ok,True,False,0.8652849740932642,15.08030594250167,0.003661877264529781,False,False,False,7.959990071716726,False,0.11966218671539676
FIRE/P30|canonical,FIRE/P30,canonical,FIRE,FIRE/image_component/cc0023,P,ok,True,False,0.8944099378881988,16.152753741528173,0.003922294541713925,False,False,False,3.7468083385645348,False,0.2372103255974411
FIRE/P32|canonical,FIRE/P32,canonical,FIRE,FIRE/image_component/cc0024,P,ok,True,False,0.9582089552238806,6.971540095548734,0.0016928651362899802,False,False,False,14.737098071177103,False,0.065718193545531
FIRE/P34|canonical,FIRE/P34,canonical,FIRE,FIRE/image_component/cc0026,P,ok,True,False,0.9738562091503268,12.082816858299513,0.0029340115852811545,False,False,False,4.973372891442092,False,0.1837127429811231
FIRE/P36|canonical,FIRE/P36,canonical,FIRE,FIRE/image_component/cc0028,P,ok,True,False,0.9675925925925926,12.190681071610388,0.0029602037269980063,False,False,False,5.850620705408016,False,0.15976907512017607
FIRE/P38|canonical,FIRE/P38,canonical,FIRE,FIRE/image_component/cc0029,P,ok,True,False,0.9952153110047847,10.747917360469334,0.0026098644399795623,False,False,False,6.356948667366076,False,0.148416689580697
FIRE/P40|canonical,FIRE/P40,canonical,FIRE,FIRE/image_component/cc0031,P,ok,True,False,0.9622641509433962,7.999296658654947,0.0019424302582616087,False,False,False,18.918282091467443,False,0.051515117296586706
FIRE/P42|canonical,FIRE/P42,canonical,FIRE,FIRE/image_component/cc0031,P,ok,True,False,0.9212121212121213,11.412013242252646,0.0027711236094050567,False,False,False,5.771203516549825,False,0.16192405049519146
FIRE/P44|canonical,FIRE/P44,canonical,FIRE,FIRE/image_component/cc0031,P,ok,True,False,0.910828025477707,12.410700740680758,0.0030136300319410277,False,False,False,5.440383870456976,False,0.17096564866259467
FIRE/P46|canonical,FIRE/P46,canonical,FIRE,FIRE/image_component/cc0031,P,ok,True,False,0.9454545454545454,10.022132321192172,0.0024336255928103915,False,False,False,9.570906201492324,False,0.10051433914063206
FIRE/P48|canonical,FIRE/P48,canonical,FIRE,FIRE/image_component/cc0031,P,ok,True,False,0.9281767955801105,10.978355440225464,0.002665820596861144,False,False,False,9.285160015542498,False,0.10266440781759541
FIRE/S01|canonical,FIRE/S01,canonical,FIRE,FIRE/image_component/cc0032,S,ok,True,False,0.9,3.0252683012709207,0.0007346111712697031,False,False,False,30.168010776672357,False,0.03264886134232732
FIRE/S03|canonical,FIRE/S03,canonical,FIRE,FIRE/image_component/cc0032,S,ok,True,False,0.9546827794561934,3.474536937270274,0.0008437048866163973,False,False,False,25.52860616192017,False,0.03855201734213513
FIRE/S05|canonical,FIRE/S05,canonical,FIRE,FIRE/image_component/cc0033,S,ok,True,False,0.8817204301075269,1.940864654708322,0.0004712907138425624,False,False,False,59.564423511622195,False,0.016669216069591264
FIRE/S07|canonical,FIRE/S07,canonical,FIRE,FIRE/image_component/cc0034,S,ok,True,False,0.8743961352657005,1.0981605695783838,0.0002666609840592571,False,False,False,134.837868942586,False,0.007391571304395488
FIRE/S09|canonical,FIRE/S09,canonical,FIRE,FIRE/image_component/cc0034,S,ok,True,False,0.8293269230769231,0.8835943900310452,0.0002145589234235382,False,False,False,207.732871109582,False,0.004802340047967529
FIRE/S11|canonical,FIRE/S11,canonical,FIRE,FIRE/image_component/cc0034,S,ok,True,False,0.8840579710144928,2.1603803588296833,0.0005245946434308708,False,False,False,84.72598976528377,False,0.011733814854108246
FIRE/S13|canonical,FIRE/S13,canonical,FIRE,FIRE/image_component/cc0034,S,ok,True,False,0.9154929577464789,1.3511919682031497,0.0003281033665526254,False,False,False,247.96138378745283,False,0.004025827147748518
FIRE/S15|canonical,FIRE/S15,canonical,FIRE,FIRE/image_component/cc0034,S,ok,True,False,0.8985507246376812,0.8124548222083806,0.00019728444855468983,False,False,False,566.4585297025674,False,0.0017639026705591346
FIRE/S17|canonical,FIRE/S17,canonical,FIRE,FIRE/image_component/cc0034,S,ok,True,False,0.9198717948717948,2.3843478871427166,0.0005789795878112747,False,False,False,202.48275157678594,False,0.004926972079301671
FIRE/S19|canonical,FIRE/S19,canonical,FIRE,FIRE/image_component/cc0034,S,ok,True,False,0.858560794044665,0.9476124763703805,0.00023010412361898117,False,False,False,508.2189694575195,False,0.0019659142129871414
FIRE/S21|canonical,FIRE/S21,canonical,FIRE,FIRE/image_component/cc0034,S,ok,True,False,0.8985074626865671,1.6775558034273481,0.00040735270756261157,False,False,False,277.9070201385536,False,0.0035923887614075227
FIRE/S23|canonical,FIRE/S23,canonical,FIRE,FIRE/image_component/cc0034,S,ok,True,False,0.8550295857988166,1.581157925530242,0.00038394488024357426,False,False,False,169.56747643026839,False,0.005881921055502677
FIRE/S25|canonical,FIRE/S25,canonical,FIRE,FIRE/image_component/cc0034,S,ok,True,False,0.8578088578088578,0.9678655180624199,0.00023502207111901377,False,False,False,199.931225488121,False,0.004992093669095864
FIRE/S27|canonical,FIRE/S27,canonical,FIRE,FIRE/image_component/cc0034,S,ok,True,False,0.9019073569482289,2.28964895451514,0.0005559843070997063,False,False,False,73.75850859100946,False,0.0134726669703357
FIRE/S29|canonical,FIRE/S29,canonical,FIRE,FIRE/image_component/cc0034,S,ok,True,False,0.8696969696969697,1.6631610266792378,0.000403857294014447,False,False,False,139.92352498209772,False,0.00712623377092031
FIRE/S31|canonical,FIRE/S31,canonical,FIRE,FIRE/image_component/cc0034,S,ok,True,False,0.8996960486322189,1.0905279901214993,0.0002648076019535194,False,False,False,403.46192540247154,False,0.0024759038285698414
FIRE/S33|canonical,FIRE/S33,canonical,FIRE,FIRE/image_component/cc0034,S,ok,True,False,0.9257142857142857,1.0755504415425206,0.00026117067675923824,False,False,False,217.187592157427,False,0.00459387847716348
FIRE/S35|canonical,FIRE/S35,canonical,FIRE,FIRE/image_component/cc0034,S,ok,True,False,0.8850574712643678,1.4999909866591117,0.00036423550768727956,False,False,False,102.44714005870014,False,0.009717743171930372
FIRE/S37|canonical,FIRE/S37,canonical,FIRE,FIRE/image_component/cc0034,S,ok,True,False,0.9083094555873925,2.0089189558175917,0.00048781600841786316,False,False,False,474.59503383576373,False,0.002105214468319417
FIRE/S39|canonical,FIRE/S39,canonical,FIRE,FIRE/image_component/cc0034,S,ok,True,False,0.8727272727272727,1.7570357344923078,0.00042665243222754024,False,False,False,94.9660050284856,False,0.010489127685557327
FIRE/S41|canonical,FIRE/S41,canonical,FIRE,FIRE/image_component/cc0034,S,ok,True,False,0.9055555555555556,1.7389358851781112,0.00042225733394851445,False,False,False,267.25882238022797,False,0.0037347747907145483
FIRE/S43|canonical,FIRE/S43,canonical,FIRE,FIRE/image_component/cc0035,S,ok,True,False,0.9117647058823529,1.6300199327967477,0.00039580980355419677,False,False,False,86.84510814880673,False,0.011455353665867241
FIRE/S45|canonical,FIRE/S45,canonical,FIRE,FIRE/image_component/cc0035,S,ok,True,False,0.9017199017199017,1.1985791922399371,0.0002910451492520447,False,False,False,346.9825500409709,False,0.0028781565796751445
FIRE/S47|canonical,FIRE/S47,canonical,FIRE,FIRE/image_component/cc0036,S,ok,True,False,0.8814016172506739,1.3294267226842096,0.00032281821796037517,False,False,False,331.5330064433855,False,0.0030125494440954815
FIRE/S49|canonical,FIRE/S49,canonical,FIRE,FIRE/image_component/cc0036,S,ok,True,False,0.9207161125319693,2.0800521997166213,0.000505088947679127,False,False,False,74.41302489391202,False,0.01335011732104034
FIRE/S51|canonical,FIRE/S51,canonical,FIRE,FIRE/image_component/cc0036,S,ok,True,False,0.8846153846153846,0.979869006815074,0.00023793681984665737,False,False,False,197.42606352750389,False,0.0050531515779289994
FIRE/S53|canonical,FIRE/S53,canonical,FIRE,FIRE/image_component/cc0037,S,ok,True,False,0.9326145552560647,3.1675824782928053,0.000769168629934249,False,False,False,84.79057268840943,False,0.011727244060677471
FIRE/S55|canonical,FIRE/S55,canonical,FIRE,FIRE/image_component/cc0010,S,ok,True,False,0.914004914004914,1.2978576125358854,0.0003151524446561495,False,False,False,233.11717856009716,False,0.004282440907069706
FIRE/S57|canonical,FIRE/S57,canonical,FIRE,FIRE/image_component/cc0010,S,ok,True,False,0.8976190476190476,1.429063556557877,0.0003470125451884067,False,False,False,143.5203329825731,False,0.006943541627129726
FIRE/S59|canonical,FIRE/S59,canonical,FIRE,FIRE/image_component/cc0038,S,ok,True,False,0.9316770186335404,2.6290774404326647,0.0006384060736244879,False,False,False,44.700773006957526,False,0.022139370828235062
FIRE/S61|canonical,FIRE/S61,canonical,FIRE,FIRE/image_component/cc0039,S,ok,True,False,0.8881118881118881,0.913753551386624,0.00022188232572760037,False,False,False,365.54910553272407,False,0.0027319477054101246
FIRE/S63|canonical,FIRE/S63,canonical,FIRE,FIRE/image_component/cc0040,S,ok,True,False,0.9060913705583756,2.6572094720615236,0.000645237237887304,False,False,False,44.544133342121405,False,0.02224777164404094
FIRE/S65|canonical,FIRE/S65,canonical,FIRE,FIRE/image_component/cc0008,S,ok,True,False,0.8737864077669902,1.4718372089900478,0.00035739906293940407,False,False,False,131.71375173468087,False,0.007567585617657918
FIRE/S67|canonical,FIRE/S67,canonical,FIRE,FIRE/image_component/cc0041,S,ok,True,False,0.8738095238095238,1.3277974754033233,0.0003224225957761223,False,False,False,93.36332606802651,False,0.010657745349717128
FIRE/S69|canonical,FIRE/S69,canonical,FIRE,FIRE/image_component/cc0009,S,ok,True,False,0.8873239436619719,3.5524921744035085,0.0008626343772777694,False,False,False,29.454157352541365,False,0.03347136334688539
FIRE/S71|canonical,FIRE/S71,canonical,FIRE,FIRE/image_component/cc0009,S,ok,True,False,0.9323843416370107,5.507316480975343,0.0013373148454114353,False,False,False,16.707888791201803,False,0.058491564663099786
COph100/001/001_F_GA41_BW2905_PA47_DG11_PF0_D1_S02_3__001_F_GA41_BW2905_PA50_DG11_PF0_D1_S03_8|canonical,COph100/001/001_F_GA41_BW2905_PA47_DG11_PF0_D1_S02_3__001_F_GA41_BW2905_PA50_DG11_PF0_D1_S03_8,canonical,COph100,COph100/patient/001,,ok,True,False,0.6109215017064846,2.8862956114745804,0.0036078695143432257,False,False,False,27.752604319964075,False,0.03544431066370899
COph100/002/002_M_GA40_BW4040_PA41_DG11_PF0_D1_S01_2__002_M_GA40_BW4040_PA43_DG11_PF0_D1_S02_2|canonical,COph100/002/002_M_GA40_BW4040_PA41_DG11_PF0_D1_S01_2__002_M_GA40_BW4040_PA43_DG11_PF0_D1_S02_2,canonical,COph100,COph100/patient/002,,ok,True,False,1.0,2.718976470171893,0.0033987205877148664,False,False,False,59.53386023726027,False,0.01667027431404395
COph100/003/003_F_GA41_BW3950_PA42_DG11_PF0_D1_S01_4__003_F_GA41_BW3950_PA56_DG11_PF0_D1_S02_5|canonical,COph100/003/003_F_GA41_BW3950_PA42_DG11_PF0_D1_S01_4__003_F_GA41_BW3950_PA56_DG11_PF0_D1_S02_5,canonical,COph100,COph100/patient/003,,ok,False,True,0.0,,,True,False,False,,False,
COph100/005-1/005_F_GA41_BW3400_PA48_DG11_PF0_D1_S02_1__005_F_GA41_BW3400_PA52_DG11_PF0_D1_S03_5|canonical,COph100/005-1/005_F_GA41_BW3400_PA48_DG11_PF0_D1_S02_1__005_F_GA41_BW3400_PA52_DG11_PF0_D1_S03_5,canonical,COph100,COph100/patient/005,,ok,True,False,0.94,6.043626354327716,0.007554532942909645,True,False,False,1.483490833994387,False,0.5076546140443974
COph100/007/007_F_GA31_BW950_PA33_DG11_PF0_D1_S01_1__007_F_GA31_BW950_PA35_DG11_PF0_D1_S02_6|canonical,COph100/007/007_F_GA31_BW950_PA33_DG11_PF0_D1_S01_1__007_F_GA31_BW950_PA35_DG11_PF0_D1_S02_6,canonical,COph100,COph100/patient/007,,ok,True,False,0.9885057471264368,3.6431851880021355,0.0045539814850026695,False,False,False,28.498481977241184,False,0.03448834754752582
COph100/008-1/008_F_GA39_BW2700_PA40_DG11_PF0_D1_S01_10__008_F_GA39_BW2700_PA43_DG11_PF0_D1_S03_8|canonical,COph100/008-1/008_F_GA39_BW2700_PA40_DG11_PF0_D1_S01_10__008_F_GA39_BW2700_PA43_DG11_PF0_D1_S03_8,canonical,COph100,COph100/patient/008,,ok,True,False,0.828125,5.9447944987193395,0.007430993123399174,True,False,False,2.716330050423053,False,0.3118967081787037
COph100/008-1/008_F_GA39_BW2700_PA43_DG11_PF0_D1_S03_8__008_F_GA39_BW2700_PA47_DG11_PF0_D1_S04_2|canonical,COph100/008-1/008_F_GA39_BW2700_PA43_DG11_PF0_D1_S03_8__008_F_GA39_BW2700_PA47_DG11_PF0_D1_S04_2,canonical,COph100,COph100/patient/008,,ok,True,True,0.0,255.31887568637794,0.3191485946079724,True,True,True,0.0,True,8.152927183529231
COph100/008/008_F_GA39_BW2700_PA41_DG11_PF0_D1_S02_28__008_F_GA39_BW2700_PA43_DG11_PF0_D1_S03_14|canonical,COph100/008/008_F_GA39_BW2700_PA41_DG11_PF0_D1_S02_28__008_F_GA39_BW2700_PA43_DG11_PF0_D1_S03_14,canonical,COph100,COph100/patient/008,,ok,True,False,0.9545454545454546,2.7976853376442703,0.003497106672055338,False,False,False,18.44026215430176,False,0.05282980063064516
COph100/009/009_M_GA38_BW2850_PA39_DG11_PF0_D1_S01_7__009_M_GA38_BW2850_PA42_DG11_PF0_D1_S02_2|canonical,COph100/009/009_M_GA38_BW2850_PA39_DG11_PF0_D1_S01_7__009_M_GA38_BW2850_PA42_DG11_PF0_D1_S02_2,canonical,COph100,COph100/patient/009,,ok,True,False,0.9456521739130435,5.019452906815086,0.006274316133518858,True,False,False,16.06022089009216,False,0.06039994219307784
COph100/010/010_M_GA39_BW3550_PA39_DG11_PF0_D1_S01_2__010_M_GA39_BW3550_PA60_DG11_PF0_D1_S05_3|canonical,COph100/010/010_M_GA39_BW3550_PA39_DG11_PF0_D1_S01_2__010_M_GA39_BW3550_PA60_DG11_PF0_D1_S05_3,canonical,COph100,COph100/patient/010,,ok,False,True,0.0,,,True,False,False,,False,
COph100/010/010_M_GA39_BW3550_PA50_DG11_PF0_D1_S03_3__010_M_GA39_BW3550_PA53_DG11_PF0_D1_S04_7|canonical,COph100/010/010_M_GA39_BW3550_PA50_DG11_PF0_D1_S03_3__010_M_GA39_BW3550_PA53_DG11_PF0_D1_S04_7,canonical,COph100,COph100/patient/010,,ok,True,False,0.9,4.256227871063389,0.005320284838829237,True,False,False,7.072716228005979,False,0.13208437830165426
COph100/011-1/011_M_GA40_BW3510_PA72_DG10_PF0_D1_S01_9__011_M_GA40_BW3510_PA89_DG10_PF0_D1_S02_3|canonical,COph100/011-1/011_M_GA40_BW3510_PA72_DG10_PF0_D1_S01_9__011_M_GA40_BW3510_PA89_DG10_PF0_D1_S02_3,canonical,COph100,COph100/patient/011,,ok,True,False,0.875,4.0643196179546885,0.0050803995224433605,True,False,False,1.0286371786660824,False,0.6615221659895157
COph100/011/011_M_GA40_BW3510_PA89_DG10_PF0_D1_S02_14__011_M_GA40_BW3510_PA113_DG10_PF0_D1_S03_2|canonical,COph100/011/011_M_GA40_BW3510_PA89_DG10_PF0_D1_S02_14__011_M_GA40_BW3510_PA113_DG10_PF0_D1_S03_2,canonical,COph100,COph100/patient/011,,ok,True,False,0.9294117647058824,6.965905677945838,0.008707382097432298,True,False,False,3.4387601368060112,False,0.2542593922584545
COph100/013-1/013_F_GA39_BW3390_PA40_DG11_PF0_D1_S01_9__013_F_GA39_BW3390_PA45_DG11_PF0_D1_S03_19|canonical,COph100/013-1/013_F_GA39_BW3390_PA40_DG11_PF0_D1_S01_9__013_F_GA39_BW3390_PA45_DG11_PF0_D1_S03_19,canonical,COph100,COph100/patient/013,,ok,False,True,0.0,,,True,False,False,,False,
COph100/013/013_F_GA39_BW3390_PA42_DG11_PF0_D1_S02_14__013_F_GA39_BW3390_PA45_DG11_PF0_D1_S03_11|canonical,COph100/013/013_F_GA39_BW3390_PA42_DG11_PF0_D1_S02_14__013_F_GA39_BW3390_PA45_DG11_PF0_D1_S03_11,canonical,COph100,COph100/patient/013,,ok,True,False,0.945,5.116495129080617,0.006395618911350771,True,False,False,3.558801186071476,False,0.24656034310506197
COph100/017-1/017_M_GA31_BW1660_PA33_DG11_PF0_D1_S01_6__017_M_GA31_BW1660_PA37_DG11_PF0_D1_S02_16|canonical,COph100/017-1/017_M_GA31_BW1660_PA33_DG11_PF0_D1_S01_6__017_M_GA31_BW1660_PA37_DG11_PF0_D1_S02_16,canonical,COph100,COph100/patient/017,,ok,True,True,0.0,245.38874907577446,0.3067359363447181,True,True,True,0.0,True,4.683254111186092
COph100/019/019_M_GA35_BW3050_PA41_DG11_PF0_D1_S02_8__019_M_GA35_BW3050_PA53_DG11_PF0_D1_S04_2|canonical,COph100/019/019_M_GA35_BW3050_PA41_DG11_PF0_D1_S02_8__019_M_GA35_BW3050_PA53_DG11_PF0_D1_S04_2,canonical,COph100,COph100/patient/019,,ok,True,True,0.0,233.7523380464016,0.292190422558002,True,True,True,0.0,True,9.173338982024228
COph100/020/020_F_GA39_BW3600_PA47_DG11_PF0_D1_S02_1__020_F_GA39_BW3600_PA54_DG11_PF0_D1_S03_1|canonical,COph100/020/020_F_GA39_BW3600_PA47_DG11_PF0_D1_S02_1__020_F_GA39_BW3600_PA54_DG11_PF0_D1_S03_1,canonical,COph100,COph100/patient/020,,ok,True,False,0.9425287356321839,3.307449251024905,0.004134311563781131,False,False,False,11.857700137994017,False,0.08112641822496576
COph100/021/021_M_GA41_BW3670_PA42_DG11_PF0_D1_S01_1__021_M_GA41_BW3670_PA43_DG11_PF0_D1_S02_10|canonical,COph100/021/021_M_GA41_BW3670_PA42_DG11_PF0_D1_S01_1__021_M_GA41_BW3670_PA43_DG11_PF0_D1_S02_10,canonical,COph100,COph100/patient/021,,ok,True,False,0.9936708860759493,2.8246913304206944,0.003530864163025868,False,False,False,28.936210053053703,False,0.03399576242790387
COph100/022/022_M_GA40_BW3400_PA41_DG11_PF0_D1_S01_2__022_M_GA40_BW3400_PA44_DG11_PF0_D1_S02_8|canonical,COph100/022/022_M_GA40_BW3400_PA41_DG11_PF0_D1_S01_2__022_M_GA40_BW3400_PA44_DG11_PF0_D1_S02_8,canonical,COph100,COph100/patient/022,,ok,True,True,0.0,255.16648575152698,0.3189581071894087,True,True,True,0.0,True,4.942479320333297
COph100/025-1/025_F_GA35_BW2370_PA36_DG11_PF0_D1_S01_5__025_F_GA35_BW2370_PA41_DG11_PF0_D1_S02_5|canonical,COph100/025-1/025_F_GA35_BW2370_PA36_DG11_PF0_D1_S01_5__025_F_GA35_BW2370_PA41_DG11_PF0_D1_S02_5,canonical,COph100,COph100/patient/025,,ok,True,False,0.8518518518518519,18.186024634266385,0.02273253079283298,True,False,False,4.171468245391169,False,0.2164241673233988
COph100/026-1/026_M_GA33_BW1700_PA34_DG11_PF0_D1_S01_10__026_M_GA33_BW1700_PA40_DG11_PF0_D1_S04_1|canonical,COph100/026-1/026_M_GA33_BW1700_PA34_DG11_PF0_D1_S01_10__026_M_GA33_BW1700_PA40_DG11_PF0_D1_S04_1,canonical,COph100,COph100/patient/026,,ok,True,False,0.5714285714285714,18.903560218321907,0.023629450272902384,True,False,False,1.1119426538855588,False,0.6343263683314873
COph100/026-1/026_M_GA33_BW1700_PA36_DG11_PF0_D1_S02_6__026_M_GA33_BW1700_PA42_DG11_PF0_D1_S05_6|canonical,COph100/026-1/026_M_GA33_BW1700_PA36_DG11_PF0_D1_S02_6__026_M_GA33_BW1700_PA42_DG11_PF0_D1_S05_6,canonical,COph100,COph100/patient/026,,ok,True,False,0.8,9.889179158905218,0.012361473948631524,True,False,False,1.070843654060857,False,0.6549358417360078
COph100/026/026_M_GA33_BW1700_PA34_DG11_PF0_D1_S01_2__026_M_GA33_BW1700_PA36_DG11_PF0_D1_S02_10|canonical,COph100/026/026_M_GA33_BW1700_PA34_DG11_PF0_D1_S01_2__026_M_GA33_BW1700_PA36_DG11_PF0_D1_S02_10,canonical,COph100,COph100/patient/026,,ok,True,False,0.8923076923076924,3.655672372960538,0.004569590466200673,False,False,False,12.395921097135389,False,0.07798218155910955
COph100/026/026_M_GA33_BW1700_PA36_DG11_PF0_D1_S02_10__026_M_GA33_BW1700_PA38_DG11_PF0_D1_S03_2|canonical,COph100/026/026_M_GA33_BW1700_PA36_DG11_PF0_D1_S02_10__026_M_GA33_BW1700_PA38_DG11_PF0_D1_S03_2,canonical,COph100,COph100/patient/026,,ok,True,False,0.9669421487603306,4.399283340499336,0.00549910417562417,True,False,False,12.945678821989908,False,0.0749446455648106
COph100/026/026_M_GA33_BW1700_PA38_DG11_PF0_D1_S03_2__026_M_GA33_BW1700_PA42_DG11_PF0_D1_S05_8|canonical,COph100/026/026_M_GA33_BW1700_PA38_DG11_PF0_D1_S03_2__026_M_GA33_BW1700_PA42_DG11_PF0_D1_S05_8,canonical,COph100,COph100/patient/026,,ok,True,True,0.0,256.0438675484504,0.320054834435563,True,True,True,0.0,True,4.1554525875980435
COph100/027/027_F_GA31_BW1460_PA33_DG11_PF0_D1_S01_4__027_F_GA31_BW1460_PA40_DG11_PF0_D1_S04_7|canonical,COph100/027/027_F_GA31_BW1460_PA33_DG11_PF0_D1_S01_4__027_F_GA31_BW1460_PA40_DG11_PF0_D1_S04_7,canonical,COph100,COph100/patient/027,,ok,False,True,0.0,,,True,False,False,,False,
COph100/028-1/028_F_GA32_BW1760_PA33_DG0_PF0_D1_S01_6__028_F_GA32_BW1760_PA38_DG0_PF0_D1_S02_7|canonical,COph100/028-1/028_F_GA32_BW1760_PA33_DG0_PF0_D1_S01_6__028_F_GA32_BW1760_PA38_DG0_PF0_D1_S02_7,canonical,COph100,COph100/patient/028,,ok,True,True,0.0,433.0730496073309,0.5413413120091637,True,True,True,0.0,True,49.81654695429106
COph100/028/028_F_GA32_BW1760_PA33_DG0_PF0_D1_S01_2__028_F_GA32_BW1760_PA41_DG0_PF0_D1_S03_2|canonical,COph100/028/028_F_GA32_BW1760_PA33_DG0_PF0_D1_S01_2__028_F_GA32_BW1760_PA41_DG0_PF0_D1_S03_2,canonical,COph100,COph100/patient/028,,ok,True,False,0.9375,10.18299784126405,0.012728747301580063,True,False,False,3.774660906637309,False,0.23665001399898766
COph100/031-1/031_M_GA25_BW910_PA32_DG2_PF0_D1_S01_6__031_M_GA25_BW910_PA35_DG3_PF0_D1_S04_7|canonical,COph100/031-1/031_M_GA25_BW910_PA32_DG2_PF0_D1_S01_6__031_M_GA25_BW910_PA35_DG3_PF0_D1_S04_7,canonical,COph100,COph100/patient/031,,ok,False,True,0.0,,,True,False,False,,False,
COph100/031-1/031_M_GA25_BW910_PA32_DG2_PF0_D1_S01_6__031_M_GA25_BW910_PA40_DG2_PF0_D1_S08_4|canonical,COph100/031-1/031_M_GA25_BW910_PA32_DG2_PF0_D1_S01_6__031_M_GA25_BW910_PA40_DG2_PF0_D1_S08_4,canonical,COph100,COph100/patient/031,,ok,False,True,0.0,,,True,False,False,,False,
COph100/031-1/031_M_GA25_BW910_PA33_DG3_PF0_D1_S02_8__031_M_GA25_BW910_PA36_DG3_PF0_D1_S05_10|canonical,COph100/031-1/031_M_GA25_BW910_PA33_DG3_PF0_D1_S02_8__031_M_GA25_BW910_PA36_DG3_PF0_D1_S05_10,canonical,COph100,COph100/patient/031,,ok,True,True,0.0,188.79646218281385,0.23599557772851731,True,True,True,0.0,True,5.185627425789819
COph100/031-1/031_M_GA25_BW910_PA33_DG3_PF0_D1_S02_8__031_M_GA25_BW910_PA43_DG9_PF0_D1_S09_4|canonical,COph100/031-1/031_M_GA25_BW910_PA33_DG3_PF0_D1_S02_8__031_M_GA25_BW910_PA43_DG9_PF0_D1_S09_4,canonical,COph100,COph100/patient/031,,ok,True,False,0.75,10.779958477854397,0.013474948097317996,True,False,False,1.1968648016196282,False,0.5899108491616524
COph100/031-1/031_M_GA25_BW910_PA34_DG3_PF0_D1_S03_4__031_M_GA25_BW910_PA38_DG3_PF0_D1_S07_3|canonical,COph100/031-1/031_M_GA25_BW910_PA34_DG3_PF0_D1_S03_4__031_M_GA25_BW910_PA38_DG3_PF0_D1_S07_3,canonical,COph100,COph100/patient/031,,ok,True,False,1.0,1.771219000712368,0.00221402375089046,False,False,False,22.708574160656624,False,0.04341699789180791
COph100/031-1/031_M_GA25_BW910_PA35_DG3_PF0_D1_S04_7__031_M_GA25_BW910_PA37_DG3_PF0_D1_S06_10|canonical,COph100/031-1/031_M_GA25_BW910_PA35_DG3_PF0_D1_S04_7__031_M_GA25_BW910_PA37_DG3_PF0_D1_S06_10,canonical,COph100,COph100/patient/031,,ok,True,False,0.9246231155778895,3.2700777072062883,0.0040875971340078605,False,False,False,38.84455789525413,False,0.02550315665523058
COph100/031-1/031_M_GA25_BW910_PA36_DG3_PF0_D1_S05_10__031_M_GA25_BW910_PA37_DG3_PF0_D1_S06_10|canonical,COph100/031-1/031_M_GA25_BW910_PA36_DG3_PF0_D1_S05_10__031_M_GA25_BW910_PA37_DG3_PF0_D1_S06_10,canonical,COph100,COph100/patient/031,,ok,True,False,0.964824120603015,2.1919115072963735,0.002739889384120467,False,False,False,11.30168299098051,False,0.08545094347538709
COph100/031-1/031_M_GA25_BW910_PA37_DG3_PF0_D1_S06_10__031_M_GA25_BW910_PA38_DG3_PF0_D1_S07_3|canonical,COph100/031-1/031_M_GA25_BW910_PA37_DG3_PF0_D1_S06_10__031_M_GA25_BW910_PA38_DG3_PF0_D1_S07_3,canonical,COph100,COph100/patient/031,,ok,True,False,0.9656862745098039,1.7360255949754002,0.0021700319937192503,False,False,False,58.355604141888264,False,0.017008980006944344
COph100/031-1/031_M_GA25_BW910_PA38_DG3_PF0_D1_S07_3__031_M_GA25_BW910_PA43_DG9_PF0_D1_S09_4|canonical,COph100/031-1/031_M_GA25_BW910_PA38_DG3_PF0_D1_S07_3__031_M_GA25_BW910_PA43_DG9_PF0_D1_S09_4,canonical,COph100,COph100/patient/031,,ok,True,False,0.8793103448275862,3.641050636778938,0.004551313295973672,False,False,False,4.759213708072743,False,0.1933177985436325
COph100/031/031_M_GA25_BW910_PA32_DG2_PF0_D1_S01_1__031_M_GA25_BW910_PA35_DG3_PF0_D1_S04_1|canonical,COph100/031/031_M_GA25_BW910_PA32_DG2_PF0_D1_S01_1__031_M_GA25_BW910_PA35_DG3_PF0_D1_S04_1,canonical,COph100,COph100/patient/031,,ok,True,True,0.0,300.8295627300433,0.3760369534125541,True,True,True,0.0,True,12.434788290930001
COph100/031/031_M_GA25_BW910_PA32_DG2_PF0_D1_S01_1__031_M_GA25_BW910_PA40_DG2_PF0_D1_S08_6|canonical,COph100/031/031_M_GA25_BW910_PA32_DG2_PF0_D1_S01_1__031_M_GA25_BW910_PA40_DG2_PF0_D1_S08_6,canonical,COph100,COph100/patient/031,,ok,True,False,0.6666666666666666,16.906731356089107,0.021133414195111385,True,False,False,0.5075102553660028,False,1.1080999773531726
COph100/031/031_M_GA25_BW910_PA33_DG3_PF0_D1_S02_1__031_M_GA25_BW910_PA36_DG3_PF0_D1_S05_6|canonical,COph100/031/031_M_GA25_BW910_PA33_DG3_PF0_D1_S02_1__031_M_GA25_BW910_PA36_DG3_PF0_D1_S05_6,canonical,COph100,COph100/patient/031,,ok,True,False,0.9390243902439024,3.8358901875071836,0.004794862734383979,False,False,False,15.621530602287418,False,0.06213705113260354
COph100/031/031_M_GA25_BW910_PA33_DG3_PF0_D1_S02_1__031_M_GA25_BW910_PA43_DG9_PF0_D1_S09_8|canonical,COph100/031/031_M_GA25_BW910_PA33_DG3_PF0_D1_S02_1__031_M_GA25_BW910_PA43_DG9_PF0_D1_S09_8,canonical,COph100,COph100/patient/031,,ok,True,False,0.8695652173913043,24.14122353634412,0.030176529420430153,True,False,False,0.49895258911270046,False,1.0011789285583788
COph100/031/031_M_GA25_BW910_PA34_DG3_PF0_D1_S03_11__031_M_GA25_BW910_PA38_DG3_PF0_D1_S07_5|canonical,COph100/031/031_M_GA25_BW910_PA34_DG3_PF0_D1_S03_11__031_M_GA25_BW910_PA38_DG3_PF0_D1_S07_5,canonical,COph100,COph100/patient/031,,ok,True,False,0.9342105263157895,1.7406487706501337,0.0021758109633126673,False,False,False,15.995378830963855,False,0.06067227554353468
COph100/031/031_M_GA25_BW910_PA35_DG3_PF0_D1_S04_1__031_M_GA25_BW910_PA37_DG3_PF0_D1_S06_3|canonical,COph100/031/031_M_GA25_BW910_PA35_DG3_PF0_D1_S04_1__031_M_GA25_BW910_PA37_DG3_PF0_D1_S06_3,canonical,COph100,COph100/patient/031,,ok,True,False,0.9668874172185431,1.8281750367690357,0.0022852187959612946,False,False,False,11.269432656822111,False,0.08508913925496168
COph100/031/031_M_GA25_BW910_PA36_DG3_PF0_D1_S05_6__031_M_GA25_BW910_PA37_DG3_PF0_D1_S06_3|canonical,COph100/031/031_M_GA25_BW910_PA36_DG3_PF0_D1_S05_6__031_M_GA25_BW910_PA37_DG3_PF0_D1_S06_3,canonical,COph100,COph100/patient/031,,ok,True,False,0.9937888198757764,1.1034021179883824,0.001379252647485478,False,False,False,14.752934812989798,False,0.06562875792294418
COph100/031/031_M_GA25_BW910_PA37_DG3_PF0_D1_S06_3__031_M_GA25_BW910_PA38_DG3_PF0_D1_S07_5|canonical,COph100/031/031_M_GA25_BW910_PA37_DG3_PF0_D1_S06_3__031_M_GA25_BW910_PA38_DG3_PF0_D1_S07_5,canonical,COph100,COph100/patient/031,,ok,True,False,0.9541284403669725,1.731478154606354,0.0021643476932579424,False,False,False,19.216371613751992,False,0.0507794918173031
COph100/031/031_M_GA25_BW910_PA38_DG3_PF0_D1_S07_5__031_M_GA25_BW910_PA43_DG9_PF0_D1_S09_8|canonical,COph100/031/031_M_GA25_BW910_PA38_DG3_PF0_D1_S07_5__031_M_GA25_BW910_PA43_DG9_PF0_D1_S09_8,canonical,COph100,COph100/patient/031,,ok,True,False,0.9125,3.5335926484099622,0.004416990810512453,False,False,False,4.190156711935132,False,0.2146701842936686
COph100/033/033_M_GA30_BW1250_PA33_DG0_PF0_D1_S02_1__033_M_GA30_BW1250_PA36_DG0_PF0_D1_S03_7|canonical,COph100/033/033_M_GA30_BW1250_PA33_DG0_PF0_D1_S02_1__033_M_GA30_BW1250_PA36_DG0_PF0_D1_S03_7,canonical,COph100,COph100/patient/033,,ok,True,False,0.8409090909090909,4.420288282850834,0.005525360353563542,True,False,False,34.41778155084231,False,0.028668216526929163
COph100/040/040_M_GA32_BW1770_PA36_DG12_PF0_D1_S01_5__040_M_GA32_BW1770_PA40_DG12_PF0_D1_S03_3|canonical,COph100/040/040_M_GA32_BW1770_PA36_DG12_PF0_D1_S01_5__040_M_GA32_BW1770_PA40_DG12_PF0_D1_S03_3,canonical,COph100,COph100/patient/040,,ok,True,False,0.945054945054945,6.373547757095825,0.007966934696369781,True,False,False,41.61781594495375,False,0.023748215152382138
COph100/040/040_M_GA32_BW1770_PA40_DG12_PF0_D1_S03_3__040_M_GA32_BW1770_PA55_DG12_PF0_D1_S04_2|canonical,COph100/040/040_M_GA32_BW1770_PA40_DG12_PF0_D1_S03_3__040_M_GA32_BW1770_PA55_DG12_PF0_D1_S04_2,canonical,COph100,COph100/patient/040,,ok,True,True,0.0,202.94069393225354,0.25367586741531695,True,True,True,0.0,True,5.418528211872239
COph100/041/041_M_GA32_BW1770_PA38_DG0_PF0_D1_S02_6__041_M_GA32_BW1770_PA40_DG0_PF0_D1_S03_2|canonical,COph100/041/041_M_GA32_BW1770_PA38_DG0_PF0_D1_S02_6__041_M_GA32_BW1770_PA40_DG0_PF0_D1_S03_2,canonical,COph100,COph100/patient/041,,ok,True,False,0.9551282051282052,18.00276377651312,0.0225034547206414,True,False,False,15.939526036210246,False,0.06088338255817609
COph100/044-1/044_F_GA31_BW1370_PA34_DG0_PF0_D1_S01_5__044_F_GA31_BW1370_PA42_DG0_PF0_D1_S03_7|canonical,COph100/044-1/044_F_GA31_BW1370_PA34_DG0_PF0_D1_S01_5__044_F_GA31_BW1370_PA42_DG0_PF0_D1_S03_7,canonical,COph100,COph100/patient/044,,ok,True,False,0.9433962264150944,11.227107970566681,0.014033884963208352,True,False,False,21.22816849744402,False,0.04612250474871768
COph100/044/044_F_GA31_BW1370_PA35_DG0_PF0_D1_S02_3__044_F_GA31_BW1370_PA42_DG0_PF0_D1_S03_3|canonical,COph100/044/044_F_GA31_BW1370_PA35_DG0_PF0_D1_S02_3__044_F_GA31_BW1370_PA42_DG0_PF0_D1_S03_3,canonical,COph100,COph100/patient/044,,ok,False,True,0.0,,,True,False,False,,False,
COph100/047-1/047_F_GA32_BW1730_PA33_DG0_PF0_D1_S01_6__047_F_GA32_BW1730_PA40_DG0_PF0_D1_S03_9|canonical,COph100/047-1/047_F_GA32_BW1730_PA33_DG0_PF0_D1_S01_6__047_F_GA32_BW1730_PA40_DG0_PF0_D1_S03_9,canonical,COph100,COph100/patient/047,,ok,True,False,0.9270833333333334,10.522849063797965,0.013153561329747456,True,False,False,185.37729055860808,False,0.00538062867489582
COph100/047/047_F_GA32_BW1730_PA38_DG0_PF0_D1_S02_1__047_F_GA32_BW1730_PA40_DG0_PF0_D1_S03_7|canonical,COph100/047/047_F_GA32_BW1730_PA38_DG0_PF0_D1_S02_1__047_F_GA32_BW1730_PA40_DG0_PF0_D1_S03_7,canonical,COph100,COph100/patient/047,,ok,True,False,0.811377245508982,2.4929759305303074,0.0031162199131628842,False,False,False,243.76221114325676,False,0.0040945057572854705
COph100/048/048_F_GA32_BW1680_PA33_DG0_PF0_D1_S01_7__048_F_GA32_BW1680_PA38_DG0_PF0_D1_S02_8|canonical,COph100/048/048_F_GA32_BW1680_PA33_DG0_PF0_D1_S01_7__048_F_GA32_BW1680_PA38_DG0_PF0_D1_S02_8,canonical,COph100,COph100/patient/048,,ok,True,False,0.9692307692307692,10.350043134771285,0.012937553918464106,True,False,False,17.26461964110328,False,0.056695000166351595
COph100/049-1/049_F_GA30_BW1220_PA32_DG0_PF0_D1_S01_9__049_F_GA30_BW1220_PA36_DG0_PF0_D1_S03_6|canonical,COph100/049-1/049_F_GA30_BW1220_PA32_DG0_PF0_D1_S01_9__049_F_GA30_BW1220_PA36_DG0_PF0_D1_S03_6,canonical,COph100,COph100/patient/049,,ok,True,True,0.0,46.78584099372701,0.05848230124215876,True,False,False,0.6395218035007302,False,0.9014361112757905
COph100/049/049_F_GA30_BW1220_PA34_DG0_PF0_D1_S02_2__049_F_GA30_BW1220_PA36_DG0_PF0_D1_S03_1|canonical,COph100/049/049_F_GA30_BW1220_PA34_DG0_PF0_D1_S02_2__049_F_GA30_BW1220_PA36_DG0_PF0_D1_S03_1,canonical,COph100,COph100/patient/049,,ok,True,False,0.8,3.880622851137994,0.004850778563922493,False,False,False,8.769717561754902,False,0.10849612589042401
COph100/050/050_M_GA32_BW1790_PA33_DG0_PF0_D1_S01_6__050_M_GA32_BW1790_PA38_DG0_PF0_D1_S02_2|canonical,COph100/050/050_M_GA32_BW1790_PA33_DG0_PF0_D1_S01_6__050_M_GA32_BW1790_PA38_DG0_PF0_D1_S02_2,canonical,COph100,COph100/patient/050,,ok,True,False,0.9494949494949495,5.050330712696653,0.006312913390870816,True,False,False,29.991170027284035,False,0.032797852877651044
COph100/051-1/051_F_GA24_BW600_PA35_DG3_PF0_D1_S01_10__051_F_GA24_BW600_PA42_DG3_PF0_D1_S03_3|canonical,COph100/051-1/051_F_GA24_BW600_PA35_DG3_PF0_D1_S01_10__051_F_GA24_BW600_PA42_DG3_PF0_D1_S03_3,canonical,COph100,COph100/patient/051,,ok,True,True,0.0,260.7415221004329,0.32592690262554114,True,True,True,0.0,True,12.637239894720222
COph100/051-1/051_F_GA24_BW600_PA42_DG3_PF0_D1_S03_3__051_F_GA24_BW600_PA46_DG9_PF0_D1_S04_2|canonical,COph100/051-1/051_F_GA24_BW600_PA42_DG3_PF0_D1_S03_3__051_F_GA24_BW600_PA46_DG9_PF0_D1_S04_2,canonical,COph100,COph100/patient/051,,ok,True,False,0.9195402298850575,6.586361025080491,0.008232951281350613,True,False,False,6.1581667678076775,False,0.15021909781936515
COph100/051/051_F_GA24_BW600_PA36_DG3_PF0_D1_S02_3__051_F_GA24_BW600_PA42_DG3_PF0_D1_S03_11|canonical,COph100/051/051_F_GA24_BW600_PA36_DG3_PF0_D1_S02_3__051_F_GA24_BW600_PA42_DG3_PF0_D1_S03_11,canonical,COph100,COph100/patient/051,,ok,True,False,0.8828125,2.7531419613632964,0.0034414274517041207,False,False,False,8.173151503051097,False,0.11646369037278934
COph100/052-1/052_M_GA26_BW820_PA31_DG1_PF0_D1_S01_6__052_M_GA26_BW820_PA33_DG3_PF0_D1_S03_6|canonical,COph100/052-1/052_M_GA26_BW820_PA31_DG1_PF0_D1_S01_6__052_M_GA26_BW820_PA33_DG3_PF0_D1_S03_6,canonical,COph100,COph100/patient/052,,ok,True,False,0.9733333333333334,4.704698771886589,0.005880873464858236,True,False,False,12.213278513403209,False,0.0789546975466327
COph100/052-1/052_M_GA26_BW820_PA31_DG1_PF0_D1_S01_6__052_M_GA26_BW820_PA46_DG2_PF0_D1_S07_2|canonical,COph100/052-1/052_M_GA26_BW820_PA31_DG1_PF0_D1_S01_6__052_M_GA26_BW820_PA46_DG2_PF0_D1_S07_2,canonical,COph100,COph100/patient/052,,ok,True,False,0.8695652173913043,16.940168574951322,0.021175210718689153,True,False,False,16.66086138814552,False,0.05869153420239941
COph100/052-1/052_M_GA26_BW820_PA32_DG2_PF0_D1_S02_7__052_M_GA26_BW820_PA36_DG3_PF0_D1_S05_8|canonical,COph100/052-1/052_M_GA26_BW820_PA32_DG2_PF0_D1_S02_7__052_M_GA26_BW820_PA36_DG3_PF0_D1_S05_8,canonical,COph100,COph100/patient/052,,ok,True,False,0.9352941176470588,6.015849227972259,0.007519811534965324,True,False,False,31.41700566999708,False,0.031513099127569166
COph100/052-1/052_M_GA26_BW820_PA33_DG3_PF0_D1_S03_6__052_M_GA26_BW820_PA34_DG3_PF0_D1_S04_7|canonical,COph100/052-1/052_M_GA26_BW820_PA33_DG3_PF0_D1_S03_6__052_M_GA26_BW820_PA34_DG3_PF0_D1_S04_7,canonical,COph100,COph100/patient/052,,ok,True,False,0.7112970711297071,2.847357683121546,0.0035591971039019327,False,False,False,12.786108625634414,False,0.07584174752206504
COph100/052-1/052_M_GA26_BW820_PA33_DG3_PF0_D1_S03_6__052_M_GA26_BW820_PA75_DG9_PF0_D1_S08_8|canonical,COph100/052-1/052_M_GA26_BW820_PA33_DG3_PF0_D1_S03_6__052_M_GA26_BW820_PA75_DG9_PF0_D1_S08_8,canonical,COph100,COph100/patient/052,,ok,False,True,0.0,,,True,False,False,,False,
COph100/052-1/052_M_GA26_BW820_PA34_DG3_PF0_D1_S04_7__052_M_GA26_BW820_PA75_DG9_PF0_D1_S08_8|canonical,COph100/052-1/052_M_GA26_BW820_PA34_DG3_PF0_D1_S04_7__052_M_GA26_BW820_PA75_DG9_PF0_D1_S08_8,canonical,COph100,COph100/patient/052,,ok,True,False,0.8333333333333334,7.721542106089878,0.009651927632612347,True,False,False,2.797534967211863,False,0.30334528344602096
COph100/052-1/052_M_GA26_BW820_PA42_DG3_PF0_D1_S06_4__052_M_GA26_BW820_PA46_DG2_PF0_D1_S07_2|canonical,COph100/052-1/052_M_GA26_BW820_PA42_DG3_PF0_D1_S06_4__052_M_GA26_BW820_PA46_DG2_PF0_D1_S07_2,canonical,COph100,COph100/patient/052,,ok,True,False,0.9781420765027322,2.0615031021984613,0.002576878877748077,False,False,False,24.282603372555528,False,0.04045918204763441
COph100/052/052_M_GA26_BW820_PA31_DG1_PF0_D1_S01_3__052_M_GA26_BW820_PA33_DG3_PF0_D1_S03_11|canonical,COph100/052/052_M_GA26_BW820_PA31_DG1_PF0_D1_S01_3__052_M_GA26_BW820_PA33_DG3_PF0_D1_S03_11,canonical,COph100,COph100/patient/052,,ok,True,False,0.9864864864864865,4.07702551264377,0.005096281890804712,True,False,False,16.30589795471345,False,0.05953635559451613
COph100/052/052_M_GA26_BW820_PA31_DG1_PF0_D1_S01_3__052_M_GA26_BW820_PA46_DG2_PF0_D1_S07_6|canonical,COph100/052/052_M_GA26_BW820_PA31_DG1_PF0_D1_S01_3__052_M_GA26_BW820_PA46_DG2_PF0_D1_S07_6,canonical,COph100,COph100/patient/052,,ok,True,False,0.6666666666666666,27.836978614339678,0.0347962232679246,True,False,False,0.2035687941857745,False,1.5288554551580074
COph100/052/052_M_GA26_BW820_PA32_DG2_PF0_D1_S02_3__052_M_GA26_BW820_PA36_DG3_PF0_D1_S05_1|canonical,COph100/052/052_M_GA26_BW820_PA32_DG2_PF0_D1_S02_3__052_M_GA26_BW820_PA36_DG3_PF0_D1_S05_1,canonical,COph100,COph100/patient/052,,ok,True,True,0.0,126.08679951816096,0.1576084993977012,True,True,False,0.0,True,3.309842993312666
COph100/052/052_M_GA26_BW820_PA33_DG3_PF0_D1_S03_11__052_M_GA26_BW820_PA34_DG3_PF0_D1_S04_4|canonical,COph100/052/052_M_GA26_BW820_PA33_DG3_PF0_D1_S03_11__052_M_GA26_BW820_PA34_DG3_PF0_D1_S04_4,canonical,COph100,COph100/patient/052,,ok,True,False,0.7652439024390244,1.7056781545092838,0.002132097693136605,False,False,False,25.767719613244303,False,0.03808538074545154
COph100/052/052_M_GA26_BW820_PA33_DG3_PF0_D1_S03_11__052_M_GA26_BW820_PA75_DG9_PF0_D1_S08_20|canonical,COph100/052/052_M_GA26_BW820_PA33_DG3_PF0_D1_S03_11__052_M_GA26_BW820_PA75_DG9_PF0_D1_S08_20,canonical,COph100,COph100/patient/052,,ok,False,True,0.0,,,True,False,False,,False,
COph100/052/052_M_GA26_BW820_PA34_DG3_PF0_D1_S04_4__052_M_GA26_BW820_PA75_DG9_PF0_D1_S08_20|canonical,COph100/052/052_M_GA26_BW820_PA34_DG3_PF0_D1_S04_4__052_M_GA26_BW820_PA75_DG9_PF0_D1_S08_20,canonical,COph100,COph100/patient/052,,ok,False,True,0.0,,,True,False,False,,False,
COph100/052/052_M_GA26_BW820_PA42_DG3_PF0_D1_S06_14__052_M_GA26_BW820_PA46_DG2_PF0_D1_S07_6|canonical,COph100/052/052_M_GA26_BW820_PA42_DG3_PF0_D1_S06_14__052_M_GA26_BW820_PA46_DG2_PF0_D1_S07_6,canonical,COph100,COph100/patient/052,,ok,True,False,0.9386792452830188,4.207242918167753,0.005259053647709692,True,False,False,13.688334278305952,False,0.07086784790873354
COph100/054/054_M_GA29_BW1410_PA37_DG0_PF0_D1_S01_8__054_M_GA29_BW1410_PA43_DG0_PF0_D1_S02_2|canonical,COph100/054/054_M_GA29_BW1410_PA37_DG0_PF0_D1_S01_8__054_M_GA29_BW1410_PA43_DG0_PF0_D1_S02_2,canonical,COph100,COph100/patient/054,,ok,True,True,0.0,155.6761317251535,0.1945951646564419,True,True,False,0.0,True,3.282586736027602
COph100/055-1/055_M_GA38_BW3245_PA40_DG13_PF0_D1_S01_10__055_M_GA38_BW3245_PA44_DG13_PF0_D1_S05_6|canonical,COph100/055-1/055_M_GA38_BW3245_PA40_DG13_PF0_D1_S01_10__055_M_GA38_BW3245_PA44_DG13_PF0_D1_S05_6,canonical,COph100,COph100/patient/055,,ok,True,False,0.7058823529411765,4.7798207752378685,0.005974775969047335,True,False,False,9.163771526375722,False,0.10382921704347839
COph100/055-1/055_M_GA38_BW3245_PA40_DG13_PF0_D1_S01_10__055_M_GA38_BW3245_PA78_DG13_PF0_D1_S09_16|canonical,COph100/055-1/055_M_GA38_BW3245_PA40_DG13_PF0_D1_S01_10__055_M_GA38_BW3245_PA78_DG13_PF0_D1_S09_16,canonical,COph100,COph100/patient/055,,ok,False,True,0.0,,,True,False,False,,False,
COph100/055-1/055_M_GA38_BW3245_PA41_DG13_PF0_D1_S02_7__055_M_GA38_BW3245_PA45_DG13_PF0_D1_S06_6|canonical,COph100/055-1/055_M_GA38_BW3245_PA41_DG13_PF0_D1_S02_7__055_M_GA38_BW3245_PA45_DG13_PF0_D1_S06_6,canonical,COph100,COph100/patient/055,,ok,True,False,0.9591836734693877,5.613017447574595,0.007016271809468244,True,False,False,2.757119318298987,False,0.3163402201707121
COph100/055-1/055_M_GA38_BW3245_PA42_DG13_PF0_D1_S03_2__055_M_GA38_BW3245_PA43_DG13_PF0_D1_S04_5|canonical,COph100/055-1/055_M_GA38_BW3245_PA42_DG13_PF0_D1_S03_2__055_M_GA38_BW3245_PA43_DG13_PF0_D1_S04_5,canonical,COph100,COph100/patient/055,,ok,True,False,0.7235772357723578,3.110671833788188,0.0038883397922352347,False,False,False,21.851250125899476,False,0.044907071378247586
COph100/055-1/055_M_GA38_BW3245_PA42_DG13_PF0_D1_S03_2__055_M_GA38_BW3245_PA53_DG13_PF0_D1_S08_2|canonical,COph100/055-1/055_M_GA38_BW3245_PA42_DG13_PF0_D1_S03_2__055_M_GA38_BW3245_PA53_DG13_PF0_D1_S08_2,canonical,COph100,COph100/patient/055,,ok,True,False,0.9487179487179487,4.512615556015683,0.005640769445019603,True,False,False,6.541241932136152,False,0.1440187372690232
COph100/055-1/055_M_GA38_BW3245_PA43_DG13_PF0_D1_S04_5__055_M_GA38_BW3245_PA47_DG13_PF0_D1_S07_7|canonical,COph100/055-1/055_M_GA38_BW3245_PA43_DG13_PF0_D1_S04_5__055_M_GA38_BW3245_PA47_DG13_PF0_D1_S07_7,canonical,COph100,COph100/patient/055,,ok,True,False,0.9568345323741008,3.5979403437025597,0.0044974254296281995,False,False,False,2.7521892464347886,False,0.3106289781448723
COph100/055-1/055_M_GA38_BW3245_PA44_DG13_PF0_D1_S05_6__055_M_GA38_BW3245_PA47_DG13_PF0_D1_S07_7|canonical,COph100/055-1/055_M_GA38_BW3245_PA44_DG13_PF0_D1_S05_6__055_M_GA38_BW3245_PA47_DG13_PF0_D1_S07_7,canonical,COph100,COph100/patient/055,,ok,True,False,0.9595375722543352,3.5091863200366715,0.00438648290004584,False,False,False,8.167142253248224,False,0.11580609206970659
COph100/055-1/055_M_GA38_BW3245_PA45_DG13_PF0_D1_S06_6__055_M_GA38_BW3245_PA53_DG13_PF0_D1_S08_2|canonical,COph100/055-1/055_M_GA38_BW3245_PA45_DG13_PF0_D1_S06_6__055_M_GA38_BW3245_PA53_DG13_PF0_D1_S08_2,canonical,COph100,COph100/patient/055,,ok,True,False,0.9478260869565217,4.052541611710823,0.0050656770146385284,True,False,False,37.44748090004314,False,0.02640752680277466
COph100/055-1/055_M_GA38_BW3245_PA53_DG13_PF0_D1_S08_2__055_M_GA38_BW3245_PA78_DG13_PF0_D1_S09_16|canonical,COph100/055-1/055_M_GA38_BW3245_PA53_DG13_PF0_D1_S08_2__055_M_GA38_BW3245_PA78_DG13_PF0_D1_S09_16,canonical,COph100,COph100/patient/055,,ok,True,True,0.0,308.31317235284644,0.38539146544105807,True,True,True,0.0,True,4.604955093823174
COph100/055/055_M_GA38_BW3245_PA40_DG13_PF0_D1_S01_3__055_M_GA38_BW3245_PA44_DG13_PF0_D1_S05_1|canonical,COph100/055/055_M_GA38_BW3245_PA40_DG13_PF0_D1_S01_3__055_M_GA38_BW3245_PA44_DG13_PF0_D1_S05_1,canonical,COph100,COph100/patient/055,,ok,True,True,0.0,65.65211613676759,0.08206514517095949,True,True,False,0.0,True,2.8464223628610594
COph100/055/055_M_GA38_BW3245_PA40_DG13_PF0_D1_S01_3__055_M_GA38_BW3245_PA78_DG13_PF0_D1_S09_6|canonical,COph100/055/055_M_GA38_BW3245_PA40_DG13_PF0_D1_S01_3__055_M_GA38_BW3245_PA78_DG13_PF0_D1_S09_6,canonical,COph100,COph100/patient/055,,ok,True,False,0.8421052631578947,233.65046013782245,0.2920630751722781,True,True,True,0.0,True,4.3719308225800075
COph100/055/055_M_GA38_BW3245_PA41_DG13_PF0_D1_S02_1__055_M_GA38_BW3245_PA45_DG13_PF0_D1_S06_7|canonical,COph100/055/055_M_GA38_BW3245_PA41_DG13_PF0_D1_S02_1__055_M_GA38_BW3245_PA45_DG13_PF0_D1_S06_7,canonical,COph100,COph100/patient/055,,ok,True,False,0.9555555555555556,3.7551341634429773,0.004693917704303722,False,False,False,7.944795436328034,False,0.12120043267911217
COph100/055/055_M_GA38_BW3245_PA42_DG13_PF0_D1_S03_6__055_M_GA38_BW3245_PA43_DG13_PF0_D1_S04_13|canonical,COph100/055/055_M_GA38_BW3245_PA42_DG13_PF0_D1_S03_6__055_M_GA38_BW3245_PA43_DG13_PF0_D1_S04_13,canonical,COph100,COph100/patient/055,,ok,True,False,1.0,2.580808310544832,0.00322601038818104,False,False,False,15.990581028910762,False,0.06065271938299077
COph100/055/055_M_GA38_BW3245_PA42_DG13_PF0_D1_S03_6__055_M_GA38_BW3245_PA53_DG13_PF0_D1_S08_7|canonical,COph100/055/055_M_GA38_BW3245_PA42_DG13_PF0_D1_S03_6__055_M_GA38_BW3245_PA53_DG13_PF0_D1_S08_7,canonical,COph100,COph100/patient/055,,ok,True,False,0.8452380952380952,4.75196231941143,0.005939952899264288,True,False,False,8.269967819947732,False,0.11491221456687947
COph100/055/055_M_GA38_BW3245_PA43_DG13_PF0_D1_S04_13__055_M_GA38_BW3245_PA47_DG13_PF0_D1_S07_4|canonical,COph100/055/055_M_GA38_BW3245_PA43_DG13_PF0_D1_S04_13__055_M_GA38_BW3245_PA47_DG13_PF0_D1_S07_4,canonical,COph100,COph100/patient/055,,ok,True,False,1.0,3.6817640669528147,0.004602205083691018,False,False,False,6.590414883528712,False,0.14148429569299625
COph100/055/055_M_GA38_BW3245_PA44_DG13_PF0_D1_S05_1__055_M_GA38_BW3245_PA47_DG13_PF0_D1_S07_4|canonical,COph100/055/055_M_GA38_BW3245_PA44_DG13_PF0_D1_S05_1__055_M_GA38_BW3245_PA47_DG13_PF0_D1_S07_4,canonical,COph100,COph100/patient/055,,ok,True,False,0.9850746268656716,3.7411353165786467,0.004676419145723309,False,False,False,4.291093400751723,False,0.21308921649000162
COph100/055/055_M_GA38_BW3245_PA45_DG13_PF0_D1_S06_7__055_M_GA38_BW3245_PA53_DG13_PF0_D1_S08_7|canonical,COph100/055/055_M_GA38_BW3245_PA45_DG13_PF0_D1_S06_7__055_M_GA38_BW3245_PA53_DG13_PF0_D1_S08_7,canonical,COph100,COph100/patient/055,,ok,True,False,0.9761904761904762,3.5181862305941296,0.004397732788242662,False,False,False,8.272104509973506,False,0.11405941014203652
COph100/055/055_M_GA38_BW3245_PA53_DG13_PF0_D1_S08_7__055_M_GA38_BW3245_PA78_DG13_PF0_D1_S09_6|canonical,COph100/055/055_M_GA38_BW3245_PA53_DG13_PF0_D1_S08_7__055_M_GA38_BW3245_PA78_DG13_PF0_D1_S09_6,canonical,COph100,COph100/patient/055,,ok,True,False,0.8636363636363636,5.462890505555186,0.0068286131319439825,True,False,False,10.486626653359176,False,0.0918323580019472
COph100/056/056_F_GA33_BW1180_PA35_DG0_PF0_D1_S01_1__056_F_GA33_BW1180_PA38_DG0_PF0_D1_S02_3|canonical,COph100/056/056_F_GA33_BW1180_PA35_DG0_PF0_D1_S01_1__056_F_GA33_BW1180_PA38_DG0_PF0_D1_S02_3,canonical,COph100,COph100/patient/056,,ok,True,False,0.6590909090909091,4.19520799742782,0.005244009996784775,True,False,False,15.470914624336308,False,0.06261904298158216
COph100/057-1/057_M_GA30_BW1180_PA33_DG0_PF0_D1_S01_4__057_M_GA30_BW1180_PA39_DG0_PF0_D1_S03_6|canonical,COph100/057-1/057_M_GA30_BW1180_PA33_DG0_PF0_D1_S01_4__057_M_GA30_BW1180_PA39_DG0_PF0_D1_S03_6,canonical,COph100,COph100/patient/057,,ok,True,False,0.8055555555555556,3.3585613194259425,0.0041982016492824285,False,False,False,212.72965605810234,False,0.00469078470920512
COph100/057/057_M_GA30_BW1180_PA37_DG0_PF0_D1_S02_1__057_M_GA30_BW1180_PA39_DG0_PF0_D1_S03_2|canonical,COph100/057/057_M_GA30_BW1180_PA37_DG0_PF0_D1_S02_1__057_M_GA30_BW1180_PA39_DG0_PF0_D1_S03_2,canonical,COph100,COph100/patient/057,,ok,True,False,0.8994413407821229,2.4172799271726597,0.0030215999089658247,False,False,False,32.141314276321516,False,0.030823310242606126
COph100/058/058_M_GA30_BW1490_PA33_DG0_PF0_D1_S01_2__058_M_GA30_BW1490_PA35_DG0_PF0_D1_S02_3|canonical,COph100/058/058_M_GA30_BW1490_PA33_DG0_PF0_D1_S01_2__058_M_GA30_BW1490_PA35_DG0_PF0_D1_S02_3,canonical,COph100,COph100/patient/058,,ok,True,False,0.6647058823529411,183.51129613409066,0.22938912016761331,True,True,True,0.0,False,39.89972873629615
COph100/059-1/059_M_GA40_BW3680_PA61_DG12_PF0_D1_S01_1__059_M_GA40_BW3680_PA85_DG12_PF0_D1_S02_2|canonical,COph100/059-1/059_M_GA40_BW3680_PA61_DG12_PF0_D1_S01_1__059_M_GA40_BW3680_PA85_DG12_PF0_D1_S02_2,canonical,COph100,COph100/patient/059,,ok,True,False,0.7894736842105263,3.712746398387315,0.004640932997984144,False,False,False,4.433734547278631,False,0.20637253801412928
COph100/059/059_M_GA40_BW3680_PA85_DG12_PF0_D1_S02_4__059_M_GA40_BW3680_PA112_DG12_PF0_D1_S03_3|canonical,COph100/059/059_M_GA40_BW3680_PA85_DG12_PF0_D1_S02_4__059_M_GA40_BW3680_PA112_DG12_PF0_D1_S03_3,canonical,COph100,COph100/patient/059,,ok,False,True,0.0,,,True,False,False,,False,
COph100/061/061_M_GA26_BW880_PA32_DG0_PF0_D1_S01_2__061_M_GA26_BW880_PA38_DG0_PF0_D1_S02_2|canonical,COph100/061/061_M_GA26_BW880_PA32_DG0_PF0_D1_S01_2__061_M_GA26_BW880_PA38_DG0_PF0_D1_S02_2,canonical,COph100,COph100/patient/061,,ok,True,False,0.8611111111111112,2.6533477577570523,0.0033166846971963153,False,False,False,9.21731106022558,False,0.10291075426945595
COph100/062/062_F_GA27_BW900_PA35_DG0_PF0_D1_S01_3__062_F_GA27_BW900_PA39_DG0_PF0_D1_S02_3|canonical,COph100/062/062_F_GA27_BW900_PA35_DG0_PF0_D1_S01_3__062_F_GA27_BW900_PA39_DG0_PF0_D1_S02_3,canonical,COph100,COph100/patient/062,,ok,True,True,0.0,258.67354783387833,0.3233419347923479,True,True,True,0.0,True,6.008317800920096
COph100/064-1/064_M_GA30_BW990_PA37_DG0_PF0_D1_S02_8__064_M_GA30_BW990_PA40_DG0_PF0_D1_S03_3|canonical,COph100/064-1/064_M_GA30_BW990_PA37_DG0_PF0_D1_S02_8__064_M_GA30_BW990_PA40_DG0_PF0_D1_S03_3,canonical,COph100,COph100/patient/064,,ok,True,False,0.9074074074074074,4.78022425900484,0.00597528032375605,True,False,False,13.996165917188982,False,0.06899393194479665
COph100/065-1/065_M_GA27_BW950_PA32_DG0_PF0_D1_S01_8__065_M_GA27_BW950_PA34_DG0_PF0_D1_S02_7|canonical,COph100/065-1/065_M_GA27_BW950_PA32_DG0_PF0_D1_S01_8__065_M_GA27_BW950_PA34_DG0_PF0_D1_S02_7,canonical,COph100,COph100/patient/065,,ok,True,False,0.8285714285714286,4.969064497624292,0.006211330622030366,True,False,False,7.901719790103661,False,0.1203278988200875
COph100/065/065_M_GA27_BW950_PA32_DG0_PF0_D1_S01_6__065_M_GA27_BW950_PA36_DG0_PF0_D1_S03_1|canonical,COph100/065/065_M_GA27_BW950_PA32_DG0_PF0_D1_S01_6__065_M_GA27_BW950_PA36_DG0_PF0_D1_S03_1,canonical,COph100,COph100/patient/065,,ok,True,False,0.8235294117647058,9.274928685731735,0.01159366085716467,True,False,False,1.2669256363082013,False,0.5803508563254416
COph100/066-1/066_F_GA26_BW810_PA34_DG3_PF0_D1_S03_2__066_F_GA26_BW810_PA42_DG3_PF0_D1_S06_1|canonical,COph100/066-1/066_F_GA26_BW810_PA34_DG3_PF0_D1_S03_2__066_F_GA26_BW810_PA42_DG3_PF0_D1_S06_1,canonical,COph100,COph100/patient/066,,ok,True,False,0.9454545454545454,3.8130805685046156,0.0047663507106307694,False,False,False,3.4926815990567133,False,0.25202138284468456
COph100/066/066_F_GA26_BW810_PA31_DG1_PF0_D1_S01_5__066_F_GA26_BW810_PA32_DG2_PF0_D1_S02_15|canonical,COph100/066/066_F_GA26_BW810_PA31_DG1_PF0_D1_S01_5__066_F_GA26_BW810_PA32_DG2_PF0_D1_S02_15,canonical,COph100,COph100/patient/066,,ok,True,False,0.9139784946236559,1.230222348608531,0.0015377779357606638,False,False,False,19.75508122800754,False,0.04937731078035032
COph100/066/066_F_GA26_BW810_PA31_DG1_PF0_D1_S01_5__066_F_GA26_BW810_PA42_DG3_PF0_D1_S06_12|canonical,COph100/066/066_F_GA26_BW810_PA31_DG1_PF0_D1_S01_5__066_F_GA26_BW810_PA42_DG3_PF0_D1_S06_12,canonical,COph100,COph100/patient/066,,ok,True,True,0.0,42.183562676416116,0.05272945334552014,True,False,False,0.11303256700782402,False,1.6377759793841005
COph100/066/066_F_GA26_BW810_PA32_DG2_PF0_D1_S02_15__066_F_GA26_BW810_PA42_DG3_PF0_D1_S06_12|canonical,COph100/066/066_F_GA26_BW810_PA32_DG2_PF0_D1_S02_15__066_F_GA26_BW810_PA42_DG3_PF0_D1_S06_12,canonical,COph100,COph100/patient/066,,ok,True,True,0.0,34.7516228828874,0.04343952860360925,True,False,False,0.44569152113232313,False,1.0905281617440938
COph100/066/066_F_GA26_BW810_PA36_DG3_PF0_D1_S04_7__066_F_GA26_BW810_PA40_DG3_PF0_D1_S05_9|canonical,COph100/066/066_F_GA26_BW810_PA36_DG3_PF0_D1_S04_7__066_F_GA26_BW810_PA40_DG3_PF0_D1_S05_9,canonical,COph100,COph100/patient/066,,ok,True,False,0.9473684210526315,2.2201866664418173,0.0027752333330522717,False,False,False,21.87774500931448,False,0.04486934031636166
COph100/067/067_F_GA32_BW2100_PA33_DG0_PF0_D1_S01_2__067_F_GA32_BW2100_PA40_DG0_PF0_D1_S02_11|canonical,COph100/067/067_F_GA32_BW2100_PA33_DG0_PF0_D1_S01_2__067_F_GA32_BW2100_PA40_DG0_PF0_D1_S02_11,canonical,COph100,COph100/patient/067,,ok,True,False,0.8367346938775511,9.363675347983603,0.011704594184979504,True,False,False,3.9759576141394914,False,0.2239416881232547
COph100/069-1/069_M_GA30_BW1100_PA32_DG1_PF0_D1_S01_6__069_M_GA30_BW1100_PA36_DG2_PF0_D1_S03_8|canonical,COph100/069-1/069_M_GA30_BW1100_PA32_DG1_PF0_D1_S01_6__069_M_GA30_BW1100_PA36_DG2_PF0_D1_S03_8,canonical,COph100,COph100/patient/069,,ok,True,False,0.5555555555555556,252.1219615040133,0.3151524518800166,True,True,True,0.0,True,4.07959373931809
COph100/069-1/069_M_GA30_BW1100_PA36_DG2_PF0_D1_S03_8__069_M_GA30_BW1100_PA43_DG9_PF0_D1_S04_4|canonical,COph100/069-1/069_M_GA30_BW1100_PA36_DG2_PF0_D1_S03_8__069_M_GA30_BW1100_PA43_DG9_PF0_D1_S04_4,canonical,COph100,COph100/patient/069,,ok,False,True,0.0,,,True,False,False,,False,
COph100/069/069_M_GA30_BW1100_PA34_DG1_PF0_D1_S02_2__069_M_GA30_BW1100_PA36_DG2_PF0_D1_S03_1|canonical,COph100/069/069_M_GA30_BW1100_PA34_DG1_PF0_D1_S02_2__069_M_GA30_BW1100_PA36_DG2_PF0_D1_S03_1,canonical,COph100,COph100/patient/069,,ok,True,False,0.9720670391061452,3.9808282515111095,0.004976035314388887,False,False,False,12.080467086560738,False,0.0800208154995933
COph100/070-1/070_M_GA32_BW1830_PA33_DG0_PF0_D1_S01_3__070_M_GA32_BW1830_PA37_DG0_PF0_D1_S03_8|canonical,COph100/070-1/070_M_GA32_BW1830_PA33_DG0_PF0_D1_S01_3__070_M_GA32_BW1830_PA37_DG0_PF0_D1_S03_8,canonical,COph100,COph100/patient/070,,ok,True,False,0.7375,4.641176120434236,0.005801470150542795,True,False,False,8.617104830214842,False,0.10986565277620232
COph100/070-1/070_M_GA32_BW1830_PA37_DG0_PF0_D1_S03_8__070_M_GA32_BW1830_PA40_DG0_PF0_D1_S04_7|canonical,COph100/070-1/070_M_GA32_BW1830_PA37_DG0_PF0_D1_S03_8__070_M_GA32_BW1830_PA40_DG0_PF0_D1_S04_7,canonical,COph100,COph100/patient/070,,ok,True,True,0.0,366.1515465421347,0.4576894331776684,True,True,True,0.0,True,8.352004206571879
COph100/070/070_M_GA32_BW1830_PA35_DG0_PF0_D1_S02_1__070_M_GA32_BW1830_PA37_DG0_PF0_D1_S03_3|canonical,COph100/070/070_M_GA32_BW1830_PA35_DG0_PF0_D1_S02_1__070_M_GA32_BW1830_PA37_DG0_PF0_D1_S03_3,canonical,COph100,COph100/patient/070,,ok,True,False,0.9496402877697842,2.9043539601392503,0.0036304424501740627,False,False,False,45.20904276966337,False,0.021905096908489883
COph100/071-1/071_F_GA32_BW1660_PA33_DG0_PF0_D1_S01_7__071_F_GA32_BW1660_PA37_DG0_PF0_D1_S03_7|canonical,COph100/071-1/071_F_GA32_BW1660_PA33_DG0_PF0_D1_S01_7__071_F_GA32_BW1660_PA37_DG0_PF0_D1_S03_7,canonical,COph100,COph100/patient/071,,ok,True,False,0.9423076923076923,5.502411626915657,0.006878014533644571,True,False,False,6.806854513975698,False,0.1397616746704815
COph100/071-1/071_F_GA32_BW1660_PA37_DG0_PF0_D1_S03_7__071_F_GA32_BW1660_PA40_DG0_PF0_D1_S04_8|canonical,COph100/071-1/071_F_GA32_BW1660_PA37_DG0_PF0_D1_S03_7__071_F_GA32_BW1660_PA40_DG0_PF0_D1_S04_8,canonical,COph100,COph100/patient/071,,ok,True,False,0.9939393939393939,2.759517175034254,0.0034493964687928175,False,False,False,23.194101089560732,False,0.042344110251632566
COph100/071/071_F_GA32_BW1660_PA35_DG0_PF0_D1_S02_2__071_F_GA32_BW1660_PA37_DG0_PF0_D1_S03_3|canonical,COph100/071/071_F_GA32_BW1660_PA35_DG0_PF0_D1_S02_2__071_F_GA32_BW1660_PA37_DG0_PF0_D1_S03_3,canonical,COph100,COph100/patient/071,,ok,True,False,0.9157894736842105,5.800784325361059,0.007250980406701324,True,False,False,7.262434419414276,False,0.1288902978539227
COph100/076-1/076_M_GA33_BW1470_PA35_DG0_PF0_D1_S01_10__076_M_GA33_BW1470_PA40_DG0_PF0_D1_S03_3|canonical,COph100/076-1/076_M_GA33_BW1470_PA35_DG0_PF0_D1_S01_10__076_M_GA33_BW1470_PA40_DG0_PF0_D1_S03_3,canonical,COph100,COph100/patient/076,,ok,False,True,0.0,,,True,False,False,,False,
COph100/076/076_M_GA33_BW1470_PA37_DG0_PF0_D1_S02_2__076_M_GA33_BW1470_PA40_DG0_PF0_D1_S03_8|canonical,COph100/076/076_M_GA33_BW1470_PA37_DG0_PF0_D1_S02_2__076_M_GA33_BW1470_PA40_DG0_PF0_D1_S03_8,canonical,COph100,COph100/patient/076,,ok,True,False,1.0,2.78743679803338,0.0034842959975417247,False,False,False,46.80677720519073,False,0.021143292779110003
FIRE/A02|official,FIRE/A02,reverse,FIRE,FIRE/image_component/cc0001,A,ok,True,False,0.9646017699115044,10.279613295359182,0.002496148444067263,False,False,False,56.541769629496535,False,0.017572130018130714
FIRE/A04|official,FIRE/A04,reverse,FIRE,FIRE/image_component/cc0001,A,ok,True,False,0.9886363636363636,2.6755778418426175,0.000649697539683854,False,False,False,109.53234935879671,False,0.00908835858565043
FIRE/A06|official,FIRE/A06,reverse,FIRE,FIRE/image_component/cc0001,A,ok,True,False,0.9329268292682927,5.627362655277417,0.0013664650734006175,False,False,False,51.143139440176846,False,0.019375624351462235
FIRE/A08|official,FIRE/A08,reverse,FIRE,FIRE/image_component/cc0002,A,ok,True,False,0.9347826086956522,15.269416911224113,0.003707798160264807,False,False,False,24.279601698356572,False,0.0403608750959519
FIRE/A10|official,FIRE/A10,reverse,FIRE,FIRE/image_component/cc0003,A,ok,True,False,0.9168765743073047,3.587204118270948,0.0008710633095912423,False,False,False,101.71377617312044,False,0.009790917445569976
FIRE/A12|official,FIRE/A12,reverse,FIRE,FIRE/image_component/cc0003,A,ok,True,False,0.8987341772151899,2.5163982759732155,0.0006110447407646971,False,False,False,113.67962486929723,False,0.008763850723832803
FIRE/A14|official,FIRE/A14,reverse,FIRE,FIRE/image_component/cc0004,A,ok,True,False,0.9285714285714286,5.868238379514619,0.0014249557526696236,False,False,False,57.50437649914979,False,0.01724219540896998
FIRE/P02|official,FIRE/P02,reverse,FIRE,FIRE/image_component/cc0006,P,ok,True,False,0.9258064516129032,4.862356404284655,0.0011807023303624718,False,False,False,19.675060457878455,False,0.049690635730780384
FIRE/P04|official,FIRE/P04,reverse,FIRE,FIRE/image_component/cc0008,P,ok,True,False,0.9074074074074074,14.298517974738422,0.003472039498920082,False,False,False,4.233082681228246,False,0.21788134071762702
FIRE/P06|official,FIRE/P06,reverse,FIRE,FIRE/image_component/cc0009,P,ok,True,False,0.9711934156378601,9.487006718573415,0.002303683648305494,False,False,False,8.60846381508074,False,0.11051393085278102
FIRE/P08|official,FIRE/P08,reverse,FIRE,FIRE/image_component/cc0010,P,ok,True,False,0.9609756097560975,10.943366547788088,0.002657324414474923,False,False,False,4.79633081054411,False,0.19391058652651477
FIRE/P10|official,FIRE/P10,reverse,FIRE,FIRE/image_component/cc0011,P,ok,True,False,0.9617224880382775,14.394804867848217,0.0034954203763436125,False,False,False,4.970497290268341,False,0.18773429620600252
FIRE/P12|official,FIRE/P12,reverse,FIRE,FIRE/image_component/cc0011,P,ok,True,False,0.9759615384615384,14.898058986457617,0.0036176231235718974,False,False,False,4.9372509111695875,False,0.18648868062237714
FIRE/P14|official,FIRE/P14,reverse,FIRE,FIRE/image_component/cc0011,P,ok,True,False,0.9294871794871795,15.353212770397798,0.0037281459007377006,False,False,False,3.3170613611343684,False,0.2623269631051969
FIRE/P16|official,FIRE/P16,reverse,FIRE,FIRE/image_component/cc0012,P,ok,True,False,0.9787234042553191,11.093991030927882,0.0026938998243103856,False,False,False,5.888003666246669,False,0.15984058081978772
FIRE/P18|official,FIRE/P18,reverse,FIRE,FIRE/image_component/cc0013,P,ok,True,False,0.9076923076923077,13.752952553973765,0.003339562504207314,False,False,False,5.335605033990046,False,0.17475485293895812
FIRE/P20|official,FIRE/P20,reverse,FIRE,FIRE/image_component/cc0015,P,ok,True,False,0.9715447154471545,10.42689215562447,0.0025319114525902756,False,False,False,6.882765082409466,False,0.13547509416200987
FIRE/P22|official,FIRE/P22,reverse,FIRE,FIRE/image_component/cc0016,P,ok,True,False,0.8609625668449198,15.362833479768224,0.003730482050749944,False,False,False,5.777795416126994,False,0.1625778215040913
FIRE/P24|official,FIRE/P24,reverse,FIRE,FIRE/image_component/cc0018,P,ok,True,False,0.929368029739777,10.755563818897933,0.0026117211922484234,False,False,False,8.119695004102331,False,0.11783579480076546
FIRE/P26|official,FIRE/P26,reverse,FIRE,FIRE/image_component/cc0020,P,ok,True,False,0.9608938547486033,11.736843873960154,0.0028500006500704034,False,False,False,4.835207974667041,False,0.19257566420903355
FIRE/P28|official,FIRE/P28,reverse,FIRE,FIRE/image_component/cc0021,P,ok,True,False,0.9581151832460733,12.68675327276227,0.003080662524179542,False,False,False,7.361555475779852,False,0.1278826377139629
FIRE/P30|official,FIRE/P30,reverse,FIRE,FIRE/image_component/cc0023,P,ok,True,False,0.9813664596273292,14.531917500155146,0.0035287147692318567,False,False,False,3.6005614399853236,False,0.24850608190761547
FIRE/P32|official,FIRE/P32,reverse,FIRE,FIRE/image_component/cc0024,P,ok,True,False,0.9528023598820059,7.201183601858726,0.001748628350770492,False,False,False,13.543126028199215,False,0.07150410472323063
FIRE/P34|official,FIRE/P34,reverse,FIRE,FIRE/image_component/cc0026,P,ok,True,False,0.8791946308724832,13.293957509238146,0.00322810697238603,False,False,False,3.521793401671659,False,0.24982406873188256
FIRE/P36|official,FIRE/P36,reverse,FIRE,FIRE/image_component/cc0028,P,ok,True,False,0.971830985915493,12.565190825969133,0.0030511441071242344,False,False,False,5.783798516963077,False,0.16139245985710596
FIRE/P38|official,FIRE/P38,reverse,FIRE,FIRE/image_component/cc0029,P,ok,True,False,0.9627906976744186,10.958572671635215,0.0026610168434886136,False,False,False,5.841552379873686,False,0.1611976147415742
FIRE/P40|official,FIRE/P40,reverse,FIRE,FIRE/image_component/cc0031,P,ok,True,False,0.9162995594713657,8.497751682349783,0.0020634676646390537,False,False,False,15.33142653063442,False,0.06316671021476654
FIRE/P42|official,FIRE/P42,reverse,FIRE,FIRE/image_component/cc0031,P,ok,True,False,0.9419354838709677,13.903937687004547,0.0033762254888997653,False,False,False,4.914822605413284,False,0.18839375201127548
FIRE/P44|official,FIRE/P44,reverse,FIRE,FIRE/image_component/cc0031,P,ok,True,False,0.9205298013245033,13.186181788652831,0.003201936318926846,False,False,False,4.795080028566738,False,0.1916148640875389
FIRE/P46|official,FIRE/P46,reverse,FIRE,FIRE/image_component/cc0031,P,ok,True,False,0.9436619718309859,10.008842149395921,0.002430398405104257,False,False,False,9.349410058447095,False,0.10263533710210818
FIRE/P48|official,FIRE/P48,reverse,FIRE,FIRE/image_component/cc0031,P,ok,True,False,0.9378531073446328,11.19878878563888,0.002719347352816317,False,False,False,8.898798999595986,False,0.10732654497125935
FIRE/S01|official,FIRE/S01,reverse,FIRE,FIRE/image_component/cc0032,S,ok,True,False,0.886685552407932,3.1714773998692034,0.0007701144147758907,False,False,False,29.713765664452172,False,0.033143471425411394
FIRE/S03|official,FIRE/S03,reverse,FIRE,FIRE/image_component/cc0032,S,ok,True,False,0.9371069182389937,3.443511426802826,0.0008361711129758387,False,False,False,22.823665850569146,False,0.0429290213905757
FIRE/S05|official,FIRE/S05,reverse,FIRE,FIRE/image_component/cc0033,S,ok,True,False,0.8992537313432836,1.6538666826024204,0.00040160039369734583,False,False,False,71.54727840227667,False,0.013888705734464778
FIRE/S07|official,FIRE/S07,reverse,FIRE,FIRE/image_component/cc0034,S,ok,True,False,0.9195979899497487,0.8050743396767613,0.00019549228191782965,False,False,False,283.8779744630856,False,0.0035164881908180705
FIRE/S09|official,FIRE/S09,reverse,FIRE,FIRE/image_component/cc0034,S,ok,True,False,0.9180722891566265,1.2185440065091575,0.0002958931078904017,False,False,False,219.13436870067582,False,0.0045558538019267285
FIRE/S11|official,FIRE/S11,reverse,FIRE,FIRE/image_component/cc0034,S,ok,True,False,0.8689458689458689,1.2542302878789646,0.0003045586338354298,False,False,False,183.57120562861684,False,0.005433029621037885
FIRE/S13|official,FIRE/S13,reverse,FIRE,FIRE/image_component/cc0034,S,ok,True,False,0.9019073569482289,2.0758216971096983,0.0005040616753298198,False,False,False,154.66153282792598,False,0.0064480597488470815
FIRE/S15|official,FIRE/S15,reverse,FIRE,FIRE/image_component/cc0034,S,ok,True,False,0.8804878048780488,0.9436539455726798,0.00022914289285985,False,False,False,404.4160451330757,False,0.0024696626664740375
FIRE/S17|official,FIRE/S17,reverse,FIRE,FIRE/image_component/cc0034,S,ok,True,False,0.9061488673139159,2.27256440787585,0.0005518357498256198,False,False,False,206.91058437918008,False,0.004821357026133536
FIRE/S19|official,FIRE/S19,reverse,FIRE,FIRE/image_component/cc0034,S,ok,True,False,0.8793969849246231,1.2615860057403672,0.0003063447869880029,False,False,False,500.22126566722,False,0.001997119201027307
FIRE/S21|official,FIRE/S21,reverse,FIRE,FIRE/image_component/cc0034,S,ok,True,False,0.8898550724637682,1.694935073639535,0.0004115728311268666,False,False,False,174.917877995706,False,0.005702901939514146
FIRE/S23|official,FIRE/S23,reverse,FIRE,FIRE/image_component/cc0034,S,ok,True,False,0.9117647058823529,2.0532380700854422,0.0004985778031414134,False,False,False,184.15109936905822,False,0.005417810035439154
FIRE/S25|official,FIRE/S25,reverse,FIRE,FIRE/image_component/cc0034,S,ok,True,False,0.9061032863849765,1.0197928762406474,0.00024763133866603554,False,False,False,292.5955079805633,False,0.0034119161104794408
FIRE/S27|official,FIRE/S27,reverse,FIRE,FIRE/image_component/cc0034,S,ok,True,False,0.9043715846994536,1.928750635703351,0.00046834912559193134,False,False,False,82.59166667907805,False,0.012040460457492453
FIRE/S29|official,FIRE/S29,reverse,FIRE,FIRE/image_component/cc0034,S,ok,True,False,0.9420289855072463,1.681461753143725,0.00040830117031378734,False,False,False,167.77493946708992,False,0.005942748704197267
FIRE/S31|official,FIRE/S31,reverse,FIRE,FIRE/image_component/cc0034,S,ok,True,False,0.930635838150289,2.1523215557437103,0.0005226377635166062,False,False,False,90.21484915743426,False,0.011023983306985613
FIRE/S33|official,FIRE/S33,reverse,FIRE,FIRE/image_component/cc0034,S,ok,True,False,0.7994428969359332,0.9978402767853144,0.0002423006958296557,False,False,False,136.42891158347635,False,0.007307106234338016
FIRE/S35|official,FIRE/S35,reverse,FIRE,FIRE/image_component/cc0034,S,ok,True,False,0.9349112426035503,2.4418300129714874,0.0005929376925401697,False,False,False,105.23544858518616,False,0.009457593166480772
FIRE/S37|official,FIRE/S37,reverse,FIRE,FIRE/image_component/cc0034,S,ok,True,False,0.916923076923077,1.633555097616076,0.00039666823041421015,False,False,False,158.5140826319546,False,0.006290032605279738
FIRE/S39|official,FIRE/S39,reverse,FIRE,FIRE/image_component/cc0034,S,ok,True,False,0.9073569482288828,2.234627624028988,0.0005426237453220056,False,False,False,64.76707179464795,False,0.015350899104756944
FIRE/S41|official,FIRE/S41,reverse,FIRE,FIRE/image_component/cc0034,S,ok,True,False,0.9154929577464789,1.729621799572978,0.00041999563989221576,False,False,False,178.34611741717674,False,0.005591685673035195
FIRE/S43|official,FIRE/S43,reverse,FIRE,FIRE/image_component/cc0035,S,ok,True,False,0.9002624671916011,1.3680352467400956,0.00033219333786817766,False,False,False,88.49017979497013,False,0.011242159080352506
FIRE/S45|official,FIRE/S45,reverse,FIRE,FIRE/image_component/cc0035,S,ok,True,False,0.8894348894348895,1.2264846162778613,0.00029782128749692875,False,False,False,753.0138379943085,False,0.0013271353909840046
FIRE/S47|official,FIRE/S47,reverse,FIRE,FIRE/image_component/cc0036,S,ok,True,False,0.887434554973822,1.4363547092687114,0.0003487830202998413,False,False,False,298.52035364685065,False,0.0033443104268699813
FIRE/S49|official,FIRE/S49,reverse,FIRE,FIRE/image_component/cc0036,S,ok,True,False,0.8409703504043127,1.5593749081524977,0.00037865541619738356,False,False,False,102.14533048357436,False,0.009746845669090955
FIRE/S51|official,FIRE/S51,reverse,FIRE,FIRE/image_component/cc0036,S,ok,True,False,0.9140625,1.6510545235111576,0.00040091753079789276,False,False,False,102.9031611721948,False,0.009671088203077044
FIRE/S53|official,FIRE/S53,reverse,FIRE,FIRE/image_component/cc0037,S,ok,True,False,0.946236559139785,3.5410644756474,0.000859859444831409,False,False,False,86.46363298543667,False,0.011504681260550997
FIRE/S55|official,FIRE/S55,reverse,FIRE,FIRE/image_component/cc0010,S,ok,True,False,0.8819277108433735,1.275744560458914,0.0003097828398909168,False,False,False,231.05659007781887,False,0.004320676220762442
FIRE/S57|official,FIRE/S57,reverse,FIRE,FIRE/image_component/cc0010,S,ok,True,False,0.8708920187793427,1.234521919937624,0.0002997729468102095,False,False,False,104.71431068851719,False,0.009515503585349087
FIRE/S59|official,FIRE/S59,reverse,FIRE,FIRE/image_component/cc0038,S,ok,True,False,0.9090909090909091,2.7607489673788335,0.0006703792293912542,False,False,False,46.78500849030097,False,0.021164150305997723
FIRE/S61|official,FIRE/S61,reverse,FIRE,FIRE/image_component/cc0039,S,ok,True,False,0.8815165876777251,0.7538771915957522,0.00018306032773325088,False,False,False,387.76026113969954,False,0.002576110702982294
FIRE/S63|official,FIRE/S63,reverse,FIRE,FIRE/image_component/cc0040,S,ok,True,False,0.9133858267716536,2.449384892168518,0.0005947722070701372,False,False,False,43.569133601043305,False,0.022761157879928797
FIRE/S65|official,FIRE/S65,reverse,FIRE,FIRE/image_component/cc0008,S,ok,True,False,0.8690476190476191,1.3202947896101327,0.0003206007551162744,False,False,False,173.27254602126533,False,0.00575526232815055
FIRE/S67|official,FIRE/S67,reverse,FIRE,FIRE/image_component/cc0041,S,ok,True,False,0.8963855421686747,1.318842584101302,0.000320248123123496,False,False,False,101.59919796182646,False,0.009795237568992478
FIRE/S69|official,FIRE/S69,reverse,FIRE,FIRE/image_component/cc0009,S,ok,True,False,0.9140401146131805,3.70298771137029,0.0008991784757418909,False,False,False,30.112409702314192,False,0.03274549723521673
FIRE/S71|official,FIRE/S71,reverse,FIRE,FIRE/image_component/cc0009,S,ok,True,False,0.9555555555555556,5.402872438525659,0.0013119532071316593,False,False,False,16.845511404686935,False,0.05806924957268639
COph100/002-1/002_M_GA40_BW4040_PA41_DG11_PF0_D1_S01_6__002_M_GA40_BW4040_PA43_DG11_PF0_D1_S02_12|canonical,COph100/002-1/002_M_GA40_BW4040_PA41_DG11_PF0_D1_S01_6__002_M_GA40_BW4040_PA43_DG11_PF0_D1_S02_12,canonical,COph100,COph100/patient/002,,ok,True,False,0.9619047619047619,3.169466214782739,0.0039618327684784235,False,False,False,97.82970911642317,False,0.01017111226466029
COph100/002/002_M_GA40_BW4040_PA41_DG11_PF0_D1_S01_2__002_M_GA40_BW4040_PA45_DG11_PF0_D1_S03_10|canonical,COph100/002/002_M_GA40_BW4040_PA41_DG11_PF0_D1_S01_2__002_M_GA40_BW4040_PA45_DG11_PF0_D1_S03_10,canonical,COph100,COph100/patient/002,,ok,True,True,0.0,365.4337272111642,0.4567921590139552,True,True,True,0.0,True,15.745723463203037
COph100/004/004_F_GA41_BW3760_PA42_DG11_PF0_D1_S01_1__004_F_GA41_BW3760_PA45_DG11_PF0_D1_S02_3|canonical,COph100/004/004_F_GA41_BW3760_PA42_DG11_PF0_D1_S01_1__004_F_GA41_BW3760_PA45_DG11_PF0_D1_S02_3,canonical,COph100,COph100/patient/004,,ok,True,False,0.9851851851851852,2.5458252931125136,0.003182281616390642,False,False,False,31.807466968573813,False,0.030954265625631056
COph100/005/005_F_GA41_BW3400_PA45_DG11_PF0_D1_S01_8__005_F_GA41_BW3400_PA48_DG11_PF0_D1_S02_9|canonical,COph100/005/005_F_GA41_BW3400_PA45_DG11_PF0_D1_S01_8__005_F_GA41_BW3400_PA48_DG11_PF0_D1_S02_9,canonical,COph100,COph100/patient/005,,ok,True,False,0.6908517350157729,3.5036218590087365,0.00437952732376092,False,False,False,17.45988916394307,False,0.05593170841657549
COph100/007/007_F_GA31_BW950_PA33_DG11_PF0_D1_S01_1__007_F_GA31_BW950_PA37_DG11_PF0_D1_S03_5|canonical,COph100/007/007_F_GA31_BW950_PA33_DG11_PF0_D1_S01_1__007_F_GA31_BW950_PA37_DG11_PF0_D1_S03_5,canonical,COph100,COph100/patient/007,,ok,True,False,0.9655172413793104,4.349988058983144,0.005437485073728931,True,False,False,10.589796997208284,False,0.09039231706257639
COph100/008-1/008_F_GA39_BW2700_PA40_DG11_PF0_D1_S01_10__008_F_GA39_BW2700_PA47_DG11_PF0_D1_S04_2|canonical,COph100/008-1/008_F_GA39_BW2700_PA40_DG11_PF0_D1_S01_10__008_F_GA39_BW2700_PA47_DG11_PF0_D1_S04_2,canonical,COph100,COph100/patient/008,,ok,False,True,0.0,,,True,False,False,,False,
COph100/008/008_F_GA39_BW2700_PA40_DG11_PF0_D1_S01_6__008_F_GA39_BW2700_PA41_DG11_PF0_D1_S02_28|canonical,COph100/008/008_F_GA39_BW2700_PA40_DG11_PF0_D1_S01_6__008_F_GA39_BW2700_PA41_DG11_PF0_D1_S02_28,canonical,COph100,COph100/patient/008,,ok,True,True,0.0,320.6453349207919,0.4008066686509899,True,True,True,0.0,True,10.768702965483062
COph100/008/008_F_GA39_BW2700_PA41_DG11_PF0_D1_S02_28__008_F_GA39_BW2700_PA47_DG11_PF0_D1_S04_8|canonical,COph100/008/008_F_GA39_BW2700_PA41_DG11_PF0_D1_S02_28__008_F_GA39_BW2700_PA47_DG11_PF0_D1_S04_8,canonical,COph100,COph100/patient/008,,ok,True,False,0.8811881188118812,1.9073805924993783,0.0023842257406242228,False,False,False,7.805965526597377,False,0.12050597412471328
COph100/010/010_M_GA39_BW3550_PA39_DG11_PF0_D1_S01_2__010_M_GA39_BW3550_PA45_DG11_PF0_D1_S02_6|canonical,COph100/010/010_M_GA39_BW3550_PA39_DG11_PF0_D1_S01_2__010_M_GA39_BW3550_PA45_DG11_PF0_D1_S02_6,canonical,COph100,COph100/patient/010,,ok,True,False,0.6363636363636364,8.860051862190284,0.011075064827737855,True,False,False,1.6892568396033416,False,0.4602272280821005
COph100/010/010_M_GA39_BW3550_PA45_DG11_PF0_D1_S02_6__010_M_GA39_BW3550_PA50_DG11_PF0_D1_S03_3|canonical,COph100/010/010_M_GA39_BW3550_PA45_DG11_PF0_D1_S02_6__010_M_GA39_BW3550_PA50_DG11_PF0_D1_S03_3,canonical,COph100,COph100/patient/010,,ok,False,True,0.0,,,True,False,False,,False,
COph100/010/010_M_GA39_BW3550_PA50_DG11_PF0_D1_S03_3__010_M_GA39_BW3550_PA60_DG11_PF0_D1_S05_3|canonical,COph100/010/010_M_GA39_BW3550_PA50_DG11_PF0_D1_S03_3__010_M_GA39_BW3550_PA60_DG11_PF0_D1_S05_3,canonical,COph100,COph100/patient/010,,ok,True,False,0.9629629629629629,3.2234316556209786,0.004029289569526223,False,False,False,2.4690048729746357,False,0.3432829582316578
COph100/011-1/011_M_GA40_BW3510_PA89_DG10_PF0_D1_S02_3__011_M_GA40_BW3510_PA113_DG10_PF0_D1_S03_12|canonical,COph100/011-1/011_M_GA40_BW3510_PA89_DG10_PF0_D1_S02_3__011_M_GA40_BW3510_PA113_DG10_PF0_D1_S03_12,canonical,COph100,COph100/patient/011,,ok,False,True,0.0,,,True,False,False,,False,
COph100/012-1/012_M_GA36_BW2210_PA37_DG11_PF0_D1_S01_4__012_M_GA36_BW2210_PA41_DG11_PF0_D1_S02_7|canonical,COph100/012-1/012_M_GA36_BW2210_PA37_DG11_PF0_D1_S01_4__012_M_GA36_BW2210_PA41_DG11_PF0_D1_S02_7,canonical,COph100,COph100/patient/012,,ok,True,False,0.9178082191780822,4.496956998690031,0.005621196248362539,True,False,False,4.888788226214855,False,0.18557475152577507
COph100/013-1/013_F_GA39_BW3390_PA42_DG11_PF0_D1_S02_6__013_F_GA39_BW3390_PA45_DG11_PF0_D1_S03_19|canonical,COph100/013-1/013_F_GA39_BW3390_PA42_DG11_PF0_D1_S02_6__013_F_GA39_BW3390_PA45_DG11_PF0_D1_S03_19,canonical,COph100,COph100/patient/013,,ok,True,False,0.6819923371647509,3.782204594636023,0.004727755743295029,False,False,False,7.850643075276364,False,0.12115584057988961
COph100/014-1/014_F_GA40_BW3700_PA41_DG11_PF0_D1_S01_3__014_F_GA40_BW3700_PA45_DG11_PF0_D1_S02_2|canonical,COph100/014-1/014_F_GA40_BW3700_PA41_DG11_PF0_D1_S01_3__014_F_GA40_BW3700_PA45_DG11_PF0_D1_S02_2,canonical,COph100,COph100/patient/014,,ok,True,False,0.9545454545454546,1.719216337987111,0.0021490204224838888,False,False,False,10.626958195000709,False,0.0899689449567668
COph100/017/017_M_GA31_BW1660_PA33_DG11_PF0_D1_S01_10__017_M_GA31_BW1660_PA37_DG11_PF0_D1_S02_7|canonical,COph100/017/017_M_GA31_BW1660_PA33_DG11_PF0_D1_S01_10__017_M_GA31_BW1660_PA37_DG11_PF0_D1_S02_7,canonical,COph100,COph100/patient/017,,ok,True,False,0.9809523809523809,5.125023612261383,0.006406279515326728,True,False,False,21.852464807547754,False,0.04481050349893877
COph100/020-1/020_F_GA39_BW3600_PA42_DG11_PF0_D1_S01_8__020_F_GA39_BW3600_PA54_DG11_PF0_D1_S03_7|canonical,COph100/020-1/020_F_GA39_BW3600_PA42_DG11_PF0_D1_S01_8__020_F_GA39_BW3600_PA54_DG11_PF0_D1_S03_7,canonical,COph100,COph100/patient/020,,ok,True,True,0.0,285.8764881080923,0.3573456101351154,True,True,True,0.0,True,10.65786611339508
COph100/021-1/021_M_GA41_BW3670_PA42_DG11_PF0_D1_S01_7__021_M_GA41_BW3670_PA43_DG11_PF0_D1_S02_1|canonical,COph100/021-1/021_M_GA41_BW3670_PA42_DG11_PF0_D1_S01_7__021_M_GA41_BW3670_PA43_DG11_PF0_D1_S02_1,canonical,COph100,COph100/patient/021,,ok,True,False,0.9772727272727273,4.043343270579978,0.005054179088224972,True,False,False,6.885182415419626,False,0.1360275629621708
COph100/021/021_M_GA41_BW3670_PA42_DG11_PF0_D1_S01_1__021_M_GA41_BW3670_PA47_DG11_PF0_D1_S03_13|canonical,COph100/021/021_M_GA41_BW3670_PA42_DG11_PF0_D1_S01_1__021_M_GA41_BW3670_PA47_DG11_PF0_D1_S03_13,canonical,COph100,COph100/patient/021,,ok,True,False,0.9183673469387755,3.3221758763563374,0.004152719845445422,False,False,False,17.20445451735707,False,0.05666507944383024
COph100/023/023_M_GA39_BW3570_PA39_DG11_PF0_D1_S01_10__023_M_GA39_BW3570_PA43_DG11_PF0_D1_S02_3|canonical,COph100/023/023_M_GA39_BW3570_PA39_DG11_PF0_D1_S01_10__023_M_GA39_BW3570_PA43_DG11_PF0_D1_S02_3,canonical,COph100,COph100/patient/023,,ok,True,False,0.90625,2.752176321581578,0.003440220401976973,False,False,False,23.80054942866457,False,0.04119027987035158
COph100/025/025_F_GA35_BW2370_PA36_DG11_PF0_D1_S01_2__025_F_GA35_BW2370_PA41_DG11_PF0_D1_S02_2|canonical,COph100/025/025_F_GA35_BW2370_PA36_DG11_PF0_D1_S01_2__025_F_GA35_BW2370_PA41_DG11_PF0_D1_S02_2,canonical,COph100,COph100/patient/025,,ok,True,False,0.7946428571428571,3.9763662702848324,0.004970457837856041,False,False,False,9.15072105093873,False,0.10429524561480956
COph100/026-1/026_M_GA33_BW1700_PA34_DG11_PF0_D1_S01_10__026_M_GA33_BW1700_PA42_DG11_PF0_D1_S05_6|canonical,COph100/026-1/026_M_GA33_BW1700_PA34_DG11_PF0_D1_S01_10__026_M_GA33_BW1700_PA42_DG11_PF0_D1_S05_6,canonical,COph100,COph100/patient/026,,ok,True,True,0.0,53.49181017399254,0.06686476271749067,True,False,False,0.015702238870804144,False,2.049859819173855
COph100/026-1/026_M_GA33_BW1700_PA38_DG11_PF0_D1_S03_15__026_M_GA33_BW1700_PA40_DG11_PF0_D1_S04_1|canonical,COph100/026-1/026_M_GA33_BW1700_PA38_DG11_PF0_D1_S03_15__026_M_GA33_BW1700_PA40_DG11_PF0_D1_S04_1,canonical,COph100,COph100/patient/026,,ok,True,False,0.7777777777777778,36.70989128420386,0.045887364105254826,True,False,False,1.9795055693271726,False,0.4039473219149018
COph100/026/026_M_GA33_BW1700_PA34_DG11_PF0_D1_S01_2__026_M_GA33_BW1700_PA38_DG11_PF0_D1_S03_2|canonical,COph100/026/026_M_GA33_BW1700_PA34_DG11_PF0_D1_S01_2__026_M_GA33_BW1700_PA38_DG11_PF0_D1_S03_2,canonical,COph100,COph100/patient/026,,ok,True,False,0.8125,9.051285589716551,0.011314106987145689,True,False,False,14.516063493898395,False,0.06669973142182559
COph100/026/026_M_GA33_BW1700_PA36_DG11_PF0_D1_S02_10__026_M_GA33_BW1700_PA40_DG11_PF0_D1_S04_11|canonical,COph100/026/026_M_GA33_BW1700_PA36_DG11_PF0_D1_S02_10__026_M_GA33_BW1700_PA40_DG11_PF0_D1_S04_11,canonical,COph100,COph100/patient/026,,ok,False,True,0.0,,,True,False,False,,False,
COph100/026/026_M_GA33_BW1700_PA40_DG11_PF0_D1_S04_11__026_M_GA33_BW1700_PA42_DG11_PF0_D1_S05_8|canonical,COph100/026/026_M_GA33_BW1700_PA40_DG11_PF0_D1_S04_11__026_M_GA33_BW1700_PA42_DG11_PF0_D1_S05_8,canonical,COph100,COph100/patient/026,,ok,True,True,0.0,277.6753545942322,0.3470941932427902,True,True,True,0.0,True,37.56650032503617
COph100/027/027_F_GA31_BW1460_PA35_DG11_PF0_D1_S02_2__027_F_GA31_BW1460_PA37_DG11_PF0_D1_S03_5|canonical,COph100/027/027_F_GA31_BW1460_PA35_DG11_PF0_D1_S02_2__027_F_GA31_BW1460_PA37_DG11_PF0_D1_S03_5,canonical,COph100,COph100/patient/027,,ok,True,False,0.9545454545454546,2.4789238339613733,0.0030986547924517164,False,False,False,13.603363580553763,False,0.07186887181299446
COph100/028-1/028_F_GA32_BW1760_PA33_DG0_PF0_D1_S01_6__028_F_GA32_BW1760_PA41_DG0_PF0_D1_S03_7|canonical,COph100/028-1/028_F_GA32_BW1760_PA33_DG0_PF0_D1_S01_6__028_F_GA32_BW1760_PA41_DG0_PF0_D1_S03_7,canonical,COph100,COph100/patient/028,,ok,True,True,0.0,246.37549874043316,0.3079693734255414,True,True,True,0.0,True,6.633966186091727
COph100/028/028_F_GA32_BW1760_PA38_DG0_PF0_D1_S02_3__028_F_GA32_BW1760_PA41_DG0_PF0_D1_S03_2|canonical,COph100/028/028_F_GA32_BW1760_PA38_DG0_PF0_D1_S02_3__028_F_GA32_BW1760_PA41_DG0_PF0_D1_S03_2,canonical,COph100,COph100/patient/028,,ok,True,False,0.95,2.9053407347629863,0.0036316759184537328,False,False,False,21.661453486673217,False,0.04541259298502633
COph100/031-1/031_M_GA25_BW910_PA32_DG2_PF0_D1_S01_6__031_M_GA25_BW910_PA36_DG3_PF0_D1_S05_10|canonical,COph100/031-1/031_M_GA25_BW910_PA32_DG2_PF0_D1_S01_6__031_M_GA25_BW910_PA36_DG3_PF0_D1_S05_10,canonical,COph100,COph100/patient/031,,ok,False,True,0.0,,,True,False,False,,False,
COph100/031-1/031_M_GA25_BW910_PA32_DG2_PF0_D1_S01_6__031_M_GA25_BW910_PA43_DG9_PF0_D1_S09_4|canonical,COph100/031-1/031_M_GA25_BW910_PA32_DG2_PF0_D1_S01_6__031_M_GA25_BW910_PA43_DG9_PF0_D1_S09_4,canonical,COph100,COph100/patient/031,,ok,True,True,0.0,132.68130990721858,0.16585163738402323,True,False,False,0.3995277117869671,False,1.1425059318808284
COph100/031-1/031_M_GA25_BW910_PA33_DG3_PF0_D1_S02_8__031_M_GA25_BW910_PA37_DG3_PF0_D1_S06_10|canonical,COph100/031-1/031_M_GA25_BW910_PA33_DG3_PF0_D1_S02_8__031_M_GA25_BW910_PA37_DG3_PF0_D1_S06_10,canonical,COph100,COph100/patient/031,,ok,True,False,0.9,3.8917632555805866,0.004864704069475733,False,False,False,14.196392947037625,False,0.06805027018121558
COph100/031-1/031_M_GA25_BW910_PA34_DG3_PF0_D1_S03_4__031_M_GA25_BW910_PA35_DG3_PF0_D1_S04_7|canonical,COph100/031-1/031_M_GA25_BW910_PA34_DG3_PF0_D1_S03_4__031_M_GA25_BW910_PA35_DG3_PF0_D1_S04_7,canonical,COph100,COph100/patient/031,,ok,True,False,0.8098159509202454,1.7722500860726584,0.0022153126075908232,False,False,False,47.36600745507688,False,0.020893493020081626
COph100/031-1/031_M_GA25_BW910_PA34_DG3_PF0_D1_S03_4__031_M_GA25_BW910_PA40_DG2_PF0_D1_S08_4|canonical,COph100/031-1/031_M_GA25_BW910_PA34_DG3_PF0_D1_S03_4__031_M_GA25_BW910_PA40_DG2_PF0_D1_S08_4,canonical,COph100,COph100/patient/031,,ok,True,True,0.0,247.34205125429276,0.30917756406786595,True,True,True,0.0,True,15.676105722236395
COph100/031-1/031_M_GA25_BW910_PA35_DG3_PF0_D1_S04_7__031_M_GA25_BW910_PA38_DG3_PF0_D1_S07_3|canonical,COph100/031-1/031_M_GA25_BW910_PA35_DG3_PF0_D1_S04_7__031_M_GA25_BW910_PA38_DG3_PF0_D1_S07_3,canonical,COph100,COph100/patient/031,,ok,True,False,0.9700598802395209,1.9415197155715986,0.0024268996444644984,False,False,False,24.207307320888855,False,0.04048029043152102
COph100/031-1/031_M_GA25_BW910_PA36_DG3_PF0_D1_S05_10__031_M_GA25_BW910_PA38_DG3_PF0_D1_S07_3|canonical,COph100/031-1/031_M_GA25_BW910_PA36_DG3_PF0_D1_S05_10__031_M_GA25_BW910_PA38_DG3_PF0_D1_S07_3,canonical,COph100,COph100/patient/031,,ok,True,False,0.8866666666666667,2.599094055699612,0.003248867569624515,False,False,False,9.07469199279495,False,0.10512220743726358
COph100/031-1/031_M_GA25_BW910_PA37_DG3_PF0_D1_S06_10__031_M_GA25_BW910_PA40_DG2_PF0_D1_S08_4|canonical,COph100/031-1/031_M_GA25_BW910_PA37_DG3_PF0_D1_S06_10__031_M_GA25_BW910_PA40_DG2_PF0_D1_S08_4,canonical,COph100,COph100/patient/031,,ok,False,True,0.0,,,True,False,False,,False,
COph100/031-1/031_M_GA25_BW910_PA40_DG2_PF0_D1_S08_4__031_M_GA25_BW910_PA43_DG9_PF0_D1_S09_4|canonical,COph100/031-1/031_M_GA25_BW910_PA40_DG2_PF0_D1_S08_4__031_M_GA25_BW910_PA43_DG9_PF0_D1_S09_4,canonical,COph100,COph100/patient/031,,ok,True,False,0.9363057324840764,3.990618698140655,0.004988273372675819,False,False,False,4.765146362405888,False,0.1930136866047759
COph100/031/031_M_GA25_BW910_PA32_DG2_PF0_D1_S01_1__031_M_GA25_BW910_PA36_DG3_PF0_D1_S05_6|canonical,COph100/031/031_M_GA25_BW910_PA32_DG2_PF0_D1_S01_1__031_M_GA25_BW910_PA36_DG3_PF0_D1_S05_6,canonical,COph100,COph100/patient/031,,ok,True,False,0.9878048780487805,1.6773673015575372,0.0020967091269469217,False,False,False,28.8244070395153,False,0.03410633470887388
COph100/031/031_M_GA25_BW910_PA32_DG2_PF0_D1_S01_1__031_M_GA25_BW910_PA43_DG9_PF0_D1_S09_8|canonical,COph100/031/031_M_GA25_BW910_PA32_DG2_PF0_D1_S01_1__031_M_GA25_BW910_PA43_DG9_PF0_D1_S09_8,canonical,COph100,COph100/patient/031,,ok,True,False,0.9583333333333334,13.796996140153913,0.017246245175192392,True,False,False,1.7743960248890263,False,0.4447805162185115
COph100/031/031_M_GA25_BW910_PA33_DG3_PF0_D1_S02_1__031_M_GA25_BW910_PA37_DG3_PF0_D1_S06_3|canonical,COph100/031/031_M_GA25_BW910_PA33_DG3_PF0_D1_S02_1__031_M_GA25_BW910_PA37_DG3_PF0_D1_S06_3,canonical,COph100,COph100/patient/031,,ok,True,False,0.926829268292683,5.292778863834254,0.006615973579792818,True,False,False,4.248927569529213,False,0.2130784103507335
COph100/031/031_M_GA25_BW910_PA34_DG3_PF0_D1_S03_11__031_M_GA25_BW910_PA35_DG3_PF0_D1_S04_1|canonical,COph100/031/031_M_GA25_BW910_PA34_DG3_PF0_D1_S03_11__031_M_GA25_BW910_PA35_DG3_PF0_D1_S04_1,canonical,COph100,COph100/patient/031,,ok,True,False,0.6142857142857143,1.8446625096676215,0.0023058281370845267,False,False,False,11.478410377069427,False,0.08406082277593815
COph100/031/031_M_GA25_BW910_PA34_DG3_PF0_D1_S03_11__031_M_GA25_BW910_PA40_DG2_PF0_D1_S08_6|canonical,COph100/031/031_M_GA25_BW910_PA34_DG3_PF0_D1_S03_11__031_M_GA25_BW910_PA40_DG2_PF0_D1_S08_6,canonical,COph100,COph100/patient/031,,ok,True,False,0.9473684210526315,5.370797750987424,0.00671349718873428,True,False,False,16.229486813332255,False,0.05988459057562612
COph100/031/031_M_GA25_BW910_PA35_DG3_PF0_D1_S04_1__031_M_GA25_BW910_PA38_DG3_PF0_D1_S07_5|canonical,COph100/031/031_M_GA25_BW910_PA35_DG3_PF0_D1_S04_1__031_M_GA25_BW910_PA38_DG3_PF0_D1_S07_5,canonical,COph100,COph100/patient/031,,ok,True,False,0.9649122807017544,1.3861291420167496,0.001732661427520937,False,False,False,29.50806503921444,False,0.03332541327258053
COph100/031/031_M_GA25_BW910_PA36_DG3_PF0_D1_S05_6__031_M_GA25_BW910_PA38_DG3_PF0_D1_S07_5|canonical,COph100/031/031_M_GA25_BW910_PA36_DG3_PF0_D1_S05_6__031_M_GA25_BW910_PA38_DG3_PF0_D1_S07_5,canonical,COph100,COph100/patient/031,,ok,True,False,0.951048951048951,2.9477278297124165,0.0036846597871405206,False,False,False,11.27249973436248,False,0.08518994243504938
COph100/031/031_M_GA25_BW910_PA37_DG3_PF0_D1_S06_3__031_M_GA25_BW910_PA40_DG2_PF0_D1_S08_6|canonical,COph100/031/031_M_GA25_BW910_PA37_DG3_PF0_D1_S06_3__031_M_GA25_BW910_PA40_DG2_PF0_D1_S08_6,canonical,COph100,COph100/patient/031,,ok,True,False,0.9473684210526315,2.94715238306123,0.003683940478826537,False,False,False,7.902063245156479,False,0.1194503327666241
COph100/031/031_M_GA25_BW910_PA40_DG2_PF0_D1_S08_6__031_M_GA25_BW910_PA43_DG9_PF0_D1_S09_8|canonical,COph100/031/031_M_GA25_BW910_PA40_DG2_PF0_D1_S08_6__031_M_GA25_BW910_PA43_DG9_PF0_D1_S09_8,canonical,COph100,COph100/patient/031,,ok,True,False,0.9490445859872612,2.0806796189570944,0.002600849523696368,False,False,False,44.90493445427983,False,0.022032488698319863
COph100/036-1/036_M_GA27_BW960_PA32_DG0_PF0_D1_S01_8__036_M_GA27_BW960_PA34_DG0_PF0_D1_S02_6|canonical,COph100/036-1/036_M_GA27_BW960_PA32_DG0_PF0_D1_S01_8__036_M_GA27_BW960_PA34_DG0_PF0_D1_S02_6,canonical,COph100,COph100/patient/036,,ok,True,False,0.9454545454545454,2.8292453333273277,0.00353655666665916,False,False,False,7.30126940715903,False,0.12826640814878956
COph100/040/040_M_GA32_BW1770_PA36_DG12_PF0_D1_S01_5__040_M_GA32_BW1770_PA55_DG12_PF0_D1_S04_2|canonical,COph100/040/040_M_GA32_BW1770_PA36_DG12_PF0_D1_S01_5__040_M_GA32_BW1770_PA55_DG12_PF0_D1_S04_2,canonical,COph100,COph100/patient/040,,ok,True,True,0.0,297.7831787887687,0.37222897348596085,True,True,True,0.0,True,3.938539620746284
COph100/041/041_M_GA32_BW1770_PA36_DG0_PF0_D1_S01_2__041_M_GA32_BW1770_PA38_DG0_PF0_D1_S02_6|canonical,COph100/041/041_M_GA32_BW1770_PA36_DG0_PF0_D1_S01_2__041_M_GA32_BW1770_PA38_DG0_PF0_D1_S02_6,canonical,COph100,COph100/patient/041,,ok,True,False,0.9172932330827067,8.22745412579311,0.01028431765724139,True,False,False,5.843749916216715,False,0.15769488488845443
COph100/041/041_M_GA32_BW1770_PA38_DG0_PF0_D1_S02_6__041_M_GA32_BW1770_PA55_DG0_PF0_D1_S04_4|canonical,COph100/041/041_M_GA32_BW1770_PA38_DG0_PF0_D1_S02_6__041_M_GA32_BW1770_PA55_DG0_PF0_D1_S04_4,canonical,COph100,COph100/patient/041,,ok,True,False,0.8703703703703703,7.625161266708238,0.009531451583385298,True,False,False,3.67406352512342,False,0.2395909663816172
COph100/044-1/044_F_GA31_BW1370_PA35_DG0_PF0_D1_S02_6__044_F_GA31_BW1370_PA42_DG0_PF0_D1_S03_7|canonical,COph100/044-1/044_F_GA31_BW1370_PA35_DG0_PF0_D1_S02_6__044_F_GA31_BW1370_PA42_DG0_PF0_D1_S03_7,canonical,COph100,COph100/patient/044,,ok,True,False,0.9264705882352942,7.58148699223544,0.009476858740294301,True,False,False,7.6156550723852545,False,0.12380445670036606
COph100/045-1/045_M_GA29_BW1120_PA38_DG2_PF0_D1_S01_5__045_M_GA29_BW1120_PA42_DG9_PF0_D1_S02_6|canonical,COph100/045-1/045_M_GA29_BW1120_PA38_DG2_PF0_D1_S01_5__045_M_GA29_BW1120_PA42_DG9_PF0_D1_S02_6,canonical,COph100,COph100/patient/045,,ok,True,False,0.550561797752809,286.75880308403055,0.3584485038550382,True,True,True,0.0,False,10.604866762879537
COph100/047-1/047_F_GA32_BW1730_PA38_DG0_PF0_D1_S02_4__047_F_GA32_BW1730_PA40_DG0_PF0_D1_S03_9|canonical,COph100/047-1/047_F_GA32_BW1730_PA38_DG0_PF0_D1_S02_4__047_F_GA32_BW1730_PA40_DG0_PF0_D1_S03_9,canonical,COph100,COph100/patient/047,,ok,True,False,0.9575163398692811,4.705953717552276,0.005882442146940345,True,False,False,16.129475638431796,False,0.06013635706794919
COph100/048-1/048_F_GA32_BW1680_PA33_DG0_PF0_D1_S01_1__048_F_GA32_BW1680_PA38_DG0_PF0_D1_S02_2|canonical,COph100/048-1/048_F_GA32_BW1680_PA33_DG0_PF0_D1_S01_1__048_F_GA32_BW1680_PA38_DG0_PF0_D1_S02_2,canonical,COph100,COph100/patient/048,,ok,True,False,0.7966101694915254,8.294476263902677,0.010368095329878346,True,False,False,9.510542942370684,False,0.09990159468811992
COph100/048/048_F_GA32_BW1680_PA33_DG0_PF0_D1_S01_7__048_F_GA32_BW1680_PA40_DG0_PF0_D1_S03_9|canonical,COph100/048/048_F_GA32_BW1680_PA33_DG0_PF0_D1_S01_7__048_F_GA32_BW1680_PA40_DG0_PF0_D1_S03_9,canonical,COph100,COph100/patient/048,,ok,True,True,0.0,313.97571873066823,0.3924696484133353,True,True,True,0.0,True,4.553653328964451
COph100/049-1/049_F_GA30_BW1220_PA34_DG0_PF0_D1_S02_6__049_F_GA30_BW1220_PA36_DG0_PF0_D1_S03_6|canonical,COph100/049-1/049_F_GA30_BW1220_PA34_DG0_PF0_D1_S02_6__049_F_GA30_BW1220_PA36_DG0_PF0_D1_S03_6,canonical,COph100,COph100/patient/049,,ok,True,False,0.5972850678733032,3.3156261328390126,0.004144532666048766,False,False,False,7.697815042635566,False,0.122644191309439
COph100/050-1/050_M_GA32_BW1790_PA33_DG0_PF0_D1_S01_2__050_M_GA32_BW1790_PA38_DG0_PF0_D1_S02_8|canonical,COph100/050-1/050_M_GA32_BW1790_PA33_DG0_PF0_D1_S01_2__050_M_GA32_BW1790_PA38_DG0_PF0_D1_S02_8,canonical,COph100,COph100/patient/050,,ok,True,True,0.0,249.23676788200495,0.3115459598525062,True,True,True,0.0,True,70.96870948133643
COph100/050/050_M_GA32_BW1790_PA33_DG0_PF0_D1_S01_6__050_M_GA32_BW1790_PA41_DG0_PF0_D1_S03_6|canonical,COph100/050/050_M_GA32_BW1790_PA33_DG0_PF0_D1_S01_6__050_M_GA32_BW1790_PA41_DG0_PF0_D1_S03_6,canonical,COph100,COph100/patient/050,,ok,True,False,0.8244274809160306,6.994460471280901,0.008743075589101125,True,False,False,13.670983875244518,False,0.07059594477894816
COph100/051-1/051_F_GA24_BW600_PA35_DG3_PF0_D1_S01_10__051_F_GA24_BW600_PA46_DG9_PF0_D1_S04_2|canonical,COph100/051-1/051_F_GA24_BW600_PA35_DG3_PF0_D1_S01_10__051_F_GA24_BW600_PA46_DG9_PF0_D1_S04_2,canonical,COph100,COph100/patient/051,,ok,True,False,1.0,12.802431621552373,0.016003039526940467,True,False,False,3.239271012204513,False,0.2676773378677166
COph100/051/051_F_GA24_BW600_PA35_DG3_PF0_D1_S01_6__051_F_GA24_BW600_PA36_DG3_PF0_D1_S02_3|canonical,COph100/051/051_F_GA24_BW600_PA35_DG3_PF0_D1_S01_6__051_F_GA24_BW600_PA36_DG3_PF0_D1_S02_3,canonical,COph100,COph100/patient/051,,ok,True,False,0.9748743718592965,1.8637247699720567,0.002329655962465071,False,False,False,31.18095810525807,False,0.03164099806583472
COph100/051/051_F_GA24_BW600_PA36_DG3_PF0_D1_S02_3__051_F_GA24_BW600_PA46_DG9_PF0_D1_S04_8|canonical,COph100/051/051_F_GA24_BW600_PA36_DG3_PF0_D1_S02_3__051_F_GA24_BW600_PA46_DG9_PF0_D1_S04_8,canonical,COph100,COph100/patient/051,,ok,True,False,0.7931034482758621,11.474174537307928,0.01434271817163491,True,False,False,1.4750206021538568,False,0.5123527343381407
COph100/052-1/052_M_GA26_BW820_PA31_DG1_PF0_D1_S01_6__052_M_GA26_BW820_PA34_DG3_PF0_D1_S04_7|canonical,COph100/052-1/052_M_GA26_BW820_PA31_DG1_PF0_D1_S01_6__052_M_GA26_BW820_PA34_DG3_PF0_D1_S04_7,canonical,COph100,COph100/patient/052,,ok,True,True,0.0,216.17111726219514,0.2702138965777439,True,True,True,0.0,True,20.250415210144965
COph100/052-1/052_M_GA26_BW820_PA31_DG1_PF0_D1_S01_6__052_M_GA26_BW820_PA75_DG9_PF0_D1_S08_8|canonical,COph100/052-1/052_M_GA26_BW820_PA31_DG1_PF0_D1_S01_6__052_M_GA26_BW820_PA75_DG9_PF0_D1_S08_8,canonical,COph100,COph100/patient/052,,ok,False,True,0.0,,,True,False,False,,False,
COph100/052-1/052_M_GA26_BW820_PA32_DG2_PF0_D1_S02_7__052_M_GA26_BW820_PA42_DG3_PF0_D1_S06_4|canonical,COph100/052-1/052_M_GA26_BW820_PA32_DG2_PF0_D1_S02_7__052_M_GA26_BW820_PA42_DG3_PF0_D1_S06_4,canonical,COph100,COph100/patient/052,,ok,True,False,0.9310344827586207,9.924019234127037,0.012405024042658797,True,False,False,5.045674149962046,False,0.18350504165009213
COph100/052-1/052_M_GA26_BW820_PA33_DG3_PF0_D1_S03_6__052_M_GA26_BW820_PA36_DG3_PF0_D1_S05_8|canonical,COph100/052-1/052_M_GA26_BW820_PA33_DG3_PF0_D1_S03_6__052_M_GA26_BW820_PA36_DG3_PF0_D1_S05_8,canonical,COph100,COph100/patient/052,,ok,True,False,0.95,2.96212307213629,0.0037026538401703623,False,False,False,15.930588132986376,False,0.06124978198428407
COph100/052-1/052_M_GA26_BW820_PA34_DG3_PF0_D1_S04_7__052_M_GA26_BW820_PA36_DG3_PF0_D1_S05_8|canonical,COph100/052-1/052_M_GA26_BW820_PA34_DG3_PF0_D1_S04_7__052_M_GA26_BW820_PA36_DG3_PF0_D1_S05_8,canonical,COph100,COph100/patient/052,,ok,True,False,0.9683544303797469,2.6138645211657012,0.0032673306514571267,False,False,False,31.29938586973845,False,0.03152036901412867
COph100/052-1/052_M_GA26_BW820_PA36_DG3_PF0_D1_S05_8__052_M_GA26_BW820_PA42_DG3_PF0_D1_S06_4|canonical,COph100/052-1/052_M_GA26_BW820_PA36_DG3_PF0_D1_S05_8__052_M_GA26_BW820_PA42_DG3_PF0_D1_S06_4,canonical,COph100,COph100/patient/052,,ok,True,False,0.9491525423728814,5.114280063665697,0.006392850079582121,True,False,False,18.750029755375326,False,0.052026707296636485
COph100/052-1/052_M_GA26_BW820_PA42_DG3_PF0_D1_S06_4__052_M_GA26_BW820_PA75_DG9_PF0_D1_S08_8|canonical,COph100/052-1/052_M_GA26_BW820_PA42_DG3_PF0_D1_S06_4__052_M_GA26_BW820_PA75_DG9_PF0_D1_S08_8,canonical,COph100,COph100/patient/052,,ok,True,False,0.9142857142857143,4.946015548795738,0.006182519435994672,True,False,False,12.985908277256891,False,0.07465960250932888
COph100/052/052_M_GA26_BW820_PA31_DG1_PF0_D1_S01_3__052_M_GA26_BW820_PA34_DG3_PF0_D1_S04_4|canonical,COph100/052/052_M_GA26_BW820_PA31_DG1_PF0_D1_S01_3__052_M_GA26_BW820_PA34_DG3_PF0_D1_S04_4,canonical,COph100,COph100/patient/052,,ok,True,False,0.9637681159420289,276.50017652671124,0.3456252206583891,True,True,True,0.0,False,17.315770109861948
COph100/052/052_M_GA26_BW820_PA31_DG1_PF0_D1_S01_3__052_M_GA26_BW820_PA75_DG9_PF0_D1_S08_20|canonical,COph100/052/052_M_GA26_BW820_PA31_DG1_PF0_D1_S01_3__052_M_GA26_BW820_PA75_DG9_PF0_D1_S08_20,canonical,COph100,COph100/patient/052,,ok,False,True,0.0,,,True,False,False,,False,
COph100/052/052_M_GA26_BW820_PA32_DG2_PF0_D1_S02_3__052_M_GA26_BW820_PA42_DG3_PF0_D1_S06_14|canonical,COph100/052/052_M_GA26_BW820_PA32_DG2_PF0_D1_S02_3__052_M_GA26_BW820_PA42_DG3_PF0_D1_S06_14,canonical,COph100,COph100/patient/052,,ok,True,False,0.9285714285714286,12.471252685449517,0.015589065856811897,True,False,False,1.7489332720398687,False,0.46230016684803515
COph100/052/052_M_GA26_BW820_PA33_DG3_PF0_D1_S03_11__052_M_GA26_BW820_PA36_DG3_PF0_D1_S05_1|canonical,COph100/052/052_M_GA26_BW820_PA33_DG3_PF0_D1_S03_11__052_M_GA26_BW820_PA36_DG3_PF0_D1_S05_1,canonical,COph100,COph100/patient/052,,ok,True,False,0.6807692307692308,3.152242395809067,0.003940302994761334,False,False,False,11.392032073344996,False,0.08439391576600211
COph100/052/052_M_GA26_BW820_PA34_DG3_PF0_D1_S04_4__052_M_GA26_BW820_PA36_DG3_PF0_D1_S05_1|canonical,COph100/052/052_M_GA26_BW820_PA34_DG3_PF0_D1_S04_4__052_M_GA26_BW820_PA36_DG3_PF0_D1_S05_1,canonical,COph100,COph100/patient/052,,ok,True,False,0.8178571428571428,2.529298001128768,0.00316162250141096,False,False,False,31.74289283747189,False,0.031014927936951493
COph100/052/052_M_GA26_BW820_PA36_DG3_PF0_D1_S05_1__052_M_GA26_BW820_PA42_DG3_PF0_D1_S06_14|canonical,COph100/052/052_M_GA26_BW820_PA36_DG3_PF0_D1_S05_1__052_M_GA26_BW820_PA42_DG3_PF0_D1_S06_14,canonical,COph100,COph100/patient/052,,ok,True,False,0.9529411764705882,6.214575576820113,0.0077682194710251415,True,False,False,14.73968101049351,False,0.06562706904786038
COph100/052/052_M_GA26_BW820_PA42_DG3_PF0_D1_S06_14__052_M_GA26_BW820_PA75_DG9_PF0_D1_S08_20|canonical,COph100/052/052_M_GA26_BW820_PA42_DG3_PF0_D1_S06_14__052_M_GA26_BW820_PA75_DG9_PF0_D1_S08_20,canonical,COph100,COph100/patient/052,,ok,False,True,0.0,,,True,False,False,,False,
COph100/055-1/055_M_GA38_BW3245_PA40_DG13_PF0_D1_S01_10__055_M_GA38_BW3245_PA41_DG13_PF0_D1_S02_7|canonical,COph100/055-1/055_M_GA38_BW3245_PA40_DG13_PF0_D1_S01_10__055_M_GA38_BW3245_PA41_DG13_PF0_D1_S02_7,canonical,COph100,COph100/patient/055,,ok,True,True,0.0,248.3490079099385,0.3104362598874231,True,True,True,0.0,True,10.789222364240457
COph100/055-1/055_M_GA38_BW3245_PA40_DG13_PF0_D1_S01_10__055_M_GA38_BW3245_PA45_DG13_PF0_D1_S06_6|canonical,COph100/055-1/055_M_GA38_BW3245_PA40_DG13_PF0_D1_S01_10__055_M_GA38_BW3245_PA45_DG13_PF0_D1_S06_6,canonical,COph100,COph100/patient/055,,ok,True,False,0.8,2766.6738770246857,3.458342346280857,True,True,True,0.0,False,11.108427641407552
COph100/055-1/055_M_GA38_BW3245_PA41_DG13_PF0_D1_S02_7__055_M_GA38_BW3245_PA42_DG13_PF0_D1_S03_2|canonical,COph100/055-1/055_M_GA38_BW3245_PA41_DG13_PF0_D1_S02_7__055_M_GA38_BW3245_PA42_DG13_PF0_D1_S03_2,canonical,COph100,COph100/patient/055,,ok,True,False,0.5623003194888179,3.7925206837733976,0.004740650854716747,False,False,False,17.776100099513087,False,0.054723465945202505
COph100/055-1/055_M_GA38_BW3245_PA41_DG13_PF0_D1_S02_7__055_M_GA38_BW3245_PA47_DG13_PF0_D1_S07_7|canonical,COph100/055-1/055_M_GA38_BW3245_PA41_DG13_PF0_D1_S02_7__055_M_GA38_BW3245_PA47_DG13_PF0_D1_S07_7,canonical,COph100,COph100/patient/055,,ok,True,False,0.8717948717948718,4.9729311966879735,0.006216163995859967,True,False,False,4.878039756119072,False,0.18710778200043282
COph100/055-1/055_M_GA38_BW3245_PA42_DG13_PF0_D1_S03_2__055_M_GA38_BW3245_PA44_DG13_PF0_D1_S05_6|canonical,COph100/055-1/055_M_GA38_BW3245_PA42_DG13_PF0_D1_S03_2__055_M_GA38_BW3245_PA44_DG13_PF0_D1_S05_6,canonical,COph100,COph100/patient/055,,ok,True,False,0.9647058823529412,2.7612348818589085,0.0034515436023236355,False,False,False,9.129075234546532,False,0.10451367324571732
COph100/055-1/055_M_GA38_BW3245_PA42_DG13_PF0_D1_S03_2__055_M_GA38_BW3245_PA78_DG13_PF0_D1_S09_16|canonical,COph100/055-1/055_M_GA38_BW3245_PA42_DG13_PF0_D1_S03_2__055_M_GA38_BW3245_PA78_DG13_PF0_D1_S09_16,canonical,COph100,COph100/patient/055,,ok,False,True,0.0,,,True,False,False,,False,
COph100/055-1/055_M_GA38_BW3245_PA43_DG13_PF0_D1_S04_5__055_M_GA38_BW3245_PA53_DG13_PF0_D1_S08_2|canonical,COph100/055-1/055_M_GA38_BW3245_PA43_DG13_PF0_D1_S04_5__055_M_GA38_BW3245_PA53_DG13_PF0_D1_S08_2,canonical,COph100,COph100/patient/055,,ok,True,False,0.9636363636363636,3.5005381185988833,0.004375672648248604,False,False,False,3.758167836888213,False,0.23689175802131288
COph100/055-1/055_M_GA38_BW3245_PA44_DG13_PF0_D1_S05_6__055_M_GA38_BW3245_PA53_DG13_PF0_D1_S08_2|canonical,COph100/055-1/055_M_GA38_BW3245_PA44_DG13_PF0_D1_S05_6__055_M_GA38_BW3245_PA53_DG13_PF0_D1_S08_2,canonical,COph100,COph100/patient/055,,ok,True,False,0.9906542056074766,2.6902480957558157,0.0033628101196947697,False,False,False,7.120896185583219,False,0.13195321953060463
COph100/055-1/055_M_GA38_BW3245_PA45_DG13_PF0_D1_S06_6__055_M_GA38_BW3245_PA78_DG13_PF0_D1_S09_16|canonical,COph100/055-1/055_M_GA38_BW3245_PA45_DG13_PF0_D1_S06_6__055_M_GA38_BW3245_PA78_DG13_PF0_D1_S09_16,canonical,COph100,COph100/patient/055,,ok,False,True,0.0,,,True,False,False,,False,
COph100/055/055_M_GA38_BW3245_PA40_DG13_PF0_D1_S01_3__055_M_GA38_BW3245_PA41_DG13_PF0_D1_S02_1|canonical,COph100/055/055_M_GA38_BW3245_PA40_DG13_PF0_D1_S01_3__055_M_GA38_BW3245_PA41_DG13_PF0_D1_S02_1,canonical,COph100,COph100/patient/055,,ok,False,True,0.0,,,True,False,False,,False,
COph100/055/055_M_GA38_BW3245_PA40_DG13_PF0_D1_S01_3__055_M_GA38_BW3245_PA45_DG13_PF0_D1_S06_7|canonical,COph100/055/055_M_GA38_BW3245_PA40_DG13_PF0_D1_S01_3__055_M_GA38_BW3245_PA45_DG13_PF0_D1_S06_7,canonical,COph100,COph100/patient/055,,ok,False,True,0.0,,,True,False,False,,False,
COph100/055/055_M_GA38_BW3245_PA41_DG13_PF0_D1_S02_1__055_M_GA38_BW3245_PA42_DG13_PF0_D1_S03_6|canonical,COph100/055/055_M_GA38_BW3245_PA41_DG13_PF0_D1_S02_1__055_M_GA38_BW3245_PA42_DG13_PF0_D1_S03_6,canonical,COph100,COph100/patient/055,,ok,True,False,0.9936708860759493,2.1360355530603012,0.0026700444413253767,False,False,False,23.73631713554139,False,0.04136035159524263
COph100/055/055_M_GA38_BW3245_PA41_DG13_PF0_D1_S02_1__055_M_GA38_BW3245_PA47_DG13_PF0_D1_S07_4|canonical,COph100/055/055_M_GA38_BW3245_PA41_DG13_PF0_D1_S02_1__055_M_GA38_BW3245_PA47_DG13_PF0_D1_S07_4,canonical,COph100,COph100/patient/055,,ok,True,False,0.9772727272727273,5.175538592795641,0.006469423240994552,True,False,False,2.755930637124466,False,0.31082145621404067
COph100/055/055_M_GA38_BW3245_PA42_DG13_PF0_D1_S03_6__055_M_GA38_BW3245_PA44_DG13_PF0_D1_S05_1|canonical,COph100/055/055_M_GA38_BW3245_PA42_DG13_PF0_D1_S03_6__055_M_GA38_BW3245_PA44_DG13_PF0_D1_S05_1,canonical,COph100,COph100/patient/055,,ok,True,False,0.9655172413793104,3.779245658050449,0.004724057072563062,False,False,False,6.024761126076527,False,0.15326463233596022
COph100/055/055_M_GA38_BW3245_PA42_DG13_PF0_D1_S03_6__055_M_GA38_BW3245_PA78_DG13_PF0_D1_S09_6|canonical,COph100/055/055_M_GA38_BW3245_PA42_DG13_PF0_D1_S03_6__055_M_GA38_BW3245_PA78_DG13_PF0_D1_S09_6,canonical,COph100,COph100/patient/055,,ok,True,False,0.7931034482758621,8.21230035767409,0.010265375447092613,True,False,False,2.7002357145837803,False,0.31255555993983475
COph100/055/055_M_GA38_BW3245_PA43_DG13_PF0_D1_S04_13__055_M_GA38_BW3245_PA53_DG13_PF0_D1_S08_7|canonical,COph100/055/055_M_GA38_BW3245_PA43_DG13_PF0_D1_S04_13__055_M_GA38_BW3245_PA53_DG13_PF0_D1_S08_7,canonical,COph100,COph100/patient/055,,ok,True,False,0.8541666666666666,4.020100546808518,0.0050251256835106475,True,False,False,6.868503819111636,False,0.13578460766240052
COph100/055/055_M_GA38_BW3245_PA44_DG13_PF0_D1_S05_1__055_M_GA38_BW3245_PA53_DG13_PF0_D1_S08_7|canonical,COph100/055/055_M_GA38_BW3245_PA44_DG13_PF0_D1_S05_1__055_M_GA38_BW3245_PA53_DG13_PF0_D1_S08_7,canonical,COph100,COph100/patient/055,,ok,True,False,0.9326923076923077,5.71679436194155,0.007145992952426937,True,False,False,3.5205347896701005,False,0.2542095268535314
COph100/055/055_M_GA38_BW3245_PA45_DG13_PF0_D1_S06_7__055_M_GA38_BW3245_PA78_DG13_PF0_D1_S09_6|canonical,COph100/055/055_M_GA38_BW3245_PA45_DG13_PF0_D1_S06_7__055_M_GA38_BW3245_PA78_DG13_PF0_D1_S09_6,canonical,COph100,COph100/patient/055,,ok,True,False,0.813953488372093,9.737705823527666,0.012172132279409583,True,False,False,2.3259903083569817,False,0.35406867092553546
COph100/056-1/056_F_GA33_BW1180_PA35_DG0_PF0_D1_S01_7__056_F_GA33_BW1180_PA38_DG0_PF0_D1_S02_1|canonical,COph100/056-1/056_F_GA33_BW1180_PA35_DG0_PF0_D1_S01_7__056_F_GA33_BW1180_PA38_DG0_PF0_D1_S02_1,canonical,COph100,COph100/patient/056,,ok,True,False,0.9586776859504132,4.888409229304562,0.0061105115366307024,True,False,False,16.775267358113336,False,0.05796425313930768
COph100/056/056_F_GA33_BW1180_PA35_DG0_PF0_D1_S01_1__056_F_GA33_BW1180_PA42_DG0_PF0_D1_S03_3|canonical,COph100/056/056_F_GA33_BW1180_PA35_DG0_PF0_D1_S01_1__056_F_GA33_BW1180_PA42_DG0_PF0_D1_S03_3,canonical,COph100,COph100/patient/056,,ok,True,False,0.8604651162790697,18.2306302365149,0.022788287795643628,True,False,False,1.1371872278632742,False,0.6115986978665394
COph100/057-1/057_M_GA30_BW1180_PA37_DG0_PF0_D1_S02_4__057_M_GA30_BW1180_PA39_DG0_PF0_D1_S03_6|canonical,COph100/057-1/057_M_GA30_BW1180_PA37_DG0_PF0_D1_S02_4__057_M_GA30_BW1180_PA39_DG0_PF0_D1_S03_6,canonical,COph100,COph100/patient/057,,ok,True,False,0.9621212121212122,1.610612760760771,0.0020132659509509636,False,False,False,21.802134587681373,False,0.04496425621860714
COph100/058-1/058_M_GA30_BW1490_PA33_DG0_PF0_D1_S01_5__058_M_GA30_BW1490_PA35_DG0_PF0_D1_S02_5|canonical,COph100/058-1/058_M_GA30_BW1490_PA33_DG0_PF0_D1_S01_5__058_M_GA30_BW1490_PA35_DG0_PF0_D1_S02_5,canonical,COph100,COph100/patient/058,,ok,True,False,0.911504424778761,3.423247547812669,0.004279059434765836,False,False,False,5.267358887206205,False,0.1735080275682797
COph100/058/058_M_GA30_BW1490_PA33_DG0_PF0_D1_S01_2__058_M_GA30_BW1490_PA38_DG0_PF0_D1_S03_6|canonical,COph100/058/058_M_GA30_BW1490_PA33_DG0_PF0_D1_S01_2__058_M_GA30_BW1490_PA38_DG0_PF0_D1_S03_6,canonical,COph100,COph100/patient/058,,ok,True,False,0.8947368421052632,4.30607599940118,0.005382594999251475,True,False,False,21.302447511570133,False,0.04586672206284671
COph100/059-1/059_M_GA40_BW3680_PA85_DG12_PF0_D1_S02_2__059_M_GA40_BW3680_PA112_DG12_PF0_D1_S03_1|canonical,COph100/059-1/059_M_GA40_BW3680_PA85_DG12_PF0_D1_S02_2__059_M_GA40_BW3680_PA112_DG12_PF0_D1_S03_1,canonical,COph100,COph100/patient/059,,ok,True,True,0.0,347.8446915574983,0.4348058644468729,True,True,True,0.0,True,18.81973478640826
COph100/061-1/061_M_GA26_BW880_PA32_DG0_PF0_D1_S01_6__061_M_GA26_BW880_PA38_DG0_PF0_D1_S02_7|canonical,COph100/061-1/061_M_GA26_BW880_PA32_DG0_PF0_D1_S01_6__061_M_GA26_BW880_PA38_DG0_PF0_D1_S02_7,canonical,COph100,COph100/patient/061,,ok,True,False,0.9186046511627907,4.739527152613571,0.005924408940766964,True,False,False,6.119117674432637,False,0.15216689589703622
COph100/061/061_M_GA26_BW880_PA32_DG0_PF0_D1_S01_2__061_M_GA26_BW880_PA42_DG0_PF0_D1_S03_7|canonical,COph100/061/061_M_GA26_BW880_PA32_DG0_PF0_D1_S01_2__061_M_GA26_BW880_PA42_DG0_PF0_D1_S03_7,canonical,COph100,COph100/patient/061,,ok,True,True,0.0,275.24597483093675,0.3440574685386709,True,True,True,0.0,True,35.695827218467635
COph100/063/063_F_GA35_BW3000_PA36_DG0_PF0_D1_S01_3__063_F_GA35_BW3000_PA39_DG0_PF0_D1_S02_2|canonical,COph100/063/063_F_GA35_BW3000_PA36_DG0_PF0_D1_S01_3__063_F_GA35_BW3000_PA39_DG0_PF0_D1_S02_2,canonical,COph100,COph100/patient/063,,ok,True,False,0.9615384615384616,5.770301539515188,0.007212876924393985,True,False,False,18.24608963809456,False,0.05347807255211119
COph100/064/064_M_GA30_BW990_PA33_DG0_PF0_D1_S01_4__064_M_GA30_BW990_PA37_DG0_PF0_D1_S02_4|canonical,COph100/064/064_M_GA30_BW990_PA33_DG0_PF0_D1_S01_4__064_M_GA30_BW990_PA37_DG0_PF0_D1_S02_4,canonical,COph100,COph100/patient/064,,ok,True,False,0.88,6.831908681559146,0.008539885851948932,True,False,False,3.2647817931465077,False,0.26581460614955177
COph100/065-1/065_M_GA27_BW950_PA32_DG0_PF0_D1_S01_8__065_M_GA27_BW950_PA36_DG0_PF0_D1_S03_4|canonical,COph100/065-1/065_M_GA27_BW950_PA32_DG0_PF0_D1_S01_8__065_M_GA27_BW950_PA36_DG0_PF0_D1_S03_4,canonical,COph100,COph100/patient/065,,ok,False,True,0.0,,,True,False,False,,False,
COph100/065/065_M_GA27_BW950_PA34_DG0_PF0_D1_S02_1__065_M_GA27_BW950_PA36_DG0_PF0_D1_S03_1|canonical,COph100/065/065_M_GA27_BW950_PA34_DG0_PF0_D1_S02_1__065_M_GA27_BW950_PA36_DG0_PF0_D1_S03_1,canonical,COph100,COph100/patient/065,,ok,True,False,0.9152542372881356,5.64403328833801,0.007055041610422513,True,False,False,5.564400388467917,False,0.16511685793424452
COph100/066-1/066_F_GA26_BW810_PA36_DG3_PF0_D1_S04_3__066_F_GA26_BW810_PA40_DG3_PF0_D1_S05_3|canonical,COph100/066-1/066_F_GA26_BW810_PA36_DG3_PF0_D1_S04_3__066_F_GA26_BW810_PA40_DG3_PF0_D1_S05_3,canonical,COph100,COph100/patient/066,,ok,True,True,0.0,167.42673713495572,0.20928342141869463,True,True,True,0.0,True,3.4835846374894945
COph100/066/066_F_GA26_BW810_PA31_DG1_PF0_D1_S01_5__066_F_GA26_BW810_PA34_DG3_PF0_D1_S03_4|canonical,COph100/066/066_F_GA26_BW810_PA31_DG1_PF0_D1_S01_5__066_F_GA26_BW810_PA34_DG3_PF0_D1_S03_4,canonical,COph100,COph100/patient/066,,ok,True,False,0.7297297297297297,2.5846855559029973,0.0032308569448787467,False,False,False,35.841256838961314,False,0.02751778192372658
COph100/066/066_F_GA26_BW810_PA32_DG2_PF0_D1_S02_15__066_F_GA26_BW810_PA34_DG3_PF0_D1_S03_4|canonical,COph100/066/066_F_GA26_BW810_PA32_DG2_PF0_D1_S02_15__066_F_GA26_BW810_PA34_DG3_PF0_D1_S03_4,canonical,COph100,COph100/patient/066,,ok,True,False,0.9259259259259259,4.067852307235375,0.005084815384044219,True,False,False,3.4843378803650857,False,0.2511144942605904
COph100/066/066_F_GA26_BW810_PA34_DG3_PF0_D1_S03_4__066_F_GA26_BW810_PA36_DG3_PF0_D1_S04_7|canonical,COph100/066/066_F_GA26_BW810_PA34_DG3_PF0_D1_S03_4__066_F_GA26_BW810_PA36_DG3_PF0_D1_S04_7,canonical,COph100,COph100/patient/066,,ok,True,True,0.0,45.533214545052395,0.0569165181813155,True,False,False,0.7775519891780647,False,0.7988123686325233
COph100/066/066_F_GA26_BW810_PA36_DG3_PF0_D1_S04_7__066_F_GA26_BW810_PA42_DG3_PF0_D1_S06_12|canonical,COph100/066/066_F_GA26_BW810_PA36_DG3_PF0_D1_S04_7__066_F_GA26_BW810_PA42_DG3_PF0_D1_S06_12,canonical,COph100,COph100/patient/066,,ok,True,False,1.0,1.934691108438423,0.0024183638855480288,False,False,False,14.334243070766446,False,0.06741174745396472
COph100/068-1/068_M_GA35_BW2210_PA38_DG0_PF0_D1_S01_4__068_M_GA35_BW2210_PA42_DG0_PF0_D1_S02_4|canonical,COph100/068-1/068_M_GA35_BW2210_PA38_DG0_PF0_D1_S01_4__068_M_GA35_BW2210_PA42_DG0_PF0_D1_S02_4,canonical,COph100,COph100/patient/068,,ok,True,False,0.9752066115702479,3.358081101671165,0.004197601377088956,False,False,False,5.63797746202299,False,0.16350601272267534
COph100/069-1/069_M_GA30_BW1100_PA32_DG1_PF0_D1_S01_6__069_M_GA30_BW1100_PA43_DG9_PF0_D1_S04_4|canonical,COph100/069-1/069_M_GA30_BW1100_PA32_DG1_PF0_D1_S01_6__069_M_GA30_BW1100_PA43_DG9_PF0_D1_S04_4,canonical,COph100,COph100/patient/069,,ok,False,True,0.0,,,True,False,False,,False,
COph100/069/069_M_GA30_BW1100_PA32_DG1_PF0_D1_S01_1__069_M_GA30_BW1100_PA34_DG1_PF0_D1_S02_2|canonical,COph100/069/069_M_GA30_BW1100_PA32_DG1_PF0_D1_S01_1__069_M_GA30_BW1100_PA34_DG1_PF0_D1_S02_2,canonical,COph100,COph100/patient/069,,ok,True,False,0.972972972972973,2.2175352977324683,0.0027719191221655852,False,False,False,36.64579924868703,False,0.026957920523324595
COph100/069/069_M_GA30_BW1100_PA34_DG1_PF0_D1_S02_2__069_M_GA30_BW1100_PA43_DG9_PF0_D1_S04_1|canonical,COph100/069/069_M_GA30_BW1100_PA34_DG1_PF0_D1_S02_2__069_M_GA30_BW1100_PA43_DG9_PF0_D1_S04_1,canonical,COph100,COph100/patient/069,,ok,True,False,0.5714285714285714,25.010920823720625,0.03126365102965078,True,False,False,0.6553065925212298,False,0.8662621493699914
COph100/070-1/070_M_GA32_BW1830_PA33_DG0_PF0_D1_S01_3__070_M_GA32_BW1830_PA40_DG0_PF0_D1_S04_7|canonical,COph100/070-1/070_M_GA32_BW1830_PA33_DG0_PF0_D1_S01_3__070_M_GA32_BW1830_PA40_DG0_PF0_D1_S04_7,canonical,COph100,COph100/patient/070,,ok,False,True,0.0,,,True,False,False,,False,
COph100/070/070_M_GA32_BW1830_PA33_DG0_PF0_D1_S01_1__070_M_GA32_BW1830_PA35_DG0_PF0_D1_S02_1|canonical,COph100/070/070_M_GA32_BW1830_PA33_DG0_PF0_D1_S01_1__070_M_GA32_BW1830_PA35_DG0_PF0_D1_S02_1,canonical,COph100,COph100/patient/070,,ok,True,False,0.9652777777777778,2.6662059276980843,0.0033327574096226054,False,False,False,19.243008236128404,False,0.05090012296069313
COph100/070/070_M_GA32_BW1830_PA35_DG0_PF0_D1_S02_1__070_M_GA32_BW1830_PA40_DG0_PF0_D1_S04_2|canonical,COph100/070/070_M_GA32_BW1830_PA35_DG0_PF0_D1_S02_1__070_M_GA32_BW1830_PA40_DG0_PF0_D1_S04_2,canonical,COph100,COph100/patient/070,,ok,True,False,0.9310344827586207,2.435300732964631,0.0030441259162057887,False,False,False,8.09209331495992,False,0.11805009664847878
COph100/071-1/071_F_GA32_BW1660_PA33_DG0_PF0_D1_S01_7__071_F_GA32_BW1660_PA40_DG0_PF0_D1_S04_8|canonical,COph100/071-1/071_F_GA32_BW1660_PA33_DG0_PF0_D1_S01_7__071_F_GA32_BW1660_PA40_DG0_PF0_D1_S04_8,canonical,COph100,COph100/patient/071,,ok,True,False,1.0,9.072264033877783,0.011340330042347229,True,False,False,37.937575759972226,False,0.02601859261918541
COph100/071/071_F_GA32_BW1660_PA33_DG0_PF0_D1_S01_2__071_F_GA32_BW1660_PA35_DG0_PF0_D1_S02_2|canonical,COph100/071/071_F_GA32_BW1660_PA33_DG0_PF0_D1_S01_2__071_F_GA32_BW1660_PA35_DG0_PF0_D1_S02_2,canonical,COph100,COph100/patient/071,,ok,True,False,0.9719626168224299,3.542679072890908,0.004428348841113635,False,False,False,19.073613655238617,False,0.05136616902036959
COph100/071/071_F_GA32_BW1660_PA35_DG0_PF0_D1_S02_2__071_F_GA32_BW1660_PA40_DG0_PF0_D1_S04_2|canonical,COph100/071/071_F_GA32_BW1660_PA35_DG0_PF0_D1_S02_2__071_F_GA32_BW1660_PA40_DG0_PF0_D1_S04_2,canonical,COph100,COph100/patient/071,,ok,True,False,0.9292929292929293,7.455016773723645,0.009318770967154557,True,False,False,11.226041421416102,False,0.0852875953709537
COph100/076-1/076_M_GA33_BW1470_PA37_DG0_PF0_D1_S02_13__076_M_GA33_BW1470_PA40_DG0_PF0_D1_S03_3|canonical,COph100/076-1/076_M_GA33_BW1470_PA37_DG0_PF0_D1_S02_13__076_M_GA33_BW1470_PA40_DG0_PF0_D1_S03_3,canonical,COph100,COph100/patient/076,,ok,True,True,0.0,225.64667569191244,0.28205834461489054,True,True,True,0.0,True,345.7969255438247
FIRE/A01|canonical,FIRE/A01,canonical,FIRE,FIRE/image_component/cc0000,A,ok,True,False,0.9209621993127147,3.09753342440814,0.0007521589592551456,False,False,False,1003.1819181409858,False,0.000996339041002351
FIRE/A03|canonical,FIRE/A03,canonical,FIRE,FIRE/image_component/cc0001,A,ok,True,False,0.9651162790697675,5.422713457339894,0.0013167711051224544,False,False,False,57.429786309819896,False,0.017265985962332087
FIRE/A05|canonical,FIRE/A05,canonical,FIRE,FIRE/image_component/cc0001,A,ok,True,False,0.9366197183098591,6.210935174579786,0.00150817114679101,False,False,False,87.1526237295385,False,0.011416384329903773
FIRE/A07|canonical,FIRE/A07,canonical,FIRE,FIRE/image_component/cc0002,A,ok,True,False,0.8792569659442725,7.257791886986091,0.0017623742650166806,False,False,False,42.71332985250761,False,0.023150890087242533
FIRE/A09|canonical,FIRE/A09,canonical,FIRE,FIRE/image_component/cc0002,A,ok,True,False,0.9588235294117647,7.119624604440345,0.0017288237765461399,False,False,False,93.38576949783398,False,0.010652183537573504
FIRE/A11|canonical,FIRE/A11,canonical,FIRE,FIRE/image_component/cc0003,A,ok,True,False,0.8980099502487562,3.2587818175167755,0.000791314121419483,False,False,False,99.19855379177899,False,0.010030889462696351
FIRE/A13|canonical,FIRE/A13,canonical,FIRE,FIRE/image_component/cc0004,A,ok,True,False,0.9564032697547684,4.828427760467653,0.0011724636029862819,False,False,False,140.57882884595995,False,0.007094087761674157
FIRE/P01|canonical,FIRE/P01,canonical,FIRE,FIRE/image_component/cc0005,P,ok,True,False,0.9438943894389439,8.191957700274907,0.0019892132009126863,False,False,False,9.774084651156336,False,0.09871902905928069
FIRE/P03|canonical,FIRE/P03,canonical,FIRE,FIRE/image_component/cc0007,P,ok,True,False,0.9646302250803859,8.990293949215106,0.0021830693050653807,False,False,False,9.255742111242226,False,0.1031852244283261
FIRE/P05|canonical,FIRE/P05,canonical,FIRE,FIRE/image_component/cc0008,P,ok,True,False,0.9487179487179487,13.235737080880801,0.0032139695892489887,False,False,False,4.509884949149037,False,0.20406166210480858
FIRE/P07|canonical,FIRE/P07,canonical,FIRE,FIRE/image_component/cc0009,P,ok,True,False,0.8947368421052632,11.68733716950133,0.002837979178079664,False,False,False,11.070281079409993,False,0.0871667172977915
FIRE/P09|canonical,FIRE/P09,canonical,FIRE,FIRE/image_component/cc0010,P,ok,True,False,0.8402777777777778,18.243249697175997,0.004429919495794155,False,False,False,4.455085626361483,False,0.20538032263608236
FIRE/P11|canonical,FIRE/P11,canonical,FIRE,FIRE/image_component/cc0011,P,ok,True,False,0.9090909090909091,10.188732292309577,0.00247408025260524,False,False,False,5.379413266237328,False,0.17118311722500923
FIRE/P13|canonical,FIRE/P13,canonical,FIRE,FIRE/image_component/cc0011,P,ok,True,False,0.9548387096774194,11.419731383802826,0.002772997768137299,False,False,False,5.018450902485998,False,0.18155301471788204
FIRE/P15|canonical,FIRE/P15,canonical,FIRE,FIRE/image_component/cc0011,P,ok,True,False,0.875,11.279675186646248,0.0027389886037291204,False,False,False,3.167230076961604,False,0.28221452698263383
FIRE/P17|canonical,FIRE/P17,canonical,FIRE,FIRE/image_component/cc0013,P,ok,True,False,0.9390243902439024,14.192759778049236,0.003446358750965074,False,False,False,6.577135506204862,False,0.14244209582069678
FIRE/P19|canonical,FIRE/P19,canonical,FIRE,FIRE/image_component/cc0014,P,ok,True,False,0.9471947194719472,7.751451716452008,0.0018822472777277881,False,False,False,12.119124654847571,False,0.07935310553683461
FIRE/P21|canonical,FIRE/P21,canonical,FIRE,FIRE/image_component/cc0016,P,ok,True,False,0.9696969696969697,10.754290172785952,0.0026114119189645586,False,False,False,8.924236900842619,False,0.10732482725139109
FIRE/P23|canonical,FIRE/P23,canonical,FIRE,FIRE/image_component/cc0017,P,ok,True,False,0.8253012048192772,21.32236051411026,0.005177604982977901,True,False,False,5.227127323595346,False,0.1761153821308748
FIRE/P25|canonical,FIRE/P25,canonical,FIRE,FIRE/image_component/cc0019,P,ok,True,False,0.9406392694063926,10.012598955858076,0.002431310652125203,False,False,False,6.898391860182002,False,0.1377336675355603
FIRE/P27|canonical,FIRE/P27,canonical,FIRE,FIRE/image_component/cc0020,P,ok,True,False,0.9230769230769231,13.162788868018826,0.0031962559299117143,False,False,False,4.627255052143205,False,0.20066756660147414
FIRE/P29|canonical,FIRE/P29,canonical,FIRE,FIRE/image_component/cc0022,P,ok,True,False,0.9588235294117647,11.695786503921713,0.002840030888816328,False,False,False,6.157221822792737,False,0.1529773935935055
FIRE/P31|canonical,FIRE/P31,canonical,FIRE,FIRE/image_component/cc0023,P,ok,True,False,0.9745222929936306,12.2864001076282,0.0029834467144488424,False,False,False,4.478425323733692,False,0.20201415125083977
FIRE/P33|canonical,FIRE/P33,canonical,FIRE,FIRE/image_component/cc0025,P,ok,True,False,0.9713114754098361,9.448049950717582,0.0022942239660513836,False,False,False,8.687648989915028,False,0.10938582271402292
FIRE/P35|canonical,FIRE/P35,canonical,FIRE,FIRE/image_component/cc0027,P,ok,True,False,0.9558823529411765,14.612134456445455,0.003548193462143609,False,False,False,5.898786882515247,False,0.1588821103206779
FIRE/P37|canonical,FIRE/P37,canonical,FIRE,FIRE/image_component/cc0003,P,ok,True,False,0.923943661971831,23.384005047361622,0.005678224086638001,True,False,False,14.314073753155114,False,0.06804989653496726
FIRE/P39|canonical,FIRE/P39,canonical,FIRE,FIRE/image_component/cc0030,P,ok,True,False,0.9413680781758957,8.484193041867012,0.002060175285988972,False,False,False,12.549238829443986,False,0.07721387767223312
FIRE/P41|canonical,FIRE/P41,canonical,FIRE,FIRE/image_component/cc0031,P,ok,True,False,0.9125,12.180041462912197,0.002957620162623122,False,False,False,5.183406150706492,False,0.18019371786738717
FIRE/P43|canonical,FIRE/P43,canonical,FIRE,FIRE/image_component/cc0031,P,ok,True,False,0.9183673469387755,11.804453423876447,0.002866417947879051,False,False,False,4.755342800622382,False,0.19541612751918297
FIRE/P45|canonical,FIRE/P45,canonical,FIRE,FIRE/image_component/cc0031,P,ok,True,False,0.9690265486725663,8.10367014972462,0.001967774764893298,False,False,False,10.449890851178553,False,0.0920904481024437
FIRE/P47|canonical,FIRE/P47,canonical,FIRE,FIRE/image_component/cc0031,P,ok,True,False,0.9132653061224489,11.833996385126884,0.00287359172131192,False,False,False,8.154771490896374,False,0.11744389957578101
FIRE/P49|canonical,FIRE/P49,canonical,FIRE,FIRE/image_component/cc0013,P,ok,True,False,0.8947368421052632,13.328616618879142,0.0032365230752215506,False,False,False,5.993685954281733,False,0.15425533003837946
FIRE/S02|canonical,FIRE/S02,canonical,FIRE,FIRE/image_component/cc0032,S,ok,True,False,0.9024390243902439,2.135535694231764,0.0005185617344976656,False,False,False,65.7026450197062,False,0.015105586839853701
FIRE/S04|canonical,FIRE/S04,canonical,FIRE,FIRE/image_component/cc0033,S,ok,True,False,0.8935064935064935,1.4354210972655663,0.00034855631584296596,False,False,False,82.14864582931986,False,0.012099475764202478
FIRE/S06|canonical,FIRE/S06,canonical,FIRE,FIRE/image_component/cc0033,S,ok,True,False,0.8865979381443299,1.9092245653032158,0.00046360770499101733,False,False,False,62.565469827353354,False,0.01586525773290469
FIRE/S08|canonical,FIRE/S08,canonical,FIRE,FIRE/image_component/cc0034,S,ok,True,False,0.8784403669724771,0.6332687947672533,0.00015377357798549343,False,False,False,265.0637013713929,False,0.0037659115430511937
FIRE/S10|canonical,FIRE/S10,canonical,FIRE,FIRE/image_component/cc0034,S,ok,True,False,0.85,1.784102084025132,0.0004332248220958869,False,False,False,204.69506096588876,False,0.0048755938786850025
FIRE/S12|canonical,FIRE/S12,canonical,FIRE,FIRE/image_component/cc0034,S,ok,True,False,0.8689655172413793,0.9779526860556975,0.0002374714890074116,False,False,False,576.59560262785,False,0.0017331195750070584
FIRE/S14|canonical,FIRE/S14,canonical,FIRE,FIRE/image_component/cc0034,S,ok,True,False,0.8474114441416893,1.8319615211410738,0.0004448462961784602,False,False,False,76.71652168211232,False,0.01297518830490147
FIRE/S16|canonical,FIRE/S16,canonical,FIRE,FIRE/image_component/cc0034,S,ok,True,False,0.8658227848101265,0.8178328915203658,0.0001985903789393725,False,False,False,1024.5071083552857,False,0.0009756582549307577
FIRE/S18|canonical,FIRE/S18,canonical,FIRE,FIRE/image_component/cc0034,S,ok,True,False,0.8773584905660378,1.4442092170663519,0.0003506902921839739,False,False,False,370.6890763627784,False,0.0026941963912478963
FIRE/S20|canonical,FIRE/S20,canonical,FIRE,FIRE/image_component/cc0034,S,ok,True,False,0.8918918918918919,1.2336097684665026,0.000299551453509832,False,False,False,155.67238660594768,False,0.006408725506926816
FIRE/S22|canonical,FIRE/S22,canonical,FIRE,FIRE/image_component/cc0034,S,ok,True,False,0.8960396039603961,1.42090557262789,0.0003450315816727114,False,False,False,538.7837515014027,False,0.0018547789269399493
FIRE/S24|canonical,FIRE/S24,canonical,FIRE,FIRE/image_component/cc0034,S,ok,True,False,0.8674698795180723,2.0822492189271604,0.0005056224391565203,False,False,False,1048.9461901093366,False,0.0009529449791322515
FIRE/S26|canonical,FIRE/S26,canonical,FIRE,FIRE/image_component/cc0034,S,ok,True,False,0.9166666666666666,1.7086014913440692,0.0004148913807949312,False,False,False,536.2234759938519,False,0.0018635258898373438
FIRE/S28|canonical,FIRE/S28,canonical,FIRE,FIRE/image_component/cc0034,S,ok,True,False,0.875,1.8088789872812785,0.0004392412768724062,False,False,False,288.36885740689956,False,0.0034618169933976913
FIRE/S30|canonical,FIRE/S30,canonical,FIRE,FIRE/image_component/cc0034,S,ok,True,False,0.8863636363636364,1.2406708156790658,0.0003012660532235277,False,False,False,303.56896498599804,False,0.0032890770847448236
FIRE/S32|canonical,FIRE/S32,canonical,FIRE,FIRE/image_component/cc0034,S,ok,True,False,0.9075144508670521,1.623348269841537,0.00039418975612376384,False,False,False,142.61192744838158,False,0.006987978143022353
FIRE/S34|canonical,FIRE/S34,canonical,FIRE,FIRE/image_component/cc0034,S,ok,True,False,0.8936170212765957,1.7949531944485675,0.0004358597444048894,False,False,False,217.03331631425638,False,0.004597240449164684
FIRE/S36|canonical,FIRE/S36,canonical,FIRE,FIRE/image_component/cc0034,S,ok,True,False,0.8472222222222222,0.8653457760102331,0.0002101277013351549,False,False,False,610.0283193630759,False,0.0016380336969801586
FIRE/S38|canonical,FIRE/S38,canonical,FIRE,FIRE/image_component/cc0034,S,ok,True,False,0.9038461538461539,1.3146954333556946,0.00031924109070082364,False,False,False,205.9558787228477,False,0.004843679153116468
FIRE/S40|canonical,FIRE/S40,canonical,FIRE,FIRE/image_component/cc0034,S,ok,True,False,0.8773333333333333,0.8357458325295024,0.00020294009118475547,False,False,False,352.4321349791714,False,0.002834287898723853
FIRE/S42|canonical,FIRE/S42,canonical,FIRE,FIRE/image_component/cc0034,S,ok,True,False,0.8817480719794345,1.6960084455515652,0.00041183347280191184,False,False,False,92.94755454289006,False,0.01071709090181039
FIRE/S44|canonical,FIRE/S44,canonical,FIRE,FIRE/image_component/cc0035,S,ok,True,False,0.9197860962566845,1.783497059753525,0.000433077906997935,False,False,False,86.4936310368202,False,0.011511758920903968
FIRE/S46|canonical,FIRE/S46,canonical,FIRE,FIRE/image_component/cc0005,S,ok,True,False,0.8781094527363185,2.598989190513403,0.0006310998903992319,False,False,False,49.729126767428916,False,0.019946693943693455
FIRE/S48|canonical,FIRE/S48,canonical,FIRE,FIRE/image_component/cc0036,S,ok,True,False,0.881578947368421,1.3931748422655392,0.0003382978634424662,False,False,False,96.44058229769243,False,0.01031653168270469
FIRE/S50|canonical,FIRE/S50,canonical,FIRE,FIRE/image_component/cc0036,S,ok,True,False,0.8952879581151832,1.5632251406581992,0.0003795903494095836,False,False,False,129.52069338345774,False,0.007693041159499383
FIRE/S52|canonical,FIRE/S52,canonical,FIRE,FIRE/image_component/cc0036,S,ok,True,False,0.8449612403100775,0.8525562741437438,0.00020702208887025362,False,False,False,423.3217252443472,False,0.0023597692365766683
FIRE/S54|canonical,FIRE/S54,canonical,FIRE,FIRE/image_component/cc0006,S,ok,True,False,0.8814102564102564,2.8979458426848717,0.0007036940785967846,False,False,False,247.59799809640404,False,0.004032236715411093
FIRE/S56|canonical,FIRE/S56,canonical,FIRE,FIRE/image_component/cc0010,S,ok,True,False,0.9382716049382716,2.4676803991368104,0.0005992148159446308,False,False,False,59.163811934954985,False,0.016763203874136195
FIRE/S58|canonical,FIRE/S58,canonical,FIRE,FIRE/image_component/cc0038,S,ok,True,False,0.9035532994923858,1.7014128007859366,0.00041314578606913883,False,False,False,64.66294179053797,False,0.015380554588890193
FIRE/S60|canonical,FIRE/S60,canonical,FIRE,FIRE/image_component/cc0038,S,ok,True,False,0.872093023255814,2.123091238184041,0.0005155399078288734,False,False,False,52.059521036561904,False,0.01905979151134874
FIRE/S62|canonical,FIRE/S62,canonical,FIRE,FIRE/image_component/cc0040,S,ok,True,False,0.9267676767676768,1.962471443920348,0.00047653738526134395,False,False,False,48.653259223201864,False,0.020351188262452274
FIRE/S64|canonical,FIRE/S64,canonical,FIRE,FIRE/image_component/cc0040,S,ok,True,False,0.9313725490196079,2.184999713415336,0.0005305728414308541,False,False,False,60.30102327296023,False,0.016453180118238844
FIRE/S66|canonical,FIRE/S66,canonical,FIRE,FIRE/image_component/cc0041,S,ok,True,False,0.9413092550790068,1.3092203659613222,0.00031791160674408806,False,False,False,83.72366382195122,False,0.01188398153675729
FIRE/S68|canonical,FIRE/S68,canonical,FIRE,FIRE/image_component/cc0041,S,ok,True,False,0.8608490566037735,0.9156246829136666,0.0002223366834855893,False,False,False,584.3570527070915,False,0.0017098340566726643
FIRE/S70|canonical,FIRE/S70,canonical,FIRE,FIRE/image_component/cc0009,S,ok,True,False,0.9039145907473309,3.244440629933128,0.000787831720667194,False,False,False,41.36827424509218,False,0.023941109831802376
