job_key,dataset_id,direction,variant,status,refit_fallback,tre_px,failure,rectangle_crossing
COph100/001/001_F_GA41_BW2905_PA44_DG11_PF0_D1_S01_11__001_F_GA41_BW2905_PA47_DG11_PF0_D1_S02_3|canonical,COph100,canonical,none,ok,False,2.5860894649083273,False,False
COph100/001/001_F_GA41_BW2905_PA44_DG11_PF0_D1_S01_11__001_F_GA41_BW2905_PA47_DG11_PF0_D1_S02_3|canonical,COph100,canonical,rectangle,ok,False,2.5860894649083273,False,False
COph100/001/001_F_GA41_BW2905_PA44_DG11_PF0_D1_S01_11__001_F_GA41_BW2905_PA47_DG11_PF0_D1_S02_3|canonical,COph100,canonical,fov,ok,False,2.5860894649083273,False,False
COph100/002-1/002_M_GA40_BW4040_PA41_DG11_PF0_D1_S01_6__002_M_GA40_BW4040_PA45_DG11_PF0_D1_S03_6|canonical,COph100,canonical,none,degenerate_fit,False,,True,False
COph100/002-1/002_M_GA40_BW4040_PA41_DG11_PF0_D1_S01_6__002_M_GA40_BW4040_PA45_DG11_PF0_D1_S03_6|canonical,COph100,canonical,rectangle,ok,False,13.840666319658459,True,False
COph100/002-1/002_M_GA40_BW4040_PA41_DG11_PF0_D1_S01_6__002_M_GA40_BW4040_PA45_DG11_PF0_D1_S03_6|canonical,COph100,canonical,fov,degenerate_fit,False,,True,False
COph100/002/002_M_GA40_BW4040_PA43_DG11_PF0_D1_S02_2__002_M_GA40_BW4040_PA45_DG11_PF0_D1_S03_10|canonical,COph100,canonical,none,degenerate_fit,False,,True,False
COph100/002/002_M_GA40_BW4040_PA43_DG11_PF0_D1_S02_2__002_M_GA40_BW4040_PA45_DG11_PF0_D1_S03_10|canonical,COph100,canonical,rectangle,ok,False,3.674932643299099,False,False
COph100/002/002_M_GA40_BW4040_PA43_DG11_PF0_D1_S02_2__002_M_GA40_BW4040_PA45_DG11_PF0_D1_S03_10|canonical,COph100,canonical,fov,degenerate_fit,False,,True,False
COph100/005-1/005_F_GA41_BW3400_PA45_DG11_PF0_D1_S01_1__005_F_GA41_BW3400_PA48_DG11_PF0_D1_S02_1|canonical,COph100,canonical,none,ok,False,2.930860571151689,False,False
COph100/005-1/005_F_GA41_BW3400_PA45_DG11_PF0_D1_S01_1__005_F_GA41_BW3400_PA48_DG11_PF0_D1_S02_1|canonical,COph100,canonical,rectangle,ok,False,2.930860571151689,False,False
COph100/005-1/005_F_GA41_BW3400_PA45_DG11_PF0_D1_S01_1__005_F_GA41_BW3400_PA48_DG11_PF0_D1_S02_1|canonical,COph100,canonical,fov,ok,False,2.930860571151689,False,False
COph100/005/005_F_GA41_BW3400_PA45_DG11_PF0_D1_S01_8__005_F_GA41_BW3400_PA52_DG11_PF0_D1_S03_2|canonical,COph100,canonical,none,ok,False,6.718541334247758,True,False
COph100/005/005_F_GA41_BW3400_PA45_DG11_PF0_D1_S01_8__005_F_GA41_BW3400_PA52_DG11_PF0_D1_S03_2|canonical,COph100,canonical,rectangle,ok,False,6.718541334247758,True,False
COph100/005/005_F_GA41_BW3400_PA45_DG11_PF0_D1_S01_8__005_F_GA41_BW3400_PA52_DG11_PF0_D1_S03_2|canonical,COph100,canonical,fov,ok,False,6.718541334247758,True,False
COph100/007/007_F_GA31_BW950_PA35_DG11_PF0_D1_S02_6__007_F_GA31_BW950_PA37_DG11_PF0_D1_S03_5|canonical,COph100,canonical,none,ok,False,5.119700507555979,True,False
COph100/007/007_F_GA31_BW950_PA35_DG11_PF0_D1_S02_6__007_F_GA31_BW950_PA37_DG11_PF0_D1_S03_5|canonical,COph100,canonical,rectangle,ok,False,5.119700507555979,True,False
COph100/007/007_F_GA31_BW950_PA35_DG11_PF0_D1_S02_6__007_F_GA31_BW950_PA37_DG11_PF0_D1_S03_5|canonical,COph100,canonical,fov,ok,False,5.119700507555979,True,False
COph100/008-1/008_F_GA39_BW2700_PA41_DG11_PF0_D1_S02_17__008_F_GA39_BW2700_PA43_DG11_PF0_D1_S03_8|canonical,COph100,canonical,none,ok,False,6.7502373279370955,True,False
COph100/008-1/008_F_GA39_BW2700_PA41_DG11_PF0_D1_S02_17__008_F_GA39_BW2700_PA43_DG11_PF0_D1_S03_8|canonical,COph100,canonical,rectangle,ok,False,6.7502373279370955,True,False
COph100/008-1/008_F_GA39_BW2700_PA41_DG11_PF0_D1_S02_17__008_F_GA39_BW2700_PA43_DG11_PF0_D1_S03_8|canonical,COph100,canonical,fov,ok,False,6.7502373279370955,True,False
COph100/008/008_F_GA39_BW2700_PA40_DG11_PF0_D1_S01_6__008_F_GA39_BW2700_PA43_DG11_PF0_D1_S03_14|canonical,COph100,canonical,none,ok,False,3.6528689918782478,False,False
COph100/008/008_F_GA39_BW2700_PA40_DG11_PF0_D1_S01_6__008_F_GA39_BW2700_PA43_DG11_PF0_D1_S03_14|canonical,COph100,canonical,rectangle,ok,False,3.6528689918782478,False,False
COph100/008/008_F_GA39_BW2700_PA40_DG11_PF0_D1_S01_6__008_F_GA39_BW2700_PA43_DG11_PF0_D1_S03_14|canonical,COph100,canonical,fov,ok,False,3.6528689918782478,False,False
COph100/008/008_F_GA39_BW2700_PA43_DG11_PF0_D1_S03_14__008_F_GA39_BW2700_PA47_DG11_PF0_D1_S04_8|canonical,COph100,canonical,none,ok,False,3.0093013682345506,False,False
COph100/008/008_F_GA39_BW2700_PA43_DG11_PF0_D1_S03_14__008_F_GA39_BW2700_PA47_DG11_PF0_D1_S04_8|canonical,COph100,canonical,rectangle,ok,False,3.0093013682345506,False,False
COph100/008/008_F_GA39_BW2700_PA43_DG11_PF0_D1_S03_14__008_F_GA39_BW2700_PA47_DG11_PF0_D1_S04_8|canonical,COph100,canonical,fov,ok,False,3.0093013682345506,False,False
COph100/010/010_M_GA39_BW3550_PA39_DG11_PF0_D1_S01_2__010_M_GA39_BW3550_PA50_DG11_PF0_D1_S03_3|canonical,COph100,canonical,none,no_matches,False,,True,False
COph100/010/010_M_GA39_BW3550_PA39_DG11_PF0_D1_S01_2__010_M_GA39_BW3550_PA50_DG11_PF0_D1_S03_3|canonical,COph100,canonical,rectangle,no_matches,False,,True,False
COph100/010/010_M_GA39_BW3550_PA39_DG11_PF0_D1_S01_2__010_M_GA39_BW3550_PA50_DG11_PF0_D1_S03_3|canonical,COph100,canonical,fov,no_matches,False,,True,False
COph100/010/010_M_GA39_BW3550_PA45_DG11_PF0_D1_S02_6__010_M_GA39_BW3550_PA53_DG11_PF0_D1_S04_7|canonical,COph100,canonical,none,ok,False,3.0666689935307616,False,False
COph100/010/010_M_GA39_BW3550_PA45_DG11_PF0_D1_S02_6__010_M_GA39_BW3550_PA53_DG11_PF0_D1_S04_7|canonical,COph100,canonical,rectangle,ok,False,3.0666689935307616,False,False
COph100/010/010_M_GA39_BW3550_PA45_DG11_PF0_D1_S02_6__010_M_GA39_BW3550_PA53_DG11_PF0_D1_S04_7|canonical,COph100,canonical,fov,ok,False,3.0666689935307616,False,False
COph100/010/010_M_GA39_BW3550_PA53_DG11_PF0_D1_S04_7__010_M_GA39_BW3550_PA60_DG11_PF0_D1_S05_3|canonical,COph100,canonical,none,ok,False,5.368521423099884,True,False
COph100/010/010_M_GA39_BW3550_PA53_DG11_PF0_D1_S04_7__010_M_GA39_BW3550_PA60_DG11_PF0_D1_S05_3|canonical,COph100,canonical,rectangle,ok,False,5.368521423099884,True,False
COph100/010/010_M_GA39_BW3550_PA53_DG11_PF0_D1_S04_7__010_M_GA39_BW3550_PA60_DG11_PF0_D1_S05_3|canonical,COph100,canonical,fov,ok,False,5.368521423099884,True,False
COph100/011/011_M_GA40_BW3510_PA72_DG10_PF0_D1_S01_1__011_M_GA40_BW3510_PA113_DG10_PF0_D1_S03_2|canonical,COph100,canonical,none,ok,False,12.383036728645347,True,False
COph100/011/011_M_GA40_BW3510_PA72_DG10_PF0_D1_S01_1__011_M_GA40_BW3510_PA113_DG10_PF0_D1_S03_2|canonical,COph100,canonical,rectangle,ok,False,12.383036728645347,True,False
COph100/011/011_M_GA40_BW3510_PA72_DG10_PF0_D1_S01_1__011_M_GA40_BW3510_PA113_DG10_PF0_D1_S03_2|canonical,COph100,canonical,fov,ok,False,12.383036728645347,True,False
COph100/012/012_M_GA36_BW2210_PA37_DG11_PF0_D1_S01_1__012_M_GA36_BW2210_PA41_DG11_PF0_D1_S02_2|canonical,COph100,canonical,none,ok,False,1.9512282933387177,False,False
COph100/012/012_M_GA36_BW2210_PA37_DG11_PF0_D1_S01_1__012_M_GA36_BW2210_PA41_DG11_PF0_D1_S02_2|canonical,COph100,canonical,rectangle,ok,False,1.9512282933387177,False,False
COph100/012/012_M_GA36_BW2210_PA37_DG11_PF0_D1_S01_1__012_M_GA36_BW2210_PA41_DG11_PF0_D1_S02_2|canonical,COph100,canonical,fov,ok,False,1.9512282933387177,False,False
COph100/013/013_F_GA39_BW3390_PA40_DG11_PF0_D1_S01_4__013_F_GA39_BW3390_PA42_DG11_PF0_D1_S02_14|canonical,COph100,canonical,none,ok,False,5.06506633420765,True,False
COph100/013/013_F_GA39_BW3390_PA40_DG11_PF0_D1_S01_4__013_F_GA39_BW3390_PA42_DG11_PF0_D1_S02_14|canonical,COph100,canonical,rectangle,ok,False,5.06506633420765,True,False
COph100/013/013_F_GA39_BW3390_PA40_DG11_PF0_D1_S01_4__013_F_GA39_BW3390_PA42_DG11_PF0_D1_S02_14|canonical,COph100,canonical,fov,ok,False,5.06506633420765,True,False
COph100/014/014_F_GA40_BW3700_PA41_DG11_PF0_D1_S01_6__014_F_GA40_BW3700_PA45_DG11_PF0_D1_S02_8|canonical,COph100,canonical,none,ok,False,4.963468317209612,True,False
COph100/014/014_F_GA40_BW3700_PA41_DG11_PF0_D1_S01_6__014_F_GA40_BW3700_PA45_DG11_PF0_D1_S02_8|canonical,COph100,canonical,rectangle,ok,False,4.963468317209612,True,False
COph100/014/014_F_GA40_BW3700_PA41_DG11_PF0_D1_S01_6__014_F_GA40_BW3700_PA45_DG11_PF0_D1_S02_8|canonical,COph100,canonical,fov,ok,False,4.963468317209612,True,False
COph100/019/019_M_GA35_BW3050_PA38_DG11_PF0_D1_S01_2__019_M_GA35_BW3050_PA41_DG11_PF0_D1_S02_8|canonical,COph100,canonical,none,degenerate_fit,False,,True,False
COph100/019/019_M_GA35_BW3050_PA38_DG11_PF0_D1_S01_2__019_M_GA35_BW3050_PA41_DG11_PF0_D1_S02_8|canonical,COph100,canonical,rectangle,ok,False,15.432858284089821,True,False
COph100/019/019_M_GA35_BW3050_PA38_DG11_PF0_D1_S01_2__019_M_GA35_BW3050_PA41_DG11_PF0_D1_S02_8|canonical,COph100,canonical,fov,ok,False,15.432858284089821,True,False
COph100/020/020_F_GA39_BW3600_PA42_DG11_PF0_D1_S01_3__020_F_GA39_BW3600_PA47_DG11_PF0_D1_S02_1|canonical,COph100,canonical,none,degenerate_fit,False,,True,False
COph100/020/020_F_GA39_BW3600_PA42_DG11_PF0_D1_S01_3__020_F_GA39_BW3600_PA47_DG11_PF0_D1_S02_1|canonical,COph100,canonical,rectangle,ok,False,3.1743873816995807,False,False
COph100/020/020_F_GA39_BW3600_PA42_DG11_PF0_D1_S01_3__020_F_GA39_BW3600_PA47_DG11_PF0_D1_S02_1|canonical,COph100,canonical,fov,degenerate_fit,False,,True,False
COph100/021-1/021_M_GA41_BW3670_PA42_DG11_PF0_D1_S01_7__021_M_GA41_BW3670_PA47_DG11_PF0_D1_S03_7|canonical,COph100,canonical,none,ok,False,5.186068254767433,True,False
COph100/021-1/021_M_GA41_BW3670_PA42_DG11_PF0_D1_S01_7__021_M_GA41_BW3670_PA47_DG11_PF0_D1_S03_7|canonical,COph100,canonical,rectangle,ok,False,5.186068254767433,True,False
COph100/021-1/021_M_GA41_BW3670_PA42_DG11_PF0_D1_S01_7__021_M_GA41_BW3670_PA47_DG11_PF0_D1_S03_7|canonical,COph100,canonical,fov,ok,False,5.186068254767433,True,False
COph100/021/021_M_GA41_BW3670_PA43_DG11_PF0_D1_S02_10__021_M_GA41_BW3670_PA47_DG11_PF0_D1_S03_13|canonical,COph100,canonical,none,ok,False,4.396304434866613,True,False
COph100/021/021_M_GA41_BW3670_PA43_DG11_PF0_D1_S02_10__021_M_GA41_BW3670_PA47_DG11_PF0_D1_S03_13|canonical,COph100,canonical,rectangle,ok,False,4.396304434866613,True,False
COph100/021/021_M_GA41_BW3670_PA43_DG11_PF0_D1_S02_10__021_M_GA41_BW3670_PA47_DG11_PF0_D1_S03_13|canonical,COph100,canonical,fov,ok,False,4.396304434866613,True,False
COph100/024-1/024_F_GA39_BW3290_PA39_DG11_PF0_D1_S01_10__024_F_GA39_BW3290_PA44_DG11_PF0_D1_S02_6|canonical,COph100,canonical,none,ok,False,4.938448126778897,True,False
COph100/024-1/024_F_GA39_BW3290_PA39_DG11_PF0_D1_S01_10__024_F_GA39_BW3290_PA44_DG11_PF0_D1_S02_6|canonical,COph100,canonical,rectangle,ok,False,4.938448126778897,True,False
COph100/024-1/024_F_GA39_BW3290_PA39_DG11_PF0_D1_S01_10__024_F_GA39_BW3290_PA44_DG11_PF0_D1_S02_6|canonical,COph100,canonical,fov,ok,False,4.938448126778897,True,False
COph100/026-1/026_M_GA33_BW1700_PA34_DG11_PF0_D1_S01_10__026_M_GA33_BW1700_PA36_DG11_PF0_D1_S02_6|canonical,COph100,canonical,none,ok,False,3.531347183767077,False,False
COph100/026-1/026_M_GA33_BW1700_PA34_DG11_PF0_D1_S01_10__026_M_GA33_BW1700_PA36_DG11_PF0_D1_S02_6|canonical,COph100,canonical,rectangle,ok,False,3.531347183767077,False,False
COph100/026-1/026_M_GA33_BW1700_PA34_DG11_PF0_D1_S01_10__026_M_GA33_BW1700_PA36_DG11_PF0_D1_S02_6|canonical,COph100,canonical,fov,ok,False,3.531347183767077,False,False
COph100/026-1/026_M_GA33_BW1700_PA36_DG11_PF0_D1_S02_6__026_M_GA33_BW1700_PA38_DG11_PF0_D1_S03_15|canonical,COph100,canonical,none,ok,False,6.339847052638599,True,False
COph100/026-1/026_M_GA33_BW1700_PA36_DG11_PF0_D1_S02_6__026_M_GA33_BW1700_PA38_DG11_PF0_D1_S03_15|canonical,COph100,canonical,rectangle,ok,False,6.339847052638599,True,False
COph100/026-1/026_M_GA33_BW1700_PA36_DG11_PF0_D1_S02_6__026_M_GA33_BW1700_PA38_DG11_PF0_D1_S03_15|canonical,COph100,canonical,fov,ok,False,6.339847052638599,True,False
COph100/026-1/026_M_GA33_BW1700_PA38_DG11_PF0_D1_S03_15__026_M_GA33_BW1700_PA42_DG11_PF0_D1_S05_6|canonical,COph100,canonical,none,ok,False,14.036470162296927,True,False
COph100/026-1/026_M_GA33_BW1700_PA38_DG11_PF0_D1_S03_15__026_M_GA33_BW1700_PA42_DG11_PF0_D1_S05_6|canonical,COph100,canonical,rectangle,ok,False,14.036470162296927,True,False
COph100/026-1/026_M_GA33_BW1700_PA38_DG11_PF0_D1_S03_15__026_M_GA33_BW1700_PA42_DG11_PF0_D1_S05_6|canonical,COph100,canonical,fov,ok,False,14.036470162296927,True,False
COph100/026/026_M_GA33_BW1700_PA34_DG11_PF0_D1_S01_2__026_M_GA33_BW1700_PA40_DG11_PF0_D1_S04_11|canonical,COph100,canonical,none,degenerate_fit,False,,True,False
COph100/026/026_M_GA33_BW1700_PA34_DG11_PF0_D1_S01_2__026_M_GA33_BW1700_PA40_DG11_PF0_D1_S04_11|canonical,COph100,canonical,rectangle,degenerate_fit,False,,True,False
COph100/026/026_M_GA33_BW1700_PA34_DG11_PF0_D1_S01_2__026_M_GA33_BW1700_PA40_DG11_PF0_D1_S04_11|canonical,COph100,canonical,fov,degenerate_fit,False,,True,False
COph100/026/026_M_GA33_BW1700_PA36_DG11_PF0_D1_S02_10__026_M_GA33_BW1700_PA42_DG11_PF0_D1_S05_8|canonical,COph100,canonical,none,degenerate_fit,False,,True,False
COph100/026/026_M_GA33_BW1700_PA36_DG11_PF0_D1_S02_10__026_M_GA33_BW1700_PA42_DG11_PF0_D1_S05_8|canonical,COph100,canonical,rectangle,ok,False,12.481563661130313,True,False
COph100/026/026_M_GA33_BW1700_PA36_DG11_PF0_D1_S02_10__026_M_GA33_BW1700_PA42_DG11_PF0_D1_S05_8|canonical,COph100,canonical,fov,degenerate_fit,False,,True,False
COph100/027/027_F_GA31_BW1460_PA33_DG11_PF0_D1_S01_4__027_F_GA31_BW1460_PA35_DG11_PF0_D1_S02_2|canonical,COph100,canonical,none,ok,False,2.6958630684561617,False,False
COph100/027/027_F_GA31_BW1460_PA33_DG11_PF0_D1_S01_4__027_F_GA31_BW1460_PA35_DG11_PF0_D1_S02_2|canonical,COph100,canonical,rectangle,ok,False,2.6958630684561617,False,False
COph100/027/027_F_GA31_BW1460_PA33_DG11_PF0_D1_S01_4__027_F_GA31_BW1460_PA35_DG11_PF0_D1_S02_2|canonical,COph100,canonical,fov,ok,False,2.6958630684561617,False,False
COph100/027/027_F_GA31_BW1460_PA35_DG11_PF0_D1_S02_2__027_F_GA31_BW1460_PA40_DG11_PF0_D1_S04_7|canonical,COph100,canonical,none,degenerate_fit,False,,True,False
COph100/027/027_F_GA31_BW1460_PA35_DG11_PF0_D1_S02_2__027_F_GA31_BW1460_PA40_DG11_PF0_D1_S04_7|canonical,COph100,canonical,rectangle,degenerate_fit,False,,True,False
COph100/027/027_F_GA31_BW1460_PA35_DG11_PF0_D1_S02_2__027_F_GA31_BW1460_PA40_DG11_PF0_D1_S04_7|canonical,COph100,canonical,fov,degenerate_fit,False,,True,False
COph100/028-1/028_F_GA32_BW1760_PA38_DG0_PF0_D1_S02_7__028_F_GA32_BW1760_PA41_DG0_PF0_D1_S03_7|canonical,COph100,canonical,none,invalid_transform,False,,True,False
COph100/028-1/028_F_GA32_BW1760_PA38_DG0_PF0_D1_S02_7__028_F_GA32_BW1760_PA41_DG0_PF0_D1_S03_7|canonical,COph100,canonical,rectangle,ok,False,2.8808195737621904,False,False
COph100/028-1/028_F_GA32_BW1760_PA38_DG0_PF0_D1_S02_7__028_F_GA32_BW1760_PA41_DG0_PF0_D1_S03_7|canonical,COph100,canonical,fov,ok,False,2.8808195737621904,False,False
COph100/031-1/031_M_GA25_BW910_PA32_DG2_PF0_D1_S01_6__031_M_GA25_BW910_PA33_DG3_PF0_D1_S02_8|canonical,COph100,canonical,none,invalid_transform,False,,True,False
COph100/031-1/031_M_GA25_BW910_PA32_DG2_PF0_D1_S01_6__031_M_GA25_BW910_PA33_DG3_PF0_D1_S02_8|canonical,COph100,canonical,rectangle,degenerate_fit,False,,True,False
COph100/031-1/031_M_GA25_BW910_PA32_DG2_PF0_D1_S01_6__031_M_GA25_BW910_PA33_DG3_PF0_D1_S02_8|canonical,COph100,canonical,fov,degenerate_fit,False,,True,False
COph100/031-1/031_M_GA25_BW910_PA32_DG2_PF0_D1_S01_6__031_M_GA25_BW910_PA37_DG3_PF0_D1_S06_10|canonical,COph100,canonical,none,ok,False,62.02838407067602,True,False
COph100/031-1/031_M_GA25_BW910_PA32_DG2_PF0_D1_S01_6__031_M_GA25_BW910_PA37_DG3_PF0_D1_S06_10|canonical,COph100,canonical,rectangle,ok,False,62.02838407067602,True,False
COph100/031-1/031_M_GA25_BW910_PA32_DG2_PF0_D1_S01_6__031_M_GA25_BW910_PA37_DG3_PF0_D1_S06_10|canonical,COph100,canonical,fov,ok,False,62.02838407067602,True,False
COph100/031-1/031_M_GA25_BW910_PA33_DG3_PF0_D1_S02_8__031_M_GA25_BW910_PA34_DG3_PF0_D1_S03_4|canonical,COph100,canonical,none,ok,False,1.5339279105207382,False,False
COph100/031-1/031_M_GA25_BW910_PA33_DG3_PF0_D1_S02_8__031_M_GA25_BW910_PA34_DG3_PF0_D1_S03_4|canonical,COph100,canonical,rectangle,ok,False,1.5339279105207382,False,False
COph100/031-1/031_M_GA25_BW910_PA33_DG3_PF0_D1_S02_8__031_M_GA25_BW910_PA34_DG3_PF0_D1_S03_4|canonical,COph100,canonical,fov,ok,False,1.5339279105207382,False,False
COph100/031-1/031_M_GA25_BW910_PA33_DG3_PF0_D1_S02_8__031_M_GA25_BW910_PA38_DG3_PF0_D1_S07_3|canonical,COph100,canonical,none,ok,False,3.2031211202174235,False,False
COph100/031-1/031_M_GA25_BW910_PA33_DG3_PF0_D1_S02_8__031_M_GA25_BW910_PA38_DG3_PF0_D1_S07_3|canonical,COph100,canonical,rectangle,ok,False,3.2031211202174235,False,False
COph100/031-1/031_M_GA25_BW910_PA33_DG3_PF0_D1_S02_8__031_M_GA25_BW910_PA38_DG3_PF0_D1_S07_3|canonical,COph100,canonical,fov,ok,False,3.2031211202174235,False,False
COph100/031-1/031_M_GA25_BW910_PA34_DG3_PF0_D1_S03_4__031_M_GA25_BW910_PA36_DG3_PF0_D1_S05_10|canonical,COph100,canonical,none,degenerate_fit,False,,True,False
COph100/031-1/031_M_GA25_BW910_PA34_DG3_PF0_D1_S03_4__031_M_GA25_BW910_PA36_DG3_PF0_D1_S05_10|canonical,COph100,canonical,rectangle,ok,False,2.4050617916223365,False,False
COph100/031-1/031_M_GA25_BW910_PA34_DG3_PF0_D1_S03_4__031_M_GA25_BW910_PA36_DG3_PF0_D1_S05_10|canonical,COph100,canonical,fov,degenerate_fit,False,,True,False
COph100/031-1/031_M_GA25_BW910_PA34_DG3_PF0_D1_S03_4__031_M_GA25_BW910_PA43_DG9_PF0_D1_S09_4|canonical,COph100,canonical,none,ok,False,10.426519187656902,True,False
COph100/031-1/031_M_GA25_BW910_PA34_DG3_PF0_D1_S03_4__031_M_GA25_BW910_PA43_DG9_PF0_D1_S09_4|canonical,COph100,canonical,rectangle,ok,False,10.426519187656902,True,False
COph100/031-1/031_M_GA25_BW910_PA34_DG3_PF0_D1_S03_4__031_M_GA25_BW910_PA43_DG9_PF0_D1_S09_4|canonical,COph100,canonical,fov,ok,False,10.426519187656902,True,False
COph100/031-1/031_M_GA25_BW910_PA35_DG3_PF0_D1_S04_7__031_M_GA25_BW910_PA40_DG2_PF0_D1_S08_4|canonical,COph100,canonical,none,degenerate_fit,False,,True,False
COph100/031-1/031_M_GA25_BW910_PA35_DG3_PF0_D1_S04_7__031_M_GA25_BW910_PA40_DG2_PF0_D1_S08_4|canonical,COph100,canonical,rectangle,ok,False,4.143303302150448,True,False
COph100/031-1/031_M_GA25_BW910_PA35_DG3_PF0_D1_S04_7__031_M_GA25_BW910_PA40_DG2_PF0_D1_S08_4|canonical,COph100,canonical,fov,degenerate_fit,False,,True,False
COph100/031-1/031_M_GA25_BW910_PA36_DG3_PF0_D1_S05_10__031_M_GA25_BW910_PA40_DG2_PF0_D1_S08_4|canonical,COph100,canonical,none,degenerate_fit,False,,True,False
COph100/031-1/031_M_GA25_BW910_PA36_DG3_PF0_D1_S05_10__031_M_GA25_BW910_PA40_DG2_PF0_D1_S08_4|canonical,COph100,canonical,rectangle,ok,False,3.318213380520354,False,False
COph100/031-1/031_M_GA25_BW910_PA36_DG3_PF0_D1_S05_10__031_M_GA25_BW910_PA40_DG2_PF0_D1_S08_4|canonical,COph100,canonical,fov,degenerate_fit,False,,True,False
COph100/031-1/031_M_GA25_BW910_PA37_DG3_PF0_D1_S06_10__031_M_GA25_BW910_PA43_DG9_PF0_D1_S09_4|canonical,COph100,canonical,none,ok,False,4.200617741875258,True,False
COph100/031-1/031_M_GA25_BW910_PA37_DG3_PF0_D1_S06_10__031_M_GA25_BW910_PA43_DG9_PF0_D1_S09_4|canonical,COph100,canonical,rectangle,ok,False,4.200617741875258,True,False
COph100/031-1/031_M_GA25_BW910_PA37_DG3_PF0_D1_S06_10__031_M_GA25_BW910_PA43_DG9_PF0_D1_S09_4|canonical,COph100,canonical,fov,ok,False,4.200617741875258,True,False
COph100/031/031_M_GA25_BW910_PA32_DG2_PF0_D1_S01_1__031_M_GA25_BW910_PA33_DG3_PF0_D1_S02_1|canonical,COph100,canonical,none,ok,False,3.270972868393308,False,False
COph100/031/031_M_GA25_BW910_PA32_DG2_PF0_D1_S01_1__031_M_GA25_BW910_PA33_DG3_PF0_D1_S02_1|canonical,COph100,canonical,rectangle,ok,False,3.270972868393308,False,False
COph100/031/031_M_GA25_BW910_PA32_DG2_PF0_D1_S01_1__031_M_GA25_BW910_PA33_DG3_PF0_D1_S02_1|canonical,COph100,canonical,fov,ok,False,3.270972868393308,False,False
COph100/031/031_M_GA25_BW910_PA32_DG2_PF0_D1_S01_1__031_M_GA25_BW910_PA37_DG3_PF0_D1_S06_3|canonical,COph100,canonical,none,ok,False,7.825237004601588,True,False
COph100/031/031_M_GA25_BW910_PA32_DG2_PF0_D1_S01_1__031_M_GA25_BW910_PA37_DG3_PF0_D1_S06_3|canonical,COph100,canonical,rectangle,ok,False,7.825237004601588,True,False
COph100/031/031_M_GA25_BW910_PA32_DG2_PF0_D1_S01_1__031_M_GA25_BW910_PA37_DG3_PF0_D1_S06_3|canonical,COph100,canonical,fov,ok,False,7.825237004601588,True,False
COph100/031/031_M_GA25_BW910_PA33_DG3_PF0_D1_S02_1__031_M_GA25_BW910_PA34_DG3_PF0_D1_S03_11|canonical,COph100,canonical,none,ok,False,11.621748016353893,True,False
COph100/031/031_M_GA25_BW910_PA33_DG3_PF0_D1_S02_1__031_M_GA25_BW910_PA34_DG3_PF0_D1_S03_11|canonical,COph100,canonical,rectangle,ok,False,11.621748016353893,True,False
COph100/031/031_M_GA25_BW910_PA33_DG3_PF0_D1_S02_1__031_M_GA25_BW910_PA34_DG3_PF0_D1_S03_11|canonical,COph100,canonical,fov,ok,False,11.621748016353893,True,False
COph100/031/031_M_GA25_BW910_PA33_DG3_PF0_D1_S02_1__031_M_GA25_BW910_PA38_DG3_PF0_D1_S07_5|canonical,COph100,canonical,none,ok,False,13.439317194005966,True,False
COph100/031/031_M_GA25_BW910_PA33_DG3_PF0_D1_S02_1__031_M_GA25_BW910_PA38_DG3_PF0_D1_S07_5|canonical,COph100,canonical,rectangle,ok,False,13.439317194005966,True,False
COph100/031/031_M_GA25_BW910_PA33_DG3_PF0_D1_S02_1__031_M_GA25_BW910_PA38_DG3_PF0_D1_S07_5|canonical,COph100,canonical,fov,ok,False,13.439317194005966,True,False
COph100/031/031_M_GA25_BW910_PA34_DG3_PF0_D1_S03_11__031_M_GA25_BW910_PA36_DG3_PF0_D1_S05_6|canonical,COph100,canonical,none,ok,False,3.7585173065891615,False,False
COph100/031/031_M_GA25_BW910_PA34_DG3_PF0_D1_S03_11__031_M_GA25_BW910_PA36_DG3_PF0_D1_S05_6|canonical,COph100,canonical,rectangle,ok,False,3.7585173065891615,False,False
COph100/031/031_M_GA25_BW910_PA34_DG3_PF0_D1_S03_11__031_M_GA25_BW910_PA36_DG3_PF0_D1_S05_6|canonical,COph100,canonical,fov,ok,False,3.7585173065891615,False,False
COph100/031/031_M_GA25_BW910_PA34_DG3_PF0_D1_S03_11__031_M_GA25_BW910_PA43_DG9_PF0_D1_S09_8|canonical,COph100,canonical,none,ok,False,65.75992391039819,True,False
COph100/031/031_M_GA25_BW910_PA34_DG3_PF0_D1_S03_11__031_M_GA25_BW910_PA43_DG9_PF0_D1_S09_8|canonical,COph100,canonical,rectangle,ok,False,65.75992391039819,True,False
COph100/031/031_M_GA25_BW910_PA34_DG3_PF0_D1_S03_11__031_M_GA25_BW910_PA43_DG9_PF0_D1_S09_8|canonical,COph100,canonical,fov,ok,False,65.75992391039819,True,False
COph100/031/031_M_GA25_BW910_PA35_DG3_PF0_D1_S04_1__031_M_GA25_BW910_PA40_DG2_PF0_D1_S08_6|canonical,COph100,canonical,none,ok,False,5.252129740857918,True,False
COph100/031/031_M_GA25_BW910_PA35_DG3_PF0_D1_S04_1__031_M_GA25_BW910_PA40_DG2_PF0_D1_S08_6|canonical,COph100,canonical,rectangle,ok,False,5.252129740857918,True,False
COph100/031/031_M_GA25_BW910_PA35_DG3_PF0_D1_S04_1__031_M_GA25_BW910_PA40_DG2_PF0_D1_S08_6|canonical,COph100,canonical,fov,ok,False,5.252129740857918,True,False
COph100/031/031_M_GA25_BW910_PA36_DG3_PF0_D1_S05_6__031_M_GA25_BW910_PA40_DG2_PF0_D1_S08_6|canonical,COph100,canonical,none,ok,False,5.285671789413299,True,False
COph100/031/031_M_GA25_BW910_PA36_DG3_PF0_D1_S05_6__031_M_GA25_BW910_PA40_DG2_PF0_D1_S08_6|canonical,COph100,canonical,rectangle,ok,False,5.285671789413299,True,False
COph100/031/031_M_GA25_BW910_PA36_DG3_PF0_D1_S05_6__031_M_GA25_BW910_PA40_DG2_PF0_D1_S08_6|canonical,COph100,canonical,fov,ok,False,5.285671789413299,True,False
COph100/031/031_M_GA25_BW910_PA37_DG3_PF0_D1_S06_3__031_M_GA25_BW910_PA43_DG9_PF0_D1_S09_8|canonical,COph100,canonical,none,ok,False,4.480707404388882,True,False
COph100/031/031_M_GA25_BW910_PA37_DG3_PF0_D1_S06_3__031_M_GA25_BW910_PA43_DG9_PF0_D1_S09_8|canonical,COph100,canonical,rectangle,ok,False,4.480707404388882,True,False
COph100/031/031_M_GA25_BW910_PA37_DG3_PF0_D1_S06_3__031_M_GA25_BW910_PA43_DG9_PF0_D1_S09_8|canonical,COph100,canonical,fov,ok,False,4.480707404388882,True,False
COph100/033/033_M_GA30_BW1250_PA31_DG0_PF0_D1_S01_2__033_M_GA30_BW1250_PA33_DG0_PF0_D1_S02_1|canonical,COph100,canonical,none,degenerate_fit,False,,True,False
COph100/033/033_M_GA30_BW1250_PA31_DG0_PF0_D1_S01_2__033_M_GA30_BW1250_PA33_DG0_PF0_D1_S02_1|canonical,COph100,canonical,rectangle,degenerate_fit,False,,True,False
COph100/033/033_M_GA30_BW1250_PA31_DG0_PF0_D1_S01_2__033_M_GA30_BW1250_PA33_DG0_PF0_D1_S02_1|canonical,COph100,canonical,fov,degenerate_fit,False,,True,False
COph100/036/036_M_GA27_BW960_PA32_DG0_PF0_D1_S01_2__036_M_GA27_BW960_PA34_DG0_PF0_D1_S02_3|canonical,COph100,canonical,none,degenerate_fit,False,,True,False
COph100/036/036_M_GA27_BW960_PA32_DG0_PF0_D1_S01_2__036_M_GA27_BW960_PA34_DG0_PF0_D1_S02_3|canonical,COph100,canonical,rectangle,ok,False,17.69938265269401,True,False
COph100/036/036_M_GA27_BW960_PA32_DG0_PF0_D1_S01_2__036_M_GA27_BW960_PA34_DG0_PF0_D1_S02_3|canonical,COph100,canonical,fov,ok,False,24.75623853547081,True,False
COph100/040/040_M_GA32_BW1770_PA38_DG12_PF0_D1_S02_2__040_M_GA32_BW1770_PA40_DG12_PF0_D1_S03_3|canonical,COph100,canonical,none,ok,False,3.328362142533088,False,False
COph100/040/040_M_GA32_BW1770_PA38_DG12_PF0_D1_S02_2__040_M_GA32_BW1770_PA40_DG12_PF0_D1_S03_3|canonical,COph100,canonical,rectangle,ok,False,3.328362142533088,False,False
COph100/040/040_M_GA32_BW1770_PA38_DG12_PF0_D1_S02_2__040_M_GA32_BW1770_PA40_DG12_PF0_D1_S03_3|canonical,COph100,canonical,fov,ok,False,3.328362142533088,False,False
COph100/041/041_M_GA32_BW1770_PA36_DG0_PF0_D1_S01_2__041_M_GA32_BW1770_PA40_DG0_PF0_D1_S03_2|canonical,COph100,canonical,none,ok,False,30.994390260017987,True,False
COph100/041/041_M_GA32_BW1770_PA36_DG0_PF0_D1_S01_2__041_M_GA32_BW1770_PA40_DG0_PF0_D1_S03_2|canonical,COph100,canonical,rectangle,ok,False,30.994390260017987,True,False
COph100/041/041_M_GA32_BW1770_PA36_DG0_PF0_D1_S01_2__041_M_GA32_BW1770_PA40_DG0_PF0_D1_S03_2|canonical,COph100,canonical,fov,ok,False,30.994390260017987,True,False
COph100/041/041_M_GA32_BW1770_PA40_DG0_PF0_D1_S03_2__041_M_GA32_BW1770_PA55_DG0_PF0_D1_S04_4|canonical,COph100,canonical,none,ok,False,20.589748404871568,True,False
COph100/041/041_M_GA32_BW1770_PA40_DG0_PF0_D1_S03_2__041_M_GA32_BW1770_PA55_DG0_PF0_D1_S04_4|canonical,COph100,canonical,rectangle,ok,False,20.589748404871568,True,False
COph100/041/041_M_GA32_BW1770_PA40_DG0_PF0_D1_S03_2__041_M_GA32_BW1770_PA55_DG0_PF0_D1_S04_4|canonical,COph100,canonical,fov,ok,False,20.589748404871568,True,False
COph100/044/044_F_GA31_BW1370_PA34_DG0_PF0_D1_S01_1__044_F_GA31_BW1370_PA35_DG0_PF0_D1_S02_3|canonical,COph100,canonical,none,ok,False,2.0857405191164156,False,False
COph100/044/044_F_GA31_BW1370_PA34_DG0_PF0_D1_S01_1__044_F_GA31_BW1370_PA35_DG0_PF0_D1_S02_3|canonical,COph100,canonical,rectangle,ok,False,2.0857405191164156,False,False
COph100/044/044_F_GA31_BW1370_PA34_DG0_PF0_D1_S01_1__044_F_GA31_BW1370_PA35_DG0_PF0_D1_S02_3|canonical,COph100,canonical,fov,ok,False,2.0857405191164156,False,False
COph100/045/045_M_GA29_BW1120_PA38_DG2_PF0_D1_S01_2__045_M_GA29_BW1120_PA42_DG9_PF0_D1_S02_3|canonical,COph100,canonical,none,ok,False,3.596807007487058,False,False
COph100/045/045_M_GA29_BW1120_PA38_DG2_PF0_D1_S01_2__045_M_GA29_BW1120_PA42_DG9_PF0_D1_S02_3|canonical,COph100,canonical,rectangle,ok,False,3.596807007487058,False,False
COph100/045/045_M_GA29_BW1120_PA38_DG2_PF0_D1_S01_2__045_M_GA29_BW1120_PA42_DG9_PF0_D1_S02_3|canonical,COph100,canonical,fov,ok,False,3.596807007487058,False,False
COph100/047/047_F_GA32_BW1730_PA33_DG0_PF0_D1_S01_1__047_F_GA32_BW1730_PA38_DG0_PF0_D1_S02_1|canonical,COph100,canonical,none,degenerate_fit,False,,True,False
COph100/047/047_F_GA32_BW1730_PA33_DG0_PF0_D1_S01_1__047_F_GA32_BW1730_PA38_DG0_PF0_D1_S02_1|canonical,COph100,canonical,rectangle,ok,False,19.414796631713738,True,False
COph100/047/047_F_GA32_BW1730_PA33_DG0_PF0_D1_S01_1__047_F_GA32_BW1730_PA38_DG0_PF0_D1_S02_1|canonical,COph100,canonical,fov,degenerate_fit,False,,True,False
COph100/048-1/048_F_GA32_BW1680_PA33_DG0_PF0_D1_S01_1__048_F_GA32_BW1680_PA40_DG0_PF0_D1_S03_2|canonical,COph100,canonical,none,ok,False,25.199279394478076,True,False
COph100/048-1/048_F_GA32_BW1680_PA33_DG0_PF0_D1_S01_1__048_F_GA32_BW1680_PA40_DG0_PF0_D1_S03_2|canonical,COph100,canonical,rectangle,ok,False,25.199279394478076,True,False
COph100/048-1/048_F_GA32_BW1680_PA33_DG0_PF0_D1_S01_1__048_F_GA32_BW1680_PA40_DG0_PF0_D1_S03_2|canonical,COph100,canonical,fov,ok,False,25.199279394478076,True,False
COph100/048/048_F_GA32_BW1680_PA38_DG0_PF0_D1_S02_8__048_F_GA32_BW1680_PA40_DG0_PF0_D1_S03_9|canonical,COph100,canonical,none,ok,False,2.5204355847822457,False,False
COph100/048/048_F_GA32_BW1680_PA38_DG0_PF0_D1_S02_8__048_F_GA32_BW1680_PA40_DG0_PF0_D1_S03_9|canonical,COph100,canonical,rectangle,ok,False,2.5204355847822457,False,False
COph100/048/048_F_GA32_BW1680_PA38_DG0_PF0_D1_S02_8__048_F_GA32_BW1680_PA40_DG0_PF0_D1_S03_9|canonical,COph100,canonical,fov,ok,False,2.5204355847822457,False,False
COph100/049/049_F_GA30_BW1220_PA32_DG0_PF0_D1_S01_4__049_F_GA30_BW1220_PA34_DG0_PF0_D1_S02_2|canonical,COph100,canonical,none,ok,False,3.3762190134513075,False,False
COph100/049/049_F_GA30_BW1220_PA32_DG0_PF0_D1_S01_4__049_F_GA30_BW1220_PA34_DG0_PF0_D1_S02_2|canonical,COph100,canonical,rectangle,ok,False,3.3762190134513075,False,False
COph100/049/049_F_GA30_BW1220_PA32_DG0_PF0_D1_S01_4__049_F_GA30_BW1220_PA34_DG0_PF0_D1_S02_2|canonical,COph100,canonical,fov,ok,False,3.3762190134513075,False,False
COph100/050-1/050_M_GA32_BW1790_PA33_DG0_PF0_D1_S01_2__050_M_GA32_BW1790_PA41_DG0_PF0_D1_S03_3|canonical,COph100,canonical,none,ok,False,11.775257056547522,True,False
COph100/050-1/050_M_GA32_BW1790_PA33_DG0_PF0_D1_S01_2__050_M_GA32_BW1790_PA41_DG0_PF0_D1_S03_3|canonical,COph100,canonical,rectangle,ok,False,11.775257056547522,True,False
COph100/050-1/050_M_GA32_BW1790_PA33_DG0_PF0_D1_S01_2__050_M_GA32_BW1790_PA41_DG0_PF0_D1_S03_3|canonical,COph100,canonical,fov,ok,False,11.775257056547522,True,False
COph100/050/050_M_GA32_BW1790_PA38_DG0_PF0_D1_S02_2__050_M_GA32_BW1790_PA41_DG0_PF0_D1_S03_6|canonical,COph100,canonical,none,ok,False,7.191757283395103,True,False
COph100/050/050_M_GA32_BW1790_PA38_DG0_PF0_D1_S02_2__050_M_GA32_BW1790_PA41_DG0_PF0_D1_S03_6|canonical,COph100,canonical,rectangle,ok,False,7.191757283395103,True,False
COph100/050/050_M_GA32_BW1790_PA38_DG0_PF0_D1_S02_2__050_M_GA32_BW1790_PA41_DG0_PF0_D1_S03_6|canonical,COph100,canonical,fov,ok,False,7.191757283395103,True,False
COph100/051-1/051_F_GA24_BW600_PA36_DG3_PF0_D1_S02_11__051_F_GA24_BW600_PA42_DG3_PF0_D1_S03_3|canonical,COph100,canonical,none,degenerate_fit,False,,True,False
COph100/051-1/051_F_GA24_BW600_PA36_DG3_PF0_D1_S02_11__051_F_GA24_BW600_PA42_DG3_PF0_D1_S03_3|canonical,COph100,canonical,rectangle,ok,False,10.695924993957929,True,False
COph100/051-1/051_F_GA24_BW600_PA36_DG3_PF0_D1_S02_11__051_F_GA24_BW600_PA42_DG3_PF0_D1_S03_3|canonical,COph100,canonical,fov,degenerate_fit,False,,True,False
COph100/051/051_F_GA24_BW600_PA35_DG3_PF0_D1_S01_6__051_F_GA24_BW600_PA42_DG3_PF0_D1_S03_11|canonical,COph100,canonical,none,ok,False,5.398505460490142,True,False
COph100/051/051_F_GA24_BW600_PA35_DG3_PF0_D1_S01_6__051_F_GA24_BW600_PA42_DG3_PF0_D1_S03_11|canonical,COph100,canonical,rectangle,ok,False,5.398505460490142,True,False
COph100/051/051_F_GA24_BW600_PA35_DG3_PF0_D1_S01_6__051_F_GA24_BW600_PA42_DG3_PF0_D1_S03_11|canonical,COph100,canonical,fov,ok,False,5.398505460490142,True,False
COph100/051/051_F_GA24_BW600_PA42_DG3_PF0_D1_S03_11__051_F_GA24_BW600_PA46_DG9_PF0_D1_S04_8|canonical,COph100,canonical,none,ok,False,2.3688602830908416,False,False
COph100/051/051_F_GA24_BW600_PA42_DG3_PF0_D1_S03_11__051_F_GA24_BW600_PA46_DG9_PF0_D1_S04_8|canonical,COph100,canonical,rectangle,ok,False,2.3688602830908416,False,False
COph100/051/051_F_GA24_BW600_PA42_DG3_PF0_D1_S03_11__051_F_GA24_BW600_PA46_DG9_PF0_D1_S04_8|canonical,COph100,canonical,fov,ok,False,2.3688602830908416,False,False
COph100/052-1/052_M_GA26_BW820_PA31_DG1_PF0_D1_S01_6__052_M_GA26_BW820_PA36_DG3_PF0_D1_S05_8|canonical,COph100,canonical,none,ok,False,8.319480813459904,True,False
COph100/052-1/052_M_GA26_BW820_PA31_DG1_PF0_D1_S01_6__052_M_GA26_BW820_PA36_DG3_PF0_D1_S05_8|canonical,COph100,canonical,rectangle,ok,False,8.319480813459904,True,False
COph100/052-1/052_M_GA26_BW820_PA31_DG1_PF0_D1_S01_6__052_M_GA26_BW820_PA36_DG3_PF0_D1_S05_8|canonical,COph100,canonical,fov,ok,False,8.319480813459904,True,False
COph100/052-1/052_M_GA26_BW820_PA32_DG2_PF0_D1_S02_7__052_M_GA26_BW820_PA33_DG3_PF0_D1_S03_6|canonical,COph100,canonical,none,ok,False,6.751773471806223,True,False
COph100/052-1/052_M_GA26_BW820_PA32_DG2_PF0_D1_S02_7__052_M_GA26_BW820_PA33_DG3_PF0_D1_S03_6|canonical,COph100,canonical,rectangle,ok,False,6.751773471806223,True,False
COph100/052-1/052_M_GA26_BW820_PA32_DG2_PF0_D1_S02_7__052_M_GA26_BW820_PA33_DG3_PF0_D1_S03_6|canonical,COph100,canonical,fov,ok,False,6.751773471806223,True,False
COph100/052-1/052_M_GA26_BW820_PA32_DG2_PF0_D1_S02_7__052_M_GA26_BW820_PA46_DG2_PF0_D1_S07_2|canonical,COph100,canonical,none,ok,False,13.529971026139075,True,False
COph100/052-1/052_M_GA26_BW820_PA32_DG2_PF0_D1_S02_7__052_M_GA26_BW820_PA46_DG2_PF0_D1_S07_2|canonical,COph100,canonical,rectangle,ok,False,13.529971026139075,True,False
COph100/052-1/052_M_GA26_BW820_PA32_DG2_PF0_D1_S02_7__052_M_GA26_BW820_PA46_DG2_PF0_D1_S07_2|canonical,COph100,canonical,fov,ok,False,13.529971026139075,True,False
COph100/052-1/052_M_GA26_BW820_PA33_DG3_PF0_D1_S03_6__052_M_GA26_BW820_PA42_DG3_PF0_D1_S06_4|canonical,COph100,canonical,none,ok,False,9.822137844037714,True,False
COph100/052-1/052_M_GA26_BW820_PA33_DG3_PF0_D1_S03_6__052_M_GA26_BW820_PA42_DG3_PF0_D1_S06_4|canonical,COph100,canonical,rectangle,ok,False,9.822137844037714,True,False
COph100/052-1/052_M_GA26_BW820_PA33_DG3_PF0_D1_S03_6__052_M_GA26_BW820_PA42_DG3_PF0_D1_S06_4|canonical,COph100,canonical,fov,ok,False,9.822137844037714,True,False
COph100/052-1/052_M_GA26_BW820_PA34_DG3_PF0_D1_S04_7__052_M_GA26_BW820_PA42_DG3_PF0_D1_S06_4|canonical,COph100,canonical,none,ok,False,5.471333569532807,True,False
COph100/052-1/052_M_GA26_BW820_PA34_DG3_PF0_D1_S04_7__052_M_GA26_BW820_PA42_DG3_PF0_D1_S06_4|canonical,COph100,canonical,rectangle,ok,False,5.471333569532807,True,False
COph100/052-1/052_M_GA26_BW820_PA34_DG3_PF0_D1_S04_7__052_M_GA26_BW820_PA42_DG3_PF0_D1_S06_4|canonical,COph100,canonical,fov,ok,False,5.471333569532807,True,False
COph100/052-1/052_M_GA26_BW820_PA36_DG3_PF0_D1_S05_8__052_M_GA26_BW820_PA46_DG2_PF0_D1_S07_2|canonical,COph100,canonical,none,ok,False,8.349188868297867,True,False
COph100/052-1/052_M_GA26_BW820_PA36_DG3_PF0_D1_S05_8__052_M_GA26_BW820_PA46_DG2_PF0_D1_S07_2|canonical,COph100,canonical,rectangle,ok,False,8.349188868297867,True,False
COph100/052-1/052_M_GA26_BW820_PA36_DG3_PF0_D1_S05_8__052_M_GA26_BW820_PA46_DG2_PF0_D1_S07_2|canonical,COph100,canonical,fov,ok,False,8.349188868297867,True,False
COph100/052-1/052_M_GA26_BW820_PA46_DG2_PF0_D1_S07_2__052_M_GA26_BW820_PA75_DG9_PF0_D1_S08_8|canonical,COph100,canonical,none,ok,False,7.021023709543438,True,False
COph100/052-1/052_M_GA26_BW820_PA46_DG2_PF0_D1_S07_2__052_M_GA26_BW820_PA75_DG9_PF0_D1_S08_8|canonical,COph100,canonical,rectangle,ok,False,7.021023709543438,True,False
COph100/052-1/052_M_GA26_BW820_PA46_DG2_PF0_D1_S07_2__052_M_GA26_BW820_PA75_DG9_PF0_D1_S08_8|canonical,COph100,canonical,fov,ok,False,7.021023709543438,True,False
COph100/052/052_M_GA26_BW820_PA31_DG1_PF0_D1_S01_3__052_M_GA26_BW820_PA36_DG3_PF0_D1_S05_1|canonical,COph100,canonical,none,degenerate_fit,False,,True,False
COph100/052/052_M_GA26_BW820_PA31_DG1_PF0_D1_S01_3__052_M_GA26_BW820_PA36_DG3_PF0_D1_S05_1|canonical,COph100,canonical,rectangle,ok,False,5.6934849347723,True,False
COph100/052/052_M_GA26_BW820_PA31_DG1_PF0_D1_S01_3__052_M_GA26_BW820_PA36_DG3_PF0_D1_S05_1|canonical,COph100,canonical,fov,ok,False,5.6934849347723,True,False
COph100/052/052_M_GA26_BW820_PA32_DG2_PF0_D1_S02_3__052_M_GA26_BW820_PA33_DG3_PF0_D1_S03_11|canonical,COph100,canonical,none,ok,False,2.312243519868191,False,False
COph100/052/052_M_GA26_BW820_PA32_DG2_PF0_D1_S02_3__052_M_GA26_BW820_PA33_DG3_PF0_D1_S03_11|canonical,COph100,canonical,rectangle,ok,False,2.312243519868191,False,False
COph100/052/052_M_GA26_BW820_PA32_DG2_PF0_D1_S02_3__052_M_GA26_BW820_PA33_DG3_PF0_D1_S03_11|canonical,COph100,canonical,fov,ok,False,2.312243519868191,False,False
COph100/052/052_M_GA26_BW820_PA32_DG2_PF0_D1_S02_3__052_M_GA26_BW820_PA46_DG2_PF0_D1_S07_6|canonical,COph100,canonical,none,no_matches,False,,True,False
COph100/052/052_M_GA26_BW820_PA32_DG2_PF0_D1_S02_3__052_M_GA26_BW820_PA46_DG2_PF0_D1_S07_6|canonical,COph100,canonical,rectangle,no_matches,False,,True,False
COph100/052/052_M_GA26_BW820_PA32_DG2_PF0_D1_S02_3__052_M_GA26_BW820_PA46_DG2_PF0_D1_S07_6|canonical,COph100,canonical,fov,no_matches,False,,True,False
COph100/052/052_M_GA26_BW820_PA33_DG3_PF0_D1_S03_11__052_M_GA26_BW820_PA42_DG3_PF0_D1_S06_14|canonical,COph100,canonical,none,ok,False,6.25165583270393,True,False
COph100/052/052_M_GA26_BW820_PA33_DG3_PF0_D1_S03_11__052_M_GA26_BW820_PA42_DG3_PF0_D1_S06_14|canonical,COph100,canonical,rectangle,ok,False,6.25165583270393,True,False
COph100/052/052_M_GA26_BW820_PA33_DG3_PF0_D1_S03_11__052_M_GA26_BW820_PA42_DG3_PF0_D1_S06_14|canonical,COph100,canonical,fov,ok,False,6.25165583270393,True,False
COph100/052/052_M_GA26_BW820_PA34_DG3_PF0_D1_S04_4__052_M_GA26_BW820_PA42_DG3_PF0_D1_S06_14|canonical,COph100,canonical,none,ok,False,7.489158036756352,True,False
COph100/052/052_M_GA26_BW820_PA34_DG3_PF0_D1_S04_4__052_M_GA26_BW820_PA42_DG3_PF0_D1_S06_14|canonical,COph100,canonical,rectangle,ok,False,7.489158036756352,True,False
COph100/052/052_M_GA26_BW820_PA34_DG3_PF0_D1_S04_4__052_M_GA26_BW820_PA42_DG3_PF0_D1_S06_14|canonical,COph100,canonical,fov,ok,False,7.489158036756352,True,False
COph100/052/052_M_GA26_BW820_PA36_DG3_PF0_D1_S05_1__052_M_GA26_BW820_PA46_DG2_PF0_D1_S07_6|canonical,COph100,canonical,none,ok,False,6.951778822790885,True,False
COph100/052/052_M_GA26_BW820_PA36_DG3_PF0_D1_S05_1__052_M_GA26_BW820_PA46_DG2_PF0_D1_S07_6|canonical,COph100,canonical,rectangle,ok,False,6.951778822790885,True,False
COph100/052/052_M_GA26_BW820_PA36_DG3_PF0_D1_S05_1__052_M_GA26_BW820_PA46_DG2_PF0_D1_S07_6|canonical,COph100,canonical,fov,ok,False,6.951778822790885,True,False
COph100/052/052_M_GA26_BW820_PA46_DG2_PF0_D1_S07_6__052_M_GA26_BW820_PA75_DG9_PF0_D1_S08_20|canonical,COph100,canonical,none,degenerate_fit,False,,True,False
COph100/052/052_M_GA26_BW820_PA46_DG2_PF0_D1_S07_6__052_M_GA26_BW820_PA75_DG9_PF0_D1_S08_20|canonical,COph100,canonical,rectangle,ok,False,55.755563301768085,True,False
COph100/052/052_M_GA26_BW820_PA46_DG2_PF0_D1_S07_6__052_M_GA26_BW820_PA75_DG9_PF0_D1_S08_20|canonical,COph100,canonical,fov,ok,False,55.755563301768085,True,False
COph100/055-1/055_M_GA38_BW3245_PA40_DG13_PF0_D1_S01_10__055_M_GA38_BW3245_PA42_DG13_PF0_D1_S03_2|canonical,COph100,canonical,none,degenerate_fit,False,,True,False
COph100/055-1/055_M_GA38_BW3245_PA40_DG13_PF0_D1_S01_10__055_M_GA38_BW3245_PA42_DG13_PF0_D1_S03_2|canonical,COph100,canonical,rectangle,ok,False,8.618897078160426,True,False
COph100/055-1/055_M_GA38_BW3245_PA40_DG13_PF0_D1_S01_10__055_M_GA38_BW3245_PA42_DG13_PF0_D1_S03_2|canonical,COph100,canonical,fov,degenerate_fit,False,,True,False
COph100/055-1/055_M_GA38_BW3245_PA40_DG13_PF0_D1_S01_10__055_M_GA38_BW3245_PA47_DG13_PF0_D1_S07_7|canonical,COph100,canonical,none,ok,False,16.47373873800827,True,False
COph100/055-1/055_M_GA38_BW3245_PA40_DG13_PF0_D1_S01_10__055_M_GA38_BW3245_PA47_DG13_PF0_D1_S07_7|canonical,COph100,canonical,rectangle,ok,False,16.47373873800827,True,False
COph100/055-1/055_M_GA38_BW3245_PA40_DG13_PF0_D1_S01_10__055_M_GA38_BW3245_PA47_DG13_PF0_D1_S07_7|canonical,COph100,canonical,fov,ok,False,16.47373873800827,True,False
COph100/055-1/055_M_GA38_BW3245_PA41_DG13_PF0_D1_S02_7__055_M_GA38_BW3245_PA43_DG13_PF0_D1_S04_5|canonical,COph100,canonical,none,invalid_transform,False,,True,False
COph100/055-1/055_M_GA38_BW3245_PA41_DG13_PF0_D1_S02_7__055_M_GA38_BW3245_PA43_DG13_PF0_D1_S04_5|canonical,COph100,canonical,rectangle,ok,False,3.5244524847571213,False,False
COph100/055-1/055_M_GA38_BW3245_PA41_DG13_PF0_D1_S02_7__055_M_GA38_BW3245_PA43_DG13_PF0_D1_S04_5|canonical,COph100,canonical,fov,degenerate_fit,False,,True,False
COph100/055-1/055_M_GA38_BW3245_PA41_DG13_PF0_D1_S02_7__055_M_GA38_BW3245_PA53_DG13_PF0_D1_S08_2|canonical,COph100,canonical,none,ok,False,8.173733672400335,True,False
COph100/055-1/055_M_GA38_BW3245_PA41_DG13_PF0_D1_S02_7__055_M_GA38_BW3245_PA53_DG13_PF0_D1_S08_2|canonical,COph100,canonical,rectangle,ok,False,8.173733672400335,True,False
COph100/055-1/055_M_GA38_BW3245_PA41_DG13_PF0_D1_S02_7__055_M_GA38_BW3245_PA53_DG13_PF0_D1_S08_2|canonical,COph100,canonical,fov,ok,False,8.173733672400335,True,False
COph100/055-1/055_M_GA38_BW3245_PA42_DG13_PF0_D1_S03_2__055_M_GA38_BW3245_PA45_DG13_PF0_D1_S06_6|canonical,COph100,canonical,none,ok,False,6.682199906849332,True,False
COph100/055-1/055_M_GA38_BW3245_PA42_DG13_PF0_D1_S03_2__055_M_GA38_BW3245_PA45_DG13_PF0_D1_S06_6|canonical,COph100,canonical,rectangle,ok,False,6.682199906849332,True,False
COph100/055-1/055_M_GA38_BW3245_PA42_DG13_PF0_D1_S03_2__055_M_GA38_BW3245_PA45_DG13_PF0_D1_S06_6|canonical,COph100,canonical,fov,ok,False,6.682199906849332,True,False
COph100/055-1/055_M_GA38_BW3245_PA43_DG13_PF0_D1_S04_5__055_M_GA38_BW3245_PA44_DG13_PF0_D1_S05_6|canonical,COph100,canonical,none,ok,False,5.211509752713991,True,False
COph100/055-1/055_M_GA38_BW3245_PA43_DG13_PF0_D1_S04_5__055_M_GA38_BW3245_PA44_DG13_PF0_D1_S05_6|canonical,COph100,canonical,rectangle,ok,False,5.211509752713991,True,False
COph100/055-1/055_M_GA38_BW3245_PA43_DG13_PF0_D1_S04_5__055_M_GA38_BW3245_PA44_DG13_PF0_D1_S05_6|canonical,COph100,canonical,fov,ok,False,5.211509752713991,True,False
COph100/055-1/055_M_GA38_BW3245_PA43_DG13_PF0_D1_S04_5__055_M_GA38_BW3245_PA78_DG13_PF0_D1_S09_16|canonical,COph100,canonical,none,degenerate_fit,False,,True,False
COph100/055-1/055_M_GA38_BW3245_PA43_DG13_PF0_D1_S04_5__055_M_GA38_BW3245_PA78_DG13_PF0_D1_S09_16|canonical,COph100,canonical,rectangle,degenerate_fit,False,,True,False
COph100/055-1/055_M_GA38_BW3245_PA43_DG13_PF0_D1_S04_5__055_M_GA38_BW3245_PA78_DG13_PF0_D1_S09_16|canonical,COph100,canonical,fov,degenerate_fit,False,,True,False
COph100/055-1/055_M_GA38_BW3245_PA44_DG13_PF0_D1_S05_6__055_M_GA38_BW3245_PA78_DG13_PF0_D1_S09_16|canonical,COph100,canonical,none,degenerate_fit,False,,True,False
COph100/055-1/055_M_GA38_BW3245_PA44_DG13_PF0_D1_S05_6__055_M_GA38_BW3245_PA78_DG13_PF0_D1_S09_16|canonical,COph100,canonical,rectangle,degenerate_fit,False,,True,False
COph100/055-1/055_M_GA38_BW3245_PA44_DG13_PF0_D1_S05_6__055_M_GA38_BW3245_PA78_DG13_PF0_D1_S09_16|canonical,COph100,canonical,fov,degenerate_fit,False,,True,False
COph100/055-1/055_M_GA38_BW3245_PA47_DG13_PF0_D1_S07_7__055_M_GA38_BW3245_PA53_DG13_PF0_D1_S08_2|canonical,COph100,canonical,none,ok,False,6.162014871197522,True,False
COph100/055-1/055_M_GA38_BW3245_PA47_DG13_PF0_D1_S07_7__055_M_GA38_BW3245_PA53_DG13_PF0_D1_S08_2|canonical,COph100,canonical,rectangle,ok,False,6.162014871197522,True,False
COph100/055-1/055_M_GA38_BW3245_PA47_DG13_PF0_D1_S07_7__055_M_GA38_BW3245_PA53_DG13_PF0_D1_S08_2|canonical,COph100,canonical,fov,ok,False,6.162014871197522,True,False
COph100/055/055_M_GA38_BW3245_PA40_DG13_PF0_D1_S01_3__055_M_GA38_BW3245_PA42_DG13_PF0_D1_S03_6|canonical,COph100,canonical,none,ok,False,151.79619890056645,True,True
COph100/055/055_M_GA38_BW3245_PA40_DG13_PF0_D1_S01_3__055_M_GA38_BW3245_PA42_DG13_PF0_D1_S03_6|canonical,COph100,canonical,rectangle,ok,False,75.21124463523529,True,False
COph100/055/055_M_GA38_BW3245_PA40_DG13_PF0_D1_S01_3__055_M_GA38_BW3245_PA42_DG13_PF0_D1_S03_6|canonical,COph100,canonical,fov,ok,False,75.21124463523529,True,False
COph100/055/055_M_GA38_BW3245_PA40_DG13_PF0_D1_S01_3__055_M_GA38_BW3245_PA47_DG13_PF0_D1_S07_4|canonical,COph100,canonical,none,no_matches,False,,True,False
COph100/055/055_M_GA38_BW3245_PA40_DG13_PF0_D1_S01_3__055_M_GA38_BW3245_PA47_DG13_PF0_D1_S07_4|canonical,COph100,canonical,rectangle,no_matches,False,,True,False
COph100/055/055_M_GA38_BW3245_PA40_DG13_PF0_D1_S01_3__055_M_GA38_BW3245_PA47_DG13_PF0_D1_S07_4|canonical,COph100,canonical,fov,no_matches,False,,True,False
COph100/055/055_M_GA38_BW3245_PA41_DG13_PF0_D1_S02_1__055_M_GA38_BW3245_PA43_DG13_PF0_D1_S04_13|canonical,COph100,canonical,none,ok,False,14.703164136528908,True,False
COph100/055/055_M_GA38_BW3245_PA41_DG13_PF0_D1_S02_1__055_M_GA38_BW3245_PA43_DG13_PF0_D1_S04_13|canonical,COph100,canonical,rectangle,ok,False,14.703164136528908,True,False
COph100/055/055_M_GA38_BW3245_PA41_DG13_PF0_D1_S02_1__055_M_GA38_BW3245_PA43_DG13_PF0_D1_S04_13|canonical,COph100,canonical,fov,ok,False,14.703164136528908,True,False
COph100/055/055_M_GA38_BW3245_PA41_DG13_PF0_D1_S02_1__055_M_GA38_BW3245_PA53_DG13_PF0_D1_S08_7|canonical,COph100,canonical,none,ok,False,8.02119996047204,True,False
COph100/055/055_M_GA38_BW3245_PA41_DG13_PF0_D1_S02_1__055_M_GA38_BW3245_PA53_DG13_PF0_D1_S08_7|canonical,COph100,canonical,rectangle,ok,False,8.02119996047204,True,False
COph100/055/055_M_GA38_BW3245_PA41_DG13_PF0_D1_S02_1__055_M_GA38_BW3245_PA53_DG13_PF0_D1_S08_7|canonical,COph100,canonical,fov,ok,False,8.02119996047204,True,False
COph100/055/055_M_GA38_BW3245_PA42_DG13_PF0_D1_S03_6__055_M_GA38_BW3245_PA45_DG13_PF0_D1_S06_7|canonical,COph100,canonical,none,ok,False,2.5487422721303794,False,False
COph100/055/055_M_GA38_BW3245_PA42_DG13_PF0_D1_S03_6__055_M_GA38_BW3245_PA45_DG13_PF0_D1_S06_7|canonical,COph100,canonical,rectangle,ok,False,2.5487422721303794,False,False
COph100/055/055_M_GA38_BW3245_PA42_DG13_PF0_D1_S03_6__055_M_GA38_BW3245_PA45_DG13_PF0_D1_S06_7|canonical,COph100,canonical,fov,ok,False,2.5487422721303794,False,False
COph100/055/055_M_GA38_BW3245_PA43_DG13_PF0_D1_S04_13__055_M_GA38_BW3245_PA44_DG13_PF0_D1_S05_1|canonical,COph100,canonical,none,ok,False,1.9926589967891437,False,False
COph100/055/055_M_GA38_BW3245_PA43_DG13_PF0_D1_S04_13__055_M_GA38_BW3245_PA44_DG13_PF0_D1_S05_1|canonical,COph100,canonical,rectangle,ok,False,1.9926589967891437,False,False
COph100/055/055_M_GA38_BW3245_PA43_DG13_PF0_D1_S04_13__055_M_GA38_BW3245_PA44_DG13_PF0_D1_S05_1|canonical,COph100,canonical,fov,ok,False,1.9926589967891437,False,False
COph100/055/055_M_GA38_BW3245_PA43_DG13_PF0_D1_S04_13__055_M_GA38_BW3245_PA78_DG13_PF0_D1_S09_6|canonical,COph100,canonical,none,ok,False,258.3360502413169,True,True
COph100/055/055_M_GA38_BW3245_PA43_DG13_PF0_D1_S04_13__055_M_GA38_BW3245_PA78_DG13_PF0_D1_S09_6|canonical,COph100,canonical,rectangle,ok,False,73.15107048396425,True,False
COph100/055/055_M_GA38_BW3245_PA43_DG13_PF0_D1_S04_13__055_M_GA38_BW3245_PA78_DG13_PF0_D1_S09_6|canonical,COph100,canonical,fov,ok,False,161.24991688717319,True,True
COph100/055/055_M_GA38_BW3245_PA44_DG13_PF0_D1_S05_1__055_M_GA38_BW3245_PA78_DG13_PF0_D1_S09_6|canonical,COph100,canonical,none,ok,False,9.82292059014107,True,False
COph100/055/055_M_GA38_BW3245_PA44_DG13_PF0_D1_S05_1__055_M_GA38_BW3245_PA78_DG13_PF0_D1_S09_6|canonical,COph100,canonical,rectangle,ok,False,9.82292059014107,True,False
COph100/055/055_M_GA38_BW3245_PA44_DG13_PF0_D1_S05_1__055_M_GA38_BW3245_PA78_DG13_PF0_D1_S09_6|canonical,COph100,canonical,fov,ok,False,9.82292059014107,True,False
COph100/055/055_M_GA38_BW3245_PA47_DG13_PF0_D1_S07_4__055_M_GA38_BW3245_PA53_DG13_PF0_D1_S08_7|canonical,COph100,canonical,none,ok,False,2.1883791544318156,False,False
COph100/055/055_M_GA38_BW3245_PA47_DG13_PF0_D1_S07_4__055_M_GA38_BW3245_PA53_DG13_PF0_D1_S08_7|canonical,COph100,canonical,rectangle,ok,False,2.1883791544318156,False,False
COph100/055/055_M_GA38_BW3245_PA47_DG13_PF0_D1_S07_4__055_M_GA38_BW3245_PA53_DG13_PF0_D1_S08_7|canonical,COph100,canonical,fov,ok,False,2.1883791544318156,False,False
COph100/056-1/056_F_GA33_BW1180_PA35_DG0_PF0_D1_S01_7__056_F_GA33_BW1180_PA42_DG0_PF0_D1_S03_7|canonical,COph100,canonical,none,degenerate_fit,False,,True,False
COph100/056-1/056_F_GA33_BW1180_PA35_DG0_PF0_D1_S01_7__056_F_GA33_BW1180_PA42_DG0_PF0_D1_S03_7|canonical,COph100,canonical,rectangle,ok,False,14.849960020924424,True,False
COph100/056-1/056_F_GA33_BW1180_PA35_DG0_PF0_D1_S01_7__056_F_GA33_BW1180_PA42_DG0_PF0_D1_S03_7|canonical,COph100,canonical,fov,ok,False,14.849960020924424,True,False
COph100/056/056_F_GA33_BW1180_PA38_DG0_PF0_D1_S02_3__056_F_GA33_BW1180_PA42_DG0_PF0_D1_S03_3|canonical,COph100,canonical,none,ok,False,4.532046445583982,True,False
COph100/056/056_F_GA33_BW1180_PA38_DG0_PF0_D1_S02_3__056_F_GA33_BW1180_PA42_DG0_PF0_D1_S03_3|canonical,COph100,canonical,rectangle,ok,False,4.532046445583982,True,False
COph100/056/056_F_GA33_BW1180_PA38_DG0_PF0_D1_S02_3__056_F_GA33_BW1180_PA42_DG0_PF0_D1_S03_3|canonical,COph100,canonical,fov,ok,False,4.532046445583982,True,False
COph100/057/057_M_GA30_BW1180_PA33_DG0_PF0_D1_S01_1__057_M_GA30_BW1180_PA37_DG0_PF0_D1_S02_1|canonical,COph100,canonical,none,ok,False,8.263563966696246,True,False
COph100/057/057_M_GA30_BW1180_PA33_DG0_PF0_D1_S01_1__057_M_GA30_BW1180_PA37_DG0_PF0_D1_S02_1|canonical,COph100,canonical,rectangle,ok,False,8.263563966696246,True,False
COph100/057/057_M_GA30_BW1180_PA33_DG0_PF0_D1_S01_1__057_M_GA30_BW1180_PA37_DG0_PF0_D1_S02_1|canonical,COph100,canonical,fov,ok,False,8.263563966696246,True,False
COph100/058-1/058_M_GA30_BW1490_PA33_DG0_PF0_D1_S01_5__058_M_GA30_BW1490_PA38_DG0_PF0_D1_S03_3|canonical,COph100,canonical,none,invalid_transform,False,,True,False
COph100/058-1/058_M_GA30_BW1490_PA33_DG0_PF0_D1_S01_5__058_M_GA30_BW1490_PA38_DG0_PF0_D1_S03_3|canonical,COph100,canonical,rectangle,ok,False,6.460542706081287,True,False
COph100/058-1/058_M_GA30_BW1490_PA33_DG0_PF0_D1_S01_5__058_M_GA30_BW1490_PA38_DG0_PF0_D1_S03_3|canonical,COph100,canonical,fov,degenerate_fit,False,,True,False
COph100/058/058_M_GA30_BW1490_PA35_DG0_PF0_D1_S02_3__058_M_GA30_BW1490_PA38_DG0_PF0_D1_S03_6|canonical,COph100,canonical,none,ok,False,2.2985577404256383,False,False
COph100/058/058_M_GA30_BW1490_PA35_DG0_PF0_D1_S02_3__058_M_GA30_BW1490_PA38_DG0_PF0_D1_S03_6|canonical,COph100,canonical,rectangle,ok,False,2.2985577404256383,False,False
COph100/058/058_M_GA30_BW1490_PA35_DG0_PF0_D1_S02_3__058_M_GA30_BW1490_PA38_DG0_PF0_D1_S03_6|canonical,COph100,canonical,fov,ok,False,2.2985577404256383,False,False
COph100/059/059_M_GA40_BW3680_PA61_DG12_PF0_D1_S01_5__059_M_GA40_BW3680_PA112_DG12_PF0_D1_S03_3|canonical,COph100,canonical,none,degenerate_fit,False,,True,False
COph100/059/059_M_GA40_BW3680_PA61_DG12_PF0_D1_S01_5__059_M_GA40_BW3680_PA112_DG12_PF0_D1_S03_3|canonical,COph100,canonical,rectangle,ok,False,15.684647690940597,True,False
COph100/059/059_M_GA40_BW3680_PA61_DG12_PF0_D1_S01_5__059_M_GA40_BW3680_PA112_DG12_PF0_D1_S03_3|canonical,COph100,canonical,fov,degenerate_fit,False,,True,False
COph100/061-1/061_M_GA26_BW880_PA32_DG0_PF0_D1_S01_6__061_M_GA26_BW880_PA42_DG0_PF0_D1_S03_2|canonical,COph100,canonical,none,ok,False,2.6110328621886607,False,False
COph100/061-1/061_M_GA26_BW880_PA32_DG0_PF0_D1_S01_6__061_M_GA26_BW880_PA42_DG0_PF0_D1_S03_2|canonical,COph100,canonical,rectangle,ok,False,2.6110328621886607,False,False
COph100/061-1/061_M_GA26_BW880_PA32_DG0_PF0_D1_S01_6__061_M_GA26_BW880_PA42_DG0_PF0_D1_S03_2|canonical,COph100,canonical,fov,ok,False,2.6110328621886607,False,False
COph100/061/061_M_GA26_BW880_PA38_DG0_PF0_D1_S02_2__061_M_GA26_BW880_PA42_DG0_PF0_D1_S03_7|canonical,COph100,canonical,none,degenerate_fit,False,,True,False
COph100/061/061_M_GA26_BW880_PA38_DG0_PF0_D1_S02_2__061_M_GA26_BW880_PA42_DG0_PF0_D1_S03_7|canonical,COph100,canonical,rectangle,ok,False,5.474757645795977,True,False
COph100/061/061_M_GA26_BW880_PA38_DG0_PF0_D1_S02_2__061_M_GA26_BW880_PA42_DG0_PF0_D1_S03_7|canonical,COph100,canonical,fov,degenerate_fit,False,,True,False
COph100/064-1/064_M_GA30_BW990_PA33_DG0_PF0_D1_S01_6__064_M_GA30_BW990_PA37_DG0_PF0_D1_S02_8|canonical,COph100,canonical,none,degenerate_fit,False,,True,False
COph100/064-1/064_M_GA30_BW990_PA33_DG0_PF0_D1_S01_6__064_M_GA30_BW990_PA37_DG0_PF0_D1_S02_8|canonical,COph100,canonical,rectangle,ok,False,8.377133587565016,True,False
COph100/064-1/064_M_GA30_BW990_PA33_DG0_PF0_D1_S01_6__064_M_GA30_BW990_PA37_DG0_PF0_D1_S02_8|canonical,COph100,canonical,fov,degenerate_fit,False,,True,False
COph100/064/064_M_GA30_BW990_PA33_DG0_PF0_D1_S01_4__064_M_GA30_BW990_PA40_DG0_PF0_D1_S03_6|canonical,COph100,canonical,none,degenerate_fit,False,,True,False
COph100/064/064_M_GA30_BW990_PA33_DG0_PF0_D1_S01_4__064_M_GA30_BW990_PA40_DG0_PF0_D1_S03_6|canonical,COph100,canonical,rectangle,ok,False,85.44616952853913,True,False
COph100/064/064_M_GA30_BW990_PA33_DG0_PF0_D1_S01_4__064_M_GA30_BW990_PA40_DG0_PF0_D1_S03_6|canonical,COph100,canonical,fov,ok,False,85.44616952853913,True,False
COph100/065-1/065_M_GA27_BW950_PA34_DG0_PF0_D1_S02_7__065_M_GA27_BW950_PA36_DG0_PF0_D1_S03_4|canonical,COph100,canonical,none,degenerate_fit,False,,True,False
COph100/065-1/065_M_GA27_BW950_PA34_DG0_PF0_D1_S02_7__065_M_GA27_BW950_PA36_DG0_PF0_D1_S03_4|canonical,COph100,canonical,rectangle,ok,False,7.364214053312826,True,False
COph100/065-1/065_M_GA27_BW950_PA34_DG0_PF0_D1_S02_7__065_M_GA27_BW950_PA36_DG0_PF0_D1_S03_4|canonical,COph100,canonical,fov,degenerate_fit,False,,True,False
COph100/066-1/066_F_GA26_BW810_PA34_DG3_PF0_D1_S03_2__066_F_GA26_BW810_PA36_DG3_PF0_D1_S04_3|canonical,COph100,canonical,none,invalid_transform,False,,True,False
COph100/066-1/066_F_GA26_BW810_PA34_DG3_PF0_D1_S03_2__066_F_GA26_BW810_PA36_DG3_PF0_D1_S04_3|canonical,COph100,canonical,rectangle,ok,False,2.0404791431690485,False,False
COph100/066-1/066_F_GA26_BW810_PA34_DG3_PF0_D1_S03_2__066_F_GA26_BW810_PA36_DG3_PF0_D1_S04_3|canonical,COph100,canonical,fov,degenerate_fit,False,,True,False
COph100/066-1/066_F_GA26_BW810_PA36_DG3_PF0_D1_S04_3__066_F_GA26_BW810_PA42_DG3_PF0_D1_S06_1|canonical,COph100,canonical,none,ok,False,6.067931130194992,True,False
COph100/066-1/066_F_GA26_BW810_PA36_DG3_PF0_D1_S04_3__066_F_GA26_BW810_PA42_DG3_PF0_D1_S06_1|canonical,COph100,canonical,rectangle,ok,False,6.067931130194992,True,False
COph100/066-1/066_F_GA26_BW810_PA36_DG3_PF0_D1_S04_3__066_F_GA26_BW810_PA42_DG3_PF0_D1_S06_1|canonical,COph100,canonical,fov,ok,False,6.067931130194992,True,False
COph100/066/066_F_GA26_BW810_PA31_DG1_PF0_D1_S01_5__066_F_GA26_BW810_PA36_DG3_PF0_D1_S04_7|canonical,COph100,canonical,none,degenerate_fit,False,,True,False
COph100/066/066_F_GA26_BW810_PA31_DG1_PF0_D1_S01_5__066_F_GA26_BW810_PA36_DG3_PF0_D1_S04_7|canonical,COph100,canonical,rectangle,ok,False,29.666747741165295,True,False
COph100/066/066_F_GA26_BW810_PA31_DG1_PF0_D1_S01_5__066_F_GA26_BW810_PA36_DG3_PF0_D1_S04_7|canonical,COph100,canonical,fov,ok,False,29.666747741165295,True,False
COph100/066/066_F_GA26_BW810_PA32_DG2_PF0_D1_S02_15__066_F_GA26_BW810_PA36_DG3_PF0_D1_S04_7|canonical,COph100,canonical,none,degenerate_fit,False,,True,False
COph100/066/066_F_GA26_BW810_PA32_DG2_PF0_D1_S02_15__066_F_GA26_BW810_PA36_DG3_PF0_D1_S04_7|canonical,COph100,canonical,rectangle,ok,False,156.70862377343877,True,False
COph100/066/066_F_GA26_BW810_PA32_DG2_PF0_D1_S02_15__066_F_GA26_BW810_PA36_DG3_PF0_D1_S04_7|canonical,COph100,canonical,fov,ok,False,156.70862377343877,True,False
COph100/066/066_F_GA26_BW810_PA34_DG3_PF0_D1_S03_4__066_F_GA26_BW810_PA40_DG3_PF0_D1_S05_9|canonical,COph100,canonical,none,ok,False,6.2407013117535985,True,False
COph100/066/066_F_GA26_BW810_PA34_DG3_PF0_D1_S03_4__066_F_GA26_BW810_PA40_DG3_PF0_D1_S05_9|canonical,COph100,canonical,rectangle,ok,False,6.2407013117535985,True,False
COph100/066/066_F_GA26_BW810_PA34_DG3_PF0_D1_S03_4__066_F_GA26_BW810_PA40_DG3_PF0_D1_S05_9|canonical,COph100,canonical,fov,ok,False,6.2407013117535985,True,False
COph100/066/066_F_GA26_BW810_PA40_DG3_PF0_D1_S05_9__066_F_GA26_BW810_PA42_DG3_PF0_D1_S06_12|canonical,COph100,canonical,none,ok,False,1.320390265918797,False,False
COph100/066/066_F_GA26_BW810_PA40_DG3_PF0_D1_S05_9__066_F_GA26_BW810_PA42_DG3_PF0_D1_S06_12|canonical,COph100,canonical,rectangle,ok,False,1.320390265918797,False,False
COph100/066/066_F_GA26_BW810_PA40_DG3_PF0_D1_S05_9__066_F_GA26_BW810_PA42_DG3_PF0_D1_S06_12|canonical,COph100,canonical,fov,ok,False,1.320390265918797,False,False
COph100/068/068_M_GA35_BW2210_PA38_DG0_PF0_D1_S01_1__068_M_GA35_BW2210_PA42_DG0_PF0_D1_S02_1|canonical,COph100,canonical,none,degenerate_fit,False,,True,False
COph100/068/068_M_GA35_BW2210_PA38_DG0_PF0_D1_S01_1__068_M_GA35_BW2210_PA42_DG0_PF0_D1_S02_1|canonical,COph100,canonical,rectangle,ok,False,6.0937171478918355,True,False
COph100/068/068_M_GA35_BW2210_PA38_DG0_PF0_D1_S01_1__068_M_GA35_BW2210_PA42_DG0_PF0_D1_S02_1|canonical,COph100,canonical,fov,ok,False,6.0937171478918355,True,False
COph100/069-1/069_M_GA30_BW1100_PA34_DG1_PF0_D1_S02_6__069_M_GA30_BW1100_PA36_DG2_PF0_D1_S03_8|canonical,COph100,canonical,none,ok,False,5.573831835377424,True,False
COph100/069-1/069_M_GA30_BW1100_PA34_DG1_PF0_D1_S02_6__069_M_GA30_BW1100_PA36_DG2_PF0_D1_S03_8|canonical,COph100,canonical,rectangle,ok,False,5.573831835377424,True,False
COph100/069-1/069_M_GA30_BW1100_PA34_DG1_PF0_D1_S02_6__069_M_GA30_BW1100_PA36_DG2_PF0_D1_S03_8|canonical,COph100,canonical,fov,ok,False,5.573831835377424,True,False
COph100/069/069_M_GA30_BW1100_PA32_DG1_PF0_D1_S01_1__069_M_GA30_BW1100_PA36_DG2_PF0_D1_S03_1|canonical,COph100,canonical,none,ok,False,4.296853306432235,True,False
COph100/069/069_M_GA30_BW1100_PA32_DG1_PF0_D1_S01_1__069_M_GA30_BW1100_PA36_DG2_PF0_D1_S03_1|canonical,COph100,canonical,rectangle,ok,False,4.296853306432235,True,False
COph100/069/069_M_GA30_BW1100_PA32_DG1_PF0_D1_S01_1__069_M_GA30_BW1100_PA36_DG2_PF0_D1_S03_1|canonical,COph100,canonical,fov,ok,False,4.296853306432235,True,False
COph100/069/069_M_GA30_BW1100_PA36_DG2_PF0_D1_S03_1__069_M_GA30_BW1100_PA43_DG9_PF0_D1_S04_1|canonical,COph100,canonical,none,ok,False,8.800782119698606,True,False
COph100/069/069_M_GA30_BW1100_PA36_DG2_PF0_D1_S03_1__069_M_GA30_BW1100_PA43_DG9_PF0_D1_S04_1|canonical,COph100,canonical,rectangle,ok,False,8.800782119698606,True,False
COph100/069/069_M_GA30_BW1100_PA36_DG2_PF0_D1_S03_1__069_M_GA30_BW1100_PA43_DG9_PF0_D1_S04_1|canonical,COph100,canonical,fov,ok,False,8.800782119698606,True,False
COph100/070-1/070_M_GA32_BW1830_PA35_DG0_PF0_D1_S02_5__070_M_GA32_BW1830_PA37_DG0_PF0_D1_S03_8|canonical,COph100,canonical,none,ok,False,2.1947345648737193,False,False
COph100/070-1/070_M_GA32_BW1830_PA35_DG0_PF0_D1_S02_5__070_M_GA32_BW1830_PA37_DG0_PF0_D1_S03_8|canonical,COph100,canonical,rectangle,ok,False,2.1947345648737193,False,False
COph100/070-1/070_M_GA32_BW1830_PA35_DG0_PF0_D1_S02_5__070_M_GA32_BW1830_PA37_DG0_PF0_D1_S03_8|canonical,COph100,canonical,fov,ok,False,2.1947345648737193,False,False
COph100/070/070_M_GA32_BW1830_PA33_DG0_PF0_D1_S01_1__070_M_GA32_BW1830_PA37_DG0_PF0_D1_S03_3|canonical,COph100,canonical,none,ok,False,10.1608033293615,True,False
COph100/070/070_M_GA32_BW1830_PA33_DG0_PF0_D1_S01_1__070_M_GA32_BW1830_PA37_DG0_PF0_D1_S03_3|canonical,COph100,canonical,rectangle,ok,False,10.1608033293615,True,False
COph100/070/070_M_GA32_BW1830_PA33_DG0_PF0_D1_S01_1__070_M_GA32_BW1830_PA37_DG0_PF0_D1_S03_3|canonical,COph100,canonical,fov,ok,False,10.1608033293615,True,False
COph100/070/070_M_GA32_BW1830_PA37_DG0_PF0_D1_S03_3__070_M_GA32_BW1830_PA40_DG0_PF0_D1_S04_2|canonical,COph100,canonical,none,ok,False,8.991595866269135,True,False
COph100/070/070_M_GA32_BW1830_PA37_DG0_PF0_D1_S03_3__070_M_GA32_BW1830_PA40_DG0_PF0_D1_S04_2|canonical,COph100,canonical,rectangle,ok,False,8.991595866269135,True,False
COph100/070/070_M_GA32_BW1830_PA37_DG0_PF0_D1_S03_3__070_M_GA32_BW1830_PA40_DG0_PF0_D1_S04_2|canonical,COph100,canonical,fov,ok,False,8.991595866269135,True,False
COph100/071-1/071_F_GA32_BW1660_PA35_DG0_PF0_D1_S02_6__071_F_GA32_BW1660_PA37_DG0_PF0_D1_S03_7|canonical,COph100,canonical,none,ok,False,4.954935251408673,True,False
COph100/071-1/071_F_GA32_BW1660_PA35_DG0_PF0_D1_S02_6__071_F_GA32_BW1660_PA37_DG0_PF0_D1_S03_7|canonical,COph100,canonical,rectangle,ok,False,4.954935251408673,True,False
COph100/071-1/071_F_GA32_BW1660_PA35_DG0_PF0_D1_S02_6__071_F_GA32_BW1660_PA37_DG0_PF0_D1_S03_7|canonical,COph100,canonical,fov,ok,False,4.954935251408673,True,False
COph100/071/071_F_GA32_BW1660_PA33_DG0_PF0_D1_S01_2__071_F_GA32_BW1660_PA37_DG0_PF0_D1_S03_3|canonical,COph100,canonical,none,ok,False,12.268495276834292,True,False
COph100/071/071_F_GA32_BW1660_PA33_DG0_PF0_D1_S01_2__071_F_GA32_BW1660_PA37_DG0_PF0_D1_S03_3|canonical,COph100,canonical,rectangle,ok,False,12.268495276834292,True,False
COph100/071/071_F_GA32_BW1660_PA33_DG0_PF0_D1_S01_2__071_F_GA32_BW1660_PA37_DG0_PF0_D1_S03_3|canonical,COph100,canonical,fov,ok,False,12.268495276834292,True,False
COph100/071/071_F_GA32_BW1660_PA37_DG0_PF0_D1_S03_3__071_F_GA32_BW1660_PA40_DG0_PF0_D1_S04_2|canonical,COph100,canonical,none,ok,False,3.0489083654360143,False,False
COph100/071/071_F_GA32_BW1660_PA37_DG0_PF0_D1_S03_3__071_F_GA32_BW1660_PA40_DG0_PF0_D1_S04_2|canonical,COph100,canonical,rectangle,ok,False,3.0489083654360143,False,False
COph100/071/071_F_GA32_BW1660_PA37_DG0_PF0_D1_S03_3__071_F_GA32_BW1660_PA40_DG0_PF0_D1_S04_2|canonical,COph100,canonical,fov,ok,False,3.0489083654360143,False,False
COph100/076/076_M_GA33_BW1470_PA35_DG0_PF0_D1_S01_4__076_M_GA33_BW1470_PA37_DG0_PF0_D1_S02_2|canonical,COph100,canonical,none,ok,False,2.829125255918738,False,False
COph100/076/076_M_GA33_BW1470_PA35_DG0_PF0_D1_S01_4__076_M_GA33_BW1470_PA37_DG0_PF0_D1_S02_2|canonical,COph100,canonical,rectangle,ok,False,2.829125255918738,False,False
COph100/076/076_M_GA33_BW1470_PA35_DG0_PF0_D1_S01_4__076_M_GA33_BW1470_PA37_DG0_PF0_D1_S02_2|canonical,COph100,canonical,fov,ok,False,2.829125255918738,False,False
FIRE/A01|official,FIRE,reverse,none,ok,False,3.8833204745702203,False,False
FIRE/A01|official,FIRE,reverse,rectangle,ok,False,3.8833204745702203,False,False
FIRE/A01|official,FIRE,reverse,fov,ok,False,3.8833204745702203,False,False
FIRE/A03|official,FIRE,reverse,none,ok,False,6.217693143104419,False,False
FIRE/A03|official,FIRE,reverse,rectangle,ok,False,6.217693143104419,False,False
FIRE/A03|official,FIRE,reverse,fov,ok,False,6.217693143104419,False,False
FIRE/A05|official,FIRE,reverse,none,ok,False,7.0476131317166635,False,False
FIRE/A05|official,FIRE,reverse,rectangle,ok,False,7.0476131317166635,False,False
FIRE/A05|official,FIRE,reverse,fov,ok,False,7.0476131317166635,False,False
FIRE/A07|official,FIRE,reverse,none,ok,False,8.140018881969814,False,False
FIRE/A07|official,FIRE,reverse,rectangle,ok,False,8.140018881969814,False,False
FIRE/A07|official,FIRE,reverse,fov,ok,False,8.140018881969814,False,False
FIRE/A09|official,FIRE,reverse,none,ok,False,6.352305878837224,False,False
FIRE/A09|official,FIRE,reverse,rectangle,ok,False,6.352305878837224,False,False
FIRE/A09|official,FIRE,reverse,fov,ok,False,6.352305878837224,False,False
FIRE/A11|official,FIRE,reverse,none,ok,False,2.796295868384891,False,False
FIRE/A11|official,FIRE,reverse,rectangle,ok,False,2.796295868384891,False,False
FIRE/A11|official,FIRE,reverse,fov,ok,False,2.796295868384891,False,False
FIRE/A13|official,FIRE,reverse,none,ok,False,5.38991388492691,False,False
FIRE/A13|official,FIRE,reverse,rectangle,ok,False,5.38991388492691,False,False
FIRE/A13|official,FIRE,reverse,fov,ok,False,5.38991388492691,False,False
FIRE/P01|official,FIRE,reverse,none,ok,False,9.905170473554078,False,False
FIRE/P01|official,FIRE,reverse,rectangle,ok,False,9.905170473554078,False,False
FIRE/P01|official,FIRE,reverse,fov,ok,False,9.905170473554078,False,False
FIRE/P03|official,FIRE,reverse,none,ok,False,10.024588877773878,False,False
FIRE/P03|official,FIRE,reverse,rectangle,ok,False,10.024588877773878,False,False
FIRE/P03|official,FIRE,reverse,fov,ok,False,10.024588877773878,False,False
FIRE/P05|official,FIRE,reverse,none,ok,False,25.10048617150547,True,False
FIRE/P05|official,FIRE,reverse,rectangle,ok,False,25.10048617150547,True,False
FIRE/P05|official,FIRE,reverse,fov,ok,False,25.10048617150547,True,False
FIRE/P07|official,FIRE,reverse,none,ok,False,14.802738258367844,False,False
FIRE/P07|official,FIRE,reverse,rectangle,ok,False,14.802738258367844,False,False
FIRE/P07|official,FIRE,reverse,fov,ok,False,14.802738258367844,False,False
FIRE/P09|official,FIRE,reverse,none,ok,False,34.33995536198021,True,False
FIRE/P09|official,FIRE,reverse,rectangle,ok,False,34.33995536198021,True,False
FIRE/P09|official,FIRE,reverse,fov,ok,False,34.33995536198021,True,False
FIRE/P11|official,FIRE,reverse,none,ok,False,17.9943676286669,False,False
FIRE/P11|official,FIRE,reverse,rectangle,ok,False,17.9943676286669,False,False
FIRE/P11|official,FIRE,reverse,fov,ok,False,17.9943676286669,False,False
FIRE/P13|official,FIRE,reverse,none,ok,False,12.640790622254341,False,False
FIRE/P13|official,FIRE,reverse,rectangle,ok,False,12.640790622254341,False,False
FIRE/P13|official,FIRE,reverse,fov,ok,False,12.640790622254341,False,False
FIRE/P15|official,FIRE,reverse,none,ok,False,15.950603995155484,False,False
FIRE/P15|official,FIRE,reverse,rectangle,ok,False,15.950603995155484,False,False
FIRE/P15|official,FIRE,reverse,fov,ok,False,15.950603995155484,False,False
FIRE/P17|official,FIRE,reverse,none,ok,False,27.61934489107218,True,False
FIRE/P17|official,FIRE,reverse,rectangle,ok,False,27.61934489107218,True,False
FIRE/P17|official,FIRE,reverse,fov,ok,False,27.61934489107218,True,False
FIRE/P19|official,FIRE,reverse,none,ok,False,10.96672030045687,False,False
FIRE/P19|official,FIRE,reverse,rectangle,ok,False,10.96672030045687,False,False
FIRE/P19|official,FIRE,reverse,fov,ok,False,10.96672030045687,False,False
FIRE/P21|official,FIRE,reverse,none,ok,False,15.441207780979298,False,False
FIRE/P21|official,FIRE,reverse,rectangle,ok,False,15.441207780979298,False,False
FIRE/P21|official,FIRE,reverse,fov,ok,False,15.441207780979298,False,False
FIRE/P23|official,FIRE,reverse,none,ok,False,17.062171942288373,False,False
FIRE/P23|official,FIRE,reverse,rectangle,ok,False,17.062171942288373,False,False
FIRE/P23|official,FIRE,reverse,fov,ok,False,17.062171942288373,False,False
FIRE/P25|official,FIRE,reverse,none,ok,False,11.111268949717362,False,False
FIRE/P25|official,FIRE,reverse,rectangle,ok,False,11.111268949717362,False,False
FIRE/P25|official,FIRE,reverse,fov,ok,False,11.111268949717362,False,False
FIRE/P27|official,FIRE,reverse,none,ok,False,16.468513889096478,False,False
FIRE/P27|official,FIRE,reverse,rectangle,ok,False,16.468513889096478,False,False
FIRE/P27|official,FIRE,reverse,fov,ok,False,16.468513889096478,False,False
FIRE/P29|official,FIRE,reverse,none,ok,False,12.951588239139676,False,False
FIRE/P29|official,FIRE,reverse,rectangle,ok,False,12.951588239139676,False,False
FIRE/P29|official,FIRE,reverse,fov,ok,False,12.951588239139676,False,False
FIRE/P31|official,FIRE,reverse,none,ok,False,21.503543447641228,True,False
FIRE/P31|official,FIRE,reverse,rectangle,ok,False,21.503543447641228,True,False
FIRE/P31|official,FIRE,reverse,fov,ok,False,21.503543447641228,True,False
FIRE/P33|official,FIRE,reverse,none,ok,False,14.42816314994494,False,False
FIRE/P33|official,FIRE,reverse,rectangle,ok,False,14.42816314994494,False,False
FIRE/P33|official,FIRE,reverse,fov,ok,False,14.42816314994494,False,False
FIRE/P35|official,FIRE,reverse,none,ok,False,26.50816343512045,True,False
FIRE/P35|official,FIRE,reverse,rectangle,ok,False,26.50816343512045,True,False
FIRE/P35|official,FIRE,reverse,fov,ok,False,26.50816343512045,True,False
FIRE/P37|official,FIRE,reverse,none,ok,False,26.219184419763167,True,False
FIRE/P37|official,FIRE,reverse,rectangle,ok,False,26.219184419763167,True,False
FIRE/P37|official,FIRE,reverse,fov,ok,False,26.219184419763167,True,False
FIRE/P39|official,FIRE,reverse,none,ok,False,10.43886546307102,False,False
FIRE/P39|official,FIRE,reverse,rectangle,ok,False,10.43886546307102,False,False
FIRE/P39|official,FIRE,reverse,fov,ok,False,10.43886546307102,False,False
FIRE/P41|official,FIRE,reverse,none,ok,False,31.318042970383154,True,False
FIRE/P41|official,FIRE,reverse,rectangle,ok,False,31.318042970383154,True,False
FIRE/P41|official,FIRE,reverse,fov,ok,False,31.318042970383154,True,False
FIRE/P43|official,FIRE,reverse,none,ok,False,38.80791916783272,True,False
FIRE/P43|official,FIRE,reverse,rectangle,ok,False,38.80791916783272,True,False
FIRE/P43|official,FIRE,reverse,fov,ok,False,38.80791916783272,True,False
FIRE/P45|official,FIRE,reverse,none,ok,False,9.918450973197414,False,False
FIRE/P45|official,FIRE,reverse,rectangle,ok,False,9.918450973197414,False,False
FIRE/P45|official,FIRE,reverse,fov,ok,False,9.918450973197414,False,False
FIRE/P47|official,FIRE,reverse,none,ok,False,10.519641157905031,False,False
FIRE/P47|official,FIRE,reverse,rectangle,ok,False,10.519641157905031,False,False
FIRE/P47|official,FIRE,reverse,fov,ok,False,10.519641157905031,False,False
FIRE/P49|official,FIRE,reverse,none,ok,False,14.22125941063491,False,False
FIRE/P49|official,FIRE,reverse,rectangle,ok,False,14.22125941063491,False,False
FIRE/P49|official,FIRE,reverse,fov,ok,False,14.22125941063491,False,False
FIRE/S02|official,FIRE,reverse,none,ok,False,3.417678602663931,False,False
FIRE/S02|official,FIRE,reverse,rectangle,ok,False,3.417678602663931,False,False
FIRE/S02|official,FIRE,reverse,fov,ok,False,3.417678602663931,False,False
FIRE/S04|official,FIRE,reverse,none,ok,False,1.7150093465900025,False,False
FIRE/S04|official,FIRE,reverse,rectangle,ok,False,1.7150093465900025,False,False
FIRE/S04|official,FIRE,reverse,fov,ok,False,1.7150093465900025,False,False
FIRE/S06|official,FIRE,reverse,none,ok,False,1.4230716827131449,False,False
FIRE/S06|official,FIRE,reverse,rectangle,ok,False,1.4230716827131449,False,False
FIRE/S06|official,FIRE,reverse,fov,ok,False,1.4230716827131449,False,False
FIRE/S08|official,FIRE,reverse,none,ok,False,1.3844613690363659,False,False
FIRE/S08|official,FIRE,reverse,rectangle,ok,False,1.3844613690363659,False,False
FIRE/S08|official,FIRE,reverse,fov,ok,False,1.3844613690363659,False,False
FIRE/S10|official,FIRE,reverse,none,ok,False,3.1410168167106733,False,False
FIRE/S10|official,FIRE,reverse,rectangle,ok,False,3.1410168167106733,False,False
FIRE/S10|official,FIRE,reverse,fov,ok,False,3.1410168167106733,False,False
FIRE/S12|official,FIRE,reverse,none,ok,False,1.320375268529117,False,False
FIRE/S12|official,FIRE,reverse,rectangle,ok,False,1.320375268529117,False,False
FIRE/S12|official,FIRE,reverse,fov,ok,False,1.320375268529117,False,False
FIRE/S14|official,FIRE,reverse,none,ok,False,2.127856323368921,False,False
FIRE/S14|official,FIRE,reverse,rectangle,ok,False,2.127856323368921,False,False
FIRE/S14|official,FIRE,reverse,fov,ok,False,2.127856323368921,False,False
FIRE/S16|official,FIRE,reverse,none,ok,False,2.210608959763715,False,False
FIRE/S16|official,FIRE,reverse,rectangle,ok,False,2.210608959763715,False,False
FIRE/S16|official,FIRE,reverse,fov,ok,False,2.210608959763715,False,False
FIRE/S18|official,FIRE,reverse,none,ok,False,2.005817715138978,False,False
FIRE/S18|official,FIRE,reverse,rectangle,ok,False,2.005817715138978,False,False
FIRE/S18|official,FIRE,reverse,fov,ok,False,2.005817715138978,False,False
FIRE/S20|official,FIRE,reverse,none,ok,False,2.198973217444328,False,False
FIRE/S20|official,FIRE,reverse,rectangle,ok,False,2.198973217444328,False,False
FIRE/S20|official,FIRE,reverse,fov,ok,False,2.198973217444328,False,False
FIRE/S22|official,FIRE,reverse,none,ok,False,1.246801098081649,False,False
FIRE/S22|official,FIRE,reverse,rectangle,ok,False,1.246801098081649,False,False
FIRE/S22|official,FIRE,reverse,fov,ok,False,1.246801098081649,False,False
FIRE/S24|official,FIRE,reverse,none,ok,False,3.010472425069974,False,False
FIRE/S24|official,FIRE,reverse,rectangle,ok,False,3.010472425069974,False,False
FIRE/S24|official,FIRE,reverse,fov,ok,False,3.010472425069974,False,False
FIRE/S26|official,FIRE,reverse,none,ok,False,2.4272414202871433,False,False
FIRE/S26|official,FIRE,reverse,rectangle,ok,False,2.4272414202871433,False,False
FIRE/S26|official,FIRE,reverse,fov,ok,False,2.4272414202871433,False,False
FIRE/S28|official,FIRE,reverse,none,ok,False,1.8920890326549116,False,False
FIRE/S28|official,FIRE,reverse,rectangle,ok,False,1.8920890326549116,False,False
FIRE/S28|official,FIRE,reverse,fov,ok,False,1.8920890326549116,False,False
FIRE/S30|official,FIRE,reverse,none,ok,False,1.6370516651160845,False,False
FIRE/S30|official,FIRE,reverse,rectangle,ok,False,1.6370516651160845,False,False
FIRE/S30|official,FIRE,reverse,fov,ok,False,1.6370516651160845,False,False
FIRE/S32|official,FIRE,reverse,none,ok,False,2.1120491664391876,False,False
FIRE/S32|official,FIRE,reverse,rectangle,ok,False,2.1120491664391876,False,False
FIRE/S32|official,FIRE,reverse,fov,ok,False,2.1120491664391876,False,False
FIRE/S34|official,FIRE,reverse,none,ok,False,2.020552815464799,False,False
FIRE/S34|official,FIRE,reverse,rectangle,ok,False,2.020552815464799,False,False
FIRE/S34|official,FIRE,reverse,fov,ok,False,2.020552815464799,False,False
FIRE/S36|official,FIRE,reverse,none,ok,False,1.1363586480728687,False,False
FIRE/S36|official,FIRE,reverse,rectangle,ok,False,1.1363586480728687,False,False
FIRE/S36|official,FIRE,reverse,fov,ok,False,1.1363586480728687,False,False
FIRE/S38|official,FIRE,reverse,none,ok,False,2.066625174582217,False,False
FIRE/S38|official,FIRE,reverse,rectangle,ok,False,2.066625174582217,False,False
FIRE/S38|official,FIRE,reverse,fov,ok,False,2.066625174582217,False,False
FIRE/S40|official,FIRE,reverse,none,ok,False,1.0086917255463796,False,False
FIRE/S40|official,FIRE,reverse,rectangle,ok,False,1.0086917255463796,False,False
FIRE/S40|official,FIRE,reverse,fov,ok,False,1.0086917255463796,False,False
FIRE/S42|official,FIRE,reverse,none,ok,False,1.676041073941089,False,False
FIRE/S42|official,FIRE,reverse,rectangle,ok,False,1.676041073941089,False,False
FIRE/S42|official,FIRE,reverse,fov,ok,False,1.676041073941089,False,False
FIRE/S44|official,FIRE,reverse,none,ok,False,2.2202090218106956,False,False
FIRE/S44|official,FIRE,reverse,rectangle,ok,False,2.2202090218106956,False,False
FIRE/S44|official,FIRE,reverse,fov,ok,False,2.2202090218106956,False,False
FIRE/S46|official,FIRE,reverse,none,ok,False,2.783247339556715,False,False
FIRE/S46|official,FIRE,reverse,rectangle,ok,False,2.783247339556715,False,False
FIRE/S46|official,FIRE,reverse,fov,ok,False,2.783247339556715,False,False
FIRE/S48|official,FIRE,reverse,none,ok,False,2.050435991913676,False,False
FIRE/S48|official,FIRE,reverse,rectangle,ok,False,2.050435991913676,False,False
FIRE/S48|official,FIRE,reverse,fov,ok,False,2.050435991913676,False,False
FIRE/S50|official,FIRE,reverse,none,ok,False,1.9481166118677087,False,False
FIRE/S50|official,FIRE,reverse,rectangle,ok,False,1.9481166118677087,False,False
FIRE/S50|official,FIRE,reverse,fov,ok,False,1.9481166118677087,False,False
FIRE/S52|official,FIRE,reverse,none,ok,False,1.8329625215971803,False,False
FIRE/S52|official,FIRE,reverse,rectangle,ok,False,1.8329625215971803,False,False
FIRE/S52|official,FIRE,reverse,fov,ok,False,1.8329625215971803,False,False
FIRE/S54|official,FIRE,reverse,none,ok,False,3.069696748514684,False,False
FIRE/S54|official,FIRE,reverse,rectangle,ok,False,3.069696748514684,False,False
FIRE/S54|official,FIRE,reverse,fov,ok,False,3.069696748514684,False,False
FIRE/S56|official,FIRE,reverse,none,ok,False,1.906624083200478,False,False
FIRE/S56|official,FIRE,reverse,rectangle,ok,False,1.906624083200478,False,False
FIRE/S56|official,FIRE,reverse,fov,ok,False,1.906624083200478,False,False
FIRE/S58|official,FIRE,reverse,none,ok,False,2.6152564003863987,False,False
FIRE/S58|official,FIRE,reverse,rectangle,ok,False,2.6152564003863987,False,False
FIRE/S58|official,FIRE,reverse,fov,ok,False,2.6152564003863987,False,False
FIRE/S60|official,FIRE,reverse,none,ok,False,2.5820364822394044,False,False
FIRE/S60|official,FIRE,reverse,rectangle,ok,False,2.5820364822394044,False,False
FIRE/S60|official,FIRE,reverse,fov,ok,False,2.5820364822394044,False,False
FIRE/S62|official,FIRE,reverse,none,ok,False,2.148704976429381,False,False
FIRE/S62|official,FIRE,reverse,rectangle,ok,False,2.148704976429381,False,False
FIRE/S62|official,FIRE,reverse,fov,ok,False,2.148704976429381,False,False
FIRE/S64|official,FIRE,reverse,none,ok,False,1.9683104499488973,False,False
FIRE/S64|official,FIRE,reverse,rectangle,ok,False,1.9683104499488973,False,False
FIRE/S64|official,FIRE,reverse,fov,ok,False,1.9683104499488973,False,False
FIRE/S66|official,FIRE,reverse,none,ok,False,1.0674403854379586,False,False
FIRE/S66|official,FIRE,reverse,rectangle,ok,False,1.0674403854379586,False,False
FIRE/S66|official,FIRE,reverse,fov,ok,False,1.0674403854379586,False,False
FIRE/S68|official,FIRE,reverse,none,ok,False,1.1171234675388129,False,False
FIRE/S68|official,FIRE,reverse,rectangle,ok,False,1.1171234675388129,False,False
FIRE/S68|official,FIRE,reverse,fov,ok,False,1.1171234675388129,False,False
FIRE/S70|official,FIRE,reverse,none,ok,False,2.68790131810068,False,False
FIRE/S70|official,FIRE,reverse,rectangle,ok,False,2.68790131810068,False,False
FIRE/S70|official,FIRE,reverse,fov,ok,False,2.68790131810068,False,False
COph100/001/001_F_GA41_BW2905_PA44_DG11_PF0_D1_S01_11__001_F_GA41_BW2905_PA50_DG11_PF0_D1_S03_8|canonical,COph100,canonical,none,invalid_transform,False,,True,False
COph100/001/001_F_GA41_BW2905_PA44_DG11_PF0_D1_S01_11__001_F_GA41_BW2905_PA50_DG11_PF0_D1_S03_8|canonical,COph100,canonical,rectangle,ok,False,2.4814304164103342,False,False
COph100/001/001_F_GA41_BW2905_PA44_DG11_PF0_D1_S01_11__001_F_GA41_BW2905_PA50_DG11_PF0_D1_S03_8|canonical,COph100,canonical,fov,degenerate_fit,False,,True,False
COph100/002-1/002_M_GA40_BW4040_PA43_DG11_PF0_D1_S02_12__002_M_GA40_BW4040_PA45_DG11_PF0_D1_S03_6|canonical,COph100,canonical,none,degenerate_fit,False,,True,False
COph100/002-1/002_M_GA40_BW4040_PA43_DG11_PF0_D1_S02_12__002_M_GA40_BW4040_PA45_DG11_PF0_D1_S03_6|canonical,COph100,canonical,rectangle,ok,False,3.137176385845935,False,False
COph100/002-1/002_M_GA40_BW4040_PA43_DG11_PF0_D1_S02_12__002_M_GA40_BW4040_PA45_DG11_PF0_D1_S03_6|canonical,COph100,canonical,fov,degenerate_fit,False,,True,False
COph100/003-1/003_F_GA41_BW3950_PA42_DG11_PF0_D1_S01_1__003_F_GA41_BW3950_PA56_DG11_PF0_D1_S02_4|canonical,COph100,canonical,none,ok,False,26.96280539877584,True,False
COph100/003-1/003_F_GA41_BW3950_PA42_DG11_PF0_D1_S01_1__003_F_GA41_BW3950_PA56_DG11_PF0_D1_S02_4|canonical,COph100,canonical,rectangle,ok,False,26.96280539877584,True,False
COph100/003-1/003_F_GA41_BW3950_PA42_DG11_PF0_D1_S01_1__003_F_GA41_BW3950_PA56_DG11_PF0_D1_S02_4|canonical,COph100,canonical,fov,ok,False,26.96280539877584,True,False
COph100/005-1/005_F_GA41_BW3400_PA45_DG11_PF0_D1_S01_1__005_F_GA41_BW3400_PA52_DG11_PF0_D1_S03_5|canonical,COph100,canonical,none,ok,False,8.799026180370845,True,False
COph100/005-1/005_F_GA41_BW3400_PA45_DG11_PF0_D1_S01_1__005_F_GA41_BW3400_PA52_DG11_PF0_D1_S03_5|canonical,COph100,canonical,rectangle,ok,False,8.799026180370845,True,False
COph100/005-1/005_F_GA41_BW3400_PA45_DG11_PF0_D1_S01_1__005_F_GA41_BW3400_PA52_DG11_PF0_D1_S03_5|canonical,COph100,canonical,fov,ok,False,8.799026180370845,True,False
COph100/005/005_F_GA41_BW3400_PA48_DG11_PF0_D1_S02_9__005_F_GA41_BW3400_PA52_DG11_PF0_D1_S03_2|canonical,COph100,canonical,none,ok,False,3.925726361186957,False,False
COph100/005/005_F_GA41_BW3400_PA48_DG11_PF0_D1_S02_9__005_F_GA41_BW3400_PA52_DG11_PF0_D1_S03_2|canonical,COph100,canonical,rectangle,ok,False,3.925726361186957,False,False
COph100/005/005_F_GA41_BW3400_PA48_DG11_PF0_D1_S02_9__005_F_GA41_BW3400_PA52_DG11_PF0_D1_S03_2|canonical,COph100,canonical,fov,ok,False,3.925726361186957,False,False
COph100/008-1/008_F_GA39_BW2700_PA40_DG11_PF0_D1_S01_10__008_F_GA39_BW2700_PA41_DG11_PF0_D1_S02_17|canonical,COph100,canonical,none,ok,False,2.204038811333452,False,False
COph100/008-1/008_F_GA39_BW2700_PA40_DG11_PF0_D1_S01_10__008_F_GA39_BW2700_PA41_DG11_PF0_D1_S02_17|canonical,COph100,canonical,rectangle,ok,False,2.204038811333452,False,False
COph100/008-1/008_F_GA39_BW2700_PA40_DG11_PF0_D1_S01_10__008_F_GA39_BW2700_PA41_DG11_PF0_D1_S02_17|canonical,COph100,canonical,fov,ok,False,2.204038811333452,False,False
COph100/008-1/008_F_GA39_BW2700_PA41_DG11_PF0_D1_S02_17__008_F_GA39_BW2700_PA47_DG11_PF0_D1_S04_2|canonical,COph100,canonical,none,degenerate_fit,False,,True,False
COph100/008-1/008_F_GA39_BW2700_PA41_DG11_PF0_D1_S02_17__008_F_GA39_BW2700_PA47_DG11_PF0_D1_S04_2|canonical,COph100,canonical,rectangle,ok,False,4.156922161806122,True,False
COph100/008-1/008_F_GA39_BW2700_PA41_DG11_PF0_D1_S02_17__008_F_GA39_BW2700_PA47_DG11_PF0_D1_S04_2|canonical,COph100,canonical,fov,degenerate_fit,False,,True,False
COph100/008/008_F_GA39_BW2700_PA40_DG11_PF0_D1_S01_6__008_F_GA39_BW2700_PA47_DG11_PF0_D1_S04_8|canonical,COph100,canonical,none,ok,False,6.419694546027442,True,False
COph100/008/008_F_GA39_BW2700_PA40_DG11_PF0_D1_S01_6__008_F_GA39_BW2700_PA47_DG11_PF0_D1_S04_8|canonical,COph100,canonical,rectangle,ok,False,6.419694546027442,True,False
COph100/008/008_F_GA39_BW2700_PA40_DG11_PF0_D1_S01_6__008_F_GA39_BW2700_PA47_DG11_PF0_D1_S04_8|canonical,COph100,canonical,fov,ok,False,6.419694546027442,True,False
COph100/009-1/009_M_GA38_BW2850_PA39_DG11_PF0_D1_S01_4__009_M_GA38_BW2850_PA42_DG11_PF0_D1_S02_1|canonical,COph100,canonical,none,degenerate_fit,False,,True,False
COph100/009-1/009_M_GA38_BW2850_PA39_DG11_PF0_D1_S01_4__009_M_GA38_BW2850_PA42_DG11_PF0_D1_S02_1|canonical,COph100,canonical,rectangle,degenerate_fit,False,,True,False
COph100/009-1/009_M_GA38_BW2850_PA39_DG11_PF0_D1_S01_4__009_M_GA38_BW2850_PA42_DG11_PF0_D1_S02_1|canonical,COph100,canonical,fov,degenerate_fit,False,,True,False
COph100/010/010_M_GA39_BW3550_PA39_DG11_PF0_D1_S01_2__010_M_GA39_BW3550_PA53_DG11_PF0_D1_S04_7|canonical,COph100,canonical,none,ok,False,6.798127010246324,True,False
COph100/010/010_M_GA39_BW3550_PA39_DG11_PF0_D1_S01_2__010_M_GA39_BW3550_PA53_DG11_PF0_D1_S04_7|canonical,COph100,canonical,rectangle,ok,False,6.798127010246324,True,False
COph100/010/010_M_GA39_BW3550_PA39_DG11_PF0_D1_S01_2__010_M_GA39_BW3550_PA53_DG11_PF0_D1_S04_7|canonical,COph100,canonical,fov,ok,False,6.798127010246324,True,False
COph100/010/010_M_GA39_BW3550_PA45_DG11_PF0_D1_S02_6__010_M_GA39_BW3550_PA60_DG11_PF0_D1_S05_3|canonical,COph100,canonical,none,ok,False,50.67609782092346,True,True
COph100/010/010_M_GA39_BW3550_PA45_DG11_PF0_D1_S02_6__010_M_GA39_BW3550_PA60_DG11_PF0_D1_S05_3|canonical,COph100,canonical,rectangle,ok,False,11.790324978047796,True,False
COph100/010/010_M_GA39_BW3550_PA45_DG11_PF0_D1_S02_6__010_M_GA39_BW3550_PA60_DG11_PF0_D1_S05_3|canonical,COph100,canonical,fov,ok,False,19.80478579159753,True,True
COph100/011-1/011_M_GA40_BW3510_PA72_DG10_PF0_D1_S01_9__011_M_GA40_BW3510_PA113_DG10_PF0_D1_S03_12|canonical,COph100,canonical,none,ok,False,3.377178434427455,False,False
COph100/011-1/011_M_GA40_BW3510_PA72_DG10_PF0_D1_S01_9__011_M_GA40_BW3510_PA113_DG10_PF0_D1_S03_12|canonical,COph100,canonical,rectangle,ok,False,3.377178434427455,False,False
COph100/011-1/011_M_GA40_BW3510_PA72_DG10_PF0_D1_S01_9__011_M_GA40_BW3510_PA113_DG10_PF0_D1_S03_12|canonical,COph100,canonical,fov,ok,False,3.377178434427455,False,False
COph100/011/011_M_GA40_BW3510_PA72_DG10_PF0_D1_S01_1__011_M_GA40_BW3510_PA89_DG10_PF0_D1_S02_14|canonical,COph100,canonical,none,ok,False,64.20937041659428,True,True
COph100/011/011_M_GA40_BW3510_PA72_DG10_PF0_D1_S01_1__011_M_GA40_BW3510_PA89_DG10_PF0_D1_S02_14|canonical,COph100,canonical,rectangle,degenerate_fit,False,,True,False
COph100/011/011_M_GA40_BW3510_PA72_DG10_PF0_D1_S01_1__011_M_GA40_BW3510_PA89_DG10_PF0_D1_S02_14|canonical,COph100,canonical,fov,ok,False,64.20937041659428,True,True
COph100/013-1/013_F_GA39_BW3390_PA40_DG11_PF0_D1_S01_9__013_F_GA39_BW3390_PA42_DG11_PF0_D1_S02_6|canonical,COph100,canonical,none,degenerate_fit,False,,True,False
COph100/013-1/013_F_GA39_BW3390_PA40_DG11_PF0_D1_S01_9__013_F_GA39_BW3390_PA42_DG11_PF0_D1_S02_6|canonical,COph100,canonical,rectangle,ok,False,127.53301219065357,True,False
COph100/013-1/013_F_GA39_BW3390_PA40_DG11_PF0_D1_S01_9__013_F_GA39_BW3390_PA42_DG11_PF0_D1_S02_6|canonical,COph100,canonical,fov,ok,False,248.5060050136767,True,True
COph100/013/013_F_GA39_BW3390_PA40_DG11_PF0_D1_S01_4__013_F_GA39_BW3390_PA45_DG11_PF0_D1_S03_11|canonical,COph100,canonical,none,ok,False,3.397545831759717,False,False
COph100/013/013_F_GA39_BW3390_PA40_DG11_PF0_D1_S01_4__013_F_GA39_BW3390_PA45_DG11_PF0_D1_S03_11|canonical,COph100,canonical,rectangle,ok,False,3.397545831759717,False,False
COph100/013/013_F_GA39_BW3390_PA40_DG11_PF0_D1_S01_4__013_F_GA39_BW3390_PA45_DG11_PF0_D1_S03_11|canonical,COph100,canonical,fov,ok,False,3.397545831759717,False,False
COph100/016/016_F_GA36_BW2960_PA36_DG11_PF0_D1_S01_4__016_F_GA36_BW2960_PA41_DG11_PF0_D1_S02_3|canonical,COph100,canonical,none,degenerate_fit,False,,True,False
COph100/016/016_F_GA36_BW2960_PA36_DG11_PF0_D1_S01_4__016_F_GA36_BW2960_PA41_DG11_PF0_D1_S02_3|canonical,COph100,canonical,rectangle,ok,False,12.289232307715471,True,False
COph100/016/016_F_GA36_BW2960_PA36_DG11_PF0_D1_S01_4__016_F_GA36_BW2960_PA41_DG11_PF0_D1_S02_3|canonical,COph100,canonical,fov,degenerate_fit,False,,True,False
COph100/019/019_M_GA35_BW3050_PA38_DG11_PF0_D1_S01_2__019_M_GA35_BW3050_PA53_DG11_PF0_D1_S04_2|canonical,COph100,canonical,none,degenerate_fit,False,,True,False
COph100/019/019_M_GA35_BW3050_PA38_DG11_PF0_D1_S01_2__019_M_GA35_BW3050_PA53_DG11_PF0_D1_S04_2|canonical,COph100,canonical,rectangle,ok,False,8.768603272573856,True,False
COph100/019/019_M_GA35_BW3050_PA38_DG11_PF0_D1_S01_2__019_M_GA35_BW3050_PA53_DG11_PF0_D1_S04_2|canonical,COph100,canonical,fov,degenerate_fit,False,,True,False
COph100/020/020_F_GA39_BW3600_PA42_DG11_PF0_D1_S01_3__020_F_GA39_BW3600_PA54_DG11_PF0_D1_S03_1|canonical,COph100,canonical,none,ok,False,6.075283935068149,True,False
COph100/020/020_F_GA39_BW3600_PA42_DG11_PF0_D1_S01_3__020_F_GA39_BW3600_PA54_DG11_PF0_D1_S03_1|canonical,COph100,canonical,rectangle,ok,False,6.075283935068149,True,False
COph100/020/020_F_GA39_BW3600_PA42_DG11_PF0_D1_S01_3__020_F_GA39_BW3600_PA54_DG11_PF0_D1_S03_1|canonical,COph100,canonical,fov,ok,False,6.075283935068149,True,False
COph100/021-1/021_M_GA41_BW3670_PA43_DG11_PF0_D1_S02_1__021_M_GA41_BW3670_PA47_DG11_PF0_D1_S03_7|canonical,COph100,canonical,none,ok,False,2.8622003369196953,False,False
COph100/021-1/021_M_GA41_BW3670_PA43_DG11_PF0_D1_S02_1__021_M_GA41_BW3670_PA47_DG11_PF0_D1_S03_7|canonical,COph100,canonical,rectangle,ok,False,2.8622003369196953,False,False
COph100/021-1/021_M_GA41_BW3670_PA43_DG11_PF0_D1_S02_1__021_M_GA41_BW3670_PA47_DG11_PF0_D1_S03_7|canonical,COph100,canonical,fov,ok,False,2.8622003369196953,False,False
COph100/022-1/022_M_GA40_BW3400_PA41_DG11_PF0_D1_S01_9__022_M_GA40_BW3400_PA44_DG11_PF0_D1_S02_3|canonical,COph100,canonical,none,ok,False,3.408822640864595,False,False
COph100/022-1/022_M_GA40_BW3400_PA41_DG11_PF0_D1_S01_9__022_M_GA40_BW3400_PA44_DG11_PF0_D1_S02_3|canonical,COph100,canonical,rectangle,ok,False,3.408822640864595,False,False
COph100/022-1/022_M_GA40_BW3400_PA41_DG11_PF0_D1_S01_9__022_M_GA40_BW3400_PA44_DG11_PF0_D1_S02_3|canonical,COph100,canonical,fov,ok,False,3.408822640864595,False,False
COph100/024/024_F_GA39_BW3290_PA39_DG11_PF0_D1_S01_3__024_F_GA39_BW3290_PA44_DG11_PF0_D1_S02_3|canonical,COph100,canonical,none,no_matches,False,,True,False
COph100/024/024_F_GA39_BW3290_PA39_DG11_PF0_D1_S01_3__024_F_GA39_BW3290_PA44_DG11_PF0_D1_S02_3|canonical,COph100,canonical,rectangle,no_matches,False,,True,False
COph100/024/024_F_GA39_BW3290_PA39_DG11_PF0_D1_S01_3__024_F_GA39_BW3290_PA44_DG11_PF0_D1_S02_3|canonical,COph100,canonical,fov,no_matches,False,,True,False
COph100/026-1/026_M_GA33_BW1700_PA34_DG11_PF0_D1_S01_10__026_M_GA33_BW1700_PA38_DG11_PF0_D1_S03_15|canonical,COph100,canonical,none,ok,False,9.386834112965634,True,False
COph100/026-1/026_M_GA33_BW1700_PA34_DG11_PF0_D1_S01_10__026_M_GA33_BW1700_PA38_DG11_PF0_D1_S03_15|canonical,COph100,canonical,rectangle,ok,False,9.386834112965634,True,False
COph100/026-1/026_M_GA33_BW1700_PA34_DG11_PF0_D1_S01_10__026_M_GA33_BW1700_PA38_DG11_PF0_D1_S03_15|canonical,COph100,canonical,fov,ok,False,9.386834112965634,True,False
COph100/026-1/026_M_GA33_BW1700_PA36_DG11_PF0_D1_S02_6__026_M_GA33_BW1700_PA40_DG11_PF0_D1_S04_1|canonical,COph100,canonical,none,ok,False,74.2258521753656,True,False
COph100/026-1/026_M_GA33_BW1700_PA36_DG11_PF0_D1_S02_6__026_M_GA33_BW1700_PA40_DG11_PF0_D1_S04_1|canonical,COph100,canonical,rectangle,ok,False,74.2258521753656,True,False
COph100/026-1/026_M_GA33_BW1700_PA36_DG11_PF0_D1_S02_6__026_M_GA33_BW1700_PA40_DG11_PF0_D1_S04_1|canonical,COph100,canonical,fov,ok,False,74.2258521753656,True,False
COph100/026-1/026_M_GA33_BW1700_PA40_DG11_PF0_D1_S04_1__026_M_GA33_BW1700_PA42_DG11_PF0_D1_S05_6|canonical,COph100,canonical,none,ok,False,4.109362039483202,True,False
COph100/026-1/026_M_GA33_BW1700_PA40_DG11_PF0_D1_S04_1__026_M_GA33_BW1700_PA42_DG11_PF0_D1_S05_6|canonical,COph100,canonical,rectangle,ok,False,4.109362039483202,True,False
COph100/026-1/026_M_GA33_BW1700_PA40_DG11_PF0_D1_S04_1__026_M_GA33_BW1700_PA42_DG11_PF0_D1_S05_6|canonical,COph100,canonical,fov,ok,False,4.109362039483202,True,False
COph100/026/026_M_GA33_BW1700_PA34_DG11_PF0_D1_S01_2__026_M_GA33_BW1700_PA42_DG11_PF0_D1_S05_8|canonical,COph100,canonical,none,degenerate_fit,False,,True,False
COph100/026/026_M_GA33_BW1700_PA34_DG11_PF0_D1_S01_2__026_M_GA33_BW1700_PA42_DG11_PF0_D1_S05_8|canonical,COph100,canonical,rectangle,ok,False,21.70558057941121,True,False
COph100/026/026_M_GA33_BW1700_PA34_DG11_PF0_D1_S01_2__026_M_GA33_BW1700_PA42_DG11_PF0_D1_S05_8|canonical,COph100,canonical,fov,degenerate_fit,False,,True,False
COph100/026/026_M_GA33_BW1700_PA38_DG11_PF0_D1_S03_2__026_M_GA33_BW1700_PA40_DG11_PF0_D1_S04_11|canonical,COph100,canonical,none,degenerate_fit,False,,True,False
COph100/026/026_M_GA33_BW1700_PA38_DG11_PF0_D1_S03_2__026_M_GA33_BW1700_PA40_DG11_PF0_D1_S04_11|canonical,COph100,canonical,rectangle,degenerate_fit,False,,True,False
COph100/026/026_M_GA33_BW1700_PA38_DG11_PF0_D1_S03_2__026_M_GA33_BW1700_PA40_DG11_PF0_D1_S04_11|canonical,COph100,canonical,fov,degenerate_fit,False,,True,False
COph100/027/027_F_GA31_BW1460_PA33_DG11_PF0_D1_S01_4__027_F_GA31_BW1460_PA37_DG11_PF0_D1_S03_5|canonical,COph100,canonical,none,ok,False,67.72439072508091,True,False
COph100/027/027_F_GA31_BW1460_PA33_DG11_PF0_D1_S01_4__027_F_GA31_BW1460_PA37_DG11_PF0_D1_S03_5|canonical,COph100,canonical,rectangle,ok,False,67.72439072508091,True,False
COph100/027/027_F_GA31_BW1460_PA33_DG11_PF0_D1_S01_4__027_F_GA31_BW1460_PA37_DG11_PF0_D1_S03_5|canonical,COph100,canonical,fov,ok,False,67.72439072508091,True,False
COph100/027/027_F_GA31_BW1460_PA37_DG11_PF0_D1_S03_5__027_F_GA31_BW1460_PA40_DG11_PF0_D1_S04_7|canonical,COph100,canonical,none,degenerate_fit,False,,True,False
COph100/027/027_F_GA31_BW1460_PA37_DG11_PF0_D1_S03_5__027_F_GA31_BW1460_PA40_DG11_PF0_D1_S04_7|canonical,COph100,canonical,rectangle,ok,False,3.1988945821164334,False,False
COph100/027/027_F_GA31_BW1460_PA37_DG11_PF0_D1_S03_5__027_F_GA31_BW1460_PA40_DG11_PF0_D1_S04_7|canonical,COph100,canonical,fov,degenerate_fit,False,,True,False
COph100/028/028_F_GA32_BW1760_PA33_DG0_PF0_D1_S01_2__028_F_GA32_BW1760_PA38_DG0_PF0_D1_S02_3|canonical,COph100,canonical,none,ok,False,7.023365877487606,True,False
COph100/028/028_F_GA32_BW1760_PA33_DG0_PF0_D1_S01_2__028_F_GA32_BW1760_PA38_DG0_PF0_D1_S02_3|canonical,COph100,canonical,rectangle,ok,False,7.023365877487606,True,False
COph100/028/028_F_GA32_BW1760_PA33_DG0_PF0_D1_S01_2__028_F_GA32_BW1760_PA38_DG0_PF0_D1_S02_3|canonical,COph100,canonical,fov,ok,False,7.023365877487606,True,False
COph100/031-1/031_M_GA25_BW910_PA32_DG2_PF0_D1_S01_6__031_M_GA25_BW910_PA34_DG3_PF0_D1_S03_4|canonical,COph100,canonical,none,no_matches,False,,True,False
COph100/031-1/031_M_GA25_BW910_PA32_DG2_PF0_D1_S01_6__031_M_GA25_BW910_PA34_DG3_PF0_D1_S03_4|canonical,COph100,canonical,rectangle,no_matches,False,,True,False
COph100/031-1/031_M_GA25_BW910_PA32_DG2_PF0_D1_S01_6__031_M_GA25_BW910_PA34_DG3_PF0_D1_S03_4|canonical,COph100,canonical,fov,no_matches,False,,True,False
COph100/031-1/031_M_GA25_BW910_PA32_DG2_PF0_D1_S01_6__031_M_GA25_BW910_PA38_DG3_PF0_D1_S07_3|canonical,COph100,canonical,none,no_matches,False,,True,False
COph100/031-1/031_M_GA25_BW910_PA32_DG2_PF0_D1_S01_6__031_M_GA25_BW910_PA38_DG3_PF0_D1_S07_3|canonical,COph100,canonical,rectangle,no_matches,False,,True,False
COph100/031-1/031_M_GA25_BW910_PA32_DG2_PF0_D1_S01_6__031_M_GA25_BW910_PA38_DG3_PF0_D1_S07_3|canonical,COph100,canonical,fov,no_matches,False,,True,False
COph100/031-1/031_M_GA25_BW910_PA33_DG3_PF0_D1_S02_8__031_M_GA25_BW910_PA35_DG3_PF0_D1_S04_7|canonical,COph100,canonical,none,degenerate_fit,False,,True,False
COph100/031-1/031_M_GA25_BW910_PA33_DG3_PF0_D1_S02_8__031_M_GA25_BW910_PA35_DG3_PF0_D1_S04_7|canonical,COph100,canonical,rectangle,ok,False,2.8208876358856694,False,False
COph100/031-1/031_M_GA25_BW910_PA33_DG3_PF0_D1_S02_8__031_M_GA25_BW910_PA35_DG3_PF0_D1_S04_7|canonical,COph100,canonical,fov,degenerate_fit,False,,True,False
COph100/031-1/031_M_GA25_BW910_PA33_DG3_PF0_D1_S02_8__031_M_GA25_BW910_PA40_DG2_PF0_D1_S08_4|canonical,COph100,canonical,none,degenerate_fit,False,,True,False
COph100/031-1/031_M_GA25_BW910_PA33_DG3_PF0_D1_S02_8__031_M_GA25_BW910_PA40_DG2_PF0_D1_S08_4|canonical,COph100,canonical,rectangle,ok,False,11.258355602272173,True,False
COph100/031-1/031_M_GA25_BW910_PA33_DG3_PF0_D1_S02_8__031_M_GA25_BW910_PA40_DG2_PF0_D1_S08_4|canonical,COph100,canonical,fov,degenerate_fit,False,,True,False
COph100/031-1/031_M_GA25_BW910_PA34_DG3_PF0_D1_S03_4__031_M_GA25_BW910_PA37_DG3_PF0_D1_S06_10|canonical,COph100,canonical,none,ok,False,2.752940824485406,False,False
COph100/031-1/031_M_GA25_BW910_PA34_DG3_PF0_D1_S03_4__031_M_GA25_BW910_PA37_DG3_PF0_D1_S06_10|canonical,COph100,canonical,rectangle,ok,False,2.752940824485406,False,False
COph100/031-1/031_M_GA25_BW910_PA34_DG3_PF0_D1_S03_4__031_M_GA25_BW910_PA37_DG3_PF0_D1_S06_10|canonical,COph100,canonical,fov,ok,False,2.752940824485406,False,False
COph100/031-1/031_M_GA25_BW910_PA35_DG3_PF0_D1_S04_7__031_M_GA25_BW910_PA36_DG3_PF0_D1_S05_10|canonical,COph100,canonical,none,degenerate_fit,False,,True,False
COph100/031-1/031_M_GA25_BW910_PA35_DG3_PF0_D1_S04_7__031_M_GA25_BW910_PA36_DG3_PF0_D1_S05_10|canonical,COph100,canonical,rectangle,ok,False,5.880655791136919,True,False
COph100/031-1/031_M_GA25_BW910_PA35_DG3_PF0_D1_S04_7__031_M_GA25_BW910_PA36_DG3_PF0_D1_S05_10|canonical,COph100,canonical,fov,degenerate_fit,False,,True,False
COph100/031-1/031_M_GA25_BW910_PA35_DG3_PF0_D1_S04_7__031_M_GA25_BW910_PA43_DG9_PF0_D1_S09_4|canonical,COph100,canonical,none,ok,False,4.035816860314899,True,False
COph100/031-1/031_M_GA25_BW910_PA35_DG3_PF0_D1_S04_7__031_M_GA25_BW910_PA43_DG9_PF0_D1_S09_4|canonical,COph100,canonical,rectangle,ok,False,4.035816860314899,True,False
COph100/031-1/031_M_GA25_BW910_PA35_DG3_PF0_D1_S04_7__031_M_GA25_BW910_PA43_DG9_PF0_D1_S09_4|canonical,COph100,canonical,fov,ok,False,4.035816860314899,True,False
COph100/031-1/031_M_GA25_BW910_PA36_DG3_PF0_D1_S05_10__031_M_GA25_BW910_PA43_DG9_PF0_D1_S09_4|canonical,COph100,canonical,none,ok,False,9.392624239609543,True,False
COph100/031-1/031_M_GA25_BW910_PA36_DG3_PF0_D1_S05_10__031_M_GA25_BW910_PA43_DG9_PF0_D1_S09_4|canonical,COph100,canonical,rectangle,ok,False,9.392624239609543,True,False
COph100/031-1/031_M_GA25_BW910_PA36_DG3_PF0_D1_S05_10__031_M_GA25_BW910_PA43_DG9_PF0_D1_S09_4|canonical,COph100,canonical,fov,ok,False,9.392624239609543,True,False
COph100/031-1/031_M_GA25_BW910_PA38_DG3_PF0_D1_S07_3__031_M_GA25_BW910_PA40_DG2_PF0_D1_S08_4|canonical,COph100,canonical,none,degenerate_fit,False,,True,False
COph100/031-1/031_M_GA25_BW910_PA38_DG3_PF0_D1_S07_3__031_M_GA25_BW910_PA40_DG2_PF0_D1_S08_4|canonical,COph100,canonical,rectangle,ok,False,2.079917005509295,False,False
COph100/031-1/031_M_GA25_BW910_PA38_DG3_PF0_D1_S07_3__031_M_GA25_BW910_PA40_DG2_PF0_D1_S08_4|canonical,COph100,canonical,fov,degenerate_fit,False,,True,False
COph100/031/031_M_GA25_BW910_PA32_DG2_PF0_D1_S01_1__031_M_GA25_BW910_PA34_DG3_PF0_D1_S03_11|canonical,COph100,canonical,none,ok,False,151.27466074929913,True,True
COph100/031/031_M_GA25_BW910_PA32_DG2_PF0_D1_S01_1__031_M_GA25_BW910_PA34_DG3_PF0_D1_S03_11|canonical,COph100,canonical,rectangle,ok,False,72.21070514519538,True,False
COph100/031/031_M_GA25_BW910_PA32_DG2_PF0_D1_S01_1__031_M_GA25_BW910_PA34_DG3_PF0_D1_S03_11|canonical,COph100,canonical,fov,ok,False,72.21070514519538,True,False
COph100/031/031_M_GA25_BW910_PA32_DG2_PF0_D1_S01_1__031_M_GA25_BW910_PA38_DG3_PF0_D1_S07_5|canonical,COph100,canonical,none,ok,False,12.773065122057517,True,False
COph100/031/031_M_GA25_BW910_PA32_DG2_PF0_D1_S01_1__031_M_GA25_BW910_PA38_DG3_PF0_D1_S07_5|canonical,COph100,canonical,rectangle,ok,False,12.773065122057517,True,False
COph100/031/031_M_GA25_BW910_PA32_DG2_PF0_D1_S01_1__031_M_GA25_BW910_PA38_DG3_PF0_D1_S07_5|canonical,COph100,canonical,fov,ok,False,12.773065122057517,True,False
COph100/031/031_M_GA25_BW910_PA33_DG3_PF0_D1_S02_1__031_M_GA25_BW910_PA35_DG3_PF0_D1_S04_1|canonical,COph100,canonical,none,degenerate_fit,False,,True,False
COph100/031/031_M_GA25_BW910_PA33_DG3_PF0_D1_S02_1__031_M_GA25_BW910_PA35_DG3_PF0_D1_S04_1|canonical,COph100,canonical,rectangle,ok,False,9.40680422155163,True,False
COph100/031/031_M_GA25_BW910_PA33_DG3_PF0_D1_S02_1__031_M_GA25_BW910_PA35_DG3_PF0_D1_S04_1|canonical,COph100,canonical,fov,degenerate_fit,False,,True,False
COph100/031/031_M_GA25_BW910_PA33_DG3_PF0_D1_S02_1__031_M_GA25_BW910_PA40_DG2_PF0_D1_S08_6|canonical,COph100,canonical,none,ok,False,36.375466328698074,True,False
COph100/031/031_M_GA25_BW910_PA33_DG3_PF0_D1_S02_1__031_M_GA25_BW910_PA40_DG2_PF0_D1_S08_6|canonical,COph100,canonical,rectangle,ok,False,36.375466328698074,True,False
COph100/031/031_M_GA25_BW910_PA33_DG3_PF0_D1_S02_1__031_M_GA25_BW910_PA40_DG2_PF0_D1_S08_6|canonical,COph100,canonical,fov,ok,False,36.375466328698074,True,False
COph100/031/031_M_GA25_BW910_PA34_DG3_PF0_D1_S03_11__031_M_GA25_BW910_PA37_DG3_PF0_D1_S06_3|canonical,COph100,canonical,none,ok,False,3.5914412255922223,False,False
COph100/031/031_M_GA25_BW910_PA34_DG3_PF0_D1_S03_11__031_M_GA25_BW910_PA37_DG3_PF0_D1_S06_3|canonical,COph100,canonical,rectangle,ok,False,3.5914412255922223,False,False
COph100/031/031_M_GA25_BW910_PA34_DG3_PF0_D1_S03_11__031_M_GA25_BW910_PA37_DG3_PF0_D1_S06_3|canonical,COph100,canonical,fov,ok,False,3.5914412255922223,False,False
COph100/031/031_M_GA25_BW910_PA35_DG3_PF0_D1_S04_1__031_M_GA25_BW910_PA36_DG3_PF0_D1_S05_6|canonical,COph100,canonical,none,ok,False,2.911080823805802,False,False
COph100/031/031_M_GA25_BW910_PA35_DG3_PF0_D1_S04_1__031_M_GA25_BW910_PA36_DG3_PF0_D1_S05_6|canonical,COph100,canonical,rectangle,ok,False,2.911080823805802,False,False
COph100/031/031_M_GA25_BW910_PA35_DG3_PF0_D1_S04_1__031_M_GA25_BW910_PA36_DG3_PF0_D1_S05_6|canonical,COph100,canonical,fov,ok,False,2.911080823805802,False,False
COph100/031/031_M_GA25_BW910_PA35_DG3_PF0_D1_S04_1__031_M_GA25_BW910_PA43_DG9_PF0_D1_S09_8|canonical,COph100,canonical,none,ok,False,10.51667603725206,True,False
COph100/031/031_M_GA25_BW910_PA35_DG3_PF0_D1_S04_1__031_M_GA25_BW910_PA43_DG9_PF0_D1_S09_8|canonical,COph100,canonical,rectangle,ok,False,10.51667603725206,True,False
COph100/031/031_M_GA25_BW910_PA35_DG3_PF0_D1_S04_1__031_M_GA25_BW910_PA43_DG9_PF0_D1_S09_8|canonical,COph100,canonical,fov,ok,False,10.51667603725206,True,False
COph100/031/031_M_GA25_BW910_PA36_DG3_PF0_D1_S05_6__031_M_GA25_BW910_PA43_DG9_PF0_D1_S09_8|canonical,COph100,canonical,none,ok,False,4.521395175008267,True,False
COph100/031/031_M_GA25_BW910_PA36_DG3_PF0_D1_S05_6__031_M_GA25_BW910_PA43_DG9_PF0_D1_S09_8|canonical,COph100,canonical,rectangle,ok,False,4.521395175008267,True,False
COph100/031/031_M_GA25_BW910_PA36_DG3_PF0_D1_S05_6__031_M_GA25_BW910_PA43_DG9_PF0_D1_S09_8|canonical,COph100,canonical,fov,ok,False,4.521395175008267,True,False
COph100/031/031_M_GA25_BW910_PA38_DG3_PF0_D1_S07_5__031_M_GA25_BW910_PA40_DG2_PF0_D1_S08_6|canonical,COph100,canonical,none,ok,False,3.5084732726070547,False,False
COph100/031/031_M_GA25_BW910_PA38_DG3_PF0_D1_S07_5__031_M_GA25_BW910_PA40_DG2_PF0_D1_S08_6|canonical,COph100,canonical,rectangle,ok,False,3.5084732726070547,False,False
COph100/031/031_M_GA25_BW910_PA38_DG3_PF0_D1_S07_5__031_M_GA25_BW910_PA40_DG2_PF0_D1_S08_6|canonical,COph100,canonical,fov,ok,False,3.5084732726070547,False,False
COph100/033/033_M_GA30_BW1250_PA31_DG0_PF0_D1_S01_2__033_M_GA30_BW1250_PA36_DG0_PF0_D1_S03_7|canonical,COph100,canonical,none,ok,False,9.980024010485874,True,False
COph100/033/033_M_GA30_BW1250_PA31_DG0_PF0_D1_S01_2__033_M_GA30_BW1250_PA36_DG0_PF0_D1_S03_7|canonical,COph100,canonical,rectangle,ok,False,9.980024010485874,True,False
COph100/033/033_M_GA30_BW1250_PA31_DG0_PF0_D1_S01_2__033_M_GA30_BW1250_PA36_DG0_PF0_D1_S03_7|canonical,COph100,canonical,fov,ok,False,9.980024010485874,True,False
COph100/040/040_M_GA32_BW1770_PA36_DG12_PF0_D1_S01_5__040_M_GA32_BW1770_PA38_DG12_PF0_D1_S02_2|canonical,COph100,canonical,none,ok,False,2.917439953575021,False,False
COph100/040/040_M_GA32_BW1770_PA36_DG12_PF0_D1_S01_5__040_M_GA32_BW1770_PA38_DG12_PF0_D1_S02_2|canonical,COph100,canonical,rectangle,ok,False,2.917439953575021,False,False
COph100/040/040_M_GA32_BW1770_PA36_DG12_PF0_D1_S01_5__040_M_GA32_BW1770_PA38_DG12_PF0_D1_S02_2|canonical,COph100,canonical,fov,ok,False,2.917439953575021,False,False
COph100/040/040_M_GA32_BW1770_PA38_DG12_PF0_D1_S02_2__040_M_GA32_BW1770_PA55_DG12_PF0_D1_S04_2|canonical,COph100,canonical,none,degenerate_fit,False,,True,False
COph100/040/040_M_GA32_BW1770_PA38_DG12_PF0_D1_S02_2__040_M_GA32_BW1770_PA55_DG12_PF0_D1_S04_2|canonical,COph100,canonical,rectangle,degenerate_fit,False,,True,False
COph100/040/040_M_GA32_BW1770_PA38_DG12_PF0_D1_S02_2__040_M_GA32_BW1770_PA55_DG12_PF0_D1_S04_2|canonical,COph100,canonical,fov,degenerate_fit,False,,True,False
COph100/041/041_M_GA32_BW1770_PA36_DG0_PF0_D1_S01_2__041_M_GA32_BW1770_PA55_DG0_PF0_D1_S04_4|canonical,COph100,canonical,none,ok,False,25.415260812720938,True,False
COph100/041/041_M_GA32_BW1770_PA36_DG0_PF0_D1_S01_2__041_M_GA32_BW1770_PA55_DG0_PF0_D1_S04_4|canonical,COph100,canonical,rectangle,ok,False,25.415260812720938,True,False
COph100/041/041_M_GA32_BW1770_PA36_DG0_PF0_D1_S01_2__041_M_GA32_BW1770_PA55_DG0_PF0_D1_S04_4|canonical,COph100,canonical,fov,ok,False,25.415260812720938,True,False
COph100/044-1/044_F_GA31_BW1370_PA34_DG0_PF0_D1_S01_5__044_F_GA31_BW1370_PA35_DG0_PF0_D1_S02_6|canonical,COph100,canonical,none,degenerate_fit,False,,True,False
COph100/044-1/044_F_GA31_BW1370_PA34_DG0_PF0_D1_S01_5__044_F_GA31_BW1370_PA35_DG0_PF0_D1_S02_6|canonical,COph100,canonical,rectangle,ok,False,5.388037563981362,True,False
COph100/044-1/044_F_GA31_BW1370_PA34_DG0_PF0_D1_S01_5__044_F_GA31_BW1370_PA35_DG0_PF0_D1_S02_6|canonical,COph100,canonical,fov,degenerate_fit,False,,True,False
COph100/044/044_F_GA31_BW1370_PA34_DG0_PF0_D1_S01_1__044_F_GA31_BW1370_PA42_DG0_PF0_D1_S03_3|canonical,COph100,canonical,none,degenerate_fit,False,,True,False
COph100/044/044_F_GA31_BW1370_PA34_DG0_PF0_D1_S01_1__044_F_GA31_BW1370_PA42_DG0_PF0_D1_S03_3|canonical,COph100,canonical,rectangle,ok,False,184.25314158699572,True,False
COph100/044/044_F_GA31_BW1370_PA34_DG0_PF0_D1_S01_1__044_F_GA31_BW1370_PA42_DG0_PF0_D1_S03_3|canonical,COph100,canonical,fov,degenerate_fit,False,,True,False
COph100/047-1/047_F_GA32_BW1730_PA33_DG0_PF0_D1_S01_6__047_F_GA32_BW1730_PA38_DG0_PF0_D1_S02_4|canonical,COph100,canonical,none,ok,False,9.403085191649577,True,False
COph100/047-1/047_F_GA32_BW1730_PA33_DG0_PF0_D1_S01_6__047_F_GA32_BW1730_PA38_DG0_PF0_D1_S02_4|canonical,COph100,canonical,rectangle,ok,False,9.403085191649577,True,False
COph100/047-1/047_F_GA32_BW1730_PA33_DG0_PF0_D1_S01_6__047_F_GA32_BW1730_PA38_DG0_PF0_D1_S02_4|canonical,COph100,canonical,fov,ok,False,9.403085191649577,True,False
COph100/047/047_F_GA32_BW1730_PA33_DG0_PF0_D1_S01_1__047_F_GA32_BW1730_PA40_DG0_PF0_D1_S03_7|canonical,COph100,canonical,none,degenerate_fit,False,,True,False
COph100/047/047_F_GA32_BW1730_PA33_DG0_PF0_D1_S01_1__047_F_GA32_BW1730_PA40_DG0_PF0_D1_S03_7|canonical,COph100,canonical,rectangle,ok,False,9.649047849092366,True,False
COph100/047/047_F_GA32_BW1730_PA33_DG0_PF0_D1_S01_1__047_F_GA32_BW1730_PA40_DG0_PF0_D1_S03_7|canonical,COph100,canonical,fov,degenerate_fit,False,,True,False
COph100/048-1/048_F_GA32_BW1680_PA38_DG0_PF0_D1_S02_2__048_F_GA32_BW1680_PA40_DG0_PF0_D1_S03_2|canonical,COph100,canonical,none,ok,False,2.4667791462442703,False,False
COph100/048-1/048_F_GA32_BW1680_PA38_DG0_PF0_D1_S02_2__048_F_GA32_BW1680_PA40_DG0_PF0_D1_S03_2|canonical,COph100,canonical,rectangle,ok,False,2.4667791462442703,False,False
COph100/048-1/048_F_GA32_BW1680_PA38_DG0_PF0_D1_S02_2__048_F_GA32_BW1680_PA40_DG0_PF0_D1_S03_2|canonical,COph100,canonical,fov,ok,False,2.4667791462442703,False,False
COph100/049-1/049_F_GA30_BW1220_PA32_DG0_PF0_D1_S01_9__049_F_GA30_BW1220_PA34_DG0_PF0_D1_S02_6|canonical,COph100,canonical,none,ok,False,3.824011010563618,False,False
COph100/049-1/049_F_GA30_BW1220_PA32_DG0_PF0_D1_S01_9__049_F_GA30_BW1220_PA34_DG0_PF0_D1_S02_6|canonical,COph100,canonical,rectangle,ok,False,3.824011010563618,False,False
COph100/049-1/049_F_GA30_BW1220_PA32_DG0_PF0_D1_S01_9__049_F_GA30_BW1220_PA34_DG0_PF0_D1_S02_6|canonical,COph100,canonical,fov,ok,False,3.824011010563618,False,False
COph100/049/049_F_GA30_BW1220_PA32_DG0_PF0_D1_S01_4__049_F_GA30_BW1220_PA36_DG0_PF0_D1_S03_1|canonical,COph100,canonical,none,ok,False,20.284577327392476,True,False
COph100/049/049_F_GA30_BW1220_PA32_DG0_PF0_D1_S01_4__049_F_GA30_BW1220_PA36_DG0_PF0_D1_S03_1|canonical,COph100,canonical,rectangle,ok,False,20.284577327392476,True,False
COph100/049/049_F_GA30_BW1220_PA32_DG0_PF0_D1_S01_4__049_F_GA30_BW1220_PA36_DG0_PF0_D1_S03_1|canonical,COph100,canonical,fov,ok,False,20.284577327392476,True,False
COph100/050-1/050_M_GA32_BW1790_PA38_DG0_PF0_D1_S02_8__050_M_GA32_BW1790_PA41_DG0_PF0_D1_S03_3|canonical,COph100,canonical,none,ok,False,5.417281568984118,True,False
COph100/050-1/050_M_GA32_BW1790_PA38_DG0_PF0_D1_S02_8__050_M_GA32_BW1790_PA41_DG0_PF0_D1_S03_3|canonical,COph100,canonical,rectangle,ok,False,5.417281568984118,True,False
COph100/050-1/050_M_GA32_BW1790_PA38_DG0_PF0_D1_S02_8__050_M_GA32_BW1790_PA41_DG0_PF0_D1_S03_3|canonical,COph100,canonical,fov,ok,False,5.417281568984118,True,False
COph100/051-1/051_F_GA24_BW600_PA35_DG3_PF0_D1_S01_10__051_F_GA24_BW600_PA36_DG3_PF0_D1_S02_11|canonical,COph100,canonical,none,ok,False,2.246354306579962,False,False
COph100/051-1/051_F_GA24_BW600_PA35_DG3_PF0_D1_S01_10__051_F_GA24_BW600_PA36_DG3_PF0_D1_S02_11|canonical,COph100,canonical,rectangle,ok,False,2.246354306579962,False,False
COph100/051-1/051_F_GA24_BW600_PA35_DG3_PF0_D1_S01_10__051_F_GA24_BW600_PA36_DG3_PF0_D1_S02_11|canonical,COph100,canonical,fov,ok,False,2.246354306579962,False,False
COph100/051-1/051_F_GA24_BW600_PA36_DG3_PF0_D1_S02_11__051_F_GA24_BW600_PA46_DG9_PF0_D1_S04_2|canonical,COph100,canonical,none,ok,False,21.160680399904784,True,False
COph100/051-1/051_F_GA24_BW600_PA36_DG3_PF0_D1_S02_11__051_F_GA24_BW600_PA46_DG9_PF0_D1_S04_2|canonical,COph100,canonical,rectangle,ok,False,21.160680399904784,True,False
COph100/051-1/051_F_GA24_BW600_PA36_DG3_PF0_D1_S02_11__051_F_GA24_BW600_PA46_DG9_PF0_D1_S04_2|canonical,COph100,canonical,fov,ok,False,21.160680399904784,True,False
COph100/051/051_F_GA24_BW600_PA35_DG3_PF0_D1_S01_6__051_F_GA24_BW600_PA46_DG9_PF0_D1_S04_8|canonical,COph100,canonical,none,ok,False,295.7618625756703,True,True
COph100/051/051_F_GA24_BW600_PA35_DG3_PF0_D1_S01_6__051_F_GA24_BW600_PA46_DG9_PF0_D1_S04_8|canonical,COph100,canonical,rectangle,ok,False,42.13508564194446,True,False
COph100/051/051_F_GA24_BW600_PA35_DG3_PF0_D1_S01_6__051_F_GA24_BW600_PA46_DG9_PF0_D1_S04_8|canonical,COph100,canonical,fov,ok,False,42.13508564194446,True,False
COph100/052-1/052_M_GA26_BW820_PA31_DG1_PF0_D1_S01_6__052_M_GA26_BW820_PA32_DG2_PF0_D1_S02_7|canonical,COph100,canonical,none,ok,False,4.356290660592768,True,False
COph100/052-1/052_M_GA26_BW820_PA31_DG1_PF0_D1_S01_6__052_M_GA26_BW820_PA32_DG2_PF0_D1_S02_7|canonical,COph100,canonical,rectangle,ok,False,4.356290660592768,True,False
COph100/052-1/052_M_GA26_BW820_PA31_DG1_PF0_D1_S01_6__052_M_GA26_BW820_PA32_DG2_PF0_D1_S02_7|canonical,COph100,canonical,fov,ok,False,4.356290660592768,True,False
COph100/052-1/052_M_GA26_BW820_PA31_DG1_PF0_D1_S01_6__052_M_GA26_BW820_PA42_DG3_PF0_D1_S06_4|canonical,COph100,canonical,none,ok,False,794.6623098355406,True,True
COph100/052-1/052_M_GA26_BW820_PA31_DG1_PF0_D1_S01_6__052_M_GA26_BW820_PA42_DG3_PF0_D1_S06_4|canonical,COph100,canonical,rectangle,ok,False,116.80191700916635,True,False
COph100/052-1/052_M_GA26_BW820_PA31_DG1_PF0_D1_S01_6__052_M_GA26_BW820_PA42_DG3_PF0_D1_S06_4|canonical,COph100,canonical,fov,ok,False,1056.7427847745812,True,True
COph100/052-1/052_M_GA26_BW820_PA32_DG2_PF0_D1_S02_7__052_M_GA26_BW820_PA34_DG3_PF0_D1_S04_7|canonical,COph100,canonical,none,degenerate_fit,False,,True,False
COph100/052-1/052_M_GA26_BW820_PA32_DG2_PF0_D1_S02_7__052_M_GA26_BW820_PA34_DG3_PF0_D1_S04_7|canonical,COph100,canonical,rectangle,ok,False,8.224627933686136,True,False
COph100/052-1/052_M_GA26_BW820_PA32_DG2_PF0_D1_S02_7__052_M_GA26_BW820_PA34_DG3_PF0_D1_S04_7|canonical,COph100,canonical,fov,degenerate_fit,False,,True,False
COph100/052-1/052_M_GA26_BW820_PA32_DG2_PF0_D1_S02_7__052_M_GA26_BW820_PA75_DG9_PF0_D1_S08_8|canonical,COph100,canonical,none,no_matches,False,,True,False
COph100/052-1/052_M_GA26_BW820_PA32_DG2_PF0_D1_S02_7__052_M_GA26_BW820_PA75_DG9_PF0_D1_S08_8|canonical,COph100,canonical,rectangle,no_matches,False,,True,False
COph100/052-1/052_M_GA26_BW820_PA32_DG2_PF0_D1_S02_7__052_M_GA26_BW820_PA75_DG9_PF0_D1_S08_8|canonical,COph100,canonical,fov,no_matches,False,,True,False
COph100/052-1/052_M_GA26_BW820_PA33_DG3_PF0_D1_S03_6__052_M_GA26_BW820_PA46_DG2_PF0_D1_S07_2|canonical,COph100,canonical,none,ok,False,8.20088621084401,True,False
COph100/052-1/052_M_GA26_BW820_PA33_DG3_PF0_D1_S03_6__052_M_GA26_BW820_PA46_DG2_PF0_D1_S07_2|canonical,COph100,canonical,rectangle,ok,False,8.20088621084401,True,False
COph100/052-1/052_M_GA26_BW820_PA33_DG3_PF0_D1_S03_6__052_M_GA26_BW820_PA46_DG2_PF0_D1_S07_2|canonical,COph100,canonical,fov,ok,False,8.20088621084401,True,False
COph100/052-1/052_M_GA26_BW820_PA34_DG3_PF0_D1_S04_7__052_M_GA26_BW820_PA46_DG2_PF0_D1_S07_2|canonical,COph100,canonical,none,ok,False,8.222046328293045,True,False
COph100/052-1/052_M_GA26_BW820_PA34_DG3_PF0_D1_S04_7__052_M_GA26_BW820_PA46_DG2_PF0_D1_S07_2|canonical,COph100,canonical,rectangle,ok,False,8.222046328293045,True,False
COph100/052-1/052_M_GA26_BW820_PA34_DG3_PF0_D1_S04_7__052_M_GA26_BW820_PA46_DG2_PF0_D1_S07_2|canonical,COph100,canonical,fov,ok,False,8.222046328293045,True,False
COph100/052-1/052_M_GA26_BW820_PA36_DG3_PF0_D1_S05_8__052_M_GA26_BW820_PA75_DG9_PF0_D1_S08_8|canonical,COph100,canonical,none,ok,False,47.00930788297052,True,False
COph100/052-1/052_M_GA26_BW820_PA36_DG3_PF0_D1_S05_8__052_M_GA26_BW820_PA75_DG9_PF0_D1_S08_8|canonical,COph100,canonical,rectangle,ok,False,47.00930788297052,True,False
COph100/052-1/052_M_GA26_BW820_PA36_DG3_PF0_D1_S05_8__052_M_GA26_BW820_PA75_DG9_PF0_D1_S08_8|canonical,COph100,canonical,fov,ok,False,47.00930788297052,True,False
COph100/052/052_M_GA26_BW820_PA31_DG1_PF0_D1_S01_3__052_M_GA26_BW820_PA32_DG2_PF0_D1_S02_3|canonical,COph100,canonical,none,ok,False,3.523086963723398,False,False
COph100/052/052_M_GA26_BW820_PA31_DG1_PF0_D1_S01_3__052_M_GA26_BW820_PA32_DG2_PF0_D1_S02_3|canonical,COph100,canonical,rectangle,ok,False,3.523086963723398,False,False
COph100/052/052_M_GA26_BW820_PA31_DG1_PF0_D1_S01_3__052_M_GA26_BW820_PA32_DG2_PF0_D1_S02_3|canonical,COph100,canonical,fov,ok,False,3.523086963723398,False,False
COph100/052/052_M_GA26_BW820_PA31_DG1_PF0_D1_S01_3__052_M_GA26_BW820_PA42_DG3_PF0_D1_S06_14|canonical,COph100,canonical,none,no_matches,False,,True,False
COph100/052/052_M_GA26_BW820_PA31_DG1_PF0_D1_S01_3__052_M_GA26_BW820_PA42_DG3_PF0_D1_S06_14|canonical,COph100,canonical,rectangle,no_matches,False,,True,False
COph100/052/052_M_GA26_BW820_PA31_DG1_PF0_D1_S01_3__052_M_GA26_BW820_PA42_DG3_PF0_D1_S06_14|canonical,COph100,canonical,fov,no_matches,False,,True,False
COph100/052/052_M_GA26_BW820_PA32_DG2_PF0_D1_S02_3__052_M_GA26_BW820_PA34_DG3_PF0_D1_S04_4|canonical,COph100,canonical,none,degenerate_fit,False,,True,False
COph100/052/052_M_GA26_BW820_PA32_DG2_PF0_D1_S02_3__052_M_GA26_BW820_PA34_DG3_PF0_D1_S04_4|canonical,COph100,canonical,rectangle,ok,False,3.459488819948933,False,False
COph100/052/052_M_GA26_BW820_PA32_DG2_PF0_D1_S02_3__052_M_GA26_BW820_PA34_DG3_PF0_D1_S04_4|canonical,COph100,canonical,fov,degenerate_fit,False,,True,False
COph100/052/052_M_GA26_BW820_PA32_DG2_PF0_D1_S02_3__052_M_GA26_BW820_PA75_DG9_PF0_D1_S08_20|canonical,COph100,canonical,none,degenerate_fit,False,,True,False
COph100/052/052_M_GA26_BW820_PA32_DG2_PF0_D1_S02_3__052_M_GA26_BW820_PA75_DG9_PF0_D1_S08_20|canonical,COph100,canonical,rectangle,degenerate_fit,False,,True,False
COph100/052/052_M_GA26_BW820_PA32_DG2_PF0_D1_S02_3__052_M_GA26_BW820_PA75_DG9_PF0_D1_S08_20|canonical,COph100,canonical,fov,degenerate_fit,False,,True,False
COph100/052/052_M_GA26_BW820_PA33_DG3_PF0_D1_S03_11__052_M_GA26_BW820_PA46_DG2_PF0_D1_S07_6|canonical,COph100,canonical,none,ok,False,14.807515932459804,True,False
COph100/052/052_M_GA26_BW820_PA33_DG3_PF0_D1_S03_11__052_M_GA26_BW820_PA46_DG2_PF0_D1_S07_6|canonical,COph100,canonical,rectangle,ok,False,14.807515932459804,True,False
COph100/052/052_M_GA26_BW820_PA33_DG3_PF0_D1_S03_11__052_M_GA26_BW820_PA46_DG2_PF0_D1_S07_6|canonical,COph100,canonical,fov,ok,False,14.807515932459804,True,False
COph100/052/052_M_GA26_BW820_PA34_DG3_PF0_D1_S04_4__052_M_GA26_BW820_PA46_DG2_PF0_D1_S07_6|canonical,COph100,canonical,none,ok,False,8.322093723225384,True,False
COph100/052/052_M_GA26_BW820_PA34_DG3_PF0_D1_S04_4__052_M_GA26_BW820_PA46_DG2_PF0_D1_S07_6|canonical,COph100,canonical,rectangle,ok,False,8.322093723225384,True,False
COph100/052/052_M_GA26_BW820_PA34_DG3_PF0_D1_S04_4__052_M_GA26_BW820_PA46_DG2_PF0_D1_S07_6|canonical,COph100,canonical,fov,ok,False,8.322093723225384,True,False
COph100/052/052_M_GA26_BW820_PA36_DG3_PF0_D1_S05_1__052_M_GA26_BW820_PA75_DG9_PF0_D1_S08_20|canonical,COph100,canonical,none,degenerate_fit,False,,True,False
COph100/052/052_M_GA26_BW820_PA36_DG3_PF0_D1_S05_1__052_M_GA26_BW820_PA75_DG9_PF0_D1_S08_20|canonical,COph100,canonical,rectangle,ok,False,26.85471451178072,True,False
COph100/052/052_M_GA26_BW820_PA36_DG3_PF0_D1_S05_1__052_M_GA26_BW820_PA75_DG9_PF0_D1_S08_20|canonical,COph100,canonical,fov,degenerate_fit,False,,True,False
COph100/054-1/054_M_GA29_BW1410_PA37_DG0_PF0_D1_S01_3__054_M_GA29_BW1410_PA43_DG0_PF0_D1_S02_6|canonical,COph100,canonical,none,ok,False,5.598852821808586,True,False
COph100/054-1/054_M_GA29_BW1410_PA37_DG0_PF0_D1_S01_3__054_M_GA29_BW1410_PA43_DG0_PF0_D1_S02_6|canonical,COph100,canonical,rectangle,ok,False,5.598852821808586,True,False
COph100/054-1/054_M_GA29_BW1410_PA37_DG0_PF0_D1_S01_3__054_M_GA29_BW1410_PA43_DG0_PF0_D1_S02_6|canonical,COph100,canonical,fov,ok,False,5.598852821808586,True,False
COph100/055-1/055_M_GA38_BW3245_PA40_DG13_PF0_D1_S01_10__055_M_GA38_BW3245_PA43_DG13_PF0_D1_S04_5|canonical,COph100,canonical,none,degenerate_fit,False,,True,False
COph100/055-1/055_M_GA38_BW3245_PA40_DG13_PF0_D1_S01_10__055_M_GA38_BW3245_PA43_DG13_PF0_D1_S04_5|canonical,COph100,canonical,rectangle,ok,False,37.63560166190894,True,False
COph100/055-1/055_M_GA38_BW3245_PA40_DG13_PF0_D1_S01_10__055_M_GA38_BW3245_PA43_DG13_PF0_D1_S04_5|canonical,COph100,canonical,fov,degenerate_fit,False,,True,False
COph100/055-1/055_M_GA38_BW3245_PA40_DG13_PF0_D1_S01_10__055_M_GA38_BW3245_PA53_DG13_PF0_D1_S08_2|canonical,COph100,canonical,none,no_matches,False,,True,False
COph100/055-1/055_M_GA38_BW3245_PA40_DG13_PF0_D1_S01_10__055_M_GA38_BW3245_PA53_DG13_PF0_D1_S08_2|canonical,COph100,canonical,rectangle,no_matches,False,,True,False
COph100/055-1/055_M_GA38_BW3245_PA40_DG13_PF0_D1_S01_10__055_M_GA38_BW3245_PA53_DG13_PF0_D1_S08_2|canonical,COph100,canonical,fov,no_matches,False,,True,False
COph100/055-1/055_M_GA38_BW3245_PA41_DG13_PF0_D1_S02_7__055_M_GA38_BW3245_PA44_DG13_PF0_D1_S05_6|canonical,COph100,canonical,none,ok,False,6.070214242576323,True,False
COph100/055-1/055_M_GA38_BW3245_PA41_DG13_PF0_D1_S02_7__055_M_GA38_BW3245_PA44_DG13_PF0_D1_S05_6|canonical,COph100,canonical,rectangle,ok,False,6.070214242576323,True,False
COph100/055-1/055_M_GA38_BW3245_PA41_DG13_PF0_D1_S02_7__055_M_GA38_BW3245_PA44_DG13_PF0_D1_S05_6|canonical,COph100,canonical,fov,ok,False,6.070214242576323,True,False
COph100/055-1/055_M_GA38_BW3245_PA41_DG13_PF0_D1_S02_7__055_M_GA38_BW3245_PA78_DG13_PF0_D1_S09_16|canonical,COph100,canonical,none,degenerate_fit,False,,True,False
COph100/055-1/055_M_GA38_BW3245_PA41_DG13_PF0_D1_S02_7__055_M_GA38_BW3245_PA78_DG13_PF0_D1_S09_16|canonical,COph100,canonical,rectangle,degenerate_fit,False,,True,False
COph100/055-1/055_M_GA38_BW3245_PA41_DG13_PF0_D1_S02_7__055_M_GA38_BW3245_PA78_DG13_PF0_D1_S09_16|canonical,COph100,canonical,fov,degenerate_fit,False,,True,False
COph100/055-1/055_M_GA38_BW3245_PA42_DG13_PF0_D1_S03_2__055_M_GA38_BW3245_PA47_DG13_PF0_D1_S07_7|canonical,COph100,canonical,none,ok,False,9.356406324517181,True,False
COph100/055-1/055_M_GA38_BW3245_PA42_DG13_PF0_D1_S03_2__055_M_GA38_BW3245_PA47_DG13_PF0_D1_S07_7|canonical,COph100,canonical,rectangle,ok,False,9.356406324517181,True,False
COph100/055-1/055_M_GA38_BW3245_PA42_DG13_PF0_D1_S03_2__055_M_GA38_BW3245_PA47_DG13_PF0_D1_S07_7|canonical,COph100,canonical,fov,ok,False,9.356406324517181,True,False
COph100/055-1/055_M_GA38_BW3245_PA43_DG13_PF0_D1_S04_5__055_M_GA38_BW3245_PA45_DG13_PF0_D1_S06_6|canonical,COph100,canonical,none,ok,False,11.518158072499798,True,False
COph100/055-1/055_M_GA38_BW3245_PA43_DG13_PF0_D1_S04_5__055_M_GA38_BW3245_PA45_DG13_PF0_D1_S06_6|canonical,COph100,canonical,rectangle,ok,False,11.518158072499798,True,False
COph100/055-1/055_M_GA38_BW3245_PA43_DG13_PF0_D1_S04_5__055_M_GA38_BW3245_PA45_DG13_PF0_D1_S06_6|canonical,COph100,canonical,fov,ok,False,11.518158072499798,True,False
COph100/055-1/055_M_GA38_BW3245_PA44_DG13_PF0_D1_S05_6__055_M_GA38_BW3245_PA45_DG13_PF0_D1_S06_6|canonical,COph100,canonical,none,ok,False,3.311562557328668,False,False
COph100/055-1/055_M_GA38_BW3245_PA44_DG13_PF0_D1_S05_6__055_M_GA38_BW3245_PA45_DG13_PF0_D1_S06_6|canonical,COph100,canonical,rectangle,ok,False,3.311562557328668,False,False
COph100/055-1/055_M_GA38_BW3245_PA44_DG13_PF0_D1_S05_6__055_M_GA38_BW3245_PA45_DG13_PF0_D1_S06_6|canonical,COph100,canonical,fov,ok,False,3.311562557328668,False,False
COph100/055-1/055_M_GA38_BW3245_PA45_DG13_PF0_D1_S06_6__055_M_GA38_BW3245_PA47_DG13_PF0_D1_S07_7|canonical,COph100,canonical,none,ok,False,8.870498177952905,True,False
COph100/055-1/055_M_GA38_BW3245_PA45_DG13_PF0_D1_S06_6__055_M_GA38_BW3245_PA47_DG13_PF0_D1_S07_7|canonical,COph100,canonical,rectangle,ok,False,8.870498177952905,True,False
COph100/055-1/055_M_GA38_BW3245_PA45_DG13_PF0_D1_S06_6__055_M_GA38_BW3245_PA47_DG13_PF0_D1_S07_7|canonical,COph100,canonical,fov,ok,False,8.870498177952905,True,False
COph100/055-1/055_M_GA38_BW3245_PA47_DG13_PF0_D1_S07_7__055_M_GA38_BW3245_PA78_DG13_PF0_D1_S09_16|canonical,COph100,canonical,none,degenerate_fit,False,,True,False
COph100/055-1/055_M_GA38_BW3245_PA47_DG13_PF0_D1_S07_7__055_M_GA38_BW3245_PA78_DG13_PF0_D1_S09_16|canonical,COph100,canonical,rectangle,degenerate_fit,False,,True,False
COph100/055-1/055_M_GA38_BW3245_PA47_DG13_PF0_D1_S07_7__055_M_GA38_BW3245_PA78_DG13_PF0_D1_S09_16|canonical,COph100,canonical,fov,degenerate_fit,False,,True,False
COph100/055/055_M_GA38_BW3245_PA40_DG13_PF0_D1_S01_3__055_M_GA38_BW3245_PA43_DG13_PF0_D1_S04_13|canonical,COph100,canonical,none,degenerate_fit,False,,True,False
COph100/055/055_M_GA38_BW3245_PA40_DG13_PF0_D1_S01_3__055_M_GA38_BW3245_PA43_DG13_PF0_D1_S04_13|canonical,COph100,canonical,rectangle,degenerate_fit,False,,True,False
COph100/055/055_M_GA38_BW3245_PA40_DG13_PF0_D1_S01_3__055_M_GA38_BW3245_PA43_DG13_PF0_D1_S04_13|canonical,COph100,canonical,fov,degenerate_fit,False,,True,False
COph100/055/055_M_GA38_BW3245_PA40_DG13_PF0_D1_S01_3__055_M_GA38_BW3245_PA53_DG13_PF0_D1_S08_7|canonical,COph100,canonical,none,ok,False,38.22746644891099,True,False
COph100/055/055_M_GA38_BW3245_PA40_DG13_PF0_D1_S01_3__055_M_GA38_BW3245_PA53_DG13_PF0_D1_S08_7|canonical,COph100,canonical,rectangle,ok,False,38.22746644891099,True,False
COph100/055/055_M_GA38_BW3245_PA40_DG13_PF0_D1_S01_3__055_M_GA38_BW3245_PA53_DG13_PF0_D1_S08_7|canonical,COph100,canonical,fov,ok,False,38.22746644891099,True,False
COph100/055/055_M_GA38_BW3245_PA41_DG13_PF0_D1_S02_1__055_M_GA38_BW3245_PA44_DG13_PF0_D1_S05_1|canonical,COph100,canonical,none,ok,False,5.710176738700537,True,False
COph100/055/055_M_GA38_BW3245_PA41_DG13_PF0_D1_S02_1__055_M_GA38_BW3245_PA44_DG13_PF0_D1_S05_1|canonical,COph100,canonical,rectangle,ok,False,5.710176738700537,True,False
COph100/055/055_M_GA38_BW3245_PA41_DG13_PF0_D1_S02_1__055_M_GA38_BW3245_PA44_DG13_PF0_D1_S05_1|canonical,COph100,canonical,fov,ok,False,5.710176738700537,True,False
COph100/055/055_M_GA38_BW3245_PA41_DG13_PF0_D1_S02_1__055_M_GA38_BW3245_PA78_DG13_PF0_D1_S09_6|canonical,COph100,canonical,none,ok,False,36.26567514722852,True,False
COph100/055/055_M_GA38_BW3245_PA41_DG13_PF0_D1_S02_1__055_M_GA38_BW3245_PA78_DG13_PF0_D1_S09_6|canonical,COph100,canonical,rectangle,ok,False,36.26567514722852,True,False
COph100/055/055_M_GA38_BW3245_PA41_DG13_PF0_D1_S02_1__055_M_GA38_BW3245_PA78_DG13_PF0_D1_S09_6|canonical,COph100,canonical,fov,ok,False,36.26567514722852,True,False
COph100/055/055_M_GA38_BW3245_PA42_DG13_PF0_D1_S03_6__055_M_GA38_BW3245_PA47_DG13_PF0_D1_S07_4|canonical,COph100,canonical,none,ok,False,4.44775619404165,True,False
COph100/055/055_M_GA38_BW3245_PA42_DG13_PF0_D1_S03_6__055_M_GA38_BW3245_PA47_DG13_PF0_D1_S07_4|canonical,COph100,canonical,rectangle,ok,False,4.44775619404165,True,False
COph100/055/055_M_GA38_BW3245_PA42_DG13_PF0_D1_S03_6__055_M_GA38_BW3245_PA47_DG13_PF0_D1_S07_4|canonical,COph100,canonical,fov,ok,False,4.44775619404165,True,False
COph100/055/055_M_GA38_BW3245_PA43_DG13_PF0_D1_S04_13__055_M_GA38_BW3245_PA45_DG13_PF0_D1_S06_7|canonical,COph100,canonical,none,ok,False,4.562640606707491,True,False
COph100/055/055_M_GA38_BW3245_PA43_DG13_PF0_D1_S04_13__055_M_GA38_BW3245_PA45_DG13_PF0_D1_S06_7|canonical,COph100,canonical,rectangle,ok,False,4.562640606707491,True,False
COph100/055/055_M_GA38_BW3245_PA43_DG13_PF0_D1_S04_13__055_M_GA38_BW3245_PA45_DG13_PF0_D1_S06_7|canonical,COph100,canonical,fov,ok,False,4.562640606707491,True,False
COph100/055/055_M_GA38_BW3245_PA44_DG13_PF0_D1_S05_1__055_M_GA38_BW3245_PA45_DG13_PF0_D1_S06_7|canonical,COph100,canonical,none,ok,False,4.490212039813869,True,False
COph100/055/055_M_GA38_BW3245_PA44_DG13_PF0_D1_S05_1__055_M_GA38_BW3245_PA45_DG13_PF0_D1_S06_7|canonical,COph100,canonical,rectangle,ok,False,4.490212039813869,True,False
COph100/055/055_M_GA38_BW3245_PA44_DG13_PF0_D1_S05_1__055_M_GA38_BW3245_PA45_DG13_PF0_D1_S06_7|canonical,COph100,canonical,fov,ok,False,4.490212039813869,True,False
COph100/055/055_M_GA38_BW3245_PA45_DG13_PF0_D1_S06_7__055_M_GA38_BW3245_PA47_DG13_PF0_D1_S07_4|canonical,COph100,canonical,none,ok,False,2.3244430376822867,False,False
COph100/055/055_M_GA38_BW3245_PA45_DG13_PF0_D1_S06_7__055_M_GA38_BW3245_PA47_DG13_PF0_D1_S07_4|canonical,COph100,canonical,rectangle,ok,False,2.3244430376822867,False,False
COph100/055/055_M_GA38_BW3245_PA45_DG13_PF0_D1_S06_7__055_M_GA38_BW3245_PA47_DG13_PF0_D1_S07_4|canonical,COph100,canonical,fov,ok,False,2.3244430376822867,False,False
COph100/055/055_M_GA38_BW3245_PA47_DG13_PF0_D1_S07_4__055_M_GA38_BW3245_PA78_DG13_PF0_D1_S09_6|canonical,COph100,canonical,none,ok,False,6.9968777179622865,True,False
COph100/055/055_M_GA38_BW3245_PA47_DG13_PF0_D1_S07_4__055_M_GA38_BW3245_PA78_DG13_PF0_D1_S09_6|canonical,COph100,canonical,rectangle,ok,False,6.9968777179622865,True,False
COph100/055/055_M_GA38_BW3245_PA47_DG13_PF0_D1_S07_4__055_M_GA38_BW3245_PA78_DG13_PF0_D1_S09_6|canonical,COph100,canonical,fov,ok,False,6.9968777179622865,True,False
COph100/056-1/056_F_GA33_BW1180_PA38_DG0_PF0_D1_S02_1__056_F_GA33_BW1180_PA42_DG0_PF0_D1_S03_7|canonical,COph100,canonical,none,degenerate_fit,False,,True,False
COph100/056-1/056_F_GA33_BW1180_PA38_DG0_PF0_D1_S02_1__056_F_GA33_BW1180_PA42_DG0_PF0_D1_S03_7|canonical,COph100,canonical,rectangle,ok,False,3.2777216653685257,False,False
COph100/056-1/056_F_GA33_BW1180_PA38_DG0_PF0_D1_S02_1__056_F_GA33_BW1180_PA42_DG0_PF0_D1_S03_7|canonical,COph100,canonical,fov,degenerate_fit,False,,True,False
COph100/057-1/057_M_GA30_BW1180_PA33_DG0_PF0_D1_S01_4__057_M_GA30_BW1180_PA37_DG0_PF0_D1_S02_4|canonical,COph100,canonical,none,ok,False,6.336607380007979,True,False
COph100/057-1/057_M_GA30_BW1180_PA33_DG0_PF0_D1_S01_4__057_M_GA30_BW1180_PA37_DG0_PF0_D1_S02_4|canonical,COph100,canonical,rectangle,ok,False,6.336607380007979,True,False
COph100/057-1/057_M_GA30_BW1180_PA33_DG0_PF0_D1_S01_4__057_M_GA30_BW1180_PA37_DG0_PF0_D1_S02_4|canonical,COph100,canonical,fov,ok,False,6.336607380007979,True,False
COph100/057/057_M_GA30_BW1180_PA33_DG0_PF0_D1_S01_1__057_M_GA30_BW1180_PA39_DG0_PF0_D1_S03_2|canonical,COph100,canonical,none,ok,False,7.377817372229861,True,False
COph100/057/057_M_GA30_BW1180_PA33_DG0_PF0_D1_S01_1__057_M_GA30_BW1180_PA39_DG0_PF0_D1_S03_2|canonical,COph100,canonical,rectangle,ok,False,7.377817372229861,True,False
COph100/057/057_M_GA30_BW1180_PA33_DG0_PF0_D1_S01_1__057_M_GA30_BW1180_PA39_DG0_PF0_D1_S03_2|canonical,COph100,canonical,fov,ok,False,7.377817372229861,True,False
COph100/058-1/058_M_GA30_BW1490_PA35_DG0_PF0_D1_S02_5__058_M_GA30_BW1490_PA38_DG0_PF0_D1_S03_3|canonical,COph100,canonical,none,degenerate_fit,False,,True,False
COph100/058-1/058_M_GA30_BW1490_PA35_DG0_PF0_D1_S02_5__058_M_GA30_BW1490_PA38_DG0_PF0_D1_S03_3|canonical,COph100,canonical,rectangle,ok,False,4.021942930425338,True,False
COph100/058-1/058_M_GA30_BW1490_PA35_DG0_PF0_D1_S02_5__058_M_GA30_BW1490_PA38_DG0_PF0_D1_S03_3|canonical,COph100,canonical,fov,degenerate_fit,False,,True,False
COph100/059-1/059_M_GA40_BW3680_PA61_DG12_PF0_D1_S01_1__059_M_GA40_BW3680_PA112_DG12_PF0_D1_S03_1|canonical,COph100,canonical,none,degenerate_fit,False,,True,False
COph100/059-1/059_M_GA40_BW3680_PA61_DG12_PF0_D1_S01_1__059_M_GA40_BW3680_PA112_DG12_PF0_D1_S03_1|canonical,COph100,canonical,rectangle,degenerate_fit,False,,True,False
COph100/059-1/059_M_GA40_BW3680_PA61_DG12_PF0_D1_S01_1__059_M_GA40_BW3680_PA112_DG12_PF0_D1_S03_1|canonical,COph100,canonical,fov,degenerate_fit,False,,True,False
COph100/059/059_M_GA40_BW3680_PA61_DG12_PF0_D1_S01_5__059_M_GA40_BW3680_PA85_DG12_PF0_D1_S02_4|canonical,COph100,canonical,none,ok,False,405.18813879840206,True,True
COph100/059/059_M_GA40_BW3680_PA61_DG12_PF0_D1_S01_5__059_M_GA40_BW3680_PA85_DG12_PF0_D1_S02_4|canonical,COph100,canonical,rectangle,ok,False,16.87109006699969,True,False
COph100/059/059_M_GA40_BW3680_PA61_DG12_PF0_D1_S01_5__059_M_GA40_BW3680_PA85_DG12_PF0_D1_S02_4|canonical,COph100,canonical,fov,ok,False,16.87109006699969,True,False
COph100/061-1/061_M_GA26_BW880_PA38_DG0_PF0_D1_S02_7__061_M_GA26_BW880_PA42_DG0_PF0_D1_S03_2|canonical,COph100,canonical,none,ok,False,5.503810869680098,True,False
COph100/061-1/061_M_GA26_BW880_PA38_DG0_PF0_D1_S02_7__061_M_GA26_BW880_PA42_DG0_PF0_D1_S03_2|canonical,COph100,canonical,rectangle,ok,False,5.503810869680098,True,False
COph100/061-1/061_M_GA26_BW880_PA38_DG0_PF0_D1_S02_7__061_M_GA26_BW880_PA42_DG0_PF0_D1_S03_2|canonical,COph100,canonical,fov,ok,False,5.503810869680098,True,False
COph100/062-1/062_F_GA27_BW900_PA35_DG0_PF0_D1_S01_7__062_F_GA27_BW900_PA39_DG0_PF0_D1_S02_7|canonical,COph100,canonical,none,degenerate_fit,False,,True,False
COph100/062-1/062_F_GA27_BW900_PA35_DG0_PF0_D1_S01_7__062_F_GA27_BW900_PA39_DG0_PF0_D1_S02_7|canonical,COph100,canonical,rectangle,ok,False,6.969137476162587,True,False
COph100/062-1/062_F_GA27_BW900_PA35_DG0_PF0_D1_S01_7__062_F_GA27_BW900_PA39_DG0_PF0_D1_S02_7|canonical,COph100,canonical,fov,degenerate_fit,False,,True,False
COph100/064-1/064_M_GA30_BW990_PA33_DG0_PF0_D1_S01_6__064_M_GA30_BW990_PA40_DG0_PF0_D1_S03_3|canonical,COph100,canonical,none,ok,False,13.640654836717989,True,False
COph100/064-1/064_M_GA30_BW990_PA33_DG0_PF0_D1_S01_6__064_M_GA30_BW990_PA40_DG0_PF0_D1_S03_3|canonical,COph100,canonical,rectangle,ok,False,13.640654836717989,True,False
COph100/064-1/064_M_GA30_BW990_PA33_DG0_PF0_D1_S01_6__064_M_GA30_BW990_PA40_DG0_PF0_D1_S03_3|canonical,COph100,canonical,fov,ok,False,13.640654836717989,True,False
COph100/064/064_M_GA30_BW990_PA37_DG0_PF0_D1_S02_4__064_M_GA30_BW990_PA40_DG0_PF0_D1_S03_6|canonical,COph100,canonical,none,degenerate_fit,False,,True,False
COph100/064/064_M_GA30_BW990_PA37_DG0_PF0_D1_S02_4__064_M_GA30_BW990_PA40_DG0_PF0_D1_S03_6|canonical,COph100,canonical,rectangle,ok,False,11.566481994020199,True,False
COph100/064/064_M_GA30_BW990_PA37_DG0_PF0_D1_S02_4__064_M_GA30_BW990_PA40_DG0_PF0_D1_S03_6|canonical,COph100,canonical,fov,ok,False,11.566481994020199,True,False
COph100/065/065_M_GA27_BW950_PA32_DG0_PF0_D1_S01_6__065_M_GA27_BW950_PA34_DG0_PF0_D1_S02_1|canonical,COph100,canonical,none,ok,False,11.251248742983895,True,False
COph100/065/065_M_GA27_BW950_PA32_DG0_PF0_D1_S01_6__065_M_GA27_BW950_PA34_DG0_PF0_D1_S02_1|canonical,COph100,canonical,rectangle,ok,False,11.251248742983895,True,False
COph100/065/065_M_GA27_BW950_PA32_DG0_PF0_D1_S01_6__065_M_GA27_BW950_PA34_DG0_PF0_D1_S02_1|canonical,COph100,canonical,fov,ok,False,11.251248742983895,True,False
COph100/066-1/066_F_GA26_BW810_PA34_DG3_PF0_D1_S03_2__066_F_GA26_BW810_PA40_DG3_PF0_D1_S05_3|canonical,COph100,canonical,none,degenerate_fit,False,,True,False
COph100/066-1/066_F_GA26_BW810_PA34_DG3_PF0_D1_S03_2__066_F_GA26_BW810_PA40_DG3_PF0_D1_S05_3|canonical,COph100,canonical,rectangle,ok,False,5.068704511691105,True,False
COph100/066-1/066_F_GA26_BW810_PA34_DG3_PF0_D1_S03_2__066_F_GA26_BW810_PA40_DG3_PF0_D1_S05_3|canonical,COph100,canonical,fov,degenerate_fit,False,,True,False
COph100/066-1/066_F_GA26_BW810_PA40_DG3_PF0_D1_S05_3__066_F_GA26_BW810_PA42_DG3_PF0_D1_S06_1|canonical,COph100,canonical,none,ok,False,2.3034723621622,False,False
COph100/066-1/066_F_GA26_BW810_PA40_DG3_PF0_D1_S05_3__066_F_GA26_BW810_PA42_DG3_PF0_D1_S06_1|canonical,COph100,canonical,rectangle,ok,False,2.3034723621622,False,False
COph100/066-1/066_F_GA26_BW810_PA40_DG3_PF0_D1_S05_3__066_F_GA26_BW810_PA42_DG3_PF0_D1_S06_1|canonical,COph100,canonical,fov,ok,False,2.3034723621622,False,False
COph100/066/066_F_GA26_BW810_PA31_DG1_PF0_D1_S01_5__066_F_GA26_BW810_PA40_DG3_PF0_D1_S05_9|canonical,COph100,canonical,none,ok,False,6.1564037130363545,True,False
COph100/066/066_F_GA26_BW810_PA31_DG1_PF0_D1_S01_5__066_F_GA26_BW810_PA40_DG3_PF0_D1_S05_9|canonical,COph100,canonical,rectangle,ok,False,6.1564037130363545,True,False
COph100/066/066_F_GA26_BW810_PA31_DG1_PF0_D1_S01_5__066_F_GA26_BW810_PA40_DG3_PF0_D1_S05_9|canonical,COph100,canonical,fov,ok,False,6.1564037130363545,True,False
COph100/066/066_F_GA26_BW810_PA32_DG2_PF0_D1_S02_15__066_F_GA26_BW810_PA40_DG3_PF0_D1_S05_9|canonical,COph100,canonical,none,ok,False,35.91039885100125,True,False
COph100/066/066_F_GA26_BW810_PA32_DG2_PF0_D1_S02_15__066_F_GA26_BW810_PA40_DG3_PF0_D1_S05_9|canonical,COph100,canonical,rectangle,ok,False,21.776290679245957,True,False
COph100/066/066_F_GA26_BW810_PA32_DG2_PF0_D1_S02_15__066_F_GA26_BW810_PA40_DG3_PF0_D1_S05_9|canonical,COph100,canonical,fov,ok,False,35.91039885100125,True,False
COph100/066/066_F_GA26_BW810_PA34_DG3_PF0_D1_S03_4__066_F_GA26_BW810_PA42_DG3_PF0_D1_S06_12|canonical,COph100,canonical,none,ok,False,4.083195338560223,True,False
COph100/066/066_F_GA26_BW810_PA34_DG3_PF0_D1_S03_4__066_F_GA26_BW810_PA42_DG3_PF0_D1_S06_12|canonical,COph100,canonical,rectangle,ok,False,4.083195338560223,True,False
COph100/066/066_F_GA26_BW810_PA34_DG3_PF0_D1_S03_4__066_F_GA26_BW810_PA42_DG3_PF0_D1_S06_12|canonical,COph100,canonical,fov,ok,False,4.083195338560223,True,False
COph100/067-1/067_F_GA32_BW2100_PA33_DG0_PF0_D1_S01_5__067_F_GA32_BW2100_PA40_DG0_PF0_D1_S02_8|canonical,COph100,canonical,none,ok,False,8.544919237075693,True,False
COph100/067-1/067_F_GA32_BW2100_PA33_DG0_PF0_D1_S01_5__067_F_GA32_BW2100_PA40_DG0_PF0_D1_S02_8|canonical,COph100,canonical,rectangle,ok,False,8.544919237075693,True,False
COph100/067-1/067_F_GA32_BW2100_PA33_DG0_PF0_D1_S01_5__067_F_GA32_BW2100_PA40_DG0_PF0_D1_S02_8|canonical,COph100,canonical,fov,ok,False,8.544919237075693,True,False
COph100/069-1/069_M_GA30_BW1100_PA32_DG1_PF0_D1_S01_6__069_M_GA30_BW1100_PA34_DG1_PF0_D1_S02_6|canonical,COph100,canonical,none,ok,False,6.309004742085734,True,False
COph100/069-1/069_M_GA30_BW1100_PA32_DG1_PF0_D1_S01_6__069_M_GA30_BW1100_PA34_DG1_PF0_D1_S02_6|canonical,COph100,canonical,rectangle,ok,False,6.309004742085734,True,False
COph100/069-1/069_M_GA30_BW1100_PA32_DG1_PF0_D1_S01_6__069_M_GA30_BW1100_PA34_DG1_PF0_D1_S02_6|canonical,COph100,canonical,fov,ok,False,6.309004742085734,True,False
COph100/069-1/069_M_GA30_BW1100_PA34_DG1_PF0_D1_S02_6__069_M_GA30_BW1100_PA43_DG9_PF0_D1_S04_4|canonical,COph100,canonical,none,degenerate_fit,False,,True,False
COph100/069-1/069_M_GA30_BW1100_PA34_DG1_PF0_D1_S02_6__069_M_GA30_BW1100_PA43_DG9_PF0_D1_S04_4|canonical,COph100,canonical,rectangle,degenerate_fit,False,,True,False
COph100/069-1/069_M_GA30_BW1100_PA34_DG1_PF0_D1_S02_6__069_M_GA30_BW1100_PA43_DG9_PF0_D1_S04_4|canonical,COph100,canonical,fov,degenerate_fit,False,,True,False
COph100/069/069_M_GA30_BW1100_PA32_DG1_PF0_D1_S01_1__069_M_GA30_BW1100_PA43_DG9_PF0_D1_S04_1|canonical,COph100,canonical,none,ok,False,19.06675771996501,True,False
COph100/069/069_M_GA30_BW1100_PA32_DG1_PF0_D1_S01_1__069_M_GA30_BW1100_PA43_DG9_PF0_D1_S04_1|canonical,COph100,canonical,rectangle,ok,False,19.06675771996501,True,False
COph100/069/069_M_GA30_BW1100_PA32_DG1_PF0_D1_S01_1__069_M_GA30_BW1100_PA43_DG9_PF0_D1_S04_1|canonical,COph100,canonical,fov,ok,False,19.06675771996501,True,False
COph100/070-1/070_M_GA32_BW1830_PA33_DG0_PF0_D1_S01_3__070_M_GA32_BW1830_PA35_DG0_PF0_D1_S02_5|canonical,COph100,canonical,none,ok,False,3.93287133343255,False,False
COph100/070-1/070_M_GA32_BW1830_PA33_DG0_PF0_D1_S01_3__070_M_GA32_BW1830_PA35_DG0_PF0_D1_S02_5|canonical,COph100,canonical,rectangle,ok,False,3.93287133343255,False,False
COph100/070-1/070_M_GA32_BW1830_PA33_DG0_PF0_D1_S01_3__070_M_GA32_BW1830_PA35_DG0_PF0_D1_S02_5|canonical,COph100,canonical,fov,ok,False,3.93287133343255,False,False
COph100/070-1/070_M_GA32_BW1830_PA35_DG0_PF0_D1_S02_5__070_M_GA32_BW1830_PA40_DG0_PF0_D1_S04_7|canonical,COph100,canonical,none,degenerate_fit,False,,True,False
COph100/070-1/070_M_GA32_BW1830_PA35_DG0_PF0_D1_S02_5__070_M_GA32_BW1830_PA40_DG0_PF0_D1_S04_7|canonical,COph100,canonical,rectangle,ok,False,37.65604803933688,True,False
COph100/070-1/070_M_GA32_BW1830_PA35_DG0_PF0_D1_S02_5__070_M_GA32_BW1830_PA40_DG0_PF0_D1_S04_7|canonical,COph100,canonical,fov,ok,False,37.65604803933688,True,False
COph100/070/070_M_GA32_BW1830_PA33_DG0_PF0_D1_S01_1__070_M_GA32_BW1830_PA40_DG0_PF0_D1_S04_2|canonical,COph100,canonical,none,ok,False,7.336739345903766,True,False
COph100/070/070_M_GA32_BW1830_PA33_DG0_PF0_D1_S01_1__070_M_GA32_BW1830_PA40_DG0_PF0_D1_S04_2|canonical,COph100,canonical,rectangle,ok,False,7.336739345903766,True,False
COph100/070/070_M_GA32_BW1830_PA33_DG0_PF0_D1_S01_1__070_M_GA32_BW1830_PA40_DG0_PF0_D1_S04_2|canonical,COph100,canonical,fov,ok,False,7.336739345903766,True,False
COph100/071-1/071_F_GA32_BW1660_PA33_DG0_PF0_D1_S01_7__071_F_GA32_BW1660_PA35_DG0_PF0_D1_S02_6|canonical,COph100,canonical,none,degenerate_fit,False,,True,False
COph100/071-1/071_F_GA32_BW1660_PA33_DG0_PF0_D1_S01_7__071_F_GA32_BW1660_PA35_DG0_PF0_D1_S02_6|canonical,COph100,canonical,rectangle,ok,False,5.913865839013837,True,False
COph100/071-1/071_F_GA32_BW1660_PA33_DG0_PF0_D1_S01_7__071_F_GA32_BW1660_PA35_DG0_PF0_D1_S02_6|canonical,COph100,canonical,fov,degenerate_fit,False,,True,False
COph100/071-1/071_F_GA32_BW1660_PA35_DG0_PF0_D1_S02_6__071_F_GA32_BW1660_PA40_DG0_PF0_D1_S04_8|canonical,COph100,canonical,none,ok,False,9.371536395317268,True,False
COph100/071-1/071_F_GA32_BW1660_PA35_DG0_PF0_D1_S02_6__071_F_GA32_BW1660_PA40_DG0_PF0_D1_S04_8|canonical,COph100,canonical,rectangle,ok,False,9.371536395317268,True,False
COph100/071-1/071_F_GA32_BW1660_PA35_DG0_PF0_D1_S02_6__071_F_GA32_BW1660_PA40_DG0_PF0_D1_S04_8|canonical,COph100,canonical,fov,ok,False,9.371536395317268,True,False
COph100/071/071_F_GA32_BW1660_PA33_DG0_PF0_D1_S01_2__071_F_GA32_BW1660_PA40_DG0_PF0_D1_S04_2|canonical,COph100,canonical,none,ok,False,10.40381673303346,True,False
COph100/071/071_F_GA32_BW1660_PA33_DG0_PF0_D1_S01_2__071_F_GA32_BW1660_PA40_DG0_PF0_D1_S04_2|canonical,COph100,canonical,rectangle,ok,False,10.40381673303346,True,False
COph100/071/071_F_GA32_BW1660_PA33_DG0_PF0_D1_S01_2__071_F_GA32_BW1660_PA40_DG0_PF0_D1_S04_2|canonical,COph100,canonical,fov,ok,False,10.40381673303346,True,False
COph100/076-1/076_M_GA33_BW1470_PA35_DG0_PF0_D1_S01_10__076_M_GA33_BW1470_PA37_DG0_PF0_D1_S02_13|canonical,COph100,canonical,none,degenerate_fit,False,,True,False
COph100/076-1/076_M_GA33_BW1470_PA35_DG0_PF0_D1_S01_10__076_M_GA33_BW1470_PA37_DG0_PF0_D1_S02_13|canonical,COph100,canonical,rectangle,ok,False,3.1704992399072616,False,False
COph100/076-1/076_M_GA33_BW1470_PA35_DG0_PF0_D1_S01_10__076_M_GA33_BW1470_PA37_DG0_PF0_D1_S02_13|canonical,COph100,canonical,fov,ok,False,3.1704992399072616,False,False
COph100/076/076_M_GA33_BW1470_PA35_DG0_PF0_D1_S01_4__076_M_GA33_BW1470_PA40_DG0_PF0_D1_S03_8|canonical,COph100,canonical,none,ok,False,8.56125358657568,True,False
COph100/076/076_M_GA33_BW1470_PA35_DG0_PF0_D1_S01_4__076_M_GA33_BW1470_PA40_DG0_PF0_D1_S03_8|canonical,COph100,canonical,rectangle,ok,False,8.56125358657568,True,False
COph100/076/076_M_GA33_BW1470_PA35_DG0_PF0_D1_S01_4__076_M_GA33_BW1470_PA40_DG0_PF0_D1_S03_8|canonical,COph100,canonical,fov,ok,False,8.56125358657568,True,False
FIRE/A02|canonical,FIRE,canonical,none,ok,False,9.251378367668671,False,False
FIRE/A02|canonical,FIRE,canonical,rectangle,ok,False,9.251378367668671,False,False
FIRE/A02|canonical,FIRE,canonical,fov,ok,False,9.251378367668671,False,False
FIRE/A04|canonical,FIRE,canonical,none,ok,False,4.783735252553224,False,False
FIRE/A04|canonical,FIRE,canonical,rectangle,ok,False,4.783735252553224,False,False
FIRE/A04|canonical,FIRE,canonical,fov,ok,False,4.783735252553224,False,False
FIRE/A06|canonical,FIRE,canonical,none,ok,False,7.181989276227688,False,False
FIRE/A06|canonical,FIRE,canonical,rectangle,ok,False,7.181989276227688,False,False
FIRE/A06|canonical,FIRE,canonical,fov,ok,False,7.181989276227688,False,False
FIRE/A08|canonical,FIRE,canonical,none,ok,False,17.55854342352297,False,False
FIRE/A08|canonical,FIRE,canonical,rectangle,ok,False,17.55854342352297,False,False
FIRE/A08|canonical,FIRE,canonical,fov,ok,False,17.55854342352297,False,False
FIRE/A10|canonical,FIRE,canonical,none,ok,False,3.1432451314520216,False,False
FIRE/A10|canonical,FIRE,canonical,rectangle,ok,False,3.1432451314520216,False,False
FIRE/A10|canonical,FIRE,canonical,fov,ok,False,3.1432451314520216,False,False
FIRE/A12|canonical,FIRE,canonical,none,ok,False,2.74717876578542,False,False
FIRE/A12|canonical,FIRE,canonical,rectangle,ok,False,2.74717876578542,False,False
FIRE/A12|canonical,FIRE,canonical,fov,ok,False,2.74717876578542,False,False
FIRE/A14|canonical,FIRE,canonical,none,ok,False,5.2949708974607,False,False
FIRE/A14|canonical,FIRE,canonical,rectangle,ok,False,5.2949708974607,False,False
FIRE/A14|canonical,FIRE,canonical,fov,ok,False,5.2949708974607,False,False
FIRE/P02|canonical,FIRE,canonical,none,ok,False,4.34415459961032,False,False
FIRE/P02|canonical,FIRE,canonical,rectangle,ok,False,4.34415459961032,False,False
FIRE/P02|canonical,FIRE,canonical,fov,ok,False,4.34415459961032,False,False
FIRE/P04|canonical,FIRE,canonical,none,ok,False,29.47683020693786,True,False
FIRE/P04|canonical,FIRE,canonical,rectangle,ok,False,29.47683020693786,True,False
FIRE/P04|canonical,FIRE,canonical,fov,ok,False,29.47683020693786,True,False
FIRE/P06|canonical,FIRE,canonical,none,ok,False,11.20030058557092,False,False
FIRE/P06|canonical,FIRE,canonical,rectangle,ok,False,11.20030058557092,False,False
FIRE/P06|canonical,FIRE,canonical,fov,ok,False,11.20030058557092,False,False
FIRE/P08|canonical,FIRE,canonical,none,ok,False,20.18744303980863,False,False
FIRE/P08|canonical,FIRE,canonical,rectangle,ok,False,20.18744303980863,False,False
FIRE/P08|canonical,FIRE,canonical,fov,ok,False,20.18744303980863,False,False
FIRE/P10|canonical,FIRE,canonical,none,ok,False,20.633373334153866,True,False
FIRE/P10|canonical,FIRE,canonical,rectangle,ok,False,20.633373334153866,True,False
FIRE/P10|canonical,FIRE,canonical,fov,ok,False,20.633373334153866,True,False
FIRE/P12|canonical,FIRE,canonical,none,ok,False,41.595683380437244,True,False
FIRE/P12|canonical,FIRE,canonical,rectangle,ok,False,41.595683380437244,True,False
FIRE/P12|canonical,FIRE,canonical,fov,ok,False,41.595683380437244,True,False
FIRE/P14|canonical,FIRE,canonical,none,ok,False,18.289212549422377,False,False
FIRE/P14|canonical,FIRE,canonical,rectangle,ok,False,18.289212549422377,False,False
FIRE/P14|canonical,FIRE,canonical,fov,ok,False,18.289212549422377,False,False
FIRE/P16|canonical,FIRE,canonical,none,ok,False,18.76557787338818,False,False
FIRE/P16|canonical,FIRE,canonical,rectangle,ok,False,18.76557787338818,False,False
FIRE/P16|canonical,FIRE,canonical,fov,ok,False,18.76557787338818,False,False
FIRE/P18|canonical,FIRE,canonical,none,ok,False,21.501942402563927,True,False
FIRE/P18|canonical,FIRE,canonical,rectangle,ok,False,21.501942402563927,True,False
FIRE/P18|canonical,FIRE,canonical,fov,ok,False,21.501942402563927,True,False
FIRE/P20|canonical,FIRE,canonical,none,ok,False,15.143125999399558,False,False
FIRE/P20|canonical,FIRE,canonical,rectangle,ok,False,15.143125999399558,False,False
FIRE/P20|canonical,FIRE,canonical,fov,ok,False,15.143125999399558,False,False
FIRE/P22|canonical,FIRE,canonical,none,ok,False,21.585563644261878,True,False
FIRE/P22|canonical,FIRE,canonical,rectangle,ok,False,21.585563644261878,True,False
FIRE/P22|canonical,FIRE,canonical,fov,ok,False,21.585563644261878,True,False
FIRE/P24|canonical,FIRE,canonical,none,ok,False,15.12849012895351,False,False
FIRE/P24|canonical,FIRE,canonical,rectangle,ok,False,15.12849012895351,False,False
FIRE/P24|canonical,FIRE,canonical,fov,ok,False,15.12849012895351,False,False
FIRE/P26|canonical,FIRE,canonical,none,ok,False,21.92711340964583,True,False
FIRE/P26|canonical,FIRE,canonical,rectangle,ok,False,21.92711340964583,True,False
FIRE/P26|canonical,FIRE,canonical,fov,ok,False,21.92711340964583,True,False
FIRE/P28|canonical,FIRE,canonical,none,ok,False,14.090870433096052,False,False
FIRE/P28|canonical,FIRE,canonical,rectangle,ok,False,14.090870433096052,False,False
FIRE/P28|canonical,FIRE,canonical,fov,ok,False,14.090870433096052,False,False
FIRE/P30|canonical,FIRE,canonical,none,ok,False,27.876738137690943,True,False
FIRE/P30|canonical,FIRE,canonical,rectangle,ok,False,27.876738137690943,True,False
FIRE/P30|canonical,FIRE,canonical,fov,ok,False,27.876738137690943,True,False
FIRE/P32|canonical,FIRE,canonical,none,ok,False,7.796219957261739,False,False
FIRE/P32|canonical,FIRE,canonical,rectangle,ok,False,7.796219957261739,False,False
FIRE/P32|canonical,FIRE,canonical,fov,ok,False,7.796219957261739,False,False
FIRE/P34|canonical,FIRE,canonical,none,ok,False,19.256385522389717,False,False
FIRE/P34|canonical,FIRE,canonical,rectangle,ok,False,19.256385522389717,False,False
FIRE/P34|canonical,FIRE,canonical,fov,ok,False,19.256385522389717,False,False
FIRE/P36|canonical,FIRE,canonical,none,ok,False,31.830088049170673,True,False
FIRE/P36|canonical,FIRE,canonical,rectangle,ok,False,31.830088049170673,True,False
FIRE/P36|canonical,FIRE,canonical,fov,ok,False,31.830088049170673,True,False
FIRE/P38|canonical,FIRE,canonical,none,ok,False,17.503951579357107,False,False
FIRE/P38|canonical,FIRE,canonical,rectangle,ok,False,17.503951579357107,False,False
FIRE/P38|canonical,FIRE,canonical,fov,ok,False,17.503951579357107,False,False
FIRE/P40|canonical,FIRE,canonical,none,ok,False,10.56382394912502,False,False
FIRE/P40|canonical,FIRE,canonical,rectangle,ok,False,10.56382394912502,False,False
FIRE/P40|canonical,FIRE,canonical,fov,ok,False,10.56382394912502,False,False
FIRE/P42|canonical,FIRE,canonical,none,ok,False,12.517951420025074,False,False
FIRE/P42|canonical,FIRE,canonical,rectangle,ok,False,12.517951420025074,False,False
FIRE/P42|canonical,FIRE,canonical,fov,ok,False,12.517951420025074,False,False
FIRE/P44|canonical,FIRE,canonical,none,ok,False,31.86525238376758,True,False
FIRE/P44|canonical,FIRE,canonical,rectangle,ok,False,31.86525238376758,True,False
FIRE/P44|canonical,FIRE,canonical,fov,ok,False,31.86525238376758,True,False
FIRE/P46|canonical,FIRE,canonical,none,ok,False,13.04484421838676,False,False
FIRE/P46|canonical,FIRE,canonical,rectangle,ok,False,13.04484421838676,False,False
FIRE/P46|canonical,FIRE,canonical,fov,ok,False,13.04484421838676,False,False
FIRE/P48|canonical,FIRE,canonical,none,ok,False,10.578321982039348,False,False
FIRE/P48|canonical,FIRE,canonical,rectangle,ok,False,10.578321982039348,False,False
FIRE/P48|canonical,FIRE,canonical,fov,ok,False,10.578321982039348,False,False
FIRE/S01|canonical,FIRE,canonical,none,ok,False,4.077717170846532,False,False
FIRE/S01|canonical,FIRE,canonical,rectangle,ok,False,4.077717170846532,False,False
FIRE/S01|canonical,FIRE,canonical,fov,ok,False,4.077717170846532,False,False
FIRE/S03|canonical,FIRE,canonical,none,ok,False,4.287057057657152,False,False
FIRE/S03|canonical,FIRE,canonical,rectangle,ok,False,4.287057057657152,False,False
FIRE/S03|canonical,FIRE,canonical,fov,ok,False,4.287057057657152,False,False
FIRE/S05|canonical,FIRE,canonical,none,ok,False,2.8253048939046677,False,False
FIRE/S05|canonical,FIRE,canonical,rectangle,ok,False,2.8253048939046677,False,False
FIRE/S05|canonical,FIRE,canonical,fov,ok,False,2.8253048939046677,False,False
FIRE/S07|canonical,FIRE,canonical,none,ok,False,1.3266716778121708,False,False
FIRE/S07|canonical,FIRE,canonical,rectangle,ok,False,1.3266716778121708,False,False
FIRE/S07|canonical,FIRE,canonical,fov,ok,False,1.3266716778121708,False,False
FIRE/S09|canonical,FIRE,canonical,none,ok,False,1.1866099365523386,False,False
FIRE/S09|canonical,FIRE,canonical,rectangle,ok,False,1.1866099365523386,False,False
FIRE/S09|canonical,FIRE,canonical,fov,ok,False,1.1866099365523386,False,False
FIRE/S11|canonical,FIRE,canonical,none,ok,False,2.1566322974219307,False,False
FIRE/S11|canonical,FIRE,canonical,rectangle,ok,False,2.1566322974219307,False,False
FIRE/S11|canonical,FIRE,canonical,fov,ok,False,2.1566322974219307,False,False
FIRE/S13|canonical,FIRE,canonical,none,ok,False,2.397061972868822,False,False
FIRE/S13|canonical,FIRE,canonical,rectangle,ok,False,2.397061972868822,False,False
FIRE/S13|canonical,FIRE,canonical,fov,ok,False,2.397061972868822,False,False
FIRE/S15|canonical,FIRE,canonical,none,ok,False,2.36119293509233,False,False
FIRE/S15|canonical,FIRE,canonical,rectangle,ok,False,2.36119293509233,False,False
FIRE/S15|canonical,FIRE,canonical,fov,ok,False,2.36119293509233,False,False
FIRE/S17|canonical,FIRE,canonical,none,ok,False,2.2616392020854454,False,False
FIRE/S17|canonical,FIRE,canonical,rectangle,ok,False,2.2616392020854454,False,False
FIRE/S17|canonical,FIRE,canonical,fov,ok,False,2.2616392020854454,False,False
FIRE/S19|canonical,FIRE,canonical,none,ok,False,1.681180592218671,False,False
FIRE/S19|canonical,FIRE,canonical,rectangle,ok,False,1.681180592218671,False,False
FIRE/S19|canonical,FIRE,canonical,fov,ok,False,1.681180592218671,False,False
FIRE/S21|canonical,FIRE,canonical,none,ok,False,2.014215251695055,False,False
FIRE/S21|canonical,FIRE,canonical,rectangle,ok,False,2.014215251695055,False,False
FIRE/S21|canonical,FIRE,canonical,fov,ok,False,2.014215251695055,False,False
FIRE/S23|canonical,FIRE,canonical,none,ok,False,2.409041785590201,False,False
FIRE/S23|canonical,FIRE,canonical,rectangle,ok,False,2.409041785590201,False,False
FIRE/S23|canonical,FIRE,canonical,fov,ok,False,2.409041785590201,False,False
FIRE/S25|canonical,FIRE,canonical,none,ok,False,1.3955423133192169,False,False
FIRE/S25|canonical,FIRE,canonical,rectangle,ok,False,1.3955423133192169,False,False
FIRE/S25|canonical,FIRE,canonical,fov,ok,False,1.3955423133192169,False,False
FIRE/S27|canonical,FIRE,canonical,none,ok,False,1.4803728612266986,False,False
FIRE/S27|canonical,FIRE,canonical,rectangle,ok,False,1.4803728612266986,False,False
FIRE/S27|canonical,FIRE,canonical,fov,ok,False,1.4803728612266986,False,False
FIRE/S29|canonical,FIRE,canonical,none,ok,False,1.7755815178741592,False,False
FIRE/S29|canonical,FIRE,canonical,rectangle,ok,False,1.7755815178741592,False,False
FIRE/S29|canonical,FIRE,canonical,fov,ok,False,1.7755815178741592,False,False
FIRE/S31|canonical,FIRE,canonical,none,ok,False,1.7231823511520301,False,False
FIRE/S31|canonical,FIRE,canonical,rectangle,ok,False,1.7231823511520301,False,False
FIRE/S31|canonical,FIRE,canonical,fov,ok,False,1.7231823511520301,False,False
FIRE/S33|canonical,FIRE,canonical,none,ok,False,1.4202673882364873,False,False
FIRE/S33|canonical,FIRE,canonical,rectangle,ok,False,1.4202673882364873,False,False
FIRE/S33|canonical,FIRE,canonical,fov,ok,False,1.4202673882364873,False,False
FIRE/S35|canonical,FIRE,canonical,none,ok,False,1.8858706338138755,False,False
FIRE/S35|canonical,FIRE,canonical,rectangle,ok,False,1.8858706338138755,False,False
FIRE/S35|canonical,FIRE,canonical,fov,ok,False,1.8858706338138755,False,False
FIRE/S37|canonical,FIRE,canonical,none,ok,False,1.4486138966818118,False,False
FIRE/S37|canonical,FIRE,canonical,rectangle,ok,False,1.4486138966818118,False,False
FIRE/S37|canonical,FIRE,canonical,fov,ok,False,1.4486138966818118,False,False
FIRE/S39|canonical,FIRE,canonical,none,ok,False,1.130990450868293,False,False
FIRE/S39|canonical,FIRE,canonical,rectangle,ok,False,1.130990450868293,False,False
FIRE/S39|canonical,FIRE,canonical,fov,ok,False,1.130990450868293,False,False
FIRE/S41|canonical,FIRE,canonical,none,ok,False,1.956032315215991,False,False
FIRE/S41|canonical,FIRE,canonical,rectangle,ok,False,1.956032315215991,False,False
FIRE/S41|canonical,FIRE,canonical,fov,ok,False,1.956032315215991,False,False
FIRE/S43|canonical,FIRE,canonical,none,ok,False,1.5823203594574033,False,False
FIRE/S43|canonical,FIRE,canonical,rectangle,ok,False,1.5823203594574033,False,False
FIRE/S43|canonical,FIRE,canonical,fov,ok,False,1.5823203594574033,False,False
FIRE/S45|canonical,FIRE,canonical,none,ok,False,1.5981377834273616,False,False
FIRE/S45|canonical,FIRE,canonical,rectangle,ok,False,1.5981377834273616,False,False
FIRE/S45|canonical,FIRE,canonical,fov,ok,False,1.5981377834273616,False,False
FIRE/S47|canonical,FIRE,canonical,none,ok,False,1.5535069857995039,False,False
FIRE/S47|canonical,FIRE,canonical,rectangle,ok,False,1.5535069857995039,False,False
FIRE/S47|canonical,FIRE,canonical,fov,ok,False,1.5535069857995039,False,False
FIRE/S49|canonical,FIRE,canonical,none,ok,False,1.9644432536061038,False,False
FIRE/S49|canonical,FIRE,canonical,rectangle,ok,False,1.9644432536061038,False,False
FIRE/S49|canonical,FIRE,canonical,fov,ok,False,1.9644432536061038,False,False
FIRE/S51|canonical,FIRE,canonical,none,ok,False,1.4341434155788941,False,False
FIRE/S51|canonical,FIRE,canonical,rectangle,ok,False,1.4341434155788941,False,False
FIRE/S51|canonical,FIRE,canonical,fov,ok,False,1.4341434155788941,False,False
FIRE/S53|canonical,FIRE,canonical,none,ok,False,3.495099423907926,False,False
FIRE/S53|canonical,FIRE,canonical,rectangle,ok,False,3.495099423907926,False,False
FIRE/S53|canonical,FIRE,canonical,fov,ok,False,3.495099423907926,False,False
FIRE/S55|canonical,FIRE,canonical,none,ok,False,2.279134341977019,False,False
FIRE/S55|canonical,FIRE,canonical,rectangle,ok,False,2.279134341977019,False,False
FIRE/S55|canonical,FIRE,canonical,fov,ok,False,2.279134341977019,False,False
FIRE/S57|canonical,FIRE,canonical,none,ok,False,1.997122933822618,False,False
FIRE/S57|canonical,FIRE,canonical,rectangle,ok,False,1.997122933822618,False,False
FIRE/S57|canonical,FIRE,canonical,fov,ok,False,1.997122933822618,False,False
FIRE/S59|canonical,FIRE,canonical,none,ok,False,3.8789136205925656,False,False
FIRE/S59|canonical,FIRE,canonical,rectangle,ok,False,3.8789136205925656,False,False
FIRE/S59|canonical,FIRE,canonical,fov,ok,False,3.8789136205925656,False,False
FIRE/S61|canonical,FIRE,canonical,none,ok,False,1.6208199166253725,False,False
FIRE/S61|canonical,FIRE,canonical,rectangle,ok,False,1.6208199166253725,False,False
FIRE/S61|canonical,FIRE,canonical,fov,ok,False,1.6208199166253725,False,False
FIRE/S63|canonical,FIRE,canonical,none,ok,False,3.43110285465013,False,False
FIRE/S63|canonical,FIRE,canonical,rectangle,ok,False,3.43110285465013,False,False
FIRE/S63|canonical,FIRE,canonical,fov,ok,False,3.43110285465013,False,False
FIRE/S65|canonical,FIRE,canonical,none,ok,False,1.5924736334565814,False,False
FIRE/S65|canonical,FIRE,canonical,rectangle,ok,False,1.5924736334565814,False,False
FIRE/S65|canonical,FIRE,canonical,fov,ok,False,1.5924736334565814,False,False
FIRE/S67|canonical,FIRE,canonical,none,ok,False,1.8509024269640413,False,False
FIRE/S67|canonical,FIRE,canonical,rectangle,ok,False,1.8509024269640413,False,False
FIRE/S67|canonical,FIRE,canonical,fov,ok,False,1.8509024269640413,False,False
FIRE/S69|canonical,FIRE,canonical,none,ok,False,6.290975567556993,False,False
FIRE/S69|canonical,FIRE,canonical,rectangle,ok,False,6.290975567556993,False,False
FIRE/S69|canonical,FIRE,canonical,fov,ok,False,6.290975567556993,False,False
FIRE/S71|canonical,FIRE,canonical,none,ok,False,5.617686727304725,False,False
FIRE/S71|canonical,FIRE,canonical,rectangle,ok,False,5.617686727304725,False,False
FIRE/S71|canonical,FIRE,canonical,fov,ok,False,5.617686727304725,False,False
COph100/001/001_F_GA41_BW2905_PA47_DG11_PF0_D1_S02_3__001_F_GA41_BW2905_PA50_DG11_PF0_D1_S03_8|canonical,COph100,canonical,none,degenerate_fit,False,,True,False
COph100/001/001_F_GA41_BW2905_PA47_DG11_PF0_D1_S02_3__001_F_GA41_BW2905_PA50_DG11_PF0_D1_S03_8|canonical,COph100,canonical,rectangle,ok,False,2.882798848668329,False,False
COph100/001/001_F_GA41_BW2905_PA47_DG11_PF0_D1_S02_3__001_F_GA41_BW2905_PA50_DG11_PF0_D1_S03_8|canonical,COph100,canonical,fov,degenerate_fit,False,,True,False
COph100/002/002_M_GA40_BW4040_PA41_DG11_PF0_D1_S01_2__002_M_GA40_BW4040_PA43_DG11_PF0_D1_S02_2|canonical,COph100,canonical,none,ok,False,2.837184837174228,False,False
COph100/002/002_M_GA40_BW4040_PA41_DG11_PF0_D1_S01_2__002_M_GA40_BW4040_PA43_DG11_PF0_D1_S02_2|canonical,COph100,canonical,rectangle,ok,False,2.837184837174228,False,False
COph100/002/002_M_GA40_BW4040_PA41_DG11_PF0_D1_S01_2__002_M_GA40_BW4040_PA43_DG11_PF0_D1_S02_2|canonical,COph100,canonical,fov,ok,False,2.837184837174228,False,False
COph100/003/003_F_GA41_BW3950_PA42_DG11_PF0_D1_S01_4__003_F_GA41_BW3950_PA56_DG11_PF0_D1_S02_5|canonical,COph100,canonical,none,no_matches,False,,True,False
COph100/003/003_F_GA41_BW3950_PA42_DG11_PF0_D1_S01_4__003_F_GA41_BW3950_PA56_DG11_PF0_D1_S02_5|canonical,COph100,canonical,rectangle,no_matches,False,,True,False
COph100/003/003_F_GA41_BW3950_PA42_DG11_PF0_D1_S01_4__003_F_GA41_BW3950_PA56_DG11_PF0_D1_S02_5|canonical,COph100,canonical,fov,no_matches,False,,True,False
COph100/005-1/005_F_GA41_BW3400_PA48_DG11_PF0_D1_S02_1__005_F_GA41_BW3400_PA52_DG11_PF0_D1_S03_5|canonical,COph100,canonical,none,ok,False,6.468357265828274,True,False
COph100/005-1/005_F_GA41_BW3400_PA48_DG11_PF0_D1_S02_1__005_F_GA41_BW3400_PA52_DG11_PF0_D1_S03_5|canonical,COph100,canonical,rectangle,ok,False,6.468357265828274,True,False
COph100/005-1/005_F_GA41_BW3400_PA48_DG11_PF0_D1_S02_1__005_F_GA41_BW3400_PA52_DG11_PF0_D1_S03_5|canonical,COph100,canonical,fov,ok,False,6.468357265828274,True,False
COph100/007/007_F_GA31_BW950_PA33_DG11_PF0_D1_S01_1__007_F_GA31_BW950_PA35_DG11_PF0_D1_S02_6|canonical,COph100,canonical,none,ok,False,3.6575713494520627,False,False
COph100/007/007_F_GA31_BW950_PA33_DG11_PF0_D1_S01_1__007_F_GA31_BW950_PA35_DG11_PF0_D1_S02_6|canonical,COph100,canonical,rectangle,ok,False,3.6575713494520627,False,False
COph100/007/007_F_GA31_BW950_PA33_DG11_PF0_D1_S01_1__007_F_GA31_BW950_PA35_DG11_PF0_D1_S02_6|canonical,COph100,canonical,fov,ok,False,3.6575713494520627,False,False
COph100/008-1/008_F_GA39_BW2700_PA40_DG11_PF0_D1_S01_10__008_F_GA39_BW2700_PA43_DG11_PF0_D1_S03_8|canonical,COph100,canonical,none,ok,False,10.100683523499644,True,False
COph100/008-1/008_F_GA39_BW2700_PA40_DG11_PF0_D1_S01_10__008_F_GA39_BW2700_PA43_DG11_PF0_D1_S03_8|canonical,COph100,canonical,rectangle,ok,False,10.100683523499644,True,False
COph100/008-1/008_F_GA39_BW2700_PA40_DG11_PF0_D1_S01_10__008_F_GA39_BW2700_PA43_DG11_PF0_D1_S03_8|canonical,COph100,canonical,fov,ok,False,10.100683523499644,True,False
COph100/008-1/008_F_GA39_BW2700_PA43_DG11_PF0_D1_S03_8__008_F_GA39_BW2700_PA47_DG11_PF0_D1_S04_2|canonical,COph100,canonical,none,degenerate_fit,False,,True,False
COph100/008-1/008_F_GA39_BW2700_PA43_DG11_PF0_D1_S03_8__008_F_GA39_BW2700_PA47_DG11_PF0_D1_S04_2|canonical,COph100,canonical,rectangle,ok,False,14.78246433439968,True,False
COph100/008-1/008_F_GA39_BW2700_PA43_DG11_PF0_D1_S03_8__008_F_GA39_BW2700_PA47_DG11_PF0_D1_S04_2|canonical,COph100,canonical,fov,ok,False,9.5106798524922,True,False
COph100/008/008_F_GA39_BW2700_PA41_DG11_PF0_D1_S02_28__008_F_GA39_BW2700_PA43_DG11_PF0_D1_S03_14|canonical,COph100,canonical,none,ok,False,2.5478189830512465,False,False
COph100/008/008_F_GA39_BW2700_PA41_DG11_PF0_D1_S02_28__008_F_GA39_BW2700_PA43_DG11_PF0_D1_S03_14|canonical,COph100,canonical,rectangle,ok,False,2.5478189830512465,False,False
COph100/008/008_F_GA39_BW2700_PA41_DG11_PF0_D1_S02_28__008_F_GA39_BW2700_PA43_DG11_PF0_D1_S03_14|canonical,COph100,canonical,fov,ok,False,2.5478189830512465,False,False
COph100/009/009_M_GA38_BW2850_PA39_DG11_PF0_D1_S01_7__009_M_GA38_BW2850_PA42_DG11_PF0_D1_S02_2|canonical,COph100,canonical,none,ok,False,2.9372072005548526,False,False
COph100/009/009_M_GA38_BW2850_PA39_DG11_PF0_D1_S01_7__009_M_GA38_BW2850_PA42_DG11_PF0_D1_S02_2|canonical,COph100,canonical,rectangle,ok,False,2.9372072005548526,False,False
COph100/009/009_M_GA38_BW2850_PA39_DG11_PF0_D1_S01_7__009_M_GA38_BW2850_PA42_DG11_PF0_D1_S02_2|canonical,COph100,canonical,fov,ok,False,2.9372072005548526,False,False
COph100/010/010_M_GA39_BW3550_PA39_DG11_PF0_D1_S01_2__010_M_GA39_BW3550_PA60_DG11_PF0_D1_S05_3|canonical,COph100,canonical,none,no_matches,False,,True,False
COph100/010/010_M_GA39_BW3550_PA39_DG11_PF0_D1_S01_2__010_M_GA39_BW3550_PA60_DG11_PF0_D1_S05_3|canonical,COph100,canonical,rectangle,no_matches,False,,True,False
COph100/010/010_M_GA39_BW3550_PA39_DG11_PF0_D1_S01_2__010_M_GA39_BW3550_PA60_DG11_PF0_D1_S05_3|canonical,COph100,canonical,fov,no_matches,False,,True,False
COph100/010/010_M_GA39_BW3550_PA50_DG11_PF0_D1_S03_3__010_M_GA39_BW3550_PA53_DG11_PF0_D1_S04_7|canonical,COph100,canonical,none,ok,False,5.488033639875221,True,False
COph100/010/010_M_GA39_BW3550_PA50_DG11_PF0_D1_S03_3__010_M_GA39_BW3550_PA53_DG11_PF0_D1_S04_7|canonical,COph100,canonical,rectangle,ok,False,5.488033639875221,True,False
COph100/010/010_M_GA39_BW3550_PA50_DG11_PF0_D1_S03_3__010_M_GA39_BW3550_PA53_DG11_PF0_D1_S04_7|canonical,COph100,canonical,fov,ok,False,5.488033639875221,True,False
COph100/011-1/011_M_GA40_BW3510_PA72_DG10_PF0_D1_S01_9__011_M_GA40_BW3510_PA89_DG10_PF0_D1_S02_3|canonical,COph100,canonical,none,ok,False,9.96973590336828,True,False
COph100/011-1/011_M_GA40_BW3510_PA72_DG10_PF0_D1_S01_9__011_M_GA40_BW3510_PA89_DG10_PF0_D1_S02_3|canonical,COph100,canonical,rectangle,ok,False,9.96973590336828,True,False
COph100/011-1/011_M_GA40_BW3510_PA72_DG10_PF0_D1_S01_9__011_M_GA40_BW3510_PA89_DG10_PF0_D1_S02_3|canonical,COph100,canonical,fov,ok,False,9.96973590336828,True,False
COph100/011/011_M_GA40_BW3510_PA89_DG10_PF0_D1_S02_14__011_M_GA40_BW3510_PA113_DG10_PF0_D1_S03_2|canonical,COph100,canonical,none,ok,False,30.40953863406129,True,False
COph100/011/011_M_GA40_BW3510_PA89_DG10_PF0_D1_S02_14__011_M_GA40_BW3510_PA113_DG10_PF0_D1_S03_2|canonical,COph100,canonical,rectangle,ok,False,30.40953863406129,True,False
COph100/011/011_M_GA40_BW3510_PA89_DG10_PF0_D1_S02_14__011_M_GA40_BW3510_PA113_DG10_PF0_D1_S03_2|canonical,COph100,canonical,fov,ok,False,30.40953863406129,True,False
COph100/013-1/013_F_GA39_BW3390_PA40_DG11_PF0_D1_S01_9__013_F_GA39_BW3390_PA45_DG11_PF0_D1_S03_19|canonical,COph100,canonical,none,degenerate_fit,False,,True,False
COph100/013-1/013_F_GA39_BW3390_PA40_DG11_PF0_D1_S01_9__013_F_GA39_BW3390_PA45_DG11_PF0_D1_S03_19|canonical,COph100,canonical,rectangle,ok,False,357.27049354643043,True,False
COph100/013-1/013_F_GA39_BW3390_PA40_DG11_PF0_D1_S01_9__013_F_GA39_BW3390_PA45_DG11_PF0_D1_S03_19|canonical,COph100,canonical,fov,degenerate_fit,False,,True,False
COph100/013/013_F_GA39_BW3390_PA42_DG11_PF0_D1_S02_14__013_F_GA39_BW3390_PA45_DG11_PF0_D1_S03_11|canonical,COph100,canonical,none,ok,False,10.1215464730595,True,False
COph100/013/013_F_GA39_BW3390_PA42_DG11_PF0_D1_S02_14__013_F_GA39_BW3390_PA45_DG11_PF0_D1_S03_11|canonical,COph100,canonical,rectangle,ok,False,10.1215464730595,True,False
COph100/013/013_F_GA39_BW3390_PA42_DG11_PF0_D1_S02_14__013_F_GA39_BW3390_PA45_DG11_PF0_D1_S03_11|canonical,COph100,canonical,fov,ok,False,10.1215464730595,True,False
COph100/017-1/017_M_GA31_BW1660_PA33_DG11_PF0_D1_S01_6__017_M_GA31_BW1660_PA37_DG11_PF0_D1_S02_16|canonical,COph100,canonical,none,degenerate_fit,False,,True,False
COph100/017-1/017_M_GA31_BW1660_PA33_DG11_PF0_D1_S01_6__017_M_GA31_BW1660_PA37_DG11_PF0_D1_S02_16|canonical,COph100,canonical,rectangle,ok,False,8.952089477535868,True,False
COph100/017-1/017_M_GA31_BW1660_PA33_DG11_PF0_D1_S01_6__017_M_GA31_BW1660_PA37_DG11_PF0_D1_S02_16|canonical,COph100,canonical,fov,degenerate_fit,False,,True,False
COph100/019/019_M_GA35_BW3050_PA41_DG11_PF0_D1_S02_8__019_M_GA35_BW3050_PA53_DG11_PF0_D1_S04_2|canonical,COph100,canonical,none,degenerate_fit,False,,True,False
COph100/019/019_M_GA35_BW3050_PA41_DG11_PF0_D1_S02_8__019_M_GA35_BW3050_PA53_DG11_PF0_D1_S04_2|canonical,COph100,canonical,rectangle,ok,False,93.07523718668685,True,False
COph100/019/019_M_GA35_BW3050_PA41_DG11_PF0_D1_S02_8__019_M_GA35_BW3050_PA53_DG11_PF0_D1_S04_2|canonical,COph100,canonical,fov,ok,False,283.76814397367724,True,True
COph100/020/020_F_GA39_BW3600_PA47_DG11_PF0_D1_S02_1__020_F_GA39_BW3600_PA54_DG11_PF0_D1_S03_1|canonical,COph100,canonical,none,ok,False,2.4547085209997603,False,False
COph100/020/020_F_GA39_BW3600_PA47_DG11_PF0_D1_S02_1__020_F_GA39_BW3600_PA54_DG11_PF0_D1_S03_1|canonical,COph100,canonical,rectangle,ok,False,2.4547085209997603,False,False
COph100/020/020_F_GA39_BW3600_PA47_DG11_PF0_D1_S02_1__020_F_GA39_BW3600_PA54_DG11_PF0_D1_S03_1|canonical,COph100,canonical,fov,ok,False,2.4547085209997603,False,False
COph100/021/021_M_GA41_BW3670_PA42_DG11_PF0_D1_S01_1__021_M_GA41_BW3670_PA43_DG11_PF0_D1_S02_10|canonical,COph100,canonical,none,ok,False,3.2988700501985138,False,False
COph100/021/021_M_GA41_BW3670_PA42_DG11_PF0_D1_S01_1__021_M_GA41_BW3670_PA43_DG11_PF0_D1_S02_10|canonical,COph100,canonical,rectangle,ok,False,3.2988700501985138,False,False
COph100/021/021_M_GA41_BW3670_PA42_DG11_PF0_D1_S01_1__021_M_GA41_BW3670_PA43_DG11_PF0_D1_S02_10|canonical,COph100,canonical,fov,ok,False,3.2988700501985138,False,False
COph100/022/022_M_GA40_BW3400_PA41_DG11_PF0_D1_S01_2__022_M_GA40_BW3400_PA44_DG11_PF0_D1_S02_8|canonical,COph100,canonical,none,degenerate_fit,False,,True,False
COph100/022/022_M_GA40_BW3400_PA41_DG11_PF0_D1_S01_2__022_M_GA40_BW3400_PA44_DG11_PF0_D1_S02_8|canonical,COph100,canonical,rectangle,ok,True,27.987479434463854,True,False
COph100/022/022_M_GA40_BW3400_PA41_DG11_PF0_D1_S01_2__022_M_GA40_BW3400_PA44_DG11_PF0_D1_S02_8|canonical,COph100,canonical,fov,degenerate_fit,False,,True,False
COph100/025-1/025_F_GA35_BW2370_PA36_DG11_PF0_D1_S01_5__025_F_GA35_BW2370_PA41_DG11_PF0_D1_S02_5|canonical,COph100,canonical,none,ok,False,2786.94563295874,True,True
COph100/025-1/025_F_GA35_BW2370_PA36_DG11_PF0_D1_S01_5__025_F_GA35_BW2370_PA41_DG11_PF0_D1_S02_5|canonical,COph100,canonical,rectangle,ok,False,42.72758011718999,True,False
COph100/025-1/025_F_GA35_BW2370_PA36_DG11_PF0_D1_S01_5__025_F_GA35_BW2370_PA41_DG11_PF0_D1_S02_5|canonical,COph100,canonical,fov,ok,False,42.72758011718999,True,False
COph100/026-1/026_M_GA33_BW1700_PA34_DG11_PF0_D1_S01_10__026_M_GA33_BW1700_PA40_DG11_PF0_D1_S04_1|canonical,COph100,canonical,none,ok,False,15.9279334234235,True,False
COph100/026-1/026_M_GA33_BW1700_PA34_DG11_PF0_D1_S01_10__026_M_GA33_BW1700_PA40_DG11_PF0_D1_S04_1|canonical,COph100,canonical,rectangle,ok,False,15.9279334234235,True,False
COph100/026-1/026_M_GA33_BW1700_PA34_DG11_PF0_D1_S01_10__026_M_GA33_BW1700_PA40_DG11_PF0_D1_S04_1|canonical,COph100,canonical,fov,ok,False,15.9279334234235,True,False
COph100/026-1/026_M_GA33_BW1700_PA36_DG11_PF0_D1_S02_6__026_M_GA33_BW1700_PA42_DG11_PF0_D1_S05_6|canonical,COph100,canonical,none,ok,False,10.646407669418576,True,False
COph100/026-1/026_M_GA33_BW1700_PA36_DG11_PF0_D1_S02_6__026_M_GA33_BW1700_PA42_DG11_PF0_D1_S05_6|canonical,COph100,canonical,rectangle,ok,False,10.646407669418576,True,False
COph100/026-1/026_M_GA33_BW1700_PA36_DG11_PF0_D1_S02_6__026_M_GA33_BW1700_PA42_DG11_PF0_D1_S05_6|canonical,COph100,canonical,fov,ok,False,10.646407669418576,True,False
COph100/026/026_M_GA33_BW1700_PA34_DG11_PF0_D1_S01_2__026_M_GA33_BW1700_PA36_DG11_PF0_D1_S02_10|canonical,COph100,canonical,none,ok,False,5.45826180487736,True,False
COph100/026/026_M_GA33_BW1700_PA34_DG11_PF0_D1_S01_2__026_M_GA33_BW1700_PA36_DG11_PF0_D1_S02_10|canonical,COph100,canonical,rectangle,ok,False,5.45826180487736,True,False
COph100/026/026_M_GA33_BW1700_PA34_DG11_PF0_D1_S01_2__026_M_GA33_BW1700_PA36_DG11_PF0_D1_S02_10|canonical,COph100,canonical,fov,ok,False,5.45826180487736,True,False
COph100/026/026_M_GA33_BW1700_PA36_DG11_PF0_D1_S02_10__026_M_GA33_BW1700_PA38_DG11_PF0_D1_S03_2|canonical,COph100,canonical,none,ok,False,5.033847377364154,True,False
COph100/026/026_M_GA33_BW1700_PA36_DG11_PF0_D1_S02_10__026_M_GA33_BW1700_PA38_DG11_PF0_D1_S03_2|canonical,COph100,canonical,rectangle,ok,False,5.033847377364154,True,False
COph100/026/026_M_GA33_BW1700_PA36_DG11_PF0_D1_S02_10__026_M_GA33_BW1700_PA38_DG11_PF0_D1_S03_2|canonical,COph100,canonical,fov,ok,False,5.033847377364154,True,False
COph100/026/026_M_GA33_BW1700_PA38_DG11_PF0_D1_S03_2__026_M_GA33_BW1700_PA42_DG11_PF0_D1_S05_8|canonical,COph100,canonical,none,degenerate_fit,False,,True,False
COph100/026/026_M_GA33_BW1700_PA38_DG11_PF0_D1_S03_2__026_M_GA33_BW1700_PA42_DG11_PF0_D1_S05_8|canonical,COph100,canonical,rectangle,ok,False,6.743750106073361,True,False
COph100/026/026_M_GA33_BW1700_PA38_DG11_PF0_D1_S03_2__026_M_GA33_BW1700_PA42_DG11_PF0_D1_S05_8|canonical,COph100,canonical,fov,degenerate_fit,False,,True,False
COph100/027/027_F_GA31_BW1460_PA33_DG11_PF0_D1_S01_4__027_F_GA31_BW1460_PA40_DG11_PF0_D1_S04_7|canonical,COph100,canonical,none,degenerate_fit,False,,True,False
COph100/027/027_F_GA31_BW1460_PA33_DG11_PF0_D1_S01_4__027_F_GA31_BW1460_PA40_DG11_PF0_D1_S04_7|canonical,COph100,canonical,rectangle,degenerate_fit,False,,True,False
COph100/027/027_F_GA31_BW1460_PA33_DG11_PF0_D1_S01_4__027_F_GA31_BW1460_PA40_DG11_PF0_D1_S04_7|canonical,COph100,canonical,fov,degenerate_fit,False,,True,False
COph100/028-1/028_F_GA32_BW1760_PA33_DG0_PF0_D1_S01_6__028_F_GA32_BW1760_PA38_DG0_PF0_D1_S02_7|canonical,COph100,canonical,none,degenerate_fit,False,,True,False
COph100/028-1/028_F_GA32_BW1760_PA33_DG0_PF0_D1_S01_6__028_F_GA32_BW1760_PA38_DG0_PF0_D1_S02_7|canonical,COph100,canonical,rectangle,ok,False,14.972642732613545,True,False
COph100/028-1/028_F_GA32_BW1760_PA33_DG0_PF0_D1_S01_6__028_F_GA32_BW1760_PA38_DG0_PF0_D1_S02_7|canonical,COph100,canonical,fov,degenerate_fit,False,,True,False
COph100/028/028_F_GA32_BW1760_PA33_DG0_PF0_D1_S01_2__028_F_GA32_BW1760_PA41_DG0_PF0_D1_S03_2|canonical,COph100,canonical,none,ok,False,14.023138033914393,True,False
COph100/028/028_F_GA32_BW1760_PA33_DG0_PF0_D1_S01_2__028_F_GA32_BW1760_PA41_DG0_PF0_D1_S03_2|canonical,COph100,canonical,rectangle,ok,False,14.023138033914393,True,False
COph100/028/028_F_GA32_BW1760_PA33_DG0_PF0_D1_S01_2__028_F_GA32_BW1760_PA41_DG0_PF0_D1_S03_2|canonical,COph100,canonical,fov,ok,False,14.023138033914393,True,False
COph100/031-1/031_M_GA25_BW910_PA32_DG2_PF0_D1_S01_6__031_M_GA25_BW910_PA35_DG3_PF0_D1_S04_7|canonical,COph100,canonical,none,degenerate_fit,False,,True,False
COph100/031-1/031_M_GA25_BW910_PA32_DG2_PF0_D1_S01_6__031_M_GA25_BW910_PA35_DG3_PF0_D1_S04_7|canonical,COph100,canonical,rectangle,degenerate_fit,False,,True,False
COph100/031-1/031_M_GA25_BW910_PA32_DG2_PF0_D1_S01_6__031_M_GA25_BW910_PA35_DG3_PF0_D1_S04_7|canonical,COph100,canonical,fov,degenerate_fit,False,,True,False
COph100/031-1/031_M_GA25_BW910_PA32_DG2_PF0_D1_S01_6__031_M_GA25_BW910_PA40_DG2_PF0_D1_S08_4|canonical,COph100,canonical,none,degenerate_fit,False,,True,False
COph100/031-1/031_M_GA25_BW910_PA32_DG2_PF0_D1_S01_6__031_M_GA25_BW910_PA40_DG2_PF0_D1_S08_4|canonical,COph100,canonical,rectangle,degenerate_fit,False,,True,False
COph100/031-1/031_M_GA25_BW910_PA32_DG2_PF0_D1_S01_6__031_M_GA25_BW910_PA40_DG2_PF0_D1_S08_4|canonical,COph100,canonical,fov,degenerate_fit,False,,True,False
COph100/031-1/031_M_GA25_BW910_PA33_DG3_PF0_D1_S02_8__031_M_GA25_BW910_PA36_DG3_PF0_D1_S05_10|canonical,COph100,canonical,none,degenerate_fit,False,,True,False
COph100/031-1/031_M_GA25_BW910_PA33_DG3_PF0_D1_S02_8__031_M_GA25_BW910_PA36_DG3_PF0_D1_S05_10|canonical,COph100,canonical,rectangle,ok,False,13.132176545634982,True,False
COph100/031-1/031_M_GA25_BW910_PA33_DG3_PF0_D1_S02_8__031_M_GA25_BW910_PA36_DG3_PF0_D1_S05_10|canonical,COph100,canonical,fov,degenerate_fit,False,,True,False
COph100/031-1/031_M_GA25_BW910_PA33_DG3_PF0_D1_S02_8__031_M_GA25_BW910_PA43_DG9_PF0_D1_S09_4|canonical,COph100,canonical,none,ok,False,12.17777729586479,True,False
COph100/031-1/031_M_GA25_BW910_PA33_DG3_PF0_D1_S02_8__031_M_GA25_BW910_PA43_DG9_PF0_D1_S09_4|canonical,COph100,canonical,rectangle,ok,False,12.17777729586479,True,False
COph100/031-1/031_M_GA25_BW910_PA33_DG3_PF0_D1_S02_8__031_M_GA25_BW910_PA43_DG9_PF0_D1_S09_4|canonical,COph100,canonical,fov,ok,False,12.17777729586479,True,False
COph100/031-1/031_M_GA25_BW910_PA34_DG3_PF0_D1_S03_4__031_M_GA25_BW910_PA38_DG3_PF0_D1_S07_3|canonical,COph100,canonical,none,ok,False,2.145288964883018,False,False
COph100/031-1/031_M_GA25_BW910_PA34_DG3_PF0_D1_S03_4__031_M_GA25_BW910_PA38_DG3_PF0_D1_S07_3|canonical,COph100,canonical,rectangle,ok,False,2.145288964883018,False,False
COph100/031-1/031_M_GA25_BW910_PA34_DG3_PF0_D1_S03_4__031_M_GA25_BW910_PA38_DG3_PF0_D1_S07_3|canonical,COph100,canonical,fov,ok,False,2.145288964883018,False,False
COph100/031-1/031_M_GA25_BW910_PA35_DG3_PF0_D1_S04_7__031_M_GA25_BW910_PA37_DG3_PF0_D1_S06_10|canonical,COph100,canonical,none,ok,False,3.1347306629537983,False,False
COph100/031-1/031_M_GA25_BW910_PA35_DG3_PF0_D1_S04_7__031_M_GA25_BW910_PA37_DG3_PF0_D1_S06_10|canonical,COph100,canonical,rectangle,ok,False,3.1347306629537983,False,False
COph100/031-1/031_M_GA25_BW910_PA35_DG3_PF0_D1_S04_7__031_M_GA25_BW910_PA37_DG3_PF0_D1_S06_10|canonical,COph100,canonical,fov,ok,False,3.1347306629537983,False,False
COph100/031-1/031_M_GA25_BW910_PA36_DG3_PF0_D1_S05_10__031_M_GA25_BW910_PA37_DG3_PF0_D1_S06_10|canonical,COph100,canonical,none,ok,False,3.715099046607551,False,False
COph100/031-1/031_M_GA25_BW910_PA36_DG3_PF0_D1_S05_10__031_M_GA25_BW910_PA37_DG3_PF0_D1_S06_10|canonical,COph100,canonical,rectangle,ok,False,3.715099046607551,False,False
COph100/031-1/031_M_GA25_BW910_PA36_DG3_PF0_D1_S05_10__031_M_GA25_BW910_PA37_DG3_PF0_D1_S06_10|canonical,COph100,canonical,fov,ok,False,3.715099046607551,False,False
COph100/031-1/031_M_GA25_BW910_PA37_DG3_PF0_D1_S06_10__031_M_GA25_BW910_PA38_DG3_PF0_D1_S07_3|canonical,COph100,canonical,none,ok,False,2.2210261704333893,False,False
COph100/031-1/031_M_GA25_BW910_PA37_DG3_PF0_D1_S06_10__031_M_GA25_BW910_PA38_DG3_PF0_D1_S07_3|canonical,COph100,canonical,rectangle,ok,False,2.2210261704333893,False,False
COph100/031-1/031_M_GA25_BW910_PA37_DG3_PF0_D1_S06_10__031_M_GA25_BW910_PA38_DG3_PF0_D1_S07_3|canonical,COph100,canonical,fov,ok,False,2.2210261704333893,False,False
COph100/031-1/031_M_GA25_BW910_PA38_DG3_PF0_D1_S07_3__031_M_GA25_BW910_PA43_DG9_PF0_D1_S09_4|canonical,COph100,canonical,none,ok,False,6.271551819027033,True,False
COph100/031-1/031_M_GA25_BW910_PA38_DG3_PF0_D1_S07_3__031_M_GA25_BW910_PA43_DG9_PF0_D1_S09_4|canonical,COph100,canonical,rectangle,ok,False,6.271551819027033,True,False
COph100/031-1/031_M_GA25_BW910_PA38_DG3_PF0_D1_S07_3__031_M_GA25_BW910_PA43_DG9_PF0_D1_S09_4|canonical,COph100,canonical,fov,ok,False,6.271551819027033,True,False
COph100/031/031_M_GA25_BW910_PA32_DG2_PF0_D1_S01_1__031_M_GA25_BW910_PA35_DG3_PF0_D1_S04_1|canonical,COph100,canonical,none,degenerate_fit,False,,True,False
COph100/031/031_M_GA25_BW910_PA32_DG2_PF0_D1_S01_1__031_M_GA25_BW910_PA35_DG3_PF0_D1_S04_1|canonical,COph100,canonical,rectangle,ok,False,5.42465591906949,True,False
COph100/031/031_M_GA25_BW910_PA32_DG2_PF0_D1_S01_1__031_M_GA25_BW910_PA35_DG3_PF0_D1_S04_1|canonical,COph100,canonical,fov,ok,False,5.42465591906949,True,False
COph100/031/031_M_GA25_BW910_PA32_DG2_PF0_D1_S01_1__031_M_GA25_BW910_PA40_DG2_PF0_D1_S08_6|canonical,COph100,canonical,none,ok,False,49.73094056317403,True,True
COph100/031/031_M_GA25_BW910_PA32_DG2_PF0_D1_S01_1__031_M_GA25_BW910_PA40_DG2_PF0_D1_S08_6|canonical,COph100,canonical,rectangle,ok,False,17.91069526284421,True,False
COph100/031/031_M_GA25_BW910_PA32_DG2_PF0_D1_S01_1__031_M_GA25_BW910_PA40_DG2_PF0_D1_S08_6|canonical,COph100,canonical,fov,ok,False,49.73094056317403,True,True
COph100/031/031_M_GA25_BW910_PA33_DG3_PF0_D1_S02_1__031_M_GA25_BW910_PA36_DG3_PF0_D1_S05_6|canonical,COph100,canonical,none,ok,False,10.375704240640873,True,False
COph100/031/031_M_GA25_BW910_PA33_DG3_PF0_D1_S02_1__031_M_GA25_BW910_PA36_DG3_PF0_D1_S05_6|canonical,COph100,canonical,rectangle,ok,False,10.375704240640873,True,False
COph100/031/031_M_GA25_BW910_PA33_DG3_PF0_D1_S02_1__031_M_GA25_BW910_PA36_DG3_PF0_D1_S05_6|canonical,COph100,canonical,fov,ok,False,10.375704240640873,True,False
COph100/031/031_M_GA25_BW910_PA33_DG3_PF0_D1_S02_1__031_M_GA25_BW910_PA43_DG9_PF0_D1_S09_8|canonical,COph100,canonical,none,ok,False,48.13069506776229,True,True
COph100/031/031_M_GA25_BW910_PA33_DG3_PF0_D1_S02_1__031_M_GA25_BW910_PA43_DG9_PF0_D1_S09_8|canonical,COph100,canonical,rectangle,ok,False,58.14809212042144,True,False
COph100/031/031_M_GA25_BW910_PA33_DG3_PF0_D1_S02_1__031_M_GA25_BW910_PA43_DG9_PF0_D1_S09_8|canonical,COph100,canonical,fov,ok,False,48.13069506776229,True,True
COph100/031/031_M_GA25_BW910_PA34_DG3_PF0_D1_S03_11__031_M_GA25_BW910_PA38_DG3_PF0_D1_S07_5|canonical,COph100,canonical,none,ok,False,2.530836969606267,False,False
COph100/031/031_M_GA25_BW910_PA34_DG3_PF0_D1_S03_11__031_M_GA25_BW910_PA38_DG3_PF0_D1_S07_5|canonical,COph100,canonical,rectangle,ok,False,2.530836969606267,False,False
COph100/031/031_M_GA25_BW910_PA34_DG3_PF0_D1_S03_11__031_M_GA25_BW910_PA38_DG3_PF0_D1_S07_5|canonical,COph100,canonical,fov,ok,False,2.530836969606267,False,False
COph100/031/031_M_GA25_BW910_PA35_DG3_PF0_D1_S04_1__031_M_GA25_BW910_PA37_DG3_PF0_D1_S06_3|canonical,COph100,canonical,none,ok,False,2.8411224237608024,False,False
COph100/031/031_M_GA25_BW910_PA35_DG3_PF0_D1_S04_1__031_M_GA25_BW910_PA37_DG3_PF0_D1_S06_3|canonical,COph100,canonical,rectangle,ok,False,2.8411224237608024,False,False
COph100/031/031_M_GA25_BW910_PA35_DG3_PF0_D1_S04_1__031_M_GA25_BW910_PA37_DG3_PF0_D1_S06_3|canonical,COph100,canonical,fov,ok,False,2.8411224237608024,False,False
COph100/031/031_M_GA25_BW910_PA36_DG3_PF0_D1_S05_6__031_M_GA25_BW910_PA37_DG3_PF0_D1_S06_3|canonical,COph100,canonical,none,ok,False,2.03884035359196,False,False
COph100/031/031_M_GA25_BW910_PA36_DG3_PF0_D1_S05_6__031_M_GA25_BW910_PA37_DG3_PF0_D1_S06_3|canonical,COph100,canonical,rectangle,ok,False,2.03884035359196,False,False
COph100/031/031_M_GA25_BW910_PA36_DG3_PF0_D1_S05_6__031_M_GA25_BW910_PA37_DG3_PF0_D1_S06_3|canonical,COph100,canonical,fov,ok,False,2.03884035359196,False,False
COph100/031/031_M_GA25_BW910_PA37_DG3_PF0_D1_S06_3__031_M_GA25_BW910_PA38_DG3_PF0_D1_S07_5|canonical,COph100,canonical,none,ok,False,2.1504754662400183,False,False
COph100/031/031_M_GA25_BW910_PA37_DG3_PF0_D1_S06_3__031_M_GA25_BW910_PA38_DG3_PF0_D1_S07_5|canonical,COph100,canonical,rectangle,ok,False,2.1504754662400183,False,False
COph100/031/031_M_GA25_BW910_PA37_DG3_PF0_D1_S06_3__031_M_GA25_BW910_PA38_DG3_PF0_D1_S07_5|canonical,COph100,canonical,fov,ok,False,2.1504754662400183,False,False
COph100/031/031_M_GA25_BW910_PA38_DG3_PF0_D1_S07_5__031_M_GA25_BW910_PA43_DG9_PF0_D1_S09_8|canonical,COph100,canonical,none,ok,False,3.9020048924047424,False,False
COph100/031/031_M_GA25_BW910_PA38_DG3_PF0_D1_S07_5__031_M_GA25_BW910_PA43_DG9_PF0_D1_S09_8|canonical,COph100,canonical,rectangle,ok,False,3.9020048924047424,False,False
COph100/031/031_M_GA25_BW910_PA38_DG3_PF0_D1_S07_5__031_M_GA25_BW910_PA43_DG9_PF0_D1_S09_8|canonical,COph100,canonical,fov,ok,False,3.9020048924047424,False,False
COph100/033/033_M_GA30_BW1250_PA33_DG0_PF0_D1_S02_1__033_M_GA30_BW1250_PA36_DG0_PF0_D1_S03_7|canonical,COph100,canonical,none,ok,False,6.57041083528174,True,False
COph100/033/033_M_GA30_BW1250_PA33_DG0_PF0_D1_S02_1__033_M_GA30_BW1250_PA36_DG0_PF0_D1_S03_7|canonical,COph100,canonical,rectangle,ok,False,6.57041083528174,True,False
COph100/033/033_M_GA30_BW1250_PA33_DG0_PF0_D1_S02_1__033_M_GA30_BW1250_PA36_DG0_PF0_D1_S03_7|canonical,COph100,canonical,fov,ok,False,6.57041083528174,True,False
COph100/040/040_M_GA32_BW1770_PA36_DG12_PF0_D1_S01_5__040_M_GA32_BW1770_PA40_DG12_PF0_D1_S03_3|canonical,COph100,canonical,none,ok,False,4.905734210476234,True,False
COph100/040/040_M_GA32_BW1770_PA36_DG12_PF0_D1_S01_5__040_M_GA32_BW1770_PA40_DG12_PF0_D1_S03_3|canonical,COph100,canonical,rectangle,ok,False,4.905734210476234,True,False
COph100/040/040_M_GA32_BW1770_PA36_DG12_PF0_D1_S01_5__040_M_GA32_BW1770_PA40_DG12_PF0_D1_S03_3|canonical,COph100,canonical,fov,ok,False,4.905734210476234,True,False
COph100/040/040_M_GA32_BW1770_PA40_DG12_PF0_D1_S03_3__040_M_GA32_BW1770_PA55_DG12_PF0_D1_S04_2|canonical,COph100,canonical,none,degenerate_fit,False,,True,False
COph100/040/040_M_GA32_BW1770_PA40_DG12_PF0_D1_S03_3__040_M_GA32_BW1770_PA55_DG12_PF0_D1_S04_2|canonical,COph100,canonical,rectangle,ok,False,10.024211259614967,True,False
COph100/040/040_M_GA32_BW1770_PA40_DG12_PF0_D1_S03_3__040_M_GA32_BW1770_PA55_DG12_PF0_D1_S04_2|canonical,COph100,canonical,fov,degenerate_fit,False,,True,False
COph100/041/041_M_GA32_BW1770_PA38_DG0_PF0_D1_S02_6__041_M_GA32_BW1770_PA40_DG0_PF0_D1_S03_2|canonical,COph100,canonical,none,ok,False,17.748837479062253,True,False
COph100/041/041_M_GA32_BW1770_PA38_DG0_PF0_D1_S02_6__041_M_GA32_BW1770_PA40_DG0_PF0_D1_S03_2|canonical,COph100,canonical,rectangle,ok,False,17.748837479062253,True,False
COph100/041/041_M_GA32_BW1770_PA38_DG0_PF0_D1_S02_6__041_M_GA32_BW1770_PA40_DG0_PF0_D1_S03_2|canonical,COph100,canonical,fov,ok,False,17.748837479062253,True,False
COph100/044-1/044_F_GA31_BW1370_PA34_DG0_PF0_D1_S01_5__044_F_GA31_BW1370_PA42_DG0_PF0_D1_S03_7|canonical,COph100,canonical,none,ok,False,12.184074058948362,True,False
COph100/044-1/044_F_GA31_BW1370_PA34_DG0_PF0_D1_S01_5__044_F_GA31_BW1370_PA42_DG0_PF0_D1_S03_7|canonical,COph100,canonical,rectangle,ok,False,12.184074058948362,True,False
COph100/044-1/044_F_GA31_BW1370_PA34_DG0_PF0_D1_S01_5__044_F_GA31_BW1370_PA42_DG0_PF0_D1_S03_7|canonical,COph100,canonical,fov,ok,False,12.184074058948362,True,False
COph100/044/044_F_GA31_BW1370_PA35_DG0_PF0_D1_S02_3__044_F_GA31_BW1370_PA42_DG0_PF0_D1_S03_3|canonical,COph100,canonical,none,degenerate_fit,False,,True,False
COph100/044/044_F_GA31_BW1370_PA35_DG0_PF0_D1_S02_3__044_F_GA31_BW1370_PA42_DG0_PF0_D1_S03_3|canonical,COph100,canonical,rectangle,degenerate_fit,False,,True,False
COph100/044/044_F_GA31_BW1370_PA35_DG0_PF0_D1_S02_3__044_F_GA31_BW1370_PA42_DG0_PF0_D1_S03_3|canonical,COph100,canonical,fov,degenerate_fit,False,,True,False
COph100/047-1/047_F_GA32_BW1730_PA33_DG0_PF0_D1_S01_6__047_F_GA32_BW1730_PA40_DG0_PF0_D1_S03_9|canonical,COph100,canonical,none,ok,False,10.711926557608596,True,False
COph100/047-1/047_F_GA32_BW1730_PA33_DG0_PF0_D1_S01_6__047_F_GA32_BW1730_PA40_DG0_PF0_D1_S03_9|canonical,COph100,canonical,rectangle,ok,False,10.711926557608596,True,False
COph100/047-1/047_F_GA32_BW1730_PA33_DG0_PF0_D1_S01_6__047_F_GA32_BW1730_PA40_DG0_PF0_D1_S03_9|canonical,COph100,canonical,fov,ok,False,10.711926557608596,True,False
COph100/047/047_F_GA32_BW1730_PA38_DG0_PF0_D1_S02_1__047_F_GA32_BW1730_PA40_DG0_PF0_D1_S03_7|canonical,COph100,canonical,none,degenerate_fit,False,,True,False
COph100/047/047_F_GA32_BW1730_PA38_DG0_PF0_D1_S02_1__047_F_GA32_BW1730_PA40_DG0_PF0_D1_S03_7|canonical,COph100,canonical,rectangle,ok,False,2.548850739047461,False,False
COph100/047/047_F_GA32_BW1730_PA38_DG0_PF0_D1_S02_1__047_F_GA32_BW1730_PA40_DG0_PF0_D1_S03_7|canonical,COph100,canonical,fov,degenerate_fit,False,,True,False
COph100/048/048_F_GA32_BW1680_PA33_DG0_PF0_D1_S01_7__048_F_GA32_BW1680_PA38_DG0_PF0_D1_S02_8|canonical,COph100,canonical,none,ok,False,11.827406923731841,True,False
COph100/048/048_F_GA32_BW1680_PA33_DG0_PF0_D1_S01_7__048_F_GA32_BW1680_PA38_DG0_PF0_D1_S02_8|canonical,COph100,canonical,rectangle,ok,False,11.827406923731841,True,False
COph100/048/048_F_GA32_BW1680_PA33_DG0_PF0_D1_S01_7__048_F_GA32_BW1680_PA38_DG0_PF0_D1_S02_8|canonical,COph100,canonical,fov,ok,False,11.827406923731841,True,False
COph100/049-1/049_F_GA30_BW1220_PA32_DG0_PF0_D1_S01_9__049_F_GA30_BW1220_PA36_DG0_PF0_D1_S03_6|canonical,COph100,canonical,none,degenerate_fit,False,,True,False
COph100/049-1/049_F_GA30_BW1220_PA32_DG0_PF0_D1_S01_9__049_F_GA30_BW1220_PA36_DG0_PF0_D1_S03_6|canonical,COph100,canonical,rectangle,ok,False,8.683576224112791,True,False
COph100/049-1/049_F_GA30_BW1220_PA32_DG0_PF0_D1_S01_9__049_F_GA30_BW1220_PA36_DG0_PF0_D1_S03_6|canonical,COph100,canonical,fov,degenerate_fit,False,,True,False
COph100/049/049_F_GA30_BW1220_PA34_DG0_PF0_D1_S02_2__049_F_GA30_BW1220_PA36_DG0_PF0_D1_S03_1|canonical,COph100,canonical,none,ok,False,3.3439702229127297,False,False
COph100/049/049_F_GA30_BW1220_PA34_DG0_PF0_D1_S02_2__049_F_GA30_BW1220_PA36_DG0_PF0_D1_S03_1|canonical,COph100,canonical,rectangle,ok,False,3.3439702229127297,False,False
COph100/049/049_F_GA30_BW1220_PA34_DG0_PF0_D1_S02_2__049_F_GA30_BW1220_PA36_DG0_PF0_D1_S03_1|canonical,COph100,canonical,fov,ok,False,3.3439702229127297,False,False
COph100/050/050_M_GA32_BW1790_PA33_DG0_PF0_D1_S01_6__050_M_GA32_BW1790_PA38_DG0_PF0_D1_S02_2|canonical,COph100,canonical,none,ok,False,18.61600732036237,True,False
COph100/050/050_M_GA32_BW1790_PA33_DG0_PF0_D1_S01_6__050_M_GA32_BW1790_PA38_DG0_PF0_D1_S02_2|canonical,COph100,canonical,rectangle,ok,False,18.61600732036237,True,False
COph100/050/050_M_GA32_BW1790_PA33_DG0_PF0_D1_S01_6__050_M_GA32_BW1790_PA38_DG0_PF0_D1_S02_2|canonical,COph100,canonical,fov,ok,False,18.61600732036237,True,False
COph100/051-1/051_F_GA24_BW600_PA35_DG3_PF0_D1_S01_10__051_F_GA24_BW600_PA42_DG3_PF0_D1_S03_3|canonical,COph100,canonical,none,degenerate_fit,False,,True,False
COph100/051-1/051_F_GA24_BW600_PA35_DG3_PF0_D1_S01_10__051_F_GA24_BW600_PA42_DG3_PF0_D1_S03_3|canonical,COph100,canonical,rectangle,ok,False,6.508939206183898,True,False
COph100/051-1/051_F_GA24_BW600_PA35_DG3_PF0_D1_S01_10__051_F_GA24_BW600_PA42_DG3_PF0_D1_S03_3|canonical,COph100,canonical,fov,degenerate_fit,False,,True,False
COph100/051-1/051_F_GA24_BW600_PA42_DG3_PF0_D1_S03_3__051_F_GA24_BW600_PA46_DG9_PF0_D1_S04_2|canonical,COph100,canonical,none,ok,False,7.678552069621202,True,False
COph100/051-1/051_F_GA24_BW600_PA42_DG3_PF0_D1_S03_3__051_F_GA24_BW600_PA46_DG9_PF0_D1_S04_2|canonical,COph100,canonical,rectangle,ok,False,7.678552069621202,True,False
COph100/051-1/051_F_GA24_BW600_PA42_DG3_PF0_D1_S03_3__051_F_GA24_BW600_PA46_DG9_PF0_D1_S04_2|canonical,COph100,canonical,fov,ok,False,7.678552069621202,True,False
COph100/051/051_F_GA24_BW600_PA36_DG3_PF0_D1_S02_3__051_F_GA24_BW600_PA42_DG3_PF0_D1_S03_11|canonical,COph100,canonical,none,ok,False,7.040055682670167,True,False
COph100/051/051_F_GA24_BW600_PA36_DG3_PF0_D1_S02_3__051_F_GA24_BW600_PA42_DG3_PF0_D1_S03_11|canonical,COph100,canonical,rectangle,ok,False,7.040055682670167,True,False
COph100/051/051_F_GA24_BW600_PA36_DG3_PF0_D1_S02_3__051_F_GA24_BW600_PA42_DG3_PF0_D1_S03_11|canonical,COph100,canonical,fov,ok,False,7.040055682670167,True,False
COph100/052-1/052_M_GA26_BW820_PA31_DG1_PF0_D1_S01_6__052_M_GA26_BW820_PA33_DG3_PF0_D1_S03_6|canonical,COph100,canonical,none,ok,False,5.547569106894914,True,False
COph100/052-1/052_M_GA26_BW820_PA31_DG1_PF0_D1_S01_6__052_M_GA26_BW820_PA33_DG3_PF0_D1_S03_6|canonical,COph100,canonical,rectangle,ok,False,5.547569106894914,True,False
COph100/052-1/052_M_GA26_BW820_PA31_DG1_PF0_D1_S01_6__052_M_GA26_BW820_PA33_DG3_PF0_D1_S03_6|canonical,COph100,canonical,fov,ok,False,5.547569106894914,True,False
COph100/052-1/052_M_GA26_BW820_PA31_DG1_PF0_D1_S01_6__052_M_GA26_BW820_PA46_DG2_PF0_D1_S07_2|canonical,COph100,canonical,none,ok,False,14.554025106402634,True,False
COph100/052-1/052_M_GA26_BW820_PA31_DG1_PF0_D1_S01_6__052_M_GA26_BW820_PA46_DG2_PF0_D1_S07_2|canonical,COph100,canonical,rectangle,ok,False,14.554025106402634,True,False
COph100/052-1/052_M_GA26_BW820_PA31_DG1_PF0_D1_S01_6__052_M_GA26_BW820_PA46_DG2_PF0_D1_S07_2|canonical,COph100,canonical,fov,ok,False,14.554025106402634,True,False
COph100/052-1/052_M_GA26_BW820_PA32_DG2_PF0_D1_S02_7__052_M_GA26_BW820_PA36_DG3_PF0_D1_S05_8|canonical,COph100,canonical,none,ok,False,7.248517261282123,True,False
COph100/052-1/052_M_GA26_BW820_PA32_DG2_PF0_D1_S02_7__052_M_GA26_BW820_PA36_DG3_PF0_D1_S05_8|canonical,COph100,canonical,rectangle,ok,False,7.248517261282123,True,False
COph100/052-1/052_M_GA26_BW820_PA32_DG2_PF0_D1_S02_7__052_M_GA26_BW820_PA36_DG3_PF0_D1_S05_8|canonical,COph100,canonical,fov,ok,False,7.248517261282123,True,False
COph100/052-1/052_M_GA26_BW820_PA33_DG3_PF0_D1_S03_6__052_M_GA26_BW820_PA34_DG3_PF0_D1_S04_7|canonical,COph100,canonical,none,degenerate_fit,False,,True,False
COph100/052-1/052_M_GA26_BW820_PA33_DG3_PF0_D1_S03_6__052_M_GA26_BW820_PA34_DG3_PF0_D1_S04_7|canonical,COph100,canonical,rectangle,ok,False,2.1789924367587687,False,False
COph100/052-1/052_M_GA26_BW820_PA33_DG3_PF0_D1_S03_6__052_M_GA26_BW820_PA34_DG3_PF0_D1_S04_7|canonical,COph100,canonical,fov,degenerate_fit,False,,True,False
COph100/052-1/052_M_GA26_BW820_PA33_DG3_PF0_D1_S03_6__052_M_GA26_BW820_PA75_DG9_PF0_D1_S08_8|canonical,COph100,canonical,none,no_matches,False,,True,False
COph100/052-1/052_M_GA26_BW820_PA33_DG3_PF0_D1_S03_6__052_M_GA26_BW820_PA75_DG9_PF0_D1_S08_8|canonical,COph100,canonical,rectangle,no_matches,False,,True,False
COph100/052-1/052_M_GA26_BW820_PA33_DG3_PF0_D1_S03_6__052_M_GA26_BW820_PA75_DG9_PF0_D1_S08_8|canonical,COph100,canonical,fov,no_matches,False,,True,False
COph100/052-1/052_M_GA26_BW820_PA34_DG3_PF0_D1_S04_7__052_M_GA26_BW820_PA75_DG9_PF0_D1_S08_8|canonical,COph100,canonical,none,ok,False,79.37865932982848,True,False
COph100/052-1/052_M_GA26_BW820_PA34_DG3_PF0_D1_S04_7__052_M_GA26_BW820_PA75_DG9_PF0_D1_S08_8|canonical,COph100,canonical,rectangle,ok,False,79.37865932982848,True,False
COph100/052-1/052_M_GA26_BW820_PA34_DG3_PF0_D1_S04_7__052_M_GA26_BW820_PA75_DG9_PF0_D1_S08_8|canonical,COph100,canonical,fov,ok,False,79.37865932982848,True,False
COph100/052-1/052_M_GA26_BW820_PA42_DG3_PF0_D1_S06_4__052_M_GA26_BW820_PA46_DG2_PF0_D1_S07_2|canonical,COph100,canonical,none,ok,False,2.03434494883184,False,False
COph100/052-1/052_M_GA26_BW820_PA42_DG3_PF0_D1_S06_4__052_M_GA26_BW820_PA46_DG2_PF0_D1_S07_2|canonical,COph100,canonical,rectangle,ok,False,2.03434494883184,False,False
COph100/052-1/052_M_GA26_BW820_PA42_DG3_PF0_D1_S06_4__052_M_GA26_BW820_PA46_DG2_PF0_D1_S07_2|canonical,COph100,canonical,fov,ok,False,2.03434494883184,False,False
COph100/052/052_M_GA26_BW820_PA31_DG1_PF0_D1_S01_3__052_M_GA26_BW820_PA33_DG3_PF0_D1_S03_11|canonical,COph100,canonical,none,ok,False,4.4556548685334985,True,False
COph100/052/052_M_GA26_BW820_PA31_DG1_PF0_D1_S01_3__052_M_GA26_BW820_PA33_DG3_PF0_D1_S03_11|canonical,COph100,canonical,rectangle,ok,False,4.4556548685334985,True,False
COph100/052/052_M_GA26_BW820_PA31_DG1_PF0_D1_S01_3__052_M_GA26_BW820_PA33_DG3_PF0_D1_S03_11|canonical,COph100,canonical,fov,ok,False,4.4556548685334985,True,False
COph100/052/052_M_GA26_BW820_PA31_DG1_PF0_D1_S01_3__052_M_GA26_BW820_PA46_DG2_PF0_D1_S07_6|canonical,COph100,canonical,none,ok,False,16.730586489176837,True,False
COph100/052/052_M_GA26_BW820_PA31_DG1_PF0_D1_S01_3__052_M_GA26_BW820_PA46_DG2_PF0_D1_S07_6|canonical,COph100,canonical,rectangle,ok,False,16.730586489176837,True,False
COph100/052/052_M_GA26_BW820_PA31_DG1_PF0_D1_S01_3__052_M_GA26_BW820_PA46_DG2_PF0_D1_S07_6|canonical,COph100,canonical,fov,ok,False,16.730586489176837,True,False
COph100/052/052_M_GA26_BW820_PA32_DG2_PF0_D1_S02_3__052_M_GA26_BW820_PA36_DG3_PF0_D1_S05_1|canonical,COph100,canonical,none,degenerate_fit,False,,True,False
COph100/052/052_M_GA26_BW820_PA32_DG2_PF0_D1_S02_3__052_M_GA26_BW820_PA36_DG3_PF0_D1_S05_1|canonical,COph100,canonical,rectangle,ok,False,3.8868618675292894,False,False
COph100/052/052_M_GA26_BW820_PA32_DG2_PF0_D1_S02_3__052_M_GA26_BW820_PA36_DG3_PF0_D1_S05_1|canonical,COph100,canonical,fov,degenerate_fit,False,,True,False
COph100/052/052_M_GA26_BW820_PA33_DG3_PF0_D1_S03_11__052_M_GA26_BW820_PA34_DG3_PF0_D1_S04_4|canonical,COph100,canonical,none,ok,False,2.0789700209055217,False,False
COph100/052/052_M_GA26_BW820_PA33_DG3_PF0_D1_S03_11__052_M_GA26_BW820_PA34_DG3_PF0_D1_S04_4|canonical,COph100,canonical,rectangle,ok,False,2.0789700209055217,False,False
COph100/052/052_M_GA26_BW820_PA33_DG3_PF0_D1_S03_11__052_M_GA26_BW820_PA34_DG3_PF0_D1_S04_4|canonical,COph100,canonical,fov,ok,False,2.0789700209055217,False,False
COph100/052/052_M_GA26_BW820_PA33_DG3_PF0_D1_S03_11__052_M_GA26_BW820_PA75_DG9_PF0_D1_S08_20|canonical,COph100,canonical,none,degenerate_fit,False,,True,False
COph100/052/052_M_GA26_BW820_PA33_DG3_PF0_D1_S03_11__052_M_GA26_BW820_PA75_DG9_PF0_D1_S08_20|canonical,COph100,canonical,rectangle,degenerate_fit,False,,True,False
COph100/052/052_M_GA26_BW820_PA33_DG3_PF0_D1_S03_11__052_M_GA26_BW820_PA75_DG9_PF0_D1_S08_20|canonical,COph100,canonical,fov,degenerate_fit,False,,True,False
COph100/052/052_M_GA26_BW820_PA34_DG3_PF0_D1_S04_4__052_M_GA26_BW820_PA75_DG9_PF0_D1_S08_20|canonical,COph100,canonical,none,degenerate_fit,False,,True,False
COph100/052/052_M_GA26_BW820_PA34_DG3_PF0_D1_S04_4__052_M_GA26_BW820_PA75_DG9_PF0_D1_S08_20|canonical,COph100,canonical,rectangle,degenerate_fit,False,,True,False
COph100/052/052_M_GA26_BW820_PA34_DG3_PF0_D1_S04_4__052_M_GA26_BW820_PA75_DG9_PF0_D1_S08_20|canonical,COph100,canonical,fov,ok,False,67.83720423167422,True,True
COph100/052/052_M_GA26_BW820_PA42_DG3_PF0_D1_S06_14__052_M_GA26_BW820_PA46_DG2_PF0_D1_S07_6|canonical,COph100,canonical,none,ok,False,3.802718727812079,False,False
COph100/052/052_M_GA26_BW820_PA42_DG3_PF0_D1_S06_14__052_M_GA26_BW820_PA46_DG2_PF0_D1_S07_6|canonical,COph100,canonical,rectangle,ok,False,3.802718727812079,False,False
COph100/052/052_M_GA26_BW820_PA42_DG3_PF0_D1_S06_14__052_M_GA26_BW820_PA46_DG2_PF0_D1_S07_6|canonical,COph100,canonical,fov,ok,False,3.802718727812079,False,False
COph100/054/054_M_GA29_BW1410_PA37_DG0_PF0_D1_S01_8__054_M_GA29_BW1410_PA43_DG0_PF0_D1_S02_2|canonical,COph100,canonical,none,degenerate_fit,False,,True,False
COph100/054/054_M_GA29_BW1410_PA37_DG0_PF0_D1_S01_8__054_M_GA29_BW1410_PA43_DG0_PF0_D1_S02_2|canonical,COph100,canonical,rectangle,ok,False,5.263487598840498,True,False
COph100/054/054_M_GA29_BW1410_PA37_DG0_PF0_D1_S01_8__054_M_GA29_BW1410_PA43_DG0_PF0_D1_S02_2|canonical,COph100,canonical,fov,degenerate_fit,False,,True,False
COph100/055-1/055_M_GA38_BW3245_PA40_DG13_PF0_D1_S01_10__055_M_GA38_BW3245_PA44_DG13_PF0_D1_S05_6|canonical,COph100,canonical,none,ok,False,11.569893717469991,True,False
COph100/055-1/055_M_GA38_BW3245_PA40_DG13_PF0_D1_S01_10__055_M_GA38_BW3245_PA44_DG13_PF0_D1_S05_6|canonical,COph100,canonical,rectangle,ok,False,11.569893717469991,True,False
COph100/055-1/055_M_GA38_BW3245_PA40_DG13_PF0_D1_S01_10__055_M_GA38_BW3245_PA44_DG13_PF0_D1_S05_6|canonical,COph100,canonical,fov,ok,False,11.569893717469991,True,False
COph100/055-1/055_M_GA38_BW3245_PA40_DG13_PF0_D1_S01_10__055_M_GA38_BW3245_PA78_DG13_PF0_D1_S09_16|canonical,COph100,canonical,none,degenerate_fit,False,,True,False
COph100/055-1/055_M_GA38_BW3245_PA40_DG13_PF0_D1_S01_10__055_M_GA38_BW3245_PA78_DG13_PF0_D1_S09_16|canonical,COph100,canonical,rectangle,degenerate_fit,False,,True,False
COph100/055-1/055_M_GA38_BW3245_PA40_DG13_PF0_D1_S01_10__055_M_GA38_BW3245_PA78_DG13_PF0_D1_S09_16|canonical,COph100,canonical,fov,degenerate_fit,False,,True,False
COph100/055-1/055_M_GA38_BW3245_PA41_DG13_PF0_D1_S02_7__055_M_GA38_BW3245_PA45_DG13_PF0_D1_S06_6|canonical,COph100,canonical,none,ok,False,9.828357268516708,True,False
COph100/055-1/055_M_GA38_BW3245_PA41_DG13_PF0_D1_S02_7__055_M_GA38_BW3245_PA45_DG13_PF0_D1_S06_6|canonical,COph100,canonical,rectangle,ok,False,9.828357268516708,True,False
COph100/055-1/055_M_GA38_BW3245_PA41_DG13_PF0_D1_S02_7__055_M_GA38_BW3245_PA45_DG13_PF0_D1_S06_6|canonical,COph100,canonical,fov,ok,False,9.828357268516708,True,False
COph100/055-1/055_M_GA38_BW3245_PA42_DG13_PF0_D1_S03_2__055_M_GA38_BW3245_PA43_DG13_PF0_D1_S04_5|canonical,COph100,canonical,none,invalid_transform,False,,True,False
COph100/055-1/055_M_GA38_BW3245_PA42_DG13_PF0_D1_S03_2__055_M_GA38_BW3245_PA43_DG13_PF0_D1_S04_5|canonical,COph100,canonical,rectangle,ok,False,3.407972682654934,False,False
COph100/055-1/055_M_GA38_BW3245_PA42_DG13_PF0_D1_S03_2__055_M_GA38_BW3245_PA43_DG13_PF0_D1_S04_5|canonical,COph100,canonical,fov,degenerate_fit,False,,True,False
COph100/055-1/055_M_GA38_BW3245_PA42_DG13_PF0_D1_S03_2__055_M_GA38_BW3245_PA53_DG13_PF0_D1_S08_2|canonical,COph100,canonical,none,ok,False,5.904873695990291,True,False
COph100/055-1/055_M_GA38_BW3245_PA42_DG13_PF0_D1_S03_2__055_M_GA38_BW3245_PA53_DG13_PF0_D1_S08_2|canonical,COph100,canonical,rectangle,ok,False,5.904873695990291,True,False
COph100/055-1/055_M_GA38_BW3245_PA42_DG13_PF0_D1_S03_2__055_M_GA38_BW3245_PA53_DG13_PF0_D1_S08_2|canonical,COph100,canonical,fov,ok,False,5.904873695990291,True,False
COph100/055-1/055_M_GA38_BW3245_PA43_DG13_PF0_D1_S04_5__055_M_GA38_BW3245_PA47_DG13_PF0_D1_S07_7|canonical,COph100,canonical,none,ok,False,10.344833652337396,True,False
COph100/055-1/055_M_GA38_BW3245_PA43_DG13_PF0_D1_S04_5__055_M_GA38_BW3245_PA47_DG13_PF0_D1_S07_7|canonical,COph100,canonical,rectangle,ok,False,10.344833652337396,True,False
COph100/055-1/055_M_GA38_BW3245_PA43_DG13_PF0_D1_S04_5__055_M_GA38_BW3245_PA47_DG13_PF0_D1_S07_7|canonical,COph100,canonical,fov,ok,False,10.344833652337396,True,False
COph100/055-1/055_M_GA38_BW3245_PA44_DG13_PF0_D1_S05_6__055_M_GA38_BW3245_PA47_DG13_PF0_D1_S07_7|canonical,COph100,canonical,none,ok,False,3.575704872147648,False,False
COph100/055-1/055_M_GA38_BW3245_PA44_DG13_PF0_D1_S05_6__055_M_GA38_BW3245_PA47_DG13_PF0_D1_S07_7|canonical,COph100,canonical,rectangle,ok,False,3.575704872147648,False,False
COph100/055-1/055_M_GA38_BW3245_PA44_DG13_PF0_D1_S05_6__055_M_GA38_BW3245_PA47_DG13_PF0_D1_S07_7|canonical,COph100,canonical,fov,ok,False,3.575704872147648,False,False
COph100/055-1/055_M_GA38_BW3245_PA45_DG13_PF0_D1_S06_6__055_M_GA38_BW3245_PA53_DG13_PF0_D1_S08_2|canonical,COph100,canonical,none,ok,False,2.9410067244627096,False,False
COph100/055-1/055_M_GA38_BW3245_PA45_DG13_PF0_D1_S06_6__055_M_GA38_BW3245_PA53_DG13_PF0_D1_S08_2|canonical,COph100,canonical,rectangle,ok,False,2.9410067244627096,False,False
COph100/055-1/055_M_GA38_BW3245_PA45_DG13_PF0_D1_S06_6__055_M_GA38_BW3245_PA53_DG13_PF0_D1_S08_2|canonical,COph100,canonical,fov,ok,False,2.9410067244627096,False,False
COph100/055-1/055_M_GA38_BW3245_PA53_DG13_PF0_D1_S08_2__055_M_GA38_BW3245_PA78_DG13_PF0_D1_S09_16|canonical,COph100,canonical,none,degenerate_fit,False,,True,False
COph100/055-1/055_M_GA38_BW3245_PA53_DG13_PF0_D1_S08_2__055_M_GA38_BW3245_PA78_DG13_PF0_D1_S09_16|canonical,COph100,canonical,rectangle,degenerate_fit,False,,True,False
COph100/055-1/055_M_GA38_BW3245_PA53_DG13_PF0_D1_S08_2__055_M_GA38_BW3245_PA78_DG13_PF0_D1_S09_16|canonical,COph100,canonical,fov,ok,False,57.63014183030456,True,True
COph100/055/055_M_GA38_BW3245_PA40_DG13_PF0_D1_S01_3__055_M_GA38_BW3245_PA44_DG13_PF0_D1_S05_1|canonical,COph100,canonical,none,ok,False,65.65211613670054,True,True
COph100/055/055_M_GA38_BW3245_PA40_DG13_PF0_D1_S01_3__055_M_GA38_BW3245_PA44_DG13_PF0_D1_S05_1|canonical,COph100,canonical,rectangle,degenerate_fit,False,,True,False
COph100/055/055_M_GA38_BW3245_PA40_DG13_PF0_D1_S01_3__055_M_GA38_BW3245_PA44_DG13_PF0_D1_S05_1|canonical,COph100,canonical,fov,ok,False,65.65211613670054,True,True
COph100/055/055_M_GA38_BW3245_PA40_DG13_PF0_D1_S01_3__055_M_GA38_BW3245_PA78_DG13_PF0_D1_S09_6|canonical,COph100,canonical,none,ok,False,98.090910631536,True,True
COph100/055/055_M_GA38_BW3245_PA40_DG13_PF0_D1_S01_3__055_M_GA38_BW3245_PA78_DG13_PF0_D1_S09_6|canonical,COph100,canonical,rectangle,ok,False,158.32398613830975,True,False
COph100/055/055_M_GA38_BW3245_PA40_DG13_PF0_D1_S01_3__055_M_GA38_BW3245_PA78_DG13_PF0_D1_S09_6|canonical,COph100,canonical,fov,ok,False,148.54797625666143,True,True
COph100/055/055_M_GA38_BW3245_PA41_DG13_PF0_D1_S02_1__055_M_GA38_BW3245_PA45_DG13_PF0_D1_S06_7|canonical,COph100,canonical,none,ok,False,5.398031512937673,True,False
COph100/055/055_M_GA38_BW3245_PA41_DG13_PF0_D1_S02_1__055_M_GA38_BW3245_PA45_DG13_PF0_D1_S06_7|canonical,COph100,canonical,rectangle,ok,False,5.398031512937673,True,False
COph100/055/055_M_GA38_BW3245_PA41_DG13_PF0_D1_S02_1__055_M_GA38_BW3245_PA45_DG13_PF0_D1_S06_7|canonical,COph100,canonical,fov,ok,False,5.398031512937673,True,False
COph100/055/055_M_GA38_BW3245_PA42_DG13_PF0_D1_S03_6__055_M_GA38_BW3245_PA43_DG13_PF0_D1_S04_13|canonical,COph100,canonical,none,ok,False,3.2650990433425364,False,False
COph100/055/055_M_GA38_BW3245_PA42_DG13_PF0_D1_S03_6__055_M_GA38_BW3245_PA43_DG13_PF0_D1_S04_13|canonical,COph100,canonical,rectangle,ok,False,3.2650990433425364,False,False
COph100/055/055_M_GA38_BW3245_PA42_DG13_PF0_D1_S03_6__055_M_GA38_BW3245_PA43_DG13_PF0_D1_S04_13|canonical,COph100,canonical,fov,ok,False,3.2650990433425364,False,False
COph100/055/055_M_GA38_BW3245_PA42_DG13_PF0_D1_S03_6__055_M_GA38_BW3245_PA53_DG13_PF0_D1_S08_7|canonical,COph100,canonical,none,ok,False,5.560913325095062,True,False
COph100/055/055_M_GA38_BW3245_PA42_DG13_PF0_D1_S03_6__055_M_GA38_BW3245_PA53_DG13_PF0_D1_S08_7|canonical,COph100,canonical,rectangle,ok,False,5.560913325095062,True,False
COph100/055/055_M_GA38_BW3245_PA42_DG13_PF0_D1_S03_6__055_M_GA38_BW3245_PA53_DG13_PF0_D1_S08_7|canonical,COph100,canonical,fov,ok,False,5.560913325095062,True,False
COph100/055/055_M_GA38_BW3245_PA43_DG13_PF0_D1_S04_13__055_M_GA38_BW3245_PA47_DG13_PF0_D1_S07_4|canonical,COph100,canonical,none,ok,False,7.749694063799135,True,False
COph100/055/055_M_GA38_BW3245_PA43_DG13_PF0_D1_S04_13__055_M_GA38_BW3245_PA47_DG13_PF0_D1_S07_4|canonical,COph100,canonical,rectangle,ok,False,7.749694063799135,True,False
COph100/055/055_M_GA38_BW3245_PA43_DG13_PF0_D1_S04_13__055_M_GA38_BW3245_PA47_DG13_PF0_D1_S07_4|canonical,COph100,canonical,fov,ok,False,7.749694063799135,True,False
COph100/055/055_M_GA38_BW3245_PA44_DG13_PF0_D1_S05_1__055_M_GA38_BW3245_PA47_DG13_PF0_D1_S07_4|canonical,COph100,canonical,none,ok,False,10.361325387625689,True,False
COph100/055/055_M_GA38_BW3245_PA44_DG13_PF0_D1_S05_1__055_M_GA38_BW3245_PA47_DG13_PF0_D1_S07_4|canonical,COph100,canonical,rectangle,ok,False,10.361325387625689,True,False
COph100/055/055_M_GA38_BW3245_PA44_DG13_PF0_D1_S05_1__055_M_GA38_BW3245_PA47_DG13_PF0_D1_S07_4|canonical,COph100,canonical,fov,ok,False,10.361325387625689,True,False
COph100/055/055_M_GA38_BW3245_PA45_DG13_PF0_D1_S06_7__055_M_GA38_BW3245_PA53_DG13_PF0_D1_S08_7|canonical,COph100,canonical,none,ok,False,4.7854019412635855,True,False
COph100/055/055_M_GA38_BW3245_PA45_DG13_PF0_D1_S06_7__055_M_GA38_BW3245_PA53_DG13_PF0_D1_S08_7|canonical,COph100,canonical,rectangle,ok,False,4.7854019412635855,True,False
COph100/055/055_M_GA38_BW3245_PA45_DG13_PF0_D1_S06_7__055_M_GA38_BW3245_PA53_DG13_PF0_D1_S08_7|canonical,COph100,canonical,fov,ok,False,4.7854019412635855,True,False
COph100/055/055_M_GA38_BW3245_PA53_DG13_PF0_D1_S08_7__055_M_GA38_BW3245_PA78_DG13_PF0_D1_S09_6|canonical,COph100,canonical,none,ok,False,8.059944991575145,True,False
COph100/055/055_M_GA38_BW3245_PA53_DG13_PF0_D1_S08_7__055_M_GA38_BW3245_PA78_DG13_PF0_D1_S09_6|canonical,COph100,canonical,rectangle,ok,False,8.059944991575145,True,False
COph100/055/055_M_GA38_BW3245_PA53_DG13_PF0_D1_S08_7__055_M_GA38_BW3245_PA78_DG13_PF0_D1_S09_6|canonical,COph100,canonical,fov,ok,False,8.059944991575145,True,False
COph100/056/056_F_GA33_BW1180_PA35_DG0_PF0_D1_S01_1__056_F_GA33_BW1180_PA38_DG0_PF0_D1_S02_3|canonical,COph100,canonical,none,degenerate_fit,False,,True,False
COph100/056/056_F_GA33_BW1180_PA35_DG0_PF0_D1_S01_1__056_F_GA33_BW1180_PA38_DG0_PF0_D1_S02_3|canonical,COph100,canonical,rectangle,ok,False,5.460133454270386,True,False
COph100/056/056_F_GA33_BW1180_PA35_DG0_PF0_D1_S01_1__056_F_GA33_BW1180_PA38_DG0_PF0_D1_S02_3|canonical,COph100,canonical,fov,degenerate_fit,False,,True,False
COph100/057-1/057_M_GA30_BW1180_PA33_DG0_PF0_D1_S01_4__057_M_GA30_BW1180_PA39_DG0_PF0_D1_S03_6|canonical,COph100,canonical,none,ok,False,11.333784794698662,True,False
COph100/057-1/057_M_GA30_BW1180_PA33_DG0_PF0_D1_S01_4__057_M_GA30_BW1180_PA39_DG0_PF0_D1_S03_6|canonical,COph100,canonical,rectangle,ok,False,11.333784794698662,True,False
COph100/057-1/057_M_GA30_BW1180_PA33_DG0_PF0_D1_S01_4__057_M_GA30_BW1180_PA39_DG0_PF0_D1_S03_6|canonical,COph100,canonical,fov,ok,False,11.333784794698662,True,False
COph100/057/057_M_GA30_BW1180_PA37_DG0_PF0_D1_S02_1__057_M_GA30_BW1180_PA39_DG0_PF0_D1_S03_2|canonical,COph100,canonical,none,ok,False,3.385522312449642,False,False
COph100/057/057_M_GA30_BW1180_PA37_DG0_PF0_D1_S02_1__057_M_GA30_BW1180_PA39_DG0_PF0_D1_S03_2|canonical,COph100,canonical,rectangle,ok,False,3.385522312449642,False,False
COph100/057/057_M_GA30_BW1180_PA37_DG0_PF0_D1_S02_1__057_M_GA30_BW1180_PA39_DG0_PF0_D1_S03_2|canonical,COph100,canonical,fov,ok,False,3.385522312449642,False,False
COph100/058/058_M_GA30_BW1490_PA33_DG0_PF0_D1_S01_2__058_M_GA30_BW1490_PA35_DG0_PF0_D1_S02_3|canonical,COph100,canonical,none,invalid_transform,False,,True,False
COph100/058/058_M_GA30_BW1490_PA33_DG0_PF0_D1_S01_2__058_M_GA30_BW1490_PA35_DG0_PF0_D1_S02_3|canonical,COph100,canonical,rectangle,ok,False,2.6109073143536072,False,False
COph100/058/058_M_GA30_BW1490_PA33_DG0_PF0_D1_S01_2__058_M_GA30_BW1490_PA35_DG0_PF0_D1_S02_3|canonical,COph100,canonical,fov,degenerate_fit,False,,True,False
COph100/059-1/059_M_GA40_BW3680_PA61_DG12_PF0_D1_S01_1__059_M_GA40_BW3680_PA85_DG12_PF0_D1_S02_2|canonical,COph100,canonical,none,ok,False,5.7176605670321035,True,False
COph100/059-1/059_M_GA40_BW3680_PA61_DG12_PF0_D1_S01_1__059_M_GA40_BW3680_PA85_DG12_PF0_D1_S02_2|canonical,COph100,canonical,rectangle,ok,False,5.7176605670321035,True,False
COph100/059-1/059_M_GA40_BW3680_PA61_DG12_PF0_D1_S01_1__059_M_GA40_BW3680_PA85_DG12_PF0_D1_S02_2|canonical,COph100,canonical,fov,ok,False,5.7176605670321035,True,False
COph100/059/059_M_GA40_BW3680_PA85_DG12_PF0_D1_S02_4__059_M_GA40_BW3680_PA112_DG12_PF0_D1_S03_3|canonical,COph100,canonical,none,degenerate_fit,False,,True,False
COph100/059/059_M_GA40_BW3680_PA85_DG12_PF0_D1_S02_4__059_M_GA40_BW3680_PA112_DG12_PF0_D1_S03_3|canonical,COph100,canonical,rectangle,degenerate_fit,False,,True,False
COph100/059/059_M_GA40_BW3680_PA85_DG12_PF0_D1_S02_4__059_M_GA40_BW3680_PA112_DG12_PF0_D1_S03_3|canonical,COph100,canonical,fov,degenerate_fit,False,,True,False
COph100/061/061_M_GA26_BW880_PA32_DG0_PF0_D1_S01_2__061_M_GA26_BW880_PA38_DG0_PF0_D1_S02_2|canonical,COph100,canonical,none,ok,False,2.2513774451485675,False,False
COph100/061/061_M_GA26_BW880_PA32_DG0_PF0_D1_S01_2__061_M_GA26_BW880_PA38_DG0_PF0_D1_S02_2|canonical,COph100,canonical,rectangle,ok,False,2.2513774451485675,False,False
COph100/061/061_M_GA26_BW880_PA32_DG0_PF0_D1_S01_2__061_M_GA26_BW880_PA38_DG0_PF0_D1_S02_2|canonical,COph100,canonical,fov,ok,False,2.2513774451485675,False,False
COph100/062/062_F_GA27_BW900_PA35_DG0_PF0_D1_S01_3__062_F_GA27_BW900_PA39_DG0_PF0_D1_S02_3|canonical,COph100,canonical,none,degenerate_fit,False,,True,False
COph100/062/062_F_GA27_BW900_PA35_DG0_PF0_D1_S01_3__062_F_GA27_BW900_PA39_DG0_PF0_D1_S02_3|canonical,COph100,canonical,rectangle,ok,False,7.429962904018636,True,False
COph100/062/062_F_GA27_BW900_PA35_DG0_PF0_D1_S01_3__062_F_GA27_BW900_PA39_DG0_PF0_D1_S02_3|canonical,COph100,canonical,fov,degenerate_fit,False,,True,False
COph100/064-1/064_M_GA30_BW990_PA37_DG0_PF0_D1_S02_8__064_M_GA30_BW990_PA40_DG0_PF0_D1_S03_3|canonical,COph100,canonical,none,ok,False,11.039523442066152,True,False
COph100/064-1/064_M_GA30_BW990_PA37_DG0_PF0_D1_S02_8__064_M_GA30_BW990_PA40_DG0_PF0_D1_S03_3|canonical,COph100,canonical,rectangle,ok,False,11.039523442066152,True,False
COph100/064-1/064_M_GA30_BW990_PA37_DG0_PF0_D1_S02_8__064_M_GA30_BW990_PA40_DG0_PF0_D1_S03_3|canonical,COph100,canonical,fov,ok,False,11.039523442066152,True,False
COph100/065-1/065_M_GA27_BW950_PA32_DG0_PF0_D1_S01_8__065_M_GA27_BW950_PA34_DG0_PF0_D1_S02_7|canonical,COph100,canonical,none,ok,False,7.4445314783941825,True,False
COph100/065-1/065_M_GA27_BW950_PA32_DG0_PF0_D1_S01_8__065_M_GA27_BW950_PA34_DG0_PF0_D1_S02_7|canonical,COph100,canonical,rectangle,ok,False,7.4445314783941825,True,False
COph100/065-1/065_M_GA27_BW950_PA32_DG0_PF0_D1_S01_8__065_M_GA27_BW950_PA34_DG0_PF0_D1_S02_7|canonical,COph100,canonical,fov,ok,False,7.4445314783941825,True,False
COph100/065/065_M_GA27_BW950_PA32_DG0_PF0_D1_S01_6__065_M_GA27_BW950_PA36_DG0_PF0_D1_S03_1|canonical,COph100,canonical,none,ok,False,13.601879290679696,True,False
COph100/065/065_M_GA27_BW950_PA32_DG0_PF0_D1_S01_6__065_M_GA27_BW950_PA36_DG0_PF0_D1_S03_1|canonical,COph100,canonical,rectangle,ok,False,13.601879290679696,True,False
COph100/065/065_M_GA27_BW950_PA32_DG0_PF0_D1_S01_6__065_M_GA27_BW950_PA36_DG0_PF0_D1_S03_1|canonical,COph100,canonical,fov,ok,False,13.601879290679696,True,False
COph100/066-1/066_F_GA26_BW810_PA34_DG3_PF0_D1_S03_2__066_F_GA26_BW810_PA42_DG3_PF0_D1_S06_1|canonical,COph100,canonical,none,ok,False,7.496810518167036,True,False
COph100/066-1/066_F_GA26_BW810_PA34_DG3_PF0_D1_S03_2__066_F_GA26_BW810_PA42_DG3_PF0_D1_S06_1|canonical,COph100,canonical,rectangle,ok,False,7.496810518167036,True,False
COph100/066-1/066_F_GA26_BW810_PA34_DG3_PF0_D1_S03_2__066_F_GA26_BW810_PA42_DG3_PF0_D1_S06_1|canonical,COph100,canonical,fov,ok,False,7.496810518167036,True,False
COph100/066/066_F_GA26_BW810_PA31_DG1_PF0_D1_S01_5__066_F_GA26_BW810_PA32_DG2_PF0_D1_S02_15|canonical,COph100,canonical,none,ok,False,1.7901270526817181,False,False
COph100/066/066_F_GA26_BW810_PA31_DG1_PF0_D1_S01_5__066_F_GA26_BW810_PA32_DG2_PF0_D1_S02_15|canonical,COph100,canonical,rectangle,ok,False,1.7901270526817181,False,False
COph100/066/066_F_GA26_BW810_PA31_DG1_PF0_D1_S01_5__066_F_GA26_BW810_PA32_DG2_PF0_D1_S02_15|canonical,COph100,canonical,fov,ok,False,1.7901270526817181,False,False
COph100/066/066_F_GA26_BW810_PA31_DG1_PF0_D1_S01_5__066_F_GA26_BW810_PA42_DG3_PF0_D1_S06_12|canonical,COph100,canonical,none,ok,False,267.05860332435793,True,True
COph100/066/066_F_GA26_BW810_PA31_DG1_PF0_D1_S01_5__066_F_GA26_BW810_PA42_DG3_PF0_D1_S06_12|canonical,COph100,canonical,rectangle,ok,False,46.817828363603745,True,False
COph100/066/066_F_GA26_BW810_PA31_DG1_PF0_D1_S01_5__066_F_GA26_BW810_PA42_DG3_PF0_D1_S06_12|canonical,COph100,canonical,fov,ok,False,46.817828363603745,True,False
COph100/066/066_F_GA26_BW810_PA32_DG2_PF0_D1_S02_15__066_F_GA26_BW810_PA42_DG3_PF0_D1_S06_12|canonical,COph100,canonical,none,ok,False,47.72570244532818,True,False
COph100/066/066_F_GA26_BW810_PA32_DG2_PF0_D1_S02_15__066_F_GA26_BW810_PA42_DG3_PF0_D1_S06_12|canonical,COph100,canonical,rectangle,ok,False,47.72570244532818,True,False
COph100/066/066_F_GA26_BW810_PA32_DG2_PF0_D1_S02_15__066_F_GA26_BW810_PA42_DG3_PF0_D1_S06_12|canonical,COph100,canonical,fov,ok,False,47.72570244532818,True,False
COph100/066/066_F_GA26_BW810_PA36_DG3_PF0_D1_S04_7__066_F_GA26_BW810_PA40_DG3_PF0_D1_S05_9|canonical,COph100,canonical,none,ok,False,2.1343146870486733,False,False
COph100/066/066_F_GA26_BW810_PA36_DG3_PF0_D1_S04_7__066_F_GA26_BW810_PA40_DG3_PF0_D1_S05_9|canonical,COph100,canonical,rectangle,ok,False,2.1343146870486733,False,False
COph100/066/066_F_GA26_BW810_PA36_DG3_PF0_D1_S04_7__066_F_GA26_BW810_PA40_DG3_PF0_D1_S05_9|canonical,COph100,canonical,fov,ok,False,2.1343146870486733,False,False
COph100/067/067_F_GA32_BW2100_PA33_DG0_PF0_D1_S01_2__067_F_GA32_BW2100_PA40_DG0_PF0_D1_S02_11|canonical,COph100,canonical,none,ok,False,10.349166524065126,True,False
COph100/067/067_F_GA32_BW2100_PA33_DG0_PF0_D1_S01_2__067_F_GA32_BW2100_PA40_DG0_PF0_D1_S02_11|canonical,COph100,canonical,rectangle,ok,False,10.349166524065126,True,False
COph100/067/067_F_GA32_BW2100_PA33_DG0_PF0_D1_S01_2__067_F_GA32_BW2100_PA40_DG0_PF0_D1_S02_11|canonical,COph100,canonical,fov,ok,False,10.349166524065126,True,False
COph100/069-1/069_M_GA30_BW1100_PA32_DG1_PF0_D1_S01_6__069_M_GA30_BW1100_PA36_DG2_PF0_D1_S03_8|canonical,COph100,canonical,none,ok,False,128.64860722395784,True,True
COph100/069-1/069_M_GA30_BW1100_PA32_DG1_PF0_D1_S01_6__069_M_GA30_BW1100_PA36_DG2_PF0_D1_S03_8|canonical,COph100,canonical,rectangle,ok,False,109.26677548274134,True,False
COph100/069-1/069_M_GA30_BW1100_PA32_DG1_PF0_D1_S01_6__069_M_GA30_BW1100_PA36_DG2_PF0_D1_S03_8|canonical,COph100,canonical,fov,ok,False,128.64860722395784,True,True
COph100/069-1/069_M_GA30_BW1100_PA36_DG2_PF0_D1_S03_8__069_M_GA30_BW1100_PA43_DG9_PF0_D1_S04_4|canonical,COph100,canonical,none,degenerate_fit,False,,True,False
COph100/069-1/069_M_GA30_BW1100_PA36_DG2_PF0_D1_S03_8__069_M_GA30_BW1100_PA43_DG9_PF0_D1_S04_4|canonical,COph100,canonical,rectangle,degenerate_fit,False,,True,False
COph100/069-1/069_M_GA30_BW1100_PA36_DG2_PF0_D1_S03_8__069_M_GA30_BW1100_PA43_DG9_PF0_D1_S04_4|canonical,COph100,canonical,fov,degenerate_fit,False,,True,False
COph100/069/069_M_GA30_BW1100_PA34_DG1_PF0_D1_S02_2__069_M_GA30_BW1100_PA36_DG2_PF0_D1_S03_1|canonical,COph100,canonical,none,ok,False,3.6918705269587506,False,False
COph100/069/069_M_GA30_BW1100_PA34_DG1_PF0_D1_S02_2__069_M_GA30_BW1100_PA36_DG2_PF0_D1_S03_1|canonical,COph100,canonical,rectangle,ok,False,3.6918705269587506,False,False
COph100/069/069_M_GA30_BW1100_PA34_DG1_PF0_D1_S02_2__069_M_GA30_BW1100_PA36_DG2_PF0_D1_S03_1|canonical,COph100,canonical,fov,ok,False,3.6918705269587506,False,False
COph100/070-1/070_M_GA32_BW1830_PA33_DG0_PF0_D1_S01_3__070_M_GA32_BW1830_PA37_DG0_PF0_D1_S03_8|canonical,COph100,canonical,none,ok,False,5.088178701457569,True,False
COph100/070-1/070_M_GA32_BW1830_PA33_DG0_PF0_D1_S01_3__070_M_GA32_BW1830_PA37_DG0_PF0_D1_S03_8|canonical,COph100,canonical,rectangle,ok,False,5.088178701457569,True,False
COph100/070-1/070_M_GA32_BW1830_PA33_DG0_PF0_D1_S01_3__070_M_GA32_BW1830_PA37_DG0_PF0_D1_S03_8|canonical,COph100,canonical,fov,ok,False,5.088178701457569,True,False
COph100/070-1/070_M_GA32_BW1830_PA37_DG0_PF0_D1_S03_8__070_M_GA32_BW1830_PA40_DG0_PF0_D1_S04_7|canonical,COph100,canonical,none,degenerate_fit,False,,True,False
COph100/070-1/070_M_GA32_BW1830_PA37_DG0_PF0_D1_S03_8__070_M_GA32_BW1830_PA40_DG0_PF0_D1_S04_7|canonical,COph100,canonical,rectangle,ok,False,5.569541437418641,True,False
COph100/070-1/070_M_GA32_BW1830_PA37_DG0_PF0_D1_S03_8__070_M_GA32_BW1830_PA40_DG0_PF0_D1_S04_7|canonical,COph100,canonical,fov,ok,False,5.569541437418641,True,False
COph100/070/070_M_GA32_BW1830_PA35_DG0_PF0_D1_S02_1__070_M_GA32_BW1830_PA37_DG0_PF0_D1_S03_3|canonical,COph100,canonical,none,ok,False,3.853607744638336,False,False
COph100/070/070_M_GA32_BW1830_PA35_DG0_PF0_D1_S02_1__070_M_GA32_BW1830_PA37_DG0_PF0_D1_S03_3|canonical,COph100,canonical,rectangle,ok,False,3.853607744638336,False,False
COph100/070/070_M_GA32_BW1830_PA35_DG0_PF0_D1_S02_1__070_M_GA32_BW1830_PA37_DG0_PF0_D1_S03_3|canonical,COph100,canonical,fov,ok,False,3.853607744638336,False,False
COph100/071-1/071_F_GA32_BW1660_PA33_DG0_PF0_D1_S01_7__071_F_GA32_BW1660_PA37_DG0_PF0_D1_S03_7|canonical,COph100,canonical,none,ok,False,10.1168587569409,True,False
COph100/071-1/071_F_GA32_BW1660_PA33_DG0_PF0_D1_S01_7__071_F_GA32_BW1660_PA37_DG0_PF0_D1_S03_7|canonical,COph100,canonical,rectangle,ok,False,10.1168587569409,True,False
COph100/071-1/071_F_GA32_BW1660_PA33_DG0_PF0_D1_S01_7__071_F_GA32_BW1660_PA37_DG0_PF0_D1_S03_7|canonical,COph100,canonical,fov,ok,False,10.1168587569409,True,False
COph100/071-1/071_F_GA32_BW1660_PA37_DG0_PF0_D1_S03_7__071_F_GA32_BW1660_PA40_DG0_PF0_D1_S04_8|canonical,COph100,canonical,none,ok,False,3.321393835110741,False,False
COph100/071-1/071_F_GA32_BW1660_PA37_DG0_PF0_D1_S03_7__071_F_GA32_BW1660_PA40_DG0_PF0_D1_S04_8|canonical,COph100,canonical,rectangle,ok,False,3.321393835110741,False,False
COph100/071-1/071_F_GA32_BW1660_PA37_DG0_PF0_D1_S03_7__071_F_GA32_BW1660_PA40_DG0_PF0_D1_S04_8|canonical,COph100,canonical,fov,ok,False,3.321393835110741,False,False
COph100/071/071_F_GA32_BW1660_PA35_DG0_PF0_D1_S02_2__071_F_GA32_BW1660_PA37_DG0_PF0_D1_S03_3|canonical,COph100,canonical,none,ok,False,7.934398710610159,True,False
COph100/071/071_F_GA32_BW1660_PA35_DG0_PF0_D1_S02_2__071_F_GA32_BW1660_PA37_DG0_PF0_D1_S03_3|canonical,COph100,canonical,rectangle,ok,False,7.934398710610159,True,False
COph100/071/071_F_GA32_BW1660_PA35_DG0_PF0_D1_S02_2__071_F_GA32_BW1660_PA37_DG0_PF0_D1_S03_3|canonical,COph100,canonical,fov,ok,False,7.934398710610159,True,False
COph100/076-1/076_M_GA33_BW1470_PA35_DG0_PF0_D1_S01_10__076_M_GA33_BW1470_PA40_DG0_PF0_D1_S03_3|canonical,COph100,canonical,none,degenerate_fit,False,,True,False
COph100/076-1/076_M_GA33_BW1470_PA35_DG0_PF0_D1_S01_10__076_M_GA33_BW1470_PA40_DG0_PF0_D1_S03_3|canonical,COph100,canonical,rectangle,degenerate_fit,False,,True,False
COph100/076-1/076_M_GA33_BW1470_PA35_DG0_PF0_D1_S01_10__076_M_GA33_BW1470_PA40_DG0_PF0_D1_S03_3|canonical,COph100,canonical,fov,degenerate_fit,False,,True,False
COph100/076/076_M_GA33_BW1470_PA37_DG0_PF0_D1_S02_2__076_M_GA33_BW1470_PA40_DG0_PF0_D1_S03_8|canonical,COph100,canonical,none,ok,False,4.824960760053715,True,False
COph100/076/076_M_GA33_BW1470_PA37_DG0_PF0_D1_S02_2__076_M_GA33_BW1470_PA40_DG0_PF0_D1_S03_8|canonical,COph100,canonical,rectangle,ok,False,4.824960760053715,True,False
COph100/076/076_M_GA33_BW1470_PA37_DG0_PF0_D1_S02_2__076_M_GA33_BW1470_PA40_DG0_PF0_D1_S03_8|canonical,COph100,canonical,fov,ok,False,4.824960760053715,True,False
FIRE/A02|official,FIRE,reverse,none,ok,False,10.987583661145297,False,False
FIRE/A02|official,FIRE,reverse,rectangle,ok,False,10.987583661145297,False,False
FIRE/A02|official,FIRE,reverse,fov,ok,False,10.987583661145297,False,False
FIRE/A04|official,FIRE,reverse,none,ok,False,4.799282438358568,False,False
FIRE/A04|official,FIRE,reverse,rectangle,ok,False,4.799282438358568,False,False
FIRE/A04|official,FIRE,reverse,fov,ok,False,4.799282438358568,False,False
FIRE/A06|official,FIRE,reverse,none,ok,False,5.6403111622778255,False,False
FIRE/A06|official,FIRE,reverse,rectangle,ok,False,5.6403111622778255,False,False
FIRE/A06|official,FIRE,reverse,fov,ok,False,5.6403111622778255,False,False
FIRE/A08|official,FIRE,reverse,none,ok,False,21.644281739505836,True,False
FIRE/A08|official,FIRE,reverse,rectangle,ok,False,21.644281739505836,True,False
FIRE/A08|official,FIRE,reverse,fov,ok,False,21.644281739505836,True,False
FIRE/A10|official,FIRE,reverse,none,ok,False,2.9671327347303844,False,False
FIRE/A10|official,FIRE,reverse,rectangle,ok,False,2.9671327347303844,False,False
FIRE/A10|official,FIRE,reverse,fov,ok,False,2.9671327347303844,False,False
FIRE/A12|official,FIRE,reverse,none,ok,False,2.7622238653155673,False,False
FIRE/A12|official,FIRE,reverse,rectangle,ok,False,2.7622238653155673,False,False
FIRE/A12|official,FIRE,reverse,fov,ok,False,2.7622238653155673,False,False
FIRE/A14|official,FIRE,reverse,none,ok,False,6.316524265696448,False,False
FIRE/A14|official,FIRE,reverse,rectangle,ok,False,6.316524265696448,False,False
FIRE/A14|official,FIRE,reverse,fov,ok,False,6.316524265696448,False,False
FIRE/P02|official,FIRE,reverse,none,ok,False,7.386043983634044,False,False
FIRE/P02|official,FIRE,reverse,rectangle,ok,False,7.386043983634044,False,False
FIRE/P02|official,FIRE,reverse,fov,ok,False,7.386043983634044,False,False
FIRE/P04|official,FIRE,reverse,none,ok,False,26.025108747049813,True,False
FIRE/P04|official,FIRE,reverse,rectangle,ok,False,26.025108747049813,True,False
FIRE/P04|official,FIRE,reverse,fov,ok,False,26.025108747049813,True,False
FIRE/P06|official,FIRE,reverse,none,ok,False,14.328458662915224,False,False
FIRE/P06|official,FIRE,reverse,rectangle,ok,False,14.328458662915224,False,False
FIRE/P06|official,FIRE,reverse,fov,ok,False,14.328458662915224,False,False
FIRE/P08|official,FIRE,reverse,none,ok,False,19.00798260084031,False,False
FIRE/P08|official,FIRE,reverse,rectangle,ok,False,19.00798260084031,False,False
FIRE/P08|official,FIRE,reverse,fov,ok,False,19.00798260084031,False,False
FIRE/P10|official,FIRE,reverse,none,ok,False,20.421901873821707,False,False
FIRE/P10|official,FIRE,reverse,rectangle,ok,False,20.421901873821707,False,False
FIRE/P10|official,FIRE,reverse,fov,ok,False,20.421901873821707,False,False
FIRE/P12|official,FIRE,reverse,none,ok,False,18.6176798834518,False,False
FIRE/P12|official,FIRE,reverse,rectangle,ok,False,18.6176798834518,False,False
FIRE/P12|official,FIRE,reverse,fov,ok,False,18.6176798834518,False,False
FIRE/P14|official,FIRE,reverse,none,ok,False,17.893785056231636,False,False
FIRE/P14|official,FIRE,reverse,rectangle,ok,False,17.893785056231636,False,False
FIRE/P14|official,FIRE,reverse,fov,ok,False,17.893785056231636,False,False
FIRE/P16|official,FIRE,reverse,none,ok,False,11.857309635359863,False,False
FIRE/P16|official,FIRE,reverse,rectangle,ok,False,11.857309635359863,False,False
FIRE/P16|official,FIRE,reverse,fov,ok,False,11.857309635359863,False,False
FIRE/P18|official,FIRE,reverse,none,ok,False,30.19686631215709,True,False
FIRE/P18|official,FIRE,reverse,rectangle,ok,False,30.19686631215709,True,False
FIRE/P18|official,FIRE,reverse,fov,ok,False,30.19686631215709,True,False
FIRE/P20|official,FIRE,reverse,none,ok,False,17.266507496841328,False,False
FIRE/P20|official,FIRE,reverse,rectangle,ok,False,17.266507496841328,False,False
FIRE/P20|official,FIRE,reverse,fov,ok,False,17.266507496841328,False,False
FIRE/P22|official,FIRE,reverse,none,ok,False,18.933805385267306,False,False
FIRE/P22|official,FIRE,reverse,rectangle,ok,False,18.933805385267306,False,False
FIRE/P22|official,FIRE,reverse,fov,ok,False,18.933805385267306,False,False
FIRE/P24|official,FIRE,reverse,none,ok,False,15.561911458662959,False,False
FIRE/P24|official,FIRE,reverse,rectangle,ok,False,15.561911458662959,False,False
FIRE/P24|official,FIRE,reverse,fov,ok,False,15.561911458662959,False,False
FIRE/P26|official,FIRE,reverse,none,ok,False,12.5504054772539,False,False
FIRE/P26|official,FIRE,reverse,rectangle,ok,False,12.5504054772539,False,False
FIRE/P26|official,FIRE,reverse,fov,ok,False,12.5504054772539,False,False
FIRE/P28|official,FIRE,reverse,none,ok,False,16.18379456056653,False,False
FIRE/P28|official,FIRE,reverse,rectangle,ok,False,16.18379456056653,False,False
FIRE/P28|official,FIRE,reverse,fov,ok,False,16.18379456056653,False,False
FIRE/P30|official,FIRE,reverse,none,ok,False,37.048702763103016,True,False
FIRE/P30|official,FIRE,reverse,rectangle,ok,False,37.048702763103016,True,False
FIRE/P30|official,FIRE,reverse,fov,ok,False,37.048702763103016,True,False
FIRE/P32|official,FIRE,reverse,none,ok,False,9.591084830240725,False,False
FIRE/P32|official,FIRE,reverse,rectangle,ok,False,9.591084830240725,False,False
FIRE/P32|official,FIRE,reverse,fov,ok,False,9.591084830240725,False,False
FIRE/P34|official,FIRE,reverse,none,ok,False,16.605310490333686,False,False
FIRE/P34|official,FIRE,reverse,rectangle,ok,False,16.605310490333686,False,False
FIRE/P34|official,FIRE,reverse,fov,ok,False,16.605310490333686,False,False
FIRE/P36|official,FIRE,reverse,none,ok,False,18.341346459857004,False,False
FIRE/P36|official,FIRE,reverse,rectangle,ok,False,18.341346459857004,False,False
FIRE/P36|official,FIRE,reverse,fov,ok,False,18.341346459857004,False,False
FIRE/P38|official,FIRE,reverse,none,ok,False,19.00207162720907,False,False
FIRE/P38|official,FIRE,reverse,rectangle,ok,False,19.00207162720907,False,False
FIRE/P38|official,FIRE,reverse,fov,ok,False,19.00207162720907,False,False
FIRE/P40|official,FIRE,reverse,none,ok,False,10.294534388396972,False,False
FIRE/P40|official,FIRE,reverse,rectangle,ok,False,10.294534388396972,False,False
FIRE/P40|official,FIRE,reverse,fov,ok,False,10.294534388396972,False,False
FIRE/P42|official,FIRE,reverse,none,ok,False,32.2898820910726,True,False
FIRE/P42|official,FIRE,reverse,rectangle,ok,False,32.2898820910726,True,False
FIRE/P42|official,FIRE,reverse,fov,ok,False,32.2898820910726,True,False
FIRE/P44|official,FIRE,reverse,none,ok,False,41.24944565621042,True,False
FIRE/P44|official,FIRE,reverse,rectangle,ok,False,41.24944565621042,True,False
FIRE/P44|official,FIRE,reverse,fov,ok,False,41.24944565621042,True,False
FIRE/P46|official,FIRE,reverse,none,ok,False,14.873637713314432,False,False
FIRE/P46|official,FIRE,reverse,rectangle,ok,False,14.873637713314432,False,False
FIRE/P46|official,FIRE,reverse,fov,ok,False,14.873637713314432,False,False
FIRE/P48|official,FIRE,reverse,none,ok,False,9.740511123689398,False,False
FIRE/P48|official,FIRE,reverse,rectangle,ok,False,9.740511123689398,False,False
FIRE/P48|official,FIRE,reverse,fov,ok,False,9.740511123689398,False,False
FIRE/S01|official,FIRE,reverse,none,ok,False,3.4572501614493314,False,False
FIRE/S01|official,FIRE,reverse,rectangle,ok,False,3.4572501614493314,False,False
FIRE/S01|official,FIRE,reverse,fov,ok,False,3.4572501614493314,False,False
FIRE/S03|official,FIRE,reverse,none,ok,False,4.830716781638445,False,False
FIRE/S03|official,FIRE,reverse,rectangle,ok,False,4.830716781638445,False,False
FIRE/S03|official,FIRE,reverse,fov,ok,False,4.830716781638445,False,False
FIRE/S05|official,FIRE,reverse,none,ok,False,2.117475944372668,False,False
FIRE/S05|official,FIRE,reverse,rectangle,ok,False,2.117475944372668,False,False
FIRE/S05|official,FIRE,reverse,fov,ok,False,2.117475944372668,False,False
FIRE/S07|official,FIRE,reverse,none,ok,False,1.0068104787389713,False,False
FIRE/S07|official,FIRE,reverse,rectangle,ok,False,1.0068104787389713,False,False
FIRE/S07|official,FIRE,reverse,fov,ok,False,1.0068104787389713,False,False
FIRE/S09|official,FIRE,reverse,none,ok,False,1.1224172010988431,False,False
FIRE/S09|official,FIRE,reverse,rectangle,ok,False,1.1224172010988431,False,False
FIRE/S09|official,FIRE,reverse,fov,ok,False,1.1224172010988431,False,False
FIRE/S11|official,FIRE,reverse,none,ok,False,2.5163439181283076,False,False
FIRE/S11|official,FIRE,reverse,rectangle,ok,False,2.5163439181283076,False,False
FIRE/S11|official,FIRE,reverse,fov,ok,False,2.5163439181283076,False,False
FIRE/S13|official,FIRE,reverse,none,ok,False,2.0654670578515955,False,False
FIRE/S13|official,FIRE,reverse,rectangle,ok,False,2.0654670578515955,False,False
FIRE/S13|official,FIRE,reverse,fov,ok,False,2.0654670578515955,False,False
FIRE/S15|official,FIRE,reverse,none,ok,False,2.057756535917468,False,False
FIRE/S15|official,FIRE,reverse,rectangle,ok,False,2.057756535917468,False,False
FIRE/S15|official,FIRE,reverse,fov,ok,False,2.057756535917468,False,False
FIRE/S17|official,FIRE,reverse,none,ok,False,1.88378505370653,False,False
FIRE/S17|official,FIRE,reverse,rectangle,ok,False,1.88378505370653,False,False
FIRE/S17|official,FIRE,reverse,fov,ok,False,1.88378505370653,False,False
FIRE/S19|official,FIRE,reverse,none,ok,False,1.2500877451581789,False,False
FIRE/S19|official,FIRE,reverse,rectangle,ok,False,1.2500877451581789,False,False
FIRE/S19|official,FIRE,reverse,fov,ok,False,1.2500877451581789,False,False
FIRE/S21|official,FIRE,reverse,none,ok,False,1.9399778337714424,False,False
FIRE/S21|official,FIRE,reverse,rectangle,ok,False,1.9399778337714424,False,False
FIRE/S21|official,FIRE,reverse,fov,ok,False,1.9399778337714424,False,False
FIRE/S23|official,FIRE,reverse,none,ok,False,2.23972831738758,False,False
FIRE/S23|official,FIRE,reverse,rectangle,ok,False,2.23972831738758,False,False
FIRE/S23|official,FIRE,reverse,fov,ok,False,2.23972831738758,False,False
FIRE/S25|official,FIRE,reverse,none,ok,False,1.1529044632340706,False,False
FIRE/S25|official,FIRE,reverse,rectangle,ok,False,1.1529044632340706,False,False
FIRE/S25|official,FIRE,reverse,fov,ok,False,1.1529044632340706,False,False
FIRE/S27|official,FIRE,reverse,none,ok,False,2.263385901633863,False,False
FIRE/S27|official,FIRE,reverse,rectangle,ok,False,2.263385901633863,False,False
FIRE/S27|official,FIRE,reverse,fov,ok,False,2.263385901633863,False,False
FIRE/S29|official,FIRE,reverse,none,ok,False,2.1913997004262873,False,False
FIRE/S29|official,FIRE,reverse,rectangle,ok,False,2.1913997004262873,False,False
FIRE/S29|official,FIRE,reverse,fov,ok,False,2.1913997004262873,False,False
FIRE/S31|official,FIRE,reverse,none,ok,False,1.17942143429385,False,False
FIRE/S31|official,FIRE,reverse,rectangle,ok,False,1.17942143429385,False,False
FIRE/S31|official,FIRE,reverse,fov,ok,False,1.17942143429385,False,False
FIRE/S33|official,FIRE,reverse,none,ok,False,1.4942303772978995,False,False
FIRE/S33|official,FIRE,reverse,rectangle,ok,False,1.4942303772978995,False,False
FIRE/S33|official,FIRE,reverse,fov,ok,False,1.4942303772978995,False,False
FIRE/S35|official,FIRE,reverse,none,ok,False,1.9719347321164595,False,False
FIRE/S35|official,FIRE,reverse,rectangle,ok,False,1.9719347321164595,False,False
FIRE/S35|official,FIRE,reverse,fov,ok,False,1.9719347321164595,False,False
FIRE/S37|official,FIRE,reverse,none,ok,False,1.3998843725404793,False,False
FIRE/S37|official,FIRE,reverse,rectangle,ok,False,1.3998843725404793,False,False
FIRE/S37|official,FIRE,reverse,fov,ok,False,1.3998843725404793,False,False
FIRE/S39|official,FIRE,reverse,none,ok,False,1.3965352986519666,False,False
FIRE/S39|official,FIRE,reverse,rectangle,ok,False,1.3965352986519666,False,False
FIRE/S39|official,FIRE,reverse,fov,ok,False,1.3965352986519666,False,False
FIRE/S41|official,FIRE,reverse,none,ok,False,1.7439794272294804,False,False
FIRE/S41|official,FIRE,reverse,rectangle,ok,False,1.7439794272294804,False,False
FIRE/S41|official,FIRE,reverse,fov,ok,False,1.7439794272294804,False,False
FIRE/S43|official,FIRE,reverse,none,ok,False,2.1933330373716275,False,False
FIRE/S43|official,FIRE,reverse,rectangle,ok,False,2.1933330373716275,False,False
FIRE/S43|official,FIRE,reverse,fov,ok,False,2.1933330373716275,False,False
FIRE/S45|official,FIRE,reverse,none,ok,False,1.808894328758435,False,False
FIRE/S45|official,FIRE,reverse,rectangle,ok,False,1.808894328758435,False,False
FIRE/S45|official,FIRE,reverse,fov,ok,False,1.808894328758435,False,False
FIRE/S47|official,FIRE,reverse,none,ok,False,1.4249985807936671,False,False
FIRE/S47|official,FIRE,reverse,rectangle,ok,False,1.4249985807936671,False,False
FIRE/S47|official,FIRE,reverse,fov,ok,False,1.4249985807936671,False,False
FIRE/S49|official,FIRE,reverse,none,ok,False,2.544101534628251,False,False
FIRE/S49|official,FIRE,reverse,rectangle,ok,False,2.544101534628251,False,False
FIRE/S49|official,FIRE,reverse,fov,ok,False,2.544101534628251,False,False
FIRE/S51|official,FIRE,reverse,none,ok,False,1.7983571559877292,False,False
FIRE/S51|official,FIRE,reverse,rectangle,ok,False,1.7983571559877292,False,False
FIRE/S51|official,FIRE,reverse,fov,ok,False,1.7983571559877292,False,False
FIRE/S53|official,FIRE,reverse,none,ok,False,4.706133866780185,False,False
FIRE/S53|official,FIRE,reverse,rectangle,ok,False,4.706133866780185,False,False
FIRE/S53|official,FIRE,reverse,fov,ok,False,4.706133866780185,False,False
FIRE/S55|official,FIRE,reverse,none,ok,False,2.1498102884828585,False,False
FIRE/S55|official,FIRE,reverse,rectangle,ok,False,2.1498102884828585,False,False
FIRE/S55|official,FIRE,reverse,fov,ok,False,2.1498102884828585,False,False
FIRE/S57|official,FIRE,reverse,none,ok,False,1.4466633354875793,False,False
FIRE/S57|official,FIRE,reverse,rectangle,ok,False,1.4466633354875793,False,False
FIRE/S57|official,FIRE,reverse,fov,ok,False,1.4466633354875793,False,False
FIRE/S59|official,FIRE,reverse,none,ok,False,2.72137743475719,False,False
FIRE/S59|official,FIRE,reverse,rectangle,ok,False,2.72137743475719,False,False
FIRE/S59|official,FIRE,reverse,fov,ok,False,2.72137743475719,False,False
FIRE/S61|official,FIRE,reverse,none,ok,False,1.0688969306736955,False,False
FIRE/S61|official,FIRE,reverse,rectangle,ok,False,1.0688969306736955,False,False
FIRE/S61|official,FIRE,reverse,fov,ok,False,1.0688969306736955,False,False
FIRE/S63|official,FIRE,reverse,none,ok,False,2.790582098976284,False,False
FIRE/S63|official,FIRE,reverse,rectangle,ok,False,2.790582098976284,False,False
FIRE/S63|official,FIRE,reverse,fov,ok,False,2.790582098976284,False,False
FIRE/S65|official,FIRE,reverse,none,ok,False,1.7010607819923056,False,False
FIRE/S65|official,FIRE,reverse,rectangle,ok,False,1.7010607819923056,False,False
FIRE/S65|official,FIRE,reverse,fov,ok,False,1.7010607819923056,False,False
FIRE/S67|official,FIRE,reverse,none,ok,False,2.744850798447243,False,False
FIRE/S67|official,FIRE,reverse,rectangle,ok,False,2.744850798447243,False,False
FIRE/S67|official,FIRE,reverse,fov,ok,False,2.744850798447243,False,False
FIRE/S69|official,FIRE,reverse,none,ok,False,4.829463737137028,False,False
FIRE/S69|official,FIRE,reverse,rectangle,ok,False,4.829463737137028,False,False
FIRE/S69|official,FIRE,reverse,fov,ok,False,4.829463737137028,False,False
FIRE/S71|official,FIRE,reverse,none,ok,False,7.323416388308617,False,False
FIRE/S71|official,FIRE,reverse,rectangle,ok,False,7.323416388308617,False,False
FIRE/S71|official,FIRE,reverse,fov,ok,False,7.323416388308617,False,False
COph100/002-1/002_M_GA40_BW4040_PA41_DG11_PF0_D1_S01_6__002_M_GA40_BW4040_PA43_DG11_PF0_D1_S02_12|canonical,COph100,canonical,none,ok,False,3.839461350866243,False,False
COph100/002-1/002_M_GA40_BW4040_PA41_DG11_PF0_D1_S01_6__002_M_GA40_BW4040_PA43_DG11_PF0_D1_S02_12|canonical,COph100,canonical,rectangle,ok,False,3.839461350866243,False,False
COph100/002-1/002_M_GA40_BW4040_PA41_DG11_PF0_D1_S01_6__002_M_GA40_BW4040_PA43_DG11_PF0_D1_S02_12|canonical,COph100,canonical,fov,ok,False,3.839461350866243,False,False
COph100/002/002_M_GA40_BW4040_PA41_DG11_PF0_D1_S01_2__002_M_GA40_BW4040_PA45_DG11_PF0_D1_S03_10|canonical,COph100,canonical,none,degenerate_fit,False,,True,False
COph100/002/002_M_GA40_BW4040_PA41_DG11_PF0_D1_S01_2__002_M_GA40_BW4040_PA45_DG11_PF0_D1_S03_10|canonical,COph100,canonical,rectangle,ok,False,59.5569599734704,True,False
COph100/002/002_M_GA40_BW4040_PA41_DG11_PF0_D1_S01_2__002_M_GA40_BW4040_PA45_DG11_PF0_D1_S03_10|canonical,COph100,canonical,fov,ok,False,147.70429191647602,True,True
COph100/004/004_F_GA41_BW3760_PA42_DG11_PF0_D1_S01_1__004_F_GA41_BW3760_PA45_DG11_PF0_D1_S02_3|canonical,COph100,canonical,none,ok,False,2.7832392363425464,False,False
COph100/004/004_F_GA41_BW3760_PA42_DG11_PF0_D1_S01_1__004_F_GA41_BW3760_PA45_DG11_PF0_D1_S02_3|canonical,COph100,canonical,rectangle,ok,False,2.7832392363425464,False,False
COph100/004/004_F_GA41_BW3760_PA42_DG11_PF0_D1_S01_1__004_F_GA41_BW3760_PA45_DG11_PF0_D1_S02_3|canonical,COph100,canonical,fov,ok,False,2.7832392363425464,False,False
COph100/005/005_F_GA41_BW3400_PA45_DG11_PF0_D1_S01_8__005_F_GA41_BW3400_PA48_DG11_PF0_D1_S02_9|canonical,COph100,canonical,none,invalid_transform,False,,True,False
COph100/005/005_F_GA41_BW3400_PA45_DG11_PF0_D1_S01_8__005_F_GA41_BW3400_PA48_DG11_PF0_D1_S02_9|canonical,COph100,canonical,rectangle,ok,False,3.527248092404681,False,False
COph100/005/005_F_GA41_BW3400_PA45_DG11_PF0_D1_S01_8__005_F_GA41_BW3400_PA48_DG11_PF0_D1_S02_9|canonical,COph100,canonical,fov,ok,False,3.527248092404681,False,False
COph100/007/007_F_GA31_BW950_PA33_DG11_PF0_D1_S01_1__007_F_GA31_BW950_PA37_DG11_PF0_D1_S03_5|canonical,COph100,canonical,none,ok,False,6.615152164817365,True,False
COph100/007/007_F_GA31_BW950_PA33_DG11_PF0_D1_S01_1__007_F_GA31_BW950_PA37_DG11_PF0_D1_S03_5|canonical,COph100,canonical,rectangle,ok,False,6.615152164817365,True,False
COph100/007/007_F_GA31_BW950_PA33_DG11_PF0_D1_S01_1__007_F_GA31_BW950_PA37_DG11_PF0_D1_S03_5|canonical,COph100,canonical,fov,ok,False,6.615152164817365,True,False
COph100/008-1/008_F_GA39_BW2700_PA40_DG11_PF0_D1_S01_10__008_F_GA39_BW2700_PA47_DG11_PF0_D1_S04_2|canonical,COph100,canonical,none,degenerate_fit,False,,True,False
COph100/008-1/008_F_GA39_BW2700_PA40_DG11_PF0_D1_S01_10__008_F_GA39_BW2700_PA47_DG11_PF0_D1_S04_2|canonical,COph100,canonical,rectangle,ok,False,17.141284629835436,True,False
COph100/008-1/008_F_GA39_BW2700_PA40_DG11_PF0_D1_S01_10__008_F_GA39_BW2700_PA47_DG11_PF0_D1_S04_2|canonical,COph100,canonical,fov,ok,False,17.141284629835436,True,False
COph100/008/008_F_GA39_BW2700_PA40_DG11_PF0_D1_S01_6__008_F_GA39_BW2700_PA41_DG11_PF0_D1_S02_28|canonical,COph100,canonical,none,degenerate_fit,False,,True,False
COph100/008/008_F_GA39_BW2700_PA40_DG11_PF0_D1_S01_6__008_F_GA39_BW2700_PA41_DG11_PF0_D1_S02_28|canonical,COph100,canonical,rectangle,ok,False,6.352068775704731,True,False
COph100/008/008_F_GA39_BW2700_PA40_DG11_PF0_D1_S01_6__008_F_GA39_BW2700_PA41_DG11_PF0_D1_S02_28|canonical,COph100,canonical,fov,degenerate_fit,False,,True,False
COph100/008/008_F_GA39_BW2700_PA41_DG11_PF0_D1_S02_28__008_F_GA39_BW2700_PA47_DG11_PF0_D1_S04_8|canonical,COph100,canonical,none,ok,False,2.4954943078238774,False,False
COph100/008/008_F_GA39_BW2700_PA41_DG11_PF0_D1_S02_28__008_F_GA39_BW2700_PA47_DG11_PF0_D1_S04_8|canonical,COph100,canonical,rectangle,ok,False,2.4954943078238774,False,False
COph100/008/008_F_GA39_BW2700_PA41_DG11_PF0_D1_S02_28__008_F_GA39_BW2700_PA47_DG11_PF0_D1_S04_8|canonical,COph100,canonical,fov,ok,False,2.4954943078238774,False,False
COph100/010/010_M_GA39_BW3550_PA39_DG11_PF0_D1_S01_2__010_M_GA39_BW3550_PA45_DG11_PF0_D1_S02_6|canonical,COph100,canonical,none,ok,False,19.767815585681497,True,False
COph100/010/010_M_GA39_BW3550_PA39_DG11_PF0_D1_S01_2__010_M_GA39_BW3550_PA45_DG11_PF0_D1_S02_6|canonical,COph100,canonical,rectangle,ok,False,19.767815585681497,True,False
COph100/010/010_M_GA39_BW3550_PA39_DG11_PF0_D1_S01_2__010_M_GA39_BW3550_PA45_DG11_PF0_D1_S02_6|canonical,COph100,canonical,fov,ok,False,19.767815585681497,True,False
COph100/010/010_M_GA39_BW3550_PA45_DG11_PF0_D1_S02_6__010_M_GA39_BW3550_PA50_DG11_PF0_D1_S03_3|canonical,COph100,canonical,none,no_matches,False,,True,False
COph100/010/010_M_GA39_BW3550_PA45_DG11_PF0_D1_S02_6__010_M_GA39_BW3550_PA50_DG11_PF0_D1_S03_3|canonical,COph100,canonical,rectangle,no_matches,False,,True,False
COph100/010/010_M_GA39_BW3550_PA45_DG11_PF0_D1_S02_6__010_M_GA39_BW3550_PA50_DG11_PF0_D1_S03_3|canonical,COph100,canonical,fov,no_matches,False,,True,False
COph100/010/010_M_GA39_BW3550_PA50_DG11_PF0_D1_S03_3__010_M_GA39_BW3550_PA60_DG11_PF0_D1_S05_3|canonical,COph100,canonical,none,ok,False,4.498214113994788,True,False
COph100/010/010_M_GA39_BW3550_PA50_DG11_PF0_D1_S03_3__010_M_GA39_BW3550_PA60_DG11_PF0_D1_S05_3|canonical,COph100,canonical,rectangle,ok,False,4.498214113994788,True,False
COph100/010/010_M_GA39_BW3550_PA50_DG11_PF0_D1_S03_3__010_M_GA39_BW3550_PA60_DG11_PF0_D1_S05_3|canonical,COph100,canonical,fov,ok,False,4.498214113994788,True,False
COph100/011-1/011_M_GA40_BW3510_PA89_DG10_PF0_D1_S02_3__011_M_GA40_BW3510_PA113_DG10_PF0_D1_S03_12|canonical,COph100,canonical,none,no_matches,False,,True,False
COph100/011-1/011_M_GA40_BW3510_PA89_DG10_PF0_D1_S02_3__011_M_GA40_BW3510_PA113_DG10_PF0_D1_S03_12|canonical,COph100,canonical,rectangle,no_matches,False,,True,False
COph100/011-1/011_M_GA40_BW3510_PA89_DG10_PF0_D1_S02_3__011_M_GA40_BW3510_PA113_DG10_PF0_D1_S03_12|canonical,COph100,canonical,fov,no_matches,False,,True,False
COph100/012-1/012_M_GA36_BW2210_PA37_DG11_PF0_D1_S01_4__012_M_GA36_BW2210_PA41_DG11_PF0_D1_S02_7|canonical,COph100,canonical,none,ok,False,7.177917143711403,True,False
COph100/012-1/012_M_GA36_BW2210_PA37_DG11_PF0_D1_S01_4__012_M_GA36_BW2210_PA41_DG11_PF0_D1_S02_7|canonical,COph100,canonical,rectangle,ok,False,7.177917143711403,True,False
COph100/012-1/012_M_GA36_BW2210_PA37_DG11_PF0_D1_S01_4__012_M_GA36_BW2210_PA41_DG11_PF0_D1_S02_7|canonical,COph100,canonical,fov,ok,False,7.177917143711403,True,False
COph100/013-1/013_F_GA39_BW3390_PA42_DG11_PF0_D1_S02_6__013_F_GA39_BW3390_PA45_DG11_PF0_D1_S03_19|canonical,COph100,canonical,none,degenerate_fit,False,,True,False
COph100/013-1/013_F_GA39_BW3390_PA42_DG11_PF0_D1_S02_6__013_F_GA39_BW3390_PA45_DG11_PF0_D1_S03_19|canonical,COph100,canonical,rectangle,ok,False,3.8357136926765114,False,False
COph100/013-1/013_F_GA39_BW3390_PA42_DG11_PF0_D1_S02_6__013_F_GA39_BW3390_PA45_DG11_PF0_D1_S03_19|canonical,COph100,canonical,fov,degenerate_fit,False,,True,False
COph100/014-1/014_F_GA40_BW3700_PA41_DG11_PF0_D1_S01_3__014_F_GA40_BW3700_PA45_DG11_PF0_D1_S02_2|canonical,COph100,canonical,none,ok,False,3.715835826088439,False,False
COph100/014-1/014_F_GA40_BW3700_PA41_DG11_PF0_D1_S01_3__014_F_GA40_BW3700_PA45_DG11_PF0_D1_S02_2|canonical,COph100,canonical,rectangle,ok,False,3.715835826088439,False,False
COph100/014-1/014_F_GA40_BW3700_PA41_DG11_PF0_D1_S01_3__014_F_GA40_BW3700_PA45_DG11_PF0_D1_S02_2|canonical,COph100,canonical,fov,ok,False,3.715835826088439,False,False
COph100/017/017_M_GA31_BW1660_PA33_DG11_PF0_D1_S01_10__017_M_GA31_BW1660_PA37_DG11_PF0_D1_S02_7|canonical,COph100,canonical,none,ok,False,5.637599803869442,True,False
COph100/017/017_M_GA31_BW1660_PA33_DG11_PF0_D1_S01_10__017_M_GA31_BW1660_PA37_DG11_PF0_D1_S02_7|canonical,COph100,canonical,rectangle,ok,False,5.637599803869442,True,False
COph100/017/017_M_GA31_BW1660_PA33_DG11_PF0_D1_S01_10__017_M_GA31_BW1660_PA37_DG11_PF0_D1_S02_7|canonical,COph100,canonical,fov,ok,False,5.637599803869442,True,False
COph100/020-1/020_F_GA39_BW3600_PA42_DG11_PF0_D1_S01_8__020_F_GA39_BW3600_PA54_DG11_PF0_D1_S03_7|canonical,COph100,canonical,none,degenerate_fit,False,,True,False
COph100/020-1/020_F_GA39_BW3600_PA42_DG11_PF0_D1_S01_8__020_F_GA39_BW3600_PA54_DG11_PF0_D1_S03_7|canonical,COph100,canonical,rectangle,ok,False,45.46536617130403,True,False
COph100/020-1/020_F_GA39_BW3600_PA42_DG11_PF0_D1_S01_8__020_F_GA39_BW3600_PA54_DG11_PF0_D1_S03_7|canonical,COph100,canonical,fov,degenerate_fit,False,,True,False
COph100/021-1/021_M_GA41_BW3670_PA42_DG11_PF0_D1_S01_7__021_M_GA41_BW3670_PA43_DG11_PF0_D1_S02_1|canonical,COph100,canonical,none,ok,False,4.642391996187795,True,False
COph100/021-1/021_M_GA41_BW3670_PA42_DG11_PF0_D1_S01_7__021_M_GA41_BW3670_PA43_DG11_PF0_D1_S02_1|canonical,COph100,canonical,rectangle,ok,False,4.642391996187795,True,False
COph100/021-1/021_M_GA41_BW3670_PA42_DG11_PF0_D1_S01_7__021_M_GA41_BW3670_PA43_DG11_PF0_D1_S02_1|canonical,COph100,canonical,fov,ok,False,4.642391996187795,True,False
COph100/021/021_M_GA41_BW3670_PA42_DG11_PF0_D1_S01_1__021_M_GA41_BW3670_PA47_DG11_PF0_D1_S03_13|canonical,COph100,canonical,none,ok,False,2.95345187385815,False,False
COph100/021/021_M_GA41_BW3670_PA42_DG11_PF0_D1_S01_1__021_M_GA41_BW3670_PA47_DG11_PF0_D1_S03_13|canonical,COph100,canonical,rectangle,ok,False,2.95345187385815,False,False
COph100/021/021_M_GA41_BW3670_PA42_DG11_PF0_D1_S01_1__021_M_GA41_BW3670_PA47_DG11_PF0_D1_S03_13|canonical,COph100,canonical,fov,ok,False,2.95345187385815,False,False
COph100/023/023_M_GA39_BW3570_PA39_DG11_PF0_D1_S01_10__023_M_GA39_BW3570_PA43_DG11_PF0_D1_S02_3|canonical,COph100,canonical,none,ok,False,12.56030011089164,True,False
COph100/023/023_M_GA39_BW3570_PA39_DG11_PF0_D1_S01_10__023_M_GA39_BW3570_PA43_DG11_PF0_D1_S02_3|canonical,COph100,canonical,rectangle,ok,False,12.56030011089164,True,False
COph100/023/023_M_GA39_BW3570_PA39_DG11_PF0_D1_S01_10__023_M_GA39_BW3570_PA43_DG11_PF0_D1_S02_3|canonical,COph100,canonical,fov,ok,False,12.56030011089164,True,False
COph100/025/025_F_GA35_BW2370_PA36_DG11_PF0_D1_S01_2__025_F_GA35_BW2370_PA41_DG11_PF0_D1_S02_2|canonical,COph100,canonical,none,ok,False,5.28615997286021,True,False
COph100/025/025_F_GA35_BW2370_PA36_DG11_PF0_D1_S01_2__025_F_GA35_BW2370_PA41_DG11_PF0_D1_S02_2|canonical,COph100,canonical,rectangle,ok,False,5.28615997286021,True,False
COph100/025/025_F_GA35_BW2370_PA36_DG11_PF0_D1_S01_2__025_F_GA35_BW2370_PA41_DG11_PF0_D1_S02_2|canonical,COph100,canonical,fov,ok,False,5.28615997286021,True,False
COph100/026-1/026_M_GA33_BW1700_PA34_DG11_PF0_D1_S01_10__026_M_GA33_BW1700_PA42_DG11_PF0_D1_S05_6|canonical,COph100,canonical,none,ok,False,244.04961407547844,True,True
COph100/026-1/026_M_GA33_BW1700_PA34_DG11_PF0_D1_S01_10__026_M_GA33_BW1700_PA42_DG11_PF0_D1_S05_6|canonical,COph100,canonical,rectangle,ok,False,50.1877287901107,True,False
COph100/026-1/026_M_GA33_BW1700_PA34_DG11_PF0_D1_S01_10__026_M_GA33_BW1700_PA42_DG11_PF0_D1_S05_6|canonical,COph100,canonical,fov,ok,False,69.80610238411036,True,True
COph100/026-1/026_M_GA33_BW1700_PA38_DG11_PF0_D1_S03_15__026_M_GA33_BW1700_PA40_DG11_PF0_D1_S04_1|canonical,COph100,canonical,none,ok,False,20.777074469949277,True,False
COph100/026-1/026_M_GA33_BW1700_PA38_DG11_PF0_D1_S03_15__026_M_GA33_BW1700_PA40_DG11_PF0_D1_S04_1|canonical,COph100,canonical,rectangle,ok,False,20.777074469949277,True,False
COph100/026-1/026_M_GA33_BW1700_PA38_DG11_PF0_D1_S03_15__026_M_GA33_BW1700_PA40_DG11_PF0_D1_S04_1|canonical,COph100,canonical,fov,ok,False,20.777074469949277,True,False
COph100/026/026_M_GA33_BW1700_PA34_DG11_PF0_D1_S01_2__026_M_GA33_BW1700_PA38_DG11_PF0_D1_S03_2|canonical,COph100,canonical,none,ok,False,51.28254078453013,True,False
COph100/026/026_M_GA33_BW1700_PA34_DG11_PF0_D1_S01_2__026_M_GA33_BW1700_PA38_DG11_PF0_D1_S03_2|canonical,COph100,canonical,rectangle,ok,False,51.28254078453013,True,False
COph100/026/026_M_GA33_BW1700_PA34_DG11_PF0_D1_S01_2__026_M_GA33_BW1700_PA38_DG11_PF0_D1_S03_2|canonical,COph100,canonical,fov,ok,False,51.28254078453013,True,False
COph100/026/026_M_GA33_BW1700_PA36_DG11_PF0_D1_S02_10__026_M_GA33_BW1700_PA40_DG11_PF0_D1_S04_11|canonical,COph100,canonical,none,degenerate_fit,False,,True,False
COph100/026/026_M_GA33_BW1700_PA36_DG11_PF0_D1_S02_10__026_M_GA33_BW1700_PA40_DG11_PF0_D1_S04_11|canonical,COph100,canonical,rectangle,degenerate_fit,False,,True,False
COph100/026/026_M_GA33_BW1700_PA36_DG11_PF0_D1_S02_10__026_M_GA33_BW1700_PA40_DG11_PF0_D1_S04_11|canonical,COph100,canonical,fov,degenerate_fit,False,,True,False
COph100/026/026_M_GA33_BW1700_PA40_DG11_PF0_D1_S04_11__026_M_GA33_BW1700_PA42_DG11_PF0_D1_S05_8|canonical,COph100,canonical,none,degenerate_fit,False,,True,False
COph100/026/026_M_GA33_BW1700_PA40_DG11_PF0_D1_S04_11__026_M_GA33_BW1700_PA42_DG11_PF0_D1_S05_8|canonical,COph100,canonical,rectangle,ok,False,65.47052483834649,True,False
COph100/026/026_M_GA33_BW1700_PA40_DG11_PF0_D1_S04_11__026_M_GA33_BW1700_PA42_DG11_PF0_D1_S05_8|canonical,COph100,canonical,fov,ok,False,83.49863114271342,True,True
COph100/027/027_F_GA31_BW1460_PA35_DG11_PF0_D1_S02_2__027_F_GA31_BW1460_PA37_DG11_PF0_D1_S03_5|canonical,COph100,canonical,none,ok,False,3.78246012326212,False,False
COph100/027/027_F_GA31_BW1460_PA35_DG11_PF0_D1_S02_2__027_F_GA31_BW1460_PA37_DG11_PF0_D1_S03_5|canonical,COph100,canonical,rectangle,ok,False,3.78246012326212,False,False
COph100/027/027_F_GA31_BW1460_PA35_DG11_PF0_D1_S02_2__027_F_GA31_BW1460_PA37_DG11_PF0_D1_S03_5|canonical,COph100,canonical,fov,ok,False,3.78246012326212,False,False
COph100/028-1/028_F_GA32_BW1760_PA33_DG0_PF0_D1_S01_6__028_F_GA32_BW1760_PA41_DG0_PF0_D1_S03_7|canonical,COph100,canonical,none,degenerate_fit,False,,True,False
COph100/028-1/028_F_GA32_BW1760_PA33_DG0_PF0_D1_S01_6__028_F_GA32_BW1760_PA41_DG0_PF0_D1_S03_7|canonical,COph100,canonical,rectangle,ok,False,8.766026687209989,True,False
COph100/028-1/028_F_GA32_BW1760_PA33_DG0_PF0_D1_S01_6__028_F_GA32_BW1760_PA41_DG0_PF0_D1_S03_7|canonical,COph100,canonical,fov,ok,False,8.766026687209989,True,False
COph100/028/028_F_GA32_BW1760_PA38_DG0_PF0_D1_S02_3__028_F_GA32_BW1760_PA41_DG0_PF0_D1_S03_2|canonical,COph100,canonical,none,ok,False,3.4333693604596007,False,False
COph100/028/028_F_GA32_BW1760_PA38_DG0_PF0_D1_S02_3__028_F_GA32_BW1760_PA41_DG0_PF0_D1_S03_2|canonical,COph100,canonical,rectangle,ok,False,3.4333693604596007,False,False
COph100/028/028_F_GA32_BW1760_PA38_DG0_PF0_D1_S02_3__028_F_GA32_BW1760_PA41_DG0_PF0_D1_S03_2|canonical,COph100,canonical,fov,ok,False,3.4333693604596007,False,False
COph100/031-1/031_M_GA25_BW910_PA32_DG2_PF0_D1_S01_6__031_M_GA25_BW910_PA36_DG3_PF0_D1_S05_10|canonical,COph100,canonical,none,degenerate_fit,False,,True,False
COph100/031-1/031_M_GA25_BW910_PA32_DG2_PF0_D1_S01_6__031_M_GA25_BW910_PA36_DG3_PF0_D1_S05_10|canonical,COph100,canonical,rectangle,degenerate_fit,False,,True,False
COph100/031-1/031_M_GA25_BW910_PA32_DG2_PF0_D1_S01_6__031_M_GA25_BW910_PA36_DG3_PF0_D1_S05_10|canonical,COph100,canonical,fov,degenerate_fit,False,,True,False
COph100/031-1/031_M_GA25_BW910_PA32_DG2_PF0_D1_S01_6__031_M_GA25_BW910_PA43_DG9_PF0_D1_S09_4|canonical,COph100,canonical,none,ok,False,132.6813099072183,True,False
COph100/031-1/031_M_GA25_BW910_PA32_DG2_PF0_D1_S01_6__031_M_GA25_BW910_PA43_DG9_PF0_D1_S09_4|canonical,COph100,canonical,rectangle,ok,False,132.6813099072183,True,False
COph100/031-1/031_M_GA25_BW910_PA32_DG2_PF0_D1_S01_6__031_M_GA25_BW910_PA43_DG9_PF0_D1_S09_4|canonical,COph100,canonical,fov,ok,False,132.6813099072183,True,False
COph100/031-1/031_M_GA25_BW910_PA33_DG3_PF0_D1_S02_8__031_M_GA25_BW910_PA37_DG3_PF0_D1_S06_10|canonical,COph100,canonical,none,ok,False,4.304699528175893,True,False
COph100/031-1/031_M_GA25_BW910_PA33_DG3_PF0_D1_S02_8__031_M_GA25_BW910_PA37_DG3_PF0_D1_S06_10|canonical,COph100,canonical,rectangle,ok,False,4.304699528175893,True,False
COph100/031-1/031_M_GA25_BW910_PA33_DG3_PF0_D1_S02_8__031_M_GA25_BW910_PA37_DG3_PF0_D1_S06_10|canonical,COph100,canonical,fov,ok,False,4.304699528175893,True,False
COph100/031-1/031_M_GA25_BW910_PA34_DG3_PF0_D1_S03_4__031_M_GA25_BW910_PA35_DG3_PF0_D1_S04_7|canonical,COph100,canonical,none,ok,False,1.709346590790005,False,False
COph100/031-1/031_M_GA25_BW910_PA34_DG3_PF0_D1_S03_4__031_M_GA25_BW910_PA35_DG3_PF0_D1_S04_7|canonical,COph100,canonical,rectangle,ok,False,1.709346590790005,False,False
COph100/031-1/031_M_GA25_BW910_PA34_DG3_PF0_D1_S03_4__031_M_GA25_BW910_PA35_DG3_PF0_D1_S04_7|canonical,COph100,canonical,fov,ok,False,1.709346590790005,False,False
COph100/031-1/031_M_GA25_BW910_PA34_DG3_PF0_D1_S03_4__031_M_GA25_BW910_PA40_DG2_PF0_D1_S08_4|canonical,COph100,canonical,none,degenerate_fit,False,,True,False
COph100/031-1/031_M_GA25_BW910_PA34_DG3_PF0_D1_S03_4__031_M_GA25_BW910_PA40_DG2_PF0_D1_S08_4|canonical,COph100,canonical,rectangle,ok,False,3.772232066333237,False,False
COph100/031-1/031_M_GA25_BW910_PA34_DG3_PF0_D1_S03_4__031_M_GA25_BW910_PA40_DG2_PF0_D1_S08_4|canonical,COph100,canonical,fov,degenerate_fit,False,,True,False
COph100/031-1/031_M_GA25_BW910_PA35_DG3_PF0_D1_S04_7__031_M_GA25_BW910_PA38_DG3_PF0_D1_S07_3|canonical,COph100,canonical,none,ok,False,1.5491670407928844,False,False
COph100/031-1/031_M_GA25_BW910_PA35_DG3_PF0_D1_S04_7__031_M_GA25_BW910_PA38_DG3_PF0_D1_S07_3|canonical,COph100,canonical,rectangle,ok,False,1.5491670407928844,False,False
COph100/031-1/031_M_GA25_BW910_PA35_DG3_PF0_D1_S04_7__031_M_GA25_BW910_PA38_DG3_PF0_D1_S07_3|canonical,COph100,canonical,fov,ok,False,1.5491670407928844,False,False
COph100/031-1/031_M_GA25_BW910_PA36_DG3_PF0_D1_S05_10__031_M_GA25_BW910_PA38_DG3_PF0_D1_S07_3|canonical,COph100,canonical,none,ok,False,3.9135591309375797,False,False
COph100/031-1/031_M_GA25_BW910_PA36_DG3_PF0_D1_S05_10__031_M_GA25_BW910_PA38_DG3_PF0_D1_S07_3|canonical,COph100,canonical,rectangle,ok,False,3.9135591309375797,False,False
COph100/031-1/031_M_GA25_BW910_PA36_DG3_PF0_D1_S05_10__031_M_GA25_BW910_PA38_DG3_PF0_D1_S07_3|canonical,COph100,canonical,fov,ok,False,3.9135591309375797,False,False
COph100/031-1/031_M_GA25_BW910_PA37_DG3_PF0_D1_S06_10__031_M_GA25_BW910_PA40_DG2_PF0_D1_S08_4|canonical,COph100,canonical,none,degenerate_fit,False,,True,False
COph100/031-1/031_M_GA25_BW910_PA37_DG3_PF0_D1_S06_10__031_M_GA25_BW910_PA40_DG2_PF0_D1_S08_4|canonical,COph100,canonical,rectangle,degenerate_fit,False,,True,False
COph100/031-1/031_M_GA25_BW910_PA37_DG3_PF0_D1_S06_10__031_M_GA25_BW910_PA40_DG2_PF0_D1_S08_4|canonical,COph100,canonical,fov,degenerate_fit,False,,True,False
COph100/031-1/031_M_GA25_BW910_PA40_DG2_PF0_D1_S08_4__031_M_GA25_BW910_PA43_DG9_PF0_D1_S09_4|canonical,COph100,canonical,none,ok,False,5.3707767236650055,True,False
COph100/031-1/031_M_GA25_BW910_PA40_DG2_PF0_D1_S08_4__031_M_GA25_BW910_PA43_DG9_PF0_D1_S09_4|canonical,COph100,canonical,rectangle,ok,False,5.3707767236650055,True,False
COph100/031-1/031_M_GA25_BW910_PA40_DG2_PF0_D1_S08_4__031_M_GA25_BW910_PA43_DG9_PF0_D1_S09_4|canonical,COph100,canonical,fov,ok,False,5.3707767236650055,True,False
COph100/031/031_M_GA25_BW910_PA32_DG2_PF0_D1_S01_1__031_M_GA25_BW910_PA36_DG3_PF0_D1_S05_6|canonical,COph100,canonical,none,ok,False,2.3632532628262855,False,False
COph100/031/031_M_GA25_BW910_PA32_DG2_PF0_D1_S01_1__031_M_GA25_BW910_PA36_DG3_PF0_D1_S05_6|canonical,COph100,canonical,rectangle,ok,False,2.3632532628262855,False,False
COph100/031/031_M_GA25_BW910_PA32_DG2_PF0_D1_S01_1__031_M_GA25_BW910_PA36_DG3_PF0_D1_S05_6|canonical,COph100,canonical,fov,ok,False,2.3632532628262855,False,False
COph100/031/031_M_GA25_BW910_PA32_DG2_PF0_D1_S01_1__031_M_GA25_BW910_PA43_DG9_PF0_D1_S09_8|canonical,COph100,canonical,none,ok,False,9.1886273137649,True,False
COph100/031/031_M_GA25_BW910_PA32_DG2_PF0_D1_S01_1__031_M_GA25_BW910_PA43_DG9_PF0_D1_S09_8|canonical,COph100,canonical,rectangle,ok,False,9.1886273137649,True,False
COph100/031/031_M_GA25_BW910_PA32_DG2_PF0_D1_S01_1__031_M_GA25_BW910_PA43_DG9_PF0_D1_S09_8|canonical,COph100,canonical,fov,ok,False,9.1886273137649,True,False
COph100/031/031_M_GA25_BW910_PA33_DG3_PF0_D1_S02_1__031_M_GA25_BW910_PA37_DG3_PF0_D1_S06_3|canonical,COph100,canonical,none,ok,False,11.78410776833213,True,False
COph100/031/031_M_GA25_BW910_PA33_DG3_PF0_D1_S02_1__031_M_GA25_BW910_PA37_DG3_PF0_D1_S06_3|canonical,COph100,canonical,rectangle,ok,False,11.78410776833213,True,False
COph100/031/031_M_GA25_BW910_PA33_DG3_PF0_D1_S02_1__031_M_GA25_BW910_PA37_DG3_PF0_D1_S06_3|canonical,COph100,canonical,fov,ok,False,11.78410776833213,True,False
COph100/031/031_M_GA25_BW910_PA34_DG3_PF0_D1_S03_11__031_M_GA25_BW910_PA35_DG3_PF0_D1_S04_1|canonical,COph100,canonical,none,invalid_transform,False,,True,False
COph100/031/031_M_GA25_BW910_PA34_DG3_PF0_D1_S03_11__031_M_GA25_BW910_PA35_DG3_PF0_D1_S04_1|canonical,COph100,canonical,rectangle,ok,False,2.086565241651483,False,False
COph100/031/031_M_GA25_BW910_PA34_DG3_PF0_D1_S03_11__031_M_GA25_BW910_PA35_DG3_PF0_D1_S04_1|canonical,COph100,canonical,fov,degenerate_fit,False,,True,False
COph100/031/031_M_GA25_BW910_PA34_DG3_PF0_D1_S03_11__031_M_GA25_BW910_PA40_DG2_PF0_D1_S08_6|canonical,COph100,canonical,none,ok,False,4.738655632792954,True,False
COph100/031/031_M_GA25_BW910_PA34_DG3_PF0_D1_S03_11__031_M_GA25_BW910_PA40_DG2_PF0_D1_S08_6|canonical,COph100,canonical,rectangle,ok,False,4.738655632792954,True,False
COph100/031/031_M_GA25_BW910_PA34_DG3_PF0_D1_S03_11__031_M_GA25_BW910_PA40_DG2_PF0_D1_S08_6|canonical,COph100,canonical,fov,ok,False,4.738655632792954,True,False
COph100/031/031_M_GA25_BW910_PA35_DG3_PF0_D1_S04_1__031_M_GA25_BW910_PA38_DG3_PF0_D1_S07_5|canonical,COph100,canonical,none,ok,False,1.8629634070781111,False,False
COph100/031/031_M_GA25_BW910_PA35_DG3_PF0_D1_S04_1__031_M_GA25_BW910_PA38_DG3_PF0_D1_S07_5|canonical,COph100,canonical,rectangle,ok,False,1.8629634070781111,False,False
COph100/031/031_M_GA25_BW910_PA35_DG3_PF0_D1_S04_1__031_M_GA25_BW910_PA38_DG3_PF0_D1_S07_5|canonical,COph100,canonical,fov,ok,False,1.8629634070781111,False,False
COph100/031/031_M_GA25_BW910_PA36_DG3_PF0_D1_S05_6__031_M_GA25_BW910_PA38_DG3_PF0_D1_S07_5|canonical,COph100,canonical,none,ok,False,4.432507412840173,True,False
COph100/031/031_M_GA25_BW910_PA36_DG3_PF0_D1_S05_6__031_M_GA25_BW910_PA38_DG3_PF0_D1_S07_5|canonical,COph100,canonical,rectangle,ok,False,4.432507412840173,True,False
COph100/031/031_M_GA25_BW910_PA36_DG3_PF0_D1_S05_6__031_M_GA25_BW910_PA38_DG3_PF0_D1_S07_5|canonical,COph100,canonical,fov,ok,False,4.432507412840173,True,False
COph100/031/031_M_GA25_BW910_PA37_DG3_PF0_D1_S06_3__031_M_GA25_BW910_PA40_DG2_PF0_D1_S08_6|canonical,COph100,canonical,none,ok,False,2.688001527858172,False,False
COph100/031/031_M_GA25_BW910_PA37_DG3_PF0_D1_S06_3__031_M_GA25_BW910_PA40_DG2_PF0_D1_S08_6|canonical,COph100,canonical,rectangle,ok,False,2.688001527858172,False,False
COph100/031/031_M_GA25_BW910_PA37_DG3_PF0_D1_S06_3__031_M_GA25_BW910_PA40_DG2_PF0_D1_S08_6|canonical,COph100,canonical,fov,ok,False,2.688001527858172,False,False
COph100/031/031_M_GA25_BW910_PA40_DG2_PF0_D1_S08_6__031_M_GA25_BW910_PA43_DG9_PF0_D1_S09_8|canonical,COph100,canonical,none,ok,False,4.454602136063698,True,False
COph100/031/031_M_GA25_BW910_PA40_DG2_PF0_D1_S08_6__031_M_GA25_BW910_PA43_DG9_PF0_D1_S09_8|canonical,COph100,canonical,rectangle,ok,False,4.454602136063698,True,False
COph100/031/031_M_GA25_BW910_PA40_DG2_PF0_D1_S08_6__031_M_GA25_BW910_PA43_DG9_PF0_D1_S09_8|canonical,COph100,canonical,fov,ok,False,4.454602136063698,True,False
COph100/036-1/036_M_GA27_BW960_PA32_DG0_PF0_D1_S01_8__036_M_GA27_BW960_PA34_DG0_PF0_D1_S02_6|canonical,COph100,canonical,none,ok,False,3.0208086386154442,False,False
COph100/036-1/036_M_GA27_BW960_PA32_DG0_PF0_D1_S01_8__036_M_GA27_BW960_PA34_DG0_PF0_D1_S02_6|canonical,COph100,canonical,rectangle,ok,False,3.0208086386154442,False,False
COph100/036-1/036_M_GA27_BW960_PA32_DG0_PF0_D1_S01_8__036_M_GA27_BW960_PA34_DG0_PF0_D1_S02_6|canonical,COph100,canonical,fov,ok,False,3.0208086386154442,False,False
COph100/040/040_M_GA32_BW1770_PA36_DG12_PF0_D1_S01_5__040_M_GA32_BW1770_PA55_DG12_PF0_D1_S04_2|canonical,COph100,canonical,none,degenerate_fit,False,,True,False
COph100/040/040_M_GA32_BW1770_PA36_DG12_PF0_D1_S01_5__040_M_GA32_BW1770_PA55_DG12_PF0_D1_S04_2|canonical,COph100,canonical,rectangle,ok,False,93.79498642871171,True,False
COph100/040/040_M_GA32_BW1770_PA36_DG12_PF0_D1_S01_5__040_M_GA32_BW1770_PA55_DG12_PF0_D1_S04_2|canonical,COph100,canonical,fov,ok,False,199.34356764673453,True,True
COph100/041/041_M_GA32_BW1770_PA36_DG0_PF0_D1_S01_2__041_M_GA32_BW1770_PA38_DG0_PF0_D1_S02_6|canonical,COph100,canonical,none,ok,False,11.742136903619768,True,False
COph100/041/041_M_GA32_BW1770_PA36_DG0_PF0_D1_S01_2__041_M_GA32_BW1770_PA38_DG0_PF0_D1_S02_6|canonical,COph100,canonical,rectangle,ok,False,11.742136903619768,True,False
COph100/041/041_M_GA32_BW1770_PA36_DG0_PF0_D1_S01_2__041_M_GA32_BW1770_PA38_DG0_PF0_D1_S02_6|canonical,COph100,canonical,fov,ok,False,11.742136903619768,True,False
COph100/041/041_M_GA32_BW1770_PA38_DG0_PF0_D1_S02_6__041_M_GA32_BW1770_PA55_DG0_PF0_D1_S04_4|canonical,COph100,canonical,none,ok,False,12.138461257814418,True,False
COph100/041/041_M_GA32_BW1770_PA38_DG0_PF0_D1_S02_6__041_M_GA32_BW1770_PA55_DG0_PF0_D1_S04_4|canonical,COph100,canonical,rectangle,ok,False,12.138461257814418,True,False
COph100/041/041_M_GA32_BW1770_PA38_DG0_PF0_D1_S02_6__041_M_GA32_BW1770_PA55_DG0_PF0_D1_S04_4|canonical,COph100,canonical,fov,ok,False,12.138461257814418,True,False
COph100/044-1/044_F_GA31_BW1370_PA35_DG0_PF0_D1_S02_6__044_F_GA31_BW1370_PA42_DG0_PF0_D1_S03_7|canonical,COph100,canonical,none,ok,False,7.083967671705973,True,False
COph100/044-1/044_F_GA31_BW1370_PA35_DG0_PF0_D1_S02_6__044_F_GA31_BW1370_PA42_DG0_PF0_D1_S03_7|canonical,COph100,canonical,rectangle,ok,False,7.083967671705973,True,False
COph100/044-1/044_F_GA31_BW1370_PA35_DG0_PF0_D1_S02_6__044_F_GA31_BW1370_PA42_DG0_PF0_D1_S03_7|canonical,COph100,canonical,fov,ok,False,7.083967671705973,True,False
COph100/045-1/045_M_GA29_BW1120_PA38_DG2_PF0_D1_S01_5__045_M_GA29_BW1120_PA42_DG9_PF0_D1_S02_6|canonical,COph100,canonical,none,degenerate_fit,False,,True,False
COph100/045-1/045_M_GA29_BW1120_PA38_DG2_PF0_D1_S01_5__045_M_GA29_BW1120_PA42_DG9_PF0_D1_S02_6|canonical,COph100,canonical,rectangle,ok,False,4.256161830337659,True,False
COph100/045-1/045_M_GA29_BW1120_PA38_DG2_PF0_D1_S01_5__045_M_GA29_BW1120_PA42_DG9_PF0_D1_S02_6|canonical,COph100,canonical,fov,degenerate_fit,False,,True,False
COph100/047-1/047_F_GA32_BW1730_PA38_DG0_PF0_D1_S02_4__047_F_GA32_BW1730_PA40_DG0_PF0_D1_S03_9|canonical,COph100,canonical,none,ok,False,4.318782782771413,True,False
COph100/047-1/047_F_GA32_BW1730_PA38_DG0_PF0_D1_S02_4__047_F_GA32_BW1730_PA40_DG0_PF0_D1_S03_9|canonical,COph100,canonical,rectangle,ok,False,4.318782782771413,True,False
COph100/047-1/047_F_GA32_BW1730_PA38_DG0_PF0_D1_S02_4__047_F_GA32_BW1730_PA40_DG0_PF0_D1_S03_9|canonical,COph100,canonical,fov,ok,False,4.318782782771413,True,False
COph100/048-1/048_F_GA32_BW1680_PA33_DG0_PF0_D1_S01_1__048_F_GA32_BW1680_PA38_DG0_PF0_D1_S02_2|canonical,COph100,canonical,none,ok,False,19.963875473785656,True,False
COph100/048-1/048_F_GA32_BW1680_PA33_DG0_PF0_D1_S01_1__048_F_GA32_BW1680_PA38_DG0_PF0_D1_S02_2|canonical,COph100,canonical,rectangle,ok,False,19.963875473785656,True,False
COph100/048-1/048_F_GA32_BW1680_PA33_DG0_PF0_D1_S01_1__048_F_GA32_BW1680_PA38_DG0_PF0_D1_S02_2|canonical,COph100,canonical,fov,ok,False,19.963875473785656,True,False
COph100/048/048_F_GA32_BW1680_PA33_DG0_PF0_D1_S01_7__048_F_GA32_BW1680_PA40_DG0_PF0_D1_S03_9|canonical,COph100,canonical,none,invalid_transform,False,,True,False
COph100/048/048_F_GA32_BW1680_PA33_DG0_PF0_D1_S01_7__048_F_GA32_BW1680_PA40_DG0_PF0_D1_S03_9|canonical,COph100,canonical,rectangle,ok,False,13.117395944115993,True,False
COph100/048/048_F_GA32_BW1680_PA33_DG0_PF0_D1_S01_7__048_F_GA32_BW1680_PA40_DG0_PF0_D1_S03_9|canonical,COph100,canonical,fov,degenerate_fit,False,,True,False
COph100/049-1/049_F_GA30_BW1220_PA34_DG0_PF0_D1_S02_6__049_F_GA30_BW1220_PA36_DG0_PF0_D1_S03_6|canonical,COph100,canonical,none,degenerate_fit,False,,True,False
COph100/049-1/049_F_GA30_BW1220_PA34_DG0_PF0_D1_S02_6__049_F_GA30_BW1220_PA36_DG0_PF0_D1_S03_6|canonical,COph100,canonical,rectangle,ok,False,5.304335188055725,True,False
COph100/049-1/049_F_GA30_BW1220_PA34_DG0_PF0_D1_S02_6__049_F_GA30_BW1220_PA36_DG0_PF0_D1_S03_6|canonical,COph100,canonical,fov,ok,False,5.304335188055725,True,False
COph100/050-1/050_M_GA32_BW1790_PA33_DG0_PF0_D1_S01_2__050_M_GA32_BW1790_PA38_DG0_PF0_D1_S02_8|canonical,COph100,canonical,none,degenerate_fit,False,,True,False
COph100/050-1/050_M_GA32_BW1790_PA33_DG0_PF0_D1_S01_2__050_M_GA32_BW1790_PA38_DG0_PF0_D1_S02_8|canonical,COph100,canonical,rectangle,degenerate_fit,False,,True,False
COph100/050-1/050_M_GA32_BW1790_PA33_DG0_PF0_D1_S01_2__050_M_GA32_BW1790_PA38_DG0_PF0_D1_S02_8|canonical,COph100,canonical,fov,degenerate_fit,False,,True,False
COph100/050/050_M_GA32_BW1790_PA33_DG0_PF0_D1_S01_6__050_M_GA32_BW1790_PA41_DG0_PF0_D1_S03_6|canonical,COph100,canonical,none,ok,False,6.874333190474692,True,False
COph100/050/050_M_GA32_BW1790_PA33_DG0_PF0_D1_S01_6__050_M_GA32_BW1790_PA41_DG0_PF0_D1_S03_6|canonical,COph100,canonical,rectangle,ok,False,6.874333190474692,True,False
COph100/050/050_M_GA32_BW1790_PA33_DG0_PF0_D1_S01_6__050_M_GA32_BW1790_PA41_DG0_PF0_D1_S03_6|canonical,COph100,canonical,fov,ok,False,6.874333190474692,True,False
COph100/051-1/051_F_GA24_BW600_PA35_DG3_PF0_D1_S01_10__051_F_GA24_BW600_PA46_DG9_PF0_D1_S04_2|canonical,COph100,canonical,none,ok,False,10.099216662840883,True,False
COph100/051-1/051_F_GA24_BW600_PA35_DG3_PF0_D1_S01_10__051_F_GA24_BW600_PA46_DG9_PF0_D1_S04_2|canonical,COph100,canonical,rectangle,ok,False,10.099216662840883,True,False
COph100/051-1/051_F_GA24_BW600_PA35_DG3_PF0_D1_S01_10__051_F_GA24_BW600_PA46_DG9_PF0_D1_S04_2|canonical,COph100,canonical,fov,ok,False,10.099216662840883,True,False
COph100/051/051_F_GA24_BW600_PA35_DG3_PF0_D1_S01_6__051_F_GA24_BW600_PA36_DG3_PF0_D1_S02_3|canonical,COph100,canonical,none,ok,False,2.0638062694328365,False,False
COph100/051/051_F_GA24_BW600_PA35_DG3_PF0_D1_S01_6__051_F_GA24_BW600_PA36_DG3_PF0_D1_S02_3|canonical,COph100,canonical,rectangle,ok,False,2.0638062694328365,False,False
COph100/051/051_F_GA24_BW600_PA35_DG3_PF0_D1_S01_6__051_F_GA24_BW600_PA36_DG3_PF0_D1_S02_3|canonical,COph100,canonical,fov,ok,False,2.0638062694328365,False,False
COph100/051/051_F_GA24_BW600_PA36_DG3_PF0_D1_S02_3__051_F_GA24_BW600_PA46_DG9_PF0_D1_S04_8|canonical,COph100,canonical,none,ok,False,13.35349374033153,True,False
COph100/051/051_F_GA24_BW600_PA36_DG3_PF0_D1_S02_3__051_F_GA24_BW600_PA46_DG9_PF0_D1_S04_8|canonical,COph100,canonical,rectangle,ok,False,13.35349374033153,True,False
COph100/051/051_F_GA24_BW600_PA36_DG3_PF0_D1_S02_3__051_F_GA24_BW600_PA46_DG9_PF0_D1_S04_8|canonical,COph100,canonical,fov,ok,False,13.35349374033153,True,False
COph100/052-1/052_M_GA26_BW820_PA31_DG1_PF0_D1_S01_6__052_M_GA26_BW820_PA34_DG3_PF0_D1_S04_7|canonical,COph100,canonical,none,degenerate_fit,False,,True,False
COph100/052-1/052_M_GA26_BW820_PA31_DG1_PF0_D1_S01_6__052_M_GA26_BW820_PA34_DG3_PF0_D1_S04_7|canonical,COph100,canonical,rectangle,ok,False,6.460537004045902,True,False
COph100/052-1/052_M_GA26_BW820_PA31_DG1_PF0_D1_S01_6__052_M_GA26_BW820_PA34_DG3_PF0_D1_S04_7|canonical,COph100,canonical,fov,degenerate_fit,False,,True,False
COph100/052-1/052_M_GA26_BW820_PA31_DG1_PF0_D1_S01_6__052_M_GA26_BW820_PA75_DG9_PF0_D1_S08_8|canonical,COph100,canonical,none,no_matches,False,,True,False
COph100/052-1/052_M_GA26_BW820_PA31_DG1_PF0_D1_S01_6__052_M_GA26_BW820_PA75_DG9_PF0_D1_S08_8|canonical,COph100,canonical,rectangle,no_matches,False,,True,False
COph100/052-1/052_M_GA26_BW820_PA31_DG1_PF0_D1_S01_6__052_M_GA26_BW820_PA75_DG9_PF0_D1_S08_8|canonical,COph100,canonical,fov,no_matches,False,,True,False
COph100/052-1/052_M_GA26_BW820_PA32_DG2_PF0_D1_S02_7__052_M_GA26_BW820_PA42_DG3_PF0_D1_S06_4|canonical,COph100,canonical,none,ok,False,21.57756090303191,True,False
COph100/052-1/052_M_GA26_BW820_PA32_DG2_PF0_D1_S02_7__052_M_GA26_BW820_PA42_DG3_PF0_D1_S06_4|canonical,COph100,canonical,rectangle,ok,False,21.57756090303191,True,False
COph100/052-1/052_M_GA26_BW820_PA32_DG2_PF0_D1_S02_7__052_M_GA26_BW820_PA42_DG3_PF0_D1_S06_4|canonical,COph100,canonical,fov,ok,False,21.57756090303191,True,False
COph100/052-1/052_M_GA26_BW820_PA33_DG3_PF0_D1_S03_6__052_M_GA26_BW820_PA36_DG3_PF0_D1_S05_8|canonical,COph100,canonical,none,ok,False,4.402625211592257,True,False
COph100/052-1/052_M_GA26_BW820_PA33_DG3_PF0_D1_S03_6__052_M_GA26_BW820_PA36_DG3_PF0_D1_S05_8|canonical,COph100,canonical,rectangle,ok,False,4.402625211592257,True,False
COph100/052-1/052_M_GA26_BW820_PA33_DG3_PF0_D1_S03_6__052_M_GA26_BW820_PA36_DG3_PF0_D1_S05_8|canonical,COph100,canonical,fov,ok,False,4.402625211592257,True,False
COph100/052-1/052_M_GA26_BW820_PA34_DG3_PF0_D1_S04_7__052_M_GA26_BW820_PA36_DG3_PF0_D1_S05_8|canonical,COph100,canonical,none,ok,False,2.3600980312310975,False,False
COph100/052-1/052_M_GA26_BW820_PA34_DG3_PF0_D1_S04_7__052_M_GA26_BW820_PA36_DG3_PF0_D1_S05_8|canonical,COph100,canonical,rectangle,ok,False,2.3600980312310975,False,False
COph100/052-1/052_M_GA26_BW820_PA34_DG3_PF0_D1_S04_7__052_M_GA26_BW820_PA36_DG3_PF0_D1_S05_8|canonical,COph100,canonical,fov,ok,False,2.3600980312310975,False,False
COph100/052-1/052_M_GA26_BW820_PA36_DG3_PF0_D1_S05_8__052_M_GA26_BW820_PA42_DG3_PF0_D1_S06_4|canonical,COph100,canonical,none,ok,False,5.71279908883317,True,False
COph100/052-1/052_M_GA26_BW820_PA36_DG3_PF0_D1_S05_8__052_M_GA26_BW820_PA42_DG3_PF0_D1_S06_4|canonical,COph100,canonical,rectangle,ok,False,5.71279908883317,True,False
COph100/052-1/052_M_GA26_BW820_PA36_DG3_PF0_D1_S05_8__052_M_GA26_BW820_PA42_DG3_PF0_D1_S06_4|canonical,COph100,canonical,fov,ok,False,5.71279908883317,True,False
COph100/052-1/052_M_GA26_BW820_PA42_DG3_PF0_D1_S06_4__052_M_GA26_BW820_PA75_DG9_PF0_D1_S08_8|canonical,COph100,canonical,none,ok,False,4.466775361701388,True,False
COph100/052-1/052_M_GA26_BW820_PA42_DG3_PF0_D1_S06_4__052_M_GA26_BW820_PA75_DG9_PF0_D1_S08_8|canonical,COph100,canonical,rectangle,ok,False,4.466775361701388,True,False
COph100/052-1/052_M_GA26_BW820_PA42_DG3_PF0_D1_S06_4__052_M_GA26_BW820_PA75_DG9_PF0_D1_S08_8|canonical,COph100,canonical,fov,ok,False,4.466775361701388,True,False
COph100/052/052_M_GA26_BW820_PA31_DG1_PF0_D1_S01_3__052_M_GA26_BW820_PA34_DG3_PF0_D1_S04_4|canonical,COph100,canonical,none,degenerate_fit,False,,True,False
COph100/052/052_M_GA26_BW820_PA31_DG1_PF0_D1_S01_3__052_M_GA26_BW820_PA34_DG3_PF0_D1_S04_4|canonical,COph100,canonical,rectangle,ok,False,5.254819247257251,True,False
COph100/052/052_M_GA26_BW820_PA31_DG1_PF0_D1_S01_3__052_M_GA26_BW820_PA34_DG3_PF0_D1_S04_4|canonical,COph100,canonical,fov,ok,False,5.254819247257251,True,False
COph100/052/052_M_GA26_BW820_PA31_DG1_PF0_D1_S01_3__052_M_GA26_BW820_PA75_DG9_PF0_D1_S08_20|canonical,COph100,canonical,none,degenerate_fit,False,,True,False
COph100/052/052_M_GA26_BW820_PA31_DG1_PF0_D1_S01_3__052_M_GA26_BW820_PA75_DG9_PF0_D1_S08_20|canonical,COph100,canonical,rectangle,degenerate_fit,False,,True,False
COph100/052/052_M_GA26_BW820_PA31_DG1_PF0_D1_S01_3__052_M_GA26_BW820_PA75_DG9_PF0_D1_S08_20|canonical,COph100,canonical,fov,degenerate_fit,False,,True,False
COph100/052/052_M_GA26_BW820_PA32_DG2_PF0_D1_S02_3__052_M_GA26_BW820_PA42_DG3_PF0_D1_S06_14|canonical,COph100,canonical,none,ok,False,9.997413973364441,True,False
COph100/052/052_M_GA26_BW820_PA32_DG2_PF0_D1_S02_3__052_M_GA26_BW820_PA42_DG3_PF0_D1_S06_14|canonical,COph100,canonical,rectangle,ok,False,9.997413973364441,True,False
COph100/052/052_M_GA26_BW820_PA32_DG2_PF0_D1_S02_3__052_M_GA26_BW820_PA42_DG3_PF0_D1_S06_14|canonical,COph100,canonical,fov,ok,False,9.997413973364441,True,False
COph100/052/052_M_GA26_BW820_PA33_DG3_PF0_D1_S03_11__052_M_GA26_BW820_PA36_DG3_PF0_D1_S05_1|canonical,COph100,canonical,none,degenerate_fit,False,,True,False
COph100/052/052_M_GA26_BW820_PA33_DG3_PF0_D1_S03_11__052_M_GA26_BW820_PA36_DG3_PF0_D1_S05_1|canonical,COph100,canonical,rectangle,ok,False,3.4603003318747994,False,False
COph100/052/052_M_GA26_BW820_PA33_DG3_PF0_D1_S03_11__052_M_GA26_BW820_PA36_DG3_PF0_D1_S05_1|canonical,COph100,canonical,fov,degenerate_fit,False,,True,False
COph100/052/052_M_GA26_BW820_PA34_DG3_PF0_D1_S04_4__052_M_GA26_BW820_PA36_DG3_PF0_D1_S05_1|canonical,COph100,canonical,none,ok,False,3.147560450894651,False,False
COph100/052/052_M_GA26_BW820_PA34_DG3_PF0_D1_S04_4__052_M_GA26_BW820_PA36_DG3_PF0_D1_S05_1|canonical,COph100,canonical,rectangle,ok,False,3.147560450894651,False,False
COph100/052/052_M_GA26_BW820_PA34_DG3_PF0_D1_S04_4__052_M_GA26_BW820_PA36_DG3_PF0_D1_S05_1|canonical,COph100,canonical,fov,ok,False,3.147560450894651,False,False
COph100/052/052_M_GA26_BW820_PA36_DG3_PF0_D1_S05_1__052_M_GA26_BW820_PA42_DG3_PF0_D1_S06_14|canonical,COph100,canonical,none,ok,False,5.860786036607888,True,False
COph100/052/052_M_GA26_BW820_PA36_DG3_PF0_D1_S05_1__052_M_GA26_BW820_PA42_DG3_PF0_D1_S06_14|canonical,COph100,canonical,rectangle,ok,False,5.860786036607888,True,False
COph100/052/052_M_GA26_BW820_PA36_DG3_PF0_D1_S05_1__052_M_GA26_BW820_PA42_DG3_PF0_D1_S06_14|canonical,COph100,canonical,fov,ok,False,5.860786036607888,True,False
COph100/052/052_M_GA26_BW820_PA42_DG3_PF0_D1_S06_14__052_M_GA26_BW820_PA75_DG9_PF0_D1_S08_20|canonical,COph100,canonical,none,degenerate_fit,False,,True,False
COph100/052/052_M_GA26_BW820_PA42_DG3_PF0_D1_S06_14__052_M_GA26_BW820_PA75_DG9_PF0_D1_S08_20|canonical,COph100,canonical,rectangle,ok,False,72.41504388596874,True,False
COph100/052/052_M_GA26_BW820_PA42_DG3_PF0_D1_S06_14__052_M_GA26_BW820_PA75_DG9_PF0_D1_S08_20|canonical,COph100,canonical,fov,ok,False,63.48732647570789,True,True
COph100/055-1/055_M_GA38_BW3245_PA40_DG13_PF0_D1_S01_10__055_M_GA38_BW3245_PA41_DG13_PF0_D1_S02_7|canonical,COph100,canonical,none,degenerate_fit,False,,True,False
COph100/055-1/055_M_GA38_BW3245_PA40_DG13_PF0_D1_S01_10__055_M_GA38_BW3245_PA41_DG13_PF0_D1_S02_7|canonical,COph100,canonical,rectangle,ok,False,3.6091661348250987,False,False
COph100/055-1/055_M_GA38_BW3245_PA40_DG13_PF0_D1_S01_10__055_M_GA38_BW3245_PA41_DG13_PF0_D1_S02_7|canonical,COph100,canonical,fov,ok,False,3.6091661348250987,False,False
COph100/055-1/055_M_GA38_BW3245_PA40_DG13_PF0_D1_S01_10__055_M_GA38_BW3245_PA45_DG13_PF0_D1_S06_6|canonical,COph100,canonical,none,ok,False,20.25893810865896,True,False
COph100/055-1/055_M_GA38_BW3245_PA40_DG13_PF0_D1_S01_10__055_M_GA38_BW3245_PA45_DG13_PF0_D1_S06_6|canonical,COph100,canonical,rectangle,ok,False,20.25893810865896,True,False
COph100/055-1/055_M_GA38_BW3245_PA40_DG13_PF0_D1_S01_10__055_M_GA38_BW3245_PA45_DG13_PF0_D1_S06_6|canonical,COph100,canonical,fov,ok,False,20.25893810865896,True,False
COph100/055-1/055_M_GA38_BW3245_PA41_DG13_PF0_D1_S02_7__055_M_GA38_BW3245_PA42_DG13_PF0_D1_S03_2|canonical,COph100,canonical,none,degenerate_fit,False,,True,False
COph100/055-1/055_M_GA38_BW3245_PA41_DG13_PF0_D1_S02_7__055_M_GA38_BW3245_PA42_DG13_PF0_D1_S03_2|canonical,COph100,canonical,rectangle,ok,False,4.986813728326185,True,False
COph100/055-1/055_M_GA38_BW3245_PA41_DG13_PF0_D1_S02_7__055_M_GA38_BW3245_PA42_DG13_PF0_D1_S03_2|canonical,COph100,canonical,fov,ok,False,4.986813728326185,True,False
COph100/055-1/055_M_GA38_BW3245_PA41_DG13_PF0_D1_S02_7__055_M_GA38_BW3245_PA47_DG13_PF0_D1_S07_7|canonical,COph100,canonical,none,ok,False,6.713006723269432,True,False
COph100/055-1/055_M_GA38_BW3245_PA41_DG13_PF0_D1_S02_7__055_M_GA38_BW3245_PA47_DG13_PF0_D1_S07_7|canonical,COph100,canonical,rectangle,ok,False,6.713006723269432,True,False
COph100/055-1/055_M_GA38_BW3245_PA41_DG13_PF0_D1_S02_7__055_M_GA38_BW3245_PA47_DG13_PF0_D1_S07_7|canonical,COph100,canonical,fov,ok,False,6.713006723269432,True,False
COph100/055-1/055_M_GA38_BW3245_PA42_DG13_PF0_D1_S03_2__055_M_GA38_BW3245_PA44_DG13_PF0_D1_S05_6|canonical,COph100,canonical,none,ok,False,4.596457636925974,True,False
COph100/055-1/055_M_GA38_BW3245_PA42_DG13_PF0_D1_S03_2__055_M_GA38_BW3245_PA44_DG13_PF0_D1_S05_6|canonical,COph100,canonical,rectangle,ok,False,4.596457636925974,True,False
COph100/055-1/055_M_GA38_BW3245_PA42_DG13_PF0_D1_S03_2__055_M_GA38_BW3245_PA44_DG13_PF0_D1_S05_6|canonical,COph100,canonical,fov,ok,False,4.596457636925974,True,False
COph100/055-1/055_M_GA38_BW3245_PA42_DG13_PF0_D1_S03_2__055_M_GA38_BW3245_PA78_DG13_PF0_D1_S09_16|canonical,COph100,canonical,none,degenerate_fit,False,,True,False
COph100/055-1/055_M_GA38_BW3245_PA42_DG13_PF0_D1_S03_2__055_M_GA38_BW3245_PA78_DG13_PF0_D1_S09_16|canonical,COph100,canonical,rectangle,degenerate_fit,False,,True,False
COph100/055-1/055_M_GA38_BW3245_PA42_DG13_PF0_D1_S03_2__055_M_GA38_BW3245_PA78_DG13_PF0_D1_S09_16|canonical,COph100,canonical,fov,degenerate_fit,False,,True,False
COph100/055-1/055_M_GA38_BW3245_PA43_DG13_PF0_D1_S04_5__055_M_GA38_BW3245_PA53_DG13_PF0_D1_S08_2|canonical,COph100,canonical,none,ok,False,5.436750944838021,True,False
COph100/055-1/055_M_GA38_BW3245_PA43_DG13_PF0_D1_S04_5__055_M_GA38_BW3245_PA53_DG13_PF0_D1_S08_2|canonical,COph100,canonical,rectangle,ok,False,5.436750944838021,True,False
COph100/055-1/055_M_GA38_BW3245_PA43_DG13_PF0_D1_S04_5__055_M_GA38_BW3245_PA53_DG13_PF0_D1_S08_2|canonical,COph100,canonical,fov,ok,False,5.436750944838021,True,False
COph100/055-1/055_M_GA38_BW3245_PA44_DG13_PF0_D1_S05_6__055_M_GA38_BW3245_PA53_DG13_PF0_D1_S08_2|canonical,COph100,canonical,none,ok,False,3.4203275505588797,False,False
COph100/055-1/055_M_GA38_BW3245_PA44_DG13_PF0_D1_S05_6__055_M_GA38_BW3245_PA53_DG13_PF0_D1_S08_2|canonical,COph100,canonical,rectangle,ok,False,3.4203275505588797,False,False
COph100/055-1/055_M_GA38_BW3245_PA44_DG13_PF0_D1_S05_6__055_M_GA38_BW3245_PA53_DG13_PF0_D1_S08_2|canonical,COph100,canonical,fov,ok,False,3.4203275505588797,False,False
COph100/055-1/055_M_GA38_BW3245_PA45_DG13_PF0_D1_S06_6__055_M_GA38_BW3245_PA78_DG13_PF0_D1_S09_16|canonical,COph100,canonical,none,degenerate_fit,False,,True,False
COph100/055-1/055_M_GA38_BW3245_PA45_DG13_PF0_D1_S06_6__055_M_GA38_BW3245_PA78_DG13_PF0_D1_S09_16|canonical,COph100,canonical,rectangle,degenerate_fit,False,,True,False
COph100/055-1/055_M_GA38_BW3245_PA45_DG13_PF0_D1_S06_6__055_M_GA38_BW3245_PA78_DG13_PF0_D1_S09_16|canonical,COph100,canonical,fov,degenerate_fit,False,,True,False
COph100/055/055_M_GA38_BW3245_PA40_DG13_PF0_D1_S01_3__055_M_GA38_BW3245_PA41_DG13_PF0_D1_S02_1|canonical,COph100,canonical,none,degenerate_fit,False,,True,False
COph100/055/055_M_GA38_BW3245_PA40_DG13_PF0_D1_S01_3__055_M_GA38_BW3245_PA41_DG13_PF0_D1_S02_1|canonical,COph100,canonical,rectangle,degenerate_fit,False,,True,False
COph100/055/055_M_GA38_BW3245_PA40_DG13_PF0_D1_S01_3__055_M_GA38_BW3245_PA41_DG13_PF0_D1_S02_1|canonical,COph100,canonical,fov,degenerate_fit,False,,True,False
COph100/055/055_M_GA38_BW3245_PA40_DG13_PF0_D1_S01_3__055_M_GA38_BW3245_PA45_DG13_PF0_D1_S06_7|canonical,COph100,canonical,none,no_matches,False,,True,False
COph100/055/055_M_GA38_BW3245_PA40_DG13_PF0_D1_S01_3__055_M_GA38_BW3245_PA45_DG13_PF0_D1_S06_7|canonical,COph100,canonical,rectangle,no_matches,False,,True,False
COph100/055/055_M_GA38_BW3245_PA40_DG13_PF0_D1_S01_3__055_M_GA38_BW3245_PA45_DG13_PF0_D1_S06_7|canonical,COph100,canonical,fov,no_matches,False,,True,False
COph100/055/055_M_GA38_BW3245_PA41_DG13_PF0_D1_S02_1__055_M_GA38_BW3245_PA42_DG13_PF0_D1_S03_6|canonical,COph100,canonical,none,ok,False,2.3596234861907006,False,False
COph100/055/055_M_GA38_BW3245_PA41_DG13_PF0_D1_S02_1__055_M_GA38_BW3245_PA42_DG13_PF0_D1_S03_6|canonical,COph100,canonical,rectangle,ok,False,2.3596234861907006,False,False
COph100/055/055_M_GA38_BW3245_PA41_DG13_PF0_D1_S02_1__055_M_GA38_BW3245_PA42_DG13_PF0_D1_S03_6|canonical,COph100,canonical,fov,ok,False,2.3596234861907006,False,False
COph100/055/055_M_GA38_BW3245_PA41_DG13_PF0_D1_S02_1__055_M_GA38_BW3245_PA47_DG13_PF0_D1_S07_4|canonical,COph100,canonical,none,ok,False,8.110663349665746,True,False
COph100/055/055_M_GA38_BW3245_PA41_DG13_PF0_D1_S02_1__055_M_GA38_BW3245_PA47_DG13_PF0_D1_S07_4|canonical,COph100,canonical,rectangle,ok,False,8.110663349665746,True,False
COph100/055/055_M_GA38_BW3245_PA41_DG13_PF0_D1_S02_1__055_M_GA38_BW3245_PA47_DG13_PF0_D1_S07_4|canonical,COph100,canonical,fov,ok,False,8.110663349665746,True,False
COph100/055/055_M_GA38_BW3245_PA42_DG13_PF0_D1_S03_6__055_M_GA38_BW3245_PA44_DG13_PF0_D1_S05_1|canonical,COph100,canonical,none,ok,False,6.9545516707153965,True,False
COph100/055/055_M_GA38_BW3245_PA42_DG13_PF0_D1_S03_6__055_M_GA38_BW3245_PA44_DG13_PF0_D1_S05_1|canonical,COph100,canonical,rectangle,ok,False,6.9545516707153965,True,False
COph100/055/055_M_GA38_BW3245_PA42_DG13_PF0_D1_S03_6__055_M_GA38_BW3245_PA44_DG13_PF0_D1_S05_1|canonical,COph100,canonical,fov,ok,False,6.9545516707153965,True,False
COph100/055/055_M_GA38_BW3245_PA42_DG13_PF0_D1_S03_6__055_M_GA38_BW3245_PA78_DG13_PF0_D1_S09_6|canonical,COph100,canonical,none,ok,False,16.462249057074736,True,False
COph100/055/055_M_GA38_BW3245_PA42_DG13_PF0_D1_S03_6__055_M_GA38_BW3245_PA78_DG13_PF0_D1_S09_6|canonical,COph100,canonical,rectangle,ok,False,16.462249057074736,True,False
COph100/055/055_M_GA38_BW3245_PA42_DG13_PF0_D1_S03_6__055_M_GA38_BW3245_PA78_DG13_PF0_D1_S09_6|canonical,COph100,canonical,fov,ok,False,16.462249057074736,True,False
COph100/055/055_M_GA38_BW3245_PA43_DG13_PF0_D1_S04_13__055_M_GA38_BW3245_PA53_DG13_PF0_D1_S08_7|canonical,COph100,canonical,none,ok,False,6.789605841805741,True,False
COph100/055/055_M_GA38_BW3245_PA43_DG13_PF0_D1_S04_13__055_M_GA38_BW3245_PA53_DG13_PF0_D1_S08_7|canonical,COph100,canonical,rectangle,ok,False,6.789605841805741,True,False
COph100/055/055_M_GA38_BW3245_PA43_DG13_PF0_D1_S04_13__055_M_GA38_BW3245_PA53_DG13_PF0_D1_S08_7|canonical,COph100,canonical,fov,ok,False,6.789605841805741,True,False
COph100/055/055_M_GA38_BW3245_PA44_DG13_PF0_D1_S05_1__055_M_GA38_BW3245_PA53_DG13_PF0_D1_S08_7|canonical,COph100,canonical,none,ok,False,5.6102739935743955,True,False
COph100/055/055_M_GA38_BW3245_PA44_DG13_PF0_D1_S05_1__055_M_GA38_BW3245_PA53_DG13_PF0_D1_S08_7|canonical,COph100,canonical,rectangle,ok,False,5.6102739935743955,True,False
COph100/055/055_M_GA38_BW3245_PA44_DG13_PF0_D1_S05_1__055_M_GA38_BW3245_PA53_DG13_PF0_D1_S08_7|canonical,COph100,canonical,fov,ok,False,5.6102739935743955,True,False
COph100/055/055_M_GA38_BW3245_PA45_DG13_PF0_D1_S06_7__055_M_GA38_BW3245_PA78_DG13_PF0_D1_S09_6|canonical,COph100,canonical,none,ok,False,9.8743032827268,True,False
COph100/055/055_M_GA38_BW3245_PA45_DG13_PF0_D1_S06_7__055_M_GA38_BW3245_PA78_DG13_PF0_D1_S09_6|canonical,COph100,canonical,rectangle,ok,False,9.8743032827268,True,False
COph100/055/055_M_GA38_BW3245_PA45_DG13_PF0_D1_S06_7__055_M_GA38_BW3245_PA78_DG13_PF0_D1_S09_6|canonical,COph100,canonical,fov,ok,False,9.8743032827268,True,False
COph100/056-1/056_F_GA33_BW1180_PA35_DG0_PF0_D1_S01_7__056_F_GA33_BW1180_PA38_DG0_PF0_D1_S02_1|canonical,COph100,canonical,none,ok,False,6.414888923320548,True,False
COph100/056-1/056_F_GA33_BW1180_PA35_DG0_PF0_D1_S01_7__056_F_GA33_BW1180_PA38_DG0_PF0_D1_S02_1|canonical,COph100,canonical,rectangle,ok,False,6.414888923320548,True,False
COph100/056-1/056_F_GA33_BW1180_PA35_DG0_PF0_D1_S01_7__056_F_GA33_BW1180_PA38_DG0_PF0_D1_S02_1|canonical,COph100,canonical,fov,ok,False,6.414888923320548,True,False
COph100/056/056_F_GA33_BW1180_PA35_DG0_PF0_D1_S01_1__056_F_GA33_BW1180_PA42_DG0_PF0_D1_S03_3|canonical,COph100,canonical,none,ok,False,9.216633484367708,True,False
COph100/056/056_F_GA33_BW1180_PA35_DG0_PF0_D1_S01_1__056_F_GA33_BW1180_PA42_DG0_PF0_D1_S03_3|canonical,COph100,canonical,rectangle,ok,False,9.216633484367708,True,False
COph100/056/056_F_GA33_BW1180_PA35_DG0_PF0_D1_S01_1__056_F_GA33_BW1180_PA42_DG0_PF0_D1_S03_3|canonical,COph100,canonical,fov,ok,False,9.216633484367708,True,False
COph100/057-1/057_M_GA30_BW1180_PA37_DG0_PF0_D1_S02_4__057_M_GA30_BW1180_PA39_DG0_PF0_D1_S03_6|canonical,COph100,canonical,none,ok,False,2.3382187836401807,False,False
COph100/057-1/057_M_GA30_BW1180_PA37_DG0_PF0_D1_S02_4__057_M_GA30_BW1180_PA39_DG0_PF0_D1_S03_6|canonical,COph100,canonical,rectangle,ok,False,2.3382187836401807,False,False
COph100/057-1/057_M_GA30_BW1180_PA37_DG0_PF0_D1_S02_4__057_M_GA30_BW1180_PA39_DG0_PF0_D1_S03_6|canonical,COph100,canonical,fov,ok,False,2.3382187836401807,False,False
COph100/058-1/058_M_GA30_BW1490_PA33_DG0_PF0_D1_S01_5__058_M_GA30_BW1490_PA35_DG0_PF0_D1_S02_5|canonical,COph100,canonical,none,ok,False,3.8694248762615535,False,False
COph100/058-1/058_M_GA30_BW1490_PA33_DG0_PF0_D1_S01_5__058_M_GA30_BW1490_PA35_DG0_PF0_D1_S02_5|canonical,COph100,canonical,rectangle,ok,False,3.8694248762615535,False,False
COph100/058-1/058_M_GA30_BW1490_PA33_DG0_PF0_D1_S01_5__058_M_GA30_BW1490_PA35_DG0_PF0_D1_S02_5|canonical,COph100,canonical,fov,ok,False,3.8694248762615535,False,False
COph100/058/058_M_GA30_BW1490_PA33_DG0_PF0_D1_S01_2__058_M_GA30_BW1490_PA38_DG0_PF0_D1_S03_6|canonical,COph100,canonical,none,ok,False,2.7378308843307346,False,False
COph100/058/058_M_GA30_BW1490_PA33_DG0_PF0_D1_S01_2__058_M_GA30_BW1490_PA38_DG0_PF0_D1_S03_6|canonical,COph100,canonical,rectangle,ok,False,2.7378308843307346,False,False
COph100/058/058_M_GA30_BW1490_PA33_DG0_PF0_D1_S01_2__058_M_GA30_BW1490_PA38_DG0_PF0_D1_S03_6|canonical,COph100,canonical,fov,ok,False,2.7378308843307346,False,False
COph100/059-1/059_M_GA40_BW3680_PA85_DG12_PF0_D1_S02_2__059_M_GA40_BW3680_PA112_DG12_PF0_D1_S03_1|canonical,COph100,canonical,none,degenerate_fit,False,,True,False
COph100/059-1/059_M_GA40_BW3680_PA85_DG12_PF0_D1_S02_2__059_M_GA40_BW3680_PA112_DG12_PF0_D1_S03_1|canonical,COph100,canonical,rectangle,ok,False,16.897414349690997,True,False
COph100/059-1/059_M_GA40_BW3680_PA85_DG12_PF0_D1_S02_2__059_M_GA40_BW3680_PA112_DG12_PF0_D1_S03_1|canonical,COph100,canonical,fov,degenerate_fit,False,,True,False
COph100/061-1/061_M_GA26_BW880_PA32_DG0_PF0_D1_S01_6__061_M_GA26_BW880_PA38_DG0_PF0_D1_S02_7|canonical,COph100,canonical,none,ok,False,8.236714366712292,True,False
COph100/061-1/061_M_GA26_BW880_PA32_DG0_PF0_D1_S01_6__061_M_GA26_BW880_PA38_DG0_PF0_D1_S02_7|canonical,COph100,canonical,rectangle,ok,False,8.236714366712292,True,False
COph100/061-1/061_M_GA26_BW880_PA32_DG0_PF0_D1_S01_6__061_M_GA26_BW880_PA38_DG0_PF0_D1_S02_7|canonical,COph100,canonical,fov,ok,False,8.236714366712292,True,False
COph100/061/061_M_GA26_BW880_PA32_DG0_PF0_D1_S01_2__061_M_GA26_BW880_PA42_DG0_PF0_D1_S03_7|canonical,COph100,canonical,none,degenerate_fit,False,,True,False
COph100/061/061_M_GA26_BW880_PA32_DG0_PF0_D1_S01_2__061_M_GA26_BW880_PA42_DG0_PF0_D1_S03_7|canonical,COph100,canonical,rectangle,ok,False,58.29246300082167,True,False
COph100/061/061_M_GA26_BW880_PA32_DG0_PF0_D1_S01_2__061_M_GA26_BW880_PA42_DG0_PF0_D1_S03_7|canonical,COph100,canonical,fov,degenerate_fit,False,,True,False
COph100/063/063_F_GA35_BW3000_PA36_DG0_PF0_D1_S01_3__063_F_GA35_BW3000_PA39_DG0_PF0_D1_S02_2|canonical,COph100,canonical,none,ok,False,8.076882022773377,True,False
COph100/063/063_F_GA35_BW3000_PA36_DG0_PF0_D1_S01_3__063_F_GA35_BW3000_PA39_DG0_PF0_D1_S02_2|canonical,COph100,canonical,rectangle,ok,False,8.076882022773377,True,False
COph100/063/063_F_GA35_BW3000_PA36_DG0_PF0_D1_S01_3__063_F_GA35_BW3000_PA39_DG0_PF0_D1_S02_2|canonical,COph100,canonical,fov,ok,False,8.076882022773377,True,False
COph100/064/064_M_GA30_BW990_PA33_DG0_PF0_D1_S01_4__064_M_GA30_BW990_PA37_DG0_PF0_D1_S02_4|canonical,COph100,canonical,none,ok,False,7.547925910725352,True,False
COph100/064/064_M_GA30_BW990_PA33_DG0_PF0_D1_S01_4__064_M_GA30_BW990_PA37_DG0_PF0_D1_S02_4|canonical,COph100,canonical,rectangle,ok,False,7.547925910725352,True,False
COph100/064/064_M_GA30_BW990_PA33_DG0_PF0_D1_S01_4__064_M_GA30_BW990_PA37_DG0_PF0_D1_S02_4|canonical,COph100,canonical,fov,ok,False,7.547925910725352,True,False
COph100/065-1/065_M_GA27_BW950_PA32_DG0_PF0_D1_S01_8__065_M_GA27_BW950_PA36_DG0_PF0_D1_S03_4|canonical,COph100,canonical,none,degenerate_fit,False,,True,False
COph100/065-1/065_M_GA27_BW950_PA32_DG0_PF0_D1_S01_8__065_M_GA27_BW950_PA36_DG0_PF0_D1_S03_4|canonical,COph100,canonical,rectangle,degenerate_fit,False,,True,False
COph100/065-1/065_M_GA27_BW950_PA32_DG0_PF0_D1_S01_8__065_M_GA27_BW950_PA36_DG0_PF0_D1_S03_4|canonical,COph100,canonical,fov,degenerate_fit,False,,True,False
COph100/065/065_M_GA27_BW950_PA34_DG0_PF0_D1_S02_1__065_M_GA27_BW950_PA36_DG0_PF0_D1_S03_1|canonical,COph100,canonical,none,ok,False,11.884276005282079,True,False
COph100/065/065_M_GA27_BW950_PA34_DG0_PF0_D1_S02_1__065_M_GA27_BW950_PA36_DG0_PF0_D1_S03_1|canonical,COph100,canonical,rectangle,ok,False,11.884276005282079,True,False
COph100/065/065_M_GA27_BW950_PA34_DG0_PF0_D1_S02_1__065_M_GA27_BW950_PA36_DG0_PF0_D1_S03_1|canonical,COph100,canonical,fov,ok,False,11.884276005282079,True,False
COph100/066-1/066_F_GA26_BW810_PA36_DG3_PF0_D1_S04_3__066_F_GA26_BW810_PA40_DG3_PF0_D1_S05_3|canonical,COph100,canonical,none,degenerate_fit,False,,True,False
COph100/066-1/066_F_GA26_BW810_PA36_DG3_PF0_D1_S04_3__066_F_GA26_BW810_PA40_DG3_PF0_D1_S05_3|canonical,COph100,canonical,rectangle,ok,False,3.3228068897617904,False,False
COph100/066-1/066_F_GA26_BW810_PA36_DG3_PF0_D1_S04_3__066_F_GA26_BW810_PA40_DG3_PF0_D1_S05_3|canonical,COph100,canonical,fov,degenerate_fit,False,,True,False
COph100/066/066_F_GA26_BW810_PA31_DG1_PF0_D1_S01_5__066_F_GA26_BW810_PA34_DG3_PF0_D1_S03_4|canonical,COph100,canonical,none,ok,False,27.975419637933193,True,False
COph100/066/066_F_GA26_BW810_PA31_DG1_PF0_D1_S01_5__066_F_GA26_BW810_PA34_DG3_PF0_D1_S03_4|canonical,COph100,canonical,rectangle,ok,False,27.975419637933193,True,False
COph100/066/066_F_GA26_BW810_PA31_DG1_PF0_D1_S01_5__066_F_GA26_BW810_PA34_DG3_PF0_D1_S03_4|canonical,COph100,canonical,fov,ok,False,27.975419637933193,True,False
COph100/066/066_F_GA26_BW810_PA32_DG2_PF0_D1_S02_15__066_F_GA26_BW810_PA34_DG3_PF0_D1_S03_4|canonical,COph100,canonical,none,ok,False,25.898636910899775,True,False
COph100/066/066_F_GA26_BW810_PA32_DG2_PF0_D1_S02_15__066_F_GA26_BW810_PA34_DG3_PF0_D1_S03_4|canonical,COph100,canonical,rectangle,ok,False,25.898636910899775,True,False
COph100/066/066_F_GA26_BW810_PA32_DG2_PF0_D1_S02_15__066_F_GA26_BW810_PA34_DG3_PF0_D1_S03_4|canonical,COph100,canonical,fov,ok,False,25.898636910899775,True,False
COph100/066/066_F_GA26_BW810_PA34_DG3_PF0_D1_S03_4__066_F_GA26_BW810_PA36_DG3_PF0_D1_S04_7|canonical,COph100,canonical,none,invalid_transform,False,,True,False
COph100/066/066_F_GA26_BW810_PA34_DG3_PF0_D1_S03_4__066_F_GA26_BW810_PA36_DG3_PF0_D1_S04_7|canonical,COph100,canonical,rectangle,ok,False,3.5185921402323332,False,False
COph100/066/066_F_GA26_BW810_PA34_DG3_PF0_D1_S03_4__066_F_GA26_BW810_PA36_DG3_PF0_D1_S04_7|canonical,COph100,canonical,fov,degenerate_fit,False,,True,False
COph100/066/066_F_GA26_BW810_PA36_DG3_PF0_D1_S04_7__066_F_GA26_BW810_PA42_DG3_PF0_D1_S06_12|canonical,COph100,canonical,none,ok,False,4.011962866010538,True,False
COph100/066/066_F_GA26_BW810_PA36_DG3_PF0_D1_S04_7__066_F_GA26_BW810_PA42_DG3_PF0_D1_S06_12|canonical,COph100,canonical,rectangle,ok,False,4.011962866010538,True,False
COph100/066/066_F_GA26_BW810_PA36_DG3_PF0_D1_S04_7__066_F_GA26_BW810_PA42_DG3_PF0_D1_S06_12|canonical,COph100,canonical,fov,ok,False,4.011962866010538,True,False
COph100/068-1/068_M_GA35_BW2210_PA38_DG0_PF0_D1_S01_4__068_M_GA35_BW2210_PA42_DG0_PF0_D1_S02_4|canonical,COph100,canonical,none,ok,False,3.719801257902602,False,False
COph100/068-1/068_M_GA35_BW2210_PA38_DG0_PF0_D1_S01_4__068_M_GA35_BW2210_PA42_DG0_PF0_D1_S02_4|canonical,COph100,canonical,rectangle,ok,False,3.719801257902602,False,False
COph100/068-1/068_M_GA35_BW2210_PA38_DG0_PF0_D1_S01_4__068_M_GA35_BW2210_PA42_DG0_PF0_D1_S02_4|canonical,COph100,canonical,fov,ok,False,3.719801257902602,False,False
COph100/069-1/069_M_GA30_BW1100_PA32_DG1_PF0_D1_S01_6__069_M_GA30_BW1100_PA43_DG9_PF0_D1_S04_4|canonical,COph100,canonical,none,degenerate_fit,False,,True,False
COph100/069-1/069_M_GA30_BW1100_PA32_DG1_PF0_D1_S01_6__069_M_GA30_BW1100_PA43_DG9_PF0_D1_S04_4|canonical,COph100,canonical,rectangle,degenerate_fit,False,,True,False
COph100/069-1/069_M_GA30_BW1100_PA32_DG1_PF0_D1_S01_6__069_M_GA30_BW1100_PA43_DG9_PF0_D1_S04_4|canonical,COph100,canonical,fov,degenerate_fit,False,,True,False
COph100/069/069_M_GA30_BW1100_PA32_DG1_PF0_D1_S01_1__069_M_GA30_BW1100_PA34_DG1_PF0_D1_S02_2|canonical,COph100,canonical,none,ok,False,2.7113667105581567,False,False
COph100/069/069_M_GA30_BW1100_PA32_DG1_PF0_D1_S01_1__069_M_GA30_BW1100_PA34_DG1_PF0_D1_S02_2|canonical,COph100,canonical,rectangle,ok,False,2.7113667105581567,False,False
COph100/069/069_M_GA30_BW1100_PA32_DG1_PF0_D1_S01_1__069_M_GA30_BW1100_PA34_DG1_PF0_D1_S02_2|canonical,COph100,canonical,fov,ok,False,2.7113667105581567,False,False
COph100/069/069_M_GA30_BW1100_PA34_DG1_PF0_D1_S02_2__069_M_GA30_BW1100_PA43_DG9_PF0_D1_S04_1|canonical,COph100,canonical,none,ok,False,62.63057284641663,True,False
COph100/069/069_M_GA30_BW1100_PA34_DG1_PF0_D1_S02_2__069_M_GA30_BW1100_PA43_DG9_PF0_D1_S04_1|canonical,COph100,canonical,rectangle,ok,False,62.63057284641663,True,False
COph100/069/069_M_GA30_BW1100_PA34_DG1_PF0_D1_S02_2__069_M_GA30_BW1100_PA43_DG9_PF0_D1_S04_1|canonical,COph100,canonical,fov,ok,False,62.63057284641663,True,False
COph100/070-1/070_M_GA32_BW1830_PA33_DG0_PF0_D1_S01_3__070_M_GA32_BW1830_PA40_DG0_PF0_D1_S04_7|canonical,COph100,canonical,none,degenerate_fit,False,,True,False
COph100/070-1/070_M_GA32_BW1830_PA33_DG0_PF0_D1_S01_3__070_M_GA32_BW1830_PA40_DG0_PF0_D1_S04_7|canonical,COph100,canonical,rectangle,degenerate_fit,False,,True,False
COph100/070-1/070_M_GA32_BW1830_PA33_DG0_PF0_D1_S01_3__070_M_GA32_BW1830_PA40_DG0_PF0_D1_S04_7|canonical,COph100,canonical,fov,degenerate_fit,False,,True,False
COph100/070/070_M_GA32_BW1830_PA33_DG0_PF0_D1_S01_1__070_M_GA32_BW1830_PA35_DG0_PF0_D1_S02_1|canonical,COph100,canonical,none,ok,False,3.0409971272186413,False,False
COph100/070/070_M_GA32_BW1830_PA33_DG0_PF0_D1_S01_1__070_M_GA32_BW1830_PA35_DG0_PF0_D1_S02_1|canonical,COph100,canonical,rectangle,ok,False,3.0409971272186413,False,False
COph100/070/070_M_GA32_BW1830_PA33_DG0_PF0_D1_S01_1__070_M_GA32_BW1830_PA35_DG0_PF0_D1_S02_1|canonical,COph100,canonical,fov,ok,False,3.0409971272186413,False,False
COph100/070/070_M_GA32_BW1830_PA35_DG0_PF0_D1_S02_1__070_M_GA32_BW1830_PA40_DG0_PF0_D1_S04_2|canonical,COph100,canonical,none,ok,False,3.045635074362224,False,False
COph100/070/070_M_GA32_BW1830_PA35_DG0_PF0_D1_S02_1__070_M_GA32_BW1830_PA40_DG0_PF0_D1_S04_2|canonical,COph100,canonical,rectangle,ok,False,3.045635074362224,False,False
COph100/070/070_M_GA32_BW1830_PA35_DG0_PF0_D1_S02_1__070_M_GA32_BW1830_PA40_DG0_PF0_D1_S04_2|canonical,COph100,canonical,fov,ok,False,3.045635074362224,False,False
COph100/071-1/071_F_GA32_BW1660_PA33_DG0_PF0_D1_S01_7__071_F_GA32_BW1660_PA40_DG0_PF0_D1_S04_8|canonical,COph100,canonical,none,ok,False,9.111499147920977,True,False
COph100/071-1/071_F_GA32_BW1660_PA33_DG0_PF0_D1_S01_7__071_F_GA32_BW1660_PA40_DG0_PF0_D1_S04_8|canonical,COph100,canonical,rectangle,ok,False,9.111499147920977,True,False
COph100/071-1/071_F_GA32_BW1660_PA33_DG0_PF0_D1_S01_7__071_F_GA32_BW1660_PA40_DG0_PF0_D1_S04_8|canonical,COph100,canonical,fov,ok,False,9.111499147920977,True,False
COph100/071/071_F_GA32_BW1660_PA33_DG0_PF0_D1_S01_2__071_F_GA32_BW1660_PA35_DG0_PF0_D1_S02_2|canonical,COph100,canonical,none,ok,False,2.4822659748362885,False,False
COph100/071/071_F_GA32_BW1660_PA33_DG0_PF0_D1_S01_2__071_F_GA32_BW1660_PA35_DG0_PF0_D1_S02_2|canonical,COph100,canonical,rectangle,ok,False,2.4822659748362885,False,False
COph100/071/071_F_GA32_BW1660_PA33_DG0_PF0_D1_S01_2__071_F_GA32_BW1660_PA35_DG0_PF0_D1_S02_2|canonical,COph100,canonical,fov,ok,False,2.4822659748362885,False,False
COph100/071/071_F_GA32_BW1660_PA35_DG0_PF0_D1_S02_2__071_F_GA32_BW1660_PA40_DG0_PF0_D1_S04_2|canonical,COph100,canonical,none,ok,False,12.453832293289036,True,False
COph100/071/071_F_GA32_BW1660_PA35_DG0_PF0_D1_S02_2__071_F_GA32_BW1660_PA40_DG0_PF0_D1_S04_2|canonical,COph100,canonical,rectangle,ok,False,12.453832293289036,True,False
COph100/071/071_F_GA32_BW1660_PA35_DG0_PF0_D1_S02_2__071_F_GA32_BW1660_PA40_DG0_PF0_D1_S04_2|canonical,COph100,canonical,fov,ok,False,12.453832293289036,True,False
COph100/076-1/076_M_GA33_BW1470_PA37_DG0_PF0_D1_S02_13__076_M_GA33_BW1470_PA40_DG0_PF0_D1_S03_3|canonical,COph100,canonical,none,degenerate_fit,False,,True,False
COph100/076-1/076_M_GA33_BW1470_PA37_DG0_PF0_D1_S02_13__076_M_GA33_BW1470_PA40_DG0_PF0_D1_S03_3|canonical,COph100,canonical,rectangle,degenerate_fit,False,,True,False
COph100/076-1/076_M_GA33_BW1470_PA37_DG0_PF0_D1_S02_13__076_M_GA33_BW1470_PA40_DG0_PF0_D1_S03_3|canonical,COph100,canonical,fov,ok,False,185.82630395241313,True,True
FIRE/A01|canonical,FIRE,canonical,none,ok,False,3.246933615042136,False,False
FIRE/A01|canonical,FIRE,canonical,rectangle,ok,False,3.246933615042136,False,False
FIRE/A01|canonical,FIRE,canonical,fov,ok,False,3.246933615042136,False,False
FIRE/A03|canonical,FIRE,canonical,none,ok,False,6.032180502466496,False,False
FIRE/A03|canonical,FIRE,canonical,rectangle,ok,False,6.032180502466496,False,False
FIRE/A03|canonical,FIRE,canonical,fov,ok,False,6.032180502466496,False,False
FIRE/A05|canonical,FIRE,canonical,none,ok,False,7.633135689268373,False,False
FIRE/A05|canonical,FIRE,canonical,rectangle,ok,False,7.633135689268373,False,False
FIRE/A05|canonical,FIRE,canonical,fov,ok,False,7.633135689268373,False,False
FIRE/A07|canonical,FIRE,canonical,none,ok,False,7.111466857961427,False,False
FIRE/A07|canonical,FIRE,canonical,rectangle,ok,False,7.111466857961427,False,False
FIRE/A07|canonical,FIRE,canonical,fov,ok,False,7.111466857961427,False,False
FIRE/A09|canonical,FIRE,canonical,none,ok,False,7.192811415834145,False,False
FIRE/A09|canonical,FIRE,canonical,rectangle,ok,False,7.192811415834145,False,False
FIRE/A09|canonical,FIRE,canonical,fov,ok,False,7.192811415834145,False,False
FIRE/A11|canonical,FIRE,canonical,none,ok,False,2.969566428769934,False,False
FIRE/A11|canonical,FIRE,canonical,rectangle,ok,False,2.969566428769934,False,False
FIRE/A11|canonical,FIRE,canonical,fov,ok,False,2.969566428769934,False,False
FIRE/A13|canonical,FIRE,canonical,none,ok,False,5.226468085328131,False,False
FIRE/A13|canonical,FIRE,canonical,rectangle,ok,False,5.226468085328131,False,False
FIRE/A13|canonical,FIRE,canonical,fov,ok,False,5.226468085328131,False,False
FIRE/P01|canonical,FIRE,canonical,none,ok,False,10.599723565524519,False,False
FIRE/P01|canonical,FIRE,canonical,rectangle,ok,False,10.599723565524519,False,False
FIRE/P01|canonical,FIRE,canonical,fov,ok,False,10.599723565524519,False,False
FIRE/P03|canonical,FIRE,canonical,none,ok,False,8.78277838501596,False,False
FIRE/P03|canonical,FIRE,canonical,rectangle,ok,False,8.78277838501596,False,False
FIRE/P03|canonical,FIRE,canonical,fov,ok,False,8.78277838501596,False,False
FIRE/P05|canonical,FIRE,canonical,none,ok,False,35.03122120104741,True,False
FIRE/P05|canonical,FIRE,canonical,rectangle,ok,False,35.03122120104741,True,False
FIRE/P05|canonical,FIRE,canonical,fov,ok,False,35.03122120104741,True,False
FIRE/P07|canonical,FIRE,canonical,none,ok,False,13.045565585480194,False,False
FIRE/P07|canonical,FIRE,canonical,rectangle,ok,False,13.045565585480194,False,False
FIRE/P07|canonical,FIRE,canonical,fov,ok,False,13.045565585480194,False,False
FIRE/P09|canonical,FIRE,canonical,none,ok,False,35.638092403883675,True,False
FIRE/P09|canonical,FIRE,canonical,rectangle,ok,False,35.638092403883675,True,False
FIRE/P09|canonical,FIRE,canonical,fov,ok,False,35.638092403883675,True,False
FIRE/P11|canonical,FIRE,canonical,none,ok,False,27.30401406062409,True,False
FIRE/P11|canonical,FIRE,canonical,rectangle,ok,False,27.30401406062409,True,False
FIRE/P11|canonical,FIRE,canonical,fov,ok,False,27.30401406062409,True,False
FIRE/P13|canonical,FIRE,canonical,none,ok,False,14.743497545429213,False,False
FIRE/P13|canonical,FIRE,canonical,rectangle,ok,False,14.743497545429213,False,False
FIRE/P13|canonical,FIRE,canonical,fov,ok,False,14.743497545429213,False,False
FIRE/P15|canonical,FIRE,canonical,none,ok,False,16.87603310605547,False,False
FIRE/P15|canonical,FIRE,canonical,rectangle,ok,False,16.87603310605547,False,False
FIRE/P15|canonical,FIRE,canonical,fov,ok,False,16.87603310605547,False,False
FIRE/P17|canonical,FIRE,canonical,none,ok,False,18.670319590063198,False,False
FIRE/P17|canonical,FIRE,canonical,rectangle,ok,False,18.670319590063198,False,False
FIRE/P17|canonical,FIRE,canonical,fov,ok,False,18.670319590063198,False,False
FIRE/P19|canonical,FIRE,canonical,none,ok,False,15.31477770328712,False,False
FIRE/P19|canonical,FIRE,canonical,rectangle,ok,False,15.31477770328712,False,False
FIRE/P19|canonical,FIRE,canonical,fov,ok,False,15.31477770328712,False,False
FIRE/P21|canonical,FIRE,canonical,none,ok,False,16.725579748886428,False,False
FIRE/P21|canonical,FIRE,canonical,rectangle,ok,False,16.725579748886428,False,False
FIRE/P21|canonical,FIRE,canonical,fov,ok,False,16.725579748886428,False,False
FIRE/P23|canonical,FIRE,canonical,none,ok,False,17.52714835690253,False,False
FIRE/P23|canonical,FIRE,canonical,rectangle,ok,False,17.52714835690253,False,False
FIRE/P23|canonical,FIRE,canonical,fov,ok,False,17.52714835690253,False,False
FIRE/P25|canonical,FIRE,canonical,none,ok,False,11.798318472788974,False,False
FIRE/P25|canonical,FIRE,canonical,rectangle,ok,False,11.798318472788974,False,False
FIRE/P25|canonical,FIRE,canonical,fov,ok,False,11.798318472788974,False,False
FIRE/P27|canonical,FIRE,canonical,none,ok,False,27.598145960429854,True,False
FIRE/P27|canonical,FIRE,canonical,rectangle,ok,False,27.598145960429854,True,False
FIRE/P27|canonical,FIRE,canonical,fov,ok,False,27.598145960429854,True,False
FIRE/P29|canonical,FIRE,canonical,none,ok,False,11.237822355494439,False,False
FIRE/P29|canonical,FIRE,canonical,rectangle,ok,False,11.237822355494439,False,False
FIRE/P29|canonical,FIRE,canonical,fov,ok,False,11.237822355494439,False,False
FIRE/P31|canonical,FIRE,canonical,none,ok,False,21.085051939472155,True,False
FIRE/P31|canonical,FIRE,canonical,rectangle,ok,False,21.085051939472155,True,False
FIRE/P31|canonical,FIRE,canonical,fov,ok,False,21.085051939472155,True,False
FIRE/P33|canonical,FIRE,canonical,none,ok,False,15.52489427383197,False,False
FIRE/P33|canonical,FIRE,canonical,rectangle,ok,False,15.52489427383197,False,False
FIRE/P33|canonical,FIRE,canonical,fov,ok,False,15.52489427383197,False,False
FIRE/P35|canonical,FIRE,canonical,none,ok,False,25.026718804295918,True,False
FIRE/P35|canonical,FIRE,canonical,rectangle,ok,False,25.026718804295918,True,False
FIRE/P35|canonical,FIRE,canonical,fov,ok,False,25.026718804295918,True,False
FIRE/P37|canonical,FIRE,canonical,none,ok,False,25.741580391004327,True,False
FIRE/P37|canonical,FIRE,canonical,rectangle,ok,False,25.741580391004327,True,False
FIRE/P37|canonical,FIRE,canonical,fov,ok,False,25.741580391004327,True,False
FIRE/P39|canonical,FIRE,canonical,none,ok,False,8.308091370505704,False,False
FIRE/P39|canonical,FIRE,canonical,rectangle,ok,False,8.308091370505704,False,False
FIRE/P39|canonical,FIRE,canonical,fov,ok,False,8.308091370505704,False,False
FIRE/P41|canonical,FIRE,canonical,none,ok,False,31.841495046730152,True,False
FIRE/P41|canonical,FIRE,canonical,rectangle,ok,False,31.841495046730152,True,False
FIRE/P41|canonical,FIRE,canonical,fov,ok,False,31.841495046730152,True,False
FIRE/P43|canonical,FIRE,canonical,none,ok,False,30.54957431327734,True,False
FIRE/P43|canonical,FIRE,canonical,rectangle,ok,False,30.54957431327734,True,False
FIRE/P43|canonical,FIRE,canonical,fov,ok,False,30.54957431327734,True,False
FIRE/P45|canonical,FIRE,canonical,none,ok,False,13.143369042179833,False,False
FIRE/P45|canonical,FIRE,canonical,rectangle,ok,False,13.143369042179833,False,False
FIRE/P45|canonical,FIRE,canonical,fov,ok,False,13.143369042179833,False,False
FIRE/P47|canonical,FIRE,canonical,none,ok,False,11.09587475673238,False,False
FIRE/P47|canonical,FIRE,canonical,rectangle,ok,False,11.09587475673238,False,False
FIRE/P47|canonical,FIRE,canonical,fov,ok,False,11.09587475673238,False,False
FIRE/P49|canonical,FIRE,canonical,none,ok,False,23.771200945813728,True,False
FIRE/P49|canonical,FIRE,canonical,rectangle,ok,False,23.771200945813728,True,False
FIRE/P49|canonical,FIRE,canonical,fov,ok,False,23.771200945813728,True,False
FIRE/S02|canonical,FIRE,canonical,none,ok,False,2.9068733004182876,False,False
FIRE/S02|canonical,FIRE,canonical,rectangle,ok,False,2.9068733004182876,False,False
FIRE/S02|canonical,FIRE,canonical,fov,ok,False,2.9068733004182876,False,False
FIRE/S04|canonical,FIRE,canonical,none,ok,False,2.240641816133644,False,False
FIRE/S04|canonical,FIRE,canonical,rectangle,ok,False,2.240641816133644,False,False
FIRE/S04|canonical,FIRE,canonical,fov,ok,False,2.240641816133644,False,False
FIRE/S06|canonical,FIRE,canonical,none,ok,False,2.0482884149490572,False,False
FIRE/S06|canonical,FIRE,canonical,rectangle,ok,False,2.0482884149490572,False,False
FIRE/S06|canonical,FIRE,canonical,fov,ok,False,2.0482884149490572,False,False
FIRE/S08|canonical,FIRE,canonical,none,ok,False,1.0740439990493762,False,False
FIRE/S08|canonical,FIRE,canonical,rectangle,ok,False,1.0740439990493762,False,False
FIRE/S08|canonical,FIRE,canonical,fov,ok,False,1.0740439990493762,False,False
FIRE/S10|canonical,FIRE,canonical,none,ok,False,1.7129045142601442,False,False
FIRE/S10|canonical,FIRE,canonical,rectangle,ok,False,1.7129045142601442,False,False
FIRE/S10|canonical,FIRE,canonical,fov,ok,False,1.7129045142601442,False,False
FIRE/S12|canonical,FIRE,canonical,none,ok,False,0.9478822875160008,False,False
FIRE/S12|canonical,FIRE,canonical,rectangle,ok,False,0.9478822875160008,False,False
FIRE/S12|canonical,FIRE,canonical,fov,ok,False,0.9478822875160008,False,False
FIRE/S14|canonical,FIRE,canonical,none,ok,False,1.663567806445761,False,False
FIRE/S14|canonical,FIRE,canonical,rectangle,ok,False,1.663567806445761,False,False
FIRE/S14|canonical,FIRE,canonical,fov,ok,False,1.663567806445761,False,False
FIRE/S16|canonical,FIRE,canonical,none,ok,False,1.1377782036966997,False,False
FIRE/S16|canonical,FIRE,canonical,rectangle,ok,False,1.1377782036966997,False,False
FIRE/S16|canonical,FIRE,canonical,fov,ok,False,1.1377782036966997,False,False
FIRE/S18|canonical,FIRE,canonical,none,ok,False,1.9894288599890264,False,False
FIRE/S18|canonical,FIRE,canonical,rectangle,ok,False,1.9894288599890264,False,False
FIRE/S18|canonical,FIRE,canonical,fov,ok,False,1.9894288599890264,False,False
FIRE/S20|canonical,FIRE,canonical,none,ok,False,2.412143825435236,False,False
FIRE/S20|canonical,FIRE,canonical,rectangle,ok,False,2.412143825435236,False,False
FIRE/S20|canonical,FIRE,canonical,fov,ok,False,2.412143825435236,False,False
FIRE/S22|canonical,FIRE,canonical,none,ok,False,1.8706546035962859,False,False
FIRE/S22|canonical,FIRE,canonical,rectangle,ok,False,1.8706546035962859,False,False
FIRE/S22|canonical,FIRE,canonical,fov,ok,False,1.8706546035962859,False,False
FIRE/S24|canonical,FIRE,canonical,none,ok,False,2.397876726276826,False,False
FIRE/S24|canonical,FIRE,canonical,rectangle,ok,False,2.397876726276826,False,False
FIRE/S24|canonical,FIRE,canonical,fov,ok,False,2.397876726276826,False,False
FIRE/S26|canonical,FIRE,canonical,none,ok,False,2.253956605247069,False,False
FIRE/S26|canonical,FIRE,canonical,rectangle,ok,False,2.253956605247069,False,False
FIRE/S26|canonical,FIRE,canonical,fov,ok,False,2.253956605247069,False,False
FIRE/S28|canonical,FIRE,canonical,none,ok,False,2.2782099294536478,False,False
FIRE/S28|canonical,FIRE,canonical,rectangle,ok,False,2.2782099294536478,False,False
FIRE/S28|canonical,FIRE,canonical,fov,ok,False,2.2782099294536478,False,False
FIRE/S30|canonical,FIRE,canonical,none,ok,False,1.9402183886701283,False,False
FIRE/S30|canonical,FIRE,canonical,rectangle,ok,False,1.9402183886701283,False,False
FIRE/S30|canonical,FIRE,canonical,fov,ok,False,1.9402183886701283,False,False
FIRE/S32|canonical,FIRE,canonical,none,ok,False,2.159989298530659,False,False
FIRE/S32|canonical,FIRE,canonical,rectangle,ok,False,2.159989298530659,False,False
FIRE/S32|canonical,FIRE,canonical,fov,ok,False,2.159989298530659,False,False
FIRE/S34|canonical,FIRE,canonical,none,ok,False,2.19307418911425,False,False
FIRE/S34|canonical,FIRE,canonical,rectangle,ok,False,2.19307418911425,False,False
FIRE/S34|canonical,FIRE,canonical,fov,ok,False,2.19307418911425,False,False
FIRE/S36|canonical,FIRE,canonical,none,ok,False,1.684380040415098,False,False
FIRE/S36|canonical,FIRE,canonical,rectangle,ok,False,1.684380040415098,False,False
FIRE/S36|canonical,FIRE,canonical,fov,ok,False,1.684380040415098,False,False
FIRE/S38|canonical,FIRE,canonical,none,ok,False,3.110011898918339,False,False
FIRE/S38|canonical,FIRE,canonical,rectangle,ok,False,3.110011898918339,False,False
FIRE/S38|canonical,FIRE,canonical,fov,ok,False,3.110011898918339,False,False
FIRE/S40|canonical,FIRE,canonical,none,ok,False,1.429179792399689,False,False
FIRE/S40|canonical,FIRE,canonical,rectangle,ok,False,1.429179792399689,False,False
FIRE/S40|canonical,FIRE,canonical,fov,ok,False,1.429179792399689,False,False
FIRE/S42|canonical,FIRE,canonical,none,ok,False,2.1280774780116225,False,False
FIRE/S42|canonical,FIRE,canonical,rectangle,ok,False,2.1280774780116225,False,False
FIRE/S42|canonical,FIRE,canonical,fov,ok,False,2.1280774780116225,False,False
FIRE/S44|canonical,FIRE,canonical,none,ok,False,1.3763747123541492,False,False
FIRE/S44|canonical,FIRE,canonical,rectangle,ok,False,1.3763747123541492,False,False
FIRE/S44|canonical,FIRE,canonical,fov,ok,False,1.3763747123541492,False,False
FIRE/S46|canonical,FIRE,canonical,none,ok,False,2.440695267431973,False,False
FIRE/S46|canonical,FIRE,canonical,rectangle,ok,False,2.440695267431973,False,False
FIRE/S46|canonical,FIRE,canonical,fov,ok,False,2.440695267431973,False,False
FIRE/S48|canonical,FIRE,canonical,none,ok,False,2.1540297738654326,False,False
FIRE/S48|canonical,FIRE,canonical,rectangle,ok,False,2.1540297738654326,False,False
FIRE/S48|canonical,FIRE,canonical,fov,ok,False,2.1540297738654326,False,False
FIRE/S50|canonical,FIRE,canonical,none,ok,False,1.3314232402229278,False,False
FIRE/S50|canonical,FIRE,canonical,rectangle,ok,False,1.3314232402229278,False,False
FIRE/S50|canonical,FIRE,canonical,fov,ok,False,1.3314232402229278,False,False
FIRE/S52|canonical,FIRE,canonical,none,ok,False,1.9547631357283328,False,False
FIRE/S52|canonical,FIRE,canonical,rectangle,ok,False,1.9547631357283328,False,False
FIRE/S52|canonical,FIRE,canonical,fov,ok,False,1.9547631357283328,False,False
FIRE/S54|canonical,FIRE,canonical,none,ok,False,3.138077553762479,False,False
FIRE/S54|canonical,FIRE,canonical,rectangle,ok,False,3.138077553762479,False,False
FIRE/S54|canonical,FIRE,canonical,fov,ok,False,3.138077553762479,False,False
FIRE/S56|canonical,FIRE,canonical,none,ok,False,1.970331908907896,False,False
FIRE/S56|canonical,FIRE,canonical,rectangle,ok,False,1.970331908907896,False,False
FIRE/S56|canonical,FIRE,canonical,fov,ok,False,1.970331908907896,False,False
FIRE/S58|canonical,FIRE,canonical,none,ok,False,1.5845681284167772,False,False
FIRE/S58|canonical,FIRE,canonical,rectangle,ok,False,1.5845681284167772,False,False
FIRE/S58|canonical,FIRE,canonical,fov,ok,False,1.5845681284167772,False,False
FIRE/S60|canonical,FIRE,canonical,none,ok,False,4.942276576700557,False,False
FIRE/S60|canonical,FIRE,canonical,rectangle,ok,False,4.942276576700557,False,False
FIRE/S60|canonical,FIRE,canonical,fov,ok,False,4.942276576700557,False,False
FIRE/S62|canonical,FIRE,canonical,none,ok,False,2.000844744012123,False,False
FIRE/S62|canonical,FIRE,canonical,rectangle,ok,False,2.000844744012123,False,False
FIRE/S62|canonical,FIRE,canonical,fov,ok,False,2.000844744012123,False,False
FIRE/S64|canonical,FIRE,canonical,none,ok,False,2.672067244023867,False,False
FIRE/S64|canonical,FIRE,canonical,rectangle,ok,False,2.672067244023867,False,False
FIRE/S64|canonical,FIRE,canonical,fov,ok,False,2.672067244023867,False,False
FIRE/S66|canonical,FIRE,canonical,none,ok,False,1.1036094408772334,False,False
FIRE/S66|canonical,FIRE,canonical,rectangle,ok,False,1.1036094408772334,False,False
FIRE/S66|canonical,FIRE,canonical,fov,ok,False,1.1036094408772334,False,False
FIRE/S68|canonical,FIRE,canonical,none,ok,False,1.250293999074287,False,False
FIRE/S68|canonical,FIRE,canonical,rectangle,ok,False,1.250293999074287,False,False
FIRE/S68|canonical,FIRE,canonical,fov,ok,False,1.250293999074287,False,False
FIRE/S70|canonical,FIRE,canonical,none,ok,False,5.855593916904769,False,False
FIRE/S70|canonical,FIRE,canonical,rectangle,ok,False,5.855593916904769,False,False
FIRE/S70|canonical,FIRE,canonical,fov,ok,False,5.855593916904769,False,False
