job_id,pair_id,group_id,dataset_id,pipeline_id,variant,status,n_matches,n_inliers,n_iterations,rejected_hypotheses,refit_fallback,rectangle_crossing,fov_crossing,tre_px,tre_norm,operational_failure,reproduces_cache,seconds,matrix_json
5fa60dc6120fc7a1,COph100/001/001_F_GA41_BW2905_PA44_DG11_PF0_D1_S01_11__001_F_GA41_BW2905_PA47_DG11_PF0_D1_S02_3,COph100/patient/001,COph100,sift_h,fov,ok,43,10,3145,1499,False,True,False,396.14851284643794,0.4951856410580474,True,,0.5954390999977477,"[[0.30229482470192465, -0.11825504960258312, 54.16980834415503], [0.7058206367891644, -0.276035612265802, 126.46325523416517], [0.005581728622703305, -0.0021833766928843965, 1.0]]"
5fa60dc6120fc7a1,COph100/001/001_F_GA41_BW2905_PA44_DG11_PF0_D1_S01_11__001_F_GA41_BW2905_PA47_DG11_PF0_D1_S02_3,COph100/patient/001,COph100,sift_h,none,ok,43,10,3145,0,False,True,False,396.14851284643794,0.4951856410580474,True,True,0.5858635999902617,"[[0.30229482470192465, -0.11825504960258312, 54.16980834415503], [0.7058206367891644, -0.276035612265802, 126.46325523416517], [0.005581728622703305, -0.0021833766928843965, 1.0]]"
5fa60dc6120fc7a1,COph100/001/001_F_GA41_BW2905_PA44_DG11_PF0_D1_S01_11__001_F_GA41_BW2905_PA47_DG11_PF0_D1_S02_3,COph100/patient/001,COph100,sift_h,rectangle,ok,43,8,7683,7163,False,False,False,74.41445528544878,0.09301806910681097,True,,1.216212400002405,"[[1.1069326070761094, -0.04158391238375306, 21.479444548099472], [0.052601694989035296, 1.079381449627895, -32.40809846183653], [0.0001049952189354511, 4.255578048014821e-05, 1.0]]"
5fa60dc6120fc7a1,COph100/001/001_F_GA41_BW2905_PA44_DG11_PF0_D1_S01_11__001_F_GA41_BW2905_PA47_DG11_PF0_D1_S02_3,COph100/patient/001,COph100,sift_h,sample_orientation,ok,43,10,3145,2218,False,True,False,396.14851284643794,0.4951856410580474,True,,0.6144746000063606,"[[0.30229482470192465, -0.11825504960258312, 54.16980834415503], [0.7058206367891644, -0.276035612265802, 126.46325523416517], [0.005581728622703305, -0.0021833766928843965, 1.0]]"
501757c32772c0e0,COph100/001/001_F_GA41_BW2905_PA47_DG11_PF0_D1_S02_3__001_F_GA41_BW2905_PA50_DG11_PF0_D1_S03_8,COph100/patient/001,COph100,sift_h,fov,ok,36,6,10000,4996,False,True,False,351.04527109368684,0.43880658886710855,True,,1.7876581000018632,"[[-0.9788934917600152, -0.11025806508938979, 960.110593833648], [-0.12912769550558137, -0.014565847813710136, 126.64962236136724], [-0.0010198628395854288, -0.000114456421787115, 1.0]]"
501757c32772c0e0,COph100/001/001_F_GA41_BW2905_PA47_DG11_PF0_D1_S02_3__001_F_GA41_BW2905_PA50_DG11_PF0_D1_S03_8,COph100/patient/001,COph100,sift_h,none,ok,36,6,10000,0,False,True,True,349.187563341696,0.43648445417711995,True,True,1.856945799998357,"[[0.033571932744802274, -1.3954454447631572, 958.435802907747], [0.005659324201597241, -0.18494048529968685, 126.64344173088006], [3.772983424810723e-05, -0.0014594301785344152, 1.0]]"
501757c32772c0e0,COph100/001/001_F_GA41_BW2905_PA47_DG11_PF0_D1_S02_3__001_F_GA41_BW2905_PA50_DG11_PF0_D1_S03_8,COph100/patient/001,COph100,sift_h,rectangle,ok,36,5,10000,9545,False,False,False,171.8337181758293,0.2147921477197866,True,,1.665586200004327,"[[-0.9282124280958061, -0.0015258742748889482, 946.8153486006047], [-0.008801194652047694, 0.4858215885098208, -23.512871833912687], [-0.0006121008076945758, -8.039284480129068e-05, 1.0]]"
501757c32772c0e0,COph100/001/001_F_GA41_BW2905_PA47_DG11_PF0_D1_S02_3__001_F_GA41_BW2905_PA50_DG11_PF0_D1_S03_8,COph100/patient/001,COph100,sift_h,sample_orientation,ok,36,6,10000,7301,False,True,False,348.83873730253873,0.4360484216281734,True,,1.933893099994748,"[[-0.5777860388274246, -0.6074122453998742, 958.2291380993037], [-0.0808181301569554, -0.06773586813756928, 122.89948730689535], [-0.0005985889024697437, -0.0006393506810491265, 1.0]]"
19c3c058ff428127,COph100/002-1/002_M_GA40_BW4040_PA41_DG11_PF0_D1_S01_6__002_M_GA40_BW4040_PA43_DG11_PF0_D1_S02_12,COph100/patient/002,COph100,sift_h,fov,ok,33,8,2663,1390,False,True,False,394.7756862826999,0.49346960785337485,True,,0.453328399991733,"[[0.10032597071465593, 0.06667520742578421, 13.936502961499505], [1.3498744578358917, -0.28396180145720623, 144.8917430615789], [0.002076276120515739, -0.0017109098293870818, 1.0]]"
19c3c058ff428127,COph100/002-1/002_M_GA40_BW4040_PA41_DG11_PF0_D1_S01_6__002_M_GA40_BW4040_PA43_DG11_PF0_D1_S02_12,COph100/patient/002,COph100,sift_h,none,ok,33,8,2663,0,False,True,False,394.7756862826999,0.49346960785337485,True,True,0.5511247000104049,"[[0.10032597071465593, 0.06667520742578421, 13.936502961499505], [1.3498744578358917, -0.28396180145720623, 144.8917430615789], [0.002076276120515739, -0.0017109098293870818, 1.0]]"
19c3c058ff428127,COph100/002-1/002_M_GA40_BW4040_PA41_DG11_PF0_D1_S01_6__002_M_GA40_BW4040_PA43_DG11_PF0_D1_S02_12,COph100/patient/002,COph100,sift_h,rectangle,ok,33,7,4545,4206,False,False,False,411.7909619154897,0.5147387023943621,True,,0.7311213999928441,"[[-0.3130638447667075, 0.7978308504585714, -19.800164731935947], [1.305821080130643, 0.2381125560893547, 113.150635554917], [0.002031478133311151, -0.0010305987473688022, 1.0]]"
19c3c058ff428127,COph100/002-1/002_M_GA40_BW4040_PA41_DG11_PF0_D1_S01_6__002_M_GA40_BW4040_PA43_DG11_PF0_D1_S02_12,COph100/patient/002,COph100,sift_h,sample_orientation,ok,33,8,2663,1919,False,True,False,394.7756862826999,0.49346960785337485,True,,0.582844100004877,"[[0.10032597071465593, 0.06667520742578421, 13.936502961499505], [1.3498744578358917, -0.28396180145720623, 144.8917430615789], [0.002076276120515739, -0.0017109098293870818, 1.0]]"
fd0ede1ca9dd1eef,COph100/002-1/002_M_GA40_BW4040_PA41_DG11_PF0_D1_S01_6__002_M_GA40_BW4040_PA45_DG11_PF0_D1_S03_6,COph100/patient/002,COph100,sift_h,fov,ok,32,8,2354,1153,False,True,False,332.16914933171086,0.41521143666463856,True,,0.41733330000715796,"[[6.964225895726359, -2.656113851369416, 992.1053446136041], [3.859199790333996, -1.5656686746607469, 591.4755386360154], [0.0070167120803329595, -0.0026908087841031616, 1.0]]"
fd0ede1ca9dd1eef,COph100/002-1/002_M_GA40_BW4040_PA41_DG11_PF0_D1_S01_6__002_M_GA40_BW4040_PA45_DG11_PF0_D1_S03_6,COph100/patient/002,COph100,sift_h,none,ok,32,8,2354,0,False,True,False,332.16914933171086,0.41521143666463856,True,True,0.44461829999636393,"[[6.964225895726359, -2.656113851369416, 992.1053446136041], [3.859199790333996, -1.5656686746607469, 591.4755386360154], [0.0070167120803329595, -0.0026908087841031616, 1.0]]"
fd0ede1ca9dd1eef,COph100/002-1/002_M_GA40_BW4040_PA41_DG11_PF0_D1_S01_6__002_M_GA40_BW4040_PA45_DG11_PF0_D1_S03_6,COph100/patient/002,COph100,sift_h,rectangle,ok,32,7,4018,3643,False,False,False,263.1491100976724,0.3289363876220905,True,,0.6231340000085765,"[[-0.6350695766715796, -0.6270798416129743, 1030.2008394940406], [-0.4979875209128298, -0.027843417333476565, 541.9695080806622], [-0.0006307677861927833, -0.0004598717326780877, 1.0]]"
fd0ede1ca9dd1eef,COph100/002-1/002_M_GA40_BW4040_PA41_DG11_PF0_D1_S01_6__002_M_GA40_BW4040_PA45_DG11_PF0_D1_S03_6,COph100/patient/002,COph100,sift_h,sample_orientation,ok,32,8,2354,1629,False,True,False,329.3023261239567,0.41162790765494583,True,,0.4227740000060294,"[[-1.1135240263956998, 0.47366878317553823, 995.1750050840658], [-0.637160038769437, 0.369609198076072, 567.2698887453423], [-0.0010807815982244913, 0.00046355488816975327, 1.0]]"
041bfdc888ac7aaa,COph100/002-1/002_M_GA40_BW4040_PA43_DG11_PF0_D1_S02_12__002_M_GA40_BW4040_PA45_DG11_PF0_D1_S03_6,COph100/patient/002,COph100,sift_h,fov,ok,47,10,4623,2281,False,True,False,268.48839095334836,0.33561048869168547,True,,0.7992747999960557,"[[4.871024216572658, -2.165373060504682, 1009.1942073376771], [0.9568229330935413, -0.49045342038322787, 237.47570926817275], [0.004873548890717964, -0.0021486232018668766, 1.0]]"
041bfdc888ac7aaa,COph100/002-1/002_M_GA40_BW4040_PA43_DG11_PF0_D1_S02_12__002_M_GA40_BW4040_PA45_DG11_PF0_D1_S03_6,COph100/patient/002,COph100,sift_h,none,ok,47,10,4623,0,False,True,False,268.48839095334836,0.33561048869168547,True,True,0.8831324999919161,"[[4.871024216572658, -2.165373060504682, 1009.1942073376771], [0.9568229330935413, -0.49045342038322787, 237.47570926817275], [0.004873548890717964, -0.0021486232018668766, 1.0]]"
041bfdc888ac7aaa,COph100/002-1/002_M_GA40_BW4040_PA43_DG11_PF0_D1_S02_12__002_M_GA40_BW4040_PA45_DG11_PF0_D1_S03_6,COph100/patient/002,COph100,sift_h,rectangle,ok,47,7,10000,9384,False,False,False,275.64724102671624,0.3445590512833953,True,,1.60137869999744,"[[0.5839167138376018, -0.01787653629543817, 10.077912137843288], [-0.0533423668808492, 0.3362727587054372, 143.98652026909244], [-0.00045392711062461897, -0.0006724863742373433, 1.0]]"
041bfdc888ac7aaa,COph100/002-1/002_M_GA40_BW4040_PA43_DG11_PF0_D1_S02_12__002_M_GA40_BW4040_PA45_DG11_PF0_D1_S03_6,COph100/patient/002,COph100,sift_h,sample_orientation,ok,47,10,4623,3315,False,True,False,268.48839095334836,0.33561048869168547,True,,0.9031183000042802,"[[4.871024216572658, -2.165373060504682, 1009.1942073376771], [0.9568229330935413, -0.49045342038322787, 237.47570926817275], [0.004873548890717964, -0.0021486232018668766, 1.0]]"
3ef3d691a7faf7d9,COph100/002/002_M_GA40_BW4040_PA41_DG11_PF0_D1_S01_2__002_M_GA40_BW4040_PA43_DG11_PF0_D1_S02_2,COph100/patient/002,COph100,sift_h,fov,ok,39,8,7428,4310,False,False,False,239.8600015491943,0.29982500193649286,True,,1.295413699990604,"[[-0.9806462343615039, -0.07692999781279118, 1047.4402279414878], [0.02509671713917593, -1.0621243116466537, 808.3132473478119], [0.00010753180324553839, 5.269681629081425e-05, 1.0]]"
3ef3d691a7faf7d9,COph100/002/002_M_GA40_BW4040_PA41_DG11_PF0_D1_S01_2__002_M_GA40_BW4040_PA43_DG11_PF0_D1_S02_2,COph100/patient/002,COph100,sift_h,none,ok,39,8,6714,0,False,True,True,327.82927958807556,0.40978659948509444,True,True,1.3259662999917055,"[[-0.35900049384171034, 2.1433188513210264, 113.20875283503975], [-1.790381983816226, 22.776106883989097, -757.2525040094494], [-0.005477850047968191, 0.03940989111909993, 1.0]]"
3ef3d691a7faf7d9,COph100/002/002_M_GA40_BW4040_PA41_DG11_PF0_D1_S01_2__002_M_GA40_BW4040_PA43_DG11_PF0_D1_S02_2,COph100/patient/002,COph100,sift_h,rectangle,ok,39,8,7428,6942,False,False,False,239.8600015491943,0.29982500193649286,True,,1.1641926000011154,"[[-0.9806462343615039, -0.07692999781279118, 1047.4402279414878], [0.02509671713917593, -1.0621243116466537, 808.3132473478119], [0.00010753180324553839, 5.269681629081425e-05, 1.0]]"
3ef3d691a7faf7d9,COph100/002/002_M_GA40_BW4040_PA41_DG11_PF0_D1_S01_2__002_M_GA40_BW4040_PA43_DG11_PF0_D1_S02_2,COph100/patient/002,COph100,sift_h,sample_orientation,ok,39,8,7428,5311,False,False,False,239.8600015491943,0.29982500193649286,True,,1.3524251999915577,"[[-0.9806462343615039, -0.07692999781279118, 1047.4402279414878], [0.02509671713917593, -1.0621243116466537, 808.3132473478119], [0.00010753180324553839, 5.269681629081425e-05, 1.0]]"
b79dd97561b73d50,COph100/002/002_M_GA40_BW4040_PA41_DG11_PF0_D1_S01_2__002_M_GA40_BW4040_PA45_DG11_PF0_D1_S03_10,COph100/patient/002,COph100,sift_h,fov,ok,36,6,10000,5337,False,True,False,419.00112806718164,0.5237514100839771,True,,1.7509075999987544,"[[0.13268041009024428, -0.049142781669786736, 25.167009824458354], [1.3332230142715813, -0.9528657329422209, 502.70762270849525], [0.0021390957212627376, -0.0018096916509495842, 1.0]]"
b79dd97561b73d50,COph100/002/002_M_GA40_BW4040_PA41_DG11_PF0_D1_S01_2__002_M_GA40_BW4040_PA45_DG11_PF0_D1_S03_10,COph100/patient/002,COph100,sift_h,none,ok,36,6,10000,0,False,True,False,419.00112806718164,0.5237514100839771,True,True,1.882948700003908,"[[0.13268041009024428, -0.049142781669786736, 25.167009824458354], [1.3332230142715813, -0.9528657329422209, 502.70762270849525], [0.0021390957212627376, -0.0018096916509495842, 1.0]]"
b79dd97561b73d50,COph100/002/002_M_GA40_BW4040_PA41_DG11_PF0_D1_S01_2__002_M_GA40_BW4040_PA45_DG11_PF0_D1_S03_10,COph100/patient/002,COph100,sift_h,rectangle,ok,36,5,10000,9599,False,False,False,406.13181977756545,0.5076647747219568,True,,1.4632975999993505,"[[-0.10342523187421214, -0.019462677212404748, 132.5835532800176], [0.2084481527339174, 0.13564174638183438, 68.83433033288237], [-0.0006537398959108459, 0.0009488139703076472, 1.0]]"
b79dd97561b73d50,COph100/002/002_M_GA40_BW4040_PA41_DG11_PF0_D1_S01_2__002_M_GA40_BW4040_PA45_DG11_PF0_D1_S03_10,COph100/patient/002,COph100,sift_h,sample_orientation,ok,36,6,10000,7600,False,True,False,419.00112806718164,0.5237514100839771,True,,1.9227275000012014,"[[0.13268041009024428, -0.049142781669786736, 25.167009824458354], [1.3332230142715813, -0.9528657329422209, 502.70762270849525], [0.0021390957212627376, -0.0018096916509495842, 1.0]]"
ed0546d48bfebed0,COph100/003-1/003_F_GA41_BW3950_PA42_DG11_PF0_D1_S01_1__003_F_GA41_BW3950_PA56_DG11_PF0_D1_S02_4,COph100/patient/003,COph100,sift_h,fov,ok,42,9,4364,2180,False,False,False,312.3259488780184,0.390407436097523,True,,0.8439816000027349,"[[-0.8674953402373718, 0.20855166388585186, 847.8787157345008], [-0.19168222821917105, -0.995807057563224, 732.489468480261], [-0.000124001773155511, -0.0005560815282927879, 1.0]]"
ed0546d48bfebed0,COph100/003-1/003_F_GA41_BW3950_PA42_DG11_PF0_D1_S01_1__003_F_GA41_BW3950_PA56_DG11_PF0_D1_S02_4,COph100/patient/003,COph100,sift_h,none,ok,42,10,2862,0,False,True,True,329.3639676360088,0.411704959545011,True,True,0.6040439000062179,"[[0.30668819569371314, -0.02728023179603422, -305.22917458285696], [-0.4707177980226675, -0.9186092170098155, 334.3552140355768], [-0.0011996886719194742, -0.002334795716779554, 1.0]]"
ed0546d48bfebed0,COph100/003-1/003_F_GA41_BW3950_PA42_DG11_PF0_D1_S01_1__003_F_GA41_BW3950_PA56_DG11_PF0_D1_S02_4,COph100/patient/003,COph100,sift_h,rectangle,ok,42,9,4364,4038,False,False,False,312.3259488780184,0.390407436097523,True,,0.6242454999883194,"[[-0.8674953402373718, 0.20855166388585186, 847.8787157345008], [-0.19168222821917105, -0.995807057563224, 732.489468480261], [-0.000124001773155511, -0.0005560815282927879, 1.0]]"
ed0546d48bfebed0,COph100/003-1/003_F_GA41_BW3950_PA42_DG11_PF0_D1_S01_1__003_F_GA41_BW3950_PA56_DG11_PF0_D1_S02_4,COph100/patient/003,COph100,sift_h,sample_orientation,ok,42,10,2862,2004,False,True,True,329.3639676360088,0.411704959545011,True,,0.5060686999931931,"[[0.30668819569371314, -0.02728023179603422, -305.22917458285696], [-0.4707177980226675, -0.9186092170098155, 334.3552140355768], [-0.0011996886719194742, -0.002334795716779554, 1.0]]"
5225e189c9292551,COph100/003/003_F_GA41_BW3950_PA42_DG11_PF0_D1_S01_4__003_F_GA41_BW3950_PA56_DG11_PF0_D1_S02_5,COph100/patient/003,COph100,sift_h,fov,ok,26,6,3244,1516,False,True,False,268.7612571614012,0.33595157145175153,True,,0.619659199990565,"[[-1.7985436758379485, 0.30946815786067955, 73.50155605926165], [-4.396231988159634, 1.008530513837429, -87.7606087462178], [-0.03385809871696393, 0.005652021644131969, 1.0]]"
5225e189c9292551,COph100/003/003_F_GA41_BW3950_PA42_DG11_PF0_D1_S01_4__003_F_GA41_BW3950_PA56_DG11_PF0_D1_S02_5,COph100/patient/003,COph100,sift_h,none,ok,26,6,3244,0,False,True,True,331.0641560197193,0.41383019502464913,True,True,0.6267191000079038,"[[0.29692373786307075, -0.43920628535737194, 36.17762860792886], [0.6127740852409959, -1.1928238747292124, 251.8741801329906], [0.0053928482475548364, -0.008828875645127845, 1.0]]"
5225e189c9292551,COph100/003/003_F_GA41_BW3950_PA42_DG11_PF0_D1_S01_4__003_F_GA41_BW3950_PA56_DG11_PF0_D1_S02_5,COph100/patient/003,COph100,sift_h,rectangle,ok,26,5,6730,6217,False,False,False,198.5728950318641,0.24821611878983013,True,,1.123868599999696,"[[-0.08826196850929609, 0.3110410053965723, -18.5420342106717], [0.016668728848746782, -0.6175531015765889, 479.9246383910841], [-0.0001736454924159775, -0.0010472304597798274, 1.0]]"
5225e189c9292551,COph100/003/003_F_GA41_BW3950_PA42_DG11_PF0_D1_S01_4__003_F_GA41_BW3950_PA56_DG11_PF0_D1_S02_5,COph100/patient/003,COph100,sift_h,sample_orientation,ok,26,6,3244,2278,False,True,False,256.4068028060865,0.3205085035076081,True,,0.6435870999994222,"[[-0.9060366164848329, 0.009435621437987738, 57.45082200514373], [-2.3353339498497268, 0.1848202607472033, 120.39678071419542], [-0.017254140245259387, 0.0008573192489820477, 1.0]]"
0aa3e2e44542437d,COph100/004/004_F_GA41_BW3760_PA42_DG11_PF0_D1_S01_1__004_F_GA41_BW3760_PA45_DG11_PF0_D1_S02_3,COph100/patient/004,COph100,sift_h,fov,ok,33,7,4545,2238,False,True,False,328.10758471445325,0.4101344808930666,True,,0.732079800000065,"[[-1.6081695599459342, -0.22760252475529152, 132.5195450596688], [-0.35953559107286426, -0.04909673761114232, 28.595156915436338], [-0.012198989824240182, -0.0017174439077717973, 1.0]]"
0aa3e2e44542437d,COph100/004/004_F_GA41_BW3760_PA42_DG11_PF0_D1_S01_1__004_F_GA41_BW3760_PA45_DG11_PF0_D1_S02_3,COph100/patient/004,COph100,sift_h,none,ok,33,7,4545,0,False,True,True,536.5203932067122,0.6706504915083903,True,True,0.9152994000032777,"[[0.21728247924033905, 0.07833869970703022, -180.43157463111615], [0.49475470827067125, -1.677382522011881, 658.0130821333297], [0.0013423948063759725, -0.0025558752647560053, 1.0]]"
0aa3e2e44542437d,COph100/004/004_F_GA41_BW3760_PA42_DG11_PF0_D1_S01_1__004_F_GA41_BW3760_PA45_DG11_PF0_D1_S02_3,COph100/patient/004,COph100,sift_h,rectangle,ok,33,7,4545,4159,False,False,False,244.5081517920301,0.3056351897400376,True,,0.7126921000017319,"[[0.2966450597401363, -1.6211792575360746, 1242.8312088098944], [-0.44072662138466556, 0.6909752769188554, 60.474087724438405], [0.0033710505847188085, -0.001137017807336904, 1.0]]"
0aa3e2e44542437d,COph100/004/004_F_GA41_BW3760_PA42_DG11_PF0_D1_S01_1__004_F_GA41_BW3760_PA45_DG11_PF0_D1_S02_3,COph100/patient/004,COph100,sift_h,sample_orientation,ok,33,7,4545,3213,False,False,False,244.5081517920301,0.3056351897400376,True,,0.896988100008457,"[[0.2966450597401363, -1.6211792575360746, 1242.8312088098944], [-0.44072662138466556, 0.6909752769188554, 60.474087724438405], [0.0033710505847188085, -0.001137017807336904, 1.0]]"
b85833b03d00f9dd,COph100/005-1/005_F_GA41_BW3400_PA45_DG11_PF0_D1_S01_1__005_F_GA41_BW3400_PA48_DG11_PF0_D1_S02_1,COph100/patient/005,COph100,sift_h,fov,ok,34,6,9493,4796,False,False,False,40.81676730612931,0.051020959132661636,True,,1.7254268000106094,"[[1.049381750108412, 0.284414036531904, -38.701957118557885], [0.01016525664942667, 1.1812543854355975, 46.213030084972715], [0.00021781813189007261, -8.533220565482588e-05, 1.0]]"
b85833b03d00f9dd,COph100/005-1/005_F_GA41_BW3400_PA45_DG11_PF0_D1_S01_1__005_F_GA41_BW3400_PA48_DG11_PF0_D1_S02_1,COph100/patient/005,COph100,sift_h,none,ok,34,6,9493,0,False,True,True,1047.7277090175744,1.309659636271968,True,True,1.9102218999905745,"[[0.9226093442488291, -0.49146486859784266, -6.528486617438776], [0.18503274174488024, -0.6640150142914656, 78.9831178455471], [0.0009637172342865502, -0.005662997336843938, 1.0]]"
b85833b03d00f9dd,COph100/005-1/005_F_GA41_BW3400_PA45_DG11_PF0_D1_S01_1__005_F_GA41_BW3400_PA48_DG11_PF0_D1_S02_1,COph100/patient/005,COph100,sift_h,rectangle,ok,34,6,9493,8850,False,False,False,40.81676730612931,0.051020959132661636,True,,1.4701800999901025,"[[1.049381750108412, 0.284414036531904, -38.701957118557885], [0.01016525664942667, 1.1812543854355975, 46.213030084972715], [0.00021781813189007261, -8.533220565482588e-05, 1.0]]"
b85833b03d00f9dd,COph100/005-1/005_F_GA41_BW3400_PA45_DG11_PF0_D1_S01_1__005_F_GA41_BW3400_PA48_DG11_PF0_D1_S02_1,COph100/patient/005,COph100,sift_h,sample_orientation,ok,34,6,9493,6779,False,False,False,40.81676730612931,0.051020959132661636,True,,1.9011104999954114,"[[1.049381750108412, 0.284414036531904, -38.701957118557885], [0.01016525664942667, 1.1812543854355975, 46.213030084972715], [0.00021781813189007261, -8.533220565482588e-05, 1.0]]"
b0547a370360e445,COph100/005-1/005_F_GA41_BW3400_PA45_DG11_PF0_D1_S01_1__005_F_GA41_BW3400_PA52_DG11_PF0_D1_S03_5,COph100/patient/005,COph100,sift_h,fov,ok,37,8,4210,1789,False,True,False,391.46169864443215,0.4893271233055402,True,,0.7921818000031635,"[[0.310723571958634, -0.03324623189123787, 15.288897673348549], [0.1036583518435362, -0.21758617678423273, 230.83577367992683], [0.000333182454426674, -0.0014836972368055571, 1.0]]"
b0547a370360e445,COph100/005-1/005_F_GA41_BW3400_PA45_DG11_PF0_D1_S01_1__005_F_GA41_BW3400_PA52_DG11_PF0_D1_S03_5,COph100/patient/005,COph100,sift_h,none,ok,37,8,4210,0,False,True,True,517.3056920558108,0.6466321150697635,True,True,0.8138287000037963,"[[-0.03137010381971584, -0.059305639196378344, 27.45593884281583], [-0.4825855233785036, -1.1385632119965887, 524.2150356083515], [-0.0009016342822606109, -0.0021732433336326263, 1.0]]"
b0547a370360e445,COph100/005-1/005_F_GA41_BW3400_PA45_DG11_PF0_D1_S01_1__005_F_GA41_BW3400_PA52_DG11_PF0_D1_S03_5,COph100/patient/005,COph100,sift_h,rectangle,ok,37,7,7185,6405,False,False,False,404.7672032087204,0.5059590040109004,True,,1.1649849000095855,"[[0.4477339097598902, 0.014238788572324437, 1.9584030308444367], [-0.22541740392200169, 0.37269259234589297, 228.02239073138003], [-0.00032229505315156323, -0.00036458609163554276, 1.0]]"
b0547a370360e445,COph100/005-1/005_F_GA41_BW3400_PA45_DG11_PF0_D1_S01_1__005_F_GA41_BW3400_PA52_DG11_PF0_D1_S03_5,COph100/patient/005,COph100,sift_h,sample_orientation,ok,37,8,4210,2768,False,True,True,517.3056920558108,0.6466321150697635,True,,0.8178359000012279,"[[-0.03137010381971584, -0.059305639196378344, 27.45593884281583], [-0.4825855233785036, -1.1385632119965887, 524.2150356083515], [-0.0009016342822606109, -0.0021732433336326263, 1.0]]"
2fc56eb99917bab8,COph100/005/005_F_GA41_BW3400_PA45_DG11_PF0_D1_S01_8__005_F_GA41_BW3400_PA48_DG11_PF0_D1_S02_9,COph100/patient/005,COph100,sift_h,fov,ok,39,11,1451,694,False,True,False,376.6747528449895,0.4708434410562369,True,,0.25096320000011474,"[[0.12353510152681405, -0.1002320608996633, 55.622866843813384], [1.3986777055541992, -1.108766197404085, 610.9121477231572], [0.0022903787331239995, -0.001815509443520119, 1.0]]"
2fc56eb99917bab8,COph100/005/005_F_GA41_BW3400_PA45_DG11_PF0_D1_S01_8__005_F_GA41_BW3400_PA48_DG11_PF0_D1_S02_9,COph100/patient/005,COph100,sift_h,none,ok,39,11,1451,0,False,True,True,378.5123798992214,0.4731404748740268,True,True,0.30664109998906497,"[[-0.05453716258731327, -0.0730925175123936, 59.48296809945608], [-0.5668145678841262, -0.7526155329437213, 614.5392928179613], [-0.0009231491670918585, -0.0012228397855691155, 1.0]]"
2fc56eb99917bab8,COph100/005/005_F_GA41_BW3400_PA45_DG11_PF0_D1_S01_8__005_F_GA41_BW3400_PA48_DG11_PF0_D1_S02_9,COph100/patient/005,COph100,sift_h,rectangle,ok,39,9,3244,2874,False,False,False,346.6877282461339,0.4333596603076673,True,,0.49023910000687465,"[[0.47696519799496395, -0.14614450995683792, 121.90484584489174], [6.677665782449089, 1.3250562666976502, -330.2480957747879], [0.021897329167700368, -0.0011996266730478179, 1.0]]"
2fc56eb99917bab8,COph100/005/005_F_GA41_BW3400_PA45_DG11_PF0_D1_S01_8__005_F_GA41_BW3400_PA48_DG11_PF0_D1_S02_9,COph100/patient/005,COph100,sift_h,sample_orientation,ok,39,11,1451,1002,False,True,True,5446.753764521056,6.80844220565132,True,,0.2458277999976417,"[[-1.2469897904074776, 0.1370893914803585, 163.7098087311247], [-6.871012059792783, 2.5902367705858618, 915.7295879533534], [-0.005427407181942567, 0.004862725529142982, 1.0]]"
8891fc34892fce91,COph100/005/005_F_GA41_BW3400_PA48_DG11_PF0_D1_S02_9__005_F_GA41_BW3400_PA52_DG11_PF0_D1_S03_2,COph100/patient/005,COph100,sift_h,fov,ok,33,7,4545,2008,False,True,False,295.45067202252824,0.3693133400281603,True,,0.8407644000108121,"[[-12.189900509542083, 0.6177734084245736, 570.6564998765895], [-2.6024634581192805, 0.02570942497128444, 336.88871000720735], [-0.012440062105720597, -5.8650267961873606e-05, 1.0]]"
8891fc34892fce91,COph100/005/005_F_GA41_BW3400_PA48_DG11_PF0_D1_S02_9__005_F_GA41_BW3400_PA52_DG11_PF0_D1_S03_2,COph100/patient/005,COph100,sift_h,none,ok,33,7,4545,0,False,True,False,295.45067202252824,0.3693133400281603,True,True,0.9780883000057656,"[[-12.189900509542083, 0.6177734084245736, 570.6564998765895], [-2.6024634581192805, 0.02570942497128444, 336.88871000720735], [-0.012440062105720597, -5.8650267961873606e-05, 1.0]]"
8891fc34892fce91,COph100/005/005_F_GA41_BW3400_PA48_DG11_PF0_D1_S02_9__005_F_GA41_BW3400_PA52_DG11_PF0_D1_S03_2,COph100/patient/005,COph100,sift_h,rectangle,ok,33,6,8424,7951,False,False,False,216.11900082559129,0.2701487510319891,True,,1.385199800002738,"[[-0.2840286773911009, -0.6551451592373048, 747.949804015101], [-0.1275145464239091, -0.8639137909036402, 770.784692502478], [4.607073239021456e-05, -0.00107126739116898, 1.0]]"
8891fc34892fce91,COph100/005/005_F_GA41_BW3400_PA48_DG11_PF0_D1_S02_9__005_F_GA41_BW3400_PA52_DG11_PF0_D1_S03_2,COph100/patient/005,COph100,sift_h,sample_orientation,ok,33,7,4545,3314,False,True,False,262.8028122130388,0.3285035152662985,True,,0.8113862999889534,"[[-45.48514479461468, -8.684664745655688, 3523.221938351476], [-7.6216498662569325, -3.879905529950952, -254.3318553728083], [-0.0433765535118016, -0.005061189513357955, 1.0]]"
af15cf64ab5de7a6,COph100/008-1/008_F_GA39_BW2700_PA40_DG11_PF0_D1_S01_10__008_F_GA39_BW2700_PA41_DG11_PF0_D1_S02_17,COph100/patient/008,COph100,sift_h,fov,ok,26,7,3084,1479,False,True,False,474.04803771510143,0.5925600471438768,True,,0.5538778000045568,"[[-0.8474299363848499, -0.18196330604000752, 938.1195082554028], [-0.060686012790249495, -0.011210439513498661, 66.0272630911009], [-0.0009043955919418035, -0.00019148465478342573, 1.0]]"
af15cf64ab5de7a6,COph100/008-1/008_F_GA39_BW2700_PA40_DG11_PF0_D1_S01_10__008_F_GA39_BW2700_PA41_DG11_PF0_D1_S02_17,COph100/patient/008,COph100,sift_h,none,ok,26,7,3084,0,False,True,False,474.04803771510143,0.5925600471438768,True,True,0.579577500000596,"[[-0.8474299363848499, -0.18196330604000752, 938.1195082554028], [-0.060686012790249495, -0.011210439513498661, 66.0272630911009], [-0.0009043955919418035, -0.00019148465478342573, 1.0]]"
af15cf64ab5de7a6,COph100/008-1/008_F_GA39_BW2700_PA40_DG11_PF0_D1_S01_10__008_F_GA39_BW2700_PA41_DG11_PF0_D1_S02_17,COph100/patient/008,COph100,sift_h,rectangle,ok,26,6,3244,3008,False,False,False,16.544262442369536,0.02068032805296192,True,,0.5107296999922255,"[[0.7245137907785576, -0.07533739867160776, 41.56227240381421], [-0.14777139588196395, 0.6858622229792694, 122.46401197969269], [-0.00021037509028139678, -0.00016071847923449244, 1.0]]"
af15cf64ab5de7a6,COph100/008-1/008_F_GA39_BW2700_PA40_DG11_PF0_D1_S01_10__008_F_GA39_BW2700_PA41_DG11_PF0_D1_S02_17,COph100/patient/008,COph100,sift_h,sample_orientation,ok,26,6,3244,2290,False,False,False,16.544262442369536,0.02068032805296192,True,,0.6743616000021575,"[[0.7245137907785576, -0.07533739867160776, 41.56227240381421], [-0.14777139588196395, 0.6858622229792694, 122.46401197969269], [-0.00021037509028139678, -0.00016071847923449244, 1.0]]"
d6170deb986733fd,COph100/008-1/008_F_GA39_BW2700_PA40_DG11_PF0_D1_S01_10__008_F_GA39_BW2700_PA43_DG11_PF0_D1_S03_8,COph100/patient/008,COph100,sift_h,fov,ok,43,6,10000,4157,False,True,False,239.2910486751729,0.29911381084396615,True,,1.9345587999996496,"[[14.315502323298508, -3.5823489073621184, 994.803876827695], [1.827024666821542, -0.44769228327480326, 115.69409707613914], [0.014387261910152839, -0.0036003436641728046, 1.0]]"
d6170deb986733fd,COph100/008-1/008_F_GA39_BW2700_PA40_DG11_PF0_D1_S01_10__008_F_GA39_BW2700_PA43_DG11_PF0_D1_S03_8,COph100/patient/008,COph100,sift_h,none,ok,43,6,10000,0,False,True,True,474.9115629822025,0.5936394537277532,True,True,1.93163029999414,"[[0.36264354203003757, -0.13846110893344432, 38.16387103566105], [0.6039607525670443, -0.7763690026271789, 232.80155759177768], [0.005090876930541073, -0.0033710829371896033, 1.0]]"
d6170deb986733fd,COph100/008-1/008_F_GA39_BW2700_PA40_DG11_PF0_D1_S01_10__008_F_GA39_BW2700_PA43_DG11_PF0_D1_S03_8,COph100/patient/008,COph100,sift_h,rectangle,ok,43,5,10000,9577,False,False,False,156.60601977049242,0.19575752471311553,True,,1.512079599997378,"[[-0.02162713456128823, -2.423331679146955, 1543.7946625539257], [-0.30384930716413544, -0.14813700990639836, 473.5616886077658], [0.00031303541310940576, -0.0006897631946324794, 1.0]]"
d6170deb986733fd,COph100/008-1/008_F_GA39_BW2700_PA40_DG11_PF0_D1_S01_10__008_F_GA39_BW2700_PA43_DG11_PF0_D1_S03_8,COph100/patient/008,COph100,sift_h,sample_orientation,ok,43,6,10000,7315,False,True,False,238.1621810902439,0.29770272636280487,True,,1.9606439999915892,"[[13.411257992989, -3.450285090613054, 995.7832091167263], [1.698072902403212, -0.4472661383569619, 135.75467505503252], [0.013479296098720414, -0.0034672037901433885, 1.0]]"
ea63169839a5659f,COph100/008-1/008_F_GA39_BW2700_PA40_DG11_PF0_D1_S01_10__008_F_GA39_BW2700_PA47_DG11_PF0_D1_S04_2,COph100/patient/008,COph100,sift_h,fov,ok,38,6,10000,5329,False,True,False,227.59218498098426,0.2844902312262303,True,,1.781090900010895,"[[-0.10260434050265214, -0.03957448623970573, 122.56362925616837], [-0.5843829875101487, -0.22737501949121908, 699.3735798705843], [-0.0008365480647040088, -0.00032350623045692426, 1.0]]"
ea63169839a5659f,COph100/008-1/008_F_GA39_BW2700_PA40_DG11_PF0_D1_S01_10__008_F_GA39_BW2700_PA47_DG11_PF0_D1_S04_2,COph100/patient/008,COph100,sift_h,none,ok,38,6,10000,0,False,True,True,186.64733911346045,0.23330917389182557,True,True,1.8111796000011964,"[[-0.07484759453460688, 0.07373619125398244, 13.989561166756653], [-0.9669653118167983, 1.2641525107272673, -12.136837434977949], [-0.0016016199047602078, 0.0006270058957828285, 1.0]]"
ea63169839a5659f,COph100/008-1/008_F_GA39_BW2700_PA40_DG11_PF0_D1_S01_10__008_F_GA39_BW2700_PA47_DG11_PF0_D1_S04_2,COph100/patient/008,COph100,sift_h,rectangle,ok,38,5,10000,9355,False,False,False,793.3943821188715,0.9917429776485893,True,,1.7634166999923764,"[[-0.563398428179302, -0.2543950441049696, 716.4451032832536], [1.057372119134181, -0.038898562785492787, -929.6743908698039], [-0.0008833666197175344, 1.1937768156309556e-05, 1.0]]"
ea63169839a5659f,COph100/008-1/008_F_GA39_BW2700_PA40_DG11_PF0_D1_S01_10__008_F_GA39_BW2700_PA47_DG11_PF0_D1_S04_2,COph100/patient/008,COph100,sift_h,sample_orientation,ok,38,6,10000,7299,False,True,True,209.7550912836417,0.2621938641045521,True,,1.930834099999629,"[[-0.08625096875259669, -0.2296287223725633, 87.57185195770876], [-0.07647892191155767, -0.20510261361043314, 77.99686231539225], [-0.000980741154994267, -0.002625330557725063, 1.0]]"
de8a3bb403c8fbcd,COph100/008-1/008_F_GA39_BW2700_PA41_DG11_PF0_D1_S02_17__008_F_GA39_BW2700_PA47_DG11_PF0_D1_S04_2,COph100/patient/008,COph100,sift_h,fov,ok,40,8,5752,2887,False,True,False,143.10789424002283,0.17888486780002855,True,,1.0781197999895085,"[[6.757130647442264, 12.776094821631537, -9117.503522091509], [-34.963742661898394, 2.0261756328448293, -1827.7186674281702], [-0.06343678362549443, -0.037201430342805854, 1.0]]"
de8a3bb403c8fbcd,COph100/008-1/008_F_GA39_BW2700_PA41_DG11_PF0_D1_S02_17__008_F_GA39_BW2700_PA47_DG11_PF0_D1_S04_2,COph100/patient/008,COph100,sift_h,none,ok,40,8,5752,0,False,True,False,143.10789424002283,0.17888486780002855,True,True,1.127904100008891,"[[6.757130647442264, 12.776094821631537, -9117.503522091509], [-34.963742661898394, 2.0261756328448293, -1827.7186674281702], [-0.06343678362549443, -0.037201430342805854, 1.0]]"
de8a3bb403c8fbcd,COph100/008-1/008_F_GA39_BW2700_PA41_DG11_PF0_D1_S02_17__008_F_GA39_BW2700_PA47_DG11_PF0_D1_S04_2,COph100/patient/008,COph100,sift_h,rectangle,ok,40,8,5752,5404,False,False,False,210.78670716354267,0.26348338395442833,True,,0.8892837999883341,"[[0.1908578899223609, -0.7701902517773119, 470.0758036192276], [0.1057218961234258, 0.1616764760112134, -46.35136480670588], [-0.0003417098752250805, -0.0007531904344735212, 1.0]]"
de8a3bb403c8fbcd,COph100/008-1/008_F_GA39_BW2700_PA41_DG11_PF0_D1_S02_17__008_F_GA39_BW2700_PA47_DG11_PF0_D1_S04_2,COph100/patient/008,COph100,sift_h,sample_orientation,ok,40,8,5752,4018,False,True,False,143.10789424002283,0.17888486780002855,True,,1.000649900001008,"[[6.757130647442264, 12.776094821631537, -9117.503522091509], [-34.963742661898394, 2.0261756328448293, -1827.7186674281702], [-0.06343678362549443, -0.037201430342805854, 1.0]]"
b753c5b9c1f2474e,COph100/008/008_F_GA39_BW2700_PA41_DG11_PF0_D1_S02_28__008_F_GA39_BW2700_PA43_DG11_PF0_D1_S03_14,COph100/patient/008,COph100,sift_h,fov,ok,29,6,5022,2391,False,True,False,276.9903862326907,0.3462379827908634,True,,0.9415499999886379,"[[-8.742901477103798, -1.080424030800962, 939.6638106494015], [-7.3509827319534145, -1.1277699226191447, 796.1952700098877], [-0.00986987378533307, -0.001130514399613254, 1.0]]"
b753c5b9c1f2474e,COph100/008/008_F_GA39_BW2700_PA41_DG11_PF0_D1_S02_28__008_F_GA39_BW2700_PA43_DG11_PF0_D1_S03_14,COph100/patient/008,COph100,sift_h,none,ok,29,6,5022,0,False,True,False,276.9903862326907,0.3462379827908634,True,True,0.976828500002739,"[[-8.742901477103798, -1.080424030800962, 939.6638106494015], [-7.3509827319534145, -1.1277699226191447, 796.1952700098877], [-0.00986987378533307, -0.001130514399613254, 1.0]]"
b753c5b9c1f2474e,COph100/008/008_F_GA39_BW2700_PA41_DG11_PF0_D1_S02_28__008_F_GA39_BW2700_PA43_DG11_PF0_D1_S03_14,COph100/patient/008,COph100,sift_h,rectangle,ok,29,5,10000,9538,False,False,False,252.93164468139295,0.3161645558517412,True,,1.6322220000001835,"[[-0.893415410593027, -0.29596629130651597, 1031.0917345721564], [-0.014482863093527107, -0.23029287820129984, 190.11971915959552], [-0.0008343810852956816, -0.00017313913556875248, 1.0]]"
b753c5b9c1f2474e,COph100/008/008_F_GA39_BW2700_PA41_DG11_PF0_D1_S02_28__008_F_GA39_BW2700_PA43_DG11_PF0_D1_S03_14,COph100/patient/008,COph100,sift_h,sample_orientation,invalid_transform,29,6,5022,3599,False,,,,,True,,1.0260178999888012,
cdc44a40147f2962,COph100/008/008_F_GA39_BW2700_PA41_DG11_PF0_D1_S02_28__008_F_GA39_BW2700_PA47_DG11_PF0_D1_S04_8,COph100/patient/008,COph100,sift_h,fov,ok,37,7,7185,3678,False,True,False,222.63970660801093,0.27829963326001367,True,,1.3310904999962077,"[[-0.9626021230946378, 2.08754858661018, 819.0227901421273], [-1.0594504629642096, 1.3078257374420037, 938.4230959246671], [-0.0011645456532351952, 0.0021785998257332, 1.0]]"
cdc44a40147f2962,COph100/008/008_F_GA39_BW2700_PA41_DG11_PF0_D1_S02_28__008_F_GA39_BW2700_PA47_DG11_PF0_D1_S04_8,COph100/patient/008,COph100,sift_h,none,ok,37,7,7185,0,False,True,True,149.39056166844796,0.18673820208555994,True,True,1.3984909999999218,"[[-1.1186531818005563, -1.078089387663628, 887.6005240846665], [-0.8421776377162524, -0.985565741282085, 786.4907650611459], [-0.0012550237355932086, -0.001219499880774885, 1.0]]"
cdc44a40147f2962,COph100/008/008_F_GA39_BW2700_PA41_DG11_PF0_D1_S02_28__008_F_GA39_BW2700_PA47_DG11_PF0_D1_S04_8,COph100/patient/008,COph100,sift_h,rectangle,ok,37,6,10000,9250,False,False,False,213.95644289124687,0.2674455536140586,True,,1.6131519000045955,"[[2.807878824248727, -0.5338987533078231, 747.9859248899403], [-0.20854162624980657, 0.3942175545062156, 258.79560972415675], [0.0028894223023526867, -0.0008969448130616135, 1.0]]"
cdc44a40147f2962,COph100/008/008_F_GA39_BW2700_PA41_DG11_PF0_D1_S02_28__008_F_GA39_BW2700_PA47_DG11_PF0_D1_S04_8,COph100/patient/008,COph100,sift_h,sample_orientation,ok,37,7,7185,4959,False,True,True,1329.6668795049593,1.662083599381199,True,,1.3498359999939566,"[[-0.5320910459310058, -1.1539010754476053, 889.3874455367163], [-0.7705561719527473, -0.9214795084698061, 732.2163617394476], [-0.0006097460662043007, -0.0012999225323067594, 1.0]]"
b406577e094a92f3,COph100/008/008_F_GA39_BW2700_PA43_DG11_PF0_D1_S03_14__008_F_GA39_BW2700_PA47_DG11_PF0_D1_S04_8,COph100/patient/008,COph100,sift_h,fov,ok,28,6,4364,2187,False,True,False,359.67823252101323,0.44959779065126654,True,,0.7932835999963572,"[[-0.7477193183059363, -0.3152923524138712, 807.2749761869154], [-0.7730385024640523, -0.23029474229952998, 815.0659769864525], [-0.0009389605149996515, -0.0003327619103482922, 1.0]]"
b406577e094a92f3,COph100/008/008_F_GA39_BW2700_PA43_DG11_PF0_D1_S03_14__008_F_GA39_BW2700_PA47_DG11_PF0_D1_S04_8,COph100/patient/008,COph100,sift_h,none,ok,28,6,4364,0,False,True,False,359.67823252101323,0.44959779065126654,True,True,0.8335474000050453,"[[-0.7477193183059363, -0.3152923524138712, 807.2749761869154], [-0.7730385024640523, -0.23029474229952998, 815.0659769864525], [-0.0009389605149996515, -0.0003327619103482922, 1.0]]"
b406577e094a92f3,COph100/008/008_F_GA39_BW2700_PA43_DG11_PF0_D1_S03_14__008_F_GA39_BW2700_PA47_DG11_PF0_D1_S04_8,COph100/patient/008,COph100,sift_h,rectangle,ok,28,5,9054,8233,False,False,False,386.1917642824998,0.4827397053531247,True,,1.6072048000060022,"[[-0.9740081106274234, 0.0001317379110735144, 1023.2045069268752], [-0.027097822221315654, -1.0075736041878998, 772.9574463198436], [2.935965774974741e-05, -7.644438641153001e-05, 1.0]]"
b406577e094a92f3,COph100/008/008_F_GA39_BW2700_PA43_DG11_PF0_D1_S03_14__008_F_GA39_BW2700_PA47_DG11_PF0_D1_S04_8,COph100/patient/008,COph100,sift_h,sample_orientation,ok,28,5,9054,6610,False,True,False,243.4080662157243,0.3042600827696554,True,,1.7139569999999367,"[[-0.9778023563136534, 0.027781818399081965, 973.3604330751014], [-0.6198349315924154, -0.04696251204929118, 629.6804379862158], [-0.0009990218490395374, 2.2979059060560694e-06, 1.0]]"
906cf67b973818fe,COph100/009-1/009_M_GA38_BW2850_PA39_DG11_PF0_D1_S01_4__009_M_GA38_BW2850_PA42_DG11_PF0_D1_S02_1,COph100/patient/009,COph100,sift_h,fov,ok,25,5,5752,2890,False,True,False,399.9090790469075,0.49988634880863436,True,,1.0748815999977523,"[[-1.050359369859419, 0.5689111775047677, 939.1615994019435], [-0.7949772860385154, 0.43485084367255783, 709.6312261083085], [-0.0011178290107585148, 0.0005956144741133776, 1.0]]"
906cf67b973818fe,COph100/009-1/009_M_GA38_BW2850_PA39_DG11_PF0_D1_S01_4__009_M_GA38_BW2850_PA42_DG11_PF0_D1_S02_1,COph100/patient/009,COph100,sift_h,none,ok,25,5,5752,0,False,True,True,772.2988290746295,0.9653735363432868,True,True,1.176790900004562,"[[-0.9221181478235964, -1.7427290906161432, 969.0908303102083], [-0.7298064860653145, -1.3717613010665697, 768.5684607441808], [-0.0009369443884676906, -0.0019864460396166093, 1.0]]"
906cf67b973818fe,COph100/009-1/009_M_GA38_BW2850_PA39_DG11_PF0_D1_S01_4__009_M_GA38_BW2850_PA42_DG11_PF0_D1_S02_1,COph100/patient/009,COph100,sift_h,rectangle,ok,25,5,5752,5464,False,False,False,389.90470806855103,0.4873808850856888,True,,0.8453823000018019,"[[-0.30525835432480264, 0.06576649310706749, 981.4427938945332], [-0.0928091044870864, -0.8905115288245182, 742.5536420498645], [-0.00026792136230609947, 0.00010948127711156688, 1.0]]"
906cf67b973818fe,COph100/009-1/009_M_GA38_BW2850_PA39_DG11_PF0_D1_S01_4__009_M_GA38_BW2850_PA42_DG11_PF0_D1_S02_1,COph100/patient/009,COph100,sift_h,sample_orientation,ok,25,5,5752,4198,False,True,False,349.27196140735646,0.43658995175919557,True,,1.105614100000821,"[[-0.730161096898392, -0.47581919907882275, 997.0270761375166], [-0.4046074633559884, -0.3455921496376236, 609.6351098432057], [-0.0007322817220069674, -0.00034046862064431477, 1.0]]"
d9824507715549e5,COph100/010/010_M_GA39_BW3550_PA39_DG11_PF0_D1_S01_2__010_M_GA39_BW3550_PA45_DG11_PF0_D1_S02_6,COph100/patient/010,COph100,sift_h,fov,ok,43,6,10000,5721,False,True,False,355.3798655871409,0.44422483198392615,True,,1.6961166999972193,"[[-1.035215447276389, 0.499475117276306, 945.4614618350081], [-0.06289341711233185, 0.03507514032889837, 60.36887362921552], [-0.0010897561655460008, 0.0005278316852983236, 1.0]]"
d9824507715549e5,COph100/010/010_M_GA39_BW3550_PA39_DG11_PF0_D1_S01_2__010_M_GA39_BW3550_PA45_DG11_PF0_D1_S02_6,COph100/patient/010,COph100,sift_h,none,ok,43,6,10000,0,False,True,True,638.9959606659928,0.798744950832491,True,True,1.9147366000106558,"[[-0.4811385230493123, -3.2655004256937703, 770.7494675727874], [-0.09481364449096145, -0.32093314521822564, 146.25564840995705], [-0.000697509996019164, -0.0035103219865690724, 1.0]]"
d9824507715549e5,COph100/010/010_M_GA39_BW3550_PA39_DG11_PF0_D1_S01_2__010_M_GA39_BW3550_PA45_DG11_PF0_D1_S02_6,COph100/patient/010,COph100,sift_h,rectangle,ok,43,5,10000,9470,True,False,False,280.86556112848723,0.35108195141060905,True,,1.4841567999974359,"[[20.115328783845868, 5.4537743944688435, -1640.5165827822586], [-0.47711502204967954, 0.36388926086739976, 1983.8658549829252], [0.019130071744327647, 0.005299803613162002, 1.0]]"
d9824507715549e5,COph100/010/010_M_GA39_BW3550_PA39_DG11_PF0_D1_S01_2__010_M_GA39_BW3550_PA45_DG11_PF0_D1_S02_6,COph100/patient/010,COph100,sift_h,sample_orientation,ok,43,6,10000,7434,False,True,False,355.3798655871409,0.44422483198392615,True,,1.9553904999920633,"[[-1.035215447276389, 0.499475117276306, 945.4614618350081], [-0.06289341711233185, 0.03507514032889837, 60.36887362921552], [-0.0010897561655460008, 0.0005278316852983236, 1.0]]"
8ba58f3bd0a35ed7,COph100/010/010_M_GA39_BW3550_PA39_DG11_PF0_D1_S01_2__010_M_GA39_BW3550_PA50_DG11_PF0_D1_S03_3,COph100/patient/010,COph100,sift_h,fov,ok,42,7,10000,4928,False,True,False,470.8274291629341,0.5885342864536676,True,,1.8209995000070194,"[[-0.052900846430770046, -0.016220528975705768, 55.984735101604095], [-0.5684179355861544, -0.1254261096924979, 584.4997043386163], [-0.0009688285250704569, -0.00023506437459063433, 1.0]]"
8ba58f3bd0a35ed7,COph100/010/010_M_GA39_BW3550_PA39_DG11_PF0_D1_S01_2__010_M_GA39_BW3550_PA50_DG11_PF0_D1_S03_3,COph100/patient/010,COph100,sift_h,none,ok,42,8,6993,0,False,True,True,453.4430453547695,0.5668038066934619,True,True,1.446201500002644,"[[0.05636147570492445, -0.14718290343070026, 78.63822704011498], [0.05011006311751562, -0.19409982598050424, 105.15243221795515], [0.0005949114398377377, -0.0018540103341800705, 1.0]]"
8ba58f3bd0a35ed7,COph100/010/010_M_GA39_BW3550_PA39_DG11_PF0_D1_S01_2__010_M_GA39_BW3550_PA50_DG11_PF0_D1_S03_3,COph100/patient/010,COph100,sift_h,rectangle,ok,42,7,10000,9380,False,False,False,236.78142533682527,0.2959767816710316,True,,1.5814624000049662,"[[-0.8677018000263912, -0.1411696850579577, 957.8021753667447], [0.07718517677162098, -0.8580329260877986, 590.7324146105263], [-0.00013722244367198326, -0.0002483318179410717, 1.0]]"
8ba58f3bd0a35ed7,COph100/010/010_M_GA39_BW3550_PA39_DG11_PF0_D1_S01_2__010_M_GA39_BW3550_PA50_DG11_PF0_D1_S03_3,COph100/patient/010,COph100,sift_h,sample_orientation,ok,42,8,6993,5144,False,True,True,453.4430453547695,0.5668038066934619,True,,1.408305200005998,"[[0.05636147570492445, -0.14718290343070026, 78.63822704011498], [0.05011006311751562, -0.19409982598050424, 105.15243221795515], [0.0005949114398377377, -0.0018540103341800705, 1.0]]"
9bba2e7efd3af6c6,COph100/010/010_M_GA39_BW3550_PA39_DG11_PF0_D1_S01_2__010_M_GA39_BW3550_PA53_DG11_PF0_D1_S04_7,COph100/patient/010,COph100,sift_h,fov,ok,38,6,10000,4847,False,False,False,170.70934634313,0.2133866829289125,True,,1.7481714000023203,"[[0.29925882013942595, -1.1046866917365892, 682.7810570367658], [0.027064262245046877, 0.07418634011950417, 131.98018221131403], [-3.0512947469715757e-05, -0.0010821517887490632, 1.0]]"
9bba2e7efd3af6c6,COph100/010/010_M_GA39_BW3550_PA39_DG11_PF0_D1_S01_2__010_M_GA39_BW3550_PA53_DG11_PF0_D1_S04_7,COph100/patient/010,COph100,sift_h,none,ok,38,6,10000,0,False,True,True,465.0494656519907,0.5813118320649884,True,True,2.068704200006323,"[[0.4685243440657497, 0.8412480006636516, -619.2738855836618], [-0.3116485688904382, -2.3558597578356166, 587.519300939169], [-0.0005538159377396149, -0.004128931866514442, 1.0]]"
9bba2e7efd3af6c6,COph100/010/010_M_GA39_BW3550_PA39_DG11_PF0_D1_S01_2__010_M_GA39_BW3550_PA53_DG11_PF0_D1_S04_7,COph100/patient/010,COph100,sift_h,rectangle,ok,38,6,10000,9294,False,False,False,170.70934634313,0.2133866829289125,True,,1.584375699996599,"[[0.29925882013942595, -1.1046866917365892, 682.7810570367658], [0.027064262245046877, 0.07418634011950417, 131.98018221131403], [-3.0512947469715757e-05, -0.0010821517887490632, 1.0]]"
9bba2e7efd3af6c6,COph100/010/010_M_GA39_BW3550_PA39_DG11_PF0_D1_S01_2__010_M_GA39_BW3550_PA53_DG11_PF0_D1_S04_7,COph100/patient/010,COph100,sift_h,sample_orientation,ok,38,6,10000,6979,False,True,True,465.0494656519907,0.5813118320649884,True,,2.0871971000015037,"[[0.4685243440657497, 0.8412480006636516, -619.2738855836618], [-0.3116485688904382, -2.3558597578356166, 587.519300939169], [-0.0005538159377396149, -0.004128931866514442, 1.0]]"
af4fd22fba04f3d7,COph100/010/010_M_GA39_BW3550_PA39_DG11_PF0_D1_S01_2__010_M_GA39_BW3550_PA60_DG11_PF0_D1_S05_3,COph100/patient/010,COph100,sift_h,fov,ok,37,8,4210,2044,False,True,False,243.30142647752882,0.30412678309691105,True,,0.7401448000018718,"[[-0.07424315343296443, 0.09490217836773515, 64.84800891472474], [-0.7150166230335218, 0.9496780538493472, 619.8710451293285], [-0.0011558053819605949, 0.001563212220040878, 1.0]]"
af4fd22fba04f3d7,COph100/010/010_M_GA39_BW3550_PA39_DG11_PF0_D1_S01_2__010_M_GA39_BW3550_PA60_DG11_PF0_D1_S05_3,COph100/patient/010,COph100,sift_h,none,ok,37,8,4210,0,False,True,False,243.30142647752882,0.30412678309691105,True,True,0.8427379000058863,"[[-0.07424315343296443, 0.09490217836773515, 64.84800891472474], [-0.7150166230335218, 0.9496780538493472, 619.8710451293285], [-0.0011558053819605949, 0.001563212220040878, 1.0]]"
af4fd22fba04f3d7,COph100/010/010_M_GA39_BW3550_PA39_DG11_PF0_D1_S01_2__010_M_GA39_BW3550_PA60_DG11_PF0_D1_S05_3,COph100/patient/010,COph100,sift_h,rectangle,ok,37,8,4210,3928,False,False,False,146.66241661154086,0.1833280207644261,True,,0.6401072000007844,"[[0.9794085660383232, -0.013342187225456126, 5.2812382208409865], [0.0019876149362699326, 0.975883844887862, -1.7258621493992843], [-1.6006924820936153e-05, -1.2124038838086526e-05, 1.0]]"
af4fd22fba04f3d7,COph100/010/010_M_GA39_BW3550_PA39_DG11_PF0_D1_S01_2__010_M_GA39_BW3550_PA60_DG11_PF0_D1_S05_3,COph100/patient/010,COph100,sift_h,sample_orientation,ok,37,8,4210,3051,False,True,False,243.30142647752882,0.30412678309691105,True,,0.9094621999975061,"[[-0.07424315343296443, 0.09490217836773515, 64.84800891472474], [-0.7150166230335218, 0.9496780538493472, 619.8710451293285], [-0.0011558053819605949, 0.001563212220040878, 1.0]]"
fb1259e291bfb4a7,COph100/010/010_M_GA39_BW3550_PA50_DG11_PF0_D1_S03_3__010_M_GA39_BW3550_PA53_DG11_PF0_D1_S04_7,COph100/patient/010,COph100,sift_h,fov,ok,29,6,5022,2744,False,True,False,329.45402771174315,0.41181753463967896,True,,0.8664973999984795,"[[-0.39841735910065484, -0.050281074568026926, 49.392618389455755], [-1.0833431178854425, -0.18082465153369412, 164.70776970617987], [-0.007612314110539494, -0.0010026457427755521, 1.0]]"
fb1259e291bfb4a7,COph100/010/010_M_GA39_BW3550_PA50_DG11_PF0_D1_S03_3__010_M_GA39_BW3550_PA53_DG11_PF0_D1_S04_7,COph100/patient/010,COph100,sift_h,none,ok,29,6,5022,0,False,True,True,439.5463369183908,0.5494329211479885,True,True,1.0848745999974199,"[[-0.007097263941200875, -0.12450351946499039, 32.012436825194506], [-0.12215078408259127, -0.38621334121601775, 218.04755696503275], [-0.0005165229359000118, -0.0023933115849340747, 1.0]]"
fb1259e291bfb4a7,COph100/010/010_M_GA39_BW3550_PA50_DG11_PF0_D1_S03_3__010_M_GA39_BW3550_PA53_DG11_PF0_D1_S04_7,COph100/patient/010,COph100,sift_h,rectangle,ok,29,6,5961,5485,False,False,False,216.49311564822023,0.2706163945602753,True,,0.9145324999990407,"[[-1.0312738283061988, 0.05697292465033745, 1057.525379553524], [0.010575892884340065, -0.971480450009245, 721.9982417420973], [0.00015710517582632203, 3.94660386924522e-05, 1.0]]"
fb1259e291bfb4a7,COph100/010/010_M_GA39_BW3550_PA50_DG11_PF0_D1_S03_3__010_M_GA39_BW3550_PA53_DG11_PF0_D1_S04_7,COph100/patient/010,COph100,sift_h,sample_orientation,ok,29,6,5022,3482,False,True,False,329.02512361836824,0.4112814045229603,True,,1.0321680999913951,"[[-0.5964175048201402, 0.021497630647211316, 52.57200413974588], [-1.6174797450216924, 0.05849525933002538, 142.51227812327843], [-0.011346819493133847, 0.0004096571256254216, 1.0]]"
c8aef9b1f8ddb868,COph100/010/010_M_GA39_BW3550_PA50_DG11_PF0_D1_S03_3__010_M_GA39_BW3550_PA60_DG11_PF0_D1_S05_3,COph100/patient/010,COph100,sift_h,fov,ok,25,5,5752,3014,False,True,False,312.9862005471417,0.39123275068392716,True,,0.9841807000047993,"[[-0.1463829518324353, -0.06090917728322596, 140.8862314838808], [-0.7104521888155327, 0.11847472582981461, 664.3791411195687], [-0.0010692743463881363, 0.0001451960330707013, 1.0]]"
c8aef9b1f8ddb868,COph100/010/010_M_GA39_BW3550_PA50_DG11_PF0_D1_S03_3__010_M_GA39_BW3550_PA60_DG11_PF0_D1_S05_3,COph100/patient/010,COph100,sift_h,none,ok,25,5,5752,0,False,True,False,312.9862005471417,0.39123275068392716,True,True,1.1279049000004306,"[[-0.1463829518324353, -0.06090917728322596, 140.8862314838808], [-0.7104521888155327, 0.11847472582981461, 664.3791411195687], [-0.0010692743463881363, 0.0001451960330707013, 1.0]]"
c8aef9b1f8ddb868,COph100/010/010_M_GA39_BW3550_PA50_DG11_PF0_D1_S03_3__010_M_GA39_BW3550_PA60_DG11_PF0_D1_S05_3,COph100/patient/010,COph100,sift_h,rectangle,ok,25,5,5752,5368,False,False,False,299.67368153643326,0.3745921019205416,True,,0.9296390999952564,"[[1.1958125852159616, -0.1322692885433305, 31.16023490391379], [0.04847518495230098, 1.0689452168795277, -8.82994227225747], [0.00022642533649356323, -0.00013811348919294842, 1.0]]"
c8aef9b1f8ddb868,COph100/010/010_M_GA39_BW3550_PA50_DG11_PF0_D1_S03_3__010_M_GA39_BW3550_PA60_DG11_PF0_D1_S05_3,COph100/patient/010,COph100,sift_h,sample_orientation,ok,25,5,5752,4135,False,False,False,299.67368153643326,0.3745921019205416,True,,1.1212344999948982,"[[1.1958125852159616, -0.1322692885433305, 31.16023490391379], [0.04847518495230098, 1.0689452168795277, -8.82994227225747], [0.00022642533649356323, -0.00013811348919294842, 1.0]]"
dc1407cd89bc417c,COph100/010/010_M_GA39_BW3550_PA53_DG11_PF0_D1_S04_7__010_M_GA39_BW3550_PA60_DG11_PF0_D1_S05_3,COph100/patient/010,COph100,sift_h,fov,ok,37,8,4210,2261,False,True,False,213.79924061387692,0.2672490507673462,True,,0.830780300006154,"[[-0.12188234997284556, -0.013074397473227776, 124.09205517100325], [-0.06780229151547484, -0.006415797144859189, 69.11079075096187], [-0.0009822272700771215, -0.00010395695265356398, 1.0]]"
dc1407cd89bc417c,COph100/010/010_M_GA39_BW3550_PA53_DG11_PF0_D1_S04_7__010_M_GA39_BW3550_PA60_DG11_PF0_D1_S05_3,COph100/patient/010,COph100,sift_h,none,ok,37,8,4210,0,False,True,True,226.55168271319621,0.2831896033914953,True,True,0.847705499996664,"[[0.02998985814823895, -0.24784694833302312, 121.99828172584212], [0.010990045826775995, -0.08944278229608806, 43.88062900663609], [0.000245709798241269, -0.0020313654245867146, 1.0]]"
dc1407cd89bc417c,COph100/010/010_M_GA39_BW3550_PA53_DG11_PF0_D1_S04_7__010_M_GA39_BW3550_PA60_DG11_PF0_D1_S05_3,COph100/patient/010,COph100,sift_h,rectangle,ok,37,6,10000,9398,False,False,False,218.26557054580357,0.27283196318225444,True,,1.6704453999991529,"[[2.9080006764709037, 1.6281412375279245, -435.380185060664], [0.11047345187215542, -1.8022511149289753, 1737.2449514316968], [0.019520160347898347, 0.009384519813625562, 1.0]]"
dc1407cd89bc417c,COph100/010/010_M_GA39_BW3550_PA53_DG11_PF0_D1_S04_7__010_M_GA39_BW3550_PA60_DG11_PF0_D1_S05_3,COph100/patient/010,COph100,sift_h,sample_orientation,ok,37,8,4210,2998,False,True,True,226.55168271319621,0.2831896033914953,True,,0.7663073000003351,"[[0.02998985814823895, -0.24784694833302312, 121.99828172584212], [0.010990045826775995, -0.08944278229608806, 43.88062900663609], [0.000245709798241269, -0.0020313654245867146, 1.0]]"
6fc2500aa78a697b,COph100/011-1/011_M_GA40_BW3510_PA72_DG10_PF0_D1_S01_9__011_M_GA40_BW3510_PA113_DG10_PF0_D1_S03_12,COph100/patient/011,COph100,sift_h,fov,ok,38,6,10000,5354,False,True,False,295.7868961044909,0.3697336201306136,True,,1.7799029000016162,"[[-0.019659912594813606, -0.009439751760060903, 22.215873282459896], [-0.41755387511866515, -0.09015381840490734, 428.8288499527807], [-0.0009725735169585834, -0.00020881309739155854, 1.0]]"
6fc2500aa78a697b,COph100/011-1/011_M_GA40_BW3510_PA72_DG10_PF0_D1_S01_9__011_M_GA40_BW3510_PA113_DG10_PF0_D1_S03_12,COph100/patient/011,COph100,sift_h,none,ok,38,6,10000,0,False,True,False,295.7868961044909,0.3697336201306136,True,True,1.9803324000095017,"[[-0.019659912594813606, -0.009439751760060903, 22.215873282459896], [-0.41755387511866515, -0.09015381840490734, 428.8288499527807], [-0.0009725735169585834, -0.00020881309739155854, 1.0]]"
6fc2500aa78a697b,COph100/011-1/011_M_GA40_BW3510_PA72_DG10_PF0_D1_S01_9__011_M_GA40_BW3510_PA113_DG10_PF0_D1_S03_12,COph100/patient/011,COph100,sift_h,rectangle,ok,38,6,10000,9390,False,False,False,145.10594047063682,0.18138242558829604,True,,1.763719399998081,"[[1.6627850609415094, 0.30930185764786505, -544.0599560598209], [0.25245286324088384, 1.4730480272929056, -351.71612314640157], [0.00016225404283439165, 0.0002114724817633523, 1.0]]"
6fc2500aa78a697b,COph100/011-1/011_M_GA40_BW3510_PA72_DG10_PF0_D1_S01_9__011_M_GA40_BW3510_PA113_DG10_PF0_D1_S03_12,COph100/patient/011,COph100,sift_h,sample_orientation,ok,38,6,10000,7048,False,False,False,145.10594047063682,0.18138242558829604,True,,2.1393375000043306,"[[1.6627850609415094, 0.30930185764786505, -544.0599560598209], [0.25245286324088384, 1.4730480272929056, -351.71612314640157], [0.00016225404283439165, 0.0002114724817633523, 1.0]]"
17f852598213b731,COph100/011/011_M_GA40_BW3510_PA72_DG10_PF0_D1_S01_1__011_M_GA40_BW3510_PA113_DG10_PF0_D1_S03_2,COph100/patient/011,COph100,sift_h,fov,ok,40,11,1606,842,False,True,False,244.65678297362007,0.30582097871702507,True,,0.2536361000093166,"[[0.24168251277667838, -0.16979200806415057, 84.61838305804427], [0.22213837239270598, -0.15649473440025286, 78.04626475416794], [0.0028553022482658576, -0.0020063625703438896, 1.0]]"
17f852598213b731,COph100/011/011_M_GA40_BW3510_PA72_DG10_PF0_D1_S01_1__011_M_GA40_BW3510_PA113_DG10_PF0_D1_S03_2,COph100/patient/011,COph100,sift_h,none,ok,40,11,1606,0,False,True,False,244.65678297362007,0.30582097871702507,True,True,0.30707699999038596,"[[0.24168251277667838, -0.16979200806415057, 84.61838305804427], [0.22213837239270598, -0.15649473440025286, 78.04626475416794], [0.0028553022482658576, -0.0020063625703438896, 1.0]]"
17f852598213b731,COph100/011/011_M_GA40_BW3510_PA72_DG10_PF0_D1_S01_1__011_M_GA40_BW3510_PA113_DG10_PF0_D1_S03_2,COph100/patient/011,COph100,sift_h,rectangle,ok,40,8,5752,5261,False,False,False,239.82630869434735,0.29978288586793417,True,,0.9164411999954609,"[[6.075941736860055, 29.767539432302364, -5932.838967196185], [-2.7864018604090144, -11.263541557043672, 20445.253193308676], [0.0050530441620901655, 0.25081360999489916, 1.0]]"
17f852598213b731,COph100/011/011_M_GA40_BW3510_PA72_DG10_PF0_D1_S01_1__011_M_GA40_BW3510_PA113_DG10_PF0_D1_S03_2,COph100/patient/011,COph100,sift_h,sample_orientation,ok,40,11,1606,1150,False,True,False,244.5058188610147,0.3056322735762684,True,,0.3103149999951711,"[[-0.05208029154178315, -0.05111452246472235, 84.6127441575145], [-0.04813620715283301, -0.04714308570156197, 78.02089397523419], [-0.0006166511269332766, -0.00060409843745388, 1.0]]"
a86181c3ab5202cd,COph100/011/011_M_GA40_BW3510_PA72_DG10_PF0_D1_S01_1__011_M_GA40_BW3510_PA89_DG10_PF0_D1_S02_14,COph100/patient/011,COph100,sift_h,fov,ok,36,8,3812,2009,False,True,False,517.9454276459812,0.6474317845574765,True,,0.7487534999963827,"[[-1.0521817108815685, 0.04293599329623892, 1018.2092712794971], [-0.5511680671009815, 0.02252196557013295, 533.4552579200216], [-0.0010332419595218442, 4.208028303335951e-05, 1.0]]"
a86181c3ab5202cd,COph100/011/011_M_GA40_BW3510_PA72_DG10_PF0_D1_S01_1__011_M_GA40_BW3510_PA89_DG10_PF0_D1_S02_14,COph100/patient/011,COph100,sift_h,none,ok,36,8,3812,0,False,True,False,517.9454276459812,0.6474317845574765,True,True,0.734697399995639,"[[-1.0521817108815685, 0.04293599329623892, 1018.2092712794971], [-0.5511680671009815, 0.02252196557013295, 533.4552579200216], [-0.0010332419595218442, 4.208028303335951e-05, 1.0]]"
a86181c3ab5202cd,COph100/011/011_M_GA40_BW3510_PA72_DG10_PF0_D1_S01_1__011_M_GA40_BW3510_PA89_DG10_PF0_D1_S02_14,COph100/patient/011,COph100,sift_h,rectangle,ok,36,7,6439,5925,False,False,False,265.48952699413354,0.3318619087426669,True,,1.1337066999985836,"[[0.17488615209838398, 2.19226944676144, -268.4821369902883], [0.5895515720301574, -0.08520049637161768, 112.71264458159737], [0.00010894745913380418, 6.18357772263314e-05, 1.0]]"
a86181c3ab5202cd,COph100/011/011_M_GA40_BW3510_PA72_DG10_PF0_D1_S01_1__011_M_GA40_BW3510_PA89_DG10_PF0_D1_S02_14,COph100/patient/011,COph100,sift_h,sample_orientation,ok,36,8,3812,2704,False,True,False,517.9454276459812,0.6474317845574765,True,,0.7245081999863032,"[[-1.0521817108815685, 0.04293599329623892, 1018.2092712794971], [-0.5511680671009815, 0.02252196557013295, 533.4552579200216], [-0.0010332419595218442, 4.208028303335951e-05, 1.0]]"
9eda4a657fdc90b8,COph100/012-1/012_M_GA36_BW2210_PA37_DG11_PF0_D1_S01_4__012_M_GA36_BW2210_PA41_DG11_PF0_D1_S02_7,COph100/patient/012,COph100,sift_h,fov,ok,24,5,4885,2703,False,True,False,447.9425985907592,0.559928248238449,True,,0.8494364999933168,"[[0.6326895950490403, -0.1388696025128187, 31.221245617434516], [7.174745303176331, -1.355090990293371, 296.69793018943125], [0.014222719123370598, -0.0033276289354617515, 1.0]]"
9eda4a657fdc90b8,COph100/012-1/012_M_GA36_BW2210_PA37_DG11_PF0_D1_S01_4__012_M_GA36_BW2210_PA41_DG11_PF0_D1_S02_7,COph100/patient/012,COph100,sift_h,none,ok,24,5,4885,0,False,True,True,498.08704468710414,0.6226088058588801,True,True,0.937461199995596,"[[0.03119242352086044, -0.17944002473357096, 52.530131165518526], [0.41849294088777267, -1.1885883968918087, 385.4841108937559], [0.0006358370800835093, -0.002484957072308605, 1.0]]"
9eda4a657fdc90b8,COph100/012-1/012_M_GA36_BW2210_PA37_DG11_PF0_D1_S01_4__012_M_GA36_BW2210_PA41_DG11_PF0_D1_S02_7,COph100/patient/012,COph100,sift_h,rectangle,ok,24,5,4957,4676,False,False,False,177.47875109332338,0.22184843886665423,True,,0.8565655999991577,"[[1.1751110100909792, -0.014675079694366782, 1.52767579526049], [-0.7212762976576522, 1.283599714095236, 8.331017654195822], [-0.0003502422834353767, 0.0006297082449081649, 1.0]]"
9eda4a657fdc90b8,COph100/012-1/012_M_GA36_BW2210_PA37_DG11_PF0_D1_S01_4__012_M_GA36_BW2210_PA41_DG11_PF0_D1_S02_7,COph100/patient/012,COph100,sift_h,sample_orientation,ok,24,5,4885,3433,False,True,True,387.73215518331983,0.4846651939791498,True,,0.9415912999975262,"[[-0.8344451538549112, -0.008856789118429562, -18.406803316794395], [0.2074908889992041, -0.7293903948619435, -269.72076158443025], [-0.0011032481606449481, -0.011033563104861317, 1.0]]"
382c1a81353af43a,COph100/013-1/013_F_GA39_BW3390_PA40_DG11_PF0_D1_S01_9__013_F_GA39_BW3390_PA42_DG11_PF0_D1_S02_6,COph100/patient/013,COph100,sift_h,fov,ok,31,6,6559,3464,False,True,False,464.2600399175368,0.580325049896921,True,,1.1443224000104237,"[[0.5152514703429425, -0.301421018214101, 153.5796380883215], [2.272400079027384, -1.4345079069743756, 740.517864735698], [0.003052572453902391, -0.0019325463116709658, 1.0]]"
382c1a81353af43a,COph100/013-1/013_F_GA39_BW3390_PA40_DG11_PF0_D1_S01_9__013_F_GA39_BW3390_PA42_DG11_PF0_D1_S02_6,COph100/patient/013,COph100,sift_h,none,ok,31,6,6559,0,False,True,False,464.2600399175368,0.580325049896921,True,True,1.2172048999927938,"[[0.5152514703429425, -0.301421018214101, 153.5796380883215], [2.272400079027384, -1.4345079069743756, 740.517864735698], [0.003052572453902391, -0.0019325463116709658, 1.0]]"
382c1a81353af43a,COph100/013-1/013_F_GA39_BW3390_PA40_DG11_PF0_D1_S01_9__013_F_GA39_BW3390_PA42_DG11_PF0_D1_S02_6,COph100/patient/013,COph100,sift_h,rectangle,ok,31,5,10000,9435,False,False,False,391.9804849834599,0.4899756062293249,True,,1.5158709999959683,"[[2.096860036990497, 0.4503858808359018, -89.70897630436674], [-1.5793667227485837, 0.6562048977877651, 103.07817146658158], [0.0009996413558024777, -0.0007528600865988371, 1.0]]"
382c1a81353af43a,COph100/013-1/013_F_GA39_BW3390_PA40_DG11_PF0_D1_S01_9__013_F_GA39_BW3390_PA42_DG11_PF0_D1_S02_6,COph100/patient/013,COph100,sift_h,sample_orientation,ok,31,6,6559,4632,False,True,False,464.2600399175368,0.580325049896921,True,,1.3021814999956405,"[[0.5152514703429425, -0.301421018214101, 153.5796380883215], [2.272400079027384, -1.4345079069743756, 740.517864735698], [0.003052572453902391, -0.0019325463116709658, 1.0]]"
4eb84d46204a7a37,COph100/013/013_F_GA39_BW3390_PA40_DG11_PF0_D1_S01_4__013_F_GA39_BW3390_PA42_DG11_PF0_D1_S02_14,COph100/patient/013,COph100,sift_h,fov,ok,39,11,2517,1429,False,True,False,933.7568387433126,1.1671960484291408,True,,0.45498480000242125,"[[-0.6069328094378394, 27.964797572869333, -24832.53360298307], [-52.113609469249944, -67.85807877796293, 52779.140955262184], [-0.007631487487706735, -0.075970744656605, 1.0]]"
4eb84d46204a7a37,COph100/013/013_F_GA39_BW3390_PA40_DG11_PF0_D1_S01_4__013_F_GA39_BW3390_PA42_DG11_PF0_D1_S02_14,COph100/patient/013,COph100,sift_h,none,ok,39,11,2517,0,False,True,False,933.7568387433126,1.1671960484291408,True,True,0.4671087000024272,"[[-0.6069328094378394, 27.964797572869333, -24832.53360298307], [-52.113609469249944, -67.85807877796293, 52779.140955262184], [-0.007631487487706735, -0.075970744656605, 1.0]]"
4eb84d46204a7a37,COph100/013/013_F_GA39_BW3390_PA40_DG11_PF0_D1_S01_4__013_F_GA39_BW3390_PA42_DG11_PF0_D1_S02_14,COph100/patient/013,COph100,sift_h,rectangle,ok,39,9,3244,3006,False,False,False,339.910270611729,0.42488783826466126,True,,0.5296668999944814,"[[-0.09352954549035307, -0.9494305586453212, 861.6271297860927], [1.0654781646542673, 1.3573435019341142, -965.2010756093255], [-0.000641073952980093, 0.00137573738745405, 1.0]]"
4eb84d46204a7a37,COph100/013/013_F_GA39_BW3390_PA40_DG11_PF0_D1_S01_4__013_F_GA39_BW3390_PA42_DG11_PF0_D1_S02_14,COph100/patient/013,COph100,sift_h,sample_orientation,ok,39,11,2517,1778,False,True,False,933.7568387433126,1.1671960484291408,True,,0.5011916999937966,"[[-0.6069328094378394, 27.964797572869333, -24832.53360298307], [-52.113609469249944, -67.85807877796293, 52779.140955262184], [-0.007631487487706735, -0.075970744656605, 1.0]]"
42cb6f847a602476,COph100/013/013_F_GA39_BW3390_PA42_DG11_PF0_D1_S02_14__013_F_GA39_BW3390_PA45_DG11_PF0_D1_S03_11,COph100/patient/013,COph100,sift_h,fov,ok,53,11,4960,2420,False,True,False,265.903219672891,0.33237902459111374,True,,0.8657963000005111,"[[0.1863394578863981, -0.07633490879904549, 35.62425946954869], [0.41696944393363305, -0.32590795175723164, 180.69575099910722], [0.0035544999168186653, -0.001994926815082491, 1.0]]"
42cb6f847a602476,COph100/013/013_F_GA39_BW3390_PA42_DG11_PF0_D1_S02_14__013_F_GA39_BW3390_PA45_DG11_PF0_D1_S03_11,COph100/patient/013,COph100,sift_h,none,ok,53,13,2882,0,False,True,True,262.43418714277,0.3280427339284625,True,True,0.5593699000019114,"[[0.011591831701907739, -0.07988124858224031, 39.99268930487945], [-0.025165601456383416, -0.2225887979438839, 166.5627123980469], [-1.095410524638705e-05, -0.001534137149465888, 1.0]]"
42cb6f847a602476,COph100/013/013_F_GA39_BW3390_PA42_DG11_PF0_D1_S02_14__013_F_GA39_BW3390_PA45_DG11_PF0_D1_S03_11,COph100/patient/013,COph100,sift_h,rectangle,ok,53,9,10000,9133,False,False,False,221.10795968380506,0.27638494960475635,True,,1.6112047000060556,"[[0.005210667440361414, -0.008905791564145464, 38.455758213840056], [-0.426785753808266, 0.5874876593251588, 149.55907115083784], [-6.60588204740346e-05, -0.0003392915025120776, 1.0]]"
42cb6f847a602476,COph100/013/013_F_GA39_BW3390_PA42_DG11_PF0_D1_S02_14__013_F_GA39_BW3390_PA45_DG11_PF0_D1_S03_11,COph100/patient/013,COph100,sift_h,sample_orientation,ok,53,11,4960,3453,False,True,False,265.903219672891,0.33237902459111374,True,,0.9989125000138301,"[[0.1863394578863981, -0.07633490879904549, 35.62425946954869], [0.41696944393363305, -0.32590795175723164, 180.69575099910722], [0.0035544999168186653, -0.001994926815082491, 1.0]]"
25e5fb0d27749a8c,COph100/014-1/014_F_GA40_BW3700_PA41_DG11_PF0_D1_S01_3__014_F_GA40_BW3700_PA45_DG11_PF0_D1_S02_2,COph100/patient/014,COph100,sift_h,fov,ok,31,7,3539,1993,False,False,False,281.45544349432976,0.3518193043679122,True,,0.5812017999996897,"[[1.4461988857130894, 3.4090038651704093, 494.8383111034436], [2.13706526942568, 1.3609016802190357, -550.6405145397955], [0.0014382162548765296, 0.0026054465102235387, 1.0]]"
25e5fb0d27749a8c,COph100/014-1/014_F_GA40_BW3700_PA41_DG11_PF0_D1_S01_3__014_F_GA40_BW3700_PA45_DG11_PF0_D1_S02_2,COph100/patient/014,COph100,sift_h,none,ok,31,8,2073,0,False,True,True,360.6222382209167,0.45077779777614585,True,True,0.4364906999981031,"[[33.732586814815434, -57.501062612777964, 1252.9205256786115], [1.5373426927365066, -2.313343087593973, -1.8285923316306458], [0.036017705796577114, -0.060860323134959565, 1.0]]"
25e5fb0d27749a8c,COph100/014-1/014_F_GA40_BW3700_PA41_DG11_PF0_D1_S01_3__014_F_GA40_BW3700_PA45_DG11_PF0_D1_S02_2,COph100/patient/014,COph100,sift_h,rectangle,ok,31,7,3539,3262,False,False,False,281.45544349432976,0.3518193043679122,True,,0.5524062000040431,"[[1.4461988857130894, 3.4090038651704093, 494.8383111034436], [2.13706526942568, 1.3609016802190357, -550.6405145397955], [0.0014382162548765296, 0.0026054465102235387, 1.0]]"
25e5fb0d27749a8c,COph100/014-1/014_F_GA40_BW3700_PA41_DG11_PF0_D1_S01_3__014_F_GA40_BW3700_PA45_DG11_PF0_D1_S02_2,COph100/patient/014,COph100,sift_h,sample_orientation,ok,31,7,3539,2498,False,False,False,281.45544349432976,0.3518193043679122,True,,0.7411006999900565,"[[1.4461988857130894, 3.4090038651704093, 494.8383111034436], [2.13706526942568, 1.3609016802190357, -550.6405145397955], [0.0014382162548765296, 0.0026054465102235387, 1.0]]"
35ca24d91844e448,COph100/014/014_F_GA40_BW3700_PA41_DG11_PF0_D1_S01_6__014_F_GA40_BW3700_PA45_DG11_PF0_D1_S02_8,COph100/patient/014,COph100,sift_h,fov,ok,34,7,5122,2516,False,True,False,293.1460113782486,0.36643251422281076,True,,0.8775453999987803,"[[1.853399011198248, -1.9401776632691503, 990.9380467424616], [1.1842151038869941, -1.2146358030019204, 614.9582607369821], [0.002256076877939745, -0.0019965756398027685, 1.0]]"
35ca24d91844e448,COph100/014/014_F_GA40_BW3700_PA41_DG11_PF0_D1_S01_6__014_F_GA40_BW3700_PA45_DG11_PF0_D1_S02_8,COph100/patient/014,COph100,sift_h,none,ok,34,7,5122,0,False,True,False,293.1460113782486,0.36643251422281076,True,True,0.9716138000076171,"[[1.853399011198248, -1.9401776632691503, 990.9380467424616], [1.1842151038869941, -1.2146358030019204, 614.9582607369821], [0.002256076877939745, -0.0019965756398027685, 1.0]]"
35ca24d91844e448,COph100/014/014_F_GA40_BW3700_PA41_DG11_PF0_D1_S01_6__014_F_GA40_BW3700_PA45_DG11_PF0_D1_S02_8,COph100/patient/014,COph100,sift_h,rectangle,ok,34,6,9493,8950,False,False,False,386.3055719175827,0.4828819648969784,True,,1.4724381000123685,"[[0.004523184891174232, 6.9844315230696985, -532.699586560233], [-2.660113433782036, -1.0759189938528264, 3354.5346049810037], [-6.915533334658438e-05, 0.004743513535570746, 1.0]]"
35ca24d91844e448,COph100/014/014_F_GA40_BW3700_PA41_DG11_PF0_D1_S01_6__014_F_GA40_BW3700_PA45_DG11_PF0_D1_S02_8,COph100/patient/014,COph100,sift_h,sample_orientation,ok,34,7,5122,3728,False,True,True,400.16318252248686,0.5002039781531086,True,,1.0337946999934502,"[[0.138698737928053, -1.7907604469350642, 977.2104938643844], [0.10132346060333461, -1.2608724942750367, 686.2515949063138], [0.00014797052333269422, -0.0018370484890724715, 1.0]]"
42bcc03a28a55e5f,COph100/016/016_F_GA36_BW2960_PA36_DG11_PF0_D1_S01_4__016_F_GA36_BW2960_PA41_DG11_PF0_D1_S02_3,COph100/patient/016,COph100,sift_h,fov,ok,34,8,3001,1717,False,True,False,402.14304971872144,0.5026788121484018,True,,0.5242449000070337,"[[-0.032182618906355806, 0.013224061598483938, 28.69668336052748], [-0.5765653543910056, 0.23821346741357385, 514.0595971947002], [-0.0011215619782060132, 0.0004685497608812148, 1.0]]"
42bcc03a28a55e5f,COph100/016/016_F_GA36_BW2960_PA36_DG11_PF0_D1_S01_4__016_F_GA36_BW2960_PA41_DG11_PF0_D1_S02_3,COph100/patient/016,COph100,sift_h,none,ok,34,8,3001,0,False,True,False,402.14304971872144,0.5026788121484018,True,True,0.6045181000081357,"[[-0.032182618906355806, 0.013224061598483938, 28.69668336052748], [-0.5765653543910056, 0.23821346741357385, 514.0595971947002], [-0.0011215619782060132, 0.0004685497608812148, 1.0]]"
42bcc03a28a55e5f,COph100/016/016_F_GA36_BW2960_PA36_DG11_PF0_D1_S01_4__016_F_GA36_BW2960_PA41_DG11_PF0_D1_S02_3,COph100/patient/016,COph100,sift_h,rectangle,ok,34,6,9493,9009,False,False,False,363.76639382063894,0.45470799227579867,True,,1.4955964999971911,"[[-1.2452310197486438, -0.1054987660855844, 1441.2677602170113], [1.1753461743969913, 0.2136838833217258, 860.0340057783068], [0.002592154375733517, 0.001262732008645297, 1.0]]"
42bcc03a28a55e5f,COph100/016/016_F_GA36_BW2960_PA36_DG11_PF0_D1_S01_4__016_F_GA36_BW2960_PA41_DG11_PF0_D1_S02_3,COph100/patient/016,COph100,sift_h,sample_orientation,ok,34,8,5564,4082,False,True,False,402.14304971872144,0.5026788121484018,True,,1.1018241999991005,"[[-0.032182618906355806, 0.013224061598483938, 28.69668336052748], [-0.5765653543910056, 0.23821346741357385, 514.0595971947002], [-0.0011215619782060132, 0.0004685497608812148, 1.0]]"
6d2bb2a6792a0a5b,COph100/017-1/017_M_GA31_BW1660_PA33_DG11_PF0_D1_S01_6__017_M_GA31_BW1660_PA37_DG11_PF0_D1_S02_16,COph100/patient/017,COph100,sift_h,fov,ok,40,8,5752,3186,False,True,False,408.58702149740964,0.510733776871762,True,,0.9975103000033414,"[[-0.04849299849894558, -0.010740324125180237, 54.09538677305577], [-0.09937009323608265, -0.022155332329749693, 111.17247041356937], [-0.0008954351245045574, -0.0001985587427465547, 1.0]]"
6d2bb2a6792a0a5b,COph100/017-1/017_M_GA31_BW1660_PA33_DG11_PF0_D1_S01_6__017_M_GA31_BW1660_PA37_DG11_PF0_D1_S02_16,COph100/patient/017,COph100,sift_h,none,ok,40,8,5752,0,False,True,False,408.58702149740964,0.510733776871762,True,True,1.0908732999960193,"[[-0.04849299849894558, -0.010740324125180237, 54.09538677305577], [-0.09937009323608265, -0.022155332329749693, 111.17247041356937], [-0.0008954351245045574, -0.0001985587427465547, 1.0]]"
6d2bb2a6792a0a5b,COph100/017-1/017_M_GA31_BW1660_PA33_DG11_PF0_D1_S01_6__017_M_GA31_BW1660_PA37_DG11_PF0_D1_S02_16,COph100/patient/017,COph100,sift_h,rectangle,ok,40,6,10000,9466,False,False,False,450.37067346807135,0.5629633418350892,True,,1.7054222999868216,"[[-0.048615044390145835, -1.0010953876553892, 674.6850732532605], [-0.12132266657179228, -0.8392072122403974, 629.3463165038105], [-0.0008214053143611396, -8.69086348539563e-05, 1.0]]"
6d2bb2a6792a0a5b,COph100/017-1/017_M_GA31_BW1660_PA33_DG11_PF0_D1_S01_6__017_M_GA31_BW1660_PA37_DG11_PF0_D1_S02_16,COph100/patient/017,COph100,sift_h,sample_orientation,ok,40,7,9816,7161,False,True,False,408.0996526243079,0.5101245657803849,True,,1.8826368999871192,"[[-0.04338010597600533, -0.01977523667706627, 54.161202086722035], [-0.0892389430507598, -0.040327342882344165, 111.12376394503], [-0.0008048787123260577, -0.00036283235887602205, 1.0]]"
2ea209e03919ea4d,COph100/019/019_M_GA35_BW3050_PA38_DG11_PF0_D1_S01_2__019_M_GA35_BW3050_PA53_DG11_PF0_D1_S04_2,COph100/patient/019,COph100,sift_h,fov,ok,26,5,6730,3493,False,True,False,333.7840425423803,0.41723005317797535,True,,1.2828272000042489,"[[-0.05036811807315882, -0.003889415590555375, 51.47422326659905], [-0.12892414799714202, -0.01885094480182304, 128.7678959602082], [-0.0009508470415699055, -0.0001981129147441002, 1.0]]"
2ea209e03919ea4d,COph100/019/019_M_GA35_BW3050_PA38_DG11_PF0_D1_S01_2__019_M_GA35_BW3050_PA53_DG11_PF0_D1_S04_2,COph100/patient/019,COph100,sift_h,none,ok,26,5,6730,0,False,True,False,333.7840425423803,0.41723005317797535,True,True,1.2498298999998951,"[[-0.05036811807315882, -0.003889415590555375, 51.47422326659905], [-0.12892414799714202, -0.01885094480182304, 128.7678959602082], [-0.0009508470415699055, -0.0001981129147441002, 1.0]]"
2ea209e03919ea4d,COph100/019/019_M_GA35_BW3050_PA38_DG11_PF0_D1_S01_2__019_M_GA35_BW3050_PA53_DG11_PF0_D1_S04_2,COph100/patient/019,COph100,sift_h,rectangle,ok,26,5,6730,6394,False,False,False,333.7629758648233,0.41720371983102916,True,,1.1504050999938045,"[[-0.9281867178477159, -0.04031579969577978, 967.7923524648814], [-0.46164278842374823, -0.29932091868708216, 637.0115126057846], [-0.0007755830053191046, -0.0002553329288435464, 1.0]]"
2ea209e03919ea4d,COph100/019/019_M_GA35_BW3050_PA38_DG11_PF0_D1_S01_2__019_M_GA35_BW3050_PA53_DG11_PF0_D1_S04_2,COph100/patient/019,COph100,sift_h,sample_orientation,ok,26,5,6730,4878,False,True,True,332.24789031553735,0.4153098628944217,True,,1.310412599996198,"[[0.0023981584283592652, -0.0789142954650188, 52.66671513005036], [0.0004618176318413346, -0.19210165992319275, 129.6204888825674], [-1.756892320684047e-06, -0.0014886091888566303, 1.0]]"
010fea283a9f8542,COph100/020-1/020_F_GA39_BW3600_PA42_DG11_PF0_D1_S01_8__020_F_GA39_BW3600_PA54_DG11_PF0_D1_S03_7,COph100/patient/020,COph100,sift_h,fov,ok,35,6,10000,5597,False,False,False,200.01409445457804,0.25001761806822254,True,,1.8264312999963295,"[[1.5685924825081503, 0.07541110074644082, -32.711766471510536], [0.009597361266339267, 1.2218555213050215, -36.05577866000136], [0.0006201114173504902, -0.0001436617051542731, 1.0]]"
010fea283a9f8542,COph100/020-1/020_F_GA39_BW3600_PA42_DG11_PF0_D1_S01_8__020_F_GA39_BW3600_PA54_DG11_PF0_D1_S03_7,COph100/patient/020,COph100,sift_h,none,ok,35,6,10000,0,False,True,True,451.44362833643993,0.5643045354205499,True,True,1.8168466999923112,"[[0.23806581991673473, -0.24838394153762297, 133.72453103731826], [-0.2946237329598377, 3.4629114683705153, -97.05915053570709], [-0.0020068726582276194, 0.007177691673410729, 1.0]]"
010fea283a9f8542,COph100/020-1/020_F_GA39_BW3600_PA42_DG11_PF0_D1_S01_8__020_F_GA39_BW3600_PA54_DG11_PF0_D1_S03_7,COph100/patient/020,COph100,sift_h,rectangle,ok,35,6,10000,9302,False,False,False,200.01409445457804,0.25001761806822254,True,,1.559230300001218,"[[1.5685924825081503, 0.07541110074644082, -32.711766471510536], [0.009597361266339267, 1.2218555213050215, -36.05577866000136], [0.0006201114173504902, -0.0001436617051542731, 1.0]]"
010fea283a9f8542,COph100/020-1/020_F_GA39_BW3600_PA42_DG11_PF0_D1_S01_8__020_F_GA39_BW3600_PA54_DG11_PF0_D1_S03_7,COph100/patient/020,COph100,sift_h,sample_orientation,ok,35,6,10000,6982,False,True,True,451.44362833643993,0.5643045354205499,True,,1.9404902999958722,"[[0.23806581991673473, -0.24838394153762297, 133.72453103731826], [-0.2946237329598377, 3.4629114683705153, -97.05915053570709], [-0.0020068726582276194, 0.007177691673410729, 1.0]]"
7717dcef7cdcd403,COph100/020/020_F_GA39_BW3600_PA42_DG11_PF0_D1_S01_3__020_F_GA39_BW3600_PA47_DG11_PF0_D1_S02_1,COph100/patient/020,COph100,sift_h,fov,invalid_transform,36,7,6439,3222,False,,,,,True,,1.1945506000047317,
7717dcef7cdcd403,COph100/020/020_F_GA39_BW3600_PA42_DG11_PF0_D1_S01_3__020_F_GA39_BW3600_PA47_DG11_PF0_D1_S02_1,COph100/patient/020,COph100,sift_h,none,ok,36,7,6439,0,False,True,True,315.3986497044705,0.3942483121305881,True,True,1.2687093999993522,"[[0.7831629288665617, -2.19620118135134, 970.5691006295793], [0.46024495657158754, -1.3631147144515816, 614.9628520388331], [0.0007633532986031714, -0.0022102977302407667, 1.0]]"
7717dcef7cdcd403,COph100/020/020_F_GA39_BW3600_PA42_DG11_PF0_D1_S01_3__020_F_GA39_BW3600_PA47_DG11_PF0_D1_S02_1,COph100/patient/020,COph100,sift_h,rectangle,ok,36,6,10000,9324,False,False,False,324.86915067284883,0.40608643834106106,True,,1.5982706000067992,"[[4.590255741380128, 7.721448674649981, 783.0557949668179], [2.175846721464098, 4.725094939029985, 873.0288038957451], [0.004371652126488116, 0.007773179765930923, 1.0]]"
7717dcef7cdcd403,COph100/020/020_F_GA39_BW3600_PA42_DG11_PF0_D1_S01_3__020_F_GA39_BW3600_PA47_DG11_PF0_D1_S02_1,COph100/patient/020,COph100,sift_h,sample_orientation,ok,36,7,6439,4505,False,True,True,315.3986497044705,0.3942483121305881,True,,1.2078747999912594,"[[0.7831629288665617, -2.19620118135134, 970.5691006295793], [0.46024495657158754, -1.3631147144515816, 614.9628520388331], [0.0007633532986031714, -0.0022102977302407667, 1.0]]"
b16df48de859d1d7,COph100/020/020_F_GA39_BW3600_PA42_DG11_PF0_D1_S01_3__020_F_GA39_BW3600_PA54_DG11_PF0_D1_S03_1,COph100/patient/020,COph100,sift_h,fov,ok,40,8,5752,2708,False,True,False,216.39972663820026,0.27049965829775036,True,,1.0720710000023246,"[[-0.035151999338586745, -0.10186072159042511, 93.54264142710007], [-0.5216262897382895, 0.06488952156217333, 481.01876241165934], [-0.001013940075319402, 1.4514379212457732e-05, 1.0]]"
b16df48de859d1d7,COph100/020/020_F_GA39_BW3600_PA42_DG11_PF0_D1_S01_3__020_F_GA39_BW3600_PA54_DG11_PF0_D1_S03_1,COph100/patient/020,COph100,sift_h,none,ok,40,8,5752,0,False,True,False,216.39972663820026,0.27049965829775036,True,True,1.1751283000048716,"[[-0.035151999338586745, -0.10186072159042511, 93.54264142710007], [-0.5216262897382895, 0.06488952156217333, 481.01876241165934], [-0.001013940075319402, 1.4514379212457732e-05, 1.0]]"
b16df48de859d1d7,COph100/020/020_F_GA39_BW3600_PA42_DG11_PF0_D1_S01_3__020_F_GA39_BW3600_PA54_DG11_PF0_D1_S03_1,COph100/patient/020,COph100,sift_h,rectangle,ok,40,6,10000,9405,False,False,False,249.0499662024014,0.31131245775300176,True,,1.6485432000044966,"[[-0.017043105352096497, -0.08153781655723137, 71.96158130905154], [0.15814455314599266, -0.13511239282496798, 426.6405888353354], [2.279103536899611e-05, -0.0005248193524647933, 1.0]]"
b16df48de859d1d7,COph100/020/020_F_GA39_BW3600_PA42_DG11_PF0_D1_S01_3__020_F_GA39_BW3600_PA54_DG11_PF0_D1_S03_1,COph100/patient/020,COph100,sift_h,sample_orientation,ok,40,7,9816,7148,False,True,False,158.01212123848546,0.19751515154810684,True,,1.914863800004241,"[[0.7205274207446039, -0.1569529017140033, 55.4392262376587], [0.03281225924295097, -0.2041091223916528, 181.83737953614408], [0.0006049165818549686, -0.0015421470221115775, 1.0]]"
f32c63c36a33311d,COph100/020/020_F_GA39_BW3600_PA47_DG11_PF0_D1_S02_1__020_F_GA39_BW3600_PA54_DG11_PF0_D1_S03_1,COph100/patient/020,COph100,sift_h,fov,ok,31,7,3539,1750,False,True,False,396.17561545854704,0.4952195193231838,True,,0.6675600000016857,"[[-29.324186104061354, 4.021558577598526, 1036.6469020744942], [-19.429123093684233, 2.7272333130761033, 586.6352057214021], [-0.03083946945459824, 0.004256815484327983, 1.0]]"
f32c63c36a33311d,COph100/020/020_F_GA39_BW3600_PA47_DG11_PF0_D1_S02_1__020_F_GA39_BW3600_PA54_DG11_PF0_D1_S03_1,COph100/patient/020,COph100,sift_h,none,ok,31,7,3539,0,False,True,False,396.17561545854704,0.4952195193231838,True,True,0.7577728000032948,"[[-29.324186104061354, 4.021558577598526, 1036.6469020744942], [-19.429123093684233, 2.7272333130761033, 586.6352057214021], [-0.03083946945459824, 0.004256815484327983, 1.0]]"
f32c63c36a33311d,COph100/020/020_F_GA39_BW3600_PA47_DG11_PF0_D1_S02_1__020_F_GA39_BW3600_PA54_DG11_PF0_D1_S03_1,COph100/patient/020,COph100,sift_h,rectangle,ok,31,7,3539,3108,False,False,False,103.84317332658368,0.1298039666582296,True,,0.5667988999921363,"[[1.0571643748250255, 0.0208923449607946, -7.23664593496995], [-0.08921605439669482, 1.0263316901229542, 3.4746796784798692], [0.00011940777867923237, -0.00013802745111903147, 1.0]]"
f32c63c36a33311d,COph100/020/020_F_GA39_BW3600_PA47_DG11_PF0_D1_S02_1__020_F_GA39_BW3600_PA54_DG11_PF0_D1_S03_1,COph100/patient/020,COph100,sift_h,sample_orientation,ok,31,7,3539,2302,False,False,False,103.84317332658368,0.1298039666582296,True,,0.7395320999930846,"[[1.0571643748250255, 0.0208923449607946, -7.23664593496995], [-0.08921605439669482, 1.0263316901229542, 3.4746796784798692], [0.00011940777867923237, -0.00013802745111903147, 1.0]]"
f7a20845e3fdb8d5,COph100/021-1/021_M_GA41_BW3670_PA42_DG11_PF0_D1_S01_7__021_M_GA41_BW3670_PA43_DG11_PF0_D1_S02_1,COph100/patient/021,COph100,sift_h,fov,ok,34,7,5122,2747,False,True,False,399.9066844700491,0.49988335558756136,True,,0.8719337000075029,"[[-0.9596134898253355, -0.2159009603423655, 139.2605558572698], [-4.410040680747606, -0.9800472188374149, 667.4812493722852], [-0.006884595632702199, -0.0013197246132544427, 1.0]]"
f7a20845e3fdb8d5,COph100/021-1/021_M_GA41_BW3670_PA42_DG11_PF0_D1_S01_7__021_M_GA41_BW3670_PA43_DG11_PF0_D1_S02_1,COph100/patient/021,COph100,sift_h,none,ok,34,7,5122,0,False,True,False,399.9066844700491,0.49988335558756136,True,True,1.0480793999886373,"[[-0.9596134898253355, -0.2159009603423655, 139.2605558572698], [-4.410040680747606, -0.9800472188374149, 667.4812493722852], [-0.006884595632702199, -0.0013197246132544427, 1.0]]"
f7a20845e3fdb8d5,COph100/021-1/021_M_GA41_BW3670_PA42_DG11_PF0_D1_S01_7__021_M_GA41_BW3670_PA43_DG11_PF0_D1_S02_1,COph100/patient/021,COph100,sift_h,rectangle,ok,34,7,5122,4750,False,False,False,536.0085408843842,0.6700106761054802,True,,0.8874748000089312,"[[23.309868397262477, 4.2680712396896965, -2648.6123382045603], [62.334014211708165, 25.464519393726476, -9501.851172314582], [0.030443155179198645, 0.030147134901705917, 1.0]]"
f7a20845e3fdb8d5,COph100/021-1/021_M_GA41_BW3670_PA42_DG11_PF0_D1_S01_7__021_M_GA41_BW3670_PA43_DG11_PF0_D1_S02_1,COph100/patient/021,COph100,sift_h,sample_orientation,ok,34,7,5122,3571,False,False,False,536.0085408843842,0.6700106761054802,True,,0.9643212999944808,"[[23.309868397262477, 4.2680712396896965, -2648.6123382045603], [62.334014211708165, 25.464519393726476, -9501.851172314582], [0.030443155179198645, 0.030147134901705917, 1.0]]"
b5dc072dca70cae9,COph100/021-1/021_M_GA41_BW3670_PA42_DG11_PF0_D1_S01_7__021_M_GA41_BW3670_PA47_DG11_PF0_D1_S03_7,COph100/patient/021,COph100,sift_h,fov,ok,38,6,10000,5463,False,True,False,350.144041049416,0.43768005131177,True,,1.7371211999998195,"[[-12.024012778150414, 0.7522370032248094, 864.4033401276159], [-0.2371323811954725, 0.017513079655357474, -9.821721705657865], [-0.01334040747911564, 0.0007716733792287102, 1.0]]"
b5dc072dca70cae9,COph100/021-1/021_M_GA41_BW3670_PA42_DG11_PF0_D1_S01_7__021_M_GA41_BW3670_PA47_DG11_PF0_D1_S03_7,COph100/patient/021,COph100,sift_h,none,ok,38,6,10000,0,False,True,True,2553.0604374731556,3.1913255468414445,True,True,1.8286611999938032,"[[-1.1001529160121033, -0.09879881586191805, 1029.367543997426], [-0.6910424981225798, -0.17404223003172653, 288.08500453996334], [-0.0019675589641555045, 0.0002750118020745647, 1.0]]"
b5dc072dca70cae9,COph100/021-1/021_M_GA41_BW3670_PA42_DG11_PF0_D1_S01_7__021_M_GA41_BW3670_PA47_DG11_PF0_D1_S03_7,COph100/patient/021,COph100,sift_h,rectangle,ok,38,5,10000,9584,False,False,False,451.0461888766781,0.5638077360958477,True,,1.5230885000055423,"[[-1.1516110846706413, -2.398855268512953, 1380.5884217390053], [0.5859096834897334, -1.4517470134623571, 878.9826810325906], [0.0020558474589441322, -0.0008090362662715725, 1.0]]"
b5dc072dca70cae9,COph100/021-1/021_M_GA41_BW3670_PA42_DG11_PF0_D1_S01_7__021_M_GA41_BW3670_PA47_DG11_PF0_D1_S03_7,COph100/patient/021,COph100,sift_h,sample_orientation,ok,38,6,10000,7285,False,True,True,507.38125197343624,0.6342265649667953,True,,1.8953761000011582,"[[-0.7978750766432889, -1.0461860704177237, 948.2998842678882], [-0.04478491188506484, -0.05998398982529635, 54.06828386149378], [-0.0008423375228010382, -0.001098115838027975, 1.0]]"
c316ab3531e78d21,COph100/021-1/021_M_GA41_BW3670_PA43_DG11_PF0_D1_S02_1__021_M_GA41_BW3670_PA47_DG11_PF0_D1_S03_7,COph100/patient/021,COph100,sift_h,fov,ok,36,6,10000,6222,False,True,False,293.89806417000426,0.36737258021250535,True,,1.6664701999980025,"[[-1.024757815657851, 0.7168761484785985, 909.0945220159216], [-0.7190018606467716, 0.496249186504571, 640.4910534370707], [-0.001126493202576752, 0.0007843411601311529, 1.0]]"
c316ab3531e78d21,COph100/021-1/021_M_GA41_BW3670_PA43_DG11_PF0_D1_S02_1__021_M_GA41_BW3670_PA47_DG11_PF0_D1_S03_7,COph100/patient/021,COph100,sift_h,none,ok,36,6,10000,0,False,True,True,574.6828135952893,0.7183535169941117,True,True,1.9282747999968706,"[[-0.7187188331271087, -1.0776897388417006, 905.1327482390695], [-0.621093022489533, -0.7522087248596586, 650.7350077377271], [-0.0008157646271334327, -0.0011964116028647465, 1.0]]"
c316ab3531e78d21,COph100/021-1/021_M_GA41_BW3670_PA43_DG11_PF0_D1_S02_1__021_M_GA41_BW3670_PA47_DG11_PF0_D1_S03_7,COph100/patient/021,COph100,sift_h,rectangle,ok,36,6,10000,9560,False,False,False,299.24231975793316,0.37405289969741645,True,,1.5286896999896271,"[[-0.7052986047941516, 0.9323822991885298, 897.9169312663423], [-0.654141856916885, 0.8321532276238592, 627.5849298856414], [-0.0008186143882068867, 0.0009724052766292179, 1.0]]"
c316ab3531e78d21,COph100/021-1/021_M_GA41_BW3670_PA43_DG11_PF0_D1_S02_1__021_M_GA41_BW3670_PA47_DG11_PF0_D1_S03_7,COph100/patient/021,COph100,sift_h,sample_orientation,ok,36,6,10000,7459,False,True,False,395.8852255492298,0.4948565319365372,True,,1.9358497999928659,"[[1.0841781841349065, -1.4365175951284004, 895.1829260691102], [-0.3496460002656336, -0.9135303419166152, 758.4195528583427], [0.0009677524854460418, -0.0014865474124806126, 1.0]]"
6a3bcb490bd9a274,COph100/021/021_M_GA41_BW3670_PA42_DG11_PF0_D1_S01_1__021_M_GA41_BW3670_PA43_DG11_PF0_D1_S02_10,COph100/patient/021,COph100,sift_h,fov,ok,37,7,7185,3758,False,True,False,316.8577040490551,0.39607213006131886,True,,1.292745200000354,"[[0.45208357807724775, -0.13488484052913496, 26.14926368295669], [0.12660527099700522, -0.33983828547451517, 164.28224244470343], [0.003215392577379354, -0.002228606814845152, 1.0]]"
6a3bcb490bd9a274,COph100/021/021_M_GA41_BW3670_PA42_DG11_PF0_D1_S01_1__021_M_GA41_BW3670_PA43_DG11_PF0_D1_S02_10,COph100/patient/021,COph100,sift_h,none,ok,37,7,7185,0,False,True,True,344.82145611538147,0.43102682014422683,True,True,1.3175473000010243,"[[0.14046338203354955, -1.4365540564406871, 968.8976562312043], [0.018457814583831084, -0.1480877523240176, 96.34868587802069], [0.0001537156756166518, -0.0014839797662939704, 1.0]]"
6a3bcb490bd9a274,COph100/021/021_M_GA41_BW3670_PA42_DG11_PF0_D1_S01_1__021_M_GA41_BW3670_PA43_DG11_PF0_D1_S02_10,COph100/patient/021,COph100,sift_h,rectangle,ok,37,7,7185,6645,False,False,False,197.71684581122105,0.2471460572640263,True,,1.1519814000057522,"[[3.6926752514006633, 0.010389618073771298, 586.8254027893752], [4.263364548293816, 1.339006116936153, -723.8244813850611], [0.005982321800795256, -0.000894884106521627, 1.0]]"
6a3bcb490bd9a274,COph100/021/021_M_GA41_BW3670_PA42_DG11_PF0_D1_S01_1__021_M_GA41_BW3670_PA43_DG11_PF0_D1_S02_10,COph100/patient/021,COph100,sift_h,sample_orientation,ok,37,7,7185,5157,False,False,False,197.71684581122105,0.2471460572640263,True,,1.3756584999937331,"[[3.6926752514006633, 0.010389618073771298, 586.8254027893752], [4.263364548293816, 1.339006116936153, -723.8244813850611], [0.005982321800795256, -0.000894884106521627, 1.0]]"
f34a8fc5c3351e8e,COph100/021/021_M_GA41_BW3670_PA42_DG11_PF0_D1_S01_1__021_M_GA41_BW3670_PA47_DG11_PF0_D1_S03_13,COph100/patient/021,COph100,sift_h,fov,ok,32,7,4018,2093,False,True,False,320.26231354550396,0.40032789193187995,True,,0.7806459999992512,"[[-0.10658378131584093, -0.1339288237919611, 30.933084648369398], [-0.5615902556616393, -0.8052172667706927, 181.1562291402245], [-0.003115821332403079, -0.004436784654654944, 1.0]]"
f34a8fc5c3351e8e,COph100/021/021_M_GA41_BW3670_PA42_DG11_PF0_D1_S01_1__021_M_GA41_BW3670_PA47_DG11_PF0_D1_S03_13,COph100/patient/021,COph100,sift_h,none,ok,32,7,4018,0,False,True,False,320.26231354550396,0.40032789193187995,True,True,0.7867200999899069,"[[-0.10658378131584093, -0.1339288237919611, 30.933084648369398], [-0.5615902556616393, -0.8052172667706927, 181.1562291402245], [-0.003115821332403079, -0.004436784654654944, 1.0]]"
f34a8fc5c3351e8e,COph100/021/021_M_GA41_BW3670_PA42_DG11_PF0_D1_S01_1__021_M_GA41_BW3670_PA47_DG11_PF0_D1_S03_13,COph100/patient/021,COph100,sift_h,rectangle,ok,32,5,10000,9464,False,False,False,345.1587473375133,0.43144843417189166,True,,1.6908510999928694,"[[0.7411856647673797, 5.770595759528104, -980.689591968082], [-0.8746732754429413, 2.160585167000301, 805.935872176929], [-0.0006697101816100873, 0.0032779298027053234, 1.0]]"
f34a8fc5c3351e8e,COph100/021/021_M_GA41_BW3670_PA42_DG11_PF0_D1_S01_1__021_M_GA41_BW3670_PA47_DG11_PF0_D1_S03_13,COph100/patient/021,COph100,sift_h,sample_orientation,ok,32,6,7448,5499,False,True,True,347.36613871610433,0.4342076733951304,True,,1.4479733999905875,"[[-2.2571440109112637, -3.9759377081866103, 874.9403270264887], [-1.52883351869295, -3.563334700064117, 740.2602072595912], [-0.0023551094957032248, -0.004775745625079414, 1.0]]"
dd51b57d9f3c6f1b,COph100/022-1/022_M_GA40_BW3400_PA41_DG11_PF0_D1_S01_9__022_M_GA40_BW3400_PA44_DG11_PF0_D1_S02_3,COph100/patient/022,COph100,sift_h,fov,ok,40,8,5752,2863,False,True,False,450.6715061933729,0.5633393827417161,True,,0.9704083999968134,"[[1.1312381625885533, -0.18393277683541032, 23.00207049550027], [22.17085179529542, -4.214622359812068, 319.8900256001495], [0.04211563319507864, -0.008689719436826879, 1.0]]"
dd51b57d9f3c6f1b,COph100/022-1/022_M_GA40_BW3400_PA41_DG11_PF0_D1_S01_9__022_M_GA40_BW3400_PA44_DG11_PF0_D1_S02_3,COph100/patient/022,COph100,sift_h,none,ok,40,8,5752,0,False,True,False,450.6715061933729,0.5633393827417161,True,True,1.1245624000002863,"[[1.1312381625885533, -0.18393277683541032, 23.00207049550027], [22.17085179529542, -4.214622359812068, 319.8900256001495], [0.04211563319507864, -0.008689719436826879, 1.0]]"
dd51b57d9f3c6f1b,COph100/022-1/022_M_GA40_BW3400_PA41_DG11_PF0_D1_S01_9__022_M_GA40_BW3400_PA44_DG11_PF0_D1_S02_3,COph100/patient/022,COph100,sift_h,rectangle,ok,40,7,9816,8926,False,False,False,447.5272484451877,0.5594090605564846,True,,1.565884499999811,"[[-0.1370188840382288, 0.06710559367969055, 157.5271405588352], [-0.16784154868853618, 0.2723989092291689, 721.4972738181854], [9.475843674916985e-05, 0.00027413206242819625, 1.0]]"
dd51b57d9f3c6f1b,COph100/022-1/022_M_GA40_BW3400_PA41_DG11_PF0_D1_S01_9__022_M_GA40_BW3400_PA44_DG11_PF0_D1_S02_3,COph100/patient/022,COph100,sift_h,sample_orientation,ok,40,8,5752,3952,False,True,False,450.6715061933729,0.5633393827417161,True,,1.0787438999977894,"[[1.1312381625885533, -0.18393277683541032, 23.00207049550027], [22.17085179529542, -4.214622359812068, 319.8900256001495], [0.04211563319507864, -0.008689719436826879, 1.0]]"
ae0aa69282bd76c1,COph100/022/022_M_GA40_BW3400_PA41_DG11_PF0_D1_S01_2__022_M_GA40_BW3400_PA44_DG11_PF0_D1_S02_8,COph100/patient/022,COph100,sift_h,fov,ok,31,10,846,381,False,True,False,215.9975680304326,0.26999696003804075,True,,0.15236360000562854,"[[-0.28725204883217287, -0.5131315863023066, 637.368111057895], [0.1080038160031874, 0.03789134115358922, -88.51556417484362], [-0.0006419884218567891, -0.0005185625279245457, 1.0]]"
ae0aa69282bd76c1,COph100/022/022_M_GA40_BW3400_PA41_DG11_PF0_D1_S01_2__022_M_GA40_BW3400_PA44_DG11_PF0_D1_S02_8,COph100/patient/022,COph100,sift_h,none,ok,31,10,846,0,False,True,False,215.9975680304326,0.26999696003804075,True,True,0.16459119999490213,"[[-0.28725204883217287, -0.5131315863023066, 637.368111057895], [0.1080038160031874, 0.03789134115358922, -88.51556417484362], [-0.0006419884218567891, -0.0005185625279245457, 1.0]]"
ae0aa69282bd76c1,COph100/022/022_M_GA40_BW3400_PA41_DG11_PF0_D1_S01_2__022_M_GA40_BW3400_PA44_DG11_PF0_D1_S02_8,COph100/patient/022,COph100,sift_h,rectangle,ok,31,9,1292,1068,False,False,False,66.61246467216311,0.0832655808402039,True,,0.21463189998758025,"[[0.4450468550309048, -0.7849046872258354, 317.61533461381265], [-0.05244319149385733, 0.4265158617993528, 50.83567798504154], [-0.00022460427656104503, -0.0007498524257677896, 1.0]]"
ae0aa69282bd76c1,COph100/022/022_M_GA40_BW3400_PA41_DG11_PF0_D1_S01_2__022_M_GA40_BW3400_PA44_DG11_PF0_D1_S02_8,COph100/patient/022,COph100,sift_h,sample_orientation,ok,31,10,846,524,False,True,False,215.9975680304326,0.26999696003804075,True,,0.17415160000382457,"[[-0.28725204883217287, -0.5131315863023066, 637.368111057895], [0.1080038160031874, 0.03789134115358922, -88.51556417484362], [-0.0006419884218567891, -0.0005185625279245457, 1.0]]"
68d274dcd4e6ca63,COph100/023/023_M_GA39_BW3570_PA39_DG11_PF0_D1_S01_10__023_M_GA39_BW3570_PA43_DG11_PF0_D1_S02_3,COph100/patient/023,COph100,sift_h,fov,ok,41,7,10000,5235,False,True,False,392.8161031215818,0.49102012890197727,True,,1.8229511999961687,"[[-0.8270239971967402, -0.27968241036873015, 105.42524986023462], [-0.18659698444774628, -0.06724470354376522, 24.08939673399182], [-0.00785094461857801, -0.00265525878484074, 1.0]]"
68d274dcd4e6ca63,COph100/023/023_M_GA39_BW3570_PA39_DG11_PF0_D1_S01_10__023_M_GA39_BW3570_PA43_DG11_PF0_D1_S02_3,COph100/patient/023,COph100,sift_h,none,ok,41,7,10000,0,False,True,False,392.8161031215818,0.49102012890197727,True,True,1.9747902999952203,"[[-0.8270239971967402, -0.27968241036873015, 105.42524986023462], [-0.18659698444774628, -0.06724470354376522, 24.08939673399182], [-0.00785094461857801, -0.00265525878484074, 1.0]]"
68d274dcd4e6ca63,COph100/023/023_M_GA39_BW3570_PA39_DG11_PF0_D1_S01_10__023_M_GA39_BW3570_PA43_DG11_PF0_D1_S02_3,COph100/patient/023,COph100,sift_h,rectangle,ok,41,5,10000,9652,False,False,False,384.1006273066712,0.480125784133339,True,,1.5977278000063961,"[[0.10560861472417121, 0.4485053062421593, 196.31657241613647], [0.33226517839367337, 0.14006120780566222, -8.584820968105765], [0.0025176656309631247, 0.005330046363519699, 1.0]]"
68d274dcd4e6ca63,COph100/023/023_M_GA39_BW3570_PA39_DG11_PF0_D1_S01_10__023_M_GA39_BW3570_PA43_DG11_PF0_D1_S02_3,COph100/patient/023,COph100,sift_h,sample_orientation,ok,41,7,10000,7558,False,True,False,392.8161031215818,0.49102012890197727,True,,1.8360543999879155,"[[-0.8270239971967402, -0.27968241036873015, 105.42524986023462], [-0.18659698444774628, -0.06724470354376522, 24.08939673399182], [-0.00785094461857801, -0.00265525878484074, 1.0]]"
aef84672d6b59b4b,COph100/024-1/024_F_GA39_BW3290_PA39_DG11_PF0_D1_S01_10__024_F_GA39_BW3290_PA44_DG11_PF0_D1_S02_6,COph100/patient/024,COph100,sift_h,fov,ok,36,9,2354,1058,False,True,False,333.6371258531252,0.4170464073164065,True,,0.40558710000186693,"[[-0.06260693611089284, -0.03458734460527533, 79.688690788004], [-0.4684378222907854, -0.2588665387254278, 596.5761404695512], [-0.0007845356451561853, -0.00043383152547980103, 1.0]]"
aef84672d6b59b4b,COph100/024-1/024_F_GA39_BW3290_PA39_DG11_PF0_D1_S01_10__024_F_GA39_BW3290_PA44_DG11_PF0_D1_S02_6,COph100/patient/024,COph100,sift_h,none,ok,36,9,2354,0,False,True,False,333.6371258531252,0.4170464073164065,True,True,0.4905222999950638,"[[-0.06260693611089284, -0.03458734460527533, 79.688690788004], [-0.4684378222907854, -0.2588665387254278, 596.5761404695512], [-0.0007845356451561853, -0.00043383152547980103, 1.0]]"
aef84672d6b59b4b,COph100/024-1/024_F_GA39_BW3290_PA39_DG11_PF0_D1_S01_10__024_F_GA39_BW3290_PA44_DG11_PF0_D1_S02_6,COph100/patient/024,COph100,sift_h,rectangle,ok,36,5,10000,9442,False,False,False,286.0157992823698,0.35751974910296225,True,,1.6101988999871537,"[[-0.9613278074746349, 0.1916227143555705, 913.547510993244], [-0.5904764222613648, -0.019707656855284836, 749.3148920298929], [-0.0007943896718602057, 0.00012462773742435567, 1.0]]"
aef84672d6b59b4b,COph100/024-1/024_F_GA39_BW3290_PA39_DG11_PF0_D1_S01_10__024_F_GA39_BW3290_PA44_DG11_PF0_D1_S02_6,COph100/patient/024,COph100,sift_h,sample_orientation,invalid_transform,36,9,2354,1671,False,,,,,True,,0.4627978000062285,
22e8a82b695635bb,COph100/024/024_F_GA39_BW3290_PA39_DG11_PF0_D1_S01_3__024_F_GA39_BW3290_PA44_DG11_PF0_D1_S02_3,COph100/patient/024,COph100,sift_h,fov,ok,46,10,4120,2175,False,True,False,401.2440945355267,0.5015551181694083,True,,0.789269000000786,"[[-7.394183105886435, -2.3915429986370915, 983.9103956070104], [-0.7864434460299767, -0.2543005906042422, 104.62364548591562], [-0.007514546278174001, -0.0024305377800687513, 1.0]]"
22e8a82b695635bb,COph100/024/024_F_GA39_BW3290_PA39_DG11_PF0_D1_S01_3__024_F_GA39_BW3290_PA44_DG11_PF0_D1_S02_3,COph100/patient/024,COph100,sift_h,none,ok,46,10,4120,0,False,True,False,401.2440945355267,0.5015551181694083,True,True,0.7380700999929104,"[[-7.394183105886435, -2.3915429986370915, 983.9103956070104], [-0.7864434460299767, -0.2543005906042422, 104.62364548591562], [-0.007514546278174001, -0.0024305377800687513, 1.0]]"
22e8a82b695635bb,COph100/024/024_F_GA39_BW3290_PA39_DG11_PF0_D1_S01_3__024_F_GA39_BW3290_PA44_DG11_PF0_D1_S02_3,COph100/patient/024,COph100,sift_h,rectangle,ok,46,7,10000,9420,False,False,False,281.7990995775059,0.35224887447188236,True,,1.6946619999944232,"[[3.937172882449342, -0.5879634496885952, 99.50184318869435], [-0.09618214225506615, -0.3641095039541534, 704.4827706713021], [0.0029555850405431003, -0.00039521903333061283, 1.0]]"
22e8a82b695635bb,COph100/024/024_F_GA39_BW3290_PA39_DG11_PF0_D1_S01_3__024_F_GA39_BW3290_PA44_DG11_PF0_D1_S02_3,COph100/patient/024,COph100,sift_h,sample_orientation,invalid_transform,46,9,6281,4546,False,,,,,True,,1.2463179000042146,
7416e5b666233add,COph100/026-1/026_M_GA33_BW1700_PA34_DG11_PF0_D1_S01_10__026_M_GA33_BW1700_PA38_DG11_PF0_D1_S03_15,COph100/patient/026,COph100,sift_h,fov,ok,32,7,4018,2252,False,False,False,361.8437801989534,0.4523047252486918,True,,0.743415000004461,"[[0.01093205506752444, -0.1742399091139115, 145.07820395896053], [-0.06021880446122216, 0.3526982639369874, -35.98577074994076], [-0.0009342097906469361, 0.00011372451000123236, 1.0]]"
7416e5b666233add,COph100/026-1/026_M_GA33_BW1700_PA34_DG11_PF0_D1_S01_10__026_M_GA33_BW1700_PA38_DG11_PF0_D1_S03_15,COph100/patient/026,COph100,sift_h,none,ok,32,8,2354,0,False,True,True,495.1038902775637,0.6188798628469546,True,True,0.43163069999718573,"[[0.038694232146421925, -0.11680083228456226, 52.500255648045915], [0.10649540186493035, -0.31101998084768534, 139.20126226559094], [0.0007335258102722255, -0.002228082332869172, 1.0]]"
7416e5b666233add,COph100/026-1/026_M_GA33_BW1700_PA34_DG11_PF0_D1_S01_10__026_M_GA33_BW1700_PA38_DG11_PF0_D1_S03_15,COph100/patient/026,COph100,sift_h,rectangle,ok,32,7,4018,3728,False,False,False,361.8437801989534,0.4523047252486918,True,,0.6675115999969421,"[[0.01093205506752444, -0.1742399091139115, 145.07820395896053], [-0.06021880446122216, 0.3526982639369874, -35.98577074994076], [-0.0009342097906469361, 0.00011372451000123236, 1.0]]"
7416e5b666233add,COph100/026-1/026_M_GA33_BW1700_PA34_DG11_PF0_D1_S01_10__026_M_GA33_BW1700_PA38_DG11_PF0_D1_S03_15,COph100/patient/026,COph100,sift_h,sample_orientation,ok,32,8,2354,1697,False,True,True,495.1038902775637,0.6188798628469546,True,,0.4260818000038853,"[[0.038694232146421925, -0.11680083228456226, 52.500255648045915], [0.10649540186493035, -0.31101998084768534, 139.20126226559094], [0.0007335258102722255, -0.002228082332869172, 1.0]]"
b6c9558fcc11a868,COph100/026-1/026_M_GA33_BW1700_PA34_DG11_PF0_D1_S01_10__026_M_GA33_BW1700_PA40_DG11_PF0_D1_S04_1,COph100/patient/026,COph100,sift_h,fov,ok,33,7,4545,2265,False,True,False,415.77924966188095,0.5197240620773512,True,,0.7691651999921305,"[[-0.78026389774843, -0.027054725982728563, 32.40835804615848], [-6.9854343527362195, -0.554381308273363, 455.5093732969608], [-0.012886279726575828, -0.0014328490630737282, 1.0]]"
b6c9558fcc11a868,COph100/026-1/026_M_GA33_BW1700_PA34_DG11_PF0_D1_S01_10__026_M_GA33_BW1700_PA40_DG11_PF0_D1_S04_1,COph100/patient/026,COph100,sift_h,none,ok,33,7,4545,0,False,True,True,288.28209555577183,0.3603526194447148,True,True,0.88025239999115,"[[-0.2694145549760292, -0.043008033691699525, 27.317090701253893], [-0.46551602638528156, -0.8404517445755787, 433.0858116463201], [-0.0013303628456291837, -0.0020103735956432385, 1.0]]"
b6c9558fcc11a868,COph100/026-1/026_M_GA33_BW1700_PA34_DG11_PF0_D1_S01_10__026_M_GA33_BW1700_PA40_DG11_PF0_D1_S04_1,COph100/patient/026,COph100,sift_h,rectangle,ok,33,6,8424,7444,False,False,False,443.1077042961988,0.5538846303702485,True,,1.2696916999993846,"[[1.9034098442142076, 0.3614778102445473, -113.32497390492115], [-0.6568215817560585, 1.0955340782455831, 381.98602819430084], [0.013857099093379873, 0.000494910688097794, 1.0]]"
b6c9558fcc11a868,COph100/026-1/026_M_GA33_BW1700_PA34_DG11_PF0_D1_S01_10__026_M_GA33_BW1700_PA40_DG11_PF0_D1_S04_1,COph100/patient/026,COph100,sift_h,sample_orientation,ok,33,6,8424,5663,False,True,False,270.8423721426162,0.33855296517827027,True,,1.616557199988165,"[[2.846534672953967, -0.6195877471617104, 254.19550642535827], [2.1934429892173717, -2.2774318347633815, 1179.5615350640544], [0.002873998336275385, -0.0016209924704440252, 1.0]]"
66d256d8cc99fd49,COph100/026-1/026_M_GA33_BW1700_PA34_DG11_PF0_D1_S01_10__026_M_GA33_BW1700_PA42_DG11_PF0_D1_S05_6,COph100/patient/026,COph100,sift_h,fov,ok,29,9,1902,937,False,True,False,479.3212262133725,0.5991515327667156,True,,0.36008379999839235,"[[0.6634760677253855, -0.192930039182218, 77.1177744620796], [1.3105064292402941, -0.38110899415348876, 152.35965443188724], [0.00859962371589281, -0.002501900284009026, 1.0]]"
66d256d8cc99fd49,COph100/026-1/026_M_GA33_BW1700_PA34_DG11_PF0_D1_S01_10__026_M_GA33_BW1700_PA42_DG11_PF0_D1_S05_6,COph100/patient/026,COph100,sift_h,none,ok,29,9,1902,0,False,True,False,479.3212262133725,0.5991515327667156,True,True,0.3555668000044534,"[[0.6634760677253855, -0.192930039182218, 77.1177744620796], [1.3105064292402941, -0.38110899415348876, 152.35965443188724], [0.00859962371589281, -0.002501900284009026, 1.0]]"
66d256d8cc99fd49,COph100/026-1/026_M_GA33_BW1700_PA34_DG11_PF0_D1_S01_10__026_M_GA33_BW1700_PA42_DG11_PF0_D1_S05_6,COph100/patient/026,COph100,sift_h,rectangle,ok,29,5,10000,9385,False,False,False,422.0360887211806,0.5275451109014757,True,,1.5982651999947848,"[[0.7607734418199023, 0.16380136444443535, -38.18170913085952], [2.255162145056538, -1.5316221683147182, 874.9541882369513], [0.003346384409788262, 0.0002351705949887835, 1.0]]"
66d256d8cc99fd49,COph100/026-1/026_M_GA33_BW1700_PA34_DG11_PF0_D1_S01_10__026_M_GA33_BW1700_PA42_DG11_PF0_D1_S05_6,COph100/patient/026,COph100,sift_h,sample_orientation,ok,29,7,2956,2034,False,True,False,479.43201233173204,0.5992900154146651,True,,0.5303377999953227,"[[0.24225369541118433, -0.15251259165942435, 77.0868498207187], [0.4688770085021162, -0.3010407110918984, 152.58683629537308], [0.003116692614368652, -0.0019765877171265232, 1.0]]"
2a45e9241d49606f,COph100/026-1/026_M_GA33_BW1700_PA36_DG11_PF0_D1_S02_6__026_M_GA33_BW1700_PA42_DG11_PF0_D1_S05_6,COph100/patient/026,COph100,sift_h,fov,ok,36,7,6439,3939,False,True,False,457.19763062471657,0.5714970382808957,True,,1.12046890000056,"[[-0.08172329483176234, -0.05370112146187706, 112.80326760771693], [-0.49488458591555906, -0.3533629963735387, 700.6850821698257], [-0.0007016598926945156, -0.0005121574408608466, 1.0]]"
2a45e9241d49606f,COph100/026-1/026_M_GA33_BW1700_PA36_DG11_PF0_D1_S02_6__026_M_GA33_BW1700_PA42_DG11_PF0_D1_S05_6,COph100/patient/026,COph100,sift_h,none,ok,36,7,6439,0,False,True,True,462.07831777738375,0.5775978972217297,True,True,1.2592528000095626,"[[-0.011459822048352714, -0.10867992892642656, 79.29310627502531], [-0.18522855407047367, -0.7367283153007548, 639.1807722472917], [-0.0003412678826355169, -0.0010678317391524157, 1.0]]"
2a45e9241d49606f,COph100/026-1/026_M_GA33_BW1700_PA36_DG11_PF0_D1_S02_6__026_M_GA33_BW1700_PA42_DG11_PF0_D1_S05_6,COph100/patient/026,COph100,sift_h,rectangle,ok,36,6,10000,9475,False,False,False,464.7736230789989,0.5809670288487486,True,,1.6008528000093065,"[[0.03146198827381439, -0.07005876081786475, 55.91068984856969], [-0.19873555120364939, -1.1362042045493594, 905.3724893098122], [-9.051583301636799e-05, -0.001020748126235124, 1.0]]"
2a45e9241d49606f,COph100/026-1/026_M_GA33_BW1700_PA36_DG11_PF0_D1_S02_6__026_M_GA33_BW1700_PA42_DG11_PF0_D1_S05_6,COph100/patient/026,COph100,sift_h,sample_orientation,ok,36,7,6439,4678,False,True,True,461.12062089089306,0.5764007761136163,True,,1.2275324999936856,"[[-0.009771333545087274, -0.10581174678285077, 78.423918569871], [-0.1852132064991445, -0.7558222154698999, 651.3116472522729], [-0.0003296630956293995, -0.0010600921595509297, 1.0]]"
ca22dc3301190049,COph100/026-1/026_M_GA33_BW1700_PA38_DG11_PF0_D1_S03_15__026_M_GA33_BW1700_PA40_DG11_PF0_D1_S04_1,COph100/patient/026,COph100,sift_h,fov,ok,35,7,5752,3042,False,True,False,415.0992339560941,0.5188740424451176,True,,1.0816201999987243,"[[-0.8182851115494533, -0.21202142907446872, 86.51300912353567], [-5.498945316001734, -1.657093007659182, 653.3436561114728], [-0.008286225058274794, -0.0025166589683375275, 1.0]]"
ca22dc3301190049,COph100/026-1/026_M_GA33_BW1700_PA38_DG11_PF0_D1_S03_15__026_M_GA33_BW1700_PA40_DG11_PF0_D1_S04_1,COph100/patient/026,COph100,sift_h,none,ok,35,7,5752,0,False,True,False,415.0992339560941,0.5188740424451176,True,True,1.108049000002211,"[[-0.8182851115494533, -0.21202142907446872, 86.51300912353567], [-5.498945316001734, -1.657093007659182, 653.3436561114728], [-0.008286225058274794, -0.0025166589683375275, 1.0]]"
ca22dc3301190049,COph100/026-1/026_M_GA33_BW1700_PA38_DG11_PF0_D1_S03_15__026_M_GA33_BW1700_PA40_DG11_PF0_D1_S04_1,COph100/patient/026,COph100,sift_h,rectangle,ok,35,5,10000,9660,False,False,False,234.8580353286282,0.29357254416078526,True,,1.7767987999977777,"[[0.4505770555052934, -0.047672508214412726, 25.811663266960302], [0.1686714062376248, -0.8203259903932067, 660.4154228933062], [-0.00041128588102609215, -0.00026317174914486016, 1.0]]"
ca22dc3301190049,COph100/026-1/026_M_GA33_BW1700_PA38_DG11_PF0_D1_S03_15__026_M_GA33_BW1700_PA40_DG11_PF0_D1_S04_1,COph100/patient/026,COph100,sift_h,sample_orientation,ok,35,7,5752,4329,False,True,False,414.1914460277329,0.5177393075346661,True,,1.2200257000076817,"[[-0.7185556331268292, -0.012123295031203865, 78.76517194148464], [-4.911655821709823, -0.2744266824769659, 676.4939292792844], [-0.007400452931556344, -0.00038222400560236207, 1.0]]"
6e2dfbcd21380d8f,COph100/026-1/026_M_GA33_BW1700_PA38_DG11_PF0_D1_S03_15__026_M_GA33_BW1700_PA42_DG11_PF0_D1_S05_6,COph100/patient/026,COph100,sift_h,fov,ok,41,6,10000,5812,False,True,False,494.0588149760204,0.6175735187200255,True,,1.6789696000050753,"[[0.25631448345645114, -0.13607074849802311, 63.71392746660737], [0.49475473147760574, -0.2627743828310526, 123.01668092679779], [0.0040226648344340995, -0.0021358840636665137, 1.0]]"
6e2dfbcd21380d8f,COph100/026-1/026_M_GA33_BW1700_PA38_DG11_PF0_D1_S03_15__026_M_GA33_BW1700_PA42_DG11_PF0_D1_S05_6,COph100/patient/026,COph100,sift_h,none,ok,41,7,10000,0,False,True,True,500.05829155308254,0.6250728644413531,True,True,1.9132458999956725,"[[1.460279553816535, -1.5454166291445999, 75.45915201861673], [2.880766874334433, -2.9246543094049335, 105.41575634276752], [0.0238317851175598, -0.024046201467413222, 1.0]]"
6e2dfbcd21380d8f,COph100/026-1/026_M_GA33_BW1700_PA38_DG11_PF0_D1_S03_15__026_M_GA33_BW1700_PA42_DG11_PF0_D1_S05_6,COph100/patient/026,COph100,sift_h,rectangle,ok,41,6,10000,9457,False,False,False,102.54941703271962,0.12818677129089953,True,,1.5935156999912579,"[[1.1504026498869195, 0.01304684815394633, -38.118482020452994], [0.05023986665123103, 0.7385158675085862, 97.68642942959832], [9.792703936932623e-05, -0.00033179937818321356, 1.0]]"
6e2dfbcd21380d8f,COph100/026-1/026_M_GA33_BW1700_PA38_DG11_PF0_D1_S03_15__026_M_GA33_BW1700_PA42_DG11_PF0_D1_S05_6,COph100/patient/026,COph100,sift_h,sample_orientation,ok,41,6,10000,7293,False,True,True,373.4785096472024,0.46684813705900297,True,,1.845616999999038,"[[24.233085250349028, -78.93930249538636, 7380.8531789076005], [4.14792044125565, -51.114238464911416, 4597.5262963329715], [0.001386471204220459, -0.057245998089517275, 1.0]]"
610959c366c436db,COph100/026-1/026_M_GA33_BW1700_PA40_DG11_PF0_D1_S04_1__026_M_GA33_BW1700_PA42_DG11_PF0_D1_S05_6,COph100/patient/026,COph100,sift_h,fov,ok,24,6,2354,1229,False,True,False,480.25998731214577,0.6003249841401822,True,,0.3773466999991797,"[[-0.026991691279318226, 0.0017219062345877284, 26.266544293275746], [-0.5323391385282074, 0.007825757931257858, 526.7667612375014], [-0.0010111987366725748, 2.7434820938355508e-05, 1.0]]"
610959c366c436db,COph100/026-1/026_M_GA33_BW1700_PA40_DG11_PF0_D1_S04_1__026_M_GA33_BW1700_PA42_DG11_PF0_D1_S05_6,COph100/patient/026,COph100,sift_h,none,ok,24,6,2354,0,False,True,False,480.25998731214577,0.6003249841401822,True,True,0.43568699999013916,"[[-0.026991691279318226, 0.0017219062345877284, 26.266544293275746], [-0.5323391385282074, 0.007825757931257858, 526.7667612375014], [-0.0010111987366725748, 2.7434820938355508e-05, 1.0]]"
610959c366c436db,COph100/026-1/026_M_GA33_BW1700_PA40_DG11_PF0_D1_S04_1__026_M_GA33_BW1700_PA42_DG11_PF0_D1_S05_6,COph100/patient/026,COph100,sift_h,rectangle,ok,24,5,4885,4615,False,False,False,401.51205785160255,0.5018900723145032,True,,0.842251900001429,"[[-0.5252619025899874, -0.2130360783465304, 772.2768451165855], [0.8252971986034155, -0.706558456955523, 728.4298483150355], [0.0012179143995334329, -0.0007796514377064357, 1.0]]"
610959c366c436db,COph100/026-1/026_M_GA33_BW1700_PA40_DG11_PF0_D1_S04_1__026_M_GA33_BW1700_PA42_DG11_PF0_D1_S05_6,COph100/patient/026,COph100,sift_h,sample_orientation,ok,24,6,2354,1677,False,True,False,480.25998731214577,0.6003249841401822,True,,0.5286657999968156,"[[-0.026991691279318226, 0.0017219062345877284, 26.266544293275746], [-0.5323391385282074, 0.007825757931257858, 526.7667612375014], [-0.0010111987366725748, 2.7434820938355508e-05, 1.0]]"
103911dbba8689ed,COph100/026/026_M_GA33_BW1700_PA34_DG11_PF0_D1_S01_2__026_M_GA33_BW1700_PA36_DG11_PF0_D1_S02_10,COph100/patient/026,COph100,sift_h,fov,ok,29,7,2709,1338,False,True,False,279.3756693938434,0.34921958674230424,True,,0.4896191000007093,"[[-2.5984753084321546, -0.16304735628333367, 138.6222804587168], [-13.381021143825715, -0.9518628158986533, 735.036887753265], [-0.018221352946519456, -0.0012931073361680259, 1.0]]"
103911dbba8689ed,COph100/026/026_M_GA33_BW1700_PA34_DG11_PF0_D1_S01_2__026_M_GA33_BW1700_PA36_DG11_PF0_D1_S02_10,COph100/patient/026,COph100,sift_h,none,ok,29,7,2709,0,False,True,False,279.3756693938434,0.34921958674230424,True,True,0.5373638999881223,"[[-2.5984753084321546, -0.16304735628333367, 138.6222804587168], [-13.381021143825715, -0.9518628158986533, 735.036887753265], [-0.018221352946519456, -0.0012931073361680259, 1.0]]"
103911dbba8689ed,COph100/026/026_M_GA33_BW1700_PA34_DG11_PF0_D1_S01_2__026_M_GA33_BW1700_PA36_DG11_PF0_D1_S02_10,COph100/patient/026,COph100,sift_h,rectangle,ok,29,6,5022,4563,False,False,False,198.1851781220001,0.24773147265250015,True,,0.7302245000028051,"[[1.8703839758301952, 4.111369719040314, -614.7410552211535], [-0.8646834167060876, 3.738427498073105, 614.9730414332233], [0.0002695477046639541, 0.0040198106576768994, 1.0]]"
103911dbba8689ed,COph100/026/026_M_GA33_BW1700_PA34_DG11_PF0_D1_S01_2__026_M_GA33_BW1700_PA36_DG11_PF0_D1_S02_10,COph100/patient/026,COph100,sift_h,sample_orientation,ok,29,7,2709,1866,False,True,True,316.8075795284444,0.3960094744105555,True,,0.4990171000099508,"[[-0.06421734570182419, -0.2243513189773922, 141.4208128444389], [-0.5672796517536575, -1.1416531817393252, 735.1625808442835], [-0.0007352057026099827, -0.0015553312635748454, 1.0]]"
10a93106d2985a9c,COph100/026/026_M_GA33_BW1700_PA34_DG11_PF0_D1_S01_2__026_M_GA33_BW1700_PA38_DG11_PF0_D1_S03_2,COph100/patient/026,COph100,sift_h,fov,ok,40,10,2354,1218,False,True,False,259.4327486305373,0.3242909357881716,True,,0.3713592999993125,"[[-1.0132777896455387, -0.6385985846942626, 153.3598667331615], [-4.923709569547193, -3.1016640205210195, 733.1581723379048], [-0.006724193434272806, -0.004132343274767314, 1.0]]"
10a93106d2985a9c,COph100/026/026_M_GA33_BW1700_PA34_DG11_PF0_D1_S01_2__026_M_GA33_BW1700_PA38_DG11_PF0_D1_S03_2,COph100/patient/026,COph100,sift_h,none,ok,40,10,2354,0,False,True,True,266.60456410199515,0.3332557051274939,True,True,0.44115710000914987,"[[-1.1799515811219055, 1.6193071280738764, 174.05399660656397], [-5.6419303344602705, 8.15589976157073, 732.819269447745], [-0.007673476678265896, 0.010686145408602476, 1.0]]"
10a93106d2985a9c,COph100/026/026_M_GA33_BW1700_PA34_DG11_PF0_D1_S01_2__026_M_GA33_BW1700_PA38_DG11_PF0_D1_S03_2,COph100/patient/026,COph100,sift_h,rectangle,ok,40,8,5752,5207,False,False,False,243.37844017142143,0.3042230502142768,True,,0.870190100002219,"[[-0.1222072251758026, -0.3054341055095921, 320.5891195412164], [-0.7343939207729133, -0.17811654574307864, 840.1275571329168], [-0.0008506578897425897, -5.0965998950117413e-05, 1.0]]"
10a93106d2985a9c,COph100/026/026_M_GA33_BW1700_PA34_DG11_PF0_D1_S01_2__026_M_GA33_BW1700_PA38_DG11_PF0_D1_S03_2,COph100/patient/026,COph100,sift_h,sample_orientation,ok,40,9,3590,2592,False,True,False,264.2011168230662,0.3302513960288327,True,,0.6845578000065871,"[[-0.11780720736954126, -0.06000005817401256, 153.61200700309732], [-0.579300074989455, -0.29382513024806717, 753.5229325508197], [-0.0007601352135773806, -0.00040140475008338305, 1.0]]"
4eac0c087ac1bd49,COph100/026/026_M_GA33_BW1700_PA34_DG11_PF0_D1_S01_2__026_M_GA33_BW1700_PA40_DG11_PF0_D1_S04_11,COph100/patient/026,COph100,sift_h,fov,ok,37,7,7185,3783,False,True,False,361.3187549018728,0.451648443627341,True,,1.2798538000060944,"[[-0.962267676107255, -0.16266990580307622, 982.0374589848701], [-0.6520553295023932, -0.11067678673641013, 665.4660757811562], [-0.0009819917785958434, -0.0001636278558382699, 1.0]]"
4eac0c087ac1bd49,COph100/026/026_M_GA33_BW1700_PA34_DG11_PF0_D1_S01_2__026_M_GA33_BW1700_PA40_DG11_PF0_D1_S04_11,COph100/patient/026,COph100,sift_h,none,ok,37,7,7185,0,False,True,True,352.9867811095477,0.4412334763869346,True,True,1.3267159999959404,"[[-0.7298033375734052, -1.6967517440056115, 969.1849865903232], [-0.4986571711876205, -1.159246908128732, 662.2099458169187], [-0.0007528718433489523, -0.0017506646240339184, 1.0]]"
4eac0c087ac1bd49,COph100/026/026_M_GA33_BW1700_PA34_DG11_PF0_D1_S01_2__026_M_GA33_BW1700_PA40_DG11_PF0_D1_S04_11,COph100/patient/026,COph100,sift_h,rectangle,ok,37,7,7185,6769,False,False,False,296.1016079461949,0.37012700993274367,True,,1.1388375999958953,"[[-0.32973811018715815, 2.24616701838476, 84.72733591775095], [-0.8525080104266245, 0.016813973235140715, 922.971778810182], [-0.000126891141147713, 0.0006748009790781682, 1.0]]"
4eac0c087ac1bd49,COph100/026/026_M_GA33_BW1700_PA34_DG11_PF0_D1_S01_2__026_M_GA33_BW1700_PA40_DG11_PF0_D1_S04_11,COph100/patient/026,COph100,sift_h,sample_orientation,ok,37,7,7185,5152,False,True,False,361.3187549018728,0.451648443627341,True,,1.4374079999979585,"[[-0.962267676107255, -0.16266990580307622, 982.0374589848701], [-0.6520553295023932, -0.11067678673641013, 665.4660757811562], [-0.0009819917785958434, -0.0001636278558382699, 1.0]]"
837b96fdf0c04813,COph100/026/026_M_GA33_BW1700_PA34_DG11_PF0_D1_S01_2__026_M_GA33_BW1700_PA42_DG11_PF0_D1_S05_8,COph100/patient/026,COph100,sift_h,fov,ok,40,7,9816,5239,False,False,False,356.9910252222438,0.4462387815278048,True,,1.6734231000009459,"[[-0.7225293215543186, -0.02286775074007157, 756.5715425651154], [0.0018027617909309134, -1.1352819423671032, 837.2092630678244], [0.00036797074626658636, -0.0009222762314659199, 1.0]]"
837b96fdf0c04813,COph100/026/026_M_GA33_BW1700_PA34_DG11_PF0_D1_S01_2__026_M_GA33_BW1700_PA42_DG11_PF0_D1_S05_8,COph100/patient/026,COph100,sift_h,none,ok,40,7,9816,0,False,True,True,303.04521180876156,0.37880651476095195,True,True,1.8733560999971814,"[[-0.011309835786693232, -0.216344648282306, 44.74355428749028], [-0.007248111392149969, -0.9386371690581796, 194.72653540053923], [-0.0002210674132387018, -0.004782749045809621, 1.0]]"
837b96fdf0c04813,COph100/026/026_M_GA33_BW1700_PA34_DG11_PF0_D1_S01_2__026_M_GA33_BW1700_PA42_DG11_PF0_D1_S05_8,COph100/patient/026,COph100,sift_h,rectangle,ok,40,7,9816,9197,False,False,False,356.9910252222438,0.4462387815278048,True,,1.4988692000042647,"[[-0.7225293215543186, -0.02286775074007157, 756.5715425651154], [0.0018027617909309134, -1.1352819423671032, 837.2092630678244], [0.00036797074626658636, -0.0009222762314659199, 1.0]]"
837b96fdf0c04813,COph100/026/026_M_GA33_BW1700_PA34_DG11_PF0_D1_S01_2__026_M_GA33_BW1700_PA42_DG11_PF0_D1_S05_8,COph100/patient/026,COph100,sift_h,sample_orientation,ok,40,7,9816,7094,False,True,True,15214.910216273023,19.01863777034128,True,,1.8921061000000918,"[[1.7925120478809615, -0.6224435000389945, -1714.1313570000632], [1.0397516654708296, -2.1136607278287034, -1069.3736163587976], [0.00046854022314955584, -0.014571793916921245, 1.0]]"
d9f5821955098c23,COph100/026/026_M_GA33_BW1700_PA36_DG11_PF0_D1_S02_10__026_M_GA33_BW1700_PA40_DG11_PF0_D1_S04_11,COph100/patient/026,COph100,sift_h,fov,ok,18,6,742,443,False,True,False,344.56478057009303,0.4307059757126163,True,,0.13129160000244156,"[[-0.2701226495662625, -0.10265672348297689, 30.97844915282506], [-1.253722415790541, -0.8735447641368892, 193.96697377821118], [-0.006933897855029408, -0.004251311063424198, 1.0]]"
d9f5821955098c23,COph100/026/026_M_GA33_BW1700_PA36_DG11_PF0_D1_S02_10__026_M_GA33_BW1700_PA40_DG11_PF0_D1_S04_11,COph100/patient/026,COph100,sift_h,none,ok,18,6,742,0,False,True,False,344.56478057009303,0.4307059757126163,True,True,0.15126410000084434,"[[-0.2701226495662625, -0.10265672348297689, 30.97844915282506], [-1.253722415790541, -0.8735447641368892, 193.96697377821118], [-0.006933897855029408, -0.004251311063424198, 1.0]]"
d9f5821955098c23,COph100/026/026_M_GA33_BW1700_PA36_DG11_PF0_D1_S02_10__026_M_GA33_BW1700_PA40_DG11_PF0_D1_S04_11,COph100/patient/026,COph100,sift_h,rectangle,ok,18,6,742,650,False,False,False,295.2323431319261,0.3690404289149076,True,,0.12185260000114795,"[[0.09254550628031011, -0.040854222844442595, 41.78449569898565], [-0.10430592246377532, 0.050667641896205165, 165.20971439323094], [-0.0009268192180577673, 0.00010115588827757152, 1.0]]"
d9f5821955098c23,COph100/026/026_M_GA33_BW1700_PA36_DG11_PF0_D1_S02_10__026_M_GA33_BW1700_PA40_DG11_PF0_D1_S04_11,COph100/patient/026,COph100,sift_h,sample_orientation,ok,18,6,742,513,False,True,False,376.7195861338861,0.4708994826673576,True,,0.13336900000285823,"[[-0.24973487024549793, -0.03582704209545576, 17.460028353530227], [0.06934609553559687, -0.5472277719689069, 42.95192422816473], [-0.013762705199050419, -0.000880684344351204, 1.0]]"
2d1f3cefa8da74ef,COph100/026/026_M_GA33_BW1700_PA38_DG11_PF0_D1_S03_2__026_M_GA33_BW1700_PA40_DG11_PF0_D1_S04_11,COph100/patient/026,COph100,sift_h,fov,ok,22,5,3448,2200,False,True,False,345.11874324938026,0.4313984290617253,True,,0.5732293000037316,"[[-0.04525024403366935, -0.003319442404616294, 42.97548258886636], [-0.1300476930268666, -0.08944418538570385, 172.98719530212227], [-0.0007325411633296997, -0.0005286794165699751, 1.0]]"
2d1f3cefa8da74ef,COph100/026/026_M_GA33_BW1700_PA38_DG11_PF0_D1_S03_2__026_M_GA33_BW1700_PA40_DG11_PF0_D1_S04_11,COph100/patient/026,COph100,sift_h,none,ok,22,5,3448,0,False,True,False,345.11874324938026,0.4313984290617253,True,True,0.6274772000033408,"[[-0.04525024403366935, -0.003319442404616294, 42.97548258886636], [-0.1300476930268666, -0.08944418538570385, 172.98719530212227], [-0.0007325411633296997, -0.0005286794165699751, 1.0]]"
2d1f3cefa8da74ef,COph100/026/026_M_GA33_BW1700_PA38_DG11_PF0_D1_S03_2__026_M_GA33_BW1700_PA40_DG11_PF0_D1_S04_11,COph100/patient/026,COph100,sift_h,rectangle,ok,22,4,8424,8089,False,False,False,233.7803029939088,0.292225378742386,True,,1.4632611999986693,"[[0.402987792073396, 2.2266667927066877, -368.8735465513878], [0.5018871581014519, 0.7979954428730106, 269.3549469989185], [6.640851052997336e-05, 0.0005603773505966038, 1.0]]"
2d1f3cefa8da74ef,COph100/026/026_M_GA33_BW1700_PA38_DG11_PF0_D1_S03_2__026_M_GA33_BW1700_PA40_DG11_PF0_D1_S04_11,COph100/patient/026,COph100,sift_h,sample_orientation,ok,22,5,3454,2582,False,True,True,344.90497822221505,0.43113122277776883,True,,0.6932398999924771,"[[-0.027499891272674, -0.01186202535855247, 6.466928878799469], [-0.051391031239135604, -0.6647542661681001, 347.19032057259693], [-0.00048815929208131237, -0.0017965589643304705, 1.0]]"
21191668f5ebc2e7,COph100/026/026_M_GA33_BW1700_PA40_DG11_PF0_D1_S04_11__026_M_GA33_BW1700_PA42_DG11_PF0_D1_S05_8,COph100/patient/026,COph100,sift_h,fov,ok,41,8,6350,3213,False,True,False,258.6125016006463,0.32326562700080785,True,,1.0490236999903573,"[[-0.521637889044735, -0.8893083699673474, 109.86110788534116], [-3.1887927644138485, -5.67543378122558, 680.7838772277121], [-0.004665377402939332, -0.008416308054702015, 1.0]]"
21191668f5ebc2e7,COph100/026/026_M_GA33_BW1700_PA40_DG11_PF0_D1_S04_11__026_M_GA33_BW1700_PA42_DG11_PF0_D1_S05_8,COph100/patient/026,COph100,sift_h,none,ok,41,8,6350,0,False,True,True,275.52780660464157,0.34440975825580195,True,True,1.1888573999895016,"[[0.3673113157855171, -0.48479437643131135, 31.77370356960488], [1.8824724856096042, -3.037042003580114, 554.6365138683781], [0.002567892260878254, -0.004519257701813483, 1.0]]"
21191668f5ebc2e7,COph100/026/026_M_GA33_BW1700_PA40_DG11_PF0_D1_S04_11__026_M_GA33_BW1700_PA42_DG11_PF0_D1_S05_8,COph100/patient/026,COph100,sift_h,rectangle,ok,41,7,10000,9522,False,False,False,273.30228728897384,0.3416278591112173,True,,1.6295422999974107,"[[0.973111025725823, 2.1771589377351424, -178.4739535557116], [4.919858042097519, 10.729382688644073, 179.92675241566698], [0.0066997700080482165, 0.013251105378281369, 1.0]]"
21191668f5ebc2e7,COph100/026/026_M_GA33_BW1700_PA40_DG11_PF0_D1_S04_11__026_M_GA33_BW1700_PA42_DG11_PF0_D1_S05_8,COph100/patient/026,COph100,sift_h,sample_orientation,ok,41,8,6350,4710,False,True,False,258.6125016006463,0.32326562700080785,True,,1.2374958000000333,"[[-0.521637889044735, -0.8893083699673474, 109.86110788534116], [-3.1887927644138485, -5.67543378122558, 680.7838772277121], [-0.004665377402939332, -0.008416308054702015, 1.0]]"
ec2f6996987ecf8c,COph100/027/027_F_GA31_BW1460_PA33_DG11_PF0_D1_S01_4__027_F_GA31_BW1460_PA37_DG11_PF0_D1_S03_5,COph100/patient/027,COph100,sift_h,fov,ok,29,5,10000,5625,False,True,False,330.6840720391589,0.4133550900489486,True,,1.718114199989941,"[[-5.709868114495402, -3.7213133326004018, 963.416417313768], [-0.6774482002302963, -0.4410518974185343, 114.32611663480988], [-0.005931367060907317, -0.00386200207983552, 1.0]]"
ec2f6996987ecf8c,COph100/027/027_F_GA31_BW1460_PA33_DG11_PF0_D1_S01_4__027_F_GA31_BW1460_PA37_DG11_PF0_D1_S03_5,COph100/patient/027,COph100,sift_h,none,ok,29,5,10000,0,False,True,True,330.63162927784936,0.4132895365973117,True,True,2.111275700008264,"[[-0.2474731991223671, -13.684318488753334, 964.4760820670243], [-0.03204819795759777, -1.6214830488764536, 114.5903950066599], [-0.000259718361059731, -0.014202401339008245, 1.0]]"
ec2f6996987ecf8c,COph100/027/027_F_GA31_BW1460_PA33_DG11_PF0_D1_S01_4__027_F_GA31_BW1460_PA37_DG11_PF0_D1_S03_5,COph100/patient/027,COph100,sift_h,rectangle,ok,29,4,10000,9607,False,False,False,333.58741199099455,0.4169842649887432,True,,1.6317479999997886,"[[-0.44340867406078777, -0.45973854834629985, 739.7596852402389], [0.03408007112230558, -1.2415370354926287, 876.2835479985474], [-0.00016366193557978753, -0.0010114690497693556, 1.0]]"
ec2f6996987ecf8c,COph100/027/027_F_GA31_BW1460_PA33_DG11_PF0_D1_S01_4__027_F_GA31_BW1460_PA37_DG11_PF0_D1_S03_5,COph100/patient/027,COph100,sift_h,sample_orientation,invalid_transform,29,5,10000,7355,False,,,,,True,,1.9431444000074407,
aebf176415b63b6a,COph100/027/027_F_GA31_BW1460_PA33_DG11_PF0_D1_S01_4__027_F_GA31_BW1460_PA40_DG11_PF0_D1_S04_7,COph100/patient/027,COph100,sift_h,fov,ok,37,7,7185,3939,False,True,False,368.01600198997625,0.4600200024874703,True,,1.3472268000041367,"[[0.36919025410425244, -0.31845277869338495, 177.62809972265632], [1.537938683188743, -1.3267888923571607, 740.241732859814], [0.0020759362676452966, -0.0017920312399258246, 1.0]]"
aebf176415b63b6a,COph100/027/027_F_GA31_BW1460_PA33_DG11_PF0_D1_S01_4__027_F_GA31_BW1460_PA40_DG11_PF0_D1_S04_7,COph100/patient/027,COph100,sift_h,none,ok,37,7,7185,0,False,True,False,368.01600198997625,0.4600200024874703,True,True,1.4197058999998262,"[[0.36919025410425244, -0.31845277869338495, 177.62809972265632], [1.537938683188743, -1.3267888923571607, 740.241732859814], [0.0020759362676452966, -0.0017920312399258246, 1.0]]"
aebf176415b63b6a,COph100/027/027_F_GA31_BW1460_PA33_DG11_PF0_D1_S01_4__027_F_GA31_BW1460_PA40_DG11_PF0_D1_S04_7,COph100/patient/027,COph100,sift_h,rectangle,ok,37,6,10000,9276,False,False,False,366.6786777606789,0.45834834720084866,True,,1.5323201000137487,"[[34.16656454383371, 26.599899403248763, -19773.64018867566], [-3.6784670834119795, -20.020691429169, 15903.590794365242], [0.015241967054818346, 0.004537608749701858, 1.0]]"
aebf176415b63b6a,COph100/027/027_F_GA31_BW1460_PA33_DG11_PF0_D1_S01_4__027_F_GA31_BW1460_PA40_DG11_PF0_D1_S04_7,COph100/patient/027,COph100,sift_h,sample_orientation,ok,37,6,10000,6811,False,True,True,355.77174906038005,0.44471468632547506,True,,1.9489240999973845,"[[-0.20183300845776042, -1.4806837953944807, 975.2506769594787], [-0.033676100926891085, 0.08560738617931626, -60.70111917622545], [-0.0001912931700705155, -0.001543004809486242, 1.0]]"
2e51dc12e56ffe46,COph100/027/027_F_GA31_BW1460_PA35_DG11_PF0_D1_S02_2__027_F_GA31_BW1460_PA37_DG11_PF0_D1_S03_5,COph100/patient/027,COph100,sift_h,fov,ok,30,8,1817,1044,False,True,False,322.5818725796653,0.4032273407245816,True,,0.31591649999609217,"[[-0.9882745550436909, -0.11749587785685965, 970.929732036828], [-0.6657145375472088, -0.07849763328284892, 653.4078016456384], [-0.0010187639342600556, -0.00012082696932048096, 1.0]]"
2e51dc12e56ffe46,COph100/027/027_F_GA31_BW1460_PA35_DG11_PF0_D1_S02_2__027_F_GA31_BW1460_PA37_DG11_PF0_D1_S03_5,COph100/patient/027,COph100,sift_h,none,ok,30,8,1817,0,False,True,False,322.5818725796653,0.4032273407245816,True,True,0.3659846000082325,"[[-0.9882745550436909, -0.11749587785685965, 970.929732036828], [-0.6657145375472088, -0.07849763328284892, 653.4078016456384], [-0.0010187639342600556, -0.00012082696932048096, 1.0]]"
2e51dc12e56ffe46,COph100/027/027_F_GA31_BW1460_PA35_DG11_PF0_D1_S02_2__027_F_GA31_BW1460_PA37_DG11_PF0_D1_S03_5,COph100/patient/027,COph100,sift_h,rectangle,ok,30,7,3103,2842,False,False,False,265.3485410894681,0.3316856763618351,True,,0.5176062999962596,"[[-0.46177793898797853, -0.1949631986206362, 571.3349690784073], [-0.29915572532112755, -0.7739061684598139, 858.9678985539707], [-0.00025889367153604243, -0.0007972616782854295, 1.0]]"
2e51dc12e56ffe46,COph100/027/027_F_GA31_BW1460_PA35_DG11_PF0_D1_S02_2__027_F_GA31_BW1460_PA37_DG11_PF0_D1_S03_5,COph100/patient/027,COph100,sift_h,sample_orientation,ok,30,7,3103,2207,False,True,True,1198.4451501946248,1.498056437743281,True,,0.5751806999905966,"[[0.03742175506921289, -0.060204452749210824, -62.88926147177576], [-0.03544572645493162, 0.08671939784478498, -128.13873742179948], [-0.0011160227189970758, -0.0012825850640671768, 1.0]]"
f086aff5795672a6,COph100/027/027_F_GA31_BW1460_PA35_DG11_PF0_D1_S02_2__027_F_GA31_BW1460_PA40_DG11_PF0_D1_S04_7,COph100/patient/027,COph100,sift_h,fov,ok,36,8,3773,2069,False,True,False,348.28807588799674,0.43536009485999594,True,,0.7050338999979431,"[[-0.9027579169593503, 0.0038926558318107003, 916.1304613425502], [-0.7059372578340242, 0.007550397593239039, 714.9262834064967], [-0.0009873415920633572, 9.05605555878162e-06, 1.0]]"
f086aff5795672a6,COph100/027/027_F_GA31_BW1460_PA35_DG11_PF0_D1_S02_2__027_F_GA31_BW1460_PA40_DG11_PF0_D1_S04_7,COph100/patient/027,COph100,sift_h,none,ok,36,8,3773,0,False,True,False,348.28807588799674,0.43536009485999594,True,True,0.7822283999994397,"[[-0.9027579169593503, 0.0038926558318107003, 916.1304613425502], [-0.7059372578340242, 0.007550397593239039, 714.9262834064967], [-0.0009873415920633572, 9.05605555878162e-06, 1.0]]"
f086aff5795672a6,COph100/027/027_F_GA31_BW1460_PA35_DG11_PF0_D1_S02_2__027_F_GA31_BW1460_PA40_DG11_PF0_D1_S04_7,COph100/patient/027,COph100,sift_h,rectangle,ok,36,6,10000,9242,False,False,False,2248.5163312728496,2.810645414091062,True,,1.5209441000042716,"[[3.7630917712668728, 1.0209183379031752, -3987.173540621739], [2.962563093915161, -0.1211494591461904, -2769.7407664715593], [-0.0006093231882291144, -9.376773457394682e-05, 1.0]]"
f086aff5795672a6,COph100/027/027_F_GA31_BW1460_PA35_DG11_PF0_D1_S02_2__027_F_GA31_BW1460_PA40_DG11_PF0_D1_S04_7,COph100/patient/027,COph100,sift_h,sample_orientation,ok,36,7,6439,4696,False,True,True,337.02549103892716,0.42128186379865895,True,,1.2094278000004124,"[[-3.2210817761201063, 12.934268801676978, 939.9100318189991], [-2.0008570181776135, 7.618306751462587, 693.01694371096], [-0.0032176151511684927, 0.012898685017839117, 1.0]]"
6e9e7fe5afbe010f,COph100/027/027_F_GA31_BW1460_PA37_DG11_PF0_D1_S03_5__027_F_GA31_BW1460_PA40_DG11_PF0_D1_S04_7,COph100/patient/027,COph100,sift_h,fov,ok,27,8,1191,621,False,True,False,370.32730459867975,0.46290913074834966,True,,0.23539119999622926,"[[-0.026738633278183526, -0.0014417706331985565, 26.90523312809938], [-0.5165874499432284, -0.02713191709803834, 519.3722656262745], [-0.0009948900219958518, -5.207045080879784e-05, 1.0]]"
6e9e7fe5afbe010f,COph100/027/027_F_GA31_BW1460_PA37_DG11_PF0_D1_S03_5__027_F_GA31_BW1460_PA40_DG11_PF0_D1_S04_7,COph100/patient/027,COph100,sift_h,none,ok,27,8,1191,0,False,True,False,370.32730459867975,0.46290913074834966,True,True,0.21486369999183808,"[[-0.026738633278183526, -0.0014417706331985565, 26.90523312809938], [-0.5165874499432284, -0.02713191709803834, 519.3722656262745], [-0.0009948900219958518, -5.207045080879784e-05, 1.0]]"
6e9e7fe5afbe010f,COph100/027/027_F_GA31_BW1460_PA37_DG11_PF0_D1_S03_5__027_F_GA31_BW1460_PA40_DG11_PF0_D1_S04_7,COph100/patient/027,COph100,sift_h,rectangle,ok,27,5,7827,7351,False,False,False,286.55975204349556,0.35819969005436947,True,,1.1649392999970587,"[[-0.9815165314025068, -0.562009526463147, 1354.3670065965564], [1.8024178627681693, -1.569026827325829, 817.2472650778984], [0.0027982606864603585, -9.706352053040607e-05, 1.0]]"
6e9e7fe5afbe010f,COph100/027/027_F_GA31_BW1460_PA37_DG11_PF0_D1_S03_5__027_F_GA31_BW1460_PA40_DG11_PF0_D1_S04_7,COph100/patient/027,COph100,sift_h,sample_orientation,ok,27,7,2035,1456,False,True,False,370.28336701088136,0.4628542087636017,True,,0.35970990000350866,"[[-0.02001557130062894, -0.012572377710378436, 26.896462807062836], [-0.3861672748656399, -0.24248913417494145, 519.3279920749579], [-0.0007433592732310932, -0.00046702924744937896, 1.0]]"
529df8d48717356d,COph100/028-1/028_F_GA32_BW1760_PA38_DG0_PF0_D1_S02_7__028_F_GA32_BW1760_PA41_DG0_PF0_D1_S03_7,COph100/patient/028,COph100,sift_h,fov,ok,37,7,7185,3773,False,True,False,328.05000141278293,0.4100625017659787,True,,1.2136599000077695,"[[-1.5318737822091488, -0.1398991950702373, 162.61880515348798], [-6.976683748517048, -0.5931364357839046, 709.8886897100272], [-0.009877243527328706, -0.0008311968419427467, 1.0]]"
529df8d48717356d,COph100/028-1/028_F_GA32_BW1760_PA38_DG0_PF0_D1_S02_7__028_F_GA32_BW1760_PA41_DG0_PF0_D1_S03_7,COph100/patient/028,COph100,sift_h,none,ok,37,7,7185,0,False,True,False,328.05000141278293,0.4100625017659787,True,True,1.3888872000097763,"[[-1.5318737822091488, -0.1398991950702373, 162.61880515348798], [-6.976683748517048, -0.5931364357839046, 709.8886897100272], [-0.009877243527328706, -0.0008311968419427467, 1.0]]"
529df8d48717356d,COph100/028-1/028_F_GA32_BW1760_PA38_DG0_PF0_D1_S02_7__028_F_GA32_BW1760_PA41_DG0_PF0_D1_S03_7,COph100/patient/028,COph100,sift_h,rectangle,ok,37,5,10000,9326,False,False,False,392.04817847906946,0.49006022309883684,True,,1.6007752000004984,"[[2.151972516424983, 0.7101368974334793, -163.63171913059725], [-0.312024795638604, -1.3828592200130754, 846.668193074933], [0.001337391508089099, -0.0011683299972271354, 1.0]]"
529df8d48717356d,COph100/028-1/028_F_GA32_BW1760_PA38_DG0_PF0_D1_S02_7__028_F_GA32_BW1760_PA41_DG0_PF0_D1_S03_7,COph100/patient/028,COph100,sift_h,sample_orientation,ok,37,6,10000,7173,False,True,False,337.9832291635768,0.42247903645447105,True,,1.872976500002551,"[[-1.6352767601517133, -0.15225656225920461, 152.4026856947278], [-8.506079656571943, -0.49481308591284096, 729.8592075833003], [-0.011865481275778664, -0.0006954035132463173, 1.0]]"
09c593ff4776c729,COph100/028/028_F_GA32_BW1760_PA33_DG0_PF0_D1_S01_2__028_F_GA32_BW1760_PA38_DG0_PF0_D1_S02_3,COph100/patient/028,COph100,sift_h,fov,ok,35,7,6930,3571,False,True,False,355.9399893589978,0.44492498669874725,True,,1.2768149000039557,"[[-8.283811726501032, -0.973815847169471, 966.722179990703], [-5.270286101073851, -0.5362071635337927, 614.5241643406149], [-0.008577411755601151, -0.0009915126754661983, 1.0]]"
09c593ff4776c729,COph100/028/028_F_GA32_BW1760_PA33_DG0_PF0_D1_S01_2__028_F_GA32_BW1760_PA38_DG0_PF0_D1_S02_3,COph100/patient/028,COph100,sift_h,none,ok,35,7,6930,0,False,True,False,355.9399893589978,0.44492498669874725,True,True,1.385084099994856,"[[-8.283811726501032, -0.973815847169471, 966.722179990703], [-5.270286101073851, -0.5362071635337927, 614.5241643406149], [-0.008577411755601151, -0.0009915126754661983, 1.0]]"
09c593ff4776c729,COph100/028/028_F_GA32_BW1760_PA33_DG0_PF0_D1_S01_2__028_F_GA32_BW1760_PA38_DG0_PF0_D1_S02_3,COph100/patient/028,COph100,sift_h,rectangle,ok,35,5,10000,9416,False,False,False,214.67050483569923,0.26833813104462406,True,,1.5303507000062382,"[[1.7584206475745512, -0.20251851982403754, -51.75198699320897], [0.562080590354284, -0.5401304122267586, 738.3354281526892], [0.0011008656989405967, -0.0008200814132331862, 1.0]]"
09c593ff4776c729,COph100/028/028_F_GA32_BW1760_PA33_DG0_PF0_D1_S01_2__028_F_GA32_BW1760_PA38_DG0_PF0_D1_S02_3,COph100/patient/028,COph100,sift_h,sample_orientation,ok,35,6,10000,7326,False,True,False,355.88534267089983,0.4448566783386248,True,,1.8947526999982074,"[[-7.315428094280896, -5.052633250998382, 967.3183247965588], [-4.5987510615837035, -3.1834092093838198, 607.5969923095191], [-0.00756518891978064, -0.005224684005737619, 1.0]]"
36a5d609f237f98b,COph100/028/028_F_GA32_BW1760_PA33_DG0_PF0_D1_S01_2__028_F_GA32_BW1760_PA41_DG0_PF0_D1_S03_2,COph100/patient/028,COph100,sift_h,fov,ok,39,6,10000,5241,False,True,False,405.81453525893556,0.5072681690736695,True,,1.9459066999988863,"[[-0.4449739771044825, -0.7927643690113572, 945.5177756214233], [0.06522688627689344, -0.2512010173481643, 95.53390758225069], [-0.0004973722022167914, -0.0008093066011293172, 1.0]]"
36a5d609f237f98b,COph100/028/028_F_GA32_BW1760_PA33_DG0_PF0_D1_S01_2__028_F_GA32_BW1760_PA41_DG0_PF0_D1_S03_2,COph100/patient/028,COph100,sift_h,none,ok,39,6,10000,0,False,True,False,405.81453525893556,0.5072681690736695,True,True,1.9666471000091406,"[[-0.4449739771044825, -0.7927643690113572, 945.5177756214233], [0.06522688627689344, -0.2512010173481643, 95.53390758225069], [-0.0004973722022167914, -0.0008093066011293172, 1.0]]"
36a5d609f237f98b,COph100/028/028_F_GA32_BW1760_PA33_DG0_PF0_D1_S01_2__028_F_GA32_BW1760_PA41_DG0_PF0_D1_S03_2,COph100/patient/028,COph100,sift_h,rectangle,ok,39,6,10000,9333,False,False,False,33.75307598341245,0.04219134497926556,True,,1.6199025000096299,"[[1.1607549652525047, 0.2502496635869712, -135.25856019950783], [0.055476304759628565, 1.2297965935616488, -59.30467789228785], [2.177568688587707e-05, 0.00026453966022872694, 1.0]]"
36a5d609f237f98b,COph100/028/028_F_GA32_BW1760_PA33_DG0_PF0_D1_S01_2__028_F_GA32_BW1760_PA41_DG0_PF0_D1_S03_2,COph100/patient/028,COph100,sift_h,sample_orientation,ok,39,6,10000,7164,False,True,True,381.7741076667659,0.47721763458345734,True,,1.8571041000104742,"[[5.905967434108207, -8.344524102220726, 899.6536772105297], [0.21963829737142257, -0.31167777498372284, 34.39455327379441], [0.006465653659184697, -0.009155983725024698, 1.0]]"
77489fa3cfc93e98,COph100/031-1/031_M_GA25_BW910_PA32_DG2_PF0_D1_S01_6__031_M_GA25_BW910_PA35_DG3_PF0_D1_S04_7,COph100/patient/031,COph100,sift_h,fov,ok,33,6,8424,5201,False,True,False,291.6917527746422,0.3646146909683028,True,,1.4845156999945175,"[[0.3219593217498503, -0.08317814383889408, 27.2273586100401], [5.653601421038796, -1.4084495584633676, 456.89685341675886], [0.012550976212005075, -0.003077882771944908, 1.0]]"
77489fa3cfc93e98,COph100/031-1/031_M_GA25_BW910_PA32_DG2_PF0_D1_S01_6__031_M_GA25_BW910_PA35_DG3_PF0_D1_S04_7,COph100/patient/031,COph100,sift_h,none,ok,33,6,8424,0,False,True,False,291.6917527746422,0.3646146909683028,True,True,1.666222799991374,"[[0.3219593217498503, -0.08317814383889408, 27.2273586100401], [5.653601421038796, -1.4084495584633676, 456.89685341675886], [0.012550976212005075, -0.003077882771944908, 1.0]]"
77489fa3cfc93e98,COph100/031-1/031_M_GA25_BW910_PA32_DG2_PF0_D1_S01_6__031_M_GA25_BW910_PA35_DG3_PF0_D1_S04_7,COph100/patient/031,COph100,sift_h,rectangle,ok,33,6,8424,8033,False,False,False,158.20874158825893,0.19776092698532366,True,,1.3013654999958817,"[[2.2614059717051553, 0.6667376033206939, -583.6149371110398], [-0.10901089229495338, 2.0351953766346433, 68.37863921987667], [0.000704012501115216, 0.0006140442226815651, 1.0]]"
77489fa3cfc93e98,COph100/031-1/031_M_GA25_BW910_PA32_DG2_PF0_D1_S01_6__031_M_GA25_BW910_PA35_DG3_PF0_D1_S04_7,COph100/patient/031,COph100,sift_h,sample_orientation,ok,33,6,8424,6058,False,False,False,158.20874158825893,0.19776092698532366,True,,1.5772022000019206,"[[2.2614059717051553, 0.6667376033206939, -583.6149371110398], [-0.10901089229495338, 2.0351953766346433, 68.37863921987667], [0.000704012501115216, 0.0006140442226815651, 1.0]]"
9fa9b244be9f9243,COph100/031-1/031_M_GA25_BW910_PA32_DG2_PF0_D1_S01_6__031_M_GA25_BW910_PA36_DG3_PF0_D1_S05_10,COph100/patient/031,COph100,sift_h,fov,ok,31,7,3539,1362,False,True,False,295.29511454007195,0.36911889317508995,True,,0.6528775000042515,"[[-0.6293145189460828, -0.6614843613562459, 113.0486539218895], [-4.1653802312708095, -3.191191650972531, 681.713803529408], [-0.006253543349802453, -0.004255686227678761, 1.0]]"
9fa9b244be9f9243,COph100/031-1/031_M_GA25_BW910_PA32_DG2_PF0_D1_S01_6__031_M_GA25_BW910_PA36_DG3_PF0_D1_S05_10,COph100/patient/031,COph100,sift_h,none,ok,31,7,3539,0,False,True,False,295.29511454007195,0.36911889317508995,True,True,0.6525719000055688,"[[-0.6293145189460828, -0.6614843613562459, 113.0486539218895], [-4.1653802312708095, -3.191191650972531, 681.713803529408], [-0.006253543349802453, -0.004255686227678761, 1.0]]"
9fa9b244be9f9243,COph100/031-1/031_M_GA25_BW910_PA32_DG2_PF0_D1_S01_6__031_M_GA25_BW910_PA36_DG3_PF0_D1_S05_10,COph100/patient/031,COph100,sift_h,rectangle,ok,31,6,6559,6147,False,False,False,235.6641742022053,0.2945802177527566,True,,1.0011912000045413,"[[696.1821091257223, 79.37138147471451, -42667.15208702523], [-31.968066949619992, 741.87672249875, -24221.865855903412], [0.04665575374711604, 0.9269743685382638, 1.0]]"
9fa9b244be9f9243,COph100/031-1/031_M_GA25_BW910_PA32_DG2_PF0_D1_S01_6__031_M_GA25_BW910_PA36_DG3_PF0_D1_S05_10,COph100/patient/031,COph100,sift_h,sample_orientation,ok,31,7,3539,2432,False,True,False,292.322408426818,0.36540301053352253,True,,0.6727302000072086,"[[6.7689093370481075, 0.22437120167331426, -287.86595996708155], [39.902697428783874, -2.111105183872209, -3.5614133908848857], [0.05765929309444699, -0.005003210064129551, 1.0]]"
4b02f814429f08a8,COph100/031-1/031_M_GA25_BW910_PA33_DG3_PF0_D1_S02_8__031_M_GA25_BW910_PA37_DG3_PF0_D1_S06_10,COph100/patient/031,COph100,sift_h,fov,ok,42,7,10000,5319,False,True,False,240.2759920393039,0.3003449900491299,True,,1.8082733000046574,"[[-0.23729326678185494, -0.5265536538459603, 497.432595089216], [0.22609550480276705, 0.2503283498155026, -208.20039524580648], [-0.0007635557460080013, -0.0004395154646315376, 1.0]]"
4b02f814429f08a8,COph100/031-1/031_M_GA25_BW910_PA33_DG3_PF0_D1_S02_8__031_M_GA25_BW910_PA37_DG3_PF0_D1_S06_10,COph100/patient/031,COph100,sift_h,none,ok,42,8,6993,0,False,True,True,826.939028810297,1.0336737860128713,True,True,1.360879700005171,"[[0.4521434162285091, -0.23627123214576426, 68.31291766904188], [-0.09171649777158583, -0.14636697306707844, 116.4568915227418], [-0.00043632127905139255, -0.001697271076581519, 1.0]]"
4b02f814429f08a8,COph100/031-1/031_M_GA25_BW910_PA33_DG3_PF0_D1_S02_8__031_M_GA25_BW910_PA37_DG3_PF0_D1_S06_10,COph100/patient/031,COph100,sift_h,rectangle,ok,42,7,10000,9309,False,False,False,167.55505968923597,0.20944382461154498,True,,1.471148099997663,"[[1.1808474856005944, -0.017024570390654255, 23.85715825991648], [0.10972707115123936, 1.1770874763924053, -101.8423154247637], [0.00022501559005797146, -5.652065403669229e-05, 1.0]]"
4b02f814429f08a8,COph100/031-1/031_M_GA25_BW910_PA33_DG3_PF0_D1_S02_8__031_M_GA25_BW910_PA37_DG3_PF0_D1_S06_10,COph100/patient/031,COph100,sift_h,sample_orientation,ok,42,7,10000,7194,False,True,True,289.6161362177015,0.3620201702721269,True,,1.947880299994722,"[[-0.8192496823578085, -13.889190278427865, 1354.6907572779382], [0.15080865320040907, -2.436869790309531, -23.414594755732573], [-0.0004205841304054737, -0.014313267658662449, 1.0]]"
222f9e8a6bcd064e,COph100/031-1/031_M_GA25_BW910_PA33_DG3_PF0_D1_S02_8__031_M_GA25_BW910_PA43_DG9_PF0_D1_S09_4,COph100/patient/031,COph100,sift_h,fov,ok,42,7,10000,5383,False,True,False,291.8195413006762,0.36477442662584525,True,,1.710349100001622,"[[-0.03426185337159082, -0.00038991770715437926, 34.225681253534525], [-0.48511506138999033, 0.012862734916399545, 482.92008377262084], [-0.0010021355232597193, 1.034664709060338e-05, 1.0]]"
222f9e8a6bcd064e,COph100/031-1/031_M_GA25_BW910_PA33_DG3_PF0_D1_S02_8__031_M_GA25_BW910_PA43_DG9_PF0_D1_S09_4,COph100/patient/031,COph100,sift_h,none,ok,42,7,10000,0,False,True,False,291.8195413006762,0.36477442662584525,True,True,1.940270800012513,"[[-0.03426185337159082, -0.00038991770715437926, 34.225681253534525], [-0.48511506138999033, 0.012862734916399545, 482.92008377262084], [-0.0010021355232597193, 1.034664709060338e-05, 1.0]]"
222f9e8a6bcd064e,COph100/031-1/031_M_GA25_BW910_PA33_DG3_PF0_D1_S02_8__031_M_GA25_BW910_PA43_DG9_PF0_D1_S09_4,COph100/patient/031,COph100,sift_h,rectangle,ok,42,6,10000,9441,False,False,False,310.7199936841549,0.3883999921051936,True,,1.6079564999963623,"[[0.08355075183288899, -1.5299735167586108, 985.3782111968587], [0.21234872138723157, -0.17970119121141648, 103.59882925571127], [-0.00019708652668488667, -0.0007090397927254421, 1.0]]"
222f9e8a6bcd064e,COph100/031-1/031_M_GA25_BW910_PA33_DG3_PF0_D1_S02_8__031_M_GA25_BW910_PA43_DG9_PF0_D1_S09_4,COph100/patient/031,COph100,sift_h,sample_orientation,ok,42,6,10000,7428,False,True,False,298.19278783176776,0.3727409847897097,True,,1.9900885000097333,"[[-0.22837951972415302, -0.05903757847823027, 25.762463643867296], [-4.671989497557667, -1.218182389407162, 549.578087745806], [-0.008518155982147665, -0.002224786241480163, 1.0]]"
49efae197ba429e1,COph100/031-1/031_M_GA25_BW910_PA34_DG3_PF0_D1_S03_4__031_M_GA25_BW910_PA38_DG3_PF0_D1_S07_3,COph100/patient/031,COph100,sift_h,fov,ok,40,7,9816,5318,False,True,False,337.099354554481,0.42137419319310127,True,,1.742358699993929,"[[-0.02530229336375776, -0.025249083415565223, 40.514304039122365], [-0.11277235853115704, -0.11246516346295121, 180.51129234408265], [-0.0006245530581188281, -0.000623035137252057, 1.0]]"
49efae197ba429e1,COph100/031-1/031_M_GA25_BW910_PA34_DG3_PF0_D1_S03_4__031_M_GA25_BW910_PA38_DG3_PF0_D1_S07_3,COph100/patient/031,COph100,sift_h,none,ok,40,7,9816,0,False,True,False,337.099354554481,0.42137419319310127,True,True,1.9793111000035424,"[[-0.02530229336375776, -0.025249083415565223, 40.514304039122365], [-0.11277235853115704, -0.11246516346295121, 180.51129234408265], [-0.0006245530581188281, -0.000623035137252057, 1.0]]"
49efae197ba429e1,COph100/031-1/031_M_GA25_BW910_PA34_DG3_PF0_D1_S03_4__031_M_GA25_BW910_PA38_DG3_PF0_D1_S07_3,COph100/patient/031,COph100,sift_h,rectangle,ok,40,6,10000,9416,False,False,False,241.2444661233382,0.30155558265417276,True,,1.6337093000038294,"[[-1.209700901950437, 0.38760659038770123, 1051.2166446443694], [0.8611547813026188, -1.5720944017179386, 924.1302501255403], [2.0694839606878968e-05, 0.0005015297615115629, 1.0]]"
49efae197ba429e1,COph100/031-1/031_M_GA25_BW910_PA34_DG3_PF0_D1_S03_4__031_M_GA25_BW910_PA38_DG3_PF0_D1_S07_3,COph100/patient/031,COph100,sift_h,sample_orientation,ok,40,6,10000,7193,False,True,False,210.08302278917685,0.26260377848647104,True,,1.9877392999915173,"[[-1.150933426472647, 0.06668106014257129, 1125.858150385946], [-0.6438940594861255, 0.4870574689834155, 582.3436293835197], [-0.0010681905726419344, 0.0007420138841198302, 1.0]]"
a4e139d9c387cd3e,COph100/031-1/031_M_GA25_BW910_PA34_DG3_PF0_D1_S03_4__031_M_GA25_BW910_PA40_DG2_PF0_D1_S08_4,COph100/patient/031,COph100,sift_h,fov,ok,42,6,10000,5027,False,True,False,335.57956792910784,0.4194744599113848,True,,1.7442917000007583,"[[-0.4958186643200873, -0.653224782158491, 147.50725577649268], [-0.1429574017615948, -0.8163001726812559, 278.1423671265535], [-0.006933571895975636, -0.0013489912589285675, 1.0]]"
a4e139d9c387cd3e,COph100/031-1/031_M_GA25_BW910_PA34_DG3_PF0_D1_S03_4__031_M_GA25_BW910_PA40_DG2_PF0_D1_S08_4,COph100/patient/031,COph100,sift_h,none,ok,42,6,10000,0,False,True,True,327.6638808561338,0.40957985107016726,True,True,2.008540800001356,"[[-0.09618364514302762, -0.8505908252064251, 145.5369793179211], [0.015633394185212115, -0.3540194728639327, -27.558479022030298], [-0.0005243620547085295, -0.007710829780119394, 1.0]]"
a4e139d9c387cd3e,COph100/031-1/031_M_GA25_BW910_PA34_DG3_PF0_D1_S03_4__031_M_GA25_BW910_PA40_DG2_PF0_D1_S08_4,COph100/patient/031,COph100,sift_h,rectangle,ok,42,5,10000,9500,False,False,False,56.34076724144726,0.07042595905180908,True,,1.5515370999928564,"[[0.6015067097604332, -0.009439408177886363, 9.26639008266526], [-0.1211132464769439, 0.42419083773786004, 122.8512578523027], [-0.0003836747139290112, -0.0005921844348762292, 1.0]]"
a4e139d9c387cd3e,COph100/031-1/031_M_GA25_BW910_PA34_DG3_PF0_D1_S03_4__031_M_GA25_BW910_PA40_DG2_PF0_D1_S08_4,COph100/patient/031,COph100,sift_h,sample_orientation,ok,42,6,10000,7221,False,True,True,327.6638808561338,0.40957985107016726,True,,1.838622099996428,"[[-0.09618364514302762, -0.8505908252064251, 145.5369793179211], [0.015633394185212115, -0.3540194728639327, -27.558479022030298], [-0.0005243620547085295, -0.007710829780119394, 1.0]]"
f2937941e934991a,COph100/031-1/031_M_GA25_BW910_PA34_DG3_PF0_D1_S03_4__031_M_GA25_BW910_PA43_DG9_PF0_D1_S09_4,COph100/patient/031,COph100,sift_h,fov,ok,39,6,10000,5521,False,True,False,350.7419765965839,0.4384274707457299,True,,1.8162654000043403,"[[-0.40876432053679496, -1.7588535588648317, 98.13654509106755], [-0.43535472120633834, -1.9409291013771839, 106.5118770066194], [-0.004119105676029753, -0.0182619975634913, 1.0]]"
f2937941e934991a,COph100/031-1/031_M_GA25_BW910_PA34_DG3_PF0_D1_S03_4__031_M_GA25_BW910_PA43_DG9_PF0_D1_S09_4,COph100/patient/031,COph100,sift_h,none,ok,39,6,10000,0,False,True,False,350.7419765965839,0.4384274707457299,True,True,2.1003846999956295,"[[-0.40876432053679496, -1.7588535588648317, 98.13654509106755], [-0.43535472120633834, -1.9409291013771839, 106.5118770066194], [-0.004119105676029753, -0.0182619975634913, 1.0]]"
f2937941e934991a,COph100/031-1/031_M_GA25_BW910_PA34_DG3_PF0_D1_S03_4__031_M_GA25_BW910_PA43_DG9_PF0_D1_S09_4,COph100/patient/031,COph100,sift_h,rectangle,ok,39,6,10000,9357,False,False,False,75.13014922695967,0.0939126865336996,True,,1.5783624000032432,"[[0.9108581608293232, -0.048803119270880366, 12.484896912365253], [-0.00459106875874905, 0.8625032122601677, 20.932387723273195], [-8.637672175509601e-05, -4.973962117010772e-05, 1.0]]"
f2937941e934991a,COph100/031-1/031_M_GA25_BW910_PA34_DG3_PF0_D1_S03_4__031_M_GA25_BW910_PA43_DG9_PF0_D1_S09_4,COph100/patient/031,COph100,sift_h,sample_orientation,ok,39,6,10000,7169,False,False,False,75.13014922695967,0.0939126865336996,True,,1.908182899991516,"[[0.9108581608293232, -0.048803119270880366, 12.484896912365253], [-0.00459106875874905, 0.8625032122601677, 20.932387723273195], [-8.637672175509601e-05, -4.973962117010772e-05, 1.0]]"
eaf325eea3104412,COph100/031-1/031_M_GA25_BW910_PA35_DG3_PF0_D1_S04_7__031_M_GA25_BW910_PA36_DG3_PF0_D1_S05_10,COph100/patient/031,COph100,sift_h,fov,ok,40,7,9816,5257,False,True,False,377.79384731069973,0.47224230913837467,True,,1.6647778999904403,"[[-1.0154937557705932, 0.19480832320082847, 908.0123549692025], [-0.024254977389689958, 0.026293481375321066, 9.365772596229618], [-0.00110812282562035, 0.00019531410096860935, 1.0]]"
eaf325eea3104412,COph100/031-1/031_M_GA25_BW910_PA35_DG3_PF0_D1_S04_7__031_M_GA25_BW910_PA36_DG3_PF0_D1_S05_10,COph100/patient/031,COph100,sift_h,none,ok,40,8,5752,0,False,True,True,377.5434922118278,0.47192936526478474,True,True,1.0702874999988126,"[[-21.931787772750912, 132.85950545520603, 951.3386092044967], [-1.218867379014298, 7.378093415160654, 60.05144805431289], [-0.023196424063101392, 0.14054103691358796, 1.0]]"
eaf325eea3104412,COph100/031-1/031_M_GA25_BW910_PA35_DG3_PF0_D1_S04_7__031_M_GA25_BW910_PA36_DG3_PF0_D1_S05_10,COph100/patient/031,COph100,sift_h,rectangle,ok,40,7,9816,8966,False,False,False,62.50028309950976,0.0781253538743872,True,,1.4203140000026906,"[[0.7340584195855436, -0.11554413761175598, 52.359100721837294], [-0.012168468681100456, 0.7841151849946312, -0.16877014692184863], [-0.000214924851382003, -0.000112643883082716, 1.0]]"
eaf325eea3104412,COph100/031-1/031_M_GA25_BW910_PA35_DG3_PF0_D1_S04_7__031_M_GA25_BW910_PA36_DG3_PF0_D1_S05_10,COph100/patient/031,COph100,sift_h,sample_orientation,ok,40,7,9816,6673,False,True,True,455.6497882128968,0.569562235266121,True,,1.9207212000037543,"[[-0.0828594509555836, -1.5331274008866809, 897.5780675851595], [0.07500802347803419, 0.07750322295493918, -4.05472108627008], [-0.00018137106653824447, -0.0015485431417366622, 1.0]]"
b5d2b4e18caac09b,COph100/031-1/031_M_GA25_BW910_PA35_DG3_PF0_D1_S04_7__031_M_GA25_BW910_PA38_DG3_PF0_D1_S07_3,COph100/patient/031,COph100,sift_h,fov,ok,32,6,7448,3924,False,True,False,338.8931044630757,0.42361638057884465,True,,1.3063897999963956,"[[-0.05834952438209149, 0.027680607760972573, 52.58302704392613], [-0.15816339494106146, 0.0779193599902855, 142.4227666634878], [-0.0011046237781509865, 0.00046682055523803367, 1.0]]"
b5d2b4e18caac09b,COph100/031-1/031_M_GA25_BW910_PA35_DG3_PF0_D1_S04_7__031_M_GA25_BW910_PA38_DG3_PF0_D1_S07_3,COph100/patient/031,COph100,sift_h,none,ok,32,6,7448,0,False,True,False,338.8931044630757,0.42361638057884465,True,True,1.5755692000093404,"[[-0.05834952438209149, 0.027680607760972573, 52.58302704392613], [-0.15816339494106146, 0.0779193599902855, 142.4227666634878], [-0.0011046237781509865, 0.00046682055523803367, 1.0]]"
b5d2b4e18caac09b,COph100/031-1/031_M_GA25_BW910_PA35_DG3_PF0_D1_S04_7__031_M_GA25_BW910_PA38_DG3_PF0_D1_S07_3,COph100/patient/031,COph100,sift_h,rectangle,ok,32,4,10000,9458,False,False,False,298.5661569037948,0.3732076961297435,True,,1.6263283000007505,"[[8.83405564661205, 0.4708312854959238, -481.1772845364615], [0.49755638130816165, -1.3850443432714832, 1036.3036615625604], [0.007476944438178354, -0.0011313572409952742, 1.0]]"
b5d2b4e18caac09b,COph100/031-1/031_M_GA25_BW910_PA35_DG3_PF0_D1_S04_7__031_M_GA25_BW910_PA38_DG3_PF0_D1_S07_3,COph100/patient/031,COph100,sift_h,sample_orientation,ok,32,5,10000,7237,False,True,True,340.6314055225741,0.4257892569032176,True,,2.099295899999561,"[[0.026520233512418254, -0.10099764943566335, 52.39261914861272], [0.07092593721091447, -0.2726204619854787, 142.47242507717547], [0.0004992573077902937, -0.0019320159450501764, 1.0]]"
ab715cafd55ed6ce,COph100/031-1/031_M_GA25_BW910_PA35_DG3_PF0_D1_S04_7__031_M_GA25_BW910_PA43_DG9_PF0_D1_S09_4,COph100/patient/031,COph100,sift_h,fov,ok,39,7,8870,4862,False,True,False,356.1799873488913,0.4452249841861141,True,,1.6291855000017677,"[[-0.5781761730484724, -0.14451362152045563, 53.41885833897469], [-1.1698272288510063, -0.5040515516692399, 135.09005440641997], [-0.009440706761948626, -0.00303281232667524, 1.0]]"
ab715cafd55ed6ce,COph100/031-1/031_M_GA25_BW910_PA35_DG3_PF0_D1_S04_7__031_M_GA25_BW910_PA43_DG9_PF0_D1_S09_4,COph100/patient/031,COph100,sift_h,none,ok,39,8,5198,0,False,True,False,367.15482356641365,0.4589435294580171,True,True,1.025936999998521,"[[-0.8721301869261132, -0.9081245572350001, 153.56672679744622], [0.06197924110592853, -0.3259513279628014, 21.893618230765505], [-0.004684127669794571, -0.007140870415601114, 1.0]]"
ab715cafd55ed6ce,COph100/031-1/031_M_GA25_BW910_PA35_DG3_PF0_D1_S04_7__031_M_GA25_BW910_PA43_DG9_PF0_D1_S09_4,COph100/patient/031,COph100,sift_h,rectangle,ok,39,7,8870,8340,False,False,False,125.3961686854741,0.15674521085684262,True,,1.3699223000003258,"[[0.4588987383309321, 0.058707261446008074, 13.899894948829948], [-0.12655987484265263, 0.6627985197984667, 94.3276127190169], [-0.0005746113548032517, 0.00015787344025794194, 1.0]]"
ab715cafd55ed6ce,COph100/031-1/031_M_GA25_BW910_PA35_DG3_PF0_D1_S04_7__031_M_GA25_BW910_PA43_DG9_PF0_D1_S09_4,COph100/patient/031,COph100,sift_h,sample_orientation,ok,39,7,8870,6483,False,True,True,364.11264707737513,0.4551408088467189,True,,1.671929399992223,"[[2.2772393917655487, -2.908949578135079, 110.85420171640321], [2.6944320152012686, -3.4034512460771467, 99.21698926519787], [0.029594367072838437, -0.03723522035695181, 1.0]]"
6f537b6cede6cc67,COph100/031-1/031_M_GA25_BW910_PA36_DG3_PF0_D1_S05_10__031_M_GA25_BW910_PA37_DG3_PF0_D1_S06_10,COph100/patient/031,COph100,sift_h,fov,ok,42,8,6993,3547,True,True,False,386.19116212648953,0.4827389526581119,True,,1.3787795000098413,"[[0.2052813249766668, 0.14761180185879377, -260.7214167832606], [-0.7295288797768128, -0.1848203469829314, 226.63280970439112], [-0.003533687885689826, -0.0019254666061456096, 1.0]]"
6f537b6cede6cc67,COph100/031-1/031_M_GA25_BW910_PA36_DG3_PF0_D1_S05_10__031_M_GA25_BW910_PA37_DG3_PF0_D1_S06_10,COph100/patient/031,COph100,sift_h,none,ok,42,8,6993,0,False,True,True,1562.1588321971085,1.9526985402463857,True,True,1.3808367000019643,"[[0.3996856513770293, -0.21694303281155153, 52.22755006606969], [-0.10072713213150879, -0.23116631136494709, 178.98560870099982], [-0.0005679660187045303, -0.0017620058466487204, 1.0]]"
6f537b6cede6cc67,COph100/031-1/031_M_GA25_BW910_PA36_DG3_PF0_D1_S05_10__031_M_GA25_BW910_PA37_DG3_PF0_D1_S06_10,COph100/patient/031,COph100,sift_h,rectangle,ok,42,8,7096,6455,False,False,False,245.7264995224187,0.30715812440302337,True,,1.1119725000025937,"[[0.3230839359168672, -0.7610447605876351, 569.0416542062444], [0.2101447910866497, 0.1344154400374248, -122.9745532077059], [-0.00010351712436294781, -0.0007818309687787335, 1.0]]"
6f537b6cede6cc67,COph100/031-1/031_M_GA25_BW910_PA36_DG3_PF0_D1_S05_10__031_M_GA25_BW910_PA37_DG3_PF0_D1_S06_10,COph100/patient/031,COph100,sift_h,sample_orientation,ok,42,8,6993,4968,False,True,True,386.280948308546,0.4828511853856825,True,,1.2756446999992477,"[[0.19949105449183935, 0.14249141715039892, -254.97164601918658], [-0.7258092297931563, -0.18456180733647512, 225.99475153381152], [-0.0035184351277183223, -0.001913782837200154, 1.0]]"
8e78de9dca28bc08,COph100/031-1/031_M_GA25_BW910_PA36_DG3_PF0_D1_S05_10__031_M_GA25_BW910_PA40_DG2_PF0_D1_S08_4,COph100/patient/031,COph100,sift_h,fov,ok,32,5,10000,4999,False,True,False,297.0215938683602,0.37127699233545025,True,,1.7350069999956759,"[[0.19223361575069067, -0.1168960307247785, 59.10615267044924], [0.9766601709069828, -0.8862510500403127, 515.6409799531016], [0.0013007864536280472, -0.0015944605153673738, 1.0]]"
8e78de9dca28bc08,COph100/031-1/031_M_GA25_BW910_PA36_DG3_PF0_D1_S05_10__031_M_GA25_BW910_PA40_DG2_PF0_D1_S08_4,COph100/patient/031,COph100,sift_h,none,ok,32,6,7448,0,False,True,True,314.38681096748826,0.3929835137093603,True,True,1.485871800003224,"[[-0.06506695015837743, -0.05315719384083551, -24.503849593028118], [0.5387677422739766, -3.2454683529461135, 884.086870804902], [0.0013190429623687707, -0.005084923258526213, 1.0]]"
8e78de9dca28bc08,COph100/031-1/031_M_GA25_BW910_PA36_DG3_PF0_D1_S05_10__031_M_GA25_BW910_PA40_DG2_PF0_D1_S08_4,COph100/patient/031,COph100,sift_h,rectangle,ok,32,5,10000,9582,False,False,False,107.63027507283996,0.13453784384104994,True,,1.610860100001446,"[[0.40362743363630244, -0.012315590567512231, 19.008938803326746], [-0.16202985748439588, 0.5129966735763999, 92.44842574871474], [-0.00018922674655768153, -0.0006225017829800865, 1.0]]"
8e78de9dca28bc08,COph100/031-1/031_M_GA25_BW910_PA36_DG3_PF0_D1_S05_10__031_M_GA25_BW910_PA40_DG2_PF0_D1_S08_4,COph100/patient/031,COph100,sift_h,sample_orientation,ok,32,6,7448,5276,False,True,True,314.38681096748826,0.3929835137093603,True,,1.3814819999970496,"[[-0.06506695015837743, -0.05315719384083551, -24.503849593028118], [0.5387677422739766, -3.2454683529461135, 884.086870804902], [0.0013190429623687707, -0.005084923258526213, 1.0]]"
4a4440f9de5a0601,COph100/031-1/031_M_GA25_BW910_PA36_DG3_PF0_D1_S05_10__031_M_GA25_BW910_PA43_DG9_PF0_D1_S09_4,COph100/patient/031,COph100,sift_h,fov,ok,38,7,7995,4300,False,True,False,289.26235195637616,0.3615779399454702,True,,1.3730907999997726,"[[-0.30146730698516605, -0.4052387879162253, 57.1798567094386], [-0.5497635106623711, -4.924319970856138, 290.99163516949744], [-0.003880766452893019, -0.010806727186627323, 1.0]]"
4a4440f9de5a0601,COph100/031-1/031_M_GA25_BW910_PA36_DG3_PF0_D1_S05_10__031_M_GA25_BW910_PA43_DG9_PF0_D1_S09_4,COph100/patient/031,COph100,sift_h,none,ok,38,8,4685,0,False,True,True,310.2128899243727,0.3877661124054659,True,True,1.0193470000085654,"[[-0.05936884927624613, 0.06362004749540381, 16.850506024224032], [-0.7249067608421724, 0.0694301098814942, 615.8949664294674], [-0.0015888758158714845, 0.000735397832879339, 1.0]]"
4a4440f9de5a0601,COph100/031-1/031_M_GA25_BW910_PA36_DG3_PF0_D1_S05_10__031_M_GA25_BW910_PA43_DG9_PF0_D1_S09_4,COph100/patient/031,COph100,sift_h,rectangle,ok,38,6,10000,9616,False,False,False,197.66472575583728,0.2470809071947966,True,,1.683248100001947,"[[1.255539141718832, 0.266068183002323, -24.776395137492553], [-0.29244818056030264, 2.670897169214732, 774.2313072621122], [-0.0004337329051045869, 0.006780387856866049, 1.0]]"
4a4440f9de5a0601,COph100/031-1/031_M_GA25_BW910_PA36_DG3_PF0_D1_S05_10__031_M_GA25_BW910_PA43_DG9_PF0_D1_S09_4,COph100/patient/031,COph100,sift_h,sample_orientation,ok,38,7,7995,5970,False,True,False,289.26235195637616,0.3615779399454702,True,,1.5553137000097195,"[[-0.30146730698516605, -0.4052387879162253, 57.1798567094386], [-0.5497635106623711, -4.924319970856138, 290.99163516949744], [-0.003880766452893019, -0.010806727186627323, 1.0]]"
4dfedb342ea9cf7b,COph100/031-1/031_M_GA25_BW910_PA37_DG3_PF0_D1_S06_10__031_M_GA25_BW910_PA43_DG9_PF0_D1_S09_4,COph100/patient/031,COph100,sift_h,fov,ok,38,7,7995,3664,False,True,False,368.9146463646296,0.461143307955787,True,,1.3672021999955177,"[[7.659140910038485, 2.656933669353855, -719.1039039907944], [7.22309064719832, -5.735682951180132, 952.1715033472489], [0.009317112893631034, -0.0032257188022254907, 1.0]]"
4dfedb342ea9cf7b,COph100/031-1/031_M_GA25_BW910_PA37_DG3_PF0_D1_S06_10__031_M_GA25_BW910_PA43_DG9_PF0_D1_S09_4,COph100/patient/031,COph100,sift_h,none,ok,38,8,4685,0,False,True,True,469.4783932684626,0.5868479915855782,True,True,0.8888732999912463,"[[-1.1769691678148484, -0.3587000751539026, 119.9132118451299], [0.3485675576272268, -3.2178678195337445, 632.8064128830538], [0.00014286099315003424, -0.004481966765111756, 1.0]]"
4dfedb342ea9cf7b,COph100/031-1/031_M_GA25_BW910_PA37_DG3_PF0_D1_S06_10__031_M_GA25_BW910_PA43_DG9_PF0_D1_S09_4,COph100/patient/031,COph100,sift_h,rectangle,ok,38,7,7995,7497,False,False,False,108.06894638641782,0.13508618298302227,True,,1.243101599990041,"[[1.9208958934468165, -0.18839479660657377, 65.49336680455546], [0.5218800430602561, 1.5547880766596787, -220.25107865539778], [0.0007484595846629357, 0.0003398470396921174, 1.0]]"
4dfedb342ea9cf7b,COph100/031-1/031_M_GA25_BW910_PA37_DG3_PF0_D1_S06_10__031_M_GA25_BW910_PA43_DG9_PF0_D1_S09_4,COph100/patient/031,COph100,sift_h,sample_orientation,ok,38,7,7995,5760,False,True,False,368.9146463646296,0.461143307955787,True,,1.5984079000045313,"[[7.659140910038485, 2.656933669353855, -719.1039039907944], [7.22309064719832, -5.735682951180132, 952.1715033472489], [0.009317112893631034, -0.0032257188022254907, 1.0]]"
601255c2d1787137,COph100/031-1/031_M_GA25_BW910_PA38_DG3_PF0_D1_S07_3__031_M_GA25_BW910_PA43_DG9_PF0_D1_S09_4,COph100/patient/031,COph100,sift_h,fov,ok,45,8,9217,5120,False,True,False,365.80508164683823,0.4572563520585478,True,,1.6246905000007246,"[[-0.07572987558719883, -0.056989872000990496, 111.31871390333747], [-0.005988188628252754, -0.0595644309266829, 53.044609505515346], [-0.0005438473444133936, -0.0006953617455365484, 1.0]]"
601255c2d1787137,COph100/031-1/031_M_GA25_BW910_PA38_DG3_PF0_D1_S07_3__031_M_GA25_BW910_PA43_DG9_PF0_D1_S09_4,COph100/patient/031,COph100,sift_h,none,ok,45,8,9217,0,False,True,False,365.80508164683823,0.4572563520585478,True,True,1.8508924000052502,"[[-0.07572987558719883, -0.056989872000990496, 111.31871390333747], [-0.005988188628252754, -0.0595644309266829, 53.044609505515346], [-0.0005438473444133936, -0.0006953617455365484, 1.0]]"
601255c2d1787137,COph100/031-1/031_M_GA25_BW910_PA38_DG3_PF0_D1_S07_3__031_M_GA25_BW910_PA43_DG9_PF0_D1_S09_4,COph100/patient/031,COph100,sift_h,rectangle,ok,45,7,10000,9482,False,False,False,364.1648468154188,0.4552060585192735,True,,1.6101101000094786,"[[-0.09533845953633037, 0.04918219923457192, 110.33661700020464], [0.0065320161211142634, -0.04418944789755734, 52.612993445021246], [-0.0006676486604029969, 4.969342628791265e-05, 1.0]]"
601255c2d1787137,COph100/031-1/031_M_GA25_BW910_PA38_DG3_PF0_D1_S07_3__031_M_GA25_BW910_PA43_DG9_PF0_D1_S09_4,COph100/patient/031,COph100,sift_h,sample_orientation,ok,45,8,9217,6624,False,True,False,365.80508164683823,0.4572563520585478,True,,1.7260764999955427,"[[-0.07572987558719883, -0.056989872000990496, 111.31871390333747], [-0.005988188628252754, -0.0595644309266829, 53.044609505515346], [-0.0005438473444133936, -0.0006953617455365484, 1.0]]"
735a3d2ae1536dd7,COph100/031/031_M_GA25_BW910_PA32_DG2_PF0_D1_S01_1__031_M_GA25_BW910_PA33_DG3_PF0_D1_S02_1,COph100/patient/031,COph100,sift_h,fov,ok,41,7,10000,5396,False,True,False,283.46205055776323,0.35432756319720404,True,,1.7897884000121849,"[[12.597861340461591, -3.7323988286686154, 927.1502473398835], [9.45694749628008, -2.799833820893333, 696.0236237693225], [0.01358277654198869, -0.004023517992263865, 1.0]]"
735a3d2ae1536dd7,COph100/031/031_M_GA25_BW910_PA32_DG2_PF0_D1_S01_1__031_M_GA25_BW910_PA33_DG3_PF0_D1_S02_1,COph100/patient/031,COph100,sift_h,none,ok,41,7,10000,0,False,True,False,283.46205055776323,0.35432756319720404,True,True,1.8928231000027154,"[[12.597861340461591, -3.7323988286686154, 927.1502473398835], [9.45694749628008, -2.799833820893333, 696.0236237693225], [0.01358277654198869, -0.004023517992263865, 1.0]]"
735a3d2ae1536dd7,COph100/031/031_M_GA25_BW910_PA32_DG2_PF0_D1_S01_1__031_M_GA25_BW910_PA33_DG3_PF0_D1_S02_1,COph100/patient/031,COph100,sift_h,rectangle,ok,41,6,10000,9178,False,False,False,337.55927639547065,0.4219490954943383,True,,1.6504323999979533,"[[1.4902012357821475, -0.20820127246179085, 220.88055762703453], [0.4909886632723402, 5.974626524996573, -597.8112682702653], [0.00016808676277801357, 0.01567183603445329, 1.0]]"
735a3d2ae1536dd7,COph100/031/031_M_GA25_BW910_PA32_DG2_PF0_D1_S01_1__031_M_GA25_BW910_PA33_DG3_PF0_D1_S02_1,COph100/patient/031,COph100,sift_h,sample_orientation,ok,41,6,10000,6941,False,True,True,310.0052954458465,0.3875066193073081,True,,1.9224868000019342,"[[3.074568966676293, -0.25538526404841877, 454.66030327980144], [1.7507077160299918, 14.898782869979415, -1666.9218037815883], [-0.0027083587235228385, 0.04143074649615181, 1.0]]"
d4b7f5db7ea7842b,COph100/031/031_M_GA25_BW910_PA32_DG2_PF0_D1_S01_1__031_M_GA25_BW910_PA35_DG3_PF0_D1_S04_1,COph100/patient/031,COph100,sift_h,fov,ok,40,9,3590,2040,False,True,False,322.8465992177509,0.4035582490221886,True,,0.6938205000042217,"[[3.6607048256455377, -0.972380375075102, 129.1335483953795], [20.953416917596947, -5.5655857856151165, 740.9449680270111], [0.02829495972420669, -0.007518829633833217, 1.0]]"
d4b7f5db7ea7842b,COph100/031/031_M_GA25_BW910_PA32_DG2_PF0_D1_S01_1__031_M_GA25_BW910_PA35_DG3_PF0_D1_S04_1,COph100/patient/031,COph100,sift_h,none,ok,40,9,3590,0,False,True,False,322.8465992177509,0.4035582490221886,True,True,0.7260561000002781,"[[3.6607048256455377, -0.972380375075102, 129.1335483953795], [20.953416917596947, -5.5655857856151165, 740.9449680270111], [0.02829495972420669, -0.007518829633833217, 1.0]]"
d4b7f5db7ea7842b,COph100/031/031_M_GA25_BW910_PA32_DG2_PF0_D1_S01_1__031_M_GA25_BW910_PA35_DG3_PF0_D1_S04_1,COph100/patient/031,COph100,sift_h,rectangle,ok,40,7,9816,9166,False,False,False,270.46149269863065,0.33807686587328833,True,,1.546124599990435,"[[-0.9090673319345594, -0.02424614701841041, 1087.7911424720562], [0.4127782930521048, 0.5794364385902782, 673.0676022080603], [0.0005962509727944461, 0.0006122786782749327, 1.0]]"
d4b7f5db7ea7842b,COph100/031/031_M_GA25_BW910_PA32_DG2_PF0_D1_S01_1__031_M_GA25_BW910_PA35_DG3_PF0_D1_S04_1,COph100/patient/031,COph100,sift_h,sample_orientation,invalid_transform,40,8,5752,4247,False,,,,,True,,1.0673754999879748,
84a44b5b4062db7e,COph100/031/031_M_GA25_BW910_PA32_DG2_PF0_D1_S01_1__031_M_GA25_BW910_PA37_DG3_PF0_D1_S06_3,COph100/patient/031,COph100,sift_h,fov,ok,45,7,10000,5926,False,True,False,366.76201889318065,0.4584525236164758,True,,1.7094255000120029,"[[-1.0020665162448534, 0.741739001248238, 903.9416436771522], [-0.8059058038957764, 0.5944066649006003, 727.0489005971533], [-0.0011092835388725683, 0.0008251885572832052, 1.0]]"
84a44b5b4062db7e,COph100/031/031_M_GA25_BW910_PA32_DG2_PF0_D1_S01_1__031_M_GA25_BW910_PA37_DG3_PF0_D1_S06_3,COph100/patient/031,COph100,sift_h,none,ok,45,7,10000,0,False,True,True,554.7219642958659,0.6934024553698324,True,True,1.89385150000453,"[[0.5034864449360712, -2.677593787715618, -18.07500497253995], [0.006606436026914059, -1.930192324601566, 341.88658491900986], [0.002565728912672047, -0.026073341576302214, 1.0]]"
84a44b5b4062db7e,COph100/031/031_M_GA25_BW910_PA32_DG2_PF0_D1_S01_1__031_M_GA25_BW910_PA37_DG3_PF0_D1_S06_3,COph100/patient/031,COph100,sift_h,rectangle,ok,45,5,10000,9414,False,False,False,483.7961556830871,0.6047451946038589,True,,1.5499318000074709,"[[-149.10172555696053, 31.438881831027413, 146349.58247446152], [133.28122329716754, 248.6667239962856, -125474.76735904849], [0.08183797647958571, 0.2750405100802851, 1.0]]"
84a44b5b4062db7e,COph100/031/031_M_GA25_BW910_PA32_DG2_PF0_D1_S01_1__031_M_GA25_BW910_PA37_DG3_PF0_D1_S06_3,COph100/patient/031,COph100,sift_h,sample_orientation,ok,45,7,10000,7348,False,True,False,366.76201889318065,0.4584525236164758,True,,1.9379838000022573,"[[-1.0020665162448534, 0.741739001248238, 903.9416436771522], [-0.8059058038957764, 0.5944066649006003, 727.0489005971533], [-0.0011092835388725683, 0.0008251885572832052, 1.0]]"
163cfa18b61828d7,COph100/031/031_M_GA25_BW910_PA32_DG2_PF0_D1_S01_1__031_M_GA25_BW910_PA38_DG3_PF0_D1_S07_5,COph100/patient/031,COph100,sift_h,fov,ok,31,8,2073,1062,False,True,False,389.285023222771,0.4866062790284637,True,,0.3638520999957109,"[[-4.706403698802023, -6.079170675533257, 993.6654208654982], [-2.8780427335259673, -3.737912936068501, 610.4990074560144], [-0.00471051928324647, -0.006118161550143929, 1.0]]"
163cfa18b61828d7,COph100/031/031_M_GA25_BW910_PA32_DG2_PF0_D1_S01_1__031_M_GA25_BW910_PA38_DG3_PF0_D1_S07_5,COph100/patient/031,COph100,sift_h,none,ok,31,8,2073,0,False,True,False,389.285023222771,0.4866062790284637,True,True,0.45967250000103377,"[[-4.706403698802023, -6.079170675533257, 993.6654208654982], [-2.8780427335259673, -3.737912936068501, 610.4990074560144], [-0.00471051928324647, -0.006118161550143929, 1.0]]"
163cfa18b61828d7,COph100/031/031_M_GA25_BW910_PA32_DG2_PF0_D1_S01_1__031_M_GA25_BW910_PA38_DG3_PF0_D1_S07_5,COph100/patient/031,COph100,sift_h,rectangle,ok,31,7,3539,3294,False,False,False,263.5099578501246,0.32938744731265573,True,,0.542934700002661,"[[-0.36561331660711477, 1.3382396978056526, 1065.3153901582714], [-0.06994186229493868, -1.7111471748641558, 1109.4503113014293], [0.0011328543016162617, 0.0015000113617131968, 1.0]]"
163cfa18b61828d7,COph100/031/031_M_GA25_BW910_PA32_DG2_PF0_D1_S01_1__031_M_GA25_BW910_PA38_DG3_PF0_D1_S07_5,COph100/patient/031,COph100,sift_h,sample_orientation,ok,31,7,3539,2627,False,True,False,421.8644014586117,0.5273305018232647,True,,0.6591273999947589,"[[-30.22567927879159, 4.9414578383830925, 982.5671336096724], [-18.20227120212256, 2.988506119494712, 600.7222624198088], [-0.02894597749653463, 0.004678028355142728, 1.0]]"
611f99c145e21b33,COph100/031/031_M_GA25_BW910_PA33_DG3_PF0_D1_S02_1__031_M_GA25_BW910_PA34_DG3_PF0_D1_S03_11,COph100/patient/031,COph100,sift_h,fov,ok,39,10,2127,1015,False,True,False,1455.1053078367954,1.8188816347959942,True,,0.38922209999873303,"[[0.05419706919703575, 0.1332246998637899, -42.44083192535344], [-0.38482694542907636, 0.019302830320694728, 384.73411835012274], [-0.0007223141960030592, -0.0005855787213079577, 1.0]]"
611f99c145e21b33,COph100/031/031_M_GA25_BW910_PA33_DG3_PF0_D1_S02_1__031_M_GA25_BW910_PA34_DG3_PF0_D1_S03_11,COph100/patient/031,COph100,sift_h,none,ok,39,10,2127,0,False,True,False,1455.1053078367954,1.8188816347959942,True,True,0.4068282999942312,"[[0.05419706919703575, 0.1332246998637899, -42.44083192535344], [-0.38482694542907636, 0.019302830320694728, 384.73411835012274], [-0.0007223141960030592, -0.0005855787213079577, 1.0]]"
611f99c145e21b33,COph100/031/031_M_GA25_BW910_PA33_DG3_PF0_D1_S02_1__031_M_GA25_BW910_PA34_DG3_PF0_D1_S03_11,COph100/patient/031,COph100,sift_h,rectangle,ok,39,9,4494,4016,False,False,False,318.5405835802723,0.3981757294753404,True,,0.7077328000013949,"[[0.48087836824431585, 2.6081459934009588, -462.61790921439274], [-0.6520501358330251, -1.154912491803132, 876.8845431040255], [0.0016939431823908557, 4.336611132361243e-05, 1.0]]"
611f99c145e21b33,COph100/031/031_M_GA25_BW910_PA33_DG3_PF0_D1_S02_1__031_M_GA25_BW910_PA34_DG3_PF0_D1_S03_11,COph100/patient/031,COph100,sift_h,sample_orientation,ok,39,10,2127,1389,False,True,False,1455.1053078367954,1.8188816347959942,True,,0.39891660001012497,"[[0.05419706919703575, 0.1332246998637899, -42.44083192535344], [-0.38482694542907636, 0.019302830320694728, 384.73411835012274], [-0.0007223141960030592, -0.0005855787213079577, 1.0]]"
21ead287b8a82ab3,COph100/031/031_M_GA25_BW910_PA33_DG3_PF0_D1_S02_1__031_M_GA25_BW910_PA35_DG3_PF0_D1_S04_1,COph100/patient/031,COph100,sift_h,fov,ok,41,7,10000,5503,False,True,False,290.51596959912524,0.36314496199890656,True,,1.7281234999973094,"[[-0.12035697840585474, 0.005671717602388934, 119.22300442356762], [-0.04475838444219278, 0.0034510660354237295, 43.22725350468641], [-0.0010117828390691541, 4.911270693927858e-05, 1.0]]"
21ead287b8a82ab3,COph100/031/031_M_GA25_BW910_PA33_DG3_PF0_D1_S02_1__031_M_GA25_BW910_PA35_DG3_PF0_D1_S04_1,COph100/patient/031,COph100,sift_h,none,ok,41,7,10000,0,False,True,False,290.51596959912524,0.36314496199890656,True,True,1.9994124000077136,"[[-0.12035697840585474, 0.005671717602388934, 119.22300442356762], [-0.04475838444219278, 0.0034510660354237295, 43.22725350468641], [-0.0010117828390691541, 4.911270693927858e-05, 1.0]]"
21ead287b8a82ab3,COph100/031/031_M_GA25_BW910_PA33_DG3_PF0_D1_S02_1__031_M_GA25_BW910_PA35_DG3_PF0_D1_S04_1,COph100/patient/031,COph100,sift_h,rectangle,ok,41,6,10000,9493,False,False,False,269.64564028751226,0.3370570503593903,True,,1.6068034000054467,"[[-0.8354108739413397, 0.20146774061853498, 802.3497760031428], [0.08989813644022841, 0.16130621768492878, -98.4390425224449], [-0.0009386468066028809, 5.9517155675331356e-05, 1.0]]"
21ead287b8a82ab3,COph100/031/031_M_GA25_BW910_PA33_DG3_PF0_D1_S02_1__031_M_GA25_BW910_PA35_DG3_PF0_D1_S04_1,COph100/patient/031,COph100,sift_h,sample_orientation,ok,41,6,10000,7374,False,True,False,512.1740354149524,0.6402175442686905,True,,1.9618881000060355,"[[-0.7322341853247845, 0.19431097563987215, 698.8212559946743], [-0.015446278443408576, 0.018075699580027294, 13.98771575695439], [-0.0009643809936274488, -8.301021443610045e-05, 1.0]]"
95cf42ab392ce2f1,COph100/031/031_M_GA25_BW910_PA33_DG3_PF0_D1_S02_1__031_M_GA25_BW910_PA36_DG3_PF0_D1_S05_6,COph100/patient/031,COph100,sift_h,fov,invalid_transform,37,8,4210,2054,False,,,,,True,,0.7088611999934074,
95cf42ab392ce2f1,COph100/031/031_M_GA25_BW910_PA33_DG3_PF0_D1_S02_1__031_M_GA25_BW910_PA36_DG3_PF0_D1_S05_6,COph100/patient/031,COph100,sift_h,none,ok,37,9,2627,0,False,True,True,302.8234503055299,0.3785293128819124,True,True,0.5100724999938393,"[[0.05958946541167435, -0.1467939512213191, 26.894653042900327], [1.2439129428798428, -3.0625035102499396, 560.9468898381592], [0.0022173919440878547, -0.005459271312813386, 1.0]]"
95cf42ab392ce2f1,COph100/031/031_M_GA25_BW910_PA33_DG3_PF0_D1_S02_1__031_M_GA25_BW910_PA36_DG3_PF0_D1_S05_6,COph100/patient/031,COph100,sift_h,rectangle,ok,37,7,7185,6490,False,False,False,262.0432367473248,0.327554045934156,True,,1.0874105999973835,"[[1.4518577132541415, -0.27531440866222384, 132.21658636231732], [0.2734148575314245, 1.188550116362269, -229.62344975802498], [0.000626401596281585, -0.0004573310286662577, 1.0]]"
95cf42ab392ce2f1,COph100/031/031_M_GA25_BW910_PA33_DG3_PF0_D1_S02_1__031_M_GA25_BW910_PA36_DG3_PF0_D1_S05_6,COph100/patient/031,COph100,sift_h,sample_orientation,invalid_transform,37,8,4210,2939,False,,,,,True,,0.8315215000038734,
8f84c3c390e84fa5,COph100/031/031_M_GA25_BW910_PA33_DG3_PF0_D1_S02_1__031_M_GA25_BW910_PA37_DG3_PF0_D1_S06_3,COph100/patient/031,COph100,sift_h,fov,ok,38,9,2923,1422,False,True,False,363.4471406463143,0.4543089258078929,True,,0.4497945999901276,"[[3.154963876893404, -1.7940381403169636, 900.4645827586811], [2.5282397242243437, -1.4374054881189369, 721.1516201912012], [0.0035085162179614294, -0.00199291486656627, 1.0]]"
8f84c3c390e84fa5,COph100/031/031_M_GA25_BW910_PA33_DG3_PF0_D1_S02_1__031_M_GA25_BW910_PA37_DG3_PF0_D1_S06_3,COph100/patient/031,COph100,sift_h,none,ok,38,9,2923,0,False,True,False,363.4471406463143,0.4543089258078929,True,True,0.5711738999962108,"[[3.154963876893404, -1.7940381403169636, 900.4645827586811], [2.5282397242243437, -1.4374054881189369, 721.1516201912012], [0.0035085162179614294, -0.00199291486656627, 1.0]]"
8f84c3c390e84fa5,COph100/031/031_M_GA25_BW910_PA33_DG3_PF0_D1_S02_1__031_M_GA25_BW910_PA37_DG3_PF0_D1_S06_3,COph100/patient/031,COph100,sift_h,rectangle,ok,38,8,4685,4303,False,False,False,293.3489716542465,0.36668621456780814,True,,0.7085015000047861,"[[-0.09105556187683633, -1.5793757523293361, 1197.8082602259487], [0.05245794352469678, -1.1358753165123452, 837.712060041788], [0.0002302990411640807, -0.0012163235771413565, 1.0]]"
8f84c3c390e84fa5,COph100/031/031_M_GA25_BW910_PA33_DG3_PF0_D1_S02_1__031_M_GA25_BW910_PA37_DG3_PF0_D1_S06_3,COph100/patient/031,COph100,sift_h,sample_orientation,ok,38,9,2923,1989,False,True,False,363.4471406463143,0.4543089258078929,True,,0.5764435999881243,"[[3.154963876893404, -1.7940381403169636, 900.4645827586811], [2.5282397242243437, -1.4374054881189369, 721.1516201912012], [0.0035085162179614294, -0.00199291486656627, 1.0]]"
c425d89ba1f5b45e,COph100/031/031_M_GA25_BW910_PA33_DG3_PF0_D1_S02_1__031_M_GA25_BW910_PA38_DG3_PF0_D1_S07_5,COph100/patient/031,COph100,sift_h,fov,ok,30,7,3103,1880,False,True,False,278.8729672565635,0.3485912090707044,True,,0.6241956000012578,"[[-0.07648268409331209, -0.015555636051749104, 79.5374763610627], [-0.5387160844433629, -0.13257995359948352, 577.6727434528009], [-0.0009354778107006813, -0.0002218330803369339, 1.0]]"
c425d89ba1f5b45e,COph100/031/031_M_GA25_BW910_PA33_DG3_PF0_D1_S02_1__031_M_GA25_BW910_PA38_DG3_PF0_D1_S07_5,COph100/patient/031,COph100,sift_h,none,ok,30,7,3103,0,False,True,False,278.8729672565635,0.3485912090707044,True,True,0.5935071999992942,"[[-0.07648268409331209, -0.015555636051749104, 79.5374763610627], [-0.5387160844433629, -0.13257995359948352, 577.6727434528009], [-0.0009354778107006813, -0.0002218330803369339, 1.0]]"
c425d89ba1f5b45e,COph100/031/031_M_GA25_BW910_PA33_DG3_PF0_D1_S02_1__031_M_GA25_BW910_PA38_DG3_PF0_D1_S07_5,COph100/patient/031,COph100,sift_h,rectangle,ok,30,6,5752,5462,False,False,False,301.3314303265408,0.37666428790817597,True,,0.8564045999955852,"[[-0.08677584602035411, -0.0077493732702708, 88.50889359274633], [-0.6141298500261934, -0.07486676219998424, 642.484472949112], [-0.0009674764028049472, 5.3279936636789466e-05, 1.0]]"
c425d89ba1f5b45e,COph100/031/031_M_GA25_BW910_PA33_DG3_PF0_D1_S02_1__031_M_GA25_BW910_PA38_DG3_PF0_D1_S07_5,COph100/patient/031,COph100,sift_h,sample_orientation,ok,30,6,5752,4284,False,True,False,303.92390807675054,0.37990488509593817,True,,1.1042269000026863,"[[-0.24703666140024677, 0.25700006518599533, 226.31154608107593], [-1.079123864517954, 2.9619911377751493, 888.2901151477685], [-0.0014059618945574592, 0.0060024932175608585, 1.0]]"
f5aa015c566dec4e,COph100/031/031_M_GA25_BW910_PA33_DG3_PF0_D1_S02_1__031_M_GA25_BW910_PA43_DG9_PF0_D1_S09_8,COph100/patient/031,COph100,sift_h,fov,ok,39,7,8870,4211,False,True,False,252.24877541905835,0.31531096927382296,True,,1.5833425000018906,"[[-0.018340836339824414, 0.000526266304034329, 47.32992704456054], [-0.44529153229755913, -0.09132566814157622, 466.290724396391], [-0.0006326780488419187, -0.0005395157771274224, 1.0]]"
f5aa015c566dec4e,COph100/031/031_M_GA25_BW910_PA33_DG3_PF0_D1_S02_1__031_M_GA25_BW910_PA43_DG9_PF0_D1_S09_8,COph100/patient/031,COph100,sift_h,none,ok,39,8,5198,0,False,True,True,311.7846829277543,0.3897308536596929,True,True,1.0447677999909502,"[[0.09656171041913734, -0.7224975441378163, 90.48071311248182], [0.855072644472564, -5.401857091327433, 658.4524254318453], [0.0013202412922861005, -0.00821874063682235, 1.0]]"
f5aa015c566dec4e,COph100/031/031_M_GA25_BW910_PA33_DG3_PF0_D1_S02_1__031_M_GA25_BW910_PA43_DG9_PF0_D1_S09_8,COph100/patient/031,COph100,sift_h,rectangle,ok,39,7,8870,8269,False,False,False,268.4497678693504,0.335562209836688,True,,1.4190466000000015,"[[-0.0704689740055675, -0.036543542984649194, 126.30578421642907], [-0.6986389167949281, 0.05575840034736244, 723.3935309233592], [-0.00037946924095700544, 9.516827267688473e-05, 1.0]]"
f5aa015c566dec4e,COph100/031/031_M_GA25_BW910_PA33_DG3_PF0_D1_S02_1__031_M_GA25_BW910_PA43_DG9_PF0_D1_S09_8,COph100/patient/031,COph100,sift_h,sample_orientation,ok,39,8,5198,3633,False,True,True,311.7846829277543,0.3897308536596929,True,,1.0986177000013413,"[[0.09656171041913734, -0.7224975441378163, 90.48071311248182], [0.855072644472564, -5.401857091327433, 658.4524254318453], [0.0013202412922861005, -0.00821874063682235, 1.0]]"
9e88a65e872e2a21,COph100/031/031_M_GA25_BW910_PA34_DG3_PF0_D1_S03_11__031_M_GA25_BW910_PA37_DG3_PF0_D1_S06_3,COph100/patient/031,COph100,sift_h,fov,ok,25,6,2772,1293,False,True,False,353.2792317853124,0.4415990397316405,True,,0.48576650000177324,"[[4.035905830950175, -2.0560343589562144, 960.1283156036326], [0.5459751266373658, -0.2779348195404669, 130.26366426233798], [0.0042051571217737145, -0.0021417761674667342, 1.0]]"
9e88a65e872e2a21,COph100/031/031_M_GA25_BW910_PA34_DG3_PF0_D1_S03_11__031_M_GA25_BW910_PA37_DG3_PF0_D1_S06_3,COph100/patient/031,COph100,sift_h,none,ok,25,6,2772,0,False,True,False,353.2792317853124,0.4415990397316405,True,True,0.599750999987009,"[[4.035905830950175, -2.0560343589562144, 960.1283156036326], [0.5459751266373658, -0.2779348195404669, 130.26366426233798], [0.0042051571217737145, -0.0021417761674667342, 1.0]]"
9e88a65e872e2a21,COph100/031/031_M_GA25_BW910_PA34_DG3_PF0_D1_S03_11__031_M_GA25_BW910_PA37_DG3_PF0_D1_S06_3,COph100/patient/031,COph100,sift_h,rectangle,ok,25,5,5752,5318,False,False,False,205.5785444627204,0.2569731805784005,True,,0.9067272999964189,"[[3.523287512075578, -0.2568117493929003, -139.81368005568316], [-0.20473423112968842, -1.2794592132441325, 1008.5451793970096], [0.00269784714231158, -0.00015602384072997585, 1.0]]"
9e88a65e872e2a21,COph100/031/031_M_GA25_BW910_PA34_DG3_PF0_D1_S03_11__031_M_GA25_BW910_PA37_DG3_PF0_D1_S06_3,COph100/patient/031,COph100,sift_h,sample_orientation,invalid_transform,25,6,3972,2757,False,,,,,True,,0.7645728999923449,
0b312ba37dff8568,COph100/031/031_M_GA25_BW910_PA34_DG3_PF0_D1_S03_11__031_M_GA25_BW910_PA38_DG3_PF0_D1_S07_5,COph100/patient/031,COph100,sift_h,fov,ok,39,7,8870,3504,False,True,False,387.0418535388639,0.4838023169235799,True,,1.685587800006033,"[[-4.988443851579398, -1.5069756611743763, 960.4391676930234], [-0.46698799740240976, -0.4145909677240802, 242.37829252522297], [-0.005297097192744395, -0.0015494266848557114, 1.0]]"
0b312ba37dff8568,COph100/031/031_M_GA25_BW910_PA34_DG3_PF0_D1_S03_11__031_M_GA25_BW910_PA38_DG3_PF0_D1_S07_5,COph100/patient/031,COph100,sift_h,none,ok,39,7,8870,0,False,True,False,387.0418535388639,0.4838023169235799,True,True,1.6405611999944085,"[[-4.988443851579398, -1.5069756611743763, 960.4391676930234], [-0.46698799740240976, -0.4145909677240802, 242.37829252522297], [-0.005297097192744395, -0.0015494266848557114, 1.0]]"
0b312ba37dff8568,COph100/031/031_M_GA25_BW910_PA34_DG3_PF0_D1_S03_11__031_M_GA25_BW910_PA38_DG3_PF0_D1_S07_5,COph100/patient/031,COph100,sift_h,rectangle,ok,39,6,10000,9493,False,False,False,105.9958120613796,0.1324947650767245,True,,1.5041041999938898,"[[0.484622633887091, -0.028136366456982566, 13.396055744107196], [0.19524387426692874, -0.09788019394035512, 266.0302678678249], [0.00035267999278110917, -0.0010913456603666087, 1.0]]"
0b312ba37dff8568,COph100/031/031_M_GA25_BW910_PA34_DG3_PF0_D1_S03_11__031_M_GA25_BW910_PA38_DG3_PF0_D1_S07_5,COph100/patient/031,COph100,sift_h,sample_orientation,ok,39,6,10000,7205,False,True,False,321.1465618704772,0.40143320233809654,True,,1.8847089999908349,"[[-0.05716547760860564, -0.012442806111498632, 20.981670720218336], [-5.077515561577315, -0.1541885608884842, 464.47644669052136], [-0.009135003183700741, -0.0005374376166022924, 1.0]]"
93fa6f759b2ca049,COph100/031/031_M_GA25_BW910_PA34_DG3_PF0_D1_S03_11__031_M_GA25_BW910_PA40_DG2_PF0_D1_S08_6,COph100/patient/031,COph100,sift_h,fov,ok,31,7,3539,1818,False,True,False,272.08069035864133,0.34010086294830166,True,,0.6724806999991415,"[[0.20051740457326012, -0.11894939006280669, 56.9558957632661], [0.0821282575910098, -0.38699766240992717, 254.16769147895593], [0.0013915660760821392, -0.0016441597714620419, 1.0]]"
93fa6f759b2ca049,COph100/031/031_M_GA25_BW910_PA34_DG3_PF0_D1_S03_11__031_M_GA25_BW910_PA40_DG2_PF0_D1_S08_6,COph100/patient/031,COph100,sift_h,none,ok,31,7,3539,0,False,True,True,276.48874957743095,0.3456109369717887,True,True,0.7178769000020111,"[[0.025449012326557403, -0.03691024460567013, 19.073585280194514], [0.043342518469748764, -0.501001771414824, 338.9806707174889], [0.00018383273625951856, -0.001431588746907316, 1.0]]"
93fa6f759b2ca049,COph100/031/031_M_GA25_BW910_PA34_DG3_PF0_D1_S03_11__031_M_GA25_BW910_PA40_DG2_PF0_D1_S08_6,COph100/patient/031,COph100,sift_h,rectangle,ok,31,7,3539,3263,False,False,False,115.88158190511793,0.1448519773813974,True,,0.5147085000062361,"[[1.3236160292636, -0.21269720939400397, 99.54677911957235], [0.319715759411577, 1.285702268401201, -334.5485959447791], [0.0004412158779404479, -0.00022613089122448896, 1.0]]"
93fa6f759b2ca049,COph100/031/031_M_GA25_BW910_PA34_DG3_PF0_D1_S03_11__031_M_GA25_BW910_PA40_DG2_PF0_D1_S08_6,COph100/patient/031,COph100,sift_h,sample_orientation,ok,31,7,3539,2439,False,False,False,115.88158190511793,0.1448519773813974,True,,0.65746560000116,"[[1.3236160292636, -0.21269720939400397, 99.54677911957235], [0.319715759411577, 1.285702268401201, -334.5485959447791], [0.0004412158779404479, -0.00022613089122448896, 1.0]]"
17a56574ae45b974,COph100/031/031_M_GA25_BW910_PA35_DG3_PF0_D1_S04_1__031_M_GA25_BW910_PA37_DG3_PF0_D1_S06_3,COph100/patient/031,COph100,sift_h,fov,ok,54,12,3773,1816,False,True,False,282.67598519495334,0.3533449814936917,True,,0.676762899995083,"[[-1.2092517629418595, 0.16045619660102234, 39.879431357557046], [-0.23828571486314884, 0.04879331138455658, -3.6617329721324174], [-0.008188961713597542, 8.350183150649435e-05, 1.0]]"
17a56574ae45b974,COph100/031/031_M_GA25_BW910_PA35_DG3_PF0_D1_S04_1__031_M_GA25_BW910_PA37_DG3_PF0_D1_S06_3,COph100/patient/031,COph100,sift_h,none,ok,54,12,3773,0,False,True,False,282.67598519495334,0.3533449814936917,True,True,0.7163621999934549,"[[-1.2092517629418595, 0.16045619660102234, 39.879431357557046], [-0.23828571486314884, 0.04879331138455658, -3.6617329721324174], [-0.008188961713597542, 8.350183150649435e-05, 1.0]]"
17a56574ae45b974,COph100/031/031_M_GA25_BW910_PA35_DG3_PF0_D1_S04_1__031_M_GA25_BW910_PA37_DG3_PF0_D1_S06_3,COph100/patient/031,COph100,sift_h,rectangle,ok,54,12,4597,4252,False,False,False,236.04428047438546,0.2950553505929818,True,,0.7356671000015922,"[[0.22762929161467013, -0.7250477925269356, 552.554022486396], [0.21915660167762194, 0.15832042426932075, -142.51624929353005], [-0.00018458722494546221, -0.0008067780290455289, 1.0]]"
17a56574ae45b974,COph100/031/031_M_GA25_BW910_PA35_DG3_PF0_D1_S04_1__031_M_GA25_BW910_PA37_DG3_PF0_D1_S06_3,COph100/patient/031,COph100,sift_h,sample_orientation,ok,54,12,4597,3227,False,False,False,236.04428047438546,0.2950553505929818,True,,0.8606851999938954,"[[0.22762929161467013, -0.7250477925269356, 552.554022486396], [0.21915660167762194, 0.15832042426932075, -142.51624929353005], [-0.00018458722494546221, -0.0008067780290455289, 1.0]]"
f2e87ea984c0b244,COph100/031/031_M_GA25_BW910_PA35_DG3_PF0_D1_S04_1__031_M_GA25_BW910_PA40_DG2_PF0_D1_S08_6,COph100/patient/031,COph100,sift_h,fov,ok,38,8,4685,2351,False,True,False,385.4839005262929,0.48185487565786617,True,,0.9124701999971876,"[[2.898398873887109, -1.879585156687632, 966.1834794390834], [1.7834061167882518, -1.1864183720203163, 617.7891042307392], [0.0029591901810812112, -0.0019359423444142, 1.0]]"
f2e87ea984c0b244,COph100/031/031_M_GA25_BW910_PA35_DG3_PF0_D1_S04_1__031_M_GA25_BW910_PA40_DG2_PF0_D1_S08_6,COph100/patient/031,COph100,sift_h,none,ok,38,8,4685,0,False,True,False,385.4839005262929,0.48185487565786617,True,True,0.9367085999983829,"[[2.898398873887109, -1.879585156687632, 966.1834794390834], [1.7834061167882518, -1.1864183720203163, 617.7891042307392], [0.0029591901810812112, -0.0019359423444142, 1.0]]"
f2e87ea984c0b244,COph100/031/031_M_GA25_BW910_PA35_DG3_PF0_D1_S04_1__031_M_GA25_BW910_PA40_DG2_PF0_D1_S08_6,COph100/patient/031,COph100,sift_h,rectangle,ok,38,6,10000,9326,False,False,False,221.17827182022796,0.276472839775285,True,,1.6008805000019493,"[[0.7664229461897337, -0.4910420943731132, 262.655875103427], [-0.17154759478225812, -1.120043616242372, 964.3006991456822], [0.00010376581739436632, -0.0007756198791986984, 1.0]]"
f2e87ea984c0b244,COph100/031/031_M_GA25_BW910_PA35_DG3_PF0_D1_S04_1__031_M_GA25_BW910_PA40_DG2_PF0_D1_S08_6,COph100/patient/031,COph100,sift_h,sample_orientation,ok,38,8,4685,3308,False,True,False,384.30334453000773,0.4803791806625097,True,,0.857343800002127,"[[2.369370831214083, -1.7704995222921582, 966.2096872126737], [1.4556630876051235, -1.116720722084975, 617.1048213657592], [0.002415442938086421, -0.0018168724466065566, 1.0]]"
45cddb83e18b9b17,COph100/031/031_M_GA25_BW910_PA36_DG3_PF0_D1_S05_6__031_M_GA25_BW910_PA37_DG3_PF0_D1_S06_3,COph100/patient/031,COph100,sift_h,fov,ok,41,9,3963,2119,False,False,False,189.24080251952373,0.23655100314940466,True,,0.7933322000026237,"[[0.16457220800919548, -1.1354676947332167, 946.682395680055], [0.954055991522943, 0.03312184766209743, -145.87342506306706], [0.00010902156103218695, -1.9695009575180442e-05, 1.0]]"
45cddb83e18b9b17,COph100/031/031_M_GA25_BW910_PA36_DG3_PF0_D1_S05_6__031_M_GA25_BW910_PA37_DG3_PF0_D1_S06_3,COph100/patient/031,COph100,sift_h,none,ok,41,9,3963,0,False,True,True,842.3669212709634,1.0529586515887042,True,True,0.8221651999920141,"[[0.23136430755392526, 0.45137062570804426, -492.5443786729696], [-0.2193323110597343, -0.7511133701228843, 571.7232088337327], [0.00026882135560462396, -0.0027068134247264356, 1.0]]"
45cddb83e18b9b17,COph100/031/031_M_GA25_BW910_PA36_DG3_PF0_D1_S05_6__031_M_GA25_BW910_PA37_DG3_PF0_D1_S06_3,COph100/patient/031,COph100,sift_h,rectangle,ok,41,9,3963,3637,False,False,False,189.24080251952373,0.23655100314940466,True,,0.6564131999912206,"[[0.16457220800919548, -1.1354676947332167, 946.682395680055], [0.954055991522943, 0.03312184766209743, -145.87342506306706], [0.00010902156103218695, -1.9695009575180442e-05, 1.0]]"
45cddb83e18b9b17,COph100/031/031_M_GA25_BW910_PA36_DG3_PF0_D1_S05_6__031_M_GA25_BW910_PA37_DG3_PF0_D1_S06_3,COph100/patient/031,COph100,sift_h,sample_orientation,ok,41,9,3963,2807,False,True,True,842.3669212709634,1.0529586515887042,True,,0.7204496999911498,"[[0.23136430755392526, 0.45137062570804426, -492.5443786729696], [-0.2193323110597343, -0.7511133701228843, 571.7232088337327], [0.00026882135560462396, -0.0027068134247264356, 1.0]]"
ca3d69791f0b5894,COph100/031/031_M_GA25_BW910_PA36_DG3_PF0_D1_S05_6__031_M_GA25_BW910_PA38_DG3_PF0_D1_S07_5,COph100/patient/031,COph100,sift_h,fov,ok,29,6,5022,3095,False,True,False,292.79393969037227,0.36599242461296533,True,,0.9003687000076752,"[[-1.0953500800105758, -0.07515071274072148, 67.99431861610869], [-10.595717930080943, -0.5436059325525472, 624.4794983614767], [-0.0177258822671265, -0.0007073556386813182, 1.0]]"
ca3d69791f0b5894,COph100/031/031_M_GA25_BW910_PA36_DG3_PF0_D1_S05_6__031_M_GA25_BW910_PA38_DG3_PF0_D1_S07_5,COph100/patient/031,COph100,sift_h,none,ok,29,6,5022,0,False,True,False,292.79393969037227,0.36599242461296533,True,True,1.0192187000066042,"[[-1.0953500800105758, -0.07515071274072148, 67.99431861610869], [-10.595717930080943, -0.5436059325525472, 624.4794983614767], [-0.0177258822671265, -0.0007073556386813182, 1.0]]"
ca3d69791f0b5894,COph100/031/031_M_GA25_BW910_PA36_DG3_PF0_D1_S05_6__031_M_GA25_BW910_PA38_DG3_PF0_D1_S07_5,COph100/patient/031,COph100,sift_h,rectangle,ok,29,5,10000,9502,False,False,False,123.51785364435402,0.15439731705544252,True,,1.5887719000020297,"[[0.42672657995463503, 0.022154778223497033, 2.5848440102321564], [-0.20669622592485823, 0.6708551804180943, 160.25020320221785], [-0.000574295270711958, 0.00011828695049584422, 1.0]]"
ca3d69791f0b5894,COph100/031/031_M_GA25_BW910_PA36_DG3_PF0_D1_S05_6__031_M_GA25_BW910_PA38_DG3_PF0_D1_S07_5,COph100/patient/031,COph100,sift_h,sample_orientation,ok,29,5,10000,7394,False,True,True,322.14405838114754,0.40268007297643443,True,,1.92345089999435,"[[0.1487298544600084, -0.29915816867622225, 58.62999927244595], [1.4403911919621255, -2.906797493416243, 572.9533339732931], [0.0023714203776225087, -0.004867348555560098, 1.0]]"
2a7e9b64bca3f4b9,COph100/031/031_M_GA25_BW910_PA36_DG3_PF0_D1_S05_6__031_M_GA25_BW910_PA40_DG2_PF0_D1_S08_6,COph100/patient/031,COph100,sift_h,fov,ok,55,20,523,229,False,True,False,116.16245027886696,0.1452030628485837,True,,0.0984325000026729,"[[0.6403529319777799, 0.056692382903169386, -17.070168354977906], [0.38450813160173003, 0.17926913951277235, 139.06975319459735], [0.0011994961549265488, -0.0013601553458192776, 1.0]]"
2a7e9b64bca3f4b9,COph100/031/031_M_GA25_BW910_PA36_DG3_PF0_D1_S05_6__031_M_GA25_BW910_PA40_DG2_PF0_D1_S08_6,COph100/patient/031,COph100,sift_h,none,ok,55,20,523,0,False,True,False,116.16245027886696,0.1452030628485837,True,True,0.10665679999510758,"[[0.6403529319777799, 0.056692382903169386, -17.070168354977906], [0.38450813160173003, 0.17926913951277235, 139.06975319459735], [0.0011994961549265488, -0.0013601553458192776, 1.0]]"
2a7e9b64bca3f4b9,COph100/031/031_M_GA25_BW910_PA36_DG3_PF0_D1_S05_6__031_M_GA25_BW910_PA40_DG2_PF0_D1_S08_6,COph100/patient/031,COph100,sift_h,rectangle,ok,55,20,523,456,True,False,False,144.78092321945104,0.1809761540243138,True,,0.08356830000411719,"[[0.715378759874461, 0.060921888074484634, -18.699338398511372], [0.6985925960776422, 0.25630528541895187, 122.38660045102132], [0.0022059854216427083, -0.0012968891012055928, 1.0]]"
2a7e9b64bca3f4b9,COph100/031/031_M_GA25_BW910_PA36_DG3_PF0_D1_S05_6__031_M_GA25_BW910_PA40_DG2_PF0_D1_S08_6,COph100/patient/031,COph100,sift_h,sample_orientation,ok,55,20,523,334,False,True,False,116.16245027886696,0.1452030628485837,True,,0.10420650000742171,"[[0.6403529319777799, 0.056692382903169386, -17.070168354977906], [0.38450813160173003, 0.17926913951277235, 139.06975319459735], [0.0011994961549265488, -0.0013601553458192776, 1.0]]"
51f835e393d3c4f2,COph100/031/031_M_GA25_BW910_PA36_DG3_PF0_D1_S05_6__031_M_GA25_BW910_PA43_DG9_PF0_D1_S09_8,COph100/patient/031,COph100,sift_h,fov,ok,29,7,2709,1400,False,True,False,367.3830364028236,0.4592287955035295,True,,0.5497792000096524,"[[-0.9801622499432547, 0.6311688941190838, 887.3910265207646], [-0.8165794314523726, 0.5141147070625334, 739.3423233935092], [-0.0011026876010243832, 0.0006927428030063831, 1.0]]"
51f835e393d3c4f2,COph100/031/031_M_GA25_BW910_PA36_DG3_PF0_D1_S05_6__031_M_GA25_BW910_PA43_DG9_PF0_D1_S09_8,COph100/patient/031,COph100,sift_h,none,ok,29,7,2709,0,False,True,False,367.3830364028236,0.4592287955035295,True,True,0.5337337000091793,"[[-0.9801622499432547, 0.6311688941190838, 887.3910265207646], [-0.8165794314523726, 0.5141147070625334, 739.3423233935092], [-0.0011026876010243832, 0.0006927428030063831, 1.0]]"
51f835e393d3c4f2,COph100/031/031_M_GA25_BW910_PA36_DG3_PF0_D1_S05_6__031_M_GA25_BW910_PA43_DG9_PF0_D1_S09_8,COph100/patient/031,COph100,sift_h,rectangle,ok,29,7,2709,2500,False,False,False,241.80143511067863,0.3022517938883483,True,,0.4630235999939032,"[[-0.10486890890936285, 12.336725249793558, -585.1191822167615], [-0.8259273374095821, 8.383667009082401, 555.8891965511023], [0.0001519405845684996, 0.010820746163456798, 1.0]]"
51f835e393d3c4f2,COph100/031/031_M_GA25_BW910_PA36_DG3_PF0_D1_S05_6__031_M_GA25_BW910_PA43_DG9_PF0_D1_S09_8,COph100/patient/031,COph100,sift_h,sample_orientation,ok,29,7,2709,1912,False,True,False,367.3830364028236,0.4592287955035295,True,,0.4881992000009632,"[[-0.9801622499432547, 0.6311688941190838, 887.3910265207646], [-0.8165794314523726, 0.5141147070625334, 739.3423233935092], [-0.0011026876010243832, 0.0006927428030063831, 1.0]]"
9f879fe4db9372a2,COph100/031/031_M_GA25_BW910_PA37_DG3_PF0_D1_S06_3__031_M_GA25_BW910_PA38_DG3_PF0_D1_S07_5,COph100/patient/031,COph100,sift_h,fov,ok,31,6,6559,3363,False,True,False,309.46341650556406,0.38682927063195505,True,,1.1539328999933787,"[[0.038416676371167385, 0.13458495150705338, -56.9083951293464], [-0.6222012610145222, 0.05163231588468955, 596.9996971615018], [-0.001046796551932235, 9.042131694439507e-05, 1.0]]"
9f879fe4db9372a2,COph100/031/031_M_GA25_BW910_PA37_DG3_PF0_D1_S06_3__031_M_GA25_BW910_PA38_DG3_PF0_D1_S07_5,COph100/patient/031,COph100,sift_h,none,ok,31,6,6559,0,False,True,False,309.46341650556406,0.38682927063195505,True,True,1.300270299994736,"[[0.038416676371167385, 0.13458495150705338, -56.9083951293464], [-0.6222012610145222, 0.05163231588468955, 596.9996971615018], [-0.001046796551932235, 9.042131694439507e-05, 1.0]]"
9f879fe4db9372a2,COph100/031/031_M_GA25_BW910_PA37_DG3_PF0_D1_S06_3__031_M_GA25_BW910_PA38_DG3_PF0_D1_S07_5,COph100/patient/031,COph100,sift_h,rectangle,ok,31,5,10000,9378,False,False,False,340.96620857267567,0.4262077607158446,True,,1.524792800002615,"[[123.89721234304966, 21.760889139209983, -14344.281135796356], [-3.5917413657059303, -4.469714909264356, 5937.915689418747], [0.1220236904487052, 0.0030849824439415693, 1.0]]"
9f879fe4db9372a2,COph100/031/031_M_GA25_BW910_PA37_DG3_PF0_D1_S06_3__031_M_GA25_BW910_PA38_DG3_PF0_D1_S07_5,COph100/patient/031,COph100,sift_h,sample_orientation,ok,31,6,6559,4688,False,True,True,375.0789035597714,0.4688486294497142,True,,1.3017121000011684,"[[-0.2513373432382587, -0.02205991751734486, 12.887968100485047], [-0.4894905860493412, -1.3572980047310492, 631.3023372186207], [-0.0010337279556523677, -0.002156060830661287, 1.0]]"
3623c2b590812eba,COph100/031/031_M_GA25_BW910_PA37_DG3_PF0_D1_S06_3__031_M_GA25_BW910_PA40_DG2_PF0_D1_S08_6,COph100/patient/031,COph100,sift_h,fov,ok,29,7,2709,1507,False,True,False,279.5112728265141,0.3493890910331426,True,,0.45484619999479037,"[[-0.18647131772993175, -0.0595485733547833, 23.900697324348393], [-2.066146945483091, -0.6588094050475745, 264.8955849171829], [-0.007799392162635222, -0.0024872566139066336, 1.0]]"
3623c2b590812eba,COph100/031/031_M_GA25_BW910_PA37_DG3_PF0_D1_S06_3__031_M_GA25_BW910_PA40_DG2_PF0_D1_S08_6,COph100/patient/031,COph100,sift_h,none,ok,29,7,2709,0,False,True,False,279.5112728265141,0.3493890910331426,True,True,0.5292646000016248,"[[-0.18647131772993175, -0.0595485733547833, 23.900697324348393], [-2.066146945483091, -0.6588094050475745, 264.8955849171829], [-0.007799392162635222, -0.0024872566139066336, 1.0]]"
3623c2b590812eba,COph100/031/031_M_GA25_BW910_PA37_DG3_PF0_D1_S06_3__031_M_GA25_BW910_PA40_DG2_PF0_D1_S08_6,COph100/patient/031,COph100,sift_h,rectangle,ok,29,6,5022,4741,False,False,False,282.81919373833915,0.35352399217292396,True,,0.7657265000016196,"[[0.24118682140029843, -0.42527401782520186, 106.45256758179487], [-0.5432735799023171, -0.34052137690682577, 746.9528037219285], [-0.0006981216806763614, -0.0002704472476069113, 1.0]]"
3623c2b590812eba,COph100/031/031_M_GA25_BW910_PA37_DG3_PF0_D1_S06_3__031_M_GA25_BW910_PA40_DG2_PF0_D1_S08_6,COph100/patient/031,COph100,sift_h,sample_orientation,ok,29,7,2709,1906,False,True,False,279.5112728265141,0.3493890910331426,True,,0.552182699990226,"[[-0.18647131772993175, -0.0595485733547833, 23.900697324348393], [-2.066146945483091, -0.6588094050475745, 264.8955849171829], [-0.007799392162635222, -0.0024872566139066336, 1.0]]"
f17606873bcf6010,COph100/031/031_M_GA25_BW910_PA37_DG3_PF0_D1_S06_3__031_M_GA25_BW910_PA43_DG9_PF0_D1_S09_8,COph100/patient/031,COph100,sift_h,fov,ok,29,7,2709,1744,False,True,False,300.6740282829228,0.3758425353536535,True,,0.4425303000025451,"[[0.010470927432637564, -0.08374555711210833, 81.69838091575012], [-0.2974966898251413, -0.5174316242086887, 650.6445991848174], [-0.0005875777093120312, -0.0006060714593108573, 1.0]]"
f17606873bcf6010,COph100/031/031_M_GA25_BW910_PA37_DG3_PF0_D1_S06_3__031_M_GA25_BW910_PA43_DG9_PF0_D1_S09_8,COph100/patient/031,COph100,sift_h,none,ok,29,7,2709,0,False,True,False,300.6740282829228,0.3758425353536535,True,True,0.5550991000054637,"[[0.010470927432637564, -0.08374555711210833, 81.69838091575012], [-0.2974966898251413, -0.5174316242086887, 650.6445991848174], [-0.0005875777093120312, -0.0006060714593108573, 1.0]]"
f17606873bcf6010,COph100/031/031_M_GA25_BW910_PA37_DG3_PF0_D1_S06_3__031_M_GA25_BW910_PA43_DG9_PF0_D1_S09_8,COph100/patient/031,COph100,sift_h,rectangle,ok,29,6,5022,4634,False,False,False,243.78876083777664,0.3047359510472208,True,,0.8103063000016846,"[[0.47160396315976305, 1.966270324579391, -23.470220793216573], [-1.3253006823322049, 3.0859857338532177, 716.3763535493586], [-0.0007985972401445246, 0.002608792966575395, 1.0]]"
f17606873bcf6010,COph100/031/031_M_GA25_BW910_PA37_DG3_PF0_D1_S06_3__031_M_GA25_BW910_PA43_DG9_PF0_D1_S09_8,COph100/patient/031,COph100,sift_h,sample_orientation,ok,29,7,2709,1967,False,True,False,300.6740282829228,0.3758425353536535,True,,0.505580099998042,"[[0.010470927432637564, -0.08374555711210833, 81.69838091575012], [-0.2974966898251413, -0.5174316242086887, 650.6445991848174], [-0.0005875777093120312, -0.0006060714593108573, 1.0]]"
ce0bf1b0d59c749f,COph100/031/031_M_GA25_BW910_PA38_DG3_PF0_D1_S07_5__031_M_GA25_BW910_PA40_DG2_PF0_D1_S08_6,COph100/patient/031,COph100,sift_h,fov,ok,40,6,10000,6014,False,True,False,385.0730540785306,0.4813413175981633,True,,1.7540175000031013,"[[-0.8954211535020649, -0.20061317496230477, 968.5961503224554], [-0.5675367217965525, -0.12841640072136049, 614.7747090104538], [-0.0009228360304419831, -0.0002120700019014005, 1.0]]"
ce0bf1b0d59c749f,COph100/031/031_M_GA25_BW910_PA38_DG3_PF0_D1_S07_5__031_M_GA25_BW910_PA40_DG2_PF0_D1_S08_6,COph100/patient/031,COph100,sift_h,none,ok,40,6,10000,0,False,True,False,385.0730540785306,0.4813413175981633,True,True,2.0175362000009045,"[[-0.8954211535020649, -0.20061317496230477, 968.5961503224554], [-0.5675367217965525, -0.12841640072136049, 614.7747090104538], [-0.0009228360304419831, -0.0002120700019014005, 1.0]]"
ce0bf1b0d59c749f,COph100/031/031_M_GA25_BW910_PA38_DG3_PF0_D1_S07_5__031_M_GA25_BW910_PA40_DG2_PF0_D1_S08_6,COph100/patient/031,COph100,sift_h,rectangle,ok,40,6,10000,9442,False,False,False,271.3134045845271,0.3391417557306589,True,,1.5777043999987654,"[[1.2323241637474183, -0.8106042118464876, 40.15399192883748], [0.5476421396496761, -1.3194103880807826, 324.11802738648686], [0.00026379142356303115, -0.0007851297210749454, 1.0]]"
ce0bf1b0d59c749f,COph100/031/031_M_GA25_BW910_PA38_DG3_PF0_D1_S07_5__031_M_GA25_BW910_PA40_DG2_PF0_D1_S08_6,COph100/patient/031,COph100,sift_h,sample_orientation,ok,40,6,10000,7376,False,False,False,271.3134045845271,0.3391417557306589,True,,2.03533330000937,"[[1.2323241637474183, -0.8106042118464876, 40.15399192883748], [0.5476421396496761, -1.3194103880807826, 324.11802738648686], [0.00026379142356303115, -0.0007851297210749454, 1.0]]"
c015bc07147f15b5,COph100/031/031_M_GA25_BW910_PA40_DG2_PF0_D1_S08_6__031_M_GA25_BW910_PA43_DG9_PF0_D1_S09_8,COph100/patient/031,COph100,sift_h,fov,ok,40,8,5752,3277,False,False,False,265.82544163089625,0.3322818020386203,True,,1.0410909999918658,"[[-0.17636360036074789, -1.2279014812625382, 984.9389218247686], [-0.3067085562611088, -0.6750742212212187, 745.9869460179772], [-0.00022247439570583167, -0.0008992371538745622, 1.0]]"
c015bc07147f15b5,COph100/031/031_M_GA25_BW910_PA40_DG2_PF0_D1_S08_6__031_M_GA25_BW910_PA43_DG9_PF0_D1_S09_8,COph100/patient/031,COph100,sift_h,none,ok,40,8,5752,0,False,True,True,4480.257928874168,5.60032241109271,True,True,1.1871599000005517,"[[-1.0760242004314526, -0.9606811704937537, 897.2894355432812], [-0.7460549681052036, -0.8180414495575323, 743.7725840398502], [-0.0011962365888976414, -0.0010589021162911152, 1.0]]"
c015bc07147f15b5,COph100/031/031_M_GA25_BW910_PA40_DG2_PF0_D1_S08_6__031_M_GA25_BW910_PA43_DG9_PF0_D1_S09_8,COph100/patient/031,COph100,sift_h,rectangle,ok,40,8,5752,5199,False,False,False,265.82544163089625,0.3322818020386203,True,,0.8969345000077737,"[[-0.17636360036074789, -1.2279014812625382, 984.9389218247686], [-0.3067085562611088, -0.6750742212212187, 745.9869460179772], [-0.00022247439570583167, -0.0008992371538745622, 1.0]]"
c015bc07147f15b5,COph100/031/031_M_GA25_BW910_PA40_DG2_PF0_D1_S08_6__031_M_GA25_BW910_PA43_DG9_PF0_D1_S09_8,COph100/patient/031,COph100,sift_h,sample_orientation,ok,40,8,5752,3999,False,False,False,265.82544163089625,0.3322818020386203,True,,1.173116799996933,"[[-0.17636360036074789, -1.2279014812625382, 984.9389218247686], [-0.3067085562611088, -0.6750742212212187, 745.9869460179772], [-0.00022247439570583167, -0.0008992371538745622, 1.0]]"
e64ce9ceb682ab40,COph100/033/033_M_GA30_BW1250_PA31_DG0_PF0_D1_S01_2__033_M_GA30_BW1250_PA33_DG0_PF0_D1_S02_1,COph100/patient/033,COph100,sift_h,fov,ok,30,6,5752,2910,False,True,False,297.1089641255302,0.37138620515691273,True,,1.054234199997154,"[[-0.1570028119584481, 0.010528903431652088, 154.97577885457952], [-0.7747808725599822, 0.05243782940984708, 763.9213814716853], [-0.0010148891362228424, 7.044369230548756e-05, 1.0]]"
e64ce9ceb682ab40,COph100/033/033_M_GA30_BW1250_PA31_DG0_PF0_D1_S01_2__033_M_GA30_BW1250_PA33_DG0_PF0_D1_S02_1,COph100/patient/033,COph100,sift_h,none,ok,30,6,5752,0,False,True,False,297.1089641255302,0.37138620515691273,True,True,1.1363630999985617,"[[-0.1570028119584481, 0.010528903431652088, 154.97577885457952], [-0.7747808725599822, 0.05243782940984708, 763.9213814716853], [-0.0010148891362228424, 7.044369230548756e-05, 1.0]]"
e64ce9ceb682ab40,COph100/033/033_M_GA30_BW1250_PA31_DG0_PF0_D1_S01_2__033_M_GA30_BW1250_PA33_DG0_PF0_D1_S02_1,COph100/patient/033,COph100,sift_h,rectangle,ok,30,5,10000,9441,False,False,False,233.416185747992,0.29177023218499,True,,1.5903662000055192,"[[-2.7372169123775016, 0.136443965708465, 2763.6009798907735], [0.4258091699698126, -0.8713379122464033, 821.6055177396435], [0.0006133339511101381, 0.0030513893541756544, 1.0]]"
e64ce9ceb682ab40,COph100/033/033_M_GA30_BW1250_PA31_DG0_PF0_D1_S01_2__033_M_GA30_BW1250_PA33_DG0_PF0_D1_S02_1,COph100/patient/033,COph100,sift_h,sample_orientation,ok,30,6,5752,4211,False,True,True,309.9549306252502,0.38744366328156277,True,,1.040407899999991,"[[-2.4470127428419723, 11.478153631249798, 803.8363759938923], [-8.633177029174353, 56.38389877887403, 811.0176598611657], [-0.011156891499521489, 0.07404990482919623, 1.0]]"
98d5b13097e9faf9,COph100/033/033_M_GA30_BW1250_PA31_DG0_PF0_D1_S01_2__033_M_GA30_BW1250_PA36_DG0_PF0_D1_S03_7,COph100/patient/033,COph100,sift_h,fov,ok,39,8,5198,2579,False,True,False,347.1635689810799,0.43395446122634984,True,,0.9036514000035822,"[[0.22612634336107787, -0.16164489436177984, 88.48010991391352], [1.140206163216565, -1.0951419699458564, 655.4486695978708], [0.0014599604382527303, -0.0016193487962088107, 1.0]]"
98d5b13097e9faf9,COph100/033/033_M_GA30_BW1250_PA31_DG0_PF0_D1_S01_2__033_M_GA30_BW1250_PA36_DG0_PF0_D1_S03_7,COph100/patient/033,COph100,sift_h,none,ok,39,8,5198,0,False,True,False,347.1635689810799,0.43395446122634984,True,True,1.0384431999991648,"[[0.22612634336107787, -0.16164489436177984, 88.48010991391352], [1.140206163216565, -1.0951419699458564, 655.4486695978708], [0.0014599604382527303, -0.0016193487962088107, 1.0]]"
98d5b13097e9faf9,COph100/033/033_M_GA30_BW1250_PA31_DG0_PF0_D1_S01_2__033_M_GA30_BW1250_PA36_DG0_PF0_D1_S03_7,COph100/patient/033,COph100,sift_h,rectangle,ok,39,8,5198,4808,False,False,False,68.99099253662777,0.08623874067078471,True,,0.7671914999955334,"[[0.8812023672014969, -0.08541620171067349, 24.567864038798685], [0.04678985075308059, 1.2923430501583792, -46.93964159386133], [-0.00011553831117847802, 0.0006958544681131318, 1.0]]"
98d5b13097e9faf9,COph100/033/033_M_GA30_BW1250_PA31_DG0_PF0_D1_S01_2__033_M_GA30_BW1250_PA36_DG0_PF0_D1_S03_7,COph100/patient/033,COph100,sift_h,sample_orientation,ok,39,8,5198,3614,False,False,False,68.99099253662777,0.08623874067078471,True,,1.000875999990967,"[[0.8812023672014969, -0.08541620171067349, 24.567864038798685], [0.04678985075308059, 1.2923430501583792, -46.93964159386133], [-0.00011553831117847802, 0.0006958544681131318, 1.0]]"
92d6af325b54e7f4,COph100/033/033_M_GA30_BW1250_PA33_DG0_PF0_D1_S02_1__033_M_GA30_BW1250_PA36_DG0_PF0_D1_S03_7,COph100/patient/033,COph100,sift_h,fov,ok,32,6,7448,3753,False,True,False,338.87331157211025,0.42359163946513784,True,,1.4523134000046412,"[[-1.054679803007353, -44.25536145966344, 1002.5657282106291], [-8.324654591213728, -18.575011009823378, 1840.3379158145076], [-0.002738692611672246, -0.043528359300980375, 1.0]]"
92d6af325b54e7f4,COph100/033/033_M_GA30_BW1250_PA33_DG0_PF0_D1_S02_1__033_M_GA30_BW1250_PA36_DG0_PF0_D1_S03_7,COph100/patient/033,COph100,sift_h,none,ok,32,6,7448,0,False,True,False,338.87331157211025,0.42359163946513784,True,True,1.4987467000028118,"[[-1.054679803007353, -44.25536145966344, 1002.5657282106291], [-8.324654591213728, -18.575011009823378, 1840.3379158145076], [-0.002738692611672246, -0.043528359300980375, 1.0]]"
92d6af325b54e7f4,COph100/033/033_M_GA30_BW1250_PA33_DG0_PF0_D1_S02_1__033_M_GA30_BW1250_PA36_DG0_PF0_D1_S03_7,COph100/patient/033,COph100,sift_h,rectangle,ok,32,6,7448,7002,False,False,False,309.8126050547769,0.3872657563184711,True,,1.2061239000031492,"[[-0.5477064170310125, -0.5770438260642361, 1039.6621780374408], [-0.1372728337323568, -0.11618868270819928, 320.3287712866724], [-0.0005355817961704326, -0.0005102423077728065, 1.0]]"
92d6af325b54e7f4,COph100/033/033_M_GA30_BW1250_PA33_DG0_PF0_D1_S02_1__033_M_GA30_BW1250_PA36_DG0_PF0_D1_S03_7,COph100/patient/033,COph100,sift_h,sample_orientation,ok,32,6,7448,5218,False,True,False,338.87331157211025,0.42359163946513784,True,,1.4858640000020387,"[[-1.054679803007353, -44.25536145966344, 1002.5657282106291], [-8.324654591213728, -18.575011009823378, 1840.3379158145076], [-0.002738692611672246, -0.043528359300980375, 1.0]]"
9be561bf0f77e6bc,COph100/036/036_M_GA27_BW960_PA32_DG0_PF0_D1_S01_2__036_M_GA27_BW960_PA34_DG0_PF0_D1_S02_3,COph100/patient/036,COph100,sift_h,fov,ok,28,7,2354,1167,False,True,False,328.0418719434558,0.4100523399293198,True,,0.41841469999053515,"[[8.314532604776284, -0.4704636403003708, 55.333112824116775], [46.16843877611022, -3.898988982570025, 623.9963661942281], [0.06399125416141975, -0.00599242024882811, 1.0]]"
9be561bf0f77e6bc,COph100/036/036_M_GA27_BW960_PA32_DG0_PF0_D1_S01_2__036_M_GA27_BW960_PA34_DG0_PF0_D1_S02_3,COph100/patient/036,COph100,sift_h,none,ok,28,7,2354,0,False,True,False,328.0418719434558,0.4100523399293198,True,True,0.4848679999995511,"[[8.314532604776284, -0.4704636403003708, 55.333112824116775], [46.16843877611022, -3.898988982570025, 623.9963661942281], [0.06399125416141975, -0.00599242024882811, 1.0]]"
9be561bf0f77e6bc,COph100/036/036_M_GA27_BW960_PA32_DG0_PF0_D1_S01_2__036_M_GA27_BW960_PA34_DG0_PF0_D1_S02_3,COph100/patient/036,COph100,sift_h,rectangle,ok,28,6,4364,4005,False,False,False,283.6592512326216,0.354574064040777,True,,0.617680899988045,"[[0.034516638682082254, 0.39069303165828695, 11.199862269907214], [0.4502274463421185, -0.542594760306674, 142.30058590348725], [-0.00017378730457055233, -0.0008078803791893427, 1.0]]"
9be561bf0f77e6bc,COph100/036/036_M_GA27_BW960_PA32_DG0_PF0_D1_S01_2__036_M_GA27_BW960_PA34_DG0_PF0_D1_S02_3,COph100/patient/036,COph100,sift_h,sample_orientation,ok,28,6,4364,3071,False,True,True,1571.1175315537616,1.963896914442202,True,,0.8025583999988157,"[[0.385451519431729, 0.163072683481379, -13.591930083570643], [2.200078080443516, 0.01699617318297069, -17.461788122107574], [0.0024287604869545495, -0.003226920782096323, 1.0]]"
3be601fb5aa086ad,COph100/040/040_M_GA32_BW1770_PA36_DG12_PF0_D1_S01_5__040_M_GA32_BW1770_PA40_DG12_PF0_D1_S03_3,COph100/patient/040,COph100,sift_h,fov,ok,36,12,742,369,False,True,False,333.27220552760787,0.41659025690950985,True,,0.12773500000184868,"[[-0.8269153665513784, -0.3427720976929089, 96.68505634300895], [-0.8859472767060205, -0.36722894832169095, 103.58211755387812], [-0.00855274395744668, -0.003545271548389875, 1.0]]"
3be601fb5aa086ad,COph100/040/040_M_GA32_BW1770_PA36_DG12_PF0_D1_S01_5__040_M_GA32_BW1770_PA40_DG12_PF0_D1_S03_3,COph100/patient/040,COph100,sift_h,none,ok,36,12,742,0,False,True,False,333.27220552760787,0.41659025690950985,True,True,0.13065830001141876,"[[-0.8269153665513784, -0.3427720976929089, 96.68505634300895], [-0.8859472767060205, -0.36722894832169095, 103.58211755387812], [-0.00855274395744668, -0.003545271548389875, 1.0]]"
3be601fb5aa086ad,COph100/040/040_M_GA32_BW1770_PA36_DG12_PF0_D1_S01_5__040_M_GA32_BW1770_PA40_DG12_PF0_D1_S03_3,COph100/patient/040,COph100,sift_h,rectangle,ok,36,6,10000,9174,False,False,False,55.13488400299591,0.06891860500374489,True,,1.5888462000002619,"[[0.5394267546881322, -0.13446207218420997, 73.14235942886633], [0.002414940110429834, 0.655719166416344, -16.161989104683297], [-0.0003594660341349393, -0.0003262355169557226, 1.0]]"
3be601fb5aa086ad,COph100/040/040_M_GA32_BW1770_PA36_DG12_PF0_D1_S01_5__040_M_GA32_BW1770_PA40_DG12_PF0_D1_S03_3,COph100/patient/040,COph100,sift_h,sample_orientation,ok,36,12,742,517,False,True,False,333.27220552760787,0.41659025690950985,True,,0.14817869999387767,"[[-0.8269153665513784, -0.3427720976929089, 96.68505634300895], [-0.8859472767060205, -0.36722894832169095, 103.58211755387812], [-0.00855274395744668, -0.003545271548389875, 1.0]]"
006c0381e646708a,COph100/040/040_M_GA32_BW1770_PA38_DG12_PF0_D1_S02_2__040_M_GA32_BW1770_PA55_DG12_PF0_D1_S04_2,COph100/patient/040,COph100,sift_h,fov,invalid_transform,44,8,8424,4269,True,,,,,True,,1.5200471999996807,
006c0381e646708a,COph100/040/040_M_GA32_BW1770_PA38_DG12_PF0_D1_S02_2__040_M_GA32_BW1770_PA55_DG12_PF0_D1_S04_2,COph100/patient/040,COph100,sift_h,none,ok,44,8,8424,0,False,True,True,332.3433865648892,0.4154292332061115,True,True,1.755252599992673,"[[2.6051018008180713, -4.756441343801702, 973.5305846311264], [0.2037870411735438, -0.3701185518378117, 76.9897381173783], [0.00267648694076165, -0.004882843119808042, 1.0]]"
006c0381e646708a,COph100/040/040_M_GA32_BW1770_PA38_DG12_PF0_D1_S02_2__040_M_GA32_BW1770_PA55_DG12_PF0_D1_S04_2,COph100/patient/040,COph100,sift_h,rectangle,ok,44,7,10000,9548,True,False,False,225.83782265865202,0.282297278323315,True,,1.5325367000041297,"[[-0.05905696996860438, -1.010766693038194, 854.5686872494313], [-0.14629550103422112, -0.09735600121557755, 216.78896267282175], [-7.776990424906464e-05, -0.0011969522200801935, 1.0]]"
006c0381e646708a,COph100/040/040_M_GA32_BW1770_PA38_DG12_PF0_D1_S02_2__040_M_GA32_BW1770_PA55_DG12_PF0_D1_S04_2,COph100/patient/040,COph100,sift_h,sample_orientation,ok,44,7,10000,7319,False,True,False,304.85546891374946,0.38106933614218685,True,,1.8444633000035537,"[[-1.01709569995327, 0.08113114940796012, 957.4649070590041], [-0.12676569133120183, -0.005351628985049103, 128.4832228597686], [-0.0010465965987172885, 6.129317496716818e-05, 1.0]]"
7d426f8045d40d27,COph100/040/040_M_GA32_BW1770_PA40_DG12_PF0_D1_S03_3__040_M_GA32_BW1770_PA55_DG12_PF0_D1_S04_2,COph100/patient/040,COph100,sift_h,fov,ok,35,6,10000,4097,False,True,False,319.42188231410324,0.39927735289262906,True,,1.9276001999969594,"[[-2.8530952402679834, -5.515103025451774, 891.8911550164489], [-2.196796200382956, -4.396648752746618, 705.9821188610281], [-0.0031572545957726916, -0.006198761988863206, 1.0]]"
7d426f8045d40d27,COph100/040/040_M_GA32_BW1770_PA40_DG12_PF0_D1_S03_3__040_M_GA32_BW1770_PA55_DG12_PF0_D1_S04_2,COph100/patient/040,COph100,sift_h,none,ok,35,6,10000,0,False,True,False,319.42188231410324,0.39927735289262906,True,True,1.91124060000584,"[[-2.8530952402679834, -5.515103025451774, 891.8911550164489], [-2.196796200382956, -4.396648752746618, 705.9821188610281], [-0.0031572545957726916, -0.006198761988863206, 1.0]]"
7d426f8045d40d27,COph100/040/040_M_GA32_BW1770_PA40_DG12_PF0_D1_S03_3__040_M_GA32_BW1770_PA55_DG12_PF0_D1_S04_2,COph100/patient/040,COph100,sift_h,rectangle,ok,35,5,10000,9671,False,False,False,230.15172620840298,0.2876896577605037,True,,1.4875963000085903,"[[0.1999115927460849, -1.5498253998767626, 1142.0314465229228], [0.7521733810532217, -0.24867874414432387, 95.46105960581929], [0.00027001927963988815, -0.0006315486304740994, 1.0]]"
7d426f8045d40d27,COph100/040/040_M_GA32_BW1770_PA40_DG12_PF0_D1_S03_3__040_M_GA32_BW1770_PA55_DG12_PF0_D1_S04_2,COph100/patient/040,COph100,sift_h,sample_orientation,ok,35,6,10000,7190,False,True,False,315.5837626130764,0.39447970326634546,True,,1.900859000001219,"[[5.555346076076733, -2.3815249028052032, 994.406150871827], [1.0627599123272016, -0.16960934389085325, 60.004556136611114], [0.005439884554619851, -0.0022642875671034443, 1.0]]"
56d473274f709b89,COph100/041/041_M_GA32_BW1770_PA36_DG0_PF0_D1_S01_2__041_M_GA32_BW1770_PA38_DG0_PF0_D1_S02_6,COph100/patient/041,COph100,sift_h,fov,ok,36,7,6439,3481,False,True,False,283.7924943719069,0.35474061796488365,True,,1.1431725000002189,"[[-0.039676683154066215, 0.0031739039813099977, 36.278088316844], [-0.620045087307353, 0.04963395471828256, 569.6530677978626], [-0.0010884844352829672, 8.782329488927815e-05, 1.0]]"
56d473274f709b89,COph100/041/041_M_GA32_BW1770_PA36_DG0_PF0_D1_S01_2__041_M_GA32_BW1770_PA38_DG0_PF0_D1_S02_6,COph100/patient/041,COph100,sift_h,none,ok,36,7,6439,0,False,True,False,283.7924943719069,0.35474061796488365,True,True,1.210920299999998,"[[-0.039676683154066215, 0.0031739039813099977, 36.278088316844], [-0.620045087307353, 0.04963395471828256, 569.6530677978626], [-0.0010884844352829672, 8.782329488927815e-05, 1.0]]"
56d473274f709b89,COph100/041/041_M_GA32_BW1770_PA36_DG0_PF0_D1_S01_2__041_M_GA32_BW1770_PA38_DG0_PF0_D1_S02_6,COph100/patient/041,COph100,sift_h,rectangle,ok,36,6,10000,9600,False,False,False,261.01992787247457,0.3262749098405932,True,,1.5680391999921994,"[[9.278902503787476, 1.154940821474623, -281.0917597572565], [46.62922993631479, 30.466508889348603, -5637.995336641743], [0.05713488945131887, 0.038765675472466045, 1.0]]"
56d473274f709b89,COph100/041/041_M_GA32_BW1770_PA36_DG0_PF0_D1_S01_2__041_M_GA32_BW1770_PA38_DG0_PF0_D1_S02_6,COph100/patient/041,COph100,sift_h,sample_orientation,ok,36,7,6439,4709,False,True,False,283.7924943719069,0.35474061796488365,True,,1.2046793999907095,"[[-0.039676683154066215, 0.0031739039813099977, 36.278088316844], [-0.620045087307353, 0.04963395471828256, 569.6530677978626], [-0.0010884844352829672, 8.782329488927815e-05, 1.0]]"
b9145df8f0a37a1e,COph100/041/041_M_GA32_BW1770_PA36_DG0_PF0_D1_S01_2__041_M_GA32_BW1770_PA40_DG0_PF0_D1_S03_2,COph100/patient/041,COph100,sift_h,fov,ok,26,6,3244,1722,False,True,False,237.0021714008486,0.29625271425106076,True,,0.5804102999973111,"[[-0.8101559079344252, -0.1785162055214186, 80.87439251256109], [-6.7633580343526045, -0.5776116767706483, 608.4967816664418], [-0.01041001473776916, -0.0011025024277303193, 1.0]]"
b9145df8f0a37a1e,COph100/041/041_M_GA32_BW1770_PA36_DG0_PF0_D1_S01_2__041_M_GA32_BW1770_PA40_DG0_PF0_D1_S03_2,COph100/patient/041,COph100,sift_h,none,ok,26,6,3244,0,False,True,False,237.0021714008486,0.29625271425106076,True,True,0.6211293999949703,"[[-0.8101559079344252, -0.1785162055214186, 80.87439251256109], [-6.7633580343526045, -0.5776116767706483, 608.4967816664418], [-0.01041001473776916, -0.0011025024277303193, 1.0]]"
b9145df8f0a37a1e,COph100/041/041_M_GA32_BW1770_PA36_DG0_PF0_D1_S01_2__041_M_GA32_BW1770_PA40_DG0_PF0_D1_S03_2,COph100/patient/041,COph100,sift_h,rectangle,ok,26,5,6730,6417,False,False,False,70.39298919135913,0.08799123648919892,True,,1.0378494000033243,"[[0.6280558433857379, 0.24208603136080967, -72.58952927495983], [-0.0024682727473728746, 1.3995819191533683, -111.81976824617294], [-0.0004968834427306454, 0.0004591318843611712, 1.0]]"
b9145df8f0a37a1e,COph100/041/041_M_GA32_BW1770_PA36_DG0_PF0_D1_S01_2__041_M_GA32_BW1770_PA40_DG0_PF0_D1_S03_2,COph100/patient/041,COph100,sift_h,sample_orientation,ok,26,5,6730,4747,False,True,False,236.62851129651978,0.2957856391206497,True,,1.3443360999954166,"[[0.13021138149629105, -0.10684510795849665, 62.50286330097533], [0.9811590091058346, -1.068874774318902, 632.9344289199552], [0.0014692037166995893, -0.0016711302177779591, 1.0]]"
85614a766c0378ed,COph100/044-1/044_F_GA31_BW1370_PA34_DG0_PF0_D1_S01_5__044_F_GA31_BW1370_PA35_DG0_PF0_D1_S02_6,COph100/patient/044,COph100,sift_h,fov,ok,23,6,1985,837,False,True,False,338.95223187189833,0.4236902898398729,True,,0.38045169999531936,"[[-0.04371671834102783, -0.0005338479268491271, 40.3339954127947], [-0.32534915026784966, -0.0014083777742665794, 300.57191181898264], [-0.001080470726006678, -6.048852089513078e-06, 1.0]]"
85614a766c0378ed,COph100/044-1/044_F_GA31_BW1370_PA34_DG0_PF0_D1_S01_5__044_F_GA31_BW1370_PA35_DG0_PF0_D1_S02_6,COph100/patient/044,COph100,sift_h,none,ok,23,6,1985,0,False,True,True,354.75036865793174,0.44343796082241466,True,True,0.37971829999878537,"[[-0.18319616256180235, -0.057580452743029344, 52.887499453205656], [-1.4463253890367371, -0.57800151881371, 468.373801784395], [-0.005780707979007812, -0.0007042300140725243, 1.0]]"
85614a766c0378ed,COph100/044-1/044_F_GA31_BW1370_PA34_DG0_PF0_D1_S01_5__044_F_GA31_BW1370_PA35_DG0_PF0_D1_S02_6,COph100/patient/044,COph100,sift_h,rectangle,ok,23,6,1985,1883,False,False,False,219.58230062099005,0.27447787577623756,True,,0.29028730001300573,"[[1.0474834340624708, 0.013781749416570998, -18.998284981746036], [0.422289721323176, -1.0031617158333872, 655.5062482656489], [0.0004799384655707282, -0.0008403731969065269, 1.0]]"
85614a766c0378ed,COph100/044-1/044_F_GA31_BW1370_PA34_DG0_PF0_D1_S01_5__044_F_GA31_BW1370_PA35_DG0_PF0_D1_S02_6,COph100/patient/044,COph100,sift_h,sample_orientation,ok,23,6,1985,1409,False,False,False,219.58230062099005,0.27447787577623756,True,,0.3516560000134632,"[[1.0474834340624708, 0.013781749416570998, -18.998284981746036], [0.422289721323176, -1.0031617158333872, 655.5062482656489], [0.0004799384655707282, -0.0008403731969065269, 1.0]]"
066d25616d2e2b8d,COph100/044-1/044_F_GA31_BW1370_PA35_DG0_PF0_D1_S02_6__044_F_GA31_BW1370_PA42_DG0_PF0_D1_S03_7,COph100/patient/044,COph100,sift_h,fov,ok,35,6,10000,4737,False,True,False,350.4377515218628,0.4380471894023285,True,,1.8308661000046413,"[[-0.5787545176299805, 0.05768947871377933, -12.306946516659059], [-4.790767806225786, -1.4290257963600232, 404.5960721618348], [-0.020101860735828016, -0.0023723839519141513, 1.0]]"
066d25616d2e2b8d,COph100/044-1/044_F_GA31_BW1370_PA35_DG0_PF0_D1_S02_6__044_F_GA31_BW1370_PA42_DG0_PF0_D1_S03_7,COph100/patient/044,COph100,sift_h,none,ok,35,6,10000,0,False,True,False,350.4377515218628,0.4380471894023285,True,True,1.934330099989893,"[[-0.5787545176299805, 0.05768947871377933, -12.306946516659059], [-4.790767806225786, -1.4290257963600232, 404.5960721618348], [-0.020101860735828016, -0.0023723839519141513, 1.0]]"
066d25616d2e2b8d,COph100/044-1/044_F_GA31_BW1370_PA35_DG0_PF0_D1_S02_6__044_F_GA31_BW1370_PA42_DG0_PF0_D1_S03_7,COph100/patient/044,COph100,sift_h,rectangle,ok,35,6,10000,9572,False,False,False,254.34963742110762,0.3179370467763845,True,,1.6389733999967575,"[[-0.9348465642909249, 0.46248310850046065, 961.8223408844268], [0.1523771545710025, 0.03935460301275713, 696.7776312159392], [0.0003656643390039539, 0.0002888166217969352, 1.0]]"
066d25616d2e2b8d,COph100/044-1/044_F_GA31_BW1370_PA35_DG0_PF0_D1_S02_6__044_F_GA31_BW1370_PA42_DG0_PF0_D1_S03_7,COph100/patient/044,COph100,sift_h,sample_orientation,ok,35,6,10000,7271,False,True,False,350.4377515218628,0.4380471894023285,True,,1.9735895999911008,"[[-0.5787545176299805, 0.05768947871377933, -12.306946516659059], [-4.790767806225786, -1.4290257963600232, 404.5960721618348], [-0.020101860735828016, -0.0023723839519141513, 1.0]]"
567eb4c4f58b2a0a,COph100/045-1/045_M_GA29_BW1120_PA38_DG2_PF0_D1_S01_5__045_M_GA29_BW1120_PA42_DG9_PF0_D1_S02_6,COph100/patient/045,COph100,sift_h,fov,ok,47,6,10000,4735,False,True,False,285.4672307869207,0.35683403848365086,True,,1.876077199995052,"[[0.4572399018186022, -0.20384599424100583, 87.77865657294116], [0.39177846027354346, -0.17480721912757738, 75.33771796245044], [0.005206779341799937, -0.0023216501688715623, 1.0]]"
567eb4c4f58b2a0a,COph100/045-1/045_M_GA29_BW1120_PA38_DG2_PF0_D1_S01_5__045_M_GA29_BW1120_PA42_DG9_PF0_D1_S02_6,COph100/patient/045,COph100,sift_h,none,ok,47,6,10000,0,False,True,True,789.2429260168831,0.9865536575211038,True,True,2.037063900002977,"[[-0.12911428705729164, -0.11515140307217506, 142.18950160458004], [-0.6628569803229463, -0.9431885140316293, 769.8814816433061], [-0.0008634793661047198, -0.0011716879247126346, 1.0]]"
567eb4c4f58b2a0a,COph100/045-1/045_M_GA29_BW1120_PA38_DG2_PF0_D1_S01_5__045_M_GA29_BW1120_PA42_DG9_PF0_D1_S02_6,COph100/patient/045,COph100,sift_h,rectangle,ok,47,6,10000,9527,False,False,False,299.75474367021184,0.3746934295877648,True,,1.5182800000038696,"[[-0.667985192485236, -0.5183761226937398, 999.561894321744], [-0.05806617853520245, -0.13980122181142665, 162.70651590264853], [-0.0004011379297598369, -0.0005444542362210437, 1.0]]"
567eb4c4f58b2a0a,COph100/045-1/045_M_GA29_BW1120_PA38_DG2_PF0_D1_S01_5__045_M_GA29_BW1120_PA42_DG9_PF0_D1_S02_6,COph100/patient/045,COph100,sift_h,sample_orientation,ok,47,6,10000,7261,False,True,True,789.2429260168831,0.9865536575211038,True,,1.8866849000041839,"[[-0.12911428705729164, -0.11515140307217506, 142.18950160458004], [-0.6628569803229463, -0.9431885140316293, 769.8814816433061], [-0.0008634793661047198, -0.0011716879247126346, 1.0]]"
0eece1dddc3af731,COph100/045/045_M_GA29_BW1120_PA38_DG2_PF0_D1_S01_2__045_M_GA29_BW1120_PA42_DG9_PF0_D1_S02_3,COph100/patient/045,COph100,sift_h,fov,ok,27,5,7827,4980,False,True,False,354.4322000121909,0.4430402500152386,True,,1.3823415999941062,"[[-0.08008265070836032, -0.049890528310807696, 109.55802860336145], [-0.43710071477404144, -0.3892966576585335, 676.2023763567162], [-0.0006191069870032764, -0.0006093255105849239, 1.0]]"
0eece1dddc3af731,COph100/045/045_M_GA29_BW1120_PA38_DG2_PF0_D1_S01_2__045_M_GA29_BW1120_PA42_DG9_PF0_D1_S02_3,COph100/patient/045,COph100,sift_h,none,ok,27,5,7827,0,False,True,True,30924.20806425059,38.65526008031324,True,True,1.4887505999940913,"[[-0.09406687763556415, 0.01936088236526236, 65.1887411088324], [-0.705995290899636, 0.2971353111476929, 204.06837222604983], [-0.0013316090673894665, -0.0005549835170174013, 1.0]]"
0eece1dddc3af731,COph100/045/045_M_GA29_BW1120_PA38_DG2_PF0_D1_S01_2__045_M_GA29_BW1120_PA42_DG9_PF0_D1_S02_3,COph100/patient/045,COph100,sift_h,rectangle,ok,27,5,7827,7491,False,False,False,221.52199027523898,0.2769024878440487,True,,1.2848274999996647,"[[0.3366363479197042, -0.029070018950395952, 18.641495025579378], [-0.27121147663858985, 0.16081407457999264, 173.76696659272616], [0.000206809077784964, -0.0010584470268945165, 1.0]]"
0eece1dddc3af731,COph100/045/045_M_GA29_BW1120_PA38_DG2_PF0_D1_S01_2__045_M_GA29_BW1120_PA42_DG9_PF0_D1_S02_3,COph100/patient/045,COph100,sift_h,sample_orientation,ok,27,5,7827,5851,False,True,False,354.4322000121909,0.4430402500152386,True,,1.4283303999982309,"[[-0.08008265070836032, -0.049890528310807696, 109.55802860336145], [-0.43710071477404144, -0.3892966576585335, 676.2023763567162], [-0.0006191069870032764, -0.0006093255105849239, 1.0]]"
1321fecb98fae2a1,COph100/047-1/047_F_GA32_BW1730_PA33_DG0_PF0_D1_S01_6__047_F_GA32_BW1730_PA38_DG0_PF0_D1_S02_4,COph100/patient/047,COph100,sift_h,fov,ok,41,6,10000,6069,False,True,False,322.39721436621153,0.4029965179577644,True,,1.7966573000012431,"[[-0.9751599214721636, 0.5491860978689135, 903.2510504483291], [-0.7812862095384676, 0.44048250466261485, 723.1979512124218], [-0.0010797215664320567, 0.0006072265938142784, 1.0]]"
1321fecb98fae2a1,COph100/047-1/047_F_GA32_BW1730_PA33_DG0_PF0_D1_S01_6__047_F_GA32_BW1730_PA38_DG0_PF0_D1_S02_4,COph100/patient/047,COph100,sift_h,none,ok,41,7,10000,0,False,True,True,322.16936904190277,0.4027117113023785,True,True,1.8697341999941273,"[[-0.19118412425559653, -1.4615965248981921, 903.2164581694448], [-0.15293250504378042, -1.1705866196667511, 723.2056094741492], [-0.00021151045462028663, -0.001618261218805771, 1.0]]"
1321fecb98fae2a1,COph100/047-1/047_F_GA32_BW1730_PA33_DG0_PF0_D1_S01_6__047_F_GA32_BW1730_PA38_DG0_PF0_D1_S02_4,COph100/patient/047,COph100,sift_h,rectangle,ok,41,5,10000,9391,False,False,False,246.63887467219425,0.3082985933402428,True,,1.538250399986282,"[[-0.0003473117504721075, -1.9378970118339065, 1523.3502219826753], [-1.5153481424840995, 1.660110959004276, 1143.0181028471457], [0.0031154471797461727, 0.003264828790582089, 1.0]]"
1321fecb98fae2a1,COph100/047-1/047_F_GA32_BW1730_PA33_DG0_PF0_D1_S01_6__047_F_GA32_BW1730_PA38_DG0_PF0_D1_S02_4,COph100/patient/047,COph100,sift_h,sample_orientation,ok,41,6,10000,7277,False,True,False,322.74896785840207,0.4034362098230026,True,,1.8785245000035502,"[[-9.818066705271308, -0.17350455471518555, 903.9682432967015], [-7.864511988000774, -0.13899308015554118, 724.1029920005693], [-0.010861911694503996, -0.0001918441587819998, 1.0]]"
5f134b9afa5fa1bd,COph100/047-1/047_F_GA32_BW1730_PA33_DG0_PF0_D1_S01_6__047_F_GA32_BW1730_PA40_DG0_PF0_D1_S03_9,COph100/patient/047,COph100,sift_h,fov,ok,31,5,10000,5646,False,True,False,339.45704305496076,0.424321303818701,True,,1.7392455999943195,"[[4.5173849456264055, -2.420181458865895, 1004.687174003669], [2.9504644729154395, -1.2795597983940366, 514.041028270989], [0.004620234746746283, -0.0023809435055285764, 1.0]]"
5f134b9afa5fa1bd,COph100/047-1/047_F_GA32_BW1730_PA33_DG0_PF0_D1_S01_6__047_F_GA32_BW1730_PA40_DG0_PF0_D1_S03_9,COph100/patient/047,COph100,sift_h,none,ok,31,6,6559,0,False,True,True,332.16600872615135,0.4152075109076892,True,True,1.2968009000032907,"[[-0.028146358302480554, -0.09119028939792691, 43.73482861873054], [-0.11054108642208478, -0.35850325307120456, 171.88163029358628], [-0.0006433512711192164, -0.002085503305919417, 1.0]]"
5f134b9afa5fa1bd,COph100/047-1/047_F_GA32_BW1730_PA33_DG0_PF0_D1_S01_6__047_F_GA32_BW1730_PA40_DG0_PF0_D1_S03_9,COph100/patient/047,COph100,sift_h,rectangle,ok,31,5,10000,9389,False,False,False,267.759637706565,0.33469954713320627,True,,1.6916172000055667,"[[-1.0739837072184197, -0.0473115833599943, 1114.8459106849261], [0.21095481148115425, -0.9488701546660989, 663.2109054409859], [0.00030492202000883146, 3.850518808482446e-05, 1.0]]"
5f134b9afa5fa1bd,COph100/047-1/047_F_GA32_BW1730_PA33_DG0_PF0_D1_S01_6__047_F_GA32_BW1730_PA40_DG0_PF0_D1_S03_9,COph100/patient/047,COph100,sift_h,sample_orientation,ok,31,6,6559,4826,False,True,True,332.16600872615135,0.4152075109076892,True,,1.3485097999946447,"[[-0.028146358302480554, -0.09119028939792691, 43.73482861873054], [-0.11054108642208478, -0.35850325307120456, 171.88163029358628], [-0.0006433512711192164, -0.002085503305919417, 1.0]]"
13be8ef4f9484abf,COph100/047/047_F_GA32_BW1730_PA38_DG0_PF0_D1_S02_1__047_F_GA32_BW1730_PA40_DG0_PF0_D1_S03_7,COph100/patient/047,COph100,sift_h,fov,ok,31,7,3539,1427,False,True,False,295.08259953189145,0.3688532494148643,True,,0.6635377000056906,"[[0.4829444669792666, 0.37119772836802806, 16.04478646537833], [2.9157825865208764, -1.70078736130168, 775.5173591950988], [0.005477825959372962, -0.0020852855060878276, 1.0]]"
13be8ef4f9484abf,COph100/047/047_F_GA32_BW1730_PA38_DG0_PF0_D1_S02_1__047_F_GA32_BW1730_PA40_DG0_PF0_D1_S03_7,COph100/patient/047,COph100,sift_h,none,ok,31,7,3539,0,False,True,False,295.08259953189145,0.3688532494148643,True,True,0.6513017999968724,"[[0.4829444669792666, 0.37119772836802806, 16.04478646537833], [2.9157825865208764, -1.70078736130168, 775.5173591950988], [0.005477825959372962, -0.0020852855060878276, 1.0]]"
13be8ef4f9484abf,COph100/047/047_F_GA32_BW1730_PA38_DG0_PF0_D1_S02_1__047_F_GA32_BW1730_PA40_DG0_PF0_D1_S03_7,COph100/patient/047,COph100,sift_h,rectangle,ok,31,6,6559,6237,False,False,False,183.75311841301485,0.22969139801626856,True,,0.9997547999955714,"[[1.1107567824287616, 2.7877567147674265, -314.76722769267474], [-0.9154092719007, 2.837432007749047, 635.7338645284392], [-0.0002615892503867295, 0.0031107571058075056, 1.0]]"
13be8ef4f9484abf,COph100/047/047_F_GA32_BW1730_PA38_DG0_PF0_D1_S02_1__047_F_GA32_BW1730_PA40_DG0_PF0_D1_S03_7,COph100/patient/047,COph100,sift_h,sample_orientation,ok,31,7,3539,2488,False,True,False,295.08259953189145,0.3688532494148643,True,,0.6694112000113819,"[[0.4829444669792666, 0.37119772836802806, 16.04478646537833], [2.9157825865208764, -1.70078736130168, 775.5173591950988], [0.005477825959372962, -0.0020852855060878276, 1.0]]"
6edd5b7c19dd0fa0,COph100/048-1/048_F_GA32_BW1680_PA33_DG0_PF0_D1_S01_1__048_F_GA32_BW1680_PA38_DG0_PF0_D1_S02_2,COph100/patient/048,COph100,sift_h,fov,ok,37,8,4210,2122,False,True,False,343.8968967670845,0.42987112095885566,True,,0.7433499999897322,"[[-0.8152039288925147, -0.03231883380914135, 40.74131454914534], [-1.7931737882178962, 0.03392057863097448, 98.03335603063778], [-0.015532613273393277, -0.0008571832990744282, 1.0]]"
6edd5b7c19dd0fa0,COph100/048-1/048_F_GA32_BW1680_PA33_DG0_PF0_D1_S01_1__048_F_GA32_BW1680_PA38_DG0_PF0_D1_S02_2,COph100/patient/048,COph100,sift_h,none,ok,37,8,4210,0,False,True,False,343.8968967670845,0.42987112095885566,True,True,0.8556038999959128,"[[-0.8152039288925147, -0.03231883380914135, 40.74131454914534], [-1.7931737882178962, 0.03392057863097448, 98.03335603063778], [-0.015532613273393277, -0.0008571832990744282, 1.0]]"
6edd5b7c19dd0fa0,COph100/048-1/048_F_GA32_BW1680_PA33_DG0_PF0_D1_S01_1__048_F_GA32_BW1680_PA38_DG0_PF0_D1_S02_2,COph100/patient/048,COph100,sift_h,rectangle,ok,37,7,7185,6556,False,False,False,286.4366862063791,0.3580458577579739,True,,1.1375991999957478,"[[0.8204532051471688, -4.1733567476400975, 2947.0093215602615], [-0.4301351224967379, 2.895189823528904, 971.333909905419], [0.018373013224857328, 0.0033699242105388184, 1.0]]"
6edd5b7c19dd0fa0,COph100/048-1/048_F_GA32_BW1680_PA33_DG0_PF0_D1_S01_1__048_F_GA32_BW1680_PA38_DG0_PF0_D1_S02_2,COph100/patient/048,COph100,sift_h,sample_orientation,ok,37,8,4210,2904,False,True,False,344.11932962917706,0.4301491620364713,True,,0.8939052000059746,"[[-0.5608130011311424, -0.14775620838987102, 48.25673934259265], [-1.0773072570427862, -0.4811118123302869, 119.34133971902251], [-0.01030517306645237, -0.0034156965948594167, 1.0]]"
9bb5b3f73a2f03e6,COph100/048-1/048_F_GA32_BW1680_PA33_DG0_PF0_D1_S01_1__048_F_GA32_BW1680_PA40_DG0_PF0_D1_S03_2,COph100/patient/048,COph100,sift_h,fov,invalid_transform,45,11,2576,1133,False,,,,,True,,0.45659959998738486,
9bb5b3f73a2f03e6,COph100/048-1/048_F_GA32_BW1680_PA33_DG0_PF0_D1_S01_1__048_F_GA32_BW1680_PA40_DG0_PF0_D1_S03_2,COph100/patient/048,COph100,sift_h,none,ok,45,12,1817,0,False,True,True,317.9120555747215,0.39739006946840183,True,True,0.34466440000687726,"[[-1.057787961719719, -1.1614109231283913, 970.9129829137946], [-0.10789444104865953, -0.10647985174600323, 108.59647342301817], [-0.0010984464260710227, -0.0011916807399515058, 1.0]]"
9bb5b3f73a2f03e6,COph100/048-1/048_F_GA32_BW1680_PA33_DG0_PF0_D1_S01_1__048_F_GA32_BW1680_PA40_DG0_PF0_D1_S03_2,COph100/patient/048,COph100,sift_h,rectangle,ok,45,10,3773,3331,False,False,False,243.7710282627204,0.3047137853284005,True,,0.5418602999998257,"[[1.149912762785587, -0.8974330607117246, 791.4464819243874], [-0.14052052094295392, 0.14947632198443847, 156.585953760189], [0.0011442955682305575, -0.0011390511420238077, 1.0]]"
9bb5b3f73a2f03e6,COph100/048-1/048_F_GA32_BW1680_PA33_DG0_PF0_D1_S01_1__048_F_GA32_BW1680_PA40_DG0_PF0_D1_S03_2,COph100/patient/048,COph100,sift_h,sample_orientation,invalid_transform,45,11,2576,1726,False,,,,,True,,0.46474910000688396,
b59ab8449379ab9a,COph100/048-1/048_F_GA32_BW1680_PA38_DG0_PF0_D1_S02_2__048_F_GA32_BW1680_PA40_DG0_PF0_D1_S03_2,COph100/patient/048,COph100,sift_h,fov,ok,29,6,5022,2460,False,True,False,278.5364157821306,0.3481705197276632,True,,0.8827961000060895,"[[2.7169734438100526, -1.8910798814866854, 988.0577451317457], [-0.021592253923423035, -0.11776167841914542, 88.76593559026574], [0.0030543253983850425, -0.0018531630830302538, 1.0]]"
b59ab8449379ab9a,COph100/048-1/048_F_GA32_BW1680_PA38_DG0_PF0_D1_S02_2__048_F_GA32_BW1680_PA40_DG0_PF0_D1_S03_2,COph100/patient/048,COph100,sift_h,none,ok,29,6,5022,0,False,True,True,345.7402510107051,0.43217531376338136,True,True,0.949821600006544,"[[-0.42522188367112457, -1.7037462640256202, 957.8546923778821], [-0.05537550657733975, -0.1804294610052023, 83.30852027290027], [-0.0004176492703095138, -0.0018400238188048782, 1.0]]"
b59ab8449379ab9a,COph100/048-1/048_F_GA32_BW1680_PA38_DG0_PF0_D1_S02_2__048_F_GA32_BW1680_PA40_DG0_PF0_D1_S03_2,COph100/patient/048,COph100,sift_h,rectangle,ok,29,6,5022,4700,False,False,False,173.89235019201624,0.2173654377400203,True,,0.7902831999963382,"[[0.4707994513879808, -2.282694873283218, 1151.0702090205164], [-0.07189036586418204, 0.6905055528037463, 2.152333559318495], [0.0005453998231944068, -0.00064481113050249, 1.0]]"
b59ab8449379ab9a,COph100/048-1/048_F_GA32_BW1680_PA38_DG0_PF0_D1_S02_2__048_F_GA32_BW1680_PA40_DG0_PF0_D1_S03_2,COph100/patient/048,COph100,sift_h,sample_orientation,ok,29,6,5022,3622,False,True,False,278.5364157821306,0.3481705197276632,True,,1.030263799999375,"[[2.7169734438100526, -1.8910798814866854, 988.0577451317457], [-0.021592253923423035, -0.11776167841914542, 88.76593559026574], [0.0030543253983850425, -0.0018531630830302538, 1.0]]"
c2666f99bb0fa11b,COph100/048/048_F_GA32_BW1680_PA33_DG0_PF0_D1_S01_7__048_F_GA32_BW1680_PA38_DG0_PF0_D1_S02_8,COph100/patient/048,COph100,sift_h,fov,ok,39,10,2292,1197,False,True,False,417.88724494506204,0.5223590561813275,True,,0.4074479999981122,"[[-0.7943347424448413, -0.8520255978689912, 490.0538945862811], [-0.5527516340563589, 1.3707362920162702, -719.514572463401], [-0.008635405208210234, -0.001320039190841427, 1.0]]"
c2666f99bb0fa11b,COph100/048/048_F_GA32_BW1680_PA33_DG0_PF0_D1_S01_7__048_F_GA32_BW1680_PA38_DG0_PF0_D1_S02_8,COph100/patient/048,COph100,sift_h,none,ok,39,10,2127,0,False,True,True,329.5473770300643,0.4119342212875804,True,True,0.3873313999938546,"[[-0.0018125082344843699, -0.0765653158676516, 42.105431329008965], [-0.0007644112817227701, -0.3032261229779949, 171.26636615585969], [1.904583374537609e-05, -0.001799473383585363, 1.0]]"
c2666f99bb0fa11b,COph100/048/048_F_GA32_BW1680_PA33_DG0_PF0_D1_S01_7__048_F_GA32_BW1680_PA38_DG0_PF0_D1_S02_8,COph100/patient/048,COph100,sift_h,rectangle,ok,39,8,5198,4684,False,False,False,314.0046602855124,0.3925058253568905,True,,0.8089216999942437,"[[-1.2250777809558335, 0.4642495798196063, 1386.0657731328627], [-0.013374155685755241, -1.21871059865649, 1066.459945060533], [0.005402115284557946, -0.0003041147278284717, 1.0]]"
c2666f99bb0fa11b,COph100/048/048_F_GA32_BW1680_PA33_DG0_PF0_D1_S01_7__048_F_GA32_BW1680_PA38_DG0_PF0_D1_S02_8,COph100/patient/048,COph100,sift_h,sample_orientation,ok,39,10,2313,1578,False,True,True,339.0741068282142,0.42384263353526774,True,,0.4564368999999715,"[[0.01988581068593644, -0.062375513738061515, 35.04911904301589], [0.03926075405037503, -0.30698947226613066, 193.7405669371768], [0.0003955448185397892, -0.001747273065586512, 1.0]]"
ab40bccb259c19ef,COph100/048/048_F_GA32_BW1680_PA33_DG0_PF0_D1_S01_7__048_F_GA32_BW1680_PA40_DG0_PF0_D1_S03_9,COph100/patient/048,COph100,sift_h,fov,ok,33,6,8424,4631,False,True,False,373.58269234619064,0.4669783654327383,True,,1.528405400007614,"[[-2.449492282989361, -0.04463949505527859, 88.18966576796359], [-18.18048236293203, -0.36538019874103383, 677.3617024434218], [-0.026826663269554907, -0.0005369258404834822, 1.0]]"
ab40bccb259c19ef,COph100/048/048_F_GA32_BW1680_PA33_DG0_PF0_D1_S01_7__048_F_GA32_BW1680_PA40_DG0_PF0_D1_S03_9,COph100/patient/048,COph100,sift_h,none,ok,33,6,8424,0,False,True,False,373.58269234619064,0.4669783654327383,True,True,1.628376599997864,"[[-2.449492282989361, -0.04463949505527859, 88.18966576796359], [-18.18048236293203, -0.36538019874103383, 677.3617024434218], [-0.026826663269554907, -0.0005369258404834822, 1.0]]"
ab40bccb259c19ef,COph100/048/048_F_GA32_BW1680_PA33_DG0_PF0_D1_S01_7__048_F_GA32_BW1680_PA40_DG0_PF0_D1_S03_9,COph100/patient/048,COph100,sift_h,rectangle,ok,33,6,8424,7945,False,False,False,32.992104207893846,0.04124013025986731,True,,1.35487209999701,"[[1.0240958229256103, 0.06100633712379958, -7.995928185951928], [-0.09592936789914155, 1.216522311374771, -17.652993323920374], [-3.253525445970483e-05, 0.00014262406312568222, 1.0]]"
ab40bccb259c19ef,COph100/048/048_F_GA32_BW1680_PA33_DG0_PF0_D1_S01_7__048_F_GA32_BW1680_PA40_DG0_PF0_D1_S03_9,COph100/patient/048,COph100,sift_h,sample_orientation,ok,33,6,8424,5924,False,True,True,373.62922157031886,0.4670365269628986,True,,1.643615699998918,"[[-0.07076368811901079, -0.19003901355481279, 91.2187108241981], [-0.5246016203886344, -1.4115291156371976, 677.3755099891331], [-0.0007737948413497369, -0.002083616498140154, 1.0]]"
7d53168f46b873cf,COph100/048/048_F_GA32_BW1680_PA38_DG0_PF0_D1_S02_8__048_F_GA32_BW1680_PA40_DG0_PF0_D1_S03_9,COph100/patient/048,COph100,sift_h,fov,ok,30,5,10000,5325,False,True,False,319.1210300814956,0.3989012876018695,True,,1.7938858999987133,"[[-2.294974704119718, 0.10175430475278341, 68.9398128386115], [-1.5744273296476798, 0.6475942837849913, -56.77914593419838], [-0.02285780474995646, 0.0007339780070740114, 1.0]]"
7d53168f46b873cf,COph100/048/048_F_GA32_BW1680_PA38_DG0_PF0_D1_S02_8__048_F_GA32_BW1680_PA40_DG0_PF0_D1_S03_9,COph100/patient/048,COph100,sift_h,none,ok,30,5,10000,0,False,True,False,319.1210300814956,0.3989012876018695,True,True,1.9705160000012256,"[[-2.294974704119718, 0.10175430475278341, 68.9398128386115], [-1.5744273296476798, 0.6475942837849913, -56.77914593419838], [-0.02285780474995646, 0.0007339780070740114, 1.0]]"
7d53168f46b873cf,COph100/048/048_F_GA32_BW1680_PA38_DG0_PF0_D1_S02_8__048_F_GA32_BW1680_PA40_DG0_PF0_D1_S03_9,COph100/patient/048,COph100,sift_h,rectangle,ok,30,5,10000,9233,False,False,False,75.81577229427245,0.09476971536784057,True,,1.5272419999964768,"[[1.993768037907603, 0.25302762649514693, -170.61252444151907], [0.6552258874370157, 1.5481409852287833, -356.3948873293104], [0.0012585343658829571, -0.0003739363119810026, 1.0]]"
7d53168f46b873cf,COph100/048/048_F_GA32_BW1680_PA38_DG0_PF0_D1_S02_8__048_F_GA32_BW1680_PA40_DG0_PF0_D1_S03_9,COph100/patient/048,COph100,sift_h,sample_orientation,ok,30,5,10000,6869,False,True,False,321.19767502208794,0.4014970937776099,True,,2.005272700000205,"[[0.6847663456792081, -0.19336377278062158, 77.25757712073069], [0.37017214036447815, -0.18919269525582277, 98.4865906733666], [0.006853247167328142, -0.002347894888302093, 1.0]]"
b773b3ccd7e5d34f,COph100/049-1/049_F_GA30_BW1220_PA32_DG0_PF0_D1_S01_9__049_F_GA30_BW1220_PA34_DG0_PF0_D1_S02_6,COph100/patient/049,COph100,sift_h,fov,ok,30,8,1817,969,False,True,False,328.760677283536,0.41095084660442,True,,0.3425713999895379,"[[-3.486629532012548, 0.3090033560644336, 59.91577368647605], [-70.44428841632457, 6.604472685048896, 562.4578659621769], [-0.12845224416086307, 0.011960507670786876, 1.0]]"
b773b3ccd7e5d34f,COph100/049-1/049_F_GA30_BW1220_PA32_DG0_PF0_D1_S01_9__049_F_GA30_BW1220_PA34_DG0_PF0_D1_S02_6,COph100/patient/049,COph100,sift_h,none,ok,30,8,1817,0,False,True,False,328.760677283536,0.41095084660442,True,True,0.35605149999901187,"[[-3.486629532012548, 0.3090033560644336, 59.91577368647605], [-70.44428841632457, 6.604472685048896, 562.4578659621769], [-0.12845224416086307, 0.011960507670786876, 1.0]]"
b773b3ccd7e5d34f,COph100/049-1/049_F_GA30_BW1220_PA32_DG0_PF0_D1_S01_9__049_F_GA30_BW1220_PA34_DG0_PF0_D1_S02_6,COph100/patient/049,COph100,sift_h,rectangle,ok,30,7,3103,2866,False,False,False,237.83115754470106,0.2972889469308763,True,,0.5218062000058126,"[[-0.8763960573658824, -0.16773603773918414, 930.1997052237989], [0.08836610587947895, -0.7126098770294449, 717.7837532375288], [0.0003726733599908332, -0.0005405567496798243, 1.0]]"
b773b3ccd7e5d34f,COph100/049-1/049_F_GA30_BW1220_PA32_DG0_PF0_D1_S01_9__049_F_GA30_BW1220_PA34_DG0_PF0_D1_S02_6,COph100/patient/049,COph100,sift_h,sample_orientation,ok,30,8,1817,1254,False,True,False,328.7238071427075,0.4109047589283844,True,,0.3642705999955069,"[[-1.0019127479417616, -6.630365424304688e-05, 26.852629324941116], [-20.418639730044866, -0.0014351661391988684, 548.2027261529556], [-0.03724582858605214, -2.5126182019982602e-06, 1.0]]"
525265fadb36ac9e,COph100/049-1/049_F_GA30_BW1220_PA32_DG0_PF0_D1_S01_9__049_F_GA30_BW1220_PA36_DG0_PF0_D1_S03_6,COph100/patient/049,COph100,sift_h,fov,ok,26,6,3244,1467,False,True,False,359.9999440742478,0.44999993009280975,True,,0.5204430000012508,"[[-26.9669107089985, 3.2361758707465227, 983.7887266134342], [-4.943437872397789, 0.11896335752986198, 266.88411883898937], [-0.027144937785742496, 0.0031789792679372407, 1.0]]"
525265fadb36ac9e,COph100/049-1/049_F_GA30_BW1220_PA32_DG0_PF0_D1_S01_9__049_F_GA30_BW1220_PA36_DG0_PF0_D1_S03_6,COph100/patient/049,COph100,sift_h,none,ok,26,6,3244,0,False,True,False,359.9999440742478,0.44999993009280975,True,True,0.6111431000026641,"[[-26.9669107089985, 3.2361758707465227, 983.7887266134342], [-4.943437872397789, 0.11896335752986198, 266.88411883898937], [-0.027144937785742496, 0.0031789792679372407, 1.0]]"
525265fadb36ac9e,COph100/049-1/049_F_GA30_BW1220_PA32_DG0_PF0_D1_S01_9__049_F_GA30_BW1220_PA36_DG0_PF0_D1_S03_6,COph100/patient/049,COph100,sift_h,rectangle,ok,26,6,3244,2828,False,False,False,316.6112411186927,0.3957640513983659,True,,0.5180519999994431,"[[2.0119739390918814, -1.1126266918171313, 1009.5200018202412], [1.4414831567058384, 0.2917769091931453, 3.8369120971098605], [0.002106726650877705, -0.0010489051743374457, 1.0]]"
525265fadb36ac9e,COph100/049-1/049_F_GA30_BW1220_PA32_DG0_PF0_D1_S01_9__049_F_GA30_BW1220_PA36_DG0_PF0_D1_S03_6,COph100/patient/049,COph100,sift_h,sample_orientation,ok,26,6,3244,1974,False,True,False,359.9999440742478,0.44999993009280975,True,,0.5837553000019398,"[[-26.9669107089985, 3.2361758707465227, 983.7887266134342], [-4.943437872397789, 0.11896335752986198, 266.88411883898937], [-0.027144937785742496, 0.0031789792679372407, 1.0]]"
b03a05a54d4dd802,COph100/049/049_F_GA30_BW1220_PA32_DG0_PF0_D1_S01_4__049_F_GA30_BW1220_PA36_DG0_PF0_D1_S03_1,COph100/patient/049,COph100,sift_h,fov,ok,30,7,3103,1548,False,True,False,338.10721874939514,0.42263402343674394,True,,0.5358022000000346,"[[-0.14161216817186562, 0.05115456962198162, -14.392233271096904], [-10.83143849312624, -0.2784409073480043, 449.2345450992526], [-0.02366341463927269, -0.0006490185319814474, 1.0]]"
b03a05a54d4dd802,COph100/049/049_F_GA30_BW1220_PA32_DG0_PF0_D1_S01_4__049_F_GA30_BW1220_PA36_DG0_PF0_D1_S03_1,COph100/patient/049,COph100,sift_h,none,ok,30,7,3103,0,False,True,False,338.10721874939514,0.42263402343674394,True,True,0.6048133000003872,"[[-0.14161216817186562, 0.05115456962198162, -14.392233271096904], [-10.83143849312624, -0.2784409073480043, 449.2345450992526], [-0.02366341463927269, -0.0006490185319814474, 1.0]]"
b03a05a54d4dd802,COph100/049/049_F_GA30_BW1220_PA32_DG0_PF0_D1_S01_4__049_F_GA30_BW1220_PA36_DG0_PF0_D1_S03_1,COph100/patient/049,COph100,sift_h,rectangle,ok,30,6,5752,5364,False,False,False,224.5702908559938,0.28071286356999225,True,,0.8957789999985835,"[[-0.9784483785412964, 0.4142098311448493, 923.9943319350399], [-0.4492793859970075, -0.09994082999357799, 766.9869936864715], [-0.0004058495589330808, 0.00027660571215540764, 1.0]]"
b03a05a54d4dd802,COph100/049/049_F_GA30_BW1220_PA32_DG0_PF0_D1_S01_4__049_F_GA30_BW1220_PA36_DG0_PF0_D1_S03_1,COph100/patient/049,COph100,sift_h,sample_orientation,ok,30,7,3103,2278,False,True,False,338.10721874939514,0.42263402343674394,True,,0.6356139999988955,"[[-0.14161216817186562, 0.05115456962198162, -14.392233271096904], [-10.83143849312624, -0.2784409073480043, 449.2345450992526], [-0.02366341463927269, -0.0006490185319814474, 1.0]]"
55f91cdc90d7b26a,COph100/049/049_F_GA30_BW1220_PA34_DG0_PF0_D1_S02_2__049_F_GA30_BW1220_PA36_DG0_PF0_D1_S03_1,COph100/patient/049,COph100,sift_h,fov,ok,54,14,2035,1039,False,True,False,360.1453627190657,0.4501817033988321,True,,0.32763289999275,"[[-0.038958212421122594, -0.052462897365870634, 42.83068031362695], [-0.5861405278354745, -0.04322379055411812, 562.0627442483503], [-0.0010389115347514417, -7.178069961470534e-05, 1.0]]"
55f91cdc90d7b26a,COph100/049/049_F_GA30_BW1220_PA34_DG0_PF0_D1_S02_2__049_F_GA30_BW1220_PA36_DG0_PF0_D1_S03_1,COph100/patient/049,COph100,sift_h,none,ok,54,14,2035,0,False,True,False,360.1453627190657,0.4501817033988321,True,True,0.36083180000423454,"[[-0.038958212421122594, -0.052462897365870634, 42.83068031362695], [-0.5861405278354745, -0.04322379055411812, 562.0627442483503], [-0.0010389115347514417, -7.178069961470534e-05, 1.0]]"
55f91cdc90d7b26a,COph100/049/049_F_GA30_BW1220_PA34_DG0_PF0_D1_S02_2__049_F_GA30_BW1220_PA36_DG0_PF0_D1_S03_1,COph100/patient/049,COph100,sift_h,rectangle,ok,54,13,2738,2283,False,False,False,267.4571496848097,0.3343214371060121,True,,0.4646993999922415,"[[0.06297646072086192, 0.09336977110562221, 6.807680379725706], [-0.5658242967977596, 0.1323871379145471, 539.1154977796192], [-0.0009718643297216987, 8.30755062766029e-05, 1.0]]"
55f91cdc90d7b26a,COph100/049/049_F_GA30_BW1220_PA34_DG0_PF0_D1_S02_2__049_F_GA30_BW1220_PA36_DG0_PF0_D1_S03_1,COph100/patient/049,COph100,sift_h,sample_orientation,ok,54,13,2738,1713,False,False,False,267.4571496848097,0.3343214371060121,True,,0.5231978000083473,"[[0.06297646072086192, 0.09336977110562221, 6.807680379725706], [-0.5658242967977596, 0.1323871379145471, 539.1154977796192], [-0.0009718643297216987, 8.30755062766029e-05, 1.0]]"
d6d3dc3fdc950609,COph100/050-1/050_M_GA32_BW1790_PA38_DG0_PF0_D1_S02_8__050_M_GA32_BW1790_PA41_DG0_PF0_D1_S03_3,COph100/patient/050,COph100,sift_h,fov,ok,30,5,10000,5656,False,True,False,307.1205867172455,0.38390073339655684,True,,1.7846919000003254,"[[-0.02442029839829618, -0.0351901126101937, 41.34886706328691], [-0.14233644973110113, -0.049468077764578386, 166.3562158513167], [-0.0007849010290232072, -0.0004480866539114746, 1.0]]"
d6d3dc3fdc950609,COph100/050-1/050_M_GA32_BW1790_PA38_DG0_PF0_D1_S02_8__050_M_GA32_BW1790_PA41_DG0_PF0_D1_S03_3,COph100/patient/050,COph100,sift_h,none,ok,30,5,10000,0,False,True,False,307.1205867172455,0.38390073339655684,True,True,1.9394936000026064,"[[-0.02442029839829618, -0.0351901126101937, 41.34886706328691], [-0.14233644973110113, -0.049468077764578386, 166.3562158513167], [-0.0007849010290232072, -0.0004480866539114746, 1.0]]"
d6d3dc3fdc950609,COph100/050-1/050_M_GA32_BW1790_PA38_DG0_PF0_D1_S02_8__050_M_GA32_BW1790_PA41_DG0_PF0_D1_S03_3,COph100/patient/050,COph100,sift_h,rectangle,ok,30,5,10000,9564,False,False,False,273.10614795999504,0.3413826849499938,True,,1.621587500005262,"[[0.8170765289968309, 0.001086691020307698, -23.627062399491916], [3.829659510738255, -0.4808951027416226, -106.19507473257354], [0.004167637283357032, -0.0009903563793820166, 1.0]]"
d6d3dc3fdc950609,COph100/050-1/050_M_GA32_BW1790_PA38_DG0_PF0_D1_S02_8__050_M_GA32_BW1790_PA41_DG0_PF0_D1_S03_3,COph100/patient/050,COph100,sift_h,sample_orientation,ok,30,5,10000,7337,False,True,False,319.9824214838254,0.3999780268547818,True,,1.810627500002738,"[[-1.6733812369612149, -0.9083051925475397, 210.81971769465696], [-7.8030660846537305, -2.885446663744133, 895.00573992045], [-0.01075448106837239, -0.003242510707928076, 1.0]]"
328f32ef91a890ae,COph100/050/050_M_GA32_BW1790_PA33_DG0_PF0_D1_S01_6__050_M_GA32_BW1790_PA41_DG0_PF0_D1_S03_6,COph100/patient/050,COph100,sift_h,fov,invalid_transform,18,5,1543,774,False,,,,,True,,0.2696037999994587,
328f32ef91a890ae,COph100/050/050_M_GA32_BW1790_PA33_DG0_PF0_D1_S01_6__050_M_GA32_BW1790_PA41_DG0_PF0_D1_S03_6,COph100/patient/050,COph100,sift_h,none,ok,18,6,742,0,False,True,True,304.17286704282805,0.38021608380353505,True,True,0.13497040000220295,"[[0.02968979125645582, -1.623862255418957, 995.9759590591142], [0.0038325373786121737, -0.2129186812249761, 130.6130958143041], [2.6746112560409596e-05, -0.0016301571985695112, 1.0]]"
328f32ef91a890ae,COph100/050/050_M_GA32_BW1790_PA33_DG0_PF0_D1_S01_6__050_M_GA32_BW1790_PA41_DG0_PF0_D1_S03_6,COph100/patient/050,COph100,sift_h,rectangle,ok,18,5,1543,1506,False,False,False,266.8088117030318,0.33351101462878974,True,,0.2469048000057228,"[[4.683583755357618, 0.36794997105893595, -333.1437372129525], [0.40947103193666917, 0.15970194084261272, 147.48392723315237], [0.003507813047037257, -0.0012811130946209955, 1.0]]"
328f32ef91a890ae,COph100/050/050_M_GA32_BW1790_PA33_DG0_PF0_D1_S01_6__050_M_GA32_BW1790_PA41_DG0_PF0_D1_S03_6,COph100/patient/050,COph100,sift_h,sample_orientation,invalid_transform,18,5,1543,1193,False,,,,,True,,0.28652529999089893,
d3793e981f543db1,COph100/051-1/051_F_GA24_BW600_PA35_DG3_PF0_D1_S01_10__051_F_GA24_BW600_PA36_DG3_PF0_D1_S02_11,COph100/patient/051,COph100,sift_h,fov,ok,42,9,4364,2208,False,False,False,63.372811213572014,0.07921601401696501,True,,0.8064799999992829,"[[1.4883721451067324, 0.11724044517542528, -36.902726920218726], [0.039976281172813884, 1.470012109551516, -40.18258727477654], [0.0004176280050958682, 0.0003903395443786608, 1.0]]"
d3793e981f543db1,COph100/051-1/051_F_GA24_BW600_PA35_DG3_PF0_D1_S01_10__051_F_GA24_BW600_PA36_DG3_PF0_D1_S02_11,COph100/patient/051,COph100,sift_h,none,ok,42,9,4364,0,False,True,True,394.5688764074237,0.49321109550927966,True,True,0.8694702000066172,"[[-0.16131480728286823, -0.464553422248034, 141.20862177743263], [-0.41473545827007613, 1.9784309018751929, -38.88361831421955], [-0.0017992943824468631, 0.0036290905624392885, 1.0]]"
d3793e981f543db1,COph100/051-1/051_F_GA24_BW600_PA35_DG3_PF0_D1_S01_10__051_F_GA24_BW600_PA36_DG3_PF0_D1_S02_11,COph100/patient/051,COph100,sift_h,rectangle,ok,42,9,4364,3912,False,False,False,63.372811213572014,0.07921601401696501,True,,0.635272100000293,"[[1.4883721451067324, 0.11724044517542528, -36.902726920218726], [0.039976281172813884, 1.470012109551516, -40.18258727477654], [0.0004176280050958682, 0.0003903395443786608, 1.0]]"
d3793e981f543db1,COph100/051-1/051_F_GA24_BW600_PA35_DG3_PF0_D1_S01_10__051_F_GA24_BW600_PA36_DG3_PF0_D1_S02_11,COph100/patient/051,COph100,sift_h,sample_orientation,ok,42,9,4364,2895,False,False,False,63.372811213572014,0.07921601401696501,True,,0.8324281999957748,"[[1.4883721451067324, 0.11724044517542528, -36.902726920218726], [0.039976281172813884, 1.470012109551516, -40.18258727477654], [0.0004176280050958682, 0.0003903395443786608, 1.0]]"
277f71b15fa9a3c5,COph100/051-1/051_F_GA24_BW600_PA35_DG3_PF0_D1_S01_10__051_F_GA24_BW600_PA42_DG3_PF0_D1_S03_3,COph100/patient/051,COph100,sift_h,fov,ok,27,6,3773,2289,False,True,False,416.27664411787447,0.5203458051473431,True,,0.6124137000006158,"[[-0.09260846509687252, 0.033060440103043244, 74.25699663854391], [-0.6294267996499949, -0.0497793555052879, 642.5574213422698], [-0.0011207686943333667, 0.00016563933825153272, 1.0]]"
277f71b15fa9a3c5,COph100/051-1/051_F_GA24_BW600_PA35_DG3_PF0_D1_S01_10__051_F_GA24_BW600_PA42_DG3_PF0_D1_S03_3,COph100/patient/051,COph100,sift_h,none,ok,27,7,2035,0,False,True,True,1572.6829692186395,1.9658537115232995,True,True,0.3660904999997001,"[[-1.2418688100571156, -0.1004622265806898, 162.34443668892945], [-0.5799941450321106, -1.35126314375374, 665.9079927950687], [-0.0020685583584605953, -0.0004511384534390401, 1.0]]"
277f71b15fa9a3c5,COph100/051-1/051_F_GA24_BW600_PA35_DG3_PF0_D1_S01_10__051_F_GA24_BW600_PA42_DG3_PF0_D1_S03_3,COph100/patient/051,COph100,sift_h,rectangle,ok,27,6,3773,3392,False,False,False,243.8704660939634,0.3048380826174542,True,,0.60390109999571,"[[4.705999535625317, 1.2874269227704485, -344.2196269336144], [-0.5118077286066226, -2.3378794257834623, 1178.0128905482163], [0.003247665484489492, 0.0031703205621147214, 1.0]]"
277f71b15fa9a3c5,COph100/051-1/051_F_GA24_BW600_PA35_DG3_PF0_D1_S01_10__051_F_GA24_BW600_PA42_DG3_PF0_D1_S03_3,COph100/patient/051,COph100,sift_h,sample_orientation,ok,27,6,3773,2593,False,True,True,1337.8211582507786,1.6722764478134733,True,,0.7420762999972794,"[[-0.050024017301853164, -0.021360450059490617, 69.18056658292545], [-0.5061200907966167, -1.4221108688923838, 690.2050789857542], [-0.0008385094123056553, -0.0011353230194548413, 1.0]]"
732129d7189fbfa4,COph100/051-1/051_F_GA24_BW600_PA35_DG3_PF0_D1_S01_10__051_F_GA24_BW600_PA46_DG9_PF0_D1_S04_2,COph100/patient/051,COph100,sift_h,fov,ok,37,10,1722,779,False,True,False,272.81547509354834,0.34101934386693544,True,,0.32090299999981653,"[[-4.572579887856874, -0.6064769179051187, 362.7012928843922], [-0.10823373639045898, -1.9927529199189637, 15.218099158001225], [-0.021354200511421367, -0.005081333054944291, 1.0]]"
732129d7189fbfa4,COph100/051-1/051_F_GA24_BW600_PA35_DG3_PF0_D1_S01_10__051_F_GA24_BW600_PA46_DG9_PF0_D1_S04_2,COph100/patient/051,COph100,sift_h,none,ok,37,10,1722,0,False,True,False,272.81547509354834,0.34101934386693544,True,True,0.3445458999922266,"[[-4.572579887856874, -0.6064769179051187, 362.7012928843922], [-0.10823373639045898, -1.9927529199189637, 15.218099158001225], [-0.021354200511421367, -0.005081333054944291, 1.0]]"
732129d7189fbfa4,COph100/051-1/051_F_GA24_BW600_PA35_DG3_PF0_D1_S01_10__051_F_GA24_BW600_PA46_DG9_PF0_D1_S04_2,COph100/patient/051,COph100,sift_h,rectangle,ok,37,10,1722,1549,False,False,False,41.95688197477847,0.05244610246847309,True,,0.2711157000012463,"[[1.082261773817724, -0.05510610489647871, -8.41523942296886], [0.056264654275077465, 0.8944688990098923, -6.267804986384426], [0.00011851750021787476, 4.456299511310376e-05, 1.0]]"
732129d7189fbfa4,COph100/051-1/051_F_GA24_BW600_PA35_DG3_PF0_D1_S01_10__051_F_GA24_BW600_PA46_DG9_PF0_D1_S04_2,COph100/patient/051,COph100,sift_h,sample_orientation,ok,37,10,1722,1105,False,True,False,272.81547509354834,0.34101934386693544,True,,0.3175411999982316,"[[-4.572579887856874, -0.6064769179051187, 362.7012928843922], [-0.10823373639045898, -1.9927529199189637, 15.218099158001225], [-0.021354200511421367, -0.005081333054944291, 1.0]]"
37add9b2e3e72fce,COph100/051-1/051_F_GA24_BW600_PA36_DG3_PF0_D1_S02_11__051_F_GA24_BW600_PA42_DG3_PF0_D1_S03_3,COph100/patient/051,COph100,sift_h,fov,ok,33,6,8424,4880,False,True,False,1037.6507955616407,1.297063494452051,True,,1.4567404999979772,"[[-1.3103666657447053, 0.10146203203832684, 1189.5460085904033], [-1.7539295644663624, -0.11250043137078138, 1754.3713236642925], [-0.0011251956859945256, 0.00011594389857652117, 1.0]]"
37add9b2e3e72fce,COph100/051-1/051_F_GA24_BW600_PA36_DG3_PF0_D1_S02_11__051_F_GA24_BW600_PA42_DG3_PF0_D1_S03_3,COph100/patient/051,COph100,sift_h,none,ok,33,6,8424,0,False,True,False,1037.6507955616407,1.297063494452051,True,True,1.7149991000042064,"[[-1.3103666657447053, 0.10146203203832684, 1189.5460085904033], [-1.7539295644663624, -0.11250043137078138, 1754.3713236642925], [-0.0011251956859945256, 0.00011594389857652117, 1.0]]"
37add9b2e3e72fce,COph100/051-1/051_F_GA24_BW600_PA36_DG3_PF0_D1_S02_11__051_F_GA24_BW600_PA42_DG3_PF0_D1_S03_3,COph100/patient/051,COph100,sift_h,rectangle,ok,33,6,8424,7789,False,False,False,229.95237164485752,0.2874404645560719,True,,1.4120241000055103,"[[-0.49589382671165505, -0.6737440623848686, 946.0131749954394], [-0.6696324768848644, -0.09298199321655155, 708.980513897454], [-0.0005897131927042197, -0.00028804599752090747, 1.0]]"
37add9b2e3e72fce,COph100/051-1/051_F_GA24_BW600_PA36_DG3_PF0_D1_S02_11__051_F_GA24_BW600_PA42_DG3_PF0_D1_S03_3,COph100/patient/051,COph100,sift_h,sample_orientation,ok,33,6,8424,5786,False,True,False,1037.6507955616407,1.297063494452051,True,,1.6736932000058005,"[[-1.3103666657447053, 0.10146203203832684, 1189.5460085904033], [-1.7539295644663624, -0.11250043137078138, 1754.3713236642925], [-0.0011251956859945256, 0.00011594389857652117, 1.0]]"
5a04f56c984f5039,COph100/051-1/051_F_GA24_BW600_PA42_DG3_PF0_D1_S03_3__051_F_GA24_BW600_PA46_DG9_PF0_D1_S04_2,COph100/patient/051,COph100,sift_h,fov,ok,35,7,5752,2971,False,True,False,305.2938455527461,0.38161730694093265,True,,0.9942442000028677,"[[-0.0915310961856936, 0.0032427987933767903, 81.92205292663589], [-0.14426170059184296, 0.002909189140867855, 134.65560110584855], [-0.001105361396332155, 2.141012582110581e-05, 1.0]]"
5a04f56c984f5039,COph100/051-1/051_F_GA24_BW600_PA42_DG3_PF0_D1_S03_3__051_F_GA24_BW600_PA46_DG9_PF0_D1_S04_2,COph100/patient/051,COph100,sift_h,none,ok,35,7,5752,0,False,True,False,305.2938455527461,0.38161730694093265,True,True,1.0368408000067575,"[[-0.0915310961856936, 0.0032427987933767903, 81.92205292663589], [-0.14426170059184296, 0.002909189140867855, 134.65560110584855], [-0.001105361396332155, 2.141012582110581e-05, 1.0]]"
5a04f56c984f5039,COph100/051-1/051_F_GA24_BW600_PA42_DG3_PF0_D1_S03_3__051_F_GA24_BW600_PA46_DG9_PF0_D1_S04_2,COph100/patient/051,COph100,sift_h,rectangle,ok,35,5,10000,9226,False,False,False,263.81092217053947,0.3297636527131743,True,,1.5770226000022376,"[[0.014332517052159297, 0.08916614633446301, 44.929440983159], [-0.6205002931677923, 0.17374710487292555, 597.2363033254426], [-0.0004436196277570438, -4.045266400335337e-05, 1.0]]"
5a04f56c984f5039,COph100/051-1/051_F_GA24_BW600_PA42_DG3_PF0_D1_S03_3__051_F_GA24_BW600_PA46_DG9_PF0_D1_S04_2,COph100/patient/051,COph100,sift_h,sample_orientation,ok,35,7,5752,3977,False,True,False,305.78475659814023,0.3822309457476753,True,,1.1203353000018978,"[[-0.0804014600629267, -0.013382944291501416, 82.95287227569457], [-0.13840320169248788, -0.007846500665343922, 132.4353753949113], [-0.0009888716129260668, -0.00013615725139956724, 1.0]]"
ab33343ca63d1418,COph100/051/051_F_GA24_BW600_PA35_DG3_PF0_D1_S01_6__051_F_GA24_BW600_PA36_DG3_PF0_D1_S02_3,COph100/patient/051,COph100,sift_h,fov,ok,29,7,2709,1221,False,True,False,324.9956619793228,0.4062445774741535,True,,0.5263446000026306,"[[0.08329497408160294, -0.2604793085770252, 22.022069727499684], [-1.4192733343534198, -1.1176758554168482, 238.8289335296868], [-0.005043745958016349, -0.005232108824951359, 1.0]]"
ab33343ca63d1418,COph100/051/051_F_GA24_BW600_PA35_DG3_PF0_D1_S01_6__051_F_GA24_BW600_PA36_DG3_PF0_D1_S02_3,COph100/patient/051,COph100,sift_h,none,ok,29,7,2709,0,False,True,False,324.9956619793228,0.4062445774741535,True,True,0.5183656000008341,"[[0.08329497408160294, -0.2604793085770252, 22.022069727499684], [-1.4192733343534198, -1.1176758554168482, 238.8289335296868], [-0.005043745958016349, -0.005232108824951359, 1.0]]"
ab33343ca63d1418,COph100/051/051_F_GA24_BW600_PA35_DG3_PF0_D1_S01_6__051_F_GA24_BW600_PA36_DG3_PF0_D1_S02_3,COph100/patient/051,COph100,sift_h,rectangle,ok,29,6,5022,4582,False,False,False,384.73584177576674,0.4809198022197084,True,,0.7621700000017881,"[[0.00571855368622886, -0.06518415840053136, 30.281042945953452], [0.1653713926710125, -0.6235972293217865, 241.431453283886], [-0.0003246514471247354, -0.0006961913761830646, 1.0]]"
ab33343ca63d1418,COph100/051/051_F_GA24_BW600_PA35_DG3_PF0_D1_S01_6__051_F_GA24_BW600_PA36_DG3_PF0_D1_S02_3,COph100/patient/051,COph100,sift_h,sample_orientation,ok,29,6,5022,3665,False,True,False,324.15474907543603,0.40519343634429505,True,,0.8939998999994714,"[[0.027627450136923606, -0.0010706379180573228, 9.812323472269789], [1.7928345784028858, -0.8118944273284843, 402.78984732555085], [0.006937463149907773, -0.002182990905035311, 1.0]]"
c05a3785670880ee,COph100/051/051_F_GA24_BW600_PA35_DG3_PF0_D1_S01_6__051_F_GA24_BW600_PA42_DG3_PF0_D1_S03_11,COph100/patient/051,COph100,sift_h,fov,ok,26,7,1749,861,False,True,False,311.6435770314205,0.3895544712892756,True,,0.3066638000018429,"[[-0.7103157788469832, -0.40031703306010863, 951.3333460086496], [-0.4448759404262611, -0.2507213723109469, 595.7245477522137], [-0.000744187234508467, -0.00042482418126813713, 1.0]]"
c05a3785670880ee,COph100/051/051_F_GA24_BW600_PA35_DG3_PF0_D1_S01_6__051_F_GA24_BW600_PA42_DG3_PF0_D1_S03_11,COph100/patient/051,COph100,sift_h,none,ok,26,7,1749,0,False,True,False,311.6435770314205,0.3895544712892756,True,True,0.29898199999297503,"[[-0.7103157788469832, -0.40031703306010863, 951.3333460086496], [-0.4448759404262611, -0.2507213723109469, 595.7245477522137], [-0.000744187234508467, -0.00042482418126813713, 1.0]]"
c05a3785670880ee,COph100/051/051_F_GA24_BW600_PA35_DG3_PF0_D1_S01_6__051_F_GA24_BW600_PA42_DG3_PF0_D1_S03_11,COph100/patient/051,COph100,sift_h,rectangle,ok,26,7,1877,1695,False,False,False,223.03436589125917,0.27879295736407395,True,,0.32485459999588784,"[[1.6288493657143643, -0.18550943880831908, 53.3313629484698], [-1.1788180597616547, 2.4821246314755703, -215.22227045990692], [-0.0006228802680183361, 0.0020140217764483756, 1.0]]"
c05a3785670880ee,COph100/051/051_F_GA24_BW600_PA35_DG3_PF0_D1_S01_6__051_F_GA24_BW600_PA42_DG3_PF0_D1_S03_11,COph100/patient/051,COph100,sift_h,sample_orientation,ok,26,7,1749,1242,False,True,False,304.2957038676229,0.3803696298345286,True,,0.33309749999898486,"[[0.1644981216479588, -0.44690379788763723, 133.09134475242607], [-0.32532958363261655, 0.10500766371671935, 261.4664034078269], [-0.0008229685269124767, -0.000256618759989272, 1.0]]"
6c5ad832bf298d43,COph100/051/051_F_GA24_BW600_PA36_DG3_PF0_D1_S02_3__051_F_GA24_BW600_PA46_DG9_PF0_D1_S04_8,COph100/patient/051,COph100,sift_h,fov,ok,29,8,1586,854,False,True,False,355.5955357163909,0.4444944196454886,True,,0.31138759999885224,"[[-0.7517032364099239, -0.3717395507291323, 105.71561818684299], [-4.9810452108993575, -2.4168046246382304, 661.3343169714848], [-0.007180520026727341, -0.0036623052804489456, 1.0]]"
6c5ad832bf298d43,COph100/051/051_F_GA24_BW600_PA36_DG3_PF0_D1_S02_3__051_F_GA24_BW600_PA46_DG9_PF0_D1_S04_8,COph100/patient/051,COph100,sift_h,none,ok,29,8,1586,0,False,True,False,355.5955357163909,0.4444944196454886,True,True,0.3200046999991173,"[[-0.7517032364099239, -0.3717395507291323, 105.71561818684299], [-4.9810452108993575, -2.4168046246382304, 661.3343169714848], [-0.007180520026727341, -0.0036623052804489456, 1.0]]"
6c5ad832bf298d43,COph100/051/051_F_GA24_BW600_PA36_DG3_PF0_D1_S02_3__051_F_GA24_BW600_PA46_DG9_PF0_D1_S04_8,COph100/patient/051,COph100,sift_h,rectangle,ok,29,7,2709,2493,False,False,False,316.86614554095587,0.39608268192619484,True,,0.4646580999979051,"[[4.270286846110447, -0.05240382398709142, 174.13729361438556], [21.734343360782354, 18.267658081974282, -3088.1438930683953], [0.024700011234252216, 0.02882309110512141, 1.0]]"
6c5ad832bf298d43,COph100/051/051_F_GA24_BW600_PA36_DG3_PF0_D1_S02_3__051_F_GA24_BW600_PA46_DG9_PF0_D1_S04_8,COph100/patient/051,COph100,sift_h,sample_orientation,ok,29,8,1586,1132,False,True,False,349.9384799519336,0.43742309993991696,True,,0.3039885000034701,"[[-0.8964161142180164, -0.12182209133038166, -25.70931344005956], [-5.755091452371651, -2.597420796210249, 674.2926125454438], [-0.008301912710010614, -0.003895980103125208, 1.0]]"
03306af7964d5271,COph100/051/051_F_GA24_BW600_PA42_DG3_PF0_D1_S03_11__051_F_GA24_BW600_PA46_DG9_PF0_D1_S04_8,COph100/patient/051,COph100,sift_h,fov,ok,33,6,8424,4216,False,True,False,348.35457077870035,0.43544321347337545,True,,1.542412399998284,"[[-1.1449000304681978, -0.4518460870527543, 147.74800650782188], [-5.565296923077453, -2.2019217067937187, 720.8014071942937], [-0.0077131877140047345, -0.003053187304701531, 1.0]]"
03306af7964d5271,COph100/051/051_F_GA24_BW600_PA42_DG3_PF0_D1_S03_11__051_F_GA24_BW600_PA46_DG9_PF0_D1_S04_8,COph100/patient/051,COph100,sift_h,none,ok,33,6,8424,0,False,True,False,348.35457077870035,0.43544321347337545,True,True,1.604423400000087,"[[-1.1449000304681978, -0.4518460870527543, 147.74800650782188], [-5.565296923077453, -2.2019217067937187, 720.8014071942937], [-0.0077131877140047345, -0.003053187304701531, 1.0]]"
03306af7964d5271,COph100/051/051_F_GA24_BW600_PA42_DG3_PF0_D1_S03_11__051_F_GA24_BW600_PA46_DG9_PF0_D1_S04_8,COph100/patient/051,COph100,sift_h,rectangle,ok,33,5,10000,9548,False,False,False,335.7935410462668,0.41974192630783347,True,,1.6766531000030227,"[[46.99735475598892, 15.22789025274409, -4436.590219529902], [36.023455992832154, -0.5843932844871401, 68.1737740379575], [0.04701806487195223, 0.009919866630224239, 1.0]]"
03306af7964d5271,COph100/051/051_F_GA24_BW600_PA42_DG3_PF0_D1_S03_11__051_F_GA24_BW600_PA46_DG9_PF0_D1_S04_8,COph100/patient/051,COph100,sift_h,sample_orientation,ok,33,6,8424,6069,False,True,True,299.8073374870579,0.3747591718588224,True,,1.6931697000109125,"[[-0.012355609210099377, -0.033250089643025914, 64.10775043629063], [0.6132584806631114, -0.9267665385168183, 294.39930283175875], [0.0007251344613809009, -0.0019307558019922941, 1.0]]"
42c2109eeb8d3a73,COph100/052-1/052_M_GA26_BW820_PA31_DG1_PF0_D1_S01_6__052_M_GA26_BW820_PA32_DG2_PF0_D1_S02_7,COph100/patient/052,COph100,sift_h,fov,invalid_transform,38,8,4685,2342,False,,,,,True,,0.8924582000036025,
42c2109eeb8d3a73,COph100/052-1/052_M_GA26_BW820_PA31_DG1_PF0_D1_S01_6__052_M_GA26_BW820_PA32_DG2_PF0_D1_S02_7,COph100/patient/052,COph100,sift_h,none,ok,38,8,4685,0,False,True,True,353.6387081641639,0.4420483852052049,True,True,0.9914719999942463,"[[-0.3931569673508565, -0.17031165819843685, 161.3670164875712], [-1.8259926780356037, -0.8403804921107029, 757.1385436421052], [-0.002405934469177803, -0.0011201723054145474, 1.0]]"
42c2109eeb8d3a73,COph100/052-1/052_M_GA26_BW820_PA31_DG1_PF0_D1_S01_6__052_M_GA26_BW820_PA32_DG2_PF0_D1_S02_7,COph100/patient/052,COph100,sift_h,rectangle,ok,38,7,7995,7532,False,False,False,338.68863501364115,0.42336079376705144,True,,1.2790421999961836,"[[0.048812058921109805, 0.42814821654986807, 209.31224050618303], [2.9901006268257677, 2.4119439728691887, 784.8053148892925], [0.005752637502164634, 0.0030370961512951426, 1.0]]"
42c2109eeb8d3a73,COph100/052-1/052_M_GA26_BW820_PA31_DG1_PF0_D1_S01_6__052_M_GA26_BW820_PA32_DG2_PF0_D1_S02_7,COph100/patient/052,COph100,sift_h,sample_orientation,ok,38,8,4685,3348,False,True,True,355.19573143419586,0.4439946642927448,True,,0.9500231000129133,"[[-0.13747268101917598, -0.3359918111357344, 129.2901876796688], [-0.7682667432061789, -1.908215214786667, 733.8276601750565], [-0.0010444786166090012, -0.002601414342852475, 1.0]]"
21393afaa6681bda,COph100/052-1/052_M_GA26_BW820_PA31_DG1_PF0_D1_S01_6__052_M_GA26_BW820_PA34_DG3_PF0_D1_S04_7,COph100/patient/052,COph100,sift_h,fov,ok,28,7,2354,1170,False,True,False,369.11964896513507,0.46139956120641884,True,,0.40235350000148173,"[[-0.3640684142218925, -0.08510630099726206, 53.50133248937717], [-0.9868630904915562, -0.22675569376916146, 142.33958265237305], [-0.0069230950698450965, -0.0015925704566294573, 1.0]]"
21393afaa6681bda,COph100/052-1/052_M_GA26_BW820_PA31_DG1_PF0_D1_S01_6__052_M_GA26_BW820_PA34_DG3_PF0_D1_S04_7,COph100/patient/052,COph100,sift_h,none,ok,28,7,2354,0,False,True,False,369.11964896513507,0.46139956120641884,True,True,0.4546389999886742,"[[-0.3640684142218925, -0.08510630099726206, 53.50133248937717], [-0.9868630904915562, -0.22675569376916146, 142.33958265237305], [-0.0069230950698450965, -0.0015925704566294573, 1.0]]"
21393afaa6681bda,COph100/052-1/052_M_GA26_BW820_PA31_DG1_PF0_D1_S01_6__052_M_GA26_BW820_PA34_DG3_PF0_D1_S04_7,COph100/patient/052,COph100,sift_h,rectangle,ok,28,7,2354,2121,False,False,False,270.8084944985486,0.3385106181231858,True,,0.3924224999936996,"[[1.4341851091622657, -1.727408816638972, 1092.030556097034], [1.256672201294605, -0.455271550991475, 195.95963581518686], [0.001423222122173924, -0.0012975605594607543, 1.0]]"
21393afaa6681bda,COph100/052-1/052_M_GA26_BW820_PA31_DG1_PF0_D1_S01_6__052_M_GA26_BW820_PA34_DG3_PF0_D1_S04_7,COph100/patient/052,COph100,sift_h,sample_orientation,ok,28,7,2354,1660,False,False,False,270.8084944985486,0.3385106181231858,True,,0.42587920000369195,"[[1.4341851091622657, -1.727408816638972, 1092.030556097034], [1.256672201294605, -0.455271550991475, 195.95963581518686], [0.001423222122173924, -0.0012975605594607543, 1.0]]"
081c235d561cab21,COph100/052-1/052_M_GA26_BW820_PA31_DG1_PF0_D1_S01_6__052_M_GA26_BW820_PA42_DG3_PF0_D1_S06_4,COph100/patient/052,COph100,sift_h,fov,ok,47,14,1166,403,False,True,False,345.93703403269825,0.4324212925408728,True,,0.19472939999832306,"[[0.23181192514525867, -0.15055954210961184, 75.33984008044034], [0.18643251908105027, -0.14554467394164944, 78.11875813245469], [0.002388739137215308, -0.0018652564951598398, 1.0]]"
081c235d561cab21,COph100/052-1/052_M_GA26_BW820_PA31_DG1_PF0_D1_S01_6__052_M_GA26_BW820_PA42_DG3_PF0_D1_S06_4,COph100/patient/052,COph100,sift_h,none,ok,47,15,884,0,False,True,True,696.8787618351623,0.8710984522939529,True,True,0.175687700000708,"[[0.48452894014664555, -0.07996851712048834, 25.237915241045474], [-0.17987076889964293, 0.6362998804418065, 21.109844160043142], [-0.002532292106875765, -0.000953298426412287, 1.0]]"
081c235d561cab21,COph100/052-1/052_M_GA26_BW820_PA31_DG1_PF0_D1_S01_6__052_M_GA26_BW820_PA42_DG3_PF0_D1_S06_4,COph100/patient/052,COph100,sift_h,rectangle,ok,47,14,1166,1034,True,False,False,229.3899382470773,0.2867374228088466,True,,0.18670140000176616,"[[2.5538592906953483, 0.4784929007326982, -92.37010753203786], [0.3677207773327491, 2.4068277053143396, -72.22959402831155], [0.004769162688140825, 0.00611094219414107, 1.0]]"
081c235d561cab21,COph100/052-1/052_M_GA26_BW820_PA31_DG1_PF0_D1_S01_6__052_M_GA26_BW820_PA42_DG3_PF0_D1_S06_4,COph100/patient/052,COph100,sift_h,sample_orientation,ok,47,15,884,613,False,True,True,696.8787618351623,0.8710984522939529,True,,0.16197159999865107,"[[0.48452894014664555, -0.07996851712048834, 25.237915241045474], [-0.17987076889964293, 0.6362998804418065, 21.109844160043142], [-0.002532292106875765, -0.000953298426412287, 1.0]]"
bbbdb37d44f5d49d,COph100/052-1/052_M_GA26_BW820_PA31_DG1_PF0_D1_S01_6__052_M_GA26_BW820_PA75_DG9_PF0_D1_S08_8,COph100/patient/052,COph100,sift_h,fov,ok,31,6,6559,3666,False,True,False,406.4686529877291,0.5080858162346614,True,,1.1741374999983236,"[[-0.2916602734900285, -2.376790307285026, -207.4236136325912], [0.16150037080378488, -5.3072660870852655, -134.93730809493965], [-0.004987989825198639, -0.042412645656477115, 1.0]]"
bbbdb37d44f5d49d,COph100/052-1/052_M_GA26_BW820_PA31_DG1_PF0_D1_S01_6__052_M_GA26_BW820_PA75_DG9_PF0_D1_S08_8,COph100/patient/052,COph100,sift_h,none,ok,31,6,6559,0,False,True,True,416.1006944080885,0.5201258680101106,True,True,1.2792384000058519,"[[-12.581616796436721, 14.921972146315783, -1662.150622150948], [-8.292159043615706, 13.281689277523796, -1194.1545914161904], [-0.03612433506944932, 0.04393062650042778, 1.0]]"
bbbdb37d44f5d49d,COph100/052-1/052_M_GA26_BW820_PA31_DG1_PF0_D1_S01_6__052_M_GA26_BW820_PA75_DG9_PF0_D1_S08_8,COph100/patient/052,COph100,sift_h,rectangle,ok,31,6,6559,6025,False,False,False,234.78098696245624,0.2934762337030703,True,,1.0463587999984156,"[[-0.9592689205494528, -0.4068523055442432, 1046.3000978331386], [-0.12757456743857676, -0.751042840800539, 641.3998183336456], [-0.00037333711757774063, -0.0004421181361612346, 1.0]]"
bbbdb37d44f5d49d,COph100/052-1/052_M_GA26_BW820_PA31_DG1_PF0_D1_S01_6__052_M_GA26_BW820_PA75_DG9_PF0_D1_S08_8,COph100/patient/052,COph100,sift_h,sample_orientation,ok,31,6,6559,4588,False,True,False,406.4686529877291,0.5080858162346614,True,,1.3756223999953363,"[[-0.2916602734900285, -2.376790307285026, -207.4236136325912], [0.16150037080378488, -5.3072660870852655, -134.93730809493965], [-0.004987989825198639, -0.042412645656477115, 1.0]]"
eccb590e7b22c8b1,COph100/052-1/052_M_GA26_BW820_PA32_DG2_PF0_D1_S02_7__052_M_GA26_BW820_PA33_DG3_PF0_D1_S03_6,COph100/patient/052,COph100,sift_h,fov,ok,37,5,10000,5588,False,True,False,322.6392146497567,0.4032990183121959,True,,1.8197414000023855,"[[-6.468254549137044, -1.7690640221815501, 903.5698824783999], [0.13890004182319432, -0.10890152873944356, 42.83774656403803], [-0.0073459879062819184, -0.0019267033956599246, 1.0]]"
eccb590e7b22c8b1,COph100/052-1/052_M_GA26_BW820_PA32_DG2_PF0_D1_S02_7__052_M_GA26_BW820_PA33_DG3_PF0_D1_S03_6,COph100/patient/052,COph100,sift_h,none,ok,37,5,10000,0,False,True,False,322.6392146497567,0.4032990183121959,True,True,2.01766040000075,"[[-6.468254549137044, -1.7690640221815501, 903.5698824783999], [0.13890004182319432, -0.10890152873944356, 42.83774656403803], [-0.0073459879062819184, -0.0019267033956599246, 1.0]]"
eccb590e7b22c8b1,COph100/052-1/052_M_GA26_BW820_PA32_DG2_PF0_D1_S02_7__052_M_GA26_BW820_PA33_DG3_PF0_D1_S03_6,COph100/patient/052,COph100,sift_h,rectangle,ok,37,5,10000,9604,False,False,False,342.83967865112646,0.4285495983139081,True,,1.5766580000054091,"[[-0.32694679665594545, -1.2565531976299067, 1116.8816052680506], [0.13852796941028275, -0.720487335967356, 422.63572779095557], [-0.00018354893396583, -0.0010133086896696678, 1.0]]"
eccb590e7b22c8b1,COph100/052-1/052_M_GA26_BW820_PA32_DG2_PF0_D1_S02_7__052_M_GA26_BW820_PA33_DG3_PF0_D1_S03_6,COph100/patient/052,COph100,sift_h,sample_orientation,ok,37,5,10000,7509,False,True,True,491.70256497325965,0.6146282062165745,True,,1.9395986999879824,"[[-0.9769993932606637, -1.2136150371771444, 1120.1605068474237], [-0.3218060718859636, -0.7071525497679637, 427.44088112268594], [-0.0008665707522148341, -0.0009619286320410137, 1.0]]"
2a5da6f751fb98fe,COph100/052-1/052_M_GA26_BW820_PA32_DG2_PF0_D1_S02_7__052_M_GA26_BW820_PA34_DG3_PF0_D1_S04_7,COph100/patient/052,COph100,sift_h,fov,ok,46,7,10000,5017,False,True,False,712.6815093190074,0.8908518866487593,True,,1.7992660000018077,"[[15.71316656474017, -1.6081778777399691, -97.56492844634136], [-2.3785019647545886, 0.4045748713997571, 318.32798176602455], [0.008068231413345147, -0.0014119551499649351, 1.0]]"
2a5da6f751fb98fe,COph100/052-1/052_M_GA26_BW820_PA32_DG2_PF0_D1_S02_7__052_M_GA26_BW820_PA34_DG3_PF0_D1_S04_7,COph100/patient/052,COph100,sift_h,none,ok,46,7,10000,0,False,True,False,712.6815093190074,0.8908518866487593,True,True,1.9694881000032183,"[[15.71316656474017, -1.6081778777399691, -97.56492844634136], [-2.3785019647545886, 0.4045748713997571, 318.32798176602455], [0.008068231413345147, -0.0014119551499649351, 1.0]]"
2a5da6f751fb98fe,COph100/052-1/052_M_GA26_BW820_PA32_DG2_PF0_D1_S02_7__052_M_GA26_BW820_PA34_DG3_PF0_D1_S04_7,COph100/patient/052,COph100,sift_h,rectangle,ok,46,7,10000,9266,False,False,False,283.63436683740656,0.3545429585467582,True,,1.5630702000053134,"[[0.23372470699379877, 0.6826601392945117, 920.6019735923081], [1.0912642006598252, 0.2812021739761359, -120.2392888452148], [0.0003253509451370565, 0.0005400259795388187, 1.0]]"
2a5da6f751fb98fe,COph100/052-1/052_M_GA26_BW820_PA32_DG2_PF0_D1_S02_7__052_M_GA26_BW820_PA34_DG3_PF0_D1_S04_7,COph100/patient/052,COph100,sift_h,sample_orientation,ok,46,7,10000,7068,False,True,False,712.6815093190074,0.8908518866487593,True,,1.883390999995754,"[[15.71316656474017, -1.6081778777399691, -97.56492844634136], [-2.3785019647545886, 0.4045748713997571, 318.32798176602455], [0.008068231413345147, -0.0014119551499649351, 1.0]]"
2a3146123dab3342,COph100/052-1/052_M_GA26_BW820_PA32_DG2_PF0_D1_S02_7__052_M_GA26_BW820_PA36_DG3_PF0_D1_S05_8,COph100/patient/052,COph100,sift_h,fov,ok,32,6,7448,3791,False,True,False,335.0600785464703,0.4188250981830879,True,,1.2245210999972187,"[[-0.07720256374471163, 0.00031711785193409126, 70.05142790896988], [-0.6715225111064496, 0.5466143745435749, 597.9807668649037], [-0.0011373661556720127, 0.0009736119260000196, 1.0]]"
2a3146123dab3342,COph100/052-1/052_M_GA26_BW820_PA32_DG2_PF0_D1_S02_7__052_M_GA26_BW820_PA36_DG3_PF0_D1_S05_8,COph100/patient/052,COph100,sift_h,none,ok,32,7,4018,0,False,True,True,332.49833922415974,0.4156229240301997,True,True,0.7744318000040948,"[[-0.03574251391608593, -0.22270233810563989, 38.69146924186291], [-0.540242944270845, -3.3063855238350914, 582.3279252777339], [-0.0009292669881101844, -0.005676175086791476, 1.0]]"
2a3146123dab3342,COph100/052-1/052_M_GA26_BW820_PA32_DG2_PF0_D1_S02_7__052_M_GA26_BW820_PA36_DG3_PF0_D1_S05_8,COph100/patient/052,COph100,sift_h,rectangle,ok,32,6,7448,6972,False,False,False,318.9562955682403,0.3986953694603004,True,,1.162306800004444,"[[-0.1021178471783598, 0.10540290729344946, 133.0401554560997], [-0.8021784190072313, 3.9508653991702656, 808.3027924618586], [-0.00025954585772755247, 0.008455149362783937, 1.0]]"
2a3146123dab3342,COph100/052-1/052_M_GA26_BW820_PA32_DG2_PF0_D1_S02_7__052_M_GA26_BW820_PA36_DG3_PF0_D1_S05_8,COph100/patient/052,COph100,sift_h,sample_orientation,ok,32,7,4018,2912,False,True,True,332.49833922415974,0.4156229240301997,True,,0.776857699995162,"[[-0.03574251391608593, -0.22270233810563989, 38.69146924186291], [-0.540242944270845, -3.3063855238350914, 582.3279252777339], [-0.0009292669881101844, -0.005676175086791476, 1.0]]"
2122d303129f4b65,COph100/052-1/052_M_GA26_BW820_PA33_DG3_PF0_D1_S03_6__052_M_GA26_BW820_PA34_DG3_PF0_D1_S04_7,COph100/patient/052,COph100,sift_h,fov,ok,34,7,5122,2521,False,True,False,324.6157464701106,0.4057696830876382,True,,0.8774581000034232,"[[-10.777832137815569, -3.897250879993645, 995.0959310192459], [-1.9112640000462724, -0.6943374780901126, 176.41074923744708], [-0.010771335778475132, -0.0039499082142578565, 1.0]]"
2122d303129f4b65,COph100/052-1/052_M_GA26_BW820_PA33_DG3_PF0_D1_S03_6__052_M_GA26_BW820_PA34_DG3_PF0_D1_S04_7,COph100/patient/052,COph100,sift_h,none,ok,34,7,5122,0,False,True,False,324.6157464701106,0.4057696830876382,True,True,0.9687859000114258,"[[-10.777832137815569, -3.897250879993645, 995.0959310192459], [-1.9112640000462724, -0.6943374780901126, 176.41074923744708], [-0.010771335778475132, -0.0039499082142578565, 1.0]]"
2122d303129f4b65,COph100/052-1/052_M_GA26_BW820_PA33_DG3_PF0_D1_S03_6__052_M_GA26_BW820_PA34_DG3_PF0_D1_S04_7,COph100/patient/052,COph100,sift_h,rectangle,ok,34,6,9493,8613,False,False,False,104.55779986257576,0.1306972498282197,True,,1.5171141000028001,"[[1.5279037317815334, -0.21747436647240098, 49.73056601046124], [0.07300029959693757, 0.9038549532999884, -26.147542146825074], [0.0004405682221421303, -0.00018571603656491263, 1.0]]"
2122d303129f4b65,COph100/052-1/052_M_GA26_BW820_PA33_DG3_PF0_D1_S03_6__052_M_GA26_BW820_PA34_DG3_PF0_D1_S04_7,COph100/patient/052,COph100,sift_h,sample_orientation,ok,34,7,5122,3578,False,True,False,324.6157464701106,0.4057696830876382,True,,1.1288152999914018,"[[-10.777832137815569, -3.897250879993645, 995.0959310192459], [-1.9112640000462724, -0.6943374780901126, 176.41074923744708], [-0.010771335778475132, -0.0039499082142578565, 1.0]]"
7df59965bdb3defe,COph100/052-1/052_M_GA26_BW820_PA33_DG3_PF0_D1_S03_6__052_M_GA26_BW820_PA36_DG3_PF0_D1_S05_8,COph100/patient/052,COph100,sift_h,fov,ok,46,8,10000,4345,False,True,False,331.4815238785443,0.41435190484818035,True,,1.806964200004586,"[[-5.767999095452144, 0.29254835604802054, 378.9949532551867], [0.10833035819049482, 0.44931642786605713, -44.71181975625422], [-0.02694564454771571, 0.004779311521268014, 1.0]]"
7df59965bdb3defe,COph100/052-1/052_M_GA26_BW820_PA33_DG3_PF0_D1_S03_6__052_M_GA26_BW820_PA36_DG3_PF0_D1_S05_8,COph100/patient/052,COph100,sift_h,none,ok,46,8,10000,0,False,True,False,331.4815238785443,0.41435190484818035,True,True,2.0297056999988854,"[[-5.767999095452144, 0.29254835604802054, 378.9949532551867], [0.10833035819049482, 0.44931642786605713, -44.71181975625422], [-0.02694564454771571, 0.004779311521268014, 1.0]]"
7df59965bdb3defe,COph100/052-1/052_M_GA26_BW820_PA33_DG3_PF0_D1_S03_6__052_M_GA26_BW820_PA36_DG3_PF0_D1_S05_8,COph100/patient/052,COph100,sift_h,rectangle,ok,46,8,10000,9480,False,False,False,78.76979445147808,0.0984622430643476,True,,1.539556799994898,"[[0.8697514491827071, -0.09189024998694169, 42.45130913526073], [-0.02716148689403065, 0.9226577481715467, -19.790438274920795], [-5.126660507897342e-05, -0.00015413911052990196, 1.0]]"
7df59965bdb3defe,COph100/052-1/052_M_GA26_BW820_PA33_DG3_PF0_D1_S03_6__052_M_GA26_BW820_PA36_DG3_PF0_D1_S05_8,COph100/patient/052,COph100,sift_h,sample_orientation,ok,46,8,10000,7263,False,False,False,78.76979445147808,0.0984622430643476,True,,2.102848599999561,"[[0.8697514491827071, -0.09189024998694169, 42.45130913526073], [-0.02716148689403065, 0.9226577481715467, -19.790438274920795], [-5.126660507897342e-05, -0.00015413911052990196, 1.0]]"
0aeb0cf18e533e35,COph100/052-1/052_M_GA26_BW820_PA33_DG3_PF0_D1_S03_6__052_M_GA26_BW820_PA46_DG2_PF0_D1_S07_2,COph100/patient/052,COph100,sift_h,fov,ok,38,6,10000,5142,False,False,False,241.97413313149485,0.30246766641436856,True,,1.7582134999975096,"[[-1.129611876797684, 0.3379459778111642, 1111.2305188741268], [-0.3599613824371071, -0.8156777213803543, 678.7064175186879], [-7.196624264804976e-05, 0.0004419577801515113, 1.0]]"
0aeb0cf18e533e35,COph100/052-1/052_M_GA26_BW820_PA33_DG3_PF0_D1_S03_6__052_M_GA26_BW820_PA46_DG2_PF0_D1_S07_2,COph100/patient/052,COph100,sift_h,none,ok,38,6,10000,0,False,True,True,2885.8646224791564,3.6073307780989454,True,True,1.9628597999981139,"[[-0.815705100932676, -1.2269775322060756, 967.3836185894818], [-0.6130718906328801, -0.1132639453511891, 587.8789864797875], [-0.001037167029416746, -0.0010180315632859456, 1.0]]"
0aeb0cf18e533e35,COph100/052-1/052_M_GA26_BW820_PA33_DG3_PF0_D1_S03_6__052_M_GA26_BW820_PA46_DG2_PF0_D1_S07_2,COph100/patient/052,COph100,sift_h,rectangle,ok,38,6,10000,9540,False,False,False,241.97413313149485,0.30246766641436856,True,,1.568507199990563,"[[-1.129611876797684, 0.3379459778111642, 1111.2305188741268], [-0.3599613824371071, -0.8156777213803543, 678.7064175186879], [-7.196624264804976e-05, 0.0004419577801515113, 1.0]]"
0aeb0cf18e533e35,COph100/052-1/052_M_GA26_BW820_PA33_DG3_PF0_D1_S03_6__052_M_GA26_BW820_PA46_DG2_PF0_D1_S07_2,COph100/patient/052,COph100,sift_h,sample_orientation,ok,38,6,10000,7462,False,True,True,654.4705326079156,0.8180881657598945,True,,1.9065715999895474,"[[-26.19584760712355, 25.915211727321513, 1091.904606160915], [-11.905043345737825, 14.485632716451637, 227.52168055176853], [-0.025164640623690022, 0.024508078947707065, 1.0]]"
dea98d0279a59b76,COph100/052-1/052_M_GA26_BW820_PA34_DG3_PF0_D1_S04_7__052_M_GA26_BW820_PA36_DG3_PF0_D1_S05_8,COph100/patient/052,COph100,sift_h,fov,ok,45,9,5752,3211,False,True,False,362.91613333148064,0.4536451666643508,True,,1.0655522999877576,"[[-0.7296542858255964, -0.40940864588375864, 971.874194368397], [-0.07076289023336893, -0.04075728771724296, 94.96535175980385], [-0.0007513195019073569, -0.0004202299991848213, 1.0]]"
dea98d0279a59b76,COph100/052-1/052_M_GA26_BW820_PA34_DG3_PF0_D1_S04_7__052_M_GA26_BW820_PA36_DG3_PF0_D1_S05_8,COph100/patient/052,COph100,sift_h,none,ok,45,9,5752,0,False,True,False,362.91613333148064,0.4536451666643508,True,True,1.1564609999913955,"[[-0.7296542858255964, -0.40940864588375864, 971.874194368397], [-0.07076289023336893, -0.04075728771724296, 94.96535175980385], [-0.0007513195019073569, -0.0004202299991848213, 1.0]]"
dea98d0279a59b76,COph100/052-1/052_M_GA26_BW820_PA34_DG3_PF0_D1_S04_7__052_M_GA26_BW820_PA36_DG3_PF0_D1_S05_8,COph100/patient/052,COph100,sift_h,rectangle,ok,45,9,5752,5298,False,False,False,221.5577854423421,0.27694723180292763,True,,0.8048018999979831,"[[-0.8699217473340238, -0.15839486247174042, 962.4403755167627], [-0.16438536503488965, 0.2622773952055658, 123.02354404728814], [-0.000498887875011015, -0.0004870325744261419, 1.0]]"
dea98d0279a59b76,COph100/052-1/052_M_GA26_BW820_PA34_DG3_PF0_D1_S04_7__052_M_GA26_BW820_PA36_DG3_PF0_D1_S05_8,COph100/patient/052,COph100,sift_h,sample_orientation,ok,45,9,5752,4204,False,True,False,362.91613333148064,0.4536451666643508,True,,1.148998099990422,"[[-0.7296542858255964, -0.40940864588375864, 971.874194368397], [-0.07076289023336893, -0.04075728771724296, 94.96535175980385], [-0.0007513195019073569, -0.0004202299991848213, 1.0]]"
eb1db0b32ad0d27e,COph100/052-1/052_M_GA26_BW820_PA34_DG3_PF0_D1_S04_7__052_M_GA26_BW820_PA75_DG9_PF0_D1_S08_8,COph100/patient/052,COph100,sift_h,fov,ok,42,6,10000,5805,False,True,False,418.8046725551997,0.5235058406939996,True,,1.659147699989262,"[[0.15425730437487448, -0.06734858045385556, 26.899622456602106], [1.1517024915917666, -0.5027445273262732, 200.80819023809931], [0.005735234042854865, -0.0025035317392705253, 1.0]]"
eb1db0b32ad0d27e,COph100/052-1/052_M_GA26_BW820_PA34_DG3_PF0_D1_S04_7__052_M_GA26_BW820_PA75_DG9_PF0_D1_S08_8,COph100/patient/052,COph100,sift_h,none,ok,42,6,10000,0,False,True,False,418.8046725551997,0.5235058406939996,True,True,2.0334163999941666,"[[0.15425730437487448, -0.06734858045385556, 26.899622456602106], [1.1517024915917666, -0.5027445273262732, 200.80819023809931], [0.005735234042854865, -0.0025035317392705253, 1.0]]"
eb1db0b32ad0d27e,COph100/052-1/052_M_GA26_BW820_PA34_DG3_PF0_D1_S04_7__052_M_GA26_BW820_PA75_DG9_PF0_D1_S08_8,COph100/patient/052,COph100,sift_h,rectangle,ok,42,6,10000,9356,False,False,False,92.96152116429208,0.1162019014553651,True,,1.5901280999969458,"[[1.055275321755256, 0.6339560045795262, -149.31229329107728], [-0.23544834216056143, 1.5046878484870607, 173.98927015735794], [-0.0001037441928229572, 0.0007088927167270408, 1.0]]"
eb1db0b32ad0d27e,COph100/052-1/052_M_GA26_BW820_PA34_DG3_PF0_D1_S04_7__052_M_GA26_BW820_PA75_DG9_PF0_D1_S08_8,COph100/patient/052,COph100,sift_h,sample_orientation,ok,42,6,10000,7183,False,False,False,92.96152116429208,0.1162019014553651,True,,1.913530299992999,"[[1.055275321755256, 0.6339560045795262, -149.31229329107728], [-0.23544834216056143, 1.5046878484870607, 173.98927015735794], [-0.0001037441928229572, 0.0007088927167270408, 1.0]]"
6fd0e996b752adfd,COph100/052-1/052_M_GA26_BW820_PA36_DG3_PF0_D1_S05_8__052_M_GA26_BW820_PA46_DG2_PF0_D1_S07_2,COph100/patient/052,COph100,sift_h,fov,ok,44,8,8424,4157,False,True,False,344.0483271489237,0.4300604089361546,True,,1.5534524000104284,"[[-0.2162651886541763, -0.1547675013099135, 36.96120731847697], [-1.336636434275759, -0.8338009285108953, 197.66624534877195], [-0.006782508087444262, -0.004249468132876027, 1.0]]"
6fd0e996b752adfd,COph100/052-1/052_M_GA26_BW820_PA36_DG3_PF0_D1_S05_8__052_M_GA26_BW820_PA46_DG2_PF0_D1_S07_2,COph100/patient/052,COph100,sift_h,none,ok,44,8,8424,0,False,True,False,344.0483271489237,0.4300604089361546,True,True,1.5841170999919996,"[[-0.2162651886541763, -0.1547675013099135, 36.96120731847697], [-1.336636434275759, -0.8338009285108953, 197.66624534877195], [-0.006782508087444262, -0.004249468132876027, 1.0]]"
6fd0e996b752adfd,COph100/052-1/052_M_GA26_BW820_PA36_DG3_PF0_D1_S05_8__052_M_GA26_BW820_PA46_DG2_PF0_D1_S07_2,COph100/patient/052,COph100,sift_h,rectangle,ok,44,7,10000,9509,False,False,False,444.90297169228313,0.556128714615354,True,,1.5607727999886265,"[[-1.0995689171240743, -0.033557316073851436, 1087.9924508222782], [-0.3094967286601595, -0.4479251769928067, 620.8669666631081], [-0.0003302005904041652, -0.0008065297131227278, 1.0]]"
6fd0e996b752adfd,COph100/052-1/052_M_GA26_BW820_PA36_DG3_PF0_D1_S05_8__052_M_GA26_BW820_PA46_DG2_PF0_D1_S07_2,COph100/patient/052,COph100,sift_h,sample_orientation,ok,44,7,10000,7325,False,False,False,444.90297169228313,0.556128714615354,True,,1.8598092000029283,"[[-1.0995689171240743, -0.033557316073851436, 1087.9924508222782], [-0.3094967286601595, -0.4479251769928067, 620.8669666631081], [-0.0003302005904041652, -0.0008065297131227278, 1.0]]"
589eda0958b3b814,COph100/052-1/052_M_GA26_BW820_PA42_DG3_PF0_D1_S06_4__052_M_GA26_BW820_PA46_DG2_PF0_D1_S07_2,COph100/patient/052,COph100,sift_h,fov,ok,48,7,10000,5288,False,False,False,35.5835607250868,0.0444794509063585,True,,1.746637499993085,"[[1.3043995272373712, 0.05151234707201986, -21.14319140823312], [0.10116950013652466, 1.2037053288261004, -28.038365605110307], [0.0002551781795212785, 0.0001416667912709524, 1.0]]"
589eda0958b3b814,COph100/052-1/052_M_GA26_BW820_PA42_DG3_PF0_D1_S06_4__052_M_GA26_BW820_PA46_DG2_PF0_D1_S07_2,COph100/patient/052,COph100,sift_h,none,ok,48,7,10000,0,False,True,True,323.68257734447195,0.40460322168058993,True,True,2.003025300000445,"[[-1.1689061569818013, -0.22162165375350634, 1070.6320071563166], [-0.15845216331654738, 0.02668897635617043, 144.13667647652375], [-0.0010946609408828498, -0.00013074786523551002, 1.0]]"
589eda0958b3b814,COph100/052-1/052_M_GA26_BW820_PA42_DG3_PF0_D1_S06_4__052_M_GA26_BW820_PA46_DG2_PF0_D1_S07_2,COph100/patient/052,COph100,sift_h,rectangle,ok,48,7,10000,9412,False,False,False,35.5835607250868,0.0444794509063585,True,,1.5826637999998638,"[[1.3043995272373712, 0.05151234707201986, -21.14319140823312], [0.10116950013652466, 1.2037053288261004, -28.038365605110307], [0.0002551781795212785, 0.0001416667912709524, 1.0]]"
589eda0958b3b814,COph100/052-1/052_M_GA26_BW820_PA42_DG3_PF0_D1_S06_4__052_M_GA26_BW820_PA46_DG2_PF0_D1_S07_2,COph100/patient/052,COph100,sift_h,sample_orientation,ok,48,7,10000,7264,False,False,False,35.5835607250868,0.0444794509063585,True,,1.9298883000010392,"[[1.3043995272373712, 0.05151234707201986, -21.14319140823312], [0.10116950013652466, 1.2037053288261004, -28.038365605110307], [0.0002551781795212785, 0.0001416667912709524, 1.0]]"
052c73ea7ffa4225,COph100/052/052_M_GA26_BW820_PA31_DG1_PF0_D1_S01_3__052_M_GA26_BW820_PA32_DG2_PF0_D1_S02_3,COph100/patient/052,COph100,sift_h,fov,ok,41,9,3963,1938,False,True,False,307.9910199919801,0.38498877498997514,True,,0.7148051999974996,"[[-0.03477483139801656, -0.01434462650347841, 40.70772613508303], [-0.42543771781338735, -0.06433180072216983, 446.61074347330947], [-0.0007521078278788945, -0.0004548049446121829, 1.0]]"
052c73ea7ffa4225,COph100/052/052_M_GA26_BW820_PA31_DG1_PF0_D1_S01_3__052_M_GA26_BW820_PA32_DG2_PF0_D1_S02_3,COph100/patient/052,COph100,sift_h,none,ok,41,9,3963,0,False,True,False,307.9910199919801,0.38498877498997514,True,True,0.8084408000140684,"[[-0.03477483139801656, -0.01434462650347841, 40.70772613508303], [-0.42543771781338735, -0.06433180072216983, 446.61074347330947], [-0.0007521078278788945, -0.0004548049446121829, 1.0]]"
052c73ea7ffa4225,COph100/052/052_M_GA26_BW820_PA31_DG1_PF0_D1_S01_3__052_M_GA26_BW820_PA32_DG2_PF0_D1_S02_3,COph100/patient/052,COph100,sift_h,rectangle,ok,41,8,6350,5773,False,False,False,297.4941043660816,0.371867630457602,True,,1.0059095000033267,"[[0.06963308141429554, 0.14071452253902783, -59.68191840351611], [-0.3920691220579561, 0.02412233679363714, 423.15141029751453], [-0.0006848478054269433, -0.0003665675993753045, 1.0]]"
052c73ea7ffa4225,COph100/052/052_M_GA26_BW820_PA31_DG1_PF0_D1_S01_3__052_M_GA26_BW820_PA32_DG2_PF0_D1_S02_3,COph100/patient/052,COph100,sift_h,sample_orientation,ok,41,9,3963,2664,False,True,False,301.9762603647995,0.37747032545599934,True,,0.8169246000034036,"[[0.03808075129638916, 0.09764173461908701, -30.07702820558187], [-0.4217284573072935, 0.010596344522757007, 443.7260950936354], [-0.0007379495144040742, -0.00033131285827110106, 1.0]]"
0d334087932bbab8,COph100/052/052_M_GA26_BW820_PA31_DG1_PF0_D1_S01_3__052_M_GA26_BW820_PA33_DG3_PF0_D1_S03_11,COph100/patient/052,COph100,sift_h,fov,ok,43,10,3145,1687,False,True,False,344.0698308679347,0.43008728858491835,True,,0.5458397000038531,"[[-0.25165515732723015, -0.06446162135166256, 32.04376412010076], [-1.1658349008269107, -0.21105562725237442, 145.74848105572585], [-0.007571856333766047, -0.0019855372442648318, 1.0]]"
0d334087932bbab8,COph100/052/052_M_GA26_BW820_PA31_DG1_PF0_D1_S01_3__052_M_GA26_BW820_PA33_DG3_PF0_D1_S03_11,COph100/patient/052,COph100,sift_h,none,ok,43,10,3145,0,False,True,False,344.0698308679347,0.43008728858491835,True,True,0.5675827000086429,"[[-0.25165515732723015, -0.06446162135166256, 32.04376412010076], [-1.1658349008269107, -0.21105562725237442, 145.74848105572585], [-0.007571856333766047, -0.0019855372442648318, 1.0]]"
0d334087932bbab8,COph100/052/052_M_GA26_BW820_PA31_DG1_PF0_D1_S01_3__052_M_GA26_BW820_PA33_DG3_PF0_D1_S03_11,COph100/patient/052,COph100,sift_h,rectangle,ok,43,10,3145,2897,False,False,False,72.34645362364365,0.09043306702955457,True,,0.471564399995259,"[[0.7273008971832018, 0.11682262714084451, -23.16526464717264], [-0.3130108777871074, 1.2388163878428207, 42.49686314317609], [-0.0002976706827622676, 0.00012456697974430362, 1.0]]"
0d334087932bbab8,COph100/052/052_M_GA26_BW820_PA31_DG1_PF0_D1_S01_3__052_M_GA26_BW820_PA33_DG3_PF0_D1_S03_11,COph100/patient/052,COph100,sift_h,sample_orientation,ok,43,10,3145,2238,False,False,False,72.34645362364365,0.09043306702955457,True,,0.6336315999942599,"[[0.7273008971832018, 0.11682262714084451, -23.16526464717264], [-0.3130108777871074, 1.2388163878428207, 42.49686314317609], [-0.0002976706827622676, 0.00012456697974430362, 1.0]]"
45aaa68fb35d78f1,COph100/052/052_M_GA26_BW820_PA31_DG1_PF0_D1_S01_3__052_M_GA26_BW820_PA46_DG2_PF0_D1_S07_6,COph100/patient/052,COph100,sift_h,fov,ok,31,9,1292,668,False,True,False,292.10049706491793,0.3651256213311474,True,,0.23052260000258684,"[[1.9726504214310825, -1.2115465127587648, 847.8611284322359], [1.1435000830044053, -1.055322526652579, 762.7473879580416], [0.0020174304840000806, -0.0014226544138834455, 1.0]]"
45aaa68fb35d78f1,COph100/052/052_M_GA26_BW820_PA31_DG1_PF0_D1_S01_3__052_M_GA26_BW820_PA46_DG2_PF0_D1_S07_6,COph100/patient/052,COph100,sift_h,none,ok,31,9,1292,0,False,True,False,292.10049706491793,0.3651256213311474,True,True,0.23768950000521727,"[[1.9726504214310825, -1.2115465127587648, 847.8611284322359], [1.1435000830044053, -1.055322526652579, 762.7473879580416], [0.0020174304840000806, -0.0014226544138834455, 1.0]]"
45aaa68fb35d78f1,COph100/052/052_M_GA26_BW820_PA31_DG1_PF0_D1_S01_3__052_M_GA26_BW820_PA46_DG2_PF0_D1_S07_6,COph100/patient/052,COph100,sift_h,rectangle,ok,31,9,1299,1210,True,False,False,280.5815382199578,0.3507269227749472,True,,0.21602000000711996,"[[0.005639779823380077, -1.1659638481240244, 915.4163204553926], [-0.08036681251583132, -0.8607503317114498, 680.0503395489923], [-9.048029056103178e-07, -0.0012797795669339848, 1.0]]"
45aaa68fb35d78f1,COph100/052/052_M_GA26_BW820_PA31_DG1_PF0_D1_S01_3__052_M_GA26_BW820_PA46_DG2_PF0_D1_S07_6,COph100/patient/052,COph100,sift_h,sample_orientation,ok,31,9,1292,909,False,True,False,292.10049706491793,0.3651256213311474,True,,0.2350940000033006,"[[1.9726504214310825, -1.2115465127587648, 847.8611284322359], [1.1435000830044053, -1.055322526652579, 762.7473879580416], [0.0020174304840000806, -0.0014226544138834455, 1.0]]"
d96f0fc608d00fc9,COph100/052/052_M_GA26_BW820_PA32_DG2_PF0_D1_S02_3__052_M_GA26_BW820_PA42_DG3_PF0_D1_S06_14,COph100/patient/052,COph100,sift_h,fov,ok,28,6,4364,2141,False,True,False,331.9540449531298,0.4149425561914123,True,,0.7950940000009723,"[[-16.64924002826658, -1.3965169869070588, 898.9372847505797], [-12.767026301203481, -0.844734514206989, 485.60081313770235], [-0.018123115860592582, -0.0016233480842242185, 1.0]]"
d96f0fc608d00fc9,COph100/052/052_M_GA26_BW820_PA32_DG2_PF0_D1_S02_3__052_M_GA26_BW820_PA42_DG3_PF0_D1_S06_14,COph100/patient/052,COph100,sift_h,none,ok,28,6,4364,0,False,True,True,421.2468860439816,0.526558607554977,True,True,0.9183484999957727,"[[-0.02651308024272956, -0.06547506456726039, 42.083915960763214], [-0.49955411197762156, -0.1468875039627928, 533.9536652997859], [-0.0008766628427721238, -0.0005871169342138306, 1.0]]"
d96f0fc608d00fc9,COph100/052/052_M_GA26_BW820_PA32_DG2_PF0_D1_S02_3__052_M_GA26_BW820_PA42_DG3_PF0_D1_S06_14,COph100/patient/052,COph100,sift_h,rectangle,ok,28,6,4364,4148,False,False,False,406.4387139517985,0.5080483924397481,True,,0.6915005000046222,"[[-0.6874009966244103, 1.5222545091278643, -150.2192450607652], [0.596506940248573, -1.5868070108951178, 731.796259903235], [0.0027786847653274733, -0.0011371682831704212, 1.0]]"
d96f0fc608d00fc9,COph100/052/052_M_GA26_BW820_PA32_DG2_PF0_D1_S02_3__052_M_GA26_BW820_PA42_DG3_PF0_D1_S06_14,COph100/patient/052,COph100,sift_h,sample_orientation,ok,28,6,4364,3166,False,True,True,633.5610004867566,0.7919512506084457,True,,0.8501696000021184,"[[0.24771006376047644, 0.018161973909324572, 36.557603298885], [-0.47898277149153534, -0.5471769724064195, 860.9581964467112], [-0.0019637467250522935, 0.0032063827797517226, 1.0]]"
bc62488e8ab8434b,COph100/052/052_M_GA26_BW820_PA32_DG2_PF0_D1_S02_3__052_M_GA26_BW820_PA46_DG2_PF0_D1_S07_6,COph100/patient/052,COph100,sift_h,fov,ok,28,7,2354,1184,False,True,False,313.10559949404416,0.3913819993675552,True,,0.48180379999394063,"[[-6.221155091437913, -4.090260920624138, 988.5441570577574], [-4.131212896603083, -2.4374461616274927, 604.8429368560419], [-0.0064216557328033805, -0.004087726419351626, 1.0]]"
bc62488e8ab8434b,COph100/052/052_M_GA26_BW820_PA32_DG2_PF0_D1_S02_3__052_M_GA26_BW820_PA46_DG2_PF0_D1_S07_6,COph100/patient/052,COph100,sift_h,none,ok,28,8,1378,0,False,True,True,305.19477808739475,0.38149347260924343,True,True,0.2798698999977205,"[[8.727216593182677, -6.1288765339195646, 994.8187748579701], [5.9543154420766395, -3.830902962437166, 608.3608480728076], [0.009077547716410577, -0.006201873611173863, 1.0]]"
bc62488e8ab8434b,COph100/052/052_M_GA26_BW820_PA32_DG2_PF0_D1_S02_3__052_M_GA26_BW820_PA46_DG2_PF0_D1_S07_6,COph100/patient/052,COph100,sift_h,rectangle,ok,28,6,4364,3980,False,False,False,304.94371798712194,0.38117964748390243,True,,0.711539999989327,"[[0.030319623093201898, -0.1603038866165793, 113.8001513777193], [-0.7344386628194332, -0.2454776084272816, 762.3703955596067], [-0.0009460068728381772, 0.00040380016141198567, 1.0]]"
bc62488e8ab8434b,COph100/052/052_M_GA26_BW820_PA32_DG2_PF0_D1_S02_3__052_M_GA26_BW820_PA46_DG2_PF0_D1_S07_6,COph100/patient/052,COph100,sift_h,sample_orientation,ok,28,7,2354,1656,False,True,False,311.37526171183526,0.3892190771397941,True,,0.449217100001988,"[[-13.973289278921536, -3.1063617038092435, 999.1458006551101], [-9.350485884893528, -1.7482208948862332, 602.2510221377496], [-0.014443774986381585, -0.0030478860545736673, 1.0]]"
4b4e5283e1e26fdd,COph100/052/052_M_GA26_BW820_PA32_DG2_PF0_D1_S02_3__052_M_GA26_BW820_PA75_DG9_PF0_D1_S08_20,COph100/patient/052,COph100,sift_h,fov,ok,25,6,2772,1564,False,True,False,387.92347711367677,0.48490434639209595,True,,0.46385460000601597,"[[0.3032038203569517, -0.12032706436138109, 55.74867702645919], [0.7951196002106053, -0.2828125824309438, 124.6233483616171], [0.006068211954617447, -0.0022317142552758964, 1.0]]"
4b4e5283e1e26fdd,COph100/052/052_M_GA26_BW820_PA32_DG2_PF0_D1_S02_3__052_M_GA26_BW820_PA75_DG9_PF0_D1_S08_20,COph100/patient/052,COph100,sift_h,none,ok,25,6,2772,0,False,True,False,387.92347711367677,0.48490434639209595,True,True,0.5039037999958964,"[[0.3032038203569517, -0.12032706436138109, 55.74867702645919], [0.7951196002106053, -0.2828125824309438, 124.6233483616171], [0.006068211954617447, -0.0022317142552758964, 1.0]]"
4b4e5283e1e26fdd,COph100/052/052_M_GA26_BW820_PA32_DG2_PF0_D1_S02_3__052_M_GA26_BW820_PA75_DG9_PF0_D1_S08_20,COph100/patient/052,COph100,sift_h,rectangle,ok,25,5,5752,5552,False,False,False,370.2992507388941,0.46287406342361764,True,,0.8779303999908734,"[[0.07801869606984846, -0.1492941878440303, 143.1121511221167], [-0.011468102419053121, 0.2995306483349692, 57.584783707710145], [0.0009475669895507818, 0.0002769770287432168, 1.0]]"
4b4e5283e1e26fdd,COph100/052/052_M_GA26_BW820_PA32_DG2_PF0_D1_S02_3__052_M_GA26_BW820_PA75_DG9_PF0_D1_S08_20,COph100/patient/052,COph100,sift_h,sample_orientation,ok,25,6,2772,2115,False,True,False,387.68258022849466,0.48460322528561833,True,,0.5211470000067493,"[[0.15005463306148709, -0.10117095739291432, 54.887376841950065], [0.3864247029700097, -0.2299983255522328, 125.39378633509534], [0.002988280378758193, -0.0018641800003584973, 1.0]]"
89847dc988c8cb39,COph100/052/052_M_GA26_BW820_PA33_DG3_PF0_D1_S03_11__052_M_GA26_BW820_PA34_DG3_PF0_D1_S04_4,COph100/patient/052,COph100,sift_h,fov,ok,50,8,10000,5114,False,True,False,353.8601269734819,0.44232515871685235,True,,1.8309382000006735,"[[0.17555040323618898, -0.5993144882218258, 292.1384474835705], [-0.05676554395780263, -0.3617515002636525, 202.385060967084], [0.0027600285072985975, -0.002063338428161734, 1.0]]"
89847dc988c8cb39,COph100/052/052_M_GA26_BW820_PA33_DG3_PF0_D1_S03_11__052_M_GA26_BW820_PA34_DG3_PF0_D1_S04_4,COph100/patient/052,COph100,sift_h,none,ok,50,8,10000,0,False,True,True,391.79783356670634,0.48974729195838296,True,True,2.061053699988406,"[[-2.227490643208531, 3.4445702079780647, -486.0303094620814], [-0.692959515454822, 1.6624603644514426, -113.83512435009428], [-0.021979874855690234, 0.0053264121866988725, 1.0]]"
89847dc988c8cb39,COph100/052/052_M_GA26_BW820_PA33_DG3_PF0_D1_S03_11__052_M_GA26_BW820_PA34_DG3_PF0_D1_S04_4,COph100/patient/052,COph100,sift_h,rectangle,ok,50,8,10000,9405,False,False,False,188.48797439192225,0.2356099679899028,True,,1.509792800003197,"[[0.09495617789642698, 2.0875598092728533, -271.591440128181], [-0.6645874057713385, 0.25911076886254186, 655.2550009761082], [3.120390532331586e-05, 0.00038909556334429737, 1.0]]"
89847dc988c8cb39,COph100/052/052_M_GA26_BW820_PA33_DG3_PF0_D1_S03_11__052_M_GA26_BW820_PA34_DG3_PF0_D1_S04_4,COph100/patient/052,COph100,sift_h,sample_orientation,ok,50,8,10000,7172,False,False,False,188.48797439192225,0.2356099679899028,True,,1.9493415000033565,"[[0.09495617789642698, 2.0875598092728533, -271.591440128181], [-0.6645874057713385, 0.25911076886254186, 655.2550009761082], [3.120390532331586e-05, 0.00038909556334429737, 1.0]]"
548eb6da97ff3ff6,COph100/052/052_M_GA26_BW820_PA33_DG3_PF0_D1_S03_11__052_M_GA26_BW820_PA36_DG3_PF0_D1_S05_1,COph100/patient/052,COph100,sift_h,fov,ok,55,8,10000,5333,False,True,False,354.6624303597155,0.4433280379496443,True,,1.740300000004936,"[[-14.310017088450548, 1.6787993160461117, 983.8803523320149], [-8.599435773649745, 0.9832469901987994, 592.9930208970468], [-0.01472695004268768, 0.0017418050133976252, 1.0]]"
548eb6da97ff3ff6,COph100/052/052_M_GA26_BW820_PA33_DG3_PF0_D1_S03_11__052_M_GA26_BW820_PA36_DG3_PF0_D1_S05_1,COph100/patient/052,COph100,sift_h,none,ok,55,8,10000,0,False,True,False,354.6624303597155,0.4433280379496443,True,True,2.0607199000078253,"[[-14.310017088450548, 1.6787993160461117, 983.8803523320149], [-8.599435773649745, 0.9832469901987994, 592.9930208970468], [-0.01472695004268768, 0.0017418050133976252, 1.0]]"
548eb6da97ff3ff6,COph100/052/052_M_GA26_BW820_PA33_DG3_PF0_D1_S03_11__052_M_GA26_BW820_PA36_DG3_PF0_D1_S05_1,COph100/patient/052,COph100,sift_h,rectangle,ok,55,7,10000,9396,False,False,False,173.3779369141454,0.21672242114268175,True,,1.6557748000050196,"[[-0.1231491513974938, 1.0089735132461803, 28.781924633076592], [0.2597908862253671, 0.04408470524798313, 27.055526494294437], [-0.00035484536167547604, -0.000224329870139129, 1.0]]"
548eb6da97ff3ff6,COph100/052/052_M_GA26_BW820_PA33_DG3_PF0_D1_S03_11__052_M_GA26_BW820_PA36_DG3_PF0_D1_S05_1,COph100/patient/052,COph100,sift_h,sample_orientation,ok,55,7,10000,7143,False,True,False,350.04309897706025,0.4375538737213253,True,,2.0270624000113457,"[[-11.30293702646569, -2.0556241153158634, 1036.6994726588177], [-6.772189419497695, -1.294457634614378, 627.706002638379], [-0.011648330392565171, -0.00199267442791634, 1.0]]"
50b3924517f16c9c,COph100/052/052_M_GA26_BW820_PA33_DG3_PF0_D1_S03_11__052_M_GA26_BW820_PA42_DG3_PF0_D1_S06_14,COph100/patient/052,COph100,sift_h,fov,ok,33,7,4545,2756,False,True,False,391.1271175400559,0.4889088969250699,True,,0.8033998000028078,"[[0.8284101407082091, -0.13270138638827625, 36.07606542772169], [12.829255631458702, -2.05854184709533, 558.9319116653419], [0.022952793635062134, -0.0036839089308556834, 1.0]]"
50b3924517f16c9c,COph100/052/052_M_GA26_BW820_PA33_DG3_PF0_D1_S03_11__052_M_GA26_BW820_PA42_DG3_PF0_D1_S06_14,COph100/patient/052,COph100,sift_h,none,ok,33,7,4545,0,False,True,False,391.1271175400559,0.4889088969250699,True,True,0.8830955000012182,"[[0.8284101407082091, -0.13270138638827625, 36.07606542772169], [12.829255631458702, -2.05854184709533, 558.9319116653419], [0.022952793635062134, -0.0036839089308556834, 1.0]]"
50b3924517f16c9c,COph100/052/052_M_GA26_BW820_PA33_DG3_PF0_D1_S03_11__052_M_GA26_BW820_PA42_DG3_PF0_D1_S06_14,COph100/patient/052,COph100,sift_h,rectangle,ok,33,5,10000,9459,False,False,False,195.69052022513424,0.2446131502814178,True,,1.6885520999931032,"[[21.367308430208148, 3.8096174381828853, -1933.691256142257], [12.81831564852226, 15.517977811309882, 587.0570626246786], [0.017385617940061816, 0.03749553297121238, 1.0]]"
50b3924517f16c9c,COph100/052/052_M_GA26_BW820_PA33_DG3_PF0_D1_S03_11__052_M_GA26_BW820_PA42_DG3_PF0_D1_S06_14,COph100/patient/052,COph100,sift_h,sample_orientation,ok,33,7,4545,3264,False,True,False,391.1271175400559,0.4889088969250699,True,,0.9437245999870356,"[[0.8284101407082091, -0.13270138638827625, 36.07606542772169], [12.829255631458702, -2.05854184709533, 558.9319116653419], [0.022952793635062134, -0.0036839089308556834, 1.0]]"
f03e9fec19e633a6,COph100/052/052_M_GA26_BW820_PA33_DG3_PF0_D1_S03_11__052_M_GA26_BW820_PA46_DG2_PF0_D1_S07_6,COph100/patient/052,COph100,sift_h,fov,ok,25,5,5752,2995,False,True,False,311.81875052120074,0.38977343815150095,True,,0.9598962000018219,"[[-6.9961218440052475, -0.9513678439217045, 936.5812772296224], [-4.547458356282366, -0.7401296602191499, 682.9485704701334], [-0.007168639290109655, -0.0010427595632827458, 1.0]]"
f03e9fec19e633a6,COph100/052/052_M_GA26_BW820_PA33_DG3_PF0_D1_S03_11__052_M_GA26_BW820_PA46_DG2_PF0_D1_S07_6,COph100/patient/052,COph100,sift_h,none,ok,25,5,5752,0,False,True,False,311.81875052120074,0.38977343815150095,True,True,1.1192979000043124,"[[-6.9961218440052475, -0.9513678439217045, 936.5812772296224], [-4.547458356282366, -0.7401296602191499, 682.9485704701334], [-0.007168639290109655, -0.0010427595632827458, 1.0]]"
f03e9fec19e633a6,COph100/052/052_M_GA26_BW820_PA33_DG3_PF0_D1_S03_11__052_M_GA26_BW820_PA46_DG2_PF0_D1_S07_6,COph100/patient/052,COph100,sift_h,rectangle,ok,25,5,5752,4906,False,False,False,171.6306986078767,0.21453837325984587,True,,0.8703959999984363,"[[0.9153816944468105, -0.5250568698978337, 264.45803119039203], [-0.14172067621609533, -1.1381222454948743, 980.3788777238229], [0.00019616190447991084, -0.0005685180051057513, 1.0]]"
f03e9fec19e633a6,COph100/052/052_M_GA26_BW820_PA33_DG3_PF0_D1_S03_11__052_M_GA26_BW820_PA46_DG2_PF0_D1_S07_6,COph100/patient/052,COph100,sift_h,sample_orientation,ok,25,5,5752,3709,False,True,True,492.76446121046774,0.6159555765130846,True,,1.1872212000016589,"[[-0.24369229470667525, -0.5562714932019156, 174.2525263722966], [-0.3204401633290139, -3.91254007061183, 1018.5647343604016], [-0.00023607318255182587, -0.005020578414321204, 1.0]]"
8711445332cb238b,COph100/052/052_M_GA26_BW820_PA34_DG3_PF0_D1_S04_4__052_M_GA26_BW820_PA36_DG3_PF0_D1_S05_1,COph100/patient/052,COph100,sift_h,fov,invalid_transform,50,8,10000,4992,False,,,,,True,,1.7554355000029318,
8711445332cb238b,COph100/052/052_M_GA26_BW820_PA34_DG3_PF0_D1_S04_4__052_M_GA26_BW820_PA36_DG3_PF0_D1_S05_1,COph100/patient/052,COph100,sift_h,none,ok,50,8,10000,0,False,True,True,967.7964986529872,1.209745623316234,True,True,1.927218000011635,"[[-14.027005677958424, 13.886009783655561, 984.6348998779573], [-9.33008903000692, 9.55983722901748, 639.9179155607193], [-0.014393481401116272, 0.01440263742391016, 1.0]]"
8711445332cb238b,COph100/052/052_M_GA26_BW820_PA34_DG3_PF0_D1_S04_4__052_M_GA26_BW820_PA36_DG3_PF0_D1_S05_1,COph100/patient/052,COph100,sift_h,rectangle,ok,50,7,10000,9335,False,False,False,49.828497371093256,0.06228562171386657,True,,1.7518277000053786,"[[0.9977152654307011, -0.04598848000148506, 14.509759294758279], [-0.25031293757405093, 1.3064701156333782, -2.173067609315284], [-0.0004931452989872192, 0.0006843057000117138, 1.0]]"
8711445332cb238b,COph100/052/052_M_GA26_BW820_PA34_DG3_PF0_D1_S04_4__052_M_GA26_BW820_PA36_DG3_PF0_D1_S05_1,COph100/patient/052,COph100,sift_h,sample_orientation,invalid_transform,50,8,10000,7052,False,,,,,True,,1.8311344999965513,
9831a3aeea779630,COph100/052/052_M_GA26_BW820_PA34_DG3_PF0_D1_S04_4__052_M_GA26_BW820_PA42_DG3_PF0_D1_S06_14,COph100/patient/052,COph100,sift_h,fov,ok,37,6,10000,5146,False,True,False,361.43531799355435,0.4517941474919429,True,,1.8617564000014681,"[[-0.06834704685132975, 0.08618382297915297, 116.78628872614617], [0.7897236315413865, -1.2367967972766483, 798.838090714826], [0.0030723958446846754, -0.001611894935620079, 1.0]]"
9831a3aeea779630,COph100/052/052_M_GA26_BW820_PA34_DG3_PF0_D1_S04_4__052_M_GA26_BW820_PA42_DG3_PF0_D1_S06_14,COph100/patient/052,COph100,sift_h,none,ok,37,6,10000,0,False,True,True,288.30943603755355,0.36038679504694193,True,True,1.9696566000056919,"[[1.3704503983435847, -3.84345069704011, 920.6820188590281], [0.013578949402425666, -0.042991509879433176, 14.942129311840608], [0.0015051175146920332, -0.004179565756496328, 1.0]]"
9831a3aeea779630,COph100/052/052_M_GA26_BW820_PA34_DG3_PF0_D1_S04_4__052_M_GA26_BW820_PA42_DG3_PF0_D1_S06_14,COph100/patient/052,COph100,sift_h,rectangle,ok,37,5,10000,9707,False,False,False,191.00901497498214,0.23876126871872766,True,,1.5651213000091957,"[[-0.6937383291805846, -0.4030428770223003, 938.6055230566776], [-0.5254414419791705, 1.1778556330022898, -106.08162629877147], [-0.00041546216175019295, -0.00041627532691027334, 1.0]]"
9831a3aeea779630,COph100/052/052_M_GA26_BW820_PA34_DG3_PF0_D1_S04_4__052_M_GA26_BW820_PA42_DG3_PF0_D1_S06_14,COph100/patient/052,COph100,sift_h,sample_orientation,ok,37,6,10000,7642,False,True,True,288.30943603755355,0.36038679504694193,True,,1.9452224999986356,"[[1.3704503983435847, -3.84345069704011, 920.6820188590281], [0.013578949402425666, -0.042991509879433176, 14.942129311840608], [0.0015051175146920332, -0.004179565756496328, 1.0]]"
b13115cae1db639e,COph100/052/052_M_GA26_BW820_PA34_DG3_PF0_D1_S04_4__052_M_GA26_BW820_PA46_DG2_PF0_D1_S07_6,COph100/patient/052,COph100,sift_h,fov,ok,43,11,2799,1362,False,False,False,153.48359803513222,0.19185449754391526,True,,0.5414493000134826,"[[1.181638115575013, -1.7684188081152217, 973.2613621084167], [1.2081675700358967, 0.04061879439255242, -42.87588005581385], [0.0010158172719831806, -0.0008661152748816262, 1.0]]"
b13115cae1db639e,COph100/052/052_M_GA26_BW820_PA34_DG3_PF0_D1_S04_4__052_M_GA26_BW820_PA46_DG2_PF0_D1_S07_6,COph100/patient/052,COph100,sift_h,none,ok,43,11,2336,0,False,True,True,600.8893056618532,0.7511116320773165,True,True,0.4437093000015011,"[[1.8033059993252782, -9.168094426425402, 978.2248988780995], [1.0615786939740273, -0.700104200475393, -17.07269517439886], [0.001751843402664185, -0.008697794928947365, 1.0]]"
b13115cae1db639e,COph100/052/052_M_GA26_BW820_PA34_DG3_PF0_D1_S04_4__052_M_GA26_BW820_PA46_DG2_PF0_D1_S07_6,COph100/patient/052,COph100,sift_h,rectangle,ok,43,11,2799,2596,False,False,False,153.48359803513222,0.19185449754391526,True,,0.4322399999946356,"[[1.181638115575013, -1.7684188081152217, 973.2613621084167], [1.2081675700358967, 0.04061879439255242, -42.87588005581385], [0.0010158172719831806, -0.0008661152748816262, 1.0]]"
b13115cae1db639e,COph100/052/052_M_GA26_BW820_PA34_DG3_PF0_D1_S04_4__052_M_GA26_BW820_PA46_DG2_PF0_D1_S07_6,COph100/patient/052,COph100,sift_h,sample_orientation,ok,43,11,2336,1629,False,True,True,600.8893056618532,0.7511116320773165,True,,0.43649680000089575,"[[1.8033059993252782, -9.168094426425402, 978.2248988780995], [1.0615786939740273, -0.700104200475393, -17.07269517439886], [0.001751843402664185, -0.008697794928947365, 1.0]]"
a2c4a3bfd88ff883,COph100/052/052_M_GA26_BW820_PA34_DG3_PF0_D1_S04_4__052_M_GA26_BW820_PA75_DG9_PF0_D1_S08_20,COph100/patient/052,COph100,sift_h,fov,ok,43,10,3145,1728,False,True,False,388.3981397737932,0.48549767471724153,True,,0.5382612000103109,"[[-0.3453337570043405, -0.2950951640953895, 49.256401262112036], [-0.9099892667149291, -0.7795309048935294, 131.64882476458436], [-0.006936957436688098, -0.005936915192286591, 1.0]]"
a2c4a3bfd88ff883,COph100/052/052_M_GA26_BW820_PA34_DG3_PF0_D1_S04_4__052_M_GA26_BW820_PA75_DG9_PF0_D1_S08_20,COph100/patient/052,COph100,sift_h,none,ok,43,10,3145,0,False,True,False,388.3981397737932,0.48549767471724153,True,True,0.6479096000111895,"[[-0.3453337570043405, -0.2950951640953895, 49.256401262112036], [-0.9099892667149291, -0.7795309048935294, 131.64882476458436], [-0.006936957436688098, -0.005936915192286591, 1.0]]"
a2c4a3bfd88ff883,COph100/052/052_M_GA26_BW820_PA34_DG3_PF0_D1_S04_4__052_M_GA26_BW820_PA75_DG9_PF0_D1_S08_20,COph100/patient/052,COph100,sift_h,rectangle,ok,43,7,10000,9367,False,False,False,215.83856730151064,0.2697982091268883,True,,1.603364700000384,"[[-0.9413640807077526, 0.05243730653732089, 962.1080633158973], [-0.05059567767520998, -1.0188309913320321, 813.4523319613072], [0.00014481046292935443, -0.00011940868245984851, 1.0]]"
a2c4a3bfd88ff883,COph100/052/052_M_GA26_BW820_PA34_DG3_PF0_D1_S04_4__052_M_GA26_BW820_PA75_DG9_PF0_D1_S08_20,COph100/patient/052,COph100,sift_h,sample_orientation,ok,43,10,3145,2326,False,True,True,386.5850227752686,0.48323127846908576,True,,0.583187900003395,"[[0.01049687983929471, -0.4072835726985993, 48.48559719714535], [0.025523696926036996, -1.0753993798968633, 130.97675523503932], [0.00019442915787810884, -0.008199950357569423, 1.0]]"
5125ccac7a6c20e7,COph100/052/052_M_GA26_BW820_PA36_DG3_PF0_D1_S05_1__052_M_GA26_BW820_PA46_DG2_PF0_D1_S07_6,COph100/patient/052,COph100,sift_h,fov,ok,35,8,3370,1769,False,True,False,315.3591843118162,0.39419898038977025,True,,0.5907855000114068,"[[6.389998147533908, -2.6019979384122256, 999.8850860118839], [3.8981104516790785, -1.584832503735235, 608.2264836443712], [0.006412208034341584, -0.0026065062571193343, 1.0]]"
5125ccac7a6c20e7,COph100/052/052_M_GA26_BW820_PA36_DG3_PF0_D1_S05_1__052_M_GA26_BW820_PA46_DG2_PF0_D1_S07_6,COph100/patient/052,COph100,sift_h,none,ok,35,8,3370,0,False,True,False,300.6773713556473,0.3758467141945592,True,True,0.6734727000002749,"[[2.7546605868106506, -2.09610177389082, 993.9405070751571], [1.445415308360337, -1.176794612993927, 563.5060615149081], [0.00275860056636511, -0.0021065574027138234, 1.0]]"
5125ccac7a6c20e7,COph100/052/052_M_GA26_BW820_PA36_DG3_PF0_D1_S05_1__052_M_GA26_BW820_PA46_DG2_PF0_D1_S07_6,COph100/patient/052,COph100,sift_h,rectangle,ok,35,8,3370,3098,False,False,False,161.85485203971797,0.20231856504964746,True,,0.45608220000576694,"[[-0.9472829068708793, 0.1913931150610818, 892.8047603360243], [-0.12636281067114732, 0.11303129632220542, 484.8119118682141], [-0.00032435135151209223, -6.406527432726084e-05, 1.0]]"
5125ccac7a6c20e7,COph100/052/052_M_GA26_BW820_PA36_DG3_PF0_D1_S05_1__052_M_GA26_BW820_PA46_DG2_PF0_D1_S07_6,COph100/patient/052,COph100,sift_h,sample_orientation,ok,35,8,3370,2435,False,False,False,161.85485203971797,0.20231856504964746,True,,0.6553389000036987,"[[-0.9472829068708793, 0.1913931150610818, 892.8047603360243], [-0.12636281067114732, 0.11303129632220542, 484.8119118682141], [-0.00032435135151209223, -6.406527432726084e-05, 1.0]]"
54b745eed8ddcbca,COph100/052/052_M_GA26_BW820_PA36_DG3_PF0_D1_S05_1__052_M_GA26_BW820_PA75_DG9_PF0_D1_S08_20,COph100/patient/052,COph100,sift_h,fov,ok,31,7,3539,1582,False,True,False,364.3184530934924,0.4553980663668655,True,,0.7075992000027327,"[[-0.017016708407964383, -0.052820098534854046, 53.581568275103635], [-0.25409532371984006, -0.0619673319501325, 289.36698573980425], [-0.0005579302252183954, -0.0007325332759623736, 1.0]]"
54b745eed8ddcbca,COph100/052/052_M_GA26_BW820_PA36_DG3_PF0_D1_S05_1__052_M_GA26_BW820_PA75_DG9_PF0_D1_S08_20,COph100/patient/052,COph100,sift_h,none,ok,31,7,3539,0,False,True,True,4463.939401615517,5.579924252019397,True,True,0.6840209999936633,"[[-0.08464695233152388, 0.027307929684783808, -17.0712406632213], [-0.7017742262563051, -1.0498116857647237, 718.4626009790304], [-0.0009798504488162222, -0.0015542952316724122, 1.0]]"
54b745eed8ddcbca,COph100/052/052_M_GA26_BW820_PA36_DG3_PF0_D1_S05_1__052_M_GA26_BW820_PA75_DG9_PF0_D1_S08_20,COph100/patient/052,COph100,sift_h,rectangle,ok,31,7,3539,3383,False,False,False,383.9974783066242,0.47999684788328023,True,,0.5350337999989279,"[[28.061083195157277, -39.48439985230804, 27287.24623447188], [223.71772370818888, 4.43734988816502, 3127.315581785744], [0.32094947424179543, 0.0322906979621757, 1.0]]"
54b745eed8ddcbca,COph100/052/052_M_GA26_BW820_PA36_DG3_PF0_D1_S05_1__052_M_GA26_BW820_PA75_DG9_PF0_D1_S08_20,COph100/patient/052,COph100,sift_h,sample_orientation,ok,31,7,3539,2569,False,True,True,4463.939401615517,5.579924252019397,True,,0.7559275000094203,"[[-0.08464695233152388, 0.027307929684783808, -17.0712406632213], [-0.7017742262563051, -1.0498116857647237, 718.4626009790304], [-0.0009798504488162222, -0.0015542952316724122, 1.0]]"
69634af3c2dc41df,COph100/052/052_M_GA26_BW820_PA42_DG3_PF0_D1_S06_14__052_M_GA26_BW820_PA46_DG2_PF0_D1_S07_6,COph100/patient/052,COph100,sift_h,fov,ok,21,5,2862,1584,False,False,False,453.9113921574975,0.5673892401968719,True,,0.5229586000059498,"[[-0.8880006481480293, 1.0213728118536325, 243.42211067873743], [-0.03690429022862576, 0.07071253047833131, 32.03435593762736], [-0.0009117952304278793, -8.439448030014993e-05, 1.0]]"
69634af3c2dc41df,COph100/052/052_M_GA26_BW820_PA42_DG3_PF0_D1_S06_14__052_M_GA26_BW820_PA46_DG2_PF0_D1_S07_6,COph100/patient/052,COph100,sift_h,none,ok,21,5,2862,0,False,True,True,348.88551628045576,0.4361068953505697,True,True,0.5760914999991655,"[[-1.7687059388051471, 1.5324450215786394, 986.9061511103677], [-0.1339657099420614, 0.19088644942989183, 51.578834780893274], [-0.0018281827859720637, 0.0016194075889704065, 1.0]]"
69634af3c2dc41df,COph100/052/052_M_GA26_BW820_PA42_DG3_PF0_D1_S06_14__052_M_GA26_BW820_PA46_DG2_PF0_D1_S07_6,COph100/patient/052,COph100,sift_h,rectangle,ok,21,5,2862,2700,False,False,False,453.9113921574975,0.5673892401968719,True,,0.39793289999943227,"[[-0.8880006481480293, 1.0213728118536325, 243.42211067873743], [-0.03690429022862576, 0.07071253047833131, 32.03435593762736], [-0.0009117952304278793, -8.439448030014993e-05, 1.0]]"
69634af3c2dc41df,COph100/052/052_M_GA26_BW820_PA42_DG3_PF0_D1_S06_14__052_M_GA26_BW820_PA46_DG2_PF0_D1_S07_6,COph100/patient/052,COph100,sift_h,sample_orientation,ok,21,5,2862,2022,False,False,False,453.9113921574975,0.5673892401968719,True,,0.5739644999994198,"[[-0.8880006481480293, 1.0213728118536325, 243.42211067873743], [-0.03690429022862576, 0.07071253047833131, 32.03435593762736], [-0.0009117952304278793, -8.439448030014993e-05, 1.0]]"
6a7a162b4b190bc8,COph100/052/052_M_GA26_BW820_PA42_DG3_PF0_D1_S06_14__052_M_GA26_BW820_PA75_DG9_PF0_D1_S08_20,COph100/patient/052,COph100,sift_h,fov,ok,32,6,7448,3464,False,True,False,373.01212540615404,0.46626515675769253,True,,1.3523814999934984,"[[-1.7891300263186491, 0.07905198915592666, -3.1955424070846155], [-2.163954484174033, -0.2562914326699319, 99.06387901225854], [-0.021472768532644817, -0.0016660428939511713, 1.0]]"
6a7a162b4b190bc8,COph100/052/052_M_GA26_BW820_PA42_DG3_PF0_D1_S06_14__052_M_GA26_BW820_PA75_DG9_PF0_D1_S08_20,COph100/patient/052,COph100,sift_h,none,ok,32,6,7448,0,False,True,False,373.01212540615404,0.46626515675769253,True,True,1.3758419000077993,"[[-1.7891300263186491, 0.07905198915592666, -3.1955424070846155], [-2.163954484174033, -0.2562914326699319, 99.06387901225854], [-0.021472768532644817, -0.0016660428939511713, 1.0]]"
6a7a162b4b190bc8,COph100/052/052_M_GA26_BW820_PA42_DG3_PF0_D1_S06_14__052_M_GA26_BW820_PA75_DG9_PF0_D1_S08_20,COph100/patient/052,COph100,sift_h,rectangle,ok,32,5,10000,9442,False,False,False,281.82682697468306,0.3522835337183538,True,,1.518254299997352,"[[0.2787905809039587, -1.7125408217444344, 888.7639312620889], [-0.06331995110331479, 0.2788695653108978, 36.78715759209274], [-0.0006300465242930473, -0.0002679589248400206, 1.0]]"
6a7a162b4b190bc8,COph100/052/052_M_GA26_BW820_PA42_DG3_PF0_D1_S06_14__052_M_GA26_BW820_PA75_DG9_PF0_D1_S08_20,COph100/patient/052,COph100,sift_h,sample_orientation,ok,32,6,7448,5285,False,True,False,373.01212540615404,0.46626515675769253,True,,1.449100300000282,"[[-1.7891300263186491, 0.07905198915592666, -3.1955424070846155], [-2.163954484174033, -0.2562914326699319, 99.06387901225854], [-0.021472768532644817, -0.0016660428939511713, 1.0]]"
2090023150121498,COph100/054-1/054_M_GA29_BW1410_PA37_DG0_PF0_D1_S01_3__054_M_GA29_BW1410_PA43_DG0_PF0_D1_S02_6,COph100/patient/054,COph100,sift_h,fov,ok,40,7,9816,5355,False,True,False,286.306151364122,0.3578826892051525,True,,1.8445341999904485,"[[-0.03194982672910299, 0.02356000365494135, 28.796494929362336], [-0.23989741813623866, 0.25322708597069765, 211.45395877132987], [-0.0011527436629904194, 0.00140474057496294, 1.0]]"
2090023150121498,COph100/054-1/054_M_GA29_BW1410_PA37_DG0_PF0_D1_S01_3__054_M_GA29_BW1410_PA43_DG0_PF0_D1_S02_6,COph100/patient/054,COph100,sift_h,none,ok,40,7,9816,0,False,True,False,286.306151364122,0.3578826892051525,True,True,1.932706000006874,"[[-0.03194982672910299, 0.02356000365494135, 28.796494929362336], [-0.23989741813623866, 0.25322708597069765, 211.45395877132987], [-0.0011527436629904194, 0.00140474057496294, 1.0]]"
2090023150121498,COph100/054-1/054_M_GA29_BW1410_PA37_DG0_PF0_D1_S01_3__054_M_GA29_BW1410_PA43_DG0_PF0_D1_S02_6,COph100/patient/054,COph100,sift_h,rectangle,ok,40,7,9816,9068,False,False,False,33.02810765337383,0.041285134566717285,True,,1.561061200001859,"[[1.019105523088786, -0.07490040886426275, 18.292576020682773], [0.03206171375891618, 0.8957815580894355, -19.58068571378735], [4.02391414087782e-05, -9.035339845020612e-05, 1.0]]"
2090023150121498,COph100/054-1/054_M_GA29_BW1410_PA37_DG0_PF0_D1_S01_3__054_M_GA29_BW1410_PA43_DG0_PF0_D1_S02_6,COph100/patient/054,COph100,sift_h,sample_orientation,ok,40,7,9816,6911,False,True,True,326.73402299257754,0.4084175287407219,True,,1.9466743000084534,"[[-0.013868937699399429, -0.10046519874649526, 24.060327455334974], [-0.10186912697911867, -0.334815749126558, 127.46993799334432], [-0.0006354551904550373, -0.004493730443855283, 1.0]]"
afbf4f94d25b46a3,COph100/054/054_M_GA29_BW1410_PA37_DG0_PF0_D1_S01_8__054_M_GA29_BW1410_PA43_DG0_PF0_D1_S02_2,COph100/patient/054,COph100,sift_h,fov,invalid_transform,36,7,6439,3598,False,,,,,True,,1.1317526000057114,
afbf4f94d25b46a3,COph100/054/054_M_GA29_BW1410_PA37_DG0_PF0_D1_S01_8__054_M_GA29_BW1410_PA43_DG0_PF0_D1_S02_2,COph100/patient/054,COph100,sift_h,none,ok,36,7,6439,0,False,True,True,500.9640326799081,0.6262050408498852,True,True,1.2057689999928698,"[[-0.028620997528568563, -0.040489654001820995, 28.83794701976879], [-0.4987624415330068, -0.731038185080965, 521.7062159029772], [-0.0009927436912709785, -0.0013978609741865631, 1.0]]"
afbf4f94d25b46a3,COph100/054/054_M_GA29_BW1410_PA37_DG0_PF0_D1_S01_8__054_M_GA29_BW1410_PA43_DG0_PF0_D1_S02_2,COph100/patient/054,COph100,sift_h,rectangle,ok,36,6,10000,9481,False,False,False,377.74302547075064,0.4721787818384383,True,,1.6177287000027718,"[[0.049895999234671584, 0.06359200719796448, -22.152559294444057], [-0.0772282319458876, -0.28332470777194757, 366.22037891783845], [0.00025977901345382277, -0.0011471381198095625, 1.0]]"
afbf4f94d25b46a3,COph100/054/054_M_GA29_BW1410_PA37_DG0_PF0_D1_S01_8__054_M_GA29_BW1410_PA43_DG0_PF0_D1_S02_2,COph100/patient/054,COph100,sift_h,sample_orientation,ok,36,6,10000,7358,False,False,False,377.74302547075064,0.4721787818384383,True,,1.940564300006372,"[[0.049895999234671584, 0.06359200719796448, -22.152559294444057], [-0.0772282319458876, -0.28332470777194757, 366.22037891783845], [0.00025977901345382277, -0.0011471381198095625, 1.0]]"
c3ecd316eef21314,COph100/055-1/055_M_GA38_BW3245_PA40_DG13_PF0_D1_S01_10__055_M_GA38_BW3245_PA41_DG13_PF0_D1_S02_7,COph100/patient/055,COph100,sift_h,fov,ok,39,8,5198,2644,False,True,False,377.3139780420871,0.4716424725526089,True,,0.8952694999898085,"[[0.7914339612663809, -0.3624254442832601, 172.6771141894445], [0.3321378758787065, -0.06662031520932442, 25.771047406778976], [0.0067342762471054455, -0.002289227994561011, 1.0]]"
c3ecd316eef21314,COph100/055-1/055_M_GA38_BW3245_PA40_DG13_PF0_D1_S01_10__055_M_GA38_BW3245_PA41_DG13_PF0_D1_S02_7,COph100/patient/055,COph100,sift_h,none,ok,39,8,5198,0,False,True,False,377.3139780420871,0.4716424725526089,True,True,0.9683318999886978,"[[0.7914339612663809, -0.3624254442832601, 172.6771141894445], [0.3321378758787065, -0.06662031520932442, 25.771047406778976], [0.0067342762471054455, -0.002289227994561011, 1.0]]"
c3ecd316eef21314,COph100/055-1/055_M_GA38_BW3245_PA40_DG13_PF0_D1_S01_10__055_M_GA38_BW3245_PA41_DG13_PF0_D1_S02_7,COph100/patient/055,COph100,sift_h,rectangle,ok,39,7,8870,8349,False,False,False,225.54619838429932,0.28193274798037415,True,,1.3922113999869907,"[[0.53637974167687, -0.11140843657010203, 60.77134565027025], [0.3996059327603691, 0.7790786112910767, -55.38109413514113], [-0.000291085223684629, -0.000275181269973627, 1.0]]"
c3ecd316eef21314,COph100/055-1/055_M_GA38_BW3245_PA40_DG13_PF0_D1_S01_10__055_M_GA38_BW3245_PA41_DG13_PF0_D1_S02_7,COph100/patient/055,COph100,sift_h,sample_orientation,ok,39,8,5198,3677,False,True,False,377.3139780420871,0.4716424725526089,True,,1.0722472999914316,"[[0.7914339612663809, -0.3624254442832601, 172.6771141894445], [0.3321378758787065, -0.06662031520932442, 25.771047406778976], [0.0067342762471054455, -0.002289227994561011, 1.0]]"
aca6960bc47d7753,COph100/055-1/055_M_GA38_BW3245_PA40_DG13_PF0_D1_S01_10__055_M_GA38_BW3245_PA42_DG13_PF0_D1_S03_2,COph100/patient/055,COph100,sift_h,fov,ok,37,8,4210,2135,False,True,False,400.7504663934252,0.5009380829917816,True,,0.8095944000087911,"[[0.1812684573083851, -0.1089474031375253, 54.31430971756242], [2.125775210332937, -1.2770902690422838, 636.4684075969834], [0.0033411414482391157, -0.0020067626350885534, 1.0]]"
aca6960bc47d7753,COph100/055-1/055_M_GA38_BW3245_PA40_DG13_PF0_D1_S01_10__055_M_GA38_BW3245_PA42_DG13_PF0_D1_S03_2,COph100/patient/055,COph100,sift_h,none,ok,37,8,4210,0,False,True,False,400.7504663934252,0.5009380829917816,True,True,0.8108219999994617,"[[0.1812684573083851, -0.1089474031375253, 54.31430971756242], [2.125775210332937, -1.2770902690422838, 636.4684075969834], [0.0033411414482391157, -0.0020067626350885534, 1.0]]"
aca6960bc47d7753,COph100/055-1/055_M_GA38_BW3245_PA40_DG13_PF0_D1_S01_10__055_M_GA38_BW3245_PA42_DG13_PF0_D1_S03_2,COph100/patient/055,COph100,sift_h,rectangle,ok,37,7,7185,6821,False,False,False,301.79445825401115,0.37724307281751396,True,,1.0956110999977682,"[[0.4929251515570959, 0.1060011226956694, -36.559991442646385], [0.3206026970524469, 0.3161065428409004, 238.62965702948287], [0.0011676021918422246, -0.0006537191331070425, 1.0]]"
aca6960bc47d7753,COph100/055-1/055_M_GA38_BW3245_PA40_DG13_PF0_D1_S01_10__055_M_GA38_BW3245_PA42_DG13_PF0_D1_S03_2,COph100/patient/055,COph100,sift_h,sample_orientation,ok,37,7,7185,5087,False,True,False,400.7082895207505,0.5008853619009381,True,,1.4028038999967976,"[[0.12576464594346334, -0.09678497281791927, 53.727060624208306], [1.4749069953532858, -1.1416325089313124, 634.8751544411698], [0.0023181095782284448, -0.0017971893087689798, 1.0]]"
4a5bd191bdc5d056,COph100/055-1/055_M_GA38_BW3245_PA40_DG13_PF0_D1_S01_10__055_M_GA38_BW3245_PA43_DG13_PF0_D1_S04_5,COph100/patient/055,COph100,sift_h,fov,ok,25,6,2772,1080,False,True,False,245.68205440589344,0.3071025680073668,True,,0.5157749000063632,"[[-7.171600113434823, -0.4662690374911303, 996.6549196799588], [-2.2641884668788284, -0.18464317485053405, 237.90012126435602], [-0.007338171900048741, -0.0004599416104884096, 1.0]]"
4a5bd191bdc5d056,COph100/055-1/055_M_GA38_BW3245_PA40_DG13_PF0_D1_S01_10__055_M_GA38_BW3245_PA43_DG13_PF0_D1_S04_5,COph100/patient/055,COph100,sift_h,none,ok,25,6,2772,0,False,True,False,245.68205440589344,0.3071025680073668,True,True,0.6007325999962632,"[[-7.171600113434823, -0.4662690374911303, 996.6549196799588], [-2.2641884668788284, -0.18464317485053405, 237.90012126435602], [-0.007338171900048741, -0.0004599416104884096, 1.0]]"
4a5bd191bdc5d056,COph100/055-1/055_M_GA38_BW3245_PA40_DG13_PF0_D1_S01_10__055_M_GA38_BW3245_PA43_DG13_PF0_D1_S04_5,COph100/patient/055,COph100,sift_h,rectangle,ok,25,5,5752,5456,False,False,False,484.28283147485024,0.6053535393435628,True,,0.8990372999978717,"[[-0.6733550262881769, -0.42016699113698636, 964.6673519993801], [-0.0918326439767667, 1.8583728057441893, -931.3828320128778], [-0.0002891662816636619, -0.0004981544447221565, 1.0]]"
4a5bd191bdc5d056,COph100/055-1/055_M_GA38_BW3245_PA40_DG13_PF0_D1_S01_10__055_M_GA38_BW3245_PA43_DG13_PF0_D1_S04_5,COph100/patient/055,COph100,sift_h,sample_orientation,ok,25,6,2772,2009,False,True,True,291.7816471560784,0.364727058945098,True,,0.4896251000027405,"[[-4.310679430325556, -0.3727652027990106, 949.7159297452879], [-2.85903512099337, -0.31690484035791167, 684.2071635689417], [-0.004354052697992089, -0.0004261807581317313, 1.0]]"
3e5128c3df31a86f,COph100/055-1/055_M_GA38_BW3245_PA40_DG13_PF0_D1_S01_10__055_M_GA38_BW3245_PA44_DG13_PF0_D1_S05_6,COph100/patient/055,COph100,sift_h,fov,ok,44,8,8424,3073,False,True,False,352.7181365029466,0.44089767062868324,True,,1.5320661000005202,"[[-7.5664259492454455, -3.493774867721524, 939.8237988390971], [-0.7273246060148694, -0.26894010176563915, 71.24540433956558], [-0.009369304639795208, -0.0035777010804258526, 1.0]]"
3e5128c3df31a86f,COph100/055-1/055_M_GA38_BW3245_PA40_DG13_PF0_D1_S01_10__055_M_GA38_BW3245_PA44_DG13_PF0_D1_S05_6,COph100/patient/055,COph100,sift_h,none,ok,44,8,8424,0,False,True,False,352.7181365029466,0.44089767062868324,True,True,1.6604430000006687,"[[-7.5664259492454455, -3.493774867721524, 939.8237988390971], [-0.7273246060148694, -0.26894010176563915, 71.24540433956558], [-0.009369304639795208, -0.0035777010804258526, 1.0]]"
3e5128c3df31a86f,COph100/055-1/055_M_GA38_BW3245_PA40_DG13_PF0_D1_S01_10__055_M_GA38_BW3245_PA44_DG13_PF0_D1_S05_6,COph100/patient/055,COph100,sift_h,rectangle,ok,44,7,10000,9569,False,False,False,276.4515724214067,0.34556446552675835,True,,1.6146447000064654,"[[1.087766428286753, 1.506161050016215, 1155.0659353606256], [0.3037225782210228, -1.7913560177886676, 1160.6569977073596], [0.0034610530059707104, 0.001775171404399266, 1.0]]"
3e5128c3df31a86f,COph100/055-1/055_M_GA38_BW3245_PA40_DG13_PF0_D1_S01_10__055_M_GA38_BW3245_PA44_DG13_PF0_D1_S05_6,COph100/patient/055,COph100,sift_h,sample_orientation,ok,44,8,8424,6375,False,True,False,352.7181365029466,0.44089767062868324,True,,1.5841472999891266,"[[-7.5664259492454455, -3.493774867721524, 939.8237988390971], [-0.7273246060148694, -0.26894010176563915, 71.24540433956558], [-0.009369304639795208, -0.0035777010804258526, 1.0]]"
ad9964d787e3eb1e,COph100/055-1/055_M_GA38_BW3245_PA40_DG13_PF0_D1_S01_10__055_M_GA38_BW3245_PA45_DG13_PF0_D1_S06_6,COph100/patient/055,COph100,sift_h,fov,ok,33,6,8424,3915,False,True,False,190.19512733908002,0.23774390917385002,True,,1.4926392999914242,"[[0.13092796420865538, -0.04295553557872889, 17.48034075808091], [-2.0126491735422456, -0.4952069370902249, 280.0194183332627], [-0.007162369574202046, -0.0016470858164432543, 1.0]]"
ad9964d787e3eb1e,COph100/055-1/055_M_GA38_BW3245_PA40_DG13_PF0_D1_S01_10__055_M_GA38_BW3245_PA45_DG13_PF0_D1_S06_6,COph100/patient/055,COph100,sift_h,none,ok,33,7,4545,0,False,True,True,190.45952731425433,0.2380744091428179,True,True,0.8086239999975078,"[[-0.006533182840046461, -0.050175717249936753, 25.060662391935796], [0.03641547719751578, -0.5826631394936842, 273.4206930608144], [-3.563023062654042e-05, -0.0020017582640699493, 1.0]]"
ad9964d787e3eb1e,COph100/055-1/055_M_GA38_BW3245_PA40_DG13_PF0_D1_S01_10__055_M_GA38_BW3245_PA45_DG13_PF0_D1_S06_6,COph100/patient/055,COph100,sift_h,rectangle,ok,33,6,8424,8015,False,False,False,395.008924463914,0.49376115557989253,True,,1.408046300013666,"[[33.1192645012981, -0.18263868945966524, -694.5660005903744], [7.829843918164368, 5.465164942469102, -1021.8208034881727], [0.0291288159059389, 0.003636595044114855, 1.0]]"
ad9964d787e3eb1e,COph100/055-1/055_M_GA38_BW3245_PA40_DG13_PF0_D1_S01_10__055_M_GA38_BW3245_PA45_DG13_PF0_D1_S06_6,COph100/patient/055,COph100,sift_h,sample_orientation,ok,33,6,8424,6008,False,True,False,190.03829006026393,0.23754786257532992,True,,1.7348686000041198,"[[0.12581406201908643, -0.048477562919515375, 23.160590219652196], [0.7687577288666986, -0.4748199632398978, 249.09386426023016], [0.004222728364598762, -0.0020416025042442804, 1.0]]"
bceb1cce41f2a5a5,COph100/055-1/055_M_GA38_BW3245_PA40_DG13_PF0_D1_S01_10__055_M_GA38_BW3245_PA47_DG13_PF0_D1_S07_7,COph100/patient/055,COph100,sift_h,fov,ok,46,10,4120,2158,False,True,False,235.16028666491428,0.29395035833114286,True,,0.7697158000082709,"[[7.180178944186936, -1.2684133692414397, 152.01019819590803], [39.121977652449914, -6.757873832120879, 740.6523627740538], [0.05281676470176903, -0.00912253426724164, 1.0]]"
bceb1cce41f2a5a5,COph100/055-1/055_M_GA38_BW3245_PA40_DG13_PF0_D1_S01_10__055_M_GA38_BW3245_PA47_DG13_PF0_D1_S07_7,COph100/patient/055,COph100,sift_h,none,ok,46,10,4120,0,False,True,False,235.16028666491428,0.29395035833114286,True,True,0.7957824000041,"[[7.180178944186936, -1.2684133692414397, 152.01019819590803], [39.121977652449914, -6.757873832120879, 740.6523627740538], [0.05281676470176903, -0.00912253426724164, 1.0]]"
bceb1cce41f2a5a5,COph100/055-1/055_M_GA38_BW3245_PA40_DG13_PF0_D1_S01_10__055_M_GA38_BW3245_PA47_DG13_PF0_D1_S07_7,COph100/patient/055,COph100,sift_h,rectangle,ok,46,7,10000,9381,False,False,False,217.77073323525104,0.2722134165440638,True,,1.5540616000071168,"[[-0.13691814492560458, -0.007927916756796726, 145.34998746401277], [-0.7481942445266552, 0.07319728771611365, 728.2493451772598], [-0.000921584338840259, 6.36387292536009e-05, 1.0]]"
bceb1cce41f2a5a5,COph100/055-1/055_M_GA38_BW3245_PA40_DG13_PF0_D1_S01_10__055_M_GA38_BW3245_PA47_DG13_PF0_D1_S07_7,COph100/patient/055,COph100,sift_h,sample_orientation,ok,46,10,4120,2880,False,True,False,235.12053331945668,0.29390066664932085,True,,0.8141330999933416,"[[-1.2274547264338211, 0.0010116958882980917, 133.14217890626423], [-6.688086364863061, -0.021092373169119837, 740.8901001208521], [-0.009029303303502025, -2.8315129924436382e-05, 1.0]]"
737ce1b034e571df,COph100/055-1/055_M_GA38_BW3245_PA40_DG13_PF0_D1_S01_10__055_M_GA38_BW3245_PA53_DG13_PF0_D1_S08_2,COph100/patient/055,COph100,sift_h,fov,ok,28,7,2354,1162,False,True,False,480.01992414236184,0.6000249051779523,True,,0.39116689999355003,"[[-5.64475628524149, -4.295210109878129, 990.8897848146711], [-1.0001759987045173, -0.6937149843549804, 162.0768323972862], [-0.005718050765235774, -0.004317037376428507, 1.0]]"
737ce1b034e571df,COph100/055-1/055_M_GA38_BW3245_PA40_DG13_PF0_D1_S01_10__055_M_GA38_BW3245_PA53_DG13_PF0_D1_S08_2,COph100/patient/055,COph100,sift_h,none,ok,28,7,2354,0,False,True,False,480.01992414236184,0.6000249051779523,True,True,0.44204519999038894,"[[-5.64475628524149, -4.295210109878129, 990.8897848146711], [-1.0001759987045173, -0.6937149843549804, 162.0768323972862], [-0.005718050765235774, -0.004317037376428507, 1.0]]"
737ce1b034e571df,COph100/055-1/055_M_GA38_BW3245_PA40_DG13_PF0_D1_S01_10__055_M_GA38_BW3245_PA53_DG13_PF0_D1_S08_2,COph100/patient/055,COph100,sift_h,rectangle,ok,28,7,2354,2192,False,False,False,422.2872753411551,0.5278590941764439,True,,0.3211985999951139,"[[-1.0114009878775994, 0.22556171953215523, 966.0632098015712], [-0.048510868736273006, 0.15476652580304673, 88.53199477575865], [-0.0008336031147478018, 0.000159478210060406, 1.0]]"
737ce1b034e571df,COph100/055-1/055_M_GA38_BW3245_PA40_DG13_PF0_D1_S01_10__055_M_GA38_BW3245_PA53_DG13_PF0_D1_S08_2,COph100/patient/055,COph100,sift_h,sample_orientation,ok,28,7,2354,1675,False,True,False,457.60396135000576,0.5720049516875072,True,,0.42148780000570696,"[[-1.056077725758277, 0.4759099743253483, 955.2518812417246], [-0.053439570428455936, 0.1982347449842043, 85.12992496689081], [-0.0010332246382342577, 0.0003995852211612094, 1.0]]"
4032dca03b837b09,COph100/055-1/055_M_GA38_BW3245_PA40_DG13_PF0_D1_S01_10__055_M_GA38_BW3245_PA78_DG13_PF0_D1_S09_16,COph100/patient/055,COph100,sift_h,fov,ok,34,6,9493,5159,False,False,False,379.0393814864398,0.47379922685804976,True,,1.643251199988299,"[[-0.01683491160068367, -0.004222204526138453, 33.674101601348376], [-0.20901908307042258, -0.4314130598619497, 525.9390190102775], [-9.450633821105269e-05, -0.0009845174954108357, 1.0]]"
4032dca03b837b09,COph100/055-1/055_M_GA38_BW3245_PA40_DG13_PF0_D1_S01_10__055_M_GA38_BW3245_PA78_DG13_PF0_D1_S09_16,COph100/patient/055,COph100,sift_h,none,ok,34,6,9493,0,False,True,True,419.05819148602416,0.5238227393575302,True,True,1.9619720000046073,"[[-0.04910435298801868, -0.16856415023999546, 155.04535426607583], [-0.6452726146906635, -0.164111919524923, 712.0922471765574], [-0.001166842714804734, 4.339243095863347e-05, 1.0]]"
4032dca03b837b09,COph100/055-1/055_M_GA38_BW3245_PA40_DG13_PF0_D1_S01_10__055_M_GA38_BW3245_PA78_DG13_PF0_D1_S09_16,COph100/patient/055,COph100,sift_h,rectangle,ok,34,6,9493,8958,False,False,False,379.0393814864398,0.47379922685804976,True,,1.528850999995484,"[[-0.01683491160068367, -0.004222204526138453, 33.674101601348376], [-0.20901908307042258, -0.4314130598619497, 525.9390190102775], [-9.450633821105269e-05, -0.0009845174954108357, 1.0]]"
4032dca03b837b09,COph100/055-1/055_M_GA38_BW3245_PA40_DG13_PF0_D1_S01_10__055_M_GA38_BW3245_PA78_DG13_PF0_D1_S09_16,COph100/patient/055,COph100,sift_h,sample_orientation,ok,34,6,9493,6893,False,False,False,379.0393814864398,0.47379922685804976,True,,1.8224300999863772,"[[-0.01683491160068367, -0.004222204526138453, 33.674101601348376], [-0.20901908307042258, -0.4314130598619497, 525.9390190102775], [-9.450633821105269e-05, -0.0009845174954108357, 1.0]]"
32be50f809ad205a,COph100/055-1/055_M_GA38_BW3245_PA41_DG13_PF0_D1_S02_7__055_M_GA38_BW3245_PA42_DG13_PF0_D1_S03_2,COph100/patient/055,COph100,sift_h,fov,ok,35,8,3370,1579,False,True,False,243.2712548827365,0.30408906860342066,True,,0.6412734000041382,"[[-16.35915323268042, -0.1419130182800555, 892.4439896045168], [-9.22515189448923, -4.056319170971815, 783.1808256436075], [-0.014215573795663754, -0.005172492537127216, 1.0]]"
32be50f809ad205a,COph100/055-1/055_M_GA38_BW3245_PA41_DG13_PF0_D1_S02_7__055_M_GA38_BW3245_PA42_DG13_PF0_D1_S03_2,COph100/patient/055,COph100,sift_h,none,ok,35,8,3370,0,False,True,False,243.2712548827365,0.30408906860342066,True,True,0.7018398999935016,"[[-16.35915323268042, -0.1419130182800555, 892.4439896045168], [-9.22515189448923, -4.056319170971815, 783.1808256436075], [-0.014215573795663754, -0.005172492537127216, 1.0]]"
32be50f809ad205a,COph100/055-1/055_M_GA38_BW3245_PA41_DG13_PF0_D1_S02_7__055_M_GA38_BW3245_PA42_DG13_PF0_D1_S03_2,COph100/patient/055,COph100,sift_h,rectangle,ok,35,7,7079,6501,False,False,False,190.31554527261662,0.23789443159077078,True,,1.1110327000060352,"[[0.34179360785682583, 0.2611631349699532, -25.90123491952982], [-0.5518103911409625, 0.6846192781247156, 496.97657592824345], [-0.0007416468250907722, 0.0004088828313529025, 1.0]]"
32be50f809ad205a,COph100/055-1/055_M_GA38_BW3245_PA41_DG13_PF0_D1_S02_7__055_M_GA38_BW3245_PA42_DG13_PF0_D1_S03_2,COph100/patient/055,COph100,sift_h,sample_orientation,ok,35,8,3370,2310,False,True,False,243.2712548827365,0.30408906860342066,True,,0.6647833000024548,"[[-16.35915323268042, -0.1419130182800555, 892.4439896045168], [-9.22515189448923, -4.056319170971815, 783.1808256436075], [-0.014215573795663754, -0.005172492537127216, 1.0]]"
2381c5c3a16fb874,COph100/055-1/055_M_GA38_BW3245_PA41_DG13_PF0_D1_S02_7__055_M_GA38_BW3245_PA43_DG13_PF0_D1_S04_5,COph100/patient/055,COph100,sift_h,fov,ok,31,6,6559,3429,False,True,False,259.88771854762444,0.32485964818453056,True,,1.1417390999995405,"[[-0.8037692300239522, -0.3810451111167817, 1004.5788076314848], [-0.4362418105053403, -0.2035469286912005, 543.7560547423017], [-0.0007981150699459161, -0.00037999692220193473, 1.0]]"
2381c5c3a16fb874,COph100/055-1/055_M_GA38_BW3245_PA41_DG13_PF0_D1_S02_7__055_M_GA38_BW3245_PA43_DG13_PF0_D1_S04_5,COph100/patient/055,COph100,sift_h,none,ok,31,6,6559,0,False,True,True,396.60255569603123,0.49575319462003903,True,True,1.3220973999996204,"[[-1.597465841145542, 1.813421982162035, 116.10832284878948], [-0.8117807451050475, 0.7695999024140463, 64.79339352709088], [-0.014068256742611097, 0.01604291908154507, 1.0]]"
2381c5c3a16fb874,COph100/055-1/055_M_GA38_BW3245_PA41_DG13_PF0_D1_S02_7__055_M_GA38_BW3245_PA43_DG13_PF0_D1_S04_5,COph100/patient/055,COph100,sift_h,rectangle,ok,31,5,10000,9453,False,False,False,184.36663871272933,0.23045829839091167,True,,1.5485496000037529,"[[-0.9155426313965054, -0.21457934297714856, 1021.3980355761523], [-0.4442786942382438, 0.24528884715125632, 424.21186475922997], [-0.0006511002639603173, -0.00018197881030301144, 1.0]]"
2381c5c3a16fb874,COph100/055-1/055_M_GA38_BW3245_PA41_DG13_PF0_D1_S02_7__055_M_GA38_BW3245_PA43_DG13_PF0_D1_S04_5,COph100/patient/055,COph100,sift_h,sample_orientation,ok,31,6,6559,4746,False,True,False,259.88771854762444,0.32485964818453056,True,,1.2770680999965407,"[[-0.8037692300239522, -0.3810451111167817, 1004.5788076314848], [-0.4362418105053403, -0.2035469286912005, 543.7560547423017], [-0.0007981150699459161, -0.00037999692220193473, 1.0]]"
9682ae65cd8d3515,COph100/055-1/055_M_GA38_BW3245_PA41_DG13_PF0_D1_S02_7__055_M_GA38_BW3245_PA44_DG13_PF0_D1_S05_6,COph100/patient/055,COph100,sift_h,fov,ok,40,9,3590,1947,False,False,False,230.96417782191475,0.2887052222773934,True,,0.5577220000122907,"[[-1.0322128090400309, 0.008173510116488286, 1057.1412142292884], [-0.08672996216635148, -1.29631272046047, 828.6480357358184], [3.908189561929914e-05, 0.0001543806107052398, 1.0]]"
9682ae65cd8d3515,COph100/055-1/055_M_GA38_BW3245_PA41_DG13_PF0_D1_S02_7__055_M_GA38_BW3245_PA44_DG13_PF0_D1_S05_6,COph100/patient/055,COph100,sift_h,none,ok,40,9,3590,0,False,True,True,2920.6202161074516,3.6507752701343144,True,True,0.6520843000034802,"[[-0.8863935007330337, -0.27510652031616073, 950.930933772179], [0.6642597042174426, -3.4295422890776326, 326.03440695712646], [0.0003344188002413275, -0.0030882502859565465, 1.0]]"
9682ae65cd8d3515,COph100/055-1/055_M_GA38_BW3245_PA41_DG13_PF0_D1_S02_7__055_M_GA38_BW3245_PA44_DG13_PF0_D1_S05_6,COph100/patient/055,COph100,sift_h,rectangle,ok,40,9,3590,3382,False,False,False,230.96417782191475,0.2887052222773934,True,,0.5095195000030799,"[[-1.0322128090400309, 0.008173510116488286, 1057.1412142292884], [-0.08672996216635148, -1.29631272046047, 828.6480357358184], [3.908189561929914e-05, 0.0001543806107052398, 1.0]]"
9682ae65cd8d3515,COph100/055-1/055_M_GA38_BW3245_PA41_DG13_PF0_D1_S02_7__055_M_GA38_BW3245_PA44_DG13_PF0_D1_S05_6,COph100/patient/055,COph100,sift_h,sample_orientation,ok,40,9,3590,2569,False,True,True,2920.6202161074516,3.6507752701343144,True,,0.7023336999991443,"[[-0.8863935007330337, -0.27510652031616073, 950.930933772179], [0.6642597042174426, -3.4295422890776326, 326.03440695712646], [0.0003344188002413275, -0.0030882502859565465, 1.0]]"
46288d81c8b3e35c,COph100/055-1/055_M_GA38_BW3245_PA41_DG13_PF0_D1_S02_7__055_M_GA38_BW3245_PA45_DG13_PF0_D1_S06_6,COph100/patient/055,COph100,sift_h,fov,ok,29,5,10000,5295,False,True,False,197.303604101469,0.24662950512683626,True,,1.8187886999949114,"[[0.9885553633300302, -0.1861553024025745, 46.80953332288338], [18.234424674223888, -2.630885866358106, 487.01639097927125], [0.032544737781495435, -0.004942657268717525, 1.0]]"
46288d81c8b3e35c,COph100/055-1/055_M_GA38_BW3245_PA41_DG13_PF0_D1_S02_7__055_M_GA38_BW3245_PA45_DG13_PF0_D1_S06_6,COph100/patient/055,COph100,sift_h,none,ok,29,5,10000,0,False,True,False,197.303604101469,0.24662950512683626,True,True,1.9099332000041613,"[[0.9885553633300302, -0.1861553024025745, 46.80953332288338], [18.234424674223888, -2.630885866358106, 487.01639097927125], [0.032544737781495435, -0.004942657268717525, 1.0]]"
46288d81c8b3e35c,COph100/055-1/055_M_GA38_BW3245_PA41_DG13_PF0_D1_S02_7__055_M_GA38_BW3245_PA45_DG13_PF0_D1_S06_6,COph100/patient/055,COph100,sift_h,rectangle,ok,29,5,10000,9578,False,False,False,241.89708381590418,0.30237135476988025,True,,1.6257402999908663,"[[0.9390091776220526, 0.38018758402119807, 11.676678837059344], [-0.7920057439023387, 0.37988874516279675, 800.7128282555732], [-9.13124552459044e-05, 0.0007358539440755343, 1.0]]"
46288d81c8b3e35c,COph100/055-1/055_M_GA38_BW3245_PA41_DG13_PF0_D1_S02_7__055_M_GA38_BW3245_PA45_DG13_PF0_D1_S06_6,COph100/patient/055,COph100,sift_h,sample_orientation,ok,29,5,10000,7408,False,False,False,241.89708381590418,0.30237135476988025,True,,1.8387154000083683,"[[0.9390091776220526, 0.38018758402119807, 11.676678837059344], [-0.7920057439023387, 0.37988874516279675, 800.7128282555732], [-9.13124552459044e-05, 0.0007358539440755343, 1.0]]"
7db123da8df7cfdc,COph100/055-1/055_M_GA38_BW3245_PA41_DG13_PF0_D1_S02_7__055_M_GA38_BW3245_PA47_DG13_PF0_D1_S07_7,COph100/patient/055,COph100,sift_h,fov,ok,39,8,5198,2600,False,True,False,208.67041268146983,0.2608380158518373,True,,0.935492400007206,"[[-0.024166911367098802, -0.006351251576383249, 26.82634126182524], [-0.18695912909663584, -0.0510418883518915, 208.4586754109984], [-0.0008956242288135517, -0.00024288932148606166, 1.0]]"
7db123da8df7cfdc,COph100/055-1/055_M_GA38_BW3245_PA41_DG13_PF0_D1_S02_7__055_M_GA38_BW3245_PA47_DG13_PF0_D1_S07_7,COph100/patient/055,COph100,sift_h,none,ok,39,8,5198,0,False,True,False,208.67041268146983,0.2608380158518373,True,True,1.0972689999907743,"[[-0.024166911367098802, -0.006351251576383249, 26.82634126182524], [-0.18695912909663584, -0.0510418883518915, 208.4586754109984], [-0.0008956242288135517, -0.00024288932148606166, 1.0]]"
7db123da8df7cfdc,COph100/055-1/055_M_GA38_BW3245_PA41_DG13_PF0_D1_S02_7__055_M_GA38_BW3245_PA47_DG13_PF0_D1_S07_7,COph100/patient/055,COph100,sift_h,rectangle,ok,39,6,10000,9422,False,False,False,155.4974150151977,0.19437176876899712,True,,1.596780400010175,"[[0.30753951639688765, -0.8982697414641747, 288.57303972556684], [0.8172044635014702, 4.871340892335498, -470.39839038372304], [-0.0007036186452460201, 0.00989685583094423, 1.0]]"
7db123da8df7cfdc,COph100/055-1/055_M_GA38_BW3245_PA41_DG13_PF0_D1_S02_7__055_M_GA38_BW3245_PA47_DG13_PF0_D1_S07_7,COph100/patient/055,COph100,sift_h,sample_orientation,ok,39,7,8870,6406,False,True,False,187.3546642484423,0.2341933303105529,True,,1.7602887999964878,"[[-0.09794902408825777, -0.13135634491313125, 17.83489901628421], [-2.3484645964741566, -1.024330543109431, 272.7570489424131], [-0.0074216261036435995, -0.004926470256765034, 1.0]]"
dce91636a2782aee,COph100/055-1/055_M_GA38_BW3245_PA41_DG13_PF0_D1_S02_7__055_M_GA38_BW3245_PA78_DG13_PF0_D1_S09_16,COph100/patient/055,COph100,sift_h,fov,ok,38,7,9782,4751,False,True,False,346.53870754887157,0.43317338443608944,True,,1.7943719000031706,"[[-1.1118437065927391, 0.1830721957378258, 51.5385626718236], [-4.406891884214692, 0.7253760819210546, 204.40245695846485], [-0.021549967426576423, 0.003546390892872622, 1.0]]"
dce91636a2782aee,COph100/055-1/055_M_GA38_BW3245_PA41_DG13_PF0_D1_S02_7__055_M_GA38_BW3245_PA78_DG13_PF0_D1_S09_16,COph100/patient/055,COph100,sift_h,none,ok,38,7,9782,0,False,True,False,346.53870754887157,0.43317338443608944,True,True,1.9218090000067605,"[[-1.1118437065927391, 0.1830721957378258, 51.5385626718236], [-4.406891884214692, 0.7253760819210546, 204.40245695846485], [-0.021549967426576423, 0.003546390892872622, 1.0]]"
dce91636a2782aee,COph100/055-1/055_M_GA38_BW3245_PA41_DG13_PF0_D1_S02_7__055_M_GA38_BW3245_PA78_DG13_PF0_D1_S09_16,COph100/patient/055,COph100,sift_h,rectangle,ok,38,5,10000,9617,False,False,False,112.57515352338946,0.14071894190423684,True,,1.5857685999944806,"[[1.009527782428133, 0.15942613779692433, -42.23684809178245], [-0.1067100646121327, 1.1158477297995255, 74.55301533614838], [-3.324896772577963e-05, 0.0001590705115727363, 1.0]]"
dce91636a2782aee,COph100/055-1/055_M_GA38_BW3245_PA41_DG13_PF0_D1_S02_7__055_M_GA38_BW3245_PA78_DG13_PF0_D1_S09_16,COph100/patient/055,COph100,sift_h,sample_orientation,invalid_transform,38,6,10000,7573,False,,,,,True,,1.9784054000047036,
eff295226571f54c,COph100/055-1/055_M_GA38_BW3245_PA42_DG13_PF0_D1_S03_2__055_M_GA38_BW3245_PA43_DG13_PF0_D1_S04_5,COph100/patient/055,COph100,sift_h,fov,ok,32,5,10000,5090,False,False,False,444.2629083528362,0.5553286354410453,True,,1.7846468000061577,"[[-1.798758485162586, 2.990590483956094, -130.27032155240153], [-0.03784194429478981, -1.3298755786714058, 1037.5615930951958], [0.0015004730309819043, 0.0009644498150470177, 1.0]]"
eff295226571f54c,COph100/055-1/055_M_GA38_BW3245_PA42_DG13_PF0_D1_S03_2__055_M_GA38_BW3245_PA43_DG13_PF0_D1_S04_5,COph100/patient/055,COph100,sift_h,none,ok,32,5,10000,0,False,True,True,434.08948583834683,0.5426118572979335,True,True,1.964768699996057,"[[-0.008329313549106057, 0.11847888599354842, -34.347115753628145], [0.009234591928928679, -0.249415965203327, 177.38690296951884], [0.0010330938208269048, -0.002201551912470582, 1.0]]"
eff295226571f54c,COph100/055-1/055_M_GA38_BW3245_PA42_DG13_PF0_D1_S03_2__055_M_GA38_BW3245_PA43_DG13_PF0_D1_S04_5,COph100/patient/055,COph100,sift_h,rectangle,ok,32,5,10000,9463,False,False,False,444.2629083528362,0.5553286354410453,True,,1.6083895999909146,"[[-1.798758485162586, 2.990590483956094, -130.27032155240153], [-0.03784194429478981, -1.3298755786714058, 1037.5615930951958], [0.0015004730309819043, 0.0009644498150470177, 1.0]]"
eff295226571f54c,COph100/055-1/055_M_GA38_BW3245_PA42_DG13_PF0_D1_S03_2__055_M_GA38_BW3245_PA43_DG13_PF0_D1_S04_5,COph100/patient/055,COph100,sift_h,sample_orientation,ok,32,5,10000,7156,False,True,True,434.08948583834683,0.5426118572979335,True,,2.050141800005804,"[[-0.008329313549106057, 0.11847888599354842, -34.347115753628145], [0.009234591928928679, -0.249415965203327, 177.38690296951884], [0.0010330938208269048, -0.002201551912470582, 1.0]]"
358c5aaf0f4f9c8f,COph100/055-1/055_M_GA38_BW3245_PA42_DG13_PF0_D1_S03_2__055_M_GA38_BW3245_PA45_DG13_PF0_D1_S06_6,COph100/patient/055,COph100,sift_h,fov,ok,36,6,10000,5765,False,True,False,200.15372619537175,0.25019215774421466,True,,1.7021812000020873,"[[-0.04737410194174419, 0.005000498840798031, 43.22754829435814], [-0.6364352236253281, 0.07417443031147306, 578.6393267818664], [-0.001099674165469605, 0.00013030287465294014, 1.0]]"
358c5aaf0f4f9c8f,COph100/055-1/055_M_GA38_BW3245_PA42_DG13_PF0_D1_S03_2__055_M_GA38_BW3245_PA45_DG13_PF0_D1_S06_6,COph100/patient/055,COph100,sift_h,none,ok,36,6,10000,0,False,True,False,200.15372619537175,0.25019215774421466,True,True,2.0416552999959094,"[[-0.04737410194174419, 0.005000498840798031, 43.22754829435814], [-0.6364352236253281, 0.07417443031147306, 578.6393267818664], [-0.001099674165469605, 0.00013030287465294014, 1.0]]"
358c5aaf0f4f9c8f,COph100/055-1/055_M_GA38_BW3245_PA42_DG13_PF0_D1_S03_2__055_M_GA38_BW3245_PA45_DG13_PF0_D1_S06_6,COph100/patient/055,COph100,sift_h,rectangle,ok,36,5,10000,9547,False,False,False,175.2639696866035,0.21907996210825437,True,,1.5621285000088392,"[[-1.2094612210916633, -0.6516891930190095, 1778.024210108523], [3.9403139385355046, -1.688092765891425, 721.8472041381102], [0.00613175455723798, -0.0005593470274276523, 1.0]]"
358c5aaf0f4f9c8f,COph100/055-1/055_M_GA38_BW3245_PA42_DG13_PF0_D1_S03_2__055_M_GA38_BW3245_PA45_DG13_PF0_D1_S06_6,COph100/patient/055,COph100,sift_h,sample_orientation,ok,36,6,10000,7507,False,True,False,200.15372619537175,0.25019215774421466,True,,1.9957152999995742,"[[-0.04737410194174419, 0.005000498840798031, 43.22754829435814], [-0.6364352236253281, 0.07417443031147306, 578.6393267818664], [-0.001099674165469605, 0.00013030287465294014, 1.0]]"
7f8bb0b1332a2cf9,COph100/055-1/055_M_GA38_BW3245_PA42_DG13_PF0_D1_S03_2__055_M_GA38_BW3245_PA53_DG13_PF0_D1_S08_2,COph100/patient/055,COph100,sift_h,fov,ok,20,6,1133,597,False,True,False,430.7015042996712,0.5383768803745891,True,,0.2163587999966694,"[[-12.952545495295718, 0.4589040597753216, 1196.1171571873772], [-7.774076310857326, 0.9308158741208203, 421.9741578009143], [-0.013237280328245539, 0.0011131191197397122, 1.0]]"
7f8bb0b1332a2cf9,COph100/055-1/055_M_GA38_BW3245_PA42_DG13_PF0_D1_S03_2__055_M_GA38_BW3245_PA53_DG13_PF0_D1_S08_2,COph100/patient/055,COph100,sift_h,none,ok,20,6,1133,0,False,True,False,430.7015042996712,0.5383768803745891,True,True,0.19700810000358615,"[[-12.952545495295718, 0.4589040597753216, 1196.1171571873772], [-7.774076310857326, 0.9308158741208203, 421.9741578009143], [-0.013237280328245539, 0.0011131191197397122, 1.0]]"
7f8bb0b1332a2cf9,COph100/055-1/055_M_GA38_BW3245_PA42_DG13_PF0_D1_S03_2__055_M_GA38_BW3245_PA53_DG13_PF0_D1_S08_2,COph100/patient/055,COph100,sift_h,rectangle,ok,20,5,2354,2166,False,False,False,117.71799361622496,0.1471474920202812,True,,0.42018350001308136,"[[0.2166150020483768, 0.1386604746955338, 18.790610937133767], [-0.4942612607565359, 0.2030886978143117, 594.16464589686], [-0.0007031623885789083, 4.690649816995205e-05, 1.0]]"
7f8bb0b1332a2cf9,COph100/055-1/055_M_GA38_BW3245_PA42_DG13_PF0_D1_S03_2__055_M_GA38_BW3245_PA53_DG13_PF0_D1_S08_2,COph100/patient/055,COph100,sift_h,sample_orientation,ok,20,5,2354,1698,False,False,False,117.71799361622496,0.1471474920202812,True,,0.451553499995498,"[[0.2166150020483768, 0.1386604746955338, 18.790610937133767], [-0.4942612607565359, 0.2030886978143117, 594.16464589686], [-0.0007031623885789083, 4.690649816995205e-05, 1.0]]"
f0d7e32ba7846351,COph100/055-1/055_M_GA38_BW3245_PA43_DG13_PF0_D1_S04_5__055_M_GA38_BW3245_PA45_DG13_PF0_D1_S06_6,COph100/patient/055,COph100,sift_h,fov,ok,36,7,6439,3236,False,True,False,249.71649518190097,0.3121456189773762,True,,1.2234519999910844,"[[-0.767815048645624, 0.010641504999067955, 14.948934874730515], [-4.195002431922825, -0.6418099763381364, 465.45911925820093], [-0.005924563758145546, -0.0015256983753249422, 1.0]]"
f0d7e32ba7846351,COph100/055-1/055_M_GA38_BW3245_PA43_DG13_PF0_D1_S04_5__055_M_GA38_BW3245_PA45_DG13_PF0_D1_S06_6,COph100/patient/055,COph100,sift_h,none,ok,36,8,3773,0,False,True,True,488.5501502543126,0.6106876878178907,True,True,0.8119199000066146,"[[-2.5852620048585346, -1.0864105702431233, 971.7172490989541], [-0.19670947751950177, -0.14568946456253642, 112.42512830766488], [-0.0027264141048313354, -0.0011153645520548322, 1.0]]"
f0d7e32ba7846351,COph100/055-1/055_M_GA38_BW3245_PA43_DG13_PF0_D1_S04_5__055_M_GA38_BW3245_PA45_DG13_PF0_D1_S06_6,COph100/patient/055,COph100,sift_h,rectangle,ok,36,7,6439,5909,False,False,False,492.59403041721316,0.6157425380215165,True,,0.9846103999880143,"[[4.37863651207985, 21.150162377832572, 1074.0123569542893], [0.14536916244490597, 1.6801617618115403, 226.4909387688284], [0.005034762003225401, 0.021950883991823825, 1.0]]"
f0d7e32ba7846351,COph100/055-1/055_M_GA38_BW3245_PA43_DG13_PF0_D1_S04_5__055_M_GA38_BW3245_PA45_DG13_PF0_D1_S06_6,COph100/patient/055,COph100,sift_h,sample_orientation,ok,36,7,6439,4543,False,False,False,492.59403041721316,0.6157425380215165,True,,1.2095937999984017,"[[4.37863651207985, 21.150162377832572, 1074.0123569542893], [0.14536916244490597, 1.6801617618115403, 226.4909387688284], [0.005034762003225401, 0.021950883991823825, 1.0]]"
edaae844a0ca8663,COph100/055-1/055_M_GA38_BW3245_PA43_DG13_PF0_D1_S04_5__055_M_GA38_BW3245_PA47_DG13_PF0_D1_S07_7,COph100/patient/055,COph100,sift_h,fov,ok,41,9,3963,2153,False,True,False,235.18805794694268,0.29398507243367833,True,,0.6747202000115067,"[[-1.749496444113793, -0.17009850245151684, 136.39658856977167], [-9.53793843864981, -0.9268146053940308, 741.260085362739], [-0.012875253817043887, -0.001252942544554314, 1.0]]"
edaae844a0ca8663,COph100/055-1/055_M_GA38_BW3245_PA43_DG13_PF0_D1_S04_5__055_M_GA38_BW3245_PA47_DG13_PF0_D1_S07_7,COph100/patient/055,COph100,sift_h,none,ok,41,9,3963,0,False,True,False,235.18805794694268,0.29398507243367833,True,True,0.7361237000004621,"[[-1.749496444113793, -0.17009850245151684, 136.39658856977167], [-9.53793843864981, -0.9268146053940308, 741.260085362739], [-0.012875253817043887, -0.001252942544554314, 1.0]]"
edaae844a0ca8663,COph100/055-1/055_M_GA38_BW3245_PA43_DG13_PF0_D1_S04_5__055_M_GA38_BW3245_PA47_DG13_PF0_D1_S07_7,COph100/patient/055,COph100,sift_h,rectangle,ok,41,8,6350,5891,False,False,False,213.29712277420694,0.2666214034677587,True,,1.0771467999875313,"[[5.712499099781389, 0.17599970071520063, -57.31507454547676], [25.66787139406183, 11.300158306843171, -1839.6930781275623], [0.031186540940149013, 0.015050254006298254, 1.0]]"
edaae844a0ca8663,COph100/055-1/055_M_GA38_BW3245_PA43_DG13_PF0_D1_S04_5__055_M_GA38_BW3245_PA47_DG13_PF0_D1_S07_7,COph100/patient/055,COph100,sift_h,sample_orientation,ok,41,9,3963,2862,False,True,False,235.18805794694268,0.29398507243367833,True,,0.7508421999955317,"[[-1.749496444113793, -0.17009850245151684, 136.39658856977167], [-9.53793843864981, -0.9268146053940308, 741.260085362739], [-0.012875253817043887, -0.001252942544554314, 1.0]]"
ba54527a27dc714f,COph100/055-1/055_M_GA38_BW3245_PA43_DG13_PF0_D1_S04_5__055_M_GA38_BW3245_PA78_DG13_PF0_D1_S09_16,COph100/patient/055,COph100,sift_h,fov,ok,37,8,4210,1978,False,True,False,395.7821007655258,0.4947276259569072,True,,0.7864909000054467,"[[-0.19728362269749888, -0.07981594570699586, 27.102878450959288], [-3.6498770639888445, -1.5241193676987337, 514.4014728725504], [-0.007065596511878709, -0.0029658827048531762, 1.0]]"
ba54527a27dc714f,COph100/055-1/055_M_GA38_BW3245_PA43_DG13_PF0_D1_S04_5__055_M_GA38_BW3245_PA78_DG13_PF0_D1_S09_16,COph100/patient/055,COph100,sift_h,none,ok,37,8,4210,0,False,True,True,417.3540281762589,0.5216925352203237,True,True,0.8184311000077287,"[[0.03898393236464623, -0.08865209632766786, 26.757662488641788], [0.6392122281296351, -1.6924520583759923, 513.4217113543398], [0.0012111095754270172, -0.0032934902422528368, 1.0]]"
ba54527a27dc714f,COph100/055-1/055_M_GA38_BW3245_PA43_DG13_PF0_D1_S04_5__055_M_GA38_BW3245_PA78_DG13_PF0_D1_S09_16,COph100/patient/055,COph100,sift_h,rectangle,ok,37,7,7185,6645,False,False,False,247.08290078131887,0.30885362597664856,True,,1.1756743000005372,"[[0.18683764261517838, 0.021511069648364987, 24.773171024522156], [-0.5970580880061128, -0.1376544749433334, 611.6969496929873], [-0.0008514184330919133, 0.00025829058343357337, 1.0]]"
ba54527a27dc714f,COph100/055-1/055_M_GA38_BW3245_PA43_DG13_PF0_D1_S04_5__055_M_GA38_BW3245_PA78_DG13_PF0_D1_S09_16,COph100/patient/055,COph100,sift_h,sample_orientation,ok,37,8,4210,2951,False,True,True,396.0576528652337,0.49507206608154214,True,,0.846265800006222,"[[-0.05758897628138118, -0.035597687708811596, 36.04156683441851], [-1.803467424449908, -0.35015961064244655, 542.727206383956], [-0.0036622332132177997, -0.0005663074328913679, 1.0]]"
15996807f38cfdc2,COph100/055-1/055_M_GA38_BW3245_PA44_DG13_PF0_D1_S05_6__055_M_GA38_BW3245_PA45_DG13_PF0_D1_S06_6,COph100/patient/055,COph100,sift_h,fov,ok,40,10,2354,1239,False,True,False,261.47658889360076,0.32684573611700096,True,,0.4089438999944832,"[[0.13165205859302045, -0.06379810289930045, 8.206195974989354], [-0.2754187084278992, -0.46316232045982425, 71.20372933837598], [-0.0063725320676148445, -0.004215027465016697, 1.0]]"
15996807f38cfdc2,COph100/055-1/055_M_GA38_BW3245_PA44_DG13_PF0_D1_S05_6__055_M_GA38_BW3245_PA45_DG13_PF0_D1_S06_6,COph100/patient/055,COph100,sift_h,none,ok,40,10,2354,0,False,True,True,1190.0089024104072,1.487511128013009,True,True,0.4676477999892086,"[[-0.15012473094883924, -0.3192667380952608, 96.43708595474524], [0.023891754597558042, -0.44185742898460373, 92.41953803207369], [0.0008586279630847487, -0.003866260855548426, 1.0]]"
15996807f38cfdc2,COph100/055-1/055_M_GA38_BW3245_PA44_DG13_PF0_D1_S05_6__055_M_GA38_BW3245_PA45_DG13_PF0_D1_S06_6,COph100/patient/055,COph100,sift_h,rectangle,ok,40,10,2354,1969,False,False,False,153.169935955768,0.19146241994471003,True,,0.38328930000716355,"[[1.7942388523976884, 0.39977211703546495, -80.06355731381791], [0.3877351971937527, 1.2857801746954476, -39.400658501602955], [-0.000522325558566215, 0.0026878337893996187, 1.0]]"
15996807f38cfdc2,COph100/055-1/055_M_GA38_BW3245_PA44_DG13_PF0_D1_S05_6__055_M_GA38_BW3245_PA45_DG13_PF0_D1_S06_6,COph100/patient/055,COph100,sift_h,sample_orientation,ok,40,10,2354,1483,False,False,False,153.169935955768,0.19146241994471003,True,,0.49875720001000445,"[[1.7942388523976884, 0.39977211703546495, -80.06355731381791], [0.3877351971937527, 1.2857801746954476, -39.400658501602955], [-0.000522325558566215, 0.0026878337893996187, 1.0]]"
c0a6ec31337fd9af,COph100/055-1/055_M_GA38_BW3245_PA44_DG13_PF0_D1_S05_6__055_M_GA38_BW3245_PA47_DG13_PF0_D1_S07_7,COph100/patient/055,COph100,sift_h,fov,ok,40,9,3590,1945,False,True,False,235.2044336893893,0.29400554211173663,True,,0.6333629000000656,"[[-1.0534923765483108, -0.13227590523062227, 135.8871933054731], [-5.744471229438105, -0.721369774772389, 740.7342801276807], [-0.007755392631179937, -0.0009739951550775285, 1.0]]"
c0a6ec31337fd9af,COph100/055-1/055_M_GA38_BW3245_PA44_DG13_PF0_D1_S05_6__055_M_GA38_BW3245_PA47_DG13_PF0_D1_S07_7,COph100/patient/055,COph100,sift_h,none,ok,40,9,3590,0,False,True,False,235.2044336893893,0.29400554211173663,True,True,0.6180173000029754,"[[-1.0534923765483108, -0.13227590523062227, 135.8871933054731], [-5.744471229438105, -0.721369774772389, 740.7342801276807], [-0.007755392631179937, -0.0009739951550775285, 1.0]]"
c0a6ec31337fd9af,COph100/055-1/055_M_GA38_BW3245_PA44_DG13_PF0_D1_S05_6__055_M_GA38_BW3245_PA47_DG13_PF0_D1_S07_7,COph100/patient/055,COph100,sift_h,rectangle,ok,40,7,9816,9266,False,False,False,289.62025865296386,0.3620253233162048,True,,1.537107800002559,"[[-0.8480308142080986, -0.1819010484678452, 987.1950571742556], [0.10891421781825303, -1.197537990880147, 836.1260069241475], [0.0001735250292859636, -0.0002883039359701074, 1.0]]"
c0a6ec31337fd9af,COph100/055-1/055_M_GA38_BW3245_PA44_DG13_PF0_D1_S05_6__055_M_GA38_BW3245_PA47_DG13_PF0_D1_S07_7,COph100/patient/055,COph100,sift_h,sample_orientation,ok,40,9,3590,2579,False,True,False,235.2044336893893,0.29400554211173663,True,,0.6424446000019088,"[[-1.0534923765483108, -0.13227590523062227, 135.8871933054731], [-5.744471229438105, -0.721369774772389, 740.7342801276807], [-0.007755392631179937, -0.0009739951550775285, 1.0]]"
dc820436346ff359,COph100/055-1/055_M_GA38_BW3245_PA44_DG13_PF0_D1_S05_6__055_M_GA38_BW3245_PA53_DG13_PF0_D1_S08_2,COph100/patient/055,COph100,sift_h,fov,ok,40,7,9816,5950,False,True,False,192.02401110419038,0.24003001388023798,True,,1.675535199989099,"[[10.37671090976988, -9.08017139462993, 1492.5802240072085], [102.68321251456895, -9.357294497792559, -863.8938893572608], [0.20951238952948495, -0.03198047418857549, 1.0]]"
dc820436346ff359,COph100/055-1/055_M_GA38_BW3245_PA44_DG13_PF0_D1_S05_6__055_M_GA38_BW3245_PA53_DG13_PF0_D1_S08_2,COph100/patient/055,COph100,sift_h,none,ok,40,7,9816,0,False,True,True,522.5318359559526,0.6531647949449407,True,True,1.913558300002478,"[[3.691652952223737, -6.31355461036798, 1124.0818273796717], [2.0947122295242044, -3.5223146644289516, 624.0059685396578], [0.003407877176870284, -0.005694933611666657, 1.0]]"
dc820436346ff359,COph100/055-1/055_M_GA38_BW3245_PA44_DG13_PF0_D1_S05_6__055_M_GA38_BW3245_PA53_DG13_PF0_D1_S08_2,COph100/patient/055,COph100,sift_h,rectangle,ok,40,7,9816,9289,False,False,False,79.00255610653565,0.09875319513316956,True,,1.5409652999951504,"[[0.9623888714319164, -0.01729295110027637, 4.607910522546196], [0.023018968858682265, 1.0216012716912126, -3.0766120692926484], [-4.075516796222289e-05, 5.263022405936594e-05, 1.0]]"
dc820436346ff359,COph100/055-1/055_M_GA38_BW3245_PA44_DG13_PF0_D1_S05_6__055_M_GA38_BW3245_PA53_DG13_PF0_D1_S08_2,COph100/patient/055,COph100,sift_h,sample_orientation,ok,40,7,9816,7300,False,False,False,79.00255610653565,0.09875319513316956,True,,1.9433161999913864,"[[0.9623888714319164, -0.01729295110027637, 4.607910522546196], [0.023018968858682265, 1.0216012716912126, -3.0766120692926484], [-4.075516796222289e-05, 5.263022405936594e-05, 1.0]]"
dc7840acd4a8f12e,COph100/055-1/055_M_GA38_BW3245_PA44_DG13_PF0_D1_S05_6__055_M_GA38_BW3245_PA78_DG13_PF0_D1_S09_16,COph100/patient/055,COph100,sift_h,fov,ok,37,6,10000,5450,False,True,False,133.78514736554257,0.1672314342069282,True,,1.81372000000556,"[[-5.767762523248773, -2.3229111530299, 609.9421451420066], [-3.451885950686969, -0.7833163567816018, 331.34706084335255], [-0.009178509387033842, -0.003015317603989368, 1.0]]"
dc7840acd4a8f12e,COph100/055-1/055_M_GA38_BW3245_PA44_DG13_PF0_D1_S05_6__055_M_GA38_BW3245_PA78_DG13_PF0_D1_S09_16,COph100/patient/055,COph100,sift_h,none,ok,37,6,10000,0,False,True,False,133.78514736554257,0.1672314342069282,True,True,1.9120395000063581,"[[-5.767762523248773, -2.3229111530299, 609.9421451420066], [-3.451885950686969, -0.7833163567816018, 331.34706084335255], [-0.009178509387033842, -0.003015317603989368, 1.0]]"
dc7840acd4a8f12e,COph100/055-1/055_M_GA38_BW3245_PA44_DG13_PF0_D1_S05_6__055_M_GA38_BW3245_PA78_DG13_PF0_D1_S09_16,COph100/patient/055,COph100,sift_h,rectangle,ok,37,6,10000,9245,False,False,False,1046.1007494306011,1.3076259367882515,True,,1.653102399999625,"[[75.13339313580148, 10.938514906994516, -4089.1641919478902], [15.797182015115538, -2.9664375638682805, 1147.729813672277], [0.03153500570777411, 0.00048098558984790307, 1.0]]"
dc7840acd4a8f12e,COph100/055-1/055_M_GA38_BW3245_PA44_DG13_PF0_D1_S05_6__055_M_GA38_BW3245_PA78_DG13_PF0_D1_S09_16,COph100/patient/055,COph100,sift_h,sample_orientation,ok,37,6,10000,7137,False,True,False,258.817603737877,0.32352200467234626,True,,2.0035895999899367,"[[0.44365532129499285, -1.7766558796009815, 1096.6528003806482], [0.6349304946500963, -0.856171271483542, 623.5529682576372], [0.0012105395781835577, -0.0013874942123158923, 1.0]]"
8aa712cac5e2ea65,COph100/055-1/055_M_GA38_BW3245_PA45_DG13_PF0_D1_S06_6__055_M_GA38_BW3245_PA78_DG13_PF0_D1_S09_16,COph100/patient/055,COph100,sift_h,fov,ok,39,6,10000,5271,False,True,False,370.19815133086166,0.46274768916357706,True,,1.8017475999949966,"[[-0.13608276779020087, -0.13225318479504655, 9.205926866291742], [-2.667652645886612, -2.7493849164791784, 466.72218819151306], [-0.004981308656423306, -0.007902146103189489, 1.0]]"
8aa712cac5e2ea65,COph100/055-1/055_M_GA38_BW3245_PA45_DG13_PF0_D1_S06_6__055_M_GA38_BW3245_PA78_DG13_PF0_D1_S09_16,COph100/patient/055,COph100,sift_h,none,ok,39,6,10000,0,False,True,True,364.47890445000473,0.45559863056250594,True,True,2.0304526000109036,"[[-0.02354566032977059, -0.008689919131619367, 23.496895938034275], [-0.2985487194301126, -0.07119613560647871, 294.65531389754267], [-0.001011798690909441, -0.0002529151899063674, 1.0]]"
8aa712cac5e2ea65,COph100/055-1/055_M_GA38_BW3245_PA45_DG13_PF0_D1_S06_6__055_M_GA38_BW3245_PA78_DG13_PF0_D1_S09_16,COph100/patient/055,COph100,sift_h,rectangle,ok,39,5,10000,9540,False,False,False,272.5149468439594,0.3406436835549493,True,,1.6949296000093454,"[[-0.06887296934804651, 3.116584481740403, -164.32398701388868], [-0.14917535157217168, 1.5017802312728052, 589.3794726030845], [-5.79468997554113e-05, 0.001772223291668071, 1.0]]"
8aa712cac5e2ea65,COph100/055-1/055_M_GA38_BW3245_PA45_DG13_PF0_D1_S06_6__055_M_GA38_BW3245_PA78_DG13_PF0_D1_S09_16,COph100/patient/055,COph100,sift_h,sample_orientation,ok,39,6,10000,7313,False,True,True,353.6193590786738,0.44202419884834226,True,,1.8740610999957426,"[[-0.08241150837136406, -0.09503073417749774, 74.85231005527987], [-0.3106918335976927, -0.06123481209024257, 80.49573061018532], [-0.0013725518221025443, -0.0012110076518286037, 1.0]]"
a840fd6f31f8b2a2,COph100/055-1/055_M_GA38_BW3245_PA47_DG13_PF0_D1_S07_7__055_M_GA38_BW3245_PA53_DG13_PF0_D1_S08_2,COph100/patient/055,COph100,sift_h,fov,invalid_transform,33,7,6987,3867,False,,,,,True,,1.1660728000133531,
a840fd6f31f8b2a2,COph100/055-1/055_M_GA38_BW3245_PA47_DG13_PF0_D1_S07_7__055_M_GA38_BW3245_PA53_DG13_PF0_D1_S08_2,COph100/patient/055,COph100,sift_h,none,ok,33,7,4545,0,False,True,True,488.04928170130245,0.6100616021266281,True,True,0.8976239999901736,"[[-0.7875415167230282, -1.5989657493259006, 968.9658499596048], [-0.07869249223875349, -0.17138891250929275, 101.15658542100319], [-0.0008132578591029343, -0.0016484930638219096, 1.0]]"
a840fd6f31f8b2a2,COph100/055-1/055_M_GA38_BW3245_PA47_DG13_PF0_D1_S07_7__055_M_GA38_BW3245_PA53_DG13_PF0_D1_S08_2,COph100/patient/055,COph100,sift_h,rectangle,ok,33,5,10000,9535,False,False,False,169.503579581574,0.2118794744769675,True,,1.5926980000076583,"[[0.094485313700718, 0.004673159414581969, 52.07848745574382], [-0.5928979197816371, -0.13891026079123614, 662.3558123293417], [-0.000938050257791522, 0.00040676592615418385, 1.0]]"
a840fd6f31f8b2a2,COph100/055-1/055_M_GA38_BW3245_PA47_DG13_PF0_D1_S07_7__055_M_GA38_BW3245_PA53_DG13_PF0_D1_S08_2,COph100/patient/055,COph100,sift_h,sample_orientation,ok,33,6,8424,6248,False,True,True,490.45924796041834,0.6130740599505229,True,,1.8000931999995373,"[[-0.9478133349180919, -1.790039613181076, 969.9077140664435], [-0.10233223331225653, -0.18031542313494273, 100.02176454325944], [-0.000977096898331504, -0.0018469875213399415, 1.0]]"
09c80097db76d1fe,COph100/055-1/055_M_GA38_BW3245_PA47_DG13_PF0_D1_S07_7__055_M_GA38_BW3245_PA78_DG13_PF0_D1_S09_16,COph100/patient/055,COph100,sift_h,fov,ok,36,7,6439,3148,False,True,False,407.6797579960334,0.5095996974950417,True,,1.092947400000412,"[[-0.018279803241382, -0.04341644897307694, 34.836279186737855], [-0.5060300877246792, -0.008454985012235565, 496.5938346059564], [-0.0009900335203183639, -0.0001754981822915231, 1.0]]"
09c80097db76d1fe,COph100/055-1/055_M_GA38_BW3245_PA47_DG13_PF0_D1_S07_7__055_M_GA38_BW3245_PA78_DG13_PF0_D1_S09_16,COph100/patient/055,COph100,sift_h,none,ok,36,7,6439,0,False,True,True,402.33805120087084,0.5029225640010886,True,True,1.3094591000117362,"[[0.05795917619944008, -0.1631475582729204, 40.356220777462106], [0.6445989881988285, -1.971137564238376, 542.0405610570522], [0.001147338213361777, -0.0035618580566163377, 1.0]]"
09c80097db76d1fe,COph100/055-1/055_M_GA38_BW3245_PA47_DG13_PF0_D1_S07_7__055_M_GA38_BW3245_PA78_DG13_PF0_D1_S09_16,COph100/patient/055,COph100,sift_h,rectangle,ok,36,7,6439,5869,False,False,False,291.7789562887339,0.3647236953609174,True,,1.0047555000055581,"[[0.7932187360525774, 0.09015866344532514, -12.972076328660249], [-0.07461989398906108, 0.2363146919006648, 474.6177192158169], [-0.00020456496634153022, 0.00010453501178285598, 1.0]]"
09c80097db76d1fe,COph100/055-1/055_M_GA38_BW3245_PA47_DG13_PF0_D1_S07_7__055_M_GA38_BW3245_PA78_DG13_PF0_D1_S09_16,COph100/patient/055,COph100,sift_h,sample_orientation,ok,36,7,6439,4360,False,True,True,402.33805120087084,0.5029225640010886,True,,1.221457499996177,"[[0.05795917619944008, -0.1631475582729204, 40.356220777462106], [0.6445989881988285, -1.971137564238376, 542.0405610570522], [0.001147338213361777, -0.0035618580566163377, 1.0]]"
f078a03bbc9e253d,COph100/055-1/055_M_GA38_BW3245_PA53_DG13_PF0_D1_S08_2__055_M_GA38_BW3245_PA78_DG13_PF0_D1_S09_16,COph100/patient/055,COph100,sift_h,fov,ok,49,7,10000,4928,False,True,False,332.282199235696,0.41535274904462,True,,1.8730130000039935,"[[-0.6645063474681755, -0.4772179842142422, 110.44465389771082], [-0.362376400806421, -0.2598743489106965, 59.99385765969871], [-0.006025499658560127, -0.004324295014288632, 1.0]]"
f078a03bbc9e253d,COph100/055-1/055_M_GA38_BW3245_PA53_DG13_PF0_D1_S08_2__055_M_GA38_BW3245_PA78_DG13_PF0_D1_S09_16,COph100/patient/055,COph100,sift_h,none,ok,49,7,10000,0,False,True,False,332.282199235696,0.41535274904462,True,True,1.9089846999995643,"[[-0.6645063474681755, -0.4772179842142422, 110.44465389771082], [-0.362376400806421, -0.2598743489106965, 59.99385765969871], [-0.006025499658560127, -0.004324295014288632, 1.0]]"
f078a03bbc9e253d,COph100/055-1/055_M_GA38_BW3245_PA53_DG13_PF0_D1_S08_2__055_M_GA38_BW3245_PA78_DG13_PF0_D1_S09_16,COph100/patient/055,COph100,sift_h,rectangle,ok,49,5,10000,9487,False,False,False,178.4288200150253,0.22303602501878164,True,,1.5865531000017654,"[[-0.5895716821627428, -0.15215125705811988, 687.540457323628], [-0.1532337205402418, 0.4070444112767441, 118.99748112162814], [-0.00024769238688901083, -0.0006040106243482591, 1.0]]"
f078a03bbc9e253d,COph100/055-1/055_M_GA38_BW3245_PA53_DG13_PF0_D1_S08_2__055_M_GA38_BW3245_PA78_DG13_PF0_D1_S09_16,COph100/patient/055,COph100,sift_h,sample_orientation,ok,49,6,10000,7345,False,True,False,355.072450600465,0.44384056325058124,True,,1.9879771999985678,"[[-0.2733201115460653, -0.1674952115466601, 36.45324986550215], [-1.0838014356366958, -1.0854390696622513, 175.2092807495347], [-0.006549617001923262, -0.004896148282962697, 1.0]]"
4a57f88164929bf0,COph100/055/055_M_GA38_BW3245_PA40_DG13_PF0_D1_S01_3__055_M_GA38_BW3245_PA41_DG13_PF0_D1_S02_1,COph100/patient/055,COph100,sift_h,fov,ok,42,7,10000,5104,False,True,False,473.2997829030075,0.5916247286287594,True,,1.8163897000049474,"[[-1.9950110657569518, -0.0450992000290996, 62.91386411691705], [-5.984238950519536, -0.061792072575260426, 178.8781555248095], [-0.033452400663688646, -0.00050440725971635, 1.0]]"
4a57f88164929bf0,COph100/055/055_M_GA38_BW3245_PA40_DG13_PF0_D1_S01_3__055_M_GA38_BW3245_PA41_DG13_PF0_D1_S02_1,COph100/patient/055,COph100,sift_h,none,ok,42,7,10000,0,False,True,False,473.2997829030075,0.5916247286287594,True,True,1.9238843000057386,"[[-1.9950110657569518, -0.0450992000290996, 62.91386411691705], [-5.984238950519536, -0.061792072575260426, 178.8781555248095], [-0.033452400663688646, -0.00050440725971635, 1.0]]"
4a57f88164929bf0,COph100/055/055_M_GA38_BW3245_PA40_DG13_PF0_D1_S01_3__055_M_GA38_BW3245_PA41_DG13_PF0_D1_S02_1,COph100/patient/055,COph100,sift_h,rectangle,ok,42,5,10000,9386,False,False,False,296.9645929897105,0.3712057412371382,True,,1.574999199990998,"[[-0.8165571100732427, -0.15078980515205467, 926.8986978949438], [-0.13783382875426073, -0.9010889401866974, 767.9479691309499], [-0.00023413922853890578, -0.0004734405690006961, 1.0]]"
4a57f88164929bf0,COph100/055/055_M_GA38_BW3245_PA40_DG13_PF0_D1_S01_3__055_M_GA38_BW3245_PA41_DG13_PF0_D1_S02_1,COph100/patient/055,COph100,sift_h,sample_orientation,ok,42,7,10000,7080,False,True,False,473.2362876021749,0.5915453595027187,True,,1.7998709000094095,"[[-1.8317810923214872, -0.04603375880072789, 57.4694048231677], [-5.4964215988620495, -0.18050019588600819, 179.7288946698662], [-0.030756021683248036, -0.0009013172083889185, 1.0]]"
4b5c1f67ca363e22,COph100/055/055_M_GA38_BW3245_PA40_DG13_PF0_D1_S01_3__055_M_GA38_BW3245_PA43_DG13_PF0_D1_S04_13,COph100/patient/055,COph100,sift_h,fov,ok,36,5,10000,5992,False,True,False,360.77529980205486,0.45096912475256856,True,,1.6772552000038559,"[[5.010795986271518, -1.3400554328165326, 130.7863873255902], [26.45471038003011, -7.251834888324624, 671.8119575978067], [0.03795818302706136, -0.010616156119346748, 1.0]]"
4b5c1f67ca363e22,COph100/055/055_M_GA38_BW3245_PA40_DG13_PF0_D1_S01_3__055_M_GA38_BW3245_PA43_DG13_PF0_D1_S04_13,COph100/patient/055,COph100,sift_h,none,ok,36,5,10000,0,False,True,True,229.87186251490488,0.28733982814363107,True,True,1.9569598000089172,"[[-0.15058902633557517, -1.2945083589632396, 972.8242583056767], [-0.12000474205479603, -0.8163660765552113, 629.4170827687605], [-7.64687452427397e-05, -0.0013292324503738717, 1.0]]"
4b5c1f67ca363e22,COph100/055/055_M_GA38_BW3245_PA40_DG13_PF0_D1_S01_3__055_M_GA38_BW3245_PA43_DG13_PF0_D1_S04_13,COph100/patient/055,COph100,sift_h,rectangle,ok,36,5,10000,9469,False,False,False,257.5404199261948,0.32192552490774345,True,,1.6321235000068555,"[[-0.9297198188465474, -0.003747699628199911, 903.3629817027332], [-0.41080248878669196, -0.3809355941920383, 659.6217086023254], [-0.0006554823540760385, -0.00038601621380559057, 1.0]]"
4b5c1f67ca363e22,COph100/055/055_M_GA38_BW3245_PA40_DG13_PF0_D1_S01_3__055_M_GA38_BW3245_PA43_DG13_PF0_D1_S04_13,COph100/patient/055,COph100,sift_h,sample_orientation,ok,36,5,10000,7346,False,True,True,229.87186251490488,0.28733982814363107,True,,1.954119999994873,"[[-0.15058902633557517, -1.2945083589632396, 972.8242583056767], [-0.12000474205479603, -0.8163660765552113, 629.4170827687605], [-7.64687452427397e-05, -0.0013292324503738717, 1.0]]"
f60688f895ac3ded,COph100/055/055_M_GA38_BW3245_PA40_DG13_PF0_D1_S01_3__055_M_GA38_BW3245_PA44_DG13_PF0_D1_S05_1,COph100/patient/055,COph100,sift_h,fov,ok,39,7,8870,4632,False,True,False,405.63656556420267,0.5070457069552533,True,,1.558852999994997,"[[-0.6319843020382164, -0.2126668240587529, 92.01021590147077], [-0.5719051134844726, -0.19583490425773195, 74.25372156542474], [-0.007461969207315678, -0.0023817893817446407, 1.0]]"
f60688f895ac3ded,COph100/055/055_M_GA38_BW3245_PA40_DG13_PF0_D1_S01_3__055_M_GA38_BW3245_PA44_DG13_PF0_D1_S05_1,COph100/patient/055,COph100,sift_h,none,ok,39,7,8870,0,False,True,True,453.7558553307811,0.5671948191634764,True,True,1.7174062999984017,"[[-0.012564216283581788, -0.20140746706536497, 109.81867656497757], [0.010797874588275505, -0.1288657195748576, 46.72248410658193], [0.00037345413416847224, -0.0027893834927118356, 1.0]]"
f60688f895ac3ded,COph100/055/055_M_GA38_BW3245_PA40_DG13_PF0_D1_S01_3__055_M_GA38_BW3245_PA44_DG13_PF0_D1_S05_1,COph100/patient/055,COph100,sift_h,rectangle,ok,39,7,8870,8430,False,False,False,321.2704828487925,0.4015881035609906,True,,1.4156877000059467,"[[1.446585968662411, -0.36324333546705706, 145.05712799604095], [4.593378945329842, 2.418873268151856, -549.8179744687935], [0.008947163387190966, 0.0002129426972215856, 1.0]]"
f60688f895ac3ded,COph100/055/055_M_GA38_BW3245_PA40_DG13_PF0_D1_S01_3__055_M_GA38_BW3245_PA44_DG13_PF0_D1_S05_1,COph100/patient/055,COph100,sift_h,sample_orientation,ok,39,7,8870,6630,False,True,True,405.62179061912155,0.507027238273902,True,,1.6550390999909723,"[[-0.0877552061195161, -0.03894245486659249, 84.69705898476005], [-0.08146918786367734, -0.034581146462710474, 77.69086587855236], [-0.0010381643734788768, -0.0004575945886247074, 1.0]]"
4e03c1425b26cfa0,COph100/055/055_M_GA38_BW3245_PA40_DG13_PF0_D1_S01_3__055_M_GA38_BW3245_PA47_DG13_PF0_D1_S07_4,COph100/patient/055,COph100,sift_h,fov,ok,43,8,7683,3838,False,True,False,439.8267046148579,0.5497833807685724,True,,1.4797160000016447,"[[-0.7252464141424967, -0.36763992497853215, 109.45401685635551], [-0.5067462310323878, -0.2447954705993444, 99.26210144257193], [-0.0065158032817732815, -0.0034680525723283498, 1.0]]"
4e03c1425b26cfa0,COph100/055/055_M_GA38_BW3245_PA40_DG13_PF0_D1_S01_3__055_M_GA38_BW3245_PA47_DG13_PF0_D1_S07_4,COph100/patient/055,COph100,sift_h,none,ok,43,8,7683,0,False,True,False,439.8267046148579,0.5497833807685724,True,True,1.5773565000126837,"[[-0.7252464141424967, -0.36763992497853215, 109.45401685635551], [-0.5067462310323878, -0.2447954705993444, 99.26210144257193], [-0.0065158032817732815, -0.0034680525723283498, 1.0]]"
4e03c1425b26cfa0,COph100/055/055_M_GA38_BW3245_PA40_DG13_PF0_D1_S01_3__055_M_GA38_BW3245_PA47_DG13_PF0_D1_S07_4,COph100/patient/055,COph100,sift_h,rectangle,ok,43,6,10000,9428,False,False,False,223.1834108511493,0.2789792635639366,True,,1.6223172999889357,"[[0.9312992656431969, 0.3772529948167196, -103.92161400887008], [0.16200063233556422, -0.6402466046676932, 473.4218848062534], [-0.0004443532252438246, 0.001184652283197705, 1.0]]"
4e03c1425b26cfa0,COph100/055/055_M_GA38_BW3245_PA40_DG13_PF0_D1_S01_3__055_M_GA38_BW3245_PA47_DG13_PF0_D1_S07_4,COph100/patient/055,COph100,sift_h,sample_orientation,ok,43,7,10000,7267,False,True,False,438.88050805395943,0.5486006350674493,True,,1.887435100012226,"[[2.957166206781399, -0.40785300261004864, 111.15110896508962], [1.9562151765347406, -0.26945509107820126, 70.32881593955385], [0.026644867799358703, -0.003664689058267736, 1.0]]"
038f31fa88fe1d88,COph100/055/055_M_GA38_BW3245_PA40_DG13_PF0_D1_S01_3__055_M_GA38_BW3245_PA53_DG13_PF0_D1_S08_7,COph100/patient/055,COph100,sift_h,fov,invalid_transform,37,6,10000,5371,False,,,,,True,,1.7593517000059364,
038f31fa88fe1d88,COph100/055/055_M_GA38_BW3245_PA40_DG13_PF0_D1_S01_3__055_M_GA38_BW3245_PA53_DG13_PF0_D1_S08_7,COph100/patient/055,COph100,sift_h,none,ok,37,7,7185,0,False,True,True,196.61272376541567,0.2457659047067696,True,True,1.5413406000006944,"[[-7.176614054248867, 15.621872724972881, 904.7333852605938], [-1.2805087487167472, 2.6927033986686952, 195.92048614738002], [-0.007416654955973156, 0.01597677938859866, 1.0]]"
038f31fa88fe1d88,COph100/055/055_M_GA38_BW3245_PA40_DG13_PF0_D1_S01_3__055_M_GA38_BW3245_PA53_DG13_PF0_D1_S08_7,COph100/patient/055,COph100,sift_h,rectangle,ok,37,5,10000,9171,False,False,False,355.0353937798752,0.44379424222484404,True,,1.6043459999928018,"[[0.07929829314268974, 0.08768509939118654, 16.75700092638789], [-0.5515262662238926, 0.17843002697829521, 527.5321605522915], [-0.0009497305102549471, 0.00022007573014043427, 1.0]]"
038f31fa88fe1d88,COph100/055/055_M_GA38_BW3245_PA40_DG13_PF0_D1_S01_3__055_M_GA38_BW3245_PA53_DG13_PF0_D1_S08_7,COph100/patient/055,COph100,sift_h,sample_orientation,ok,37,6,10000,6822,False,True,True,203.01584989086086,0.2537698123635761,True,,1.9296956000034697,"[[-9.953236041530031, 58.03263442409206, 978.5067057207046], [-6.280624624118114, 35.62259568109289, 640.1077260053805], [-0.010015190376706954, 0.05832715539328054, 1.0]]"
f5dedac9e2cd3e39,COph100/055/055_M_GA38_BW3245_PA40_DG13_PF0_D1_S01_3__055_M_GA38_BW3245_PA78_DG13_PF0_D1_S09_6,COph100/patient/055,COph100,sift_h,fov,ok,26,7,1749,1084,False,True,False,210.04299604959087,0.2625537450619886,True,,0.31707409999216907,"[[-0.7219041935406859, -0.20032952157477593, 704.3920062946655], [-0.19523328442281135, -0.0343675313674762, 192.25595992891192], [-0.0009118986080873037, -0.0003814792633859322, 1.0]]"
f5dedac9e2cd3e39,COph100/055/055_M_GA38_BW3245_PA40_DG13_PF0_D1_S01_3__055_M_GA38_BW3245_PA78_DG13_PF0_D1_S09_6,COph100/patient/055,COph100,sift_h,none,ok,26,8,1031,0,False,True,True,372.9875158318569,0.46623439478982115,True,True,0.19508729998779017,"[[-1.4615835185185226, -1.56992322564091, 1422.729378637781], [-0.22772420144625657, -0.25925955097317827, 207.7482201669645], [-0.0014157631118794866, -0.0008895264748711681, 1.0]]"
f5dedac9e2cd3e39,COph100/055/055_M_GA38_BW3245_PA40_DG13_PF0_D1_S01_3__055_M_GA38_BW3245_PA78_DG13_PF0_D1_S09_6,COph100/patient/055,COph100,sift_h,rectangle,ok,26,6,3244,2940,False,False,False,202.60088856413302,0.25325111070516626,True,,0.565396400008467,"[[-1.0166371896854245, 0.010979074357097456, 966.291297263652], [-0.03573274401683235, 0.27505614533799044, 22.63065212064359], [-0.0009705754446470198, 0.00030621507114203083, 1.0]]"
f5dedac9e2cd3e39,COph100/055/055_M_GA38_BW3245_PA40_DG13_PF0_D1_S01_3__055_M_GA38_BW3245_PA78_DG13_PF0_D1_S09_6,COph100/patient/055,COph100,sift_h,sample_orientation,ok,26,7,1749,1203,False,True,True,224.6237722905918,0.28077971536323976,True,,0.3445912000024691,"[[3.531772444649997, -5.604362049725689, 992.1115657459084], [0.6166768273740956, -1.007168947650933, 196.10183804209623], [0.003439866861423169, -0.005468118090380568, 1.0]]"
7c27ebb4f1375a90,COph100/055/055_M_GA38_BW3245_PA41_DG13_PF0_D1_S02_1__055_M_GA38_BW3245_PA44_DG13_PF0_D1_S05_1,COph100/patient/055,COph100,sift_h,fov,ok,33,7,4545,2044,False,True,False,190.5862353895422,0.23823279423692775,True,,0.7924332999973558,"[[0.399857238957304, -0.341055171571469, 189.22326149879086], [-0.0025851683335436798, -0.7303227967874518, 508.6363663253172], [0.0003506610958809688, -0.0014881179507958808, 1.0]]"
7c27ebb4f1375a90,COph100/055/055_M_GA38_BW3245_PA41_DG13_PF0_D1_S02_1__055_M_GA38_BW3245_PA44_DG13_PF0_D1_S05_1,COph100/patient/055,COph100,sift_h,none,ok,33,7,4545,0,False,True,True,251.02827947105115,0.3137853493388139,True,True,0.8295319000026211,"[[1.6700740522433681, -1.7222887402571743, 946.2788821454641], [0.41608692111827067, -1.616702986807732, 769.6615986725762], [0.0021307755442681537, -0.0024066815744917614, 1.0]]"
7c27ebb4f1375a90,COph100/055/055_M_GA38_BW3245_PA41_DG13_PF0_D1_S02_1__055_M_GA38_BW3245_PA44_DG13_PF0_D1_S05_1,COph100/patient/055,COph100,sift_h,rectangle,ok,33,7,4545,4142,False,False,False,292.88765181673756,0.36610956477092194,True,,0.691631800000323,"[[1.0817560069044962, -0.2120239103569195, 83.57276963397835], [-0.25975912023092923, 0.7805491276546508, -177.39647350353994], [0.0006121110445867021, -0.0008597555311175074, 1.0]]"
7c27ebb4f1375a90,COph100/055/055_M_GA38_BW3245_PA41_DG13_PF0_D1_S02_1__055_M_GA38_BW3245_PA44_DG13_PF0_D1_S05_1,COph100/patient/055,COph100,sift_h,sample_orientation,ok,33,7,4545,3060,False,True,False,403.29427107418184,0.5041178388427273,True,,0.8593615999998292,"[[0.10629138310100678, -0.06190519350200101, 32.02958498781359], [0.4927960826787202, -0.3614393503324202, 201.72138359250448], [0.0025701924469450715, -0.0018506486626617194, 1.0]]"
9722e642b2fcfe00,COph100/055/055_M_GA38_BW3245_PA41_DG13_PF0_D1_S02_1__055_M_GA38_BW3245_PA45_DG13_PF0_D1_S06_7,COph100/patient/055,COph100,sift_h,fov,ok,45,10,3773,1890,False,False,False,1146.060761914113,1.4325759523926413,True,,0.751441700005671,"[[1.0235125530286389, 0.10587017717081083, 17.919522677484974], [-1.484879764071498, 2.287735621055564, -194.72531384847508], [-0.0009586515105771638, 0.0012184923496675784, 1.0]]"
9722e642b2fcfe00,COph100/055/055_M_GA38_BW3245_PA41_DG13_PF0_D1_S02_1__055_M_GA38_BW3245_PA45_DG13_PF0_D1_S06_7,COph100/patient/055,COph100,sift_h,none,ok,45,10,3773,0,False,True,True,5337.614675120044,6.672018343900055,True,True,0.727648500003852,"[[-1.2203141611709536, -0.5956040581784375, 260.4133216525373], [1.6363634224033474, -5.253634366933447, 1758.1732517227952], [0.0010920891206499157, -0.0050930043055170205, 1.0]]"
9722e642b2fcfe00,COph100/055/055_M_GA38_BW3245_PA41_DG13_PF0_D1_S02_1__055_M_GA38_BW3245_PA45_DG13_PF0_D1_S06_7,COph100/patient/055,COph100,sift_h,rectangle,ok,45,10,4977,4536,False,False,False,408.7240018728663,0.5109050023410829,True,,0.7948285000020405,"[[9.073881906455352, 0.1307477195920254, -258.3920326869876], [33.18761937587581, 4.371469226118489, -1846.4473803297167], [0.05057941173257852, 0.00035958953071070667, 1.0]]"
9722e642b2fcfe00,COph100/055/055_M_GA38_BW3245_PA41_DG13_PF0_D1_S02_1__055_M_GA38_BW3245_PA45_DG13_PF0_D1_S06_7,COph100/patient/055,COph100,sift_h,sample_orientation,ok,45,10,3773,2410,False,True,True,5337.614675120044,6.672018343900055,True,,0.7734320999879856,"[[-1.2203141611709536, -0.5956040581784375, 260.4133216525373], [1.6363634224033474, -5.253634366933447, 1758.1732517227952], [0.0010920891206499157, -0.0050930043055170205, 1.0]]"
1da1deaa60e01285,COph100/055/055_M_GA38_BW3245_PA41_DG13_PF0_D1_S02_1__055_M_GA38_BW3245_PA47_DG13_PF0_D1_S07_4,COph100/patient/055,COph100,sift_h,fov,ok,38,8,4685,2552,False,True,False,480.39622680141326,0.6004952835017666,True,,0.8561831999977585,"[[-0.22171221195818253, -0.11386116487714382, 27.01970647569468], [-4.3045181663964405, -2.210196880495468, 523.6453314594647], [-0.008236953290521619, -0.00423053871759519, 1.0]]"
1da1deaa60e01285,COph100/055/055_M_GA38_BW3245_PA41_DG13_PF0_D1_S02_1__055_M_GA38_BW3245_PA47_DG13_PF0_D1_S07_4,COph100/patient/055,COph100,sift_h,none,ok,38,8,4685,0,False,True,False,480.39622680141326,0.6004952835017666,True,True,1.0070037999976194,"[[-0.22171221195818253, -0.11386116487714382, 27.01970647569468], [-4.3045181663964405, -2.210196880495468, 523.6453314594647], [-0.008236953290521619, -0.00423053871759519, 1.0]]"
1da1deaa60e01285,COph100/055/055_M_GA38_BW3245_PA41_DG13_PF0_D1_S02_1__055_M_GA38_BW3245_PA47_DG13_PF0_D1_S07_4,COph100/patient/055,COph100,sift_h,rectangle,ok,38,7,7995,7504,False,False,False,451.9325499780969,0.5649156874726211,True,,1.3830085999943549,"[[0.13564339325017802, 0.04949779185018373, 7.489288145860874], [-0.16942134586659183, -0.15687168859941472, 459.79735304923116], [0.0017830092431728626, -0.0010702757767248826, 1.0]]"
1da1deaa60e01285,COph100/055/055_M_GA38_BW3245_PA41_DG13_PF0_D1_S02_1__055_M_GA38_BW3245_PA47_DG13_PF0_D1_S07_4,COph100/patient/055,COph100,sift_h,sample_orientation,ok,38,8,4685,3371,False,True,False,479.7045789169764,0.5996307236462205,True,,0.9394532999867806,"[[-0.019579048886375773, -0.012429345872230544, 26.86908763290069], [-0.37250670774357186, -0.24403799366082177, 514.4449967923588], [-0.0007288964663035675, -0.00046607070697044965, 1.0]]"
6007c26fad128816,COph100/055/055_M_GA38_BW3245_PA41_DG13_PF0_D1_S02_1__055_M_GA38_BW3245_PA53_DG13_PF0_D1_S08_7,COph100/patient/055,COph100,sift_h,fov,ok,27,6,3773,2009,False,True,False,506.8539253336912,0.633567406667114,True,,0.6537162000022363,"[[-0.29539010253103354, 0.008591257998228798, 20.51869169690828], [-2.096321985964493, -0.06555216778620881, 220.24003244704545], [-0.010058547624018947, -0.0006381408265335424, 1.0]]"
6007c26fad128816,COph100/055/055_M_GA38_BW3245_PA41_DG13_PF0_D1_S02_1__055_M_GA38_BW3245_PA53_DG13_PF0_D1_S08_7,COph100/patient/055,COph100,sift_h,none,ok,27,6,3773,0,False,True,False,506.8539253336912,0.633567406667114,True,True,0.7314149000012549,"[[-0.29539010253103354, 0.008591257998228798, 20.51869169690828], [-2.096321985964493, -0.06555216778620881, 220.24003244704545], [-0.010058547624018947, -0.0006381408265335424, 1.0]]"
6007c26fad128816,COph100/055/055_M_GA38_BW3245_PA41_DG13_PF0_D1_S02_1__055_M_GA38_BW3245_PA53_DG13_PF0_D1_S08_7,COph100/patient/055,COph100,sift_h,rectangle,ok,27,5,7827,7411,False,False,False,464.7429012741346,0.5809286265926683,True,,1.2438743999955477,"[[0.023331516302914548, -0.03510140747931217, 32.21355292974615], [-0.10417938710571867, 0.020298768730888535, 184.6044894485642], [-0.00020825207119680631, -0.0009015504747978976, 1.0]]"
6007c26fad128816,COph100/055/055_M_GA38_BW3245_PA41_DG13_PF0_D1_S02_1__055_M_GA38_BW3245_PA53_DG13_PF0_D1_S08_7,COph100/patient/055,COph100,sift_h,sample_orientation,ok,27,5,7827,5674,False,True,True,518.0624485304636,0.6475780606630795,True,,1.4212580000021262,"[[1.9303779554753038, 1.450735056126913, -182.52881808619358], [-0.26581240630154623, 10.741092114394169, -167.20440374956956], [-0.004788261086127933, 0.03380662238574609, 1.0]]"
79f9a5edbb719afb,COph100/055/055_M_GA38_BW3245_PA42_DG13_PF0_D1_S03_6__055_M_GA38_BW3245_PA44_DG13_PF0_D1_S05_1,COph100/patient/055,COph100,sift_h,fov,ok,46,12,1985,958,False,True,False,405.4842081245884,0.5068552601557355,True,,0.3640888000081759,"[[0.8769892475338991, -0.278812394869162, 120.95489623719358], [0.8442927122386777, -0.18462077009856956, 63.83367623451857], [0.010691011436380798, -0.0026338260728116405, 1.0]]"
79f9a5edbb719afb,COph100/055/055_M_GA38_BW3245_PA42_DG13_PF0_D1_S03_6__055_M_GA38_BW3245_PA44_DG13_PF0_D1_S05_1,COph100/patient/055,COph100,sift_h,none,ok,46,12,1985,0,False,True,False,405.4842081245884,0.5068552601557355,True,True,0.40937220001069363,"[[0.8769892475338991, -0.278812394869162, 120.95489623719358], [0.8442927122386777, -0.18462077009856956, 63.83367623451857], [0.010691011436380798, -0.0026338260728116405, 1.0]]"
79f9a5edbb719afb,COph100/055/055_M_GA38_BW3245_PA42_DG13_PF0_D1_S03_6__055_M_GA38_BW3245_PA44_DG13_PF0_D1_S05_1,COph100/patient/055,COph100,sift_h,rectangle,ok,46,8,10000,9455,False,False,False,415.22929798732,0.5190366224841501,True,,1.6397494999982882,"[[-0.012384465644343185, 0.3708660315932256, -4.533378373921826], [0.00939111395773845, -0.1578567010091455, 322.44333251104985], [2.1545672063967934e-05, 0.002763354631652048, 1.0]]"
79f9a5edbb719afb,COph100/055/055_M_GA38_BW3245_PA42_DG13_PF0_D1_S03_6__055_M_GA38_BW3245_PA44_DG13_PF0_D1_S05_1,COph100/patient/055,COph100,sift_h,sample_orientation,invalid_transform,46,11,2813,2052,False,,,,,True,,0.5716798999928869,
55aba4fbd7d7ce31,COph100/055/055_M_GA38_BW3245_PA42_DG13_PF0_D1_S03_6__055_M_GA38_BW3245_PA45_DG13_PF0_D1_S06_7,COph100/patient/055,COph100,sift_h,fov,ok,26,5,6730,3322,False,True,False,446.08752730030335,0.5576094091253792,True,,1.1944293000124162,"[[1.913640879038452, -0.2807941470824901, 78.18706866169316], [9.959008043041798, -1.7935433699234065, 590.7586877128555], [0.014188826506319084, -0.0028170487072129444, 1.0]]"
55aba4fbd7d7ce31,COph100/055/055_M_GA38_BW3245_PA42_DG13_PF0_D1_S03_6__055_M_GA38_BW3245_PA45_DG13_PF0_D1_S06_7,COph100/patient/055,COph100,sift_h,none,ok,26,5,6730,0,False,True,False,446.08752730030335,0.5576094091253792,True,True,1.380621300006169,"[[1.913640879038452, -0.2807941470824901, 78.18706866169316], [9.959008043041798, -1.7935433699234065, 590.7586877128555], [0.014188826506319084, -0.0028170487072129444, 1.0]]"
55aba4fbd7d7ce31,COph100/055/055_M_GA38_BW3245_PA42_DG13_PF0_D1_S03_6__055_M_GA38_BW3245_PA45_DG13_PF0_D1_S06_7,COph100/patient/055,COph100,sift_h,rectangle,ok,26,5,6730,6464,False,False,False,57.60026815080778,0.07200033518850972,True,,1.0486402999958955,"[[0.8131683068721339, 0.08838247168994225, -37.25743297906918], [-0.05386390797555488, 1.052946905918501, -33.50248141558654], [-0.00018153920122759758, 3.030836772002351e-05, 1.0]]"
55aba4fbd7d7ce31,COph100/055/055_M_GA38_BW3245_PA42_DG13_PF0_D1_S03_6__055_M_GA38_BW3245_PA45_DG13_PF0_D1_S06_7,COph100/patient/055,COph100,sift_h,sample_orientation,ok,26,5,6730,4721,False,True,False,446.08752730030335,0.5576094091253792,True,,1.3756416999967769,"[[1.913640879038452, -0.2807941470824901, 78.18706866169316], [9.959008043041798, -1.7935433699234065, 590.7586877128555], [0.014188826506319084, -0.0028170487072129444, 1.0]]"
d92271b9a30533c6,COph100/055/055_M_GA38_BW3245_PA43_DG13_PF0_D1_S04_13__055_M_GA38_BW3245_PA44_DG13_PF0_D1_S05_1,COph100/patient/055,COph100,sift_h,fov,ok,34,7,5122,2876,False,True,False,370.7150687925251,0.46339383599065637,True,,0.8499689000018407,"[[-0.1353267723658983, -0.03824089892221259, 144.57286237598805], [-0.629962376379973, -0.21047425924081273, 694.2105301038295], [-0.000889763729707489, -0.000323528978383774, 1.0]]"
d92271b9a30533c6,COph100/055/055_M_GA38_BW3245_PA43_DG13_PF0_D1_S04_13__055_M_GA38_BW3245_PA44_DG13_PF0_D1_S05_1,COph100/patient/055,COph100,sift_h,none,ok,34,8,3001,0,False,True,True,430.104768879525,0.5376309610994062,True,True,0.5821524000057252,"[[-2.0992609716741613, 14.104585364246828, -507.3670549795628], [-6.161801562330182, 53.56491856169858, 14.317154011790068], [-0.041513670402197014, 0.25997080207434575, 1.0]]"
d92271b9a30533c6,COph100/055/055_M_GA38_BW3245_PA43_DG13_PF0_D1_S04_13__055_M_GA38_BW3245_PA44_DG13_PF0_D1_S05_1,COph100/patient/055,COph100,sift_h,rectangle,ok,34,6,9493,8867,False,False,False,394.92426353930495,0.4936553294241312,True,,1.6496412999986205,"[[-0.02386886285551452, -0.0006224922578901958, 30.628078241124822], [0.004003404774770835, -0.280361754177888, 258.92425571096555], [-0.000374055980166026, -0.0008000366775141228, 1.0]]"
d92271b9a30533c6,COph100/055/055_M_GA38_BW3245_PA43_DG13_PF0_D1_S04_13__055_M_GA38_BW3245_PA44_DG13_PF0_D1_S05_1,COph100/patient/055,COph100,sift_h,sample_orientation,ok,34,7,5122,3643,False,True,False,373.7642009182763,0.46720525114784534,True,,0.9286601000057999,"[[-0.1254716905403578, -0.00041077184661353653, 126.85056319738368], [-0.6561953696502429, -0.1403923315134373, 698.9392189861595], [-0.0009288324935985532, -0.000214658155128094, 1.0]]"
0d5c4689904553cc,COph100/055/055_M_GA38_BW3245_PA43_DG13_PF0_D1_S04_13__055_M_GA38_BW3245_PA45_DG13_PF0_D1_S06_7,COph100/patient/055,COph100,sift_h,fov,ok,59,9,10000,6128,False,True,False,460.77596207715106,0.5759699525964388,True,,1.7048918999935267,"[[-4.518320635383517, -0.005935785349454948, 98.9795709705482], [-29.85847631046472, 0.17709681835271163, 686.362318355112], [-0.04313796133280893, 0.00025218939029830474, 1.0]]"
0d5c4689904553cc,COph100/055/055_M_GA38_BW3245_PA43_DG13_PF0_D1_S04_13__055_M_GA38_BW3245_PA45_DG13_PF0_D1_S06_7,COph100/patient/055,COph100,sift_h,none,ok,59,9,10000,0,False,True,False,460.77596207715106,0.5759699525964388,True,True,2.0111253000068245,"[[-4.518320635383517, -0.005935785349454948, 98.9795709705482], [-29.85847631046472, 0.17709681835271163, 686.362318355112], [-0.04313796133280893, 0.00025218939029830474, 1.0]]"
0d5c4689904553cc,COph100/055/055_M_GA38_BW3245_PA43_DG13_PF0_D1_S04_13__055_M_GA38_BW3245_PA45_DG13_PF0_D1_S06_7,COph100/patient/055,COph100,sift_h,rectangle,ok,59,7,10000,9500,False,False,False,445.69590259889384,0.5571198782486173,True,,1.5767484999960288,"[[0.00016331383831563506, 0.7052509026837924, -109.1413731075351], [0.3354405780788055, 3.7373660368366393, -501.8911542043512], [0.00046959373669501454, 0.0025999495515310785, 1.0]]"
0d5c4689904553cc,COph100/055/055_M_GA38_BW3245_PA43_DG13_PF0_D1_S04_13__055_M_GA38_BW3245_PA45_DG13_PF0_D1_S06_7,COph100/patient/055,COph100,sift_h,sample_orientation,ok,59,9,10000,7437,False,True,False,460.77596207715106,0.5759699525964388,True,,1.9976804000034463,"[[-4.518320635383517, -0.005935785349454948, 98.9795709705482], [-29.85847631046472, 0.17709681835271163, 686.362318355112], [-0.04313796133280893, 0.00025218939029830474, 1.0]]"
4c820063a7146ed0,COph100/055/055_M_GA38_BW3245_PA43_DG13_PF0_D1_S04_13__055_M_GA38_BW3245_PA47_DG13_PF0_D1_S07_4,COph100/patient/055,COph100,sift_h,fov,ok,53,7,10000,5359,False,True,False,479.51146603284644,0.5993893325410581,True,,1.74526130000595,"[[0.10962675667422096, -0.07532649358153176, 38.74178798579324], [1.47260973534498, -1.0841766515561262, 563.045908759954], [0.0025979644272334534, -0.001923093445995573, 1.0]]"
4c820063a7146ed0,COph100/055/055_M_GA38_BW3245_PA43_DG13_PF0_D1_S04_13__055_M_GA38_BW3245_PA47_DG13_PF0_D1_S07_4,COph100/patient/055,COph100,sift_h,none,ok,53,7,10000,0,False,True,True,297.855795058318,0.3723197438228975,True,True,1.8872620000038296,"[[-33.8624329186325, 165.9258191522955, 958.4035680362484], [-27.872549430963378, 136.64376047492897, 788.7504503438225], [-0.03771778167967976, 0.18503400997645886, 1.0]]"
4c820063a7146ed0,COph100/055/055_M_GA38_BW3245_PA43_DG13_PF0_D1_S04_13__055_M_GA38_BW3245_PA47_DG13_PF0_D1_S07_4,COph100/patient/055,COph100,sift_h,rectangle,ok,53,6,10000,9406,False,False,False,278.78276273564654,0.3484784534195582,True,,1.6191480999987107,"[[0.43189043802777005, 0.03207114088434465, -20.135736961640635], [0.05661240262822725, -0.02973595052785373, 190.79987809082115], [6.52871638334778e-05, -0.0012127230003568525, 1.0]]"
4c820063a7146ed0,COph100/055/055_M_GA38_BW3245_PA43_DG13_PF0_D1_S04_13__055_M_GA38_BW3245_PA47_DG13_PF0_D1_S07_4,COph100/patient/055,COph100,sift_h,sample_orientation,ok,53,7,10000,7080,False,True,True,11366.608710089886,14.208260887612358,True,,1.9320475999993505,"[[11.271654691509655, 0.7264637097360729, -548.3319269456596], [14.567172207695462, 7.095712062591269, -1365.7543282889508], [-0.006721023442490508, 0.008686939662290958, 1.0]]"
51b04d8a34e043e3,COph100/055/055_M_GA38_BW3245_PA43_DG13_PF0_D1_S04_13__055_M_GA38_BW3245_PA53_DG13_PF0_D1_S08_7,COph100/patient/055,COph100,sift_h,fov,ok,47,8,10000,5095,False,True,False,506.9270937292728,0.633658867161591,True,,1.7155257999984315,"[[-1.4616943389299302, 0.019585027288016393, 28.581278140743056], [-10.35588775740205, 0.137486282475726, 203.08498572142523], [-0.050970488414134464, 0.0006766115362144112, 1.0]]"
51b04d8a34e043e3,COph100/055/055_M_GA38_BW3245_PA43_DG13_PF0_D1_S04_13__055_M_GA38_BW3245_PA53_DG13_PF0_D1_S08_7,COph100/patient/055,COph100,sift_h,none,ok,47,8,10000,0,False,True,False,506.9270937292728,0.633658867161591,True,True,1.9024209000053816,"[[-1.4616943389299302, 0.019585027288016393, 28.581278140743056], [-10.35588775740205, 0.137486282475726, 203.08498572142523], [-0.050970488414134464, 0.0006766115362144112, 1.0]]"
51b04d8a34e043e3,COph100/055/055_M_GA38_BW3245_PA43_DG13_PF0_D1_S04_13__055_M_GA38_BW3245_PA53_DG13_PF0_D1_S08_7,COph100/patient/055,COph100,sift_h,rectangle,ok,47,7,10000,9422,False,False,False,350.6375972106283,0.4382969965132854,True,,1.6282563999993727,"[[-1.1835225488570449, 0.04144782007502309, 1214.4892218571144], [0.34564778271935276, -1.0120699125643444, 684.3445654593736], [0.0009582571125738657, 0.00011995902255068413, 1.0]]"
51b04d8a34e043e3,COph100/055/055_M_GA38_BW3245_PA43_DG13_PF0_D1_S04_13__055_M_GA38_BW3245_PA53_DG13_PF0_D1_S08_7,COph100/patient/055,COph100,sift_h,sample_orientation,ok,47,8,10000,7203,False,True,False,482.08434164690823,0.6026054270586353,True,,1.863219199993182,"[[-1.4030719744426905, -0.04302701589499473, 60.20894506895609], [-12.792832869148512, -0.40891118546152416, 555.2748254351108], [-0.023030785073359303, -0.0007383586986186461, 1.0]]"
f298d1cf8e736564,COph100/055/055_M_GA38_BW3245_PA43_DG13_PF0_D1_S04_13__055_M_GA38_BW3245_PA78_DG13_PF0_D1_S09_6,COph100/patient/055,COph100,sift_h,fov,ok,50,10,5752,3197,False,True,False,255.4384504596341,0.3192980630745426,True,,1.0678849999967497,"[[2.9971726209311247, -1.9246151824338866, 974.4518768729168], [0.24579881663241743, -0.15788959962408172, 79.93174617407735], [0.003075706455526632, -0.001974880747953131, 1.0]]"
f298d1cf8e736564,COph100/055/055_M_GA38_BW3245_PA43_DG13_PF0_D1_S04_13__055_M_GA38_BW3245_PA78_DG13_PF0_D1_S09_6,COph100/patient/055,COph100,sift_h,none,ok,50,10,5752,0,False,True,False,255.4384504596341,0.3192980630745426,True,True,1.0868693000084022,"[[2.9971726209311247, -1.9246151824338866, 974.4518768729168], [0.24579881663241743, -0.15788959962408172, 79.93174617407735], [0.003075706455526632, -0.001974880747953131, 1.0]]"
f298d1cf8e736564,COph100/055/055_M_GA38_BW3245_PA43_DG13_PF0_D1_S04_13__055_M_GA38_BW3245_PA78_DG13_PF0_D1_S09_6,COph100/patient/055,COph100,sift_h,rectangle,ok,50,7,10000,9372,False,False,False,353.44215201445746,0.4418026900180718,True,,1.5877627000008943,"[[11.206590003267735, -1.3674968775428442, 389.249693027164], [0.3635520438226324, 0.26256650143946075, 250.47581193036532], [0.004062975154896047, 0.00676690298395495, 1.0]]"
f298d1cf8e736564,COph100/055/055_M_GA38_BW3245_PA43_DG13_PF0_D1_S04_13__055_M_GA38_BW3245_PA78_DG13_PF0_D1_S09_6,COph100/patient/055,COph100,sift_h,sample_orientation,ok,50,10,5752,3949,False,True,False,255.42451648537198,0.319280645606715,True,,1.1632600000011735,"[[3.342294301545221, -1.941638819292643, 974.4445034971353], [0.27405765529715037, -0.15934541201845784, 79.99582386916083], [0.0034295010337162877, -0.001991662209259693, 1.0]]"
a0d6235bebd30380,COph100/055/055_M_GA38_BW3245_PA44_DG13_PF0_D1_S05_1__055_M_GA38_BW3245_PA45_DG13_PF0_D1_S06_7,COph100/patient/055,COph100,sift_h,fov,ok,50,7,10000,5361,False,False,False,408.83806559487743,0.5110475819935968,True,,1.85433460000786,"[[0.10330675673454998, 0.021195272577999625, -3.342108424152983], [-0.12917770664014333, 0.0697720149817703, 125.31830595527624], [-0.00017054012490360745, -0.0010086048142563138, 1.0]]"
a0d6235bebd30380,COph100/055/055_M_GA38_BW3245_PA44_DG13_PF0_D1_S05_1__055_M_GA38_BW3245_PA45_DG13_PF0_D1_S06_7,COph100/patient/055,COph100,sift_h,none,ok,50,7,10000,0,False,True,True,287.7207183153849,0.3596508978942311,True,True,1.930252299993299,"[[-0.8290581554218005, -0.9974849974681029, 877.1000469367698], [-0.6871171473816241, -0.8014316595008828, 725.0711167150721], [-0.0009487842187963868, -0.0011045632366607206, 1.0]]"
a0d6235bebd30380,COph100/055/055_M_GA38_BW3245_PA44_DG13_PF0_D1_S05_1__055_M_GA38_BW3245_PA45_DG13_PF0_D1_S06_7,COph100/patient/055,COph100,sift_h,rectangle,ok,50,7,10000,9250,False,False,False,408.83806559487743,0.5110475819935968,True,,1.6086951999895973,"[[0.10330675673454998, 0.021195272577999625, -3.342108424152983], [-0.12917770664014333, 0.0697720149817703, 125.31830595527624], [-0.00017054012490360745, -0.0010086048142563138, 1.0]]"
a0d6235bebd30380,COph100/055/055_M_GA38_BW3245_PA44_DG13_PF0_D1_S05_1__055_M_GA38_BW3245_PA45_DG13_PF0_D1_S06_7,COph100/patient/055,COph100,sift_h,sample_orientation,ok,50,7,10000,6825,False,False,False,408.83806559487743,0.5110475819935968,True,,2.130662299998221,"[[0.10330675673454998, 0.021195272577999625, -3.342108424152983], [-0.12917770664014333, 0.0697720149817703, 125.31830595527624], [-0.00017054012490360745, -0.0010086048142563138, 1.0]]"
6d9114badcefb68d,COph100/055/055_M_GA38_BW3245_PA44_DG13_PF0_D1_S05_1__055_M_GA38_BW3245_PA47_DG13_PF0_D1_S07_4,COph100/patient/055,COph100,sift_h,fov,ok,33,7,4545,1953,False,True,False,292.8046039652027,0.3660057549565034,True,,0.8090874000045005,"[[2.9277363926483826, -1.927992415030937, 983.298583692014], [2.444269756272296, -1.368933704657066, 642.2263984319197], [0.003310286428770262, -0.0020686405719050017, 1.0]]"
6d9114badcefb68d,COph100/055/055_M_GA38_BW3245_PA44_DG13_PF0_D1_S05_1__055_M_GA38_BW3245_PA47_DG13_PF0_D1_S07_4,COph100/patient/055,COph100,sift_h,none,ok,33,7,4545,0,False,True,False,292.8046039652027,0.3660057549565034,True,True,0.8180853999947431,"[[2.9277363926483826, -1.927992415030937, 983.298583692014], [2.444269756272296, -1.368933704657066, 642.2263984319197], [0.003310286428770262, -0.0020686405719050017, 1.0]]"
6d9114badcefb68d,COph100/055/055_M_GA38_BW3245_PA44_DG13_PF0_D1_S05_1__055_M_GA38_BW3245_PA47_DG13_PF0_D1_S07_4,COph100/patient/055,COph100,sift_h,rectangle,ok,33,6,8424,7902,False,False,False,290.98014858203373,0.36372518572754214,True,,1.362621099993703,"[[-1.0259692724483354, 0.0012500622544637688, 1017.6315149997945], [-0.20394815178816667, -0.18260474024626247, 671.3017123269575], [-0.00032883889575177936, -9.39753936985364e-05, 1.0]]"
6d9114badcefb68d,COph100/055/055_M_GA38_BW3245_PA44_DG13_PF0_D1_S05_1__055_M_GA38_BW3245_PA47_DG13_PF0_D1_S07_4,COph100/patient/055,COph100,sift_h,sample_orientation,invalid_transform,33,6,8424,6174,False,,,,,True,,1.565038300002925,
49744132650422f6,COph100/055/055_M_GA38_BW3245_PA44_DG13_PF0_D1_S05_1__055_M_GA38_BW3245_PA78_DG13_PF0_D1_S09_6,COph100/patient/055,COph100,sift_h,fov,ok,43,7,10000,4957,False,True,False,255.4093494881477,0.31926168686018463,True,,1.7229529999895021,"[[-9.65183969329593, -0.7935812920857247, 879.1675509776026], [-7.995431308316762, -0.668201321217908, 728.8370528424816], [-0.010968718815371453, -0.0009228748627868925, 1.0]]"
49744132650422f6,COph100/055/055_M_GA38_BW3245_PA44_DG13_PF0_D1_S05_1__055_M_GA38_BW3245_PA78_DG13_PF0_D1_S09_6,COph100/patient/055,COph100,sift_h,none,ok,43,7,10000,0,False,True,False,255.4093494881477,0.31926168686018463,True,True,1.9954915999987861,"[[-9.65183969329593, -0.7935812920857247, 879.1675509776026], [-7.995431308316762, -0.668201321217908, 728.8370528424816], [-0.010968718815371453, -0.0009228748627868925, 1.0]]"
49744132650422f6,COph100/055/055_M_GA38_BW3245_PA44_DG13_PF0_D1_S05_1__055_M_GA38_BW3245_PA78_DG13_PF0_D1_S09_6,COph100/patient/055,COph100,sift_h,rectangle,ok,43,7,10000,9585,False,False,False,55.642519994314185,0.06955314999289273,True,,1.4654465000057826,"[[0.9753278934525211, -0.0035881348623123008, 1.970914345339833], [-0.0446908556383811, 0.9489640542761266, 20.167730144528722], [-4.190324155350902e-05, -1.564711721901968e-05, 1.0]]"
49744132650422f6,COph100/055/055_M_GA38_BW3245_PA44_DG13_PF0_D1_S05_1__055_M_GA38_BW3245_PA78_DG13_PF0_D1_S09_6,COph100/patient/055,COph100,sift_h,sample_orientation,ok,43,7,10000,7228,False,False,False,55.642519994314185,0.06955314999289273,True,,2.0290047000016784,"[[0.9753278934525211, -0.0035881348623123008, 1.970914345339833], [-0.0446908556383811, 0.9489640542761266, 20.167730144528722], [-4.190324155350902e-05, -1.564711721901968e-05, 1.0]]"
947480f529c51dfc,COph100/055/055_M_GA38_BW3245_PA45_DG13_PF0_D1_S06_7__055_M_GA38_BW3245_PA47_DG13_PF0_D1_S07_4,COph100/patient/055,COph100,sift_h,fov,ok,41,7,10000,5098,False,True,False,450.768098618487,0.5634601232731087,True,,1.8949040999868885,"[[-0.4077510086423288, -0.10190920203095621, 64.25975481680625], [-0.7734011897036446, -0.20345134262219236, 201.470129610291], [-0.005756193086816545, -0.0011959598733194056, 1.0]]"
947480f529c51dfc,COph100/055/055_M_GA38_BW3245_PA45_DG13_PF0_D1_S06_7__055_M_GA38_BW3245_PA47_DG13_PF0_D1_S07_4,COph100/patient/055,COph100,sift_h,none,ok,41,7,10000,0,False,True,False,450.768098618487,0.5634601232731087,True,True,1.995497100011562,"[[-0.4077510086423288, -0.10190920203095621, 64.25975481680625], [-0.7734011897036446, -0.20345134262219236, 201.470129610291], [-0.005756193086816545, -0.0011959598733194056, 1.0]]"
947480f529c51dfc,COph100/055/055_M_GA38_BW3245_PA45_DG13_PF0_D1_S06_7__055_M_GA38_BW3245_PA47_DG13_PF0_D1_S07_4,COph100/patient/055,COph100,sift_h,rectangle,ok,41,5,10000,9652,False,False,False,300.7515245020717,0.3759394056275896,True,,1.6287974000006216,"[[0.6830508582540546, -0.07776632567861964, 38.02613880131273], [-0.665009926849491, 0.8042522376222915, 89.23308287701369], [-0.0004838364669417134, 9.013565627264185e-05, 1.0]]"
947480f529c51dfc,COph100/055/055_M_GA38_BW3245_PA45_DG13_PF0_D1_S06_7__055_M_GA38_BW3245_PA47_DG13_PF0_D1_S07_4,COph100/patient/055,COph100,sift_h,sample_orientation,ok,41,6,10000,7431,False,True,False,234.65905330857177,0.2933238166357147,True,,1.8144973000016762,"[[-0.319057249775427, 19.332991100811814, -67.88027957949755], [-2.1384566918610495, 15.007538448580611, 684.378315955728], [-0.001422021211363567, 0.02002294748868139, 1.0]]"
d502344f990a1329,COph100/055/055_M_GA38_BW3245_PA45_DG13_PF0_D1_S06_7__055_M_GA38_BW3245_PA53_DG13_PF0_D1_S08_7,COph100/patient/055,COph100,sift_h,fov,ok,39,9,3244,1892,False,True,False,504.71424610186386,0.6308928076273298,True,,0.581831700008479,"[[-0.02982208984697686, 0.02142892226479595, 26.958670290398942], [-0.21790103427295962, 0.14607150305267602, 195.12040326255422], [-0.0011051768889942459, 0.0006596441103869516, 1.0]]"
d502344f990a1329,COph100/055/055_M_GA38_BW3245_PA45_DG13_PF0_D1_S06_7__055_M_GA38_BW3245_PA53_DG13_PF0_D1_S08_7,COph100/patient/055,COph100,sift_h,none,ok,39,9,3244,0,False,True,False,504.71424610186386,0.6308928076273298,True,True,0.617596100011724,"[[-0.02982208984697686, 0.02142892226479595, 26.958670290398942], [-0.21790103427295962, 0.14607150305267602, 195.12040326255422], [-0.0011051768889942459, 0.0006596441103869516, 1.0]]"
d502344f990a1329,COph100/055/055_M_GA38_BW3245_PA45_DG13_PF0_D1_S06_7__055_M_GA38_BW3245_PA53_DG13_PF0_D1_S08_7,COph100/patient/055,COph100,sift_h,rectangle,ok,39,7,8870,8307,False,False,False,350.1576758438852,0.4376970948048565,True,,1.3880708000069717,"[[0.15637035299637275, 0.015584320518991017, 6.746423104026832], [-0.34932789274897813, -0.4300103907455989, 509.5742954852765], [-0.000861219136695079, 0.00013914120911149566, 1.0]]"
d502344f990a1329,COph100/055/055_M_GA38_BW3245_PA45_DG13_PF0_D1_S06_7__055_M_GA38_BW3245_PA53_DG13_PF0_D1_S08_7,COph100/patient/055,COph100,sift_h,sample_orientation,ok,39,9,3244,2272,False,True,False,502.0386815840528,0.627548351980066,True,,0.5787001999997301,"[[-0.2858907702211288, -0.14765581192046318, 33.50070990745081], [-1.8859735071809594, -0.9383127648183727, 159.92862529683305], [-0.008329815034609882, -0.005064530556010168, 1.0]]"
c8a62a7a90617fca,COph100/055/055_M_GA38_BW3245_PA45_DG13_PF0_D1_S06_7__055_M_GA38_BW3245_PA78_DG13_PF0_D1_S09_6,COph100/patient/055,COph100,sift_h,fov,ok,35,6,10000,4246,False,True,False,436.8084781271499,0.5460105976589373,True,,1.798393599994597,"[[-0.0314678179242527, -0.030667247220098403, 50.67255115144719], [-0.15934692515785415, -0.15894897952875942, 259.22563694288147], [-0.0006194593354179202, -0.0006077363011750758, 1.0]]"
c8a62a7a90617fca,COph100/055/055_M_GA38_BW3245_PA45_DG13_PF0_D1_S06_7__055_M_GA38_BW3245_PA78_DG13_PF0_D1_S09_6,COph100/patient/055,COph100,sift_h,none,ok,35,6,10000,0,False,True,True,499.0308135644732,0.6237885169555915,True,True,1.9022247999964748,"[[0.0862729211149585, -0.5549249558325592, 51.91496846174488], [0.9637681875942046, -2.711154147246302, 212.54353661627434], [0.0021542243917152142, -0.0109138156986293, 1.0]]"
c8a62a7a90617fca,COph100/055/055_M_GA38_BW3245_PA45_DG13_PF0_D1_S06_7__055_M_GA38_BW3245_PA78_DG13_PF0_D1_S09_6,COph100/patient/055,COph100,sift_h,rectangle,ok,35,5,10000,9660,False,False,False,38.83976526923392,0.0485497065865424,True,,1.521803199997521,"[[0.9640578515663444, 0.004688031274093718, 0.9631515816771131], [-0.02859765078524317, 0.9645511566123761, 29.440140274609842], [-3.435168592696794e-05, -5.498424923360598e-06, 1.0]]"
c8a62a7a90617fca,COph100/055/055_M_GA38_BW3245_PA45_DG13_PF0_D1_S06_7__055_M_GA38_BW3245_PA78_DG13_PF0_D1_S09_6,COph100/patient/055,COph100,sift_h,sample_orientation,ok,35,6,10000,7327,False,True,True,499.0308135644732,0.6237885169555915,True,,1.8864546999975573,"[[0.0862729211149585, -0.5549249558325592, 51.91496846174488], [0.9637681875942046, -2.711154147246302, 212.54353661627434], [0.0021542243917152142, -0.0109138156986293, 1.0]]"
4dabed3c32891c8b,COph100/055/055_M_GA38_BW3245_PA47_DG13_PF0_D1_S07_4__055_M_GA38_BW3245_PA78_DG13_PF0_D1_S09_6,COph100/patient/055,COph100,sift_h,fov,ok,38,6,10000,5694,False,True,False,452.55024184944705,0.5656878023118088,True,,1.7535512000031304,"[[-0.027702122834596093, 0.021149202971450135, 24.02205379087189], [-0.5923281259465678, 0.3434116511800547, 532.5955066570924], [-0.0011091179023836298, 0.0006342467367852623, 1.0]]"
4dabed3c32891c8b,COph100/055/055_M_GA38_BW3245_PA47_DG13_PF0_D1_S07_4__055_M_GA38_BW3245_PA78_DG13_PF0_D1_S09_6,COph100/patient/055,COph100,sift_h,none,ok,38,6,10000,0,False,True,False,452.55024184944705,0.5656878023118088,True,True,1.9293123000097694,"[[-0.027702122834596093, 0.021149202971450135, 24.02205379087189], [-0.5923281259465678, 0.3434116511800547, 532.5955066570924], [-0.0011091179023836298, 0.0006342467367852623, 1.0]]"
4dabed3c32891c8b,COph100/055/055_M_GA38_BW3245_PA47_DG13_PF0_D1_S07_4__055_M_GA38_BW3245_PA78_DG13_PF0_D1_S09_6,COph100/patient/055,COph100,sift_h,rectangle,ok,38,6,10000,9377,False,False,False,64.40244096737936,0.0805030512092242,True,,1.6208367999934126,"[[0.813582912234543, -0.0377467224454413, 40.025044590300645], [0.018014130289412424, 0.7481886575645499, -2.8381363480929718], [-0.0001463941927538481, -7.979088463905077e-05, 1.0]]"
4dabed3c32891c8b,COph100/055/055_M_GA38_BW3245_PA47_DG13_PF0_D1_S07_4__055_M_GA38_BW3245_PA78_DG13_PF0_D1_S09_6,COph100/patient/055,COph100,sift_h,sample_orientation,ok,38,6,10000,7012,False,False,False,64.40244096737936,0.0805030512092242,True,,2.021126199993887,"[[0.813582912234543, -0.0377467224454413, 40.025044590300645], [0.018014130289412424, 0.7481886575645499, -2.8381363480929718], [-0.0001463941927538481, -7.979088463905077e-05, 1.0]]"
3c7481ebbbadc13a,COph100/055/055_M_GA38_BW3245_PA53_DG13_PF0_D1_S08_7__055_M_GA38_BW3245_PA78_DG13_PF0_D1_S09_6,COph100/patient/055,COph100,sift_h,fov,ok,33,6,8424,4196,False,True,False,445.85736265223477,0.5573217033152935,True,,1.595517599998857,"[[-0.07377361289216826, 0.04841074635184153, 64.7955147437184], [-0.7140840343905335, 0.46862689339585656, 628.3372957578694], [-0.001136710607863557, 0.0007457387062118407, 1.0]]"
3c7481ebbbadc13a,COph100/055/055_M_GA38_BW3245_PA53_DG13_PF0_D1_S08_7__055_M_GA38_BW3245_PA78_DG13_PF0_D1_S09_6,COph100/patient/055,COph100,sift_h,none,ok,33,6,8424,0,False,True,False,445.85736265223477,0.5573217033152935,True,True,1.6953372999996645,"[[-0.07377361289216826, 0.04841074635184153, 64.7955147437184], [-0.7140840343905335, 0.46862689339585656, 628.3372957578694], [-0.001136710607863557, 0.0007457387062118407, 1.0]]"
3c7481ebbbadc13a,COph100/055/055_M_GA38_BW3245_PA53_DG13_PF0_D1_S08_7__055_M_GA38_BW3245_PA78_DG13_PF0_D1_S09_6,COph100/patient/055,COph100,sift_h,rectangle,ok,33,5,10000,9630,True,False,False,200.27519801924427,0.25034399752405534,True,,1.6311043999885442,"[[-0.6829933041831754, 8.247628885597896, 448.12906811854094], [0.16809497627897813, 1.4010828184074864, -159.23784764419918], [-0.0008430822804082771, 0.007557645971419954, 1.0]]"
3c7481ebbbadc13a,COph100/055/055_M_GA38_BW3245_PA53_DG13_PF0_D1_S08_7__055_M_GA38_BW3245_PA78_DG13_PF0_D1_S09_6,COph100/patient/055,COph100,sift_h,sample_orientation,ok,33,6,8424,6331,False,True,False,440.79403913436056,0.5509925489179507,True,,1.6085770999925444,"[[-0.05590672488743213, -0.012484557257568205, 64.58789064782985], [-0.5577801479147614, -0.12358453193671619, 628.1787881084387], [-0.000885981412256825, -0.00019764255377423197, 1.0]]"
d55f012b946d56de,COph100/056-1/056_F_GA33_BW1180_PA35_DG0_PF0_D1_S01_7__056_F_GA33_BW1180_PA38_DG0_PF0_D1_S02_1,COph100/patient/056,COph100,sift_h,fov,ok,41,9,3963,1960,False,True,False,352.2244576139262,0.4402805720174077,True,,0.6879677000106312,"[[-0.9820868015210104, 0.03715956835536721, 971.1460282921341], [-0.6621927107424863, 0.023356627520756915, 654.1266462990693], [-0.0010125494528996897, 4.0345699486720215e-05, 1.0]]"
d55f012b946d56de,COph100/056-1/056_F_GA33_BW1180_PA35_DG0_PF0_D1_S01_7__056_F_GA33_BW1180_PA38_DG0_PF0_D1_S02_1,COph100/patient/056,COph100,sift_h,none,ok,41,9,3963,0,False,True,False,352.2244576139262,0.4402805720174077,True,True,0.8370224000100279,"[[-0.9820868015210104, 0.03715956835536721, 971.1460282921341], [-0.6621927107424863, 0.023356627520756915, 654.1266462990693], [-0.0010125494528996897, 4.0345699486720215e-05, 1.0]]"
d55f012b946d56de,COph100/056-1/056_F_GA33_BW1180_PA35_DG0_PF0_D1_S01_7__056_F_GA33_BW1180_PA38_DG0_PF0_D1_S02_1,COph100/patient/056,COph100,sift_h,rectangle,ok,41,7,10000,9417,False,False,False,234.70520073217025,0.2933815009152128,True,,1.6297999999951571,"[[-0.9623388586698727, 0.027112542097606614, 979.2383263957015], [-0.24802940812854163, -0.7317447942023836, 784.7247411035905], [-0.0001315374510632831, -5.157747240624527e-05, 1.0]]"
d55f012b946d56de,COph100/056-1/056_F_GA33_BW1180_PA35_DG0_PF0_D1_S01_7__056_F_GA33_BW1180_PA38_DG0_PF0_D1_S02_1,COph100/patient/056,COph100,sift_h,sample_orientation,ok,41,9,3963,2827,False,True,True,360.89087680600056,0.45111359600750073,True,,0.7875541999965208,"[[-0.8055165508220025, -2.646509860535012, 971.4304984876262], [-0.5527137069252371, -1.7806915953598732, 654.462080526576], [-0.0008300236146440754, -0.0027215155944504063, 1.0]]"
9403d0e8b6d0fd6f,COph100/056-1/056_F_GA33_BW1180_PA35_DG0_PF0_D1_S01_7__056_F_GA33_BW1180_PA42_DG0_PF0_D1_S03_7,COph100/patient/056,COph100,sift_h,fov,ok,40,7,9816,5250,False,False,False,52.28196821017273,0.0653524602627159,True,,1.8351443999999901,"[[0.7375779205932875, -0.09708459904198456, 54.15478865631473], [-0.03326005341985084, 0.8341954711282807, -11.09298032686559], [-0.00016285044234788404, -0.0001605360102749395, 1.0]]"
9403d0e8b6d0fd6f,COph100/056-1/056_F_GA33_BW1180_PA35_DG0_PF0_D1_S01_7__056_F_GA33_BW1180_PA42_DG0_PF0_D1_S03_7,COph100/patient/056,COph100,sift_h,none,ok,40,7,9816,0,False,True,True,472.2316644058684,0.5902895805073355,True,True,1.8532624000072246,"[[0.056527740468862324, -0.026763828555013656, 32.723798845463875], [-2.5181067414893024, 0.06738920539276014, 377.1316182683885], [-0.004220364893545264, -0.0004557461361314979, 1.0]]"
9403d0e8b6d0fd6f,COph100/056-1/056_F_GA33_BW1180_PA35_DG0_PF0_D1_S01_7__056_F_GA33_BW1180_PA42_DG0_PF0_D1_S03_7,COph100/patient/056,COph100,sift_h,rectangle,ok,40,7,9816,9134,False,False,False,52.28196821017273,0.0653524602627159,True,,1.5746607999899425,"[[0.7375779205932875, -0.09708459904198456, 54.15478865631473], [-0.03326005341985084, 0.8341954711282807, -11.09298032686559], [-0.00016285044234788404, -0.0001605360102749395, 1.0]]"
9403d0e8b6d0fd6f,COph100/056-1/056_F_GA33_BW1180_PA35_DG0_PF0_D1_S01_7__056_F_GA33_BW1180_PA42_DG0_PF0_D1_S03_7,COph100/patient/056,COph100,sift_h,sample_orientation,ok,40,7,9816,6823,False,True,True,472.2316644058684,0.5902895805073355,True,,1.835617100005038,"[[0.056527740468862324, -0.026763828555013656, 32.723798845463875], [-2.5181067414893024, 0.06738920539276014, 377.1316182683885], [-0.004220364893545264, -0.0004557461361314979, 1.0]]"
1f8437eab6a008e9,COph100/056-1/056_F_GA33_BW1180_PA38_DG0_PF0_D1_S02_1__056_F_GA33_BW1180_PA42_DG0_PF0_D1_S03_7,COph100/patient/056,COph100,sift_h,fov,ok,29,6,5022,2479,False,True,False,357.65839653787754,0.44707299567234693,True,,0.8960971000051359,"[[-0.07470593750287653, -0.05894855489204235, 110.00050050310861], [-0.04287144861929617, -0.05182822886715465, 76.71906416974834], [-0.0005666990823813383, -0.0006725836280398074, 1.0]]"
1f8437eab6a008e9,COph100/056-1/056_F_GA33_BW1180_PA38_DG0_PF0_D1_S02_1__056_F_GA33_BW1180_PA42_DG0_PF0_D1_S03_7,COph100/patient/056,COph100,sift_h,none,ok,29,7,2709,0,False,True,True,363.5298973457162,0.45441237168214527,True,True,0.5855050999962259,"[[0.034830787296577854, -0.1528565020951913, 87.74655704365144], [0.037325937881706045, -0.14096016799421987, 75.82544081330626], [0.0004524489044567641, -0.0018612289082163005, 1.0]]"
1f8437eab6a008e9,COph100/056-1/056_F_GA33_BW1180_PA38_DG0_PF0_D1_S02_1__056_F_GA33_BW1180_PA42_DG0_PF0_D1_S03_7,COph100/patient/056,COph100,sift_h,rectangle,ok,29,6,5022,4826,False,False,False,242.0410189323542,0.30255127366544277,True,,0.768325700002606,"[[0.033810085956509785, -0.03386713682617236, 121.2694245629018], [0.012805076393157023, 0.10085849267932025, 20.606866127976772], [-0.0008291224514967836, -0.00017396192983748184, 1.0]]"
1f8437eab6a008e9,COph100/056-1/056_F_GA33_BW1180_PA38_DG0_PF0_D1_S02_1__056_F_GA33_BW1180_PA42_DG0_PF0_D1_S03_7,COph100/patient/056,COph100,sift_h,sample_orientation,ok,29,7,2709,2071,False,True,True,363.5298973457162,0.45441237168214527,True,,0.5083406999910949,"[[0.034830787296577854, -0.1528565020951913, 87.74655704365144], [0.037325937881706045, -0.14096016799421987, 75.82544081330626], [0.0004524489044567641, -0.0018612289082163005, 1.0]]"
61287c89f15ee8c8,COph100/056/056_F_GA33_BW1180_PA35_DG0_PF0_D1_S01_1__056_F_GA33_BW1180_PA42_DG0_PF0_D1_S03_3,COph100/patient/056,COph100,sift_h,fov,ok,31,6,6559,4241,False,True,False,248.57834761287614,0.3107229345160952,True,,1.1872865000041202,"[[0.21611161534533682, -0.29081801383765277, 143.26969964393496], [0.44271854477421924, -0.27805068808539, 131.26117936873405], [0.0034764639168337864, -0.002210056398024549, 1.0]]"
61287c89f15ee8c8,COph100/056/056_F_GA33_BW1180_PA35_DG0_PF0_D1_S01_1__056_F_GA33_BW1180_PA42_DG0_PF0_D1_S03_3,COph100/patient/056,COph100,sift_h,none,ok,31,6,6559,0,False,True,True,8480.95779265586,10.601197240819824,True,True,1.2674621000041952,"[[-1.2735502469046103, -0.11200640185278997, 240.86619656948082], [-0.6663085462730441, -0.1581448619157887, 186.37450169176236], [-0.0008101178380818828, -0.0017724811118655075, 1.0]]"
61287c89f15ee8c8,COph100/056/056_F_GA33_BW1180_PA35_DG0_PF0_D1_S01_1__056_F_GA33_BW1180_PA42_DG0_PF0_D1_S03_3,COph100/patient/056,COph100,sift_h,rectangle,ok,31,5,10000,9503,False,False,False,421.42988476041336,0.5267873559505167,True,,1.605394800004433,"[[-0.7815835336006737, 2.8376437764235445, 991.5961288730787], [-0.691340416941357, 1.844209939235317, 542.2362385536983], [-0.0007867297898374264, 0.002834454074468119, 1.0]]"
61287c89f15ee8c8,COph100/056/056_F_GA33_BW1180_PA35_DG0_PF0_D1_S01_1__056_F_GA33_BW1180_PA42_DG0_PF0_D1_S03_3,COph100/patient/056,COph100,sift_h,sample_orientation,ok,31,6,6559,5005,False,True,False,258.4166426382041,0.3230208032977551,True,,1.2690521000040462,"[[3.3288386206201617, -0.4515814622594006, 348.78862037616506], [3.865893713389436, -0.7016181026734088, 394.45021217637213], [0.044143582232030444, -0.0025258031318188606, 1.0]]"
3c4b39ab0e45362b,COph100/056/056_F_GA33_BW1180_PA38_DG0_PF0_D1_S02_3__056_F_GA33_BW1180_PA42_DG0_PF0_D1_S03_3,COph100/patient/056,COph100,sift_h,fov,ok,30,6,5752,3285,False,True,False,247.15470992265347,0.30894338740331684,True,,1.0222214999957941,"[[0.5670472338425169, 0.3416138834513282, -94.03397277366523], [4.113108367329618, -0.8537874378999627, 307.3171452794674], [0.0058920041026354715, -0.002088349806787638, 1.0]]"
3c4b39ab0e45362b,COph100/056/056_F_GA33_BW1180_PA38_DG0_PF0_D1_S02_3__056_F_GA33_BW1180_PA42_DG0_PF0_D1_S03_3,COph100/patient/056,COph100,sift_h,none,ok,30,6,5752,0,False,True,False,247.15470992265347,0.30894338740331684,True,True,1.0847700000012992,"[[0.5670472338425169, 0.3416138834513282, -94.03397277366523], [4.113108367329618, -0.8537874378999627, 307.3171452794674], [0.0058920041026354715, -0.002088349806787638, 1.0]]"
3c4b39ab0e45362b,COph100/056/056_F_GA33_BW1180_PA38_DG0_PF0_D1_S02_3__056_F_GA33_BW1180_PA42_DG0_PF0_D1_S03_3,COph100/patient/056,COph100,sift_h,rectangle,ok,30,6,5752,5408,False,False,False,323.8919782608345,0.4048649728260431,True,,0.9124110999982804,"[[-0.9401219591006976, 0.0539922189564394, 990.1698879243598], [-0.12478474632299401, -1.037738226873694, 760.9698143542872], [-0.00022644621828474973, -2.4097238510698852e-05, 1.0]]"
3c4b39ab0e45362b,COph100/056/056_F_GA33_BW1180_PA38_DG0_PF0_D1_S02_3__056_F_GA33_BW1180_PA42_DG0_PF0_D1_S03_3,COph100/patient/056,COph100,sift_h,sample_orientation,ok,30,6,5752,4137,False,True,False,247.15470992265347,0.30894338740331684,True,,1.1806876000046032,"[[0.5670472338425169, 0.3416138834513282, -94.03397277366523], [4.113108367329618, -0.8537874378999627, 307.3171452794674], [0.0058920041026354715, -0.002088349806787638, 1.0]]"
5b42cd9ecf57c4f0,COph100/057/057_M_GA30_BW1180_PA33_DG0_PF0_D1_S01_1__057_M_GA30_BW1180_PA39_DG0_PF0_D1_S03_2,COph100/patient/057,COph100,sift_h,fov,ok,42,8,6993,3819,False,True,False,378.73524002702277,0.4734190500337785,True,,1.188607799995225,"[[0.1785953208798812, -0.05726258972024251, 17.447024533959368], [3.5668043283972044, -1.2372927802363984, 429.7948948917937], [0.0063644711785626204, -0.0025825859120630255, 1.0]]"
5b42cd9ecf57c4f0,COph100/057/057_M_GA30_BW1180_PA33_DG0_PF0_D1_S01_1__057_M_GA30_BW1180_PA39_DG0_PF0_D1_S03_2,COph100/patient/057,COph100,sift_h,none,ok,42,8,6993,0,False,True,True,396.3451518422845,0.49543143980285564,True,True,1.354409299994586,"[[0.2652843892608275, -0.5042712538986307, 134.49485114851896], [2.815811998163001, -4.766051931849242, 821.1280550186684], [0.006328671904821743, -0.009521220477003486, 1.0]]"
5b42cd9ecf57c4f0,COph100/057/057_M_GA30_BW1180_PA33_DG0_PF0_D1_S01_1__057_M_GA30_BW1180_PA39_DG0_PF0_D1_S03_2,COph100/patient/057,COph100,sift_h,rectangle,ok,42,7,10000,9271,False,False,False,298.9095500511984,0.37363693756399796,True,,1.5539598000032129,"[[-0.642997097824645, -0.01905787545835351, 660.1061501726318], [-0.2347161498270439, -0.9181766790427014, 689.1448971748689], [-0.00030486194218644867, -0.0005258079120342852, 1.0]]"
5b42cd9ecf57c4f0,COph100/057/057_M_GA30_BW1180_PA33_DG0_PF0_D1_S01_1__057_M_GA30_BW1180_PA39_DG0_PF0_D1_S03_2,COph100/patient/057,COph100,sift_h,sample_orientation,ok,42,8,6993,4986,False,True,False,360.66065442575587,0.45082581803219485,True,,1.4284217999957036,"[[-0.27704257306928265, -0.08638176644147946, 22.252567949652068], [-2.5259963257833893, -2.3186199019688027, 460.31271789805993], [-0.004991470500681878, -0.005825234087420237, 1.0]]"
29e23fa43704a94e,COph100/058-1/058_M_GA30_BW1490_PA33_DG0_PF0_D1_S01_5__058_M_GA30_BW1490_PA35_DG0_PF0_D1_S02_5,COph100/patient/058,COph100,sift_h,fov,ok,35,6,10000,5248,False,True,False,471.8933200678559,0.5898666500848199,True,,1.6542944999964675,"[[-0.025030409421742998, 0.0033704522242837633, 22.866185953627465], [-0.3009451088946376, 0.038655814593391756, 276.6456909682261], [-0.0010879234414614026, 0.00013786173768494742, 1.0]]"
29e23fa43704a94e,COph100/058-1/058_M_GA30_BW1490_PA33_DG0_PF0_D1_S01_5__058_M_GA30_BW1490_PA35_DG0_PF0_D1_S02_5,COph100/patient/058,COph100,sift_h,none,ok,35,6,10000,0,False,True,False,471.8933200678559,0.5898666500848199,True,True,2.0161754000000656,"[[-0.025030409421742998, 0.0033704522242837633, 22.866185953627465], [-0.3009451088946376, 0.038655814593391756, 276.6456909682261], [-0.0010879234414614026, 0.00013786173768494742, 1.0]]"
29e23fa43704a94e,COph100/058-1/058_M_GA30_BW1490_PA33_DG0_PF0_D1_S01_5__058_M_GA30_BW1490_PA35_DG0_PF0_D1_S02_5,COph100/patient/058,COph100,sift_h,rectangle,ok,35,5,10000,9551,False,False,False,410.2726944211173,0.5128408680263966,True,,1.5797816999984207,"[[0.09469038512257925, -0.12261193771848629, 86.16733688205176], [-0.06517203047471117, 0.6842884225496999, 49.68936668405123], [-0.0009326425861698095, 0.0007536677826203244, 1.0]]"
29e23fa43704a94e,COph100/058-1/058_M_GA30_BW1490_PA33_DG0_PF0_D1_S01_5__058_M_GA30_BW1490_PA35_DG0_PF0_D1_S02_5,COph100/patient/058,COph100,sift_h,sample_orientation,ok,35,6,10000,7109,False,True,False,472.0409041153688,0.590051130144211,True,,1.8833247000002302,"[[-0.018488592328894455, -0.008647721228418824, 22.748147119939052], [-0.2186186196590151, -0.10903604547151241, 276.21910386415385], [-0.0007917072232535529, -0.00039941676207099614, 1.0]]"
6a44cc209be96b47,COph100/058-1/058_M_GA30_BW1490_PA33_DG0_PF0_D1_S01_5__058_M_GA30_BW1490_PA38_DG0_PF0_D1_S03_3,COph100/patient/058,COph100,sift_h,fov,ok,42,8,6993,3494,False,True,False,353.4952930835044,0.44186911635438053,True,,1.173865000004298,"[[0.13637278583658252, -0.10535789228756685, 57.44667951621992], [1.5231937596309126, -0.9422948792433524, 495.12705733245986], [0.002989401291062593, -0.0018862763600201726, 1.0]]"
6a44cc209be96b47,COph100/058-1/058_M_GA30_BW1490_PA33_DG0_PF0_D1_S01_5__058_M_GA30_BW1490_PA38_DG0_PF0_D1_S03_3,COph100/patient/058,COph100,sift_h,none,ok,42,8,6993,0,False,True,False,353.4952930835044,0.44186911635438053,True,True,1.3604332000104478,"[[0.13637278583658252, -0.10535789228756685, 57.44667951621992], [1.5231937596309126, -0.9422948792433524, 495.12705733245986], [0.002989401291062593, -0.0018862763600201726, 1.0]]"
6a44cc209be96b47,COph100/058-1/058_M_GA30_BW1490_PA33_DG0_PF0_D1_S01_5__058_M_GA30_BW1490_PA38_DG0_PF0_D1_S03_3,COph100/patient/058,COph100,sift_h,rectangle,ok,42,8,6993,6479,False,False,False,1398.7615744179145,1.748451968022393,True,,1.2050625000119908,"[[2.9725884211780835, 0.11278587590976968, -206.54191136725944], [3.2011981783141876, -0.8342133744174898, 391.43512676792346], [0.0005267792576934945, -0.001065565980742994, 1.0]]"
6a44cc209be96b47,COph100/058-1/058_M_GA30_BW1490_PA33_DG0_PF0_D1_S01_5__058_M_GA30_BW1490_PA38_DG0_PF0_D1_S03_3,COph100/patient/058,COph100,sift_h,sample_orientation,ok,42,8,6993,5148,False,True,False,281.10926023368125,0.35138657529210154,True,,1.378186200003256,"[[-7.9655711156618345, -0.9806180851403994, 1020.2940017360164], [-5.977330680318468, -0.610001515635356, 688.3879067517063], [-0.008592853460422224, -0.0009001688847227148, 1.0]]"
957c15e75313ceff,COph100/058-1/058_M_GA30_BW1490_PA35_DG0_PF0_D1_S02_5__058_M_GA30_BW1490_PA38_DG0_PF0_D1_S03_3,COph100/patient/058,COph100,sift_h,fov,ok,27,7,2035,1140,False,True,False,373.13570690734446,0.4664196336341806,True,,0.376453799995943,"[[-0.02948084508326176, -0.028828244452419417, 46.56477015079503], [-0.051435600728426636, -0.24313466420280422, 209.55474682831874], [-0.0005105784421154272, -0.0007692144899803963, 1.0]]"
957c15e75313ceff,COph100/058-1/058_M_GA30_BW1490_PA35_DG0_PF0_D1_S02_5__058_M_GA30_BW1490_PA38_DG0_PF0_D1_S03_3,COph100/patient/058,COph100,sift_h,none,ok,27,7,2035,0,False,True,False,373.13570690734446,0.4664196336341806,True,True,0.4232703000016045,"[[-0.02948084508326176, -0.028828244452419417, 46.56477015079503], [-0.051435600728426636, -0.24313466420280422, 209.55474682831874], [-0.0005105784421154272, -0.0007692144899803963, 1.0]]"
957c15e75313ceff,COph100/058-1/058_M_GA30_BW1490_PA35_DG0_PF0_D1_S02_5__058_M_GA30_BW1490_PA38_DG0_PF0_D1_S03_3,COph100/patient/058,COph100,sift_h,rectangle,ok,27,7,2035,1862,False,False,False,153.58152546485223,0.1919769068310653,True,,0.3470081000123173,"[[0.613739865018033, 0.026886651986788072, 18.245982311674652], [-0.04213371485487768, -0.1817706937257329, 224.27348857979416], [-0.00027062308019259226, -0.00013172697800293805, 1.0]]"
957c15e75313ceff,COph100/058-1/058_M_GA30_BW1490_PA35_DG0_PF0_D1_S02_5__058_M_GA30_BW1490_PA38_DG0_PF0_D1_S03_3,COph100/patient/058,COph100,sift_h,sample_orientation,ok,27,7,2035,1389,False,True,True,2160.5800637446305,2.700725079680788,True,,0.37562269999762066,"[[0.40803829165946487, 0.3241309935206972, 10.586900718386282], [-0.5194876794587665, 0.3759297437199172, 320.15836025270727], [-0.00391036836078523, 0.00522884241316576, 1.0]]"
e7618755cdf851da,COph100/058/058_M_GA30_BW1490_PA33_DG0_PF0_D1_S01_2__058_M_GA30_BW1490_PA35_DG0_PF0_D1_S02_3,COph100/patient/058,COph100,sift_h,fov,ok,31,6,6559,4119,False,False,False,370.98816183357474,0.4637352022919684,True,,1.1160805999970762,"[[0.8398119562705891, -1.554805533423975, 1201.218777581851], [0.7120388909727289, -0.03362488460371624, -44.253768861364804], [0.0008691766821863829, -0.0012632154484432299, 1.0]]"
e7618755cdf851da,COph100/058/058_M_GA30_BW1490_PA33_DG0_PF0_D1_S01_2__058_M_GA30_BW1490_PA35_DG0_PF0_D1_S02_3,COph100/patient/058,COph100,sift_h,none,ok,31,7,3539,0,False,True,True,331.75960224186696,0.4146995028023337,True,True,0.6761040999990655,"[[-0.6866174413485157, -1.2305416981901516, 922.2422798839513], [-0.47291867275980637, -0.7552226496223403, 590.1981834669846], [-0.000708237751563155, -0.0013386461190879385, 1.0]]"
e7618755cdf851da,COph100/058/058_M_GA30_BW1490_PA33_DG0_PF0_D1_S01_2__058_M_GA30_BW1490_PA35_DG0_PF0_D1_S02_3,COph100/patient/058,COph100,sift_h,rectangle,ok,31,6,6559,6066,False,False,False,370.98816183357474,0.4637352022919684,True,,1.1296416999975918,"[[0.8398119562705891, -1.554805533423975, 1201.218777581851], [0.7120388909727289, -0.03362488460371624, -44.253768861364804], [0.0008691766821863829, -0.0012632154484432299, 1.0]]"
e7618755cdf851da,COph100/058/058_M_GA30_BW1490_PA33_DG0_PF0_D1_S01_2__058_M_GA30_BW1490_PA35_DG0_PF0_D1_S02_3,COph100/patient/058,COph100,sift_h,sample_orientation,ok,31,6,6559,4846,False,False,False,370.98816183357474,0.4637352022919684,True,,1.2402008999924874,"[[0.8398119562705891, -1.554805533423975, 1201.218777581851], [0.7120388909727289, -0.03362488460371624, -44.253768861364804], [0.0008691766821863829, -0.0012632154484432299, 1.0]]"
21b5664b5bd7c953,COph100/059-1/059_M_GA40_BW3680_PA61_DG12_PF0_D1_S01_1__059_M_GA40_BW3680_PA112_DG12_PF0_D1_S03_1,COph100/patient/059,COph100,sift_h,fov,ok,47,9,6846,3654,False,True,False,417.7539236179631,0.5221924045224539,True,,1.362622000000556,"[[17.56944537254517, -3.206669286049407, 1015.6215987650926], [3.6042204970161236, -0.6521381126895075, 205.48541028321551], [0.017244488219514877, -0.0031538649980225823, 1.0]]"
21b5664b5bd7c953,COph100/059-1/059_M_GA40_BW3680_PA61_DG12_PF0_D1_S01_1__059_M_GA40_BW3680_PA112_DG12_PF0_D1_S03_1,COph100/patient/059,COph100,sift_h,none,ok,47,9,6846,0,False,True,False,417.7539236179631,0.5221924045224539,True,True,1.4012635000108276,"[[17.56944537254517, -3.206669286049407, 1015.6215987650926], [3.6042204970161236, -0.6521381126895075, 205.48541028321551], [0.017244488219514877, -0.0031538649980225823, 1.0]]"
21b5664b5bd7c953,COph100/059-1/059_M_GA40_BW3680_PA61_DG12_PF0_D1_S01_1__059_M_GA40_BW3680_PA112_DG12_PF0_D1_S03_1,COph100/patient/059,COph100,sift_h,rectangle,ok,47,8,10000,9394,False,False,False,379.9591406662614,0.4749489258328268,True,,1.6469692999962717,"[[-0.18361343795056034, 1.7416806505353404, 852.8991206706598], [-0.8973745573091528, 0.6053051170149397, 843.6942088838373], [-0.0002570957865156837, 0.0015782692801508571, 1.0]]"
21b5664b5bd7c953,COph100/059-1/059_M_GA40_BW3680_PA61_DG12_PF0_D1_S01_1__059_M_GA40_BW3680_PA112_DG12_PF0_D1_S03_1,COph100/patient/059,COph100,sift_h,sample_orientation,invalid_transform,47,8,10000,7291,False,,,,,True,,2.048211100001936,
819402485382357e,COph100/059-1/059_M_GA40_BW3680_PA61_DG12_PF0_D1_S01_1__059_M_GA40_BW3680_PA85_DG12_PF0_D1_S02_2,COph100/patient/059,COph100,sift_h,fov,ok,59,9,10000,5663,False,False,False,151.39908703469916,0.18924885879337394,True,,1.673152500006836,"[[5.02975491445451, 16.85191450008313, -810.2840945565148], [-1.386868674995804, 3.085591694009067, 1499.9585004646092], [0.00350253042626821, 0.016436469644727468, 1.0]]"
819402485382357e,COph100/059-1/059_M_GA40_BW3680_PA61_DG12_PF0_D1_S01_1__059_M_GA40_BW3680_PA85_DG12_PF0_D1_S02_2,COph100/patient/059,COph100,sift_h,none,ok,59,9,10000,0,False,True,True,492.0971659742569,0.6151214574678211,True,True,2.0039374999905704,"[[0.009462670109259181, 0.0037594593008582968, -6.529461032521123], [-0.14661098367773537, -0.29209520101653114, 184.19741535564864], [-0.0007937290651704678, -0.001588102444122914, 1.0]]"
819402485382357e,COph100/059-1/059_M_GA40_BW3680_PA61_DG12_PF0_D1_S01_1__059_M_GA40_BW3680_PA85_DG12_PF0_D1_S02_2,COph100/patient/059,COph100,sift_h,rectangle,ok,59,9,10000,9290,False,False,False,151.39908703469916,0.18924885879337394,True,,1.6509810999996262,"[[5.02975491445451, 16.85191450008313, -810.2840945565148], [-1.386868674995804, 3.085591694009067, 1499.9585004646092], [0.00350253042626821, 0.016436469644727468, 1.0]]"
819402485382357e,COph100/059-1/059_M_GA40_BW3680_PA61_DG12_PF0_D1_S01_1__059_M_GA40_BW3680_PA85_DG12_PF0_D1_S02_2,COph100/patient/059,COph100,sift_h,sample_orientation,ok,59,9,10000,7197,False,False,False,151.39908703469916,0.18924885879337394,True,,1.87357239999983,"[[5.02975491445451, 16.85191450008313, -810.2840945565148], [-1.386868674995804, 3.085591694009067, 1499.9585004646092], [0.00350253042626821, 0.016436469644727468, 1.0]]"
71ca6859a68ff4f2,COph100/059-1/059_M_GA40_BW3680_PA85_DG12_PF0_D1_S02_2__059_M_GA40_BW3680_PA112_DG12_PF0_D1_S03_1,COph100/patient/059,COph100,sift_h,fov,ok,43,6,10000,5006,False,True,False,219.8138559219702,0.2747673199024627,True,,1.7277762000012444,"[[-0.4285916612972503, -5.25761896119552, 532.4326385431964], [0.1139166449709016, -4.026747981024216, 371.178806062385], [-0.004742211115195431, -0.0056829367882307615, 1.0]]"
71ca6859a68ff4f2,COph100/059-1/059_M_GA40_BW3680_PA85_DG12_PF0_D1_S02_2__059_M_GA40_BW3680_PA112_DG12_PF0_D1_S03_1,COph100/patient/059,COph100,sift_h,none,ok,43,7,10000,0,False,True,True,301.37433070238166,0.37671791337797705,True,True,2.0924805000104243,"[[-0.1374932718657602, -0.06709619661996453, 145.74257799526183], [-0.677933565762394, -0.35059897758667735, 714.5278363466871], [-0.0009354210968659073, -0.0005136698044242436, 1.0]]"
71ca6859a68ff4f2,COph100/059-1/059_M_GA40_BW3680_PA85_DG12_PF0_D1_S02_2__059_M_GA40_BW3680_PA112_DG12_PF0_D1_S03_1,COph100/patient/059,COph100,sift_h,rectangle,ok,43,6,10000,9390,False,False,False,196.465376796843,0.24558172099605374,True,,1.5489497000089614,"[[0.17357586205366202, 0.30301003226379286, -156.52947139371162], [-0.35304488694558467, 0.26481675545679456, 317.3422949435159], [-0.00054438006398636, -0.0003975515385708898, 1.0]]"
71ca6859a68ff4f2,COph100/059-1/059_M_GA40_BW3680_PA85_DG12_PF0_D1_S02_2__059_M_GA40_BW3680_PA112_DG12_PF0_D1_S03_1,COph100/patient/059,COph100,sift_h,sample_orientation,ok,43,6,10000,6977,False,True,True,417.39217837417857,0.5217402229677233,True,,2.0024265000101877,"[[0.03312617952127003, -0.013972605457856876, -61.395522168652114], [-0.010693585699821002, -3.180880706885678, 438.15119521185954], [-0.0002954938466287772, -0.006909171961026618, 1.0]]"
8ddbb955528d5881,COph100/059/059_M_GA40_BW3680_PA61_DG12_PF0_D1_S01_5__059_M_GA40_BW3680_PA112_DG12_PF0_D1_S03_3,COph100/patient/059,COph100,sift_h,fov,ok,32,7,4018,1974,False,True,False,278.66046941687983,0.3483255867710998,True,,0.7116807999991579,"[[-6.042954651192654, -4.66474890275694, 963.6825963335034], [-0.870399421962394, -0.6365862945692744, 136.446192101434], [-0.00627368105073942, -0.004833869492587219, 1.0]]"
8ddbb955528d5881,COph100/059/059_M_GA40_BW3680_PA61_DG12_PF0_D1_S01_5__059_M_GA40_BW3680_PA112_DG12_PF0_D1_S03_3,COph100/patient/059,COph100,sift_h,none,ok,32,7,4018,0,False,True,False,278.66046941687983,0.3483255867710998,True,True,0.7844154999911552,"[[-6.042954651192654, -4.66474890275694, 963.6825963335034], [-0.870399421962394, -0.6365862945692744, 136.446192101434], [-0.00627368105073942, -0.004833869492587219, 1.0]]"
8ddbb955528d5881,COph100/059/059_M_GA40_BW3680_PA61_DG12_PF0_D1_S01_5__059_M_GA40_BW3680_PA112_DG12_PF0_D1_S03_3,COph100/patient/059,COph100,sift_h,rectangle,ok,32,6,7448,6968,False,False,False,232.7876278354228,0.2909845347942785,True,,1.1910394000005908,"[[3.182327569453409, 32.69981854581449, -2701.0302276750567], [11.643780261681515, 6.273379924303949, -1175.508372000204], [0.013525004968960957, 0.015366752808439353, 1.0]]"
8ddbb955528d5881,COph100/059/059_M_GA40_BW3680_PA61_DG12_PF0_D1_S01_5__059_M_GA40_BW3680_PA112_DG12_PF0_D1_S03_3,COph100/patient/059,COph100,sift_h,sample_orientation,ok,32,7,4018,2927,False,True,False,278.66046941687983,0.3483255867710998,True,,0.7419346999959089,"[[-6.042954651192654, -4.66474890275694, 963.6825963335034], [-0.870399421962394, -0.6365862945692744, 136.446192101434], [-0.00627368105073942, -0.004833869492587219, 1.0]]"
92008279d3f59629,COph100/059/059_M_GA40_BW3680_PA61_DG12_PF0_D1_S01_5__059_M_GA40_BW3680_PA85_DG12_PF0_D1_S02_4,COph100/patient/059,COph100,sift_h,fov,ok,42,8,6993,2900,False,True,False,242.63800248308735,0.30329750310385917,True,,1.3353022999945097,"[[0.5928683789420133, -0.23625514601985292, 123.49755876162806], [0.09926343539042337, 0.001548614886442369, 4.349958966420682], [0.004323102041276226, -0.0020649928154217534, 1.0]]"
92008279d3f59629,COph100/059/059_M_GA40_BW3680_PA61_DG12_PF0_D1_S01_5__059_M_GA40_BW3680_PA85_DG12_PF0_D1_S02_4,COph100/patient/059,COph100,sift_h,none,ok,42,8,6993,0,False,True,False,242.63800248308735,0.30329750310385917,True,True,1.3793805000022985,"[[0.5928683789420133, -0.23625514601985292, 123.49755876162806], [0.09926343539042337, 0.001548614886442369, 4.349958966420682], [0.004323102041276226, -0.0020649928154217534, 1.0]]"
92008279d3f59629,COph100/059/059_M_GA40_BW3680_PA61_DG12_PF0_D1_S01_5__059_M_GA40_BW3680_PA85_DG12_PF0_D1_S02_4,COph100/patient/059,COph100,sift_h,rectangle,ok,42,7,10000,9466,False,False,False,333.76643831559284,0.41720804789449106,True,,1.6098318000003928,"[[-6.498364500954128, 10.287564302547592, -801.5699940986048], [1.8693104744875784, 6.988461185641057, -1043.4398626689222], [0.005721221713812269, 0.006328496599926161, 1.0]]"
92008279d3f59629,COph100/059/059_M_GA40_BW3680_PA61_DG12_PF0_D1_S01_5__059_M_GA40_BW3680_PA85_DG12_PF0_D1_S02_4,COph100/patient/059,COph100,sift_h,sample_orientation,ok,42,8,6993,5035,False,True,False,242.63800248308735,0.30329750310385917,True,,1.3261157999950228,"[[0.5928683789420133, -0.23625514601985292, 123.49755876162806], [0.09926343539042337, 0.001548614886442369, 4.349958966420682], [0.004323102041276226, -0.0020649928154217534, 1.0]]"
97bfd50d6e3a5dd4,COph100/059/059_M_GA40_BW3680_PA85_DG12_PF0_D1_S02_4__059_M_GA40_BW3680_PA112_DG12_PF0_D1_S03_3,COph100/patient/059,COph100,sift_h,fov,ok,46,8,10000,5029,False,True,False,335.30379574130274,0.41912974467662845,True,,1.8455556999979308,"[[-0.9152883778647033, -0.5011690538724766, 129.1903211957483], [-0.10209373426326371, -0.055971170074592166, 14.42644358995624], [-0.007086736448671946, -0.0038795137163351, 1.0]]"
97bfd50d6e3a5dd4,COph100/059/059_M_GA40_BW3680_PA85_DG12_PF0_D1_S02_4__059_M_GA40_BW3680_PA112_DG12_PF0_D1_S03_3,COph100/patient/059,COph100,sift_h,none,ok,46,8,10000,0,False,True,False,335.30379574130274,0.41912974467662845,True,True,1.8500194999942323,"[[-0.9152883778647033, -0.5011690538724766, 129.1903211957483], [-0.10209373426326371, -0.055971170074592166, 14.42644358995624], [-0.007086736448671946, -0.0038795137163351, 1.0]]"
97bfd50d6e3a5dd4,COph100/059/059_M_GA40_BW3680_PA85_DG12_PF0_D1_S02_4__059_M_GA40_BW3680_PA112_DG12_PF0_D1_S03_3,COph100/patient/059,COph100,sift_h,rectangle,ok,46,7,10000,9316,False,False,False,115.29901778573728,0.1441237722321716,True,,1.569744799999171,"[[1.0207281335711926, -0.22471188561322977, 142.56308928109638], [0.16020991912632238, 1.2190133501456006, -226.804200049407], [0.00016382321572799992, -0.00014336167498822655, 1.0]]"
97bfd50d6e3a5dd4,COph100/059/059_M_GA40_BW3680_PA85_DG12_PF0_D1_S02_4__059_M_GA40_BW3680_PA112_DG12_PF0_D1_S03_3,COph100/patient/059,COph100,sift_h,sample_orientation,ok,46,8,10000,7205,False,True,False,333.8363676136727,0.41729545951709085,True,,1.987415299998247,"[[0.5369193375021398, -0.28307558359504176, 129.35567594440278], [0.08101170410201139, -0.024577880984451937, 12.406806356280988], [0.004149358001165147, -0.0021862879221284095, 1.0]]"
cc8ac7507bbd4ecb,COph100/061-1/061_M_GA26_BW880_PA32_DG0_PF0_D1_S01_6__061_M_GA26_BW880_PA38_DG0_PF0_D1_S02_7,COph100/patient/061,COph100,sift_h,fov,ok,35,7,5752,2193,False,True,False,312.3063339792642,0.39038291747408027,True,,1.0099045000097249,"[[23.53239178058707, -5.511965820910253, 1035.6095727827562], [3.8075272321862266, -0.9781897864673028, 226.9227483783801], [0.02334601461429199, -0.005446740620513797, 1.0]]"
cc8ac7507bbd4ecb,COph100/061-1/061_M_GA26_BW880_PA32_DG0_PF0_D1_S01_6__061_M_GA26_BW880_PA38_DG0_PF0_D1_S02_7,COph100/patient/061,COph100,sift_h,none,ok,35,7,5752,0,False,True,False,312.3063339792642,0.39038291747408027,True,True,1.1323661000060383,"[[23.53239178058707, -5.511965820910253, 1035.6095727827562], [3.8075272321862266, -0.9781897864673028, 226.9227483783801], [0.02334601461429199, -0.005446740620513797, 1.0]]"
cc8ac7507bbd4ecb,COph100/061-1/061_M_GA26_BW880_PA32_DG0_PF0_D1_S01_6__061_M_GA26_BW880_PA38_DG0_PF0_D1_S02_7,COph100/patient/061,COph100,sift_h,rectangle,ok,35,7,5752,5368,False,False,False,278.48432051645545,0.34810540064556933,True,,0.8804746999958297,"[[-0.026283318073240563, -1.3767460327241163, 1025.3262939338977], [-0.06942951268201628, -0.1669971915014087, 187.3717545822435], [1.5765646964620646e-05, -0.0011916268222650949, 1.0]]"
cc8ac7507bbd4ecb,COph100/061-1/061_M_GA26_BW880_PA32_DG0_PF0_D1_S01_6__061_M_GA26_BW880_PA38_DG0_PF0_D1_S02_7,COph100/patient/061,COph100,sift_h,sample_orientation,ok,35,7,5752,4223,False,False,False,278.48432051645545,0.34810540064556933,True,,1.1402431999886176,"[[-0.026283318073240563, -1.3767460327241163, 1025.3262939338977], [-0.06942951268201628, -0.1669971915014087, 187.3717545822435], [1.5765646964620646e-05, -0.0011916268222650949, 1.0]]"
5bc1cd99f184c638,COph100/061-1/061_M_GA26_BW880_PA38_DG0_PF0_D1_S02_7__061_M_GA26_BW880_PA42_DG0_PF0_D1_S03_2,COph100/patient/061,COph100,sift_h,fov,ok,29,8,1586,855,False,True,False,286.721316853433,0.35840164606679126,True,,0.28416270000161603,"[[-12.831195678519553, -1.0919762731909648, 896.8546810579362], [-10.662774813281121, -1.3789575549407416, 759.6130176432904], [-0.014380306822186807, -0.0018289002882880428, 1.0]]"
5bc1cd99f184c638,COph100/061-1/061_M_GA26_BW880_PA38_DG0_PF0_D1_S02_7__061_M_GA26_BW880_PA42_DG0_PF0_D1_S03_2,COph100/patient/061,COph100,sift_h,none,ok,29,8,1586,0,False,True,True,406.37256371912474,0.5079657046489059,True,True,0.3104544999951031,"[[-0.6489286155611699, -1.5385078660309222, 866.0478787214104], [-0.5217984803150121, -1.4154289004109493, 726.3319286398031], [-0.0007176023068015988, -0.001944871948362608, 1.0]]"
5bc1cd99f184c638,COph100/061-1/061_M_GA26_BW880_PA38_DG0_PF0_D1_S02_7__061_M_GA26_BW880_PA42_DG0_PF0_D1_S03_2,COph100/patient/061,COph100,sift_h,rectangle,ok,29,7,2709,2499,False,False,False,283.2448757338905,0.35405609466736315,True,,0.387662300010561,"[[-0.6296555496442944, -0.18162585737415426, 867.6728485408215], [-0.5115448543264043, -0.24199614268864886, 726.7972774830097], [-0.0007231902699858314, -0.000247881096646094, 1.0]]"
5bc1cd99f184c638,COph100/061-1/061_M_GA26_BW880_PA38_DG0_PF0_D1_S02_7__061_M_GA26_BW880_PA42_DG0_PF0_D1_S03_2,COph100/patient/061,COph100,sift_h,sample_orientation,ok,29,8,1586,1133,False,True,False,286.721316853433,0.35840164606679126,True,,0.2979236000101082,"[[-12.831195678519553, -1.0919762731909648, 896.8546810579362], [-10.662774813281121, -1.3789575549407416, 759.6130176432904], [-0.014380306822186807, -0.0018289002882880428, 1.0]]"
bf50840c43fe7c44,COph100/061/061_M_GA26_BW880_PA32_DG0_PF0_D1_S01_2__061_M_GA26_BW880_PA38_DG0_PF0_D1_S02_2,COph100/patient/061,COph100,sift_h,fov,invalid_transform,30,6,5752,2953,False,,,,,True,,1.026718000008259,
bf50840c43fe7c44,COph100/061/061_M_GA26_BW880_PA32_DG0_PF0_D1_S01_2__061_M_GA26_BW880_PA38_DG0_PF0_D1_S02_2,COph100/patient/061,COph100,sift_h,none,ok,30,6,5752,0,False,True,True,355.25784257544444,0.4440723032193056,True,True,1.062359400006244,"[[1.0311232834620285, -9.911116526839097, 995.1416794553534], [0.5459393315646359, -5.284711035707659, 536.0577857233053], [0.0010368043533959999, -0.009961626724153605, 1.0]]"
bf50840c43fe7c44,COph100/061/061_M_GA26_BW880_PA32_DG0_PF0_D1_S01_2__061_M_GA26_BW880_PA38_DG0_PF0_D1_S02_2,COph100/patient/061,COph100,sift_h,rectangle,ok,30,5,10000,9653,False,False,False,177.83251911134062,0.22229064888917577,True,,1.6541791000054218,"[[0.49846653352460196, 0.8593722047210453, -130.87093625690406], [2.658463189439453, -0.32833433545574797, 95.12786210795181], [0.0030855748094433116, -0.001260331582117891, 1.0]]"
bf50840c43fe7c44,COph100/061/061_M_GA26_BW880_PA32_DG0_PF0_D1_S01_2__061_M_GA26_BW880_PA38_DG0_PF0_D1_S02_2,COph100/patient/061,COph100,sift_h,sample_orientation,ok,30,6,9882,7086,False,True,False,284.61654386307976,0.3557706798288497,True,,1.8639842999982648,"[[-0.05154709861087843, -0.050504691932590565, 83.21693294828329], [-0.4508887590516914, -0.3524490412916853, 660.9736235851173], [-0.0006869111313421934, -0.0005265198029214092, 1.0]]"
e5492773d64ce838,COph100/061/061_M_GA26_BW880_PA32_DG0_PF0_D1_S01_2__061_M_GA26_BW880_PA42_DG0_PF0_D1_S03_7,COph100/patient/061,COph100,sift_h,fov,ok,37,6,10000,5364,False,True,False,281.7138129591007,0.3521422661988759,True,,1.834803899997496,"[[-0.020692867260634334, -0.013182993759275438, 28.479274312623343], [-0.4133975808426757, -0.2557409369259351, 564.5310931748863], [-0.0007401488437307099, -0.00044203912439070187, 1.0]]"
e5492773d64ce838,COph100/061/061_M_GA26_BW880_PA32_DG0_PF0_D1_S01_2__061_M_GA26_BW880_PA42_DG0_PF0_D1_S03_7,COph100/patient/061,COph100,sift_h,none,ok,37,6,10000,0,False,True,True,274.24527808958476,0.34280659761198096,True,True,2.0641651999903843,"[[-0.013429265128919734, -0.05630810762964729, 27.517351418104493], [-0.4924706669540572, -1.1267348620283406, 564.7452754001208], [-0.0008615072067789097, -0.0020000560276403506, 1.0]]"
e5492773d64ce838,COph100/061/061_M_GA26_BW880_PA32_DG0_PF0_D1_S01_2__061_M_GA26_BW880_PA42_DG0_PF0_D1_S03_7,COph100/patient/061,COph100,sift_h,rectangle,ok,37,5,10000,9568,False,False,False,290.86589232505924,0.36358236540632405,True,,1.6210763999988558,"[[-0.5686401388376272, -0.5578608439103905, 919.2473991404812], [-0.7103922777470105, 0.021770463328982866, 678.8682180746266], [-0.000632937753007575, -0.0004360973602109922, 1.0]]"
e5492773d64ce838,COph100/061/061_M_GA26_BW880_PA32_DG0_PF0_D1_S01_2__061_M_GA26_BW880_PA42_DG0_PF0_D1_S03_7,COph100/patient/061,COph100,sift_h,sample_orientation,ok,37,6,10000,7371,False,True,True,279.7612464349602,0.34970155804370023,True,,1.962228000003961,"[[0.008393199185194154, -0.044648357816326686, 28.263625140760308], [0.11576212794886487, -0.8847983297671298, 564.3323481715295], [0.0002021690900510157, -0.0015667068442632368, 1.0]]"
1b08cd8ed2f1c22d,COph100/062-1/062_F_GA27_BW900_PA35_DG0_PF0_D1_S01_7__062_F_GA27_BW900_PA39_DG0_PF0_D1_S02_7,COph100/patient/062,COph100,sift_h,fov,ok,29,6,5022,2521,False,False,False,19.14204171681522,0.023927552146019028,True,,0.9000787999975728,"[[0.797541631123438, 0.02001714205804558, 2.981058078363729], [-0.08828067074702743, 0.8963392215683412, 46.36317806366735], [-0.00018359296062634366, -1.1528933870274955e-05, 1.0]]"
1b08cd8ed2f1c22d,COph100/062-1/062_F_GA27_BW900_PA35_DG0_PF0_D1_S01_7__062_F_GA27_BW900_PA39_DG0_PF0_D1_S02_7,COph100/patient/062,COph100,sift_h,none,ok,29,6,5022,0,False,True,True,279.3739150639783,0.34921739382997286,True,True,1.0211609999969369,"[[0.28765218869007997, -0.6977096513865975, 124.72064208741523], [1.6181366370159347, -3.9215736759745066, 699.1618592004194], [0.002333125561893027, -0.005633915451419595, 1.0]]"
1b08cd8ed2f1c22d,COph100/062-1/062_F_GA27_BW900_PA35_DG0_PF0_D1_S01_7__062_F_GA27_BW900_PA39_DG0_PF0_D1_S02_7,COph100/patient/062,COph100,sift_h,rectangle,ok,29,6,5022,4660,False,False,False,19.14204171681522,0.023927552146019028,True,,0.8197553999925731,"[[0.797541631123438, 0.02001714205804558, 2.981058078363729], [-0.08828067074702743, 0.8963392215683412, 46.36317806366735], [-0.00018359296062634366, -1.1528933870274955e-05, 1.0]]"
1b08cd8ed2f1c22d,COph100/062-1/062_F_GA27_BW900_PA35_DG0_PF0_D1_S01_7__062_F_GA27_BW900_PA39_DG0_PF0_D1_S02_7,COph100/patient/062,COph100,sift_h,sample_orientation,ok,29,6,5022,3583,False,True,True,279.001659586783,0.3487520744834787,True,,0.985507300007157,"[[0.1733097911960431, -0.5425917582869836, 122.73512363484095], [0.971376396236959, -3.0547155486549804, 692.5430491779441], [0.0013946416889177747, -0.004397929301904331, 1.0]]"
d3e88b83d3857674,COph100/062/062_F_GA27_BW900_PA35_DG0_PF0_D1_S01_3__062_F_GA27_BW900_PA39_DG0_PF0_D1_S02_3,COph100/patient/062,COph100,sift_h,fov,ok,39,9,3244,1128,False,True,False,297.6881811092533,0.37211022638656666,True,,0.6812595000083093,"[[-14.79686849758568, -0.9665002043004637, 906.325391240705], [-10.640009274629495, -0.6948529836120155, 651.7119341559805], [-0.016326659786661146, -0.0010656476931370337, 1.0]]"
d3e88b83d3857674,COph100/062/062_F_GA27_BW900_PA35_DG0_PF0_D1_S01_3__062_F_GA27_BW900_PA39_DG0_PF0_D1_S02_3,COph100/patient/062,COph100,sift_h,none,ok,39,9,3244,0,False,True,False,297.6881811092533,0.37211022638656666,True,True,0.6609066999953939,"[[-14.79686849758568, -0.9665002043004637, 906.325391240705], [-10.640009274629495, -0.6948529836120155, 651.7119341559805], [-0.016326659786661146, -0.0010656476931370337, 1.0]]"
d3e88b83d3857674,COph100/062/062_F_GA27_BW900_PA35_DG0_PF0_D1_S01_3__062_F_GA27_BW900_PA39_DG0_PF0_D1_S02_3,COph100/patient/062,COph100,sift_h,rectangle,ok,39,7,8870,8306,False,False,False,200.79063880527553,0.25098829850659443,True,,1.3597163999947952,"[[0.2821762139519134, -2.0722995771530455, 1105.0660294072522], [0.869936107705022, 0.28975476527784816, -12.144944191962752], [0.0010576912945564427, -0.0003152440244944846, 1.0]]"
d3e88b83d3857674,COph100/062/062_F_GA27_BW900_PA35_DG0_PF0_D1_S01_3__062_F_GA27_BW900_PA39_DG0_PF0_D1_S02_3,COph100/patient/062,COph100,sift_h,sample_orientation,ok,39,8,5198,3609,False,True,False,285.11697830311806,0.35639622287889755,True,,1.0054107000032673,"[[-15.387978712336723, -0.8292300918851588, 844.7312020951665], [-0.3340014532405561, 0.02119114524159037, -39.67293293574083], [-0.016926013813792256, -0.0014121062767290284, 1.0]]"
e93fd72df3738307,COph100/064-1/064_M_GA30_BW990_PA33_DG0_PF0_D1_S01_6__064_M_GA30_BW990_PA37_DG0_PF0_D1_S02_8,COph100/patient/064,COph100,sift_h,fov,ok,24,6,2354,1039,False,True,False,359.98721145093094,0.4499840143136637,True,,0.47146069999143947,"[[-0.6625865412220671, -0.030702292908549065, 39.0300001648225], [-9.693367270907181, -0.45841149405924514, 564.2576069794553], [-0.01717273596820211, -0.0008118087093704536, 1.0]]"
e93fd72df3738307,COph100/064-1/064_M_GA30_BW990_PA33_DG0_PF0_D1_S01_6__064_M_GA30_BW990_PA37_DG0_PF0_D1_S02_8,COph100/patient/064,COph100,sift_h,none,ok,24,6,2354,0,False,True,False,359.98721145093094,0.4499840143136637,True,True,0.4588394000020344,"[[-0.6625865412220671, -0.030702292908549065, 39.0300001648225], [-9.693367270907181, -0.45841149405924514, 564.2576069794553], [-0.01717273596820211, -0.0008118087093704536, 1.0]]"
e93fd72df3738307,COph100/064-1/064_M_GA30_BW990_PA33_DG0_PF0_D1_S01_6__064_M_GA30_BW990_PA37_DG0_PF0_D1_S02_8,COph100/patient/064,COph100,sift_h,rectangle,ok,24,5,4885,4731,False,False,False,97.73392978165694,0.12216741222707117,True,,0.7699150999978883,"[[2.303470587675872, 0.21016898875083861, -94.78632519459255], [0.6856512418510162, 1.4724418523233367, -89.29906727092245], [0.0012606776045640644, 0.00022825051252280755, 1.0]]"
e93fd72df3738307,COph100/064-1/064_M_GA30_BW990_PA33_DG0_PF0_D1_S01_6__064_M_GA30_BW990_PA37_DG0_PF0_D1_S02_8,COph100/patient/064,COph100,sift_h,sample_orientation,ok,24,5,4885,3722,False,True,False,292.9972010931932,0.3662465013664915,True,,0.935480699990876,"[[-0.8585437846816294, -0.2191082178848494, 874.9469404102505], [-0.6755602615019696, -0.23459287498432252, 709.974637469692], [-0.0009494328554355642, -0.00030854951607083567, 1.0]]"
f472556693730bde,COph100/064-1/064_M_GA30_BW990_PA33_DG0_PF0_D1_S01_6__064_M_GA30_BW990_PA40_DG0_PF0_D1_S03_3,COph100/patient/064,COph100,sift_h,fov,ok,28,6,6454,3599,False,True,False,275.2221657155221,0.3440277071444027,True,,1.1620639000029769,"[[2.8487195878754665, -0.36004927955481675, 141.57605945559044], [-0.29330490919463503, 0.6518658515721407, -152.10087459636196], [0.0030256389431891607, -0.001436164297890778, 1.0]]"
f472556693730bde,COph100/064-1/064_M_GA30_BW990_PA33_DG0_PF0_D1_S01_6__064_M_GA30_BW990_PA40_DG0_PF0_D1_S03_3,COph100/patient/064,COph100,sift_h,none,ok,28,6,6454,0,False,True,False,275.2221657155221,0.3440277071444027,True,True,1.0925661000073887,"[[2.8487195878754665, -0.36004927955481675, 141.57605945559044], [-0.29330490919463503, 0.6518658515721407, -152.10087459636196], [0.0030256389431891607, -0.001436164297890778, 1.0]]"
f472556693730bde,COph100/064-1/064_M_GA30_BW990_PA33_DG0_PF0_D1_S01_6__064_M_GA30_BW990_PA40_DG0_PF0_D1_S03_3,COph100/patient/064,COph100,sift_h,rectangle,ok,28,5,9054,8576,False,False,False,1476.004147287835,1.8450051841097936,True,,1.4022707999974955,"[[33.318463970771816, 2.561212037339645, -2092.1420321462133], [3.7083885000592733, 3.376211317158988, -391.68718525245885], [0.006897592734265241, 0.002296337877099634, 1.0]]"
f472556693730bde,COph100/064-1/064_M_GA30_BW990_PA33_DG0_PF0_D1_S01_6__064_M_GA30_BW990_PA40_DG0_PF0_D1_S03_3,COph100/patient/064,COph100,sift_h,sample_orientation,ok,28,6,6454,4678,False,True,False,275.2221657155221,0.3440277071444027,True,,1.2924198000109755,"[[2.8487195878754665, -0.36004927955481675, 141.57605945559044], [-0.29330490919463503, 0.6518658515721407, -152.10087459636196], [0.0030256389431891607, -0.001436164297890778, 1.0]]"
6942a827a4da3148,COph100/064-1/064_M_GA30_BW990_PA37_DG0_PF0_D1_S02_8__064_M_GA30_BW990_PA40_DG0_PF0_D1_S03_3,COph100/patient/064,COph100,sift_h,fov,ok,26,6,4641,2561,False,True,False,283.8278570614796,0.3547848213268495,True,,0.8412089999910677,"[[-19.719726138161064, 0.8690628839141852, 967.1608899687529], [-3.081017485478959, 0.13435668223627242, 150.66240557180234], [-0.020419693627876993, 0.000900067244416225, 1.0]]"
6942a827a4da3148,COph100/064-1/064_M_GA30_BW990_PA37_DG0_PF0_D1_S02_8__064_M_GA30_BW990_PA40_DG0_PF0_D1_S03_3,COph100/patient/064,COph100,sift_h,none,ok,26,6,3766,0,False,True,True,363.176650489989,0.45397081311248627,True,True,0.7718461000040406,"[[-0.9411772243365891, -1.3364996390446446, 952.6550711857452], [-0.3752960601000317, -0.16844061166662563, 138.45873429897836], [-0.0016321755976832326, -0.0013301817990219848, 1.0]]"
6942a827a4da3148,COph100/064-1/064_M_GA30_BW990_PA37_DG0_PF0_D1_S02_8__064_M_GA30_BW990_PA40_DG0_PF0_D1_S03_3,COph100/patient/064,COph100,sift_h,rectangle,ok,26,5,6730,6222,False,False,False,250.7570740410697,0.31344634255133713,True,,1.1092956999927992,"[[0.26278191828912384, 0.1608549114271896, -12.64499872397052], [-0.5412334659840434, 0.8343943429090797, 413.711158592307], [-0.0008882433475593116, 0.0007983708514799306, 1.0]]"
6942a827a4da3148,COph100/064-1/064_M_GA30_BW990_PA37_DG0_PF0_D1_S02_8__064_M_GA30_BW990_PA40_DG0_PF0_D1_S03_3,COph100/patient/064,COph100,sift_h,sample_orientation,ok,26,5,6730,4911,False,False,False,250.7570740410697,0.31344634255133713,True,,1.3229187999968417,"[[0.26278191828912384, 0.1608549114271896, -12.64499872397052], [-0.5412334659840434, 0.8343943429090797, 413.711158592307], [-0.0008882433475593116, 0.0007983708514799306, 1.0]]"
ceddebe098576bb6,COph100/064/064_M_GA30_BW990_PA33_DG0_PF0_D1_S01_4__064_M_GA30_BW990_PA40_DG0_PF0_D1_S03_6,COph100/patient/064,COph100,sift_h,fov,ok,32,7,6362,3218,False,True,False,373.48186217406993,0.4668523277175874,True,,1.132520699989982,"[[0.142194208333126, -0.06207818729623397, 24.812373388952558], [3.1320614337874155, -1.3436660025141387, 527.0727032608048], [0.0059349567906073555, -0.0025474734137557516, 1.0]]"
ceddebe098576bb6,COph100/064/064_M_GA30_BW990_PA33_DG0_PF0_D1_S01_4__064_M_GA30_BW990_PA40_DG0_PF0_D1_S03_6,COph100/patient/064,COph100,sift_h,none,ok,32,7,6362,0,False,True,False,373.48186217406993,0.4668523277175874,True,True,1.2443765999923926,"[[0.142194208333126, -0.06207818729623397, 24.812373388952558], [3.1320614337874155, -1.3436660025141387, 527.0727032608048], [0.0059349567906073555, -0.0025474734137557516, 1.0]]"
ceddebe098576bb6,COph100/064/064_M_GA30_BW990_PA33_DG0_PF0_D1_S01_4__064_M_GA30_BW990_PA40_DG0_PF0_D1_S03_6,COph100/patient/064,COph100,sift_h,rectangle,ok,32,6,7448,7041,False,False,False,67.22466092112447,0.08403082615140559,True,,1.1629843999980949,"[[0.7972472139444143, -0.11566889946863092, 9.030647615665583], [0.018016796035263377, 0.6412204366771245, 36.994053836416], [-0.00021692228167841912, -0.000137879563403123, 1.0]]"
ceddebe098576bb6,COph100/064/064_M_GA30_BW990_PA33_DG0_PF0_D1_S01_4__064_M_GA30_BW990_PA40_DG0_PF0_D1_S03_6,COph100/patient/064,COph100,sift_h,sample_orientation,ok,32,6,7448,5398,False,False,False,67.22466092112447,0.08403082615140559,True,,1.3567632000049343,"[[0.7972472139444143, -0.11566889946863092, 9.030647615665583], [0.018016796035263377, 0.6412204366771245, 36.994053836416], [-0.00021692228167841912, -0.000137879563403123, 1.0]]"
5822c753e769ad75,COph100/064/064_M_GA30_BW990_PA37_DG0_PF0_D1_S02_4__064_M_GA30_BW990_PA40_DG0_PF0_D1_S03_6,COph100/patient/064,COph100,sift_h,fov,ok,21,4,6993,4165,False,True,False,244.89735387602323,0.30612169234502906,True,,1.2914455999998609,"[[-2.22544664080206, -0.6717807269543582, 242.9752983262722], [-0.4163393439130956, -0.5810332060314066, 148.0576128041207], [-0.0034129106487682218, -0.0034059934053764208, 1.0]]"
5822c753e769ad75,COph100/064/064_M_GA30_BW990_PA37_DG0_PF0_D1_S02_4__064_M_GA30_BW990_PA40_DG0_PF0_D1_S03_6,COph100/patient/064,COph100,sift_h,none,ok,21,5,2862,0,False,True,True,305.5685387944284,0.3819606734930355,True,True,0.5664394999912474,"[[2.6344596109041705, -3.905153009066889, 1027.8789434131222], [4.257415698247082, -1.0480408355367068, 159.14634401153114], [0.00821310577641319, -0.004796992033815692, 1.0]]"
5822c753e769ad75,COph100/064/064_M_GA30_BW990_PA37_DG0_PF0_D1_S02_4__064_M_GA30_BW990_PA40_DG0_PF0_D1_S03_6,COph100/patient/064,COph100,sift_h,rectangle,ok,21,4,6993,6665,False,False,False,320.3908642774559,0.40048858034681983,True,,1.0825598000083119,"[[-0.7832166012913924, -0.3846842247227591, 1006.9152377033731], [-0.3387523743893687, -0.5029572115461591, 674.362562381973], [-0.0007451388489221012, -0.00024538649065820563, 1.0]]"
5822c753e769ad75,COph100/064/064_M_GA30_BW990_PA37_DG0_PF0_D1_S02_4__064_M_GA30_BW990_PA40_DG0_PF0_D1_S03_6,COph100/patient/064,COph100,sift_h,sample_orientation,ok,21,4,6993,5276,False,True,True,413.0887817192017,0.5163609771490021,True,,1.42449660001148,"[[-0.23188963186749997, 0.5683396121895429, 9.10557053030922], [3.156447640884192, -3.2498717788817717, 136.01266371375846], [0.007124594712187245, -0.00964227722556311, 1.0]]"
f51d3707a93c4b45,COph100/065-1/065_M_GA27_BW950_PA32_DG0_PF0_D1_S01_8__065_M_GA27_BW950_PA34_DG0_PF0_D1_S02_7,COph100/patient/065,COph100,sift_h,fov,ok,32,6,7448,3620,False,True,False,381.869492528533,0.47733686566066624,True,,1.420283899991773,"[[-12.43716413017675, 2.4098213851465498, 81.08863281640137], [-99.8304452344712, 19.332321950194228, 665.2875449435217], [-0.15255079354336423, 0.029556057406406624, 1.0]]"
f51d3707a93c4b45,COph100/065-1/065_M_GA27_BW950_PA32_DG0_PF0_D1_S01_8__065_M_GA27_BW950_PA34_DG0_PF0_D1_S02_7,COph100/patient/065,COph100,sift_h,none,ok,32,6,7448,0,False,True,False,381.869492528533,0.47733686566066624,True,True,1.5111246000014944,"[[-12.43716413017675, 2.4098213851465498, 81.08863281640137], [-99.8304452344712, 19.332321950194228, 665.2875449435217], [-0.15255079354336423, 0.029556057406406624, 1.0]]"
f51d3707a93c4b45,COph100/065-1/065_M_GA27_BW950_PA32_DG0_PF0_D1_S01_8__065_M_GA27_BW950_PA34_DG0_PF0_D1_S02_7,COph100/patient/065,COph100,sift_h,rectangle,ok,32,5,10000,9685,False,False,False,433.14937450685983,0.5414367181335747,True,,1.611843399994541,"[[0.5369720143431029, -0.07286459341290327, 41.549920717098686], [-0.13125831158429552, 0.2695545106875862, 226.18913080961326], [0.004593466643984447, -0.0010727718520442612, 1.0]]"
f51d3707a93c4b45,COph100/065-1/065_M_GA27_BW950_PA32_DG0_PF0_D1_S01_8__065_M_GA27_BW950_PA34_DG0_PF0_D1_S02_7,COph100/patient/065,COph100,sift_h,sample_orientation,ok,32,6,8469,6524,False,True,False,381.2958058785826,0.47661975734822826,True,,1.7140175999957137,"[[-15.127329187176601, 0.9594260540478126, 133.3866195740192], [-118.86385301270562, 8.17417014320162, 865.7776253948925], [-0.17913282213075554, 0.012880156976116613, 1.0]]"
0c8857945b9d254b,COph100/065-1/065_M_GA27_BW950_PA32_DG0_PF0_D1_S01_8__065_M_GA27_BW950_PA36_DG0_PF0_D1_S03_4,COph100/patient/065,COph100,sift_h,fov,ok,58,11,7115,3613,False,False,False,242.5287008905309,0.3031608761131636,True,,1.218925399996806,"[[-0.9559721483600164, -0.036407598789212604, 1004.5794002055123], [-0.0166393402320281, -1.0122076928913302, 790.6424457787424], [9.288704119003148e-05, -0.00014732990447119043, 1.0]]"
0c8857945b9d254b,COph100/065-1/065_M_GA27_BW950_PA32_DG0_PF0_D1_S01_8__065_M_GA27_BW950_PA36_DG0_PF0_D1_S03_4,COph100/patient/065,COph100,sift_h,none,ok,58,11,7115,0,False,True,True,7365.772315449989,9.207215394312486,True,True,1.4826036999875214,"[[11.78533407280198, -0.7347704918556213, -11576.4206525031], [-0.04849656716895546, 8.63764833653559, -6920.949054872142], [0.0022276648743159073, -0.022633876573850926, 1.0]]"
0c8857945b9d254b,COph100/065-1/065_M_GA27_BW950_PA32_DG0_PF0_D1_S01_8__065_M_GA27_BW950_PA36_DG0_PF0_D1_S03_4,COph100/patient/065,COph100,sift_h,rectangle,ok,58,11,7115,6685,False,False,False,242.5287008905309,0.3031608761131636,True,,1.119831299991347,"[[-0.9559721483600164, -0.036407598789212604, 1004.5794002055123], [-0.0166393402320281, -1.0122076928913302, 790.6424457787424], [9.288704119003148e-05, -0.00014732990447119043, 1.0]]"
0c8857945b9d254b,COph100/065-1/065_M_GA27_BW950_PA32_DG0_PF0_D1_S01_8__065_M_GA27_BW950_PA36_DG0_PF0_D1_S03_4,COph100/patient/065,COph100,sift_h,sample_orientation,ok,58,11,7115,5245,False,True,True,7365.772315449989,9.207215394312486,True,,1.348556600001757,"[[11.78533407280198, -0.7347704918556213, -11576.4206525031], [-0.04849656716895546, 8.63764833653559, -6920.949054872142], [0.0022276648743159073, -0.022633876573850926, 1.0]]"
ca27b3d58cf420fd,COph100/065-1/065_M_GA27_BW950_PA34_DG0_PF0_D1_S02_7__065_M_GA27_BW950_PA36_DG0_PF0_D1_S03_4,COph100/patient/065,COph100,sift_h,fov,ok,38,6,10000,5412,False,True,False,448.91323293191874,0.5611415411648984,True,,1.7761477999883937,"[[-0.1044335959335007, 0.01423835515821467, 81.04505344987882], [-0.08454960557768214, -0.09018357288409025, 95.49519275839585], [-0.001001082256825722, -0.00019418462175464554, 1.0]]"
ca27b3d58cf420fd,COph100/065-1/065_M_GA27_BW950_PA34_DG0_PF0_D1_S02_7__065_M_GA27_BW950_PA36_DG0_PF0_D1_S03_4,COph100/patient/065,COph100,sift_h,none,ok,38,6,10000,0,False,True,False,448.91323293191874,0.5611415411648984,True,True,2.0847752999980003,"[[-0.1044335959335007, 0.01423835515821467, 81.04505344987882], [-0.08454960557768214, -0.09018357288409025, 95.49519275839585], [-0.001001082256825722, -0.00019418462175464554, 1.0]]"
ca27b3d58cf420fd,COph100/065-1/065_M_GA27_BW950_PA34_DG0_PF0_D1_S02_7__065_M_GA27_BW950_PA36_DG0_PF0_D1_S03_4,COph100/patient/065,COph100,sift_h,rectangle,ok,38,5,10000,9432,False,False,False,184.89672998893323,0.23112091248616654,True,,1.7705852999933995,"[[0.43608442130245173, -0.06273647929047974, 25.306600930623436], [0.17128840211527438, -0.8121307695665568, 555.7463773383446], [4.863651671384592e-05, -0.0010602256918238377, 1.0]]"
ca27b3d58cf420fd,COph100/065-1/065_M_GA27_BW950_PA34_DG0_PF0_D1_S02_7__065_M_GA27_BW950_PA36_DG0_PF0_D1_S03_4,COph100/patient/065,COph100,sift_h,sample_orientation,ok,38,6,10000,7306,False,True,False,393.9501566641522,0.49243769583019026,True,,1.9229647000029217,"[[-0.3575361283513738, -0.10760262242766366, 43.231729286999204], [-4.525620172223483, -1.3358066683356191, 554.0480829489848], [-0.008228282416328699, -0.002360794601948496, 1.0]]"
8d88100eb043ad31,COph100/065/065_M_GA27_BW950_PA32_DG0_PF0_D1_S01_6__065_M_GA27_BW950_PA34_DG0_PF0_D1_S02_1,COph100/patient/065,COph100,sift_h,fov,ok,41,8,6350,3236,False,True,False,383.92512134826535,0.47990640168533166,True,,1.0291912999964552,"[[-0.8566973671236032, -0.5525917904585551, 125.13435909498529], [-0.18708090437746913, -0.166565772718172, 93.76242102848559], [-0.006676472240391327, -0.0040769094605444655, 1.0]]"
8d88100eb043ad31,COph100/065/065_M_GA27_BW950_PA32_DG0_PF0_D1_S01_6__065_M_GA27_BW950_PA34_DG0_PF0_D1_S02_1,COph100/patient/065,COph100,sift_h,none,ok,41,8,6350,0,False,True,False,383.92512134826535,0.47990640168533166,True,True,1.2646062999992864,"[[-0.8566973671236032, -0.5525917904585551, 125.13435909498529], [-0.18708090437746913, -0.166565772718172, 93.76242102848559], [-0.006676472240391327, -0.0040769094605444655, 1.0]]"
8d88100eb043ad31,COph100/065/065_M_GA27_BW950_PA32_DG0_PF0_D1_S01_6__065_M_GA27_BW950_PA34_DG0_PF0_D1_S02_1,COph100/patient/065,COph100,sift_h,rectangle,ok,41,8,6350,5947,True,False,False,338.3141769836249,0.42289272122953114,True,,0.9260040999943158,"[[1.921633837370736, 2.9536654889533476, -272.6684349973178], [-1.2165835959950946, -1.753312216388323, 1553.2568792719408], [0.013567078049287133, -0.0009567028902705927, 1.0]]"
8d88100eb043ad31,COph100/065/065_M_GA27_BW950_PA32_DG0_PF0_D1_S01_6__065_M_GA27_BW950_PA34_DG0_PF0_D1_S02_1,COph100/patient/065,COph100,sift_h,sample_orientation,ok,41,8,6350,4409,False,True,False,348.08641280535437,0.43510801600669297,True,,1.2344612000015331,"[[29.190141809165915, 23.77353123248789, -3255.6865410811524], [-8.026960726741814, -14.460163701211819, 12487.063933584746], [0.21559339741750885, -0.019675513357197548, 1.0]]"
fa60e2b53578b4ab,COph100/065/065_M_GA27_BW950_PA32_DG0_PF0_D1_S01_6__065_M_GA27_BW950_PA36_DG0_PF0_D1_S03_1,COph100/patient/065,COph100,sift_h,fov,ok,37,8,4210,2344,False,False,False,240.70487712322839,0.3008810964040355,True,,0.7248747999983607,"[[-0.04536191433580269, 1.0452169917560992, 117.92431273248498], [-0.8316503596141515, 0.7575392578381177, 757.4925322057342], [-0.0009483297605587863, 0.0010398138750655644, 1.0]]"
fa60e2b53578b4ab,COph100/065/065_M_GA27_BW950_PA32_DG0_PF0_D1_S01_6__065_M_GA27_BW950_PA36_DG0_PF0_D1_S03_1,COph100/patient/065,COph100,sift_h,none,ok,37,9,2627,0,False,True,True,472.0612377803724,0.5900765472254654,True,True,0.47691430000122637,"[[-6.888537370064651, 0.046641386544565136, 900.1247941471966], [-0.6100861401919631, -0.07153465718452744, 129.78307750688822], [-0.007200102904952605, -8.048165321933496e-05, 1.0]]"
fa60e2b53578b4ab,COph100/065/065_M_GA27_BW950_PA32_DG0_PF0_D1_S01_6__065_M_GA27_BW950_PA36_DG0_PF0_D1_S03_1,COph100/patient/065,COph100,sift_h,rectangle,ok,37,8,4210,3629,False,False,False,240.70487712322839,0.3008810964040355,True,,0.6458171999984188,"[[-0.04536191433580269, 1.0452169917560992, 117.92431273248498], [-0.8316503596141515, 0.7575392578381177, 757.4925322057342], [-0.0009483297605587863, 0.0010398138750655644, 1.0]]"
fa60e2b53578b4ab,COph100/065/065_M_GA27_BW950_PA32_DG0_PF0_D1_S01_6__065_M_GA27_BW950_PA36_DG0_PF0_D1_S03_1,COph100/patient/065,COph100,sift_h,sample_orientation,ok,37,8,4210,2748,False,False,False,240.70487712322839,0.3008810964040355,True,,0.7992722999915713,"[[-0.04536191433580269, 1.0452169917560992, 117.92431273248498], [-0.8316503596141515, 0.7575392578381177, 757.4925322057342], [-0.0009483297605587863, 0.0010398138750655644, 1.0]]"
7c63ad1e67527451,COph100/066-1/066_F_GA26_BW810_PA34_DG3_PF0_D1_S03_2__066_F_GA26_BW810_PA40_DG3_PF0_D1_S05_3,COph100/patient/066,COph100,sift_h,fov,ok,25,5,5752,3282,False,True,False,315.65964329750017,0.3945745541218752,True,,1.0151805999921635,"[[-0.0660242493003381, -0.01270299880591375, 71.39495334965781], [-0.1532557118212852, 0.0032548891096802843, 149.5353249107435], [-0.0010608081402460777, 6.23214144597306e-05, 1.0]]"
7c63ad1e67527451,COph100/066-1/066_F_GA26_BW810_PA34_DG3_PF0_D1_S03_2__066_F_GA26_BW810_PA40_DG3_PF0_D1_S05_3,COph100/patient/066,COph100,sift_h,none,ok,25,5,5752,0,False,True,False,315.65964329750017,0.3945745541218752,True,True,1.1096330000000307,"[[-0.0660242493003381, -0.01270299880591375, 71.39495334965781], [-0.1532557118212852, 0.0032548891096802843, 149.5353249107435], [-0.0010608081402460777, 6.23214144597306e-05, 1.0]]"
7c63ad1e67527451,COph100/066-1/066_F_GA26_BW810_PA34_DG3_PF0_D1_S03_2__066_F_GA26_BW810_PA40_DG3_PF0_D1_S05_3,COph100/patient/066,COph100,sift_h,rectangle,ok,25,5,5752,5265,False,False,False,50.27584885385039,0.06284481106731299,True,,0.8835622000042349,"[[0.6891171484146376, -0.10477559228417124, 55.57305009652212], [-0.06411655323346291, 0.716684322276341, 38.50868171266786], [-0.0002306004746804568, -0.00016814342982678462, 1.0]]"
7c63ad1e67527451,COph100/066-1/066_F_GA26_BW810_PA34_DG3_PF0_D1_S03_2__066_F_GA26_BW810_PA40_DG3_PF0_D1_S05_3,COph100/patient/066,COph100,sift_h,sample_orientation,ok,25,5,5752,3913,False,True,True,330.4369889041408,0.413046236130176,True,,1.0715110000019195,"[[-0.5626145824421397, -3.2710046274138316, 951.2374764183188], [-0.4400094254400313, -2.6431373094335533, 754.2764921673], [-0.0005572196595873132, -0.003705636871080551, 1.0]]"
92a8ea99cb5d05b9,COph100/066-1/066_F_GA26_BW810_PA34_DG3_PF0_D1_S03_2__066_F_GA26_BW810_PA42_DG3_PF0_D1_S06_1,COph100/patient/066,COph100,sift_h,fov,ok,46,7,10000,5721,False,True,False,275.16014083725224,0.3439501760465653,True,,1.6354828999901656,"[[0.20800744820055622, -0.22012114260287674, 126.12637878617213], [1.0238567316964406, -1.2215892179108037, 710.8130822341009], [0.0013892669798399799, -0.00171081644518017, 1.0]]"
92a8ea99cb5d05b9,COph100/066-1/066_F_GA26_BW810_PA34_DG3_PF0_D1_S03_2__066_F_GA26_BW810_PA42_DG3_PF0_D1_S06_1,COph100/patient/066,COph100,sift_h,none,ok,46,7,10000,0,False,True,False,275.16014083725224,0.3439501760465653,True,True,2.024915099987993,"[[0.20800744820055622, -0.22012114260287674, 126.12637878617213], [1.0238567316964406, -1.2215892179108037, 710.8130822341009], [0.0013892669798399799, -0.00171081644518017, 1.0]]"
92a8ea99cb5d05b9,COph100/066-1/066_F_GA26_BW810_PA34_DG3_PF0_D1_S03_2__066_F_GA26_BW810_PA42_DG3_PF0_D1_S06_1,COph100/patient/066,COph100,sift_h,rectangle,ok,46,7,10000,9189,False,False,False,38.78080164441745,0.048476002055521814,True,,1.541727499992703,"[[1.059187243536522, 0.32766966292630795, -87.04046187523134], [-0.18626144102393977, 1.2024363465747996, 160.6420923846093], [-5.01050906370104e-05, 0.0003682838097322486, 1.0]]"
92a8ea99cb5d05b9,COph100/066-1/066_F_GA26_BW810_PA34_DG3_PF0_D1_S03_2__066_F_GA26_BW810_PA42_DG3_PF0_D1_S06_1,COph100/patient/066,COph100,sift_h,sample_orientation,ok,46,7,10000,6928,False,True,False,275.16014083725224,0.3439501760465653,True,,1.9214429999992717,"[[0.20800744820055622, -0.22012114260287674, 126.12637878617213], [1.0238567316964406, -1.2215892179108037, 710.8130822341009], [0.0013892669798399799, -0.00171081644518017, 1.0]]"
6f8a4ca623cde3ac,COph100/066-1/066_F_GA26_BW810_PA36_DG3_PF0_D1_S04_3__066_F_GA26_BW810_PA40_DG3_PF0_D1_S05_3,COph100/patient/066,COph100,sift_h,fov,ok,26,5,6730,3533,False,True,False,344.94047665568263,0.4311755958196033,True,,1.2488811000075657,"[[2.227984626014072, -1.8235023813192364, 938.5649807961618], [1.8156251770614562, -1.3081417841427467, 660.3655482907076], [0.0024842359520018988, -0.0019545076871144425, 1.0]]"
6f8a4ca623cde3ac,COph100/066-1/066_F_GA26_BW810_PA36_DG3_PF0_D1_S04_3__066_F_GA26_BW810_PA40_DG3_PF0_D1_S05_3,COph100/patient/066,COph100,sift_h,none,ok,26,5,6730,0,False,True,False,344.94047665568263,0.4311755958196033,True,True,1.3585919000033755,"[[2.227984626014072, -1.8235023813192364, 938.5649807961618], [1.8156251770614562, -1.3081417841427467, 660.3655482907076], [0.0024842359520018988, -0.0019545076871144425, 1.0]]"
6f8a4ca623cde3ac,COph100/066-1/066_F_GA26_BW810_PA36_DG3_PF0_D1_S04_3__066_F_GA26_BW810_PA40_DG3_PF0_D1_S05_3,COph100/patient/066,COph100,sift_h,rectangle,ok,26,5,6730,6308,False,False,False,39.209261884783395,0.04901157735597925,True,,1.1019503999996232,"[[1.1956526146162787, -0.017552864016027188, 29.13730007368304], [0.21600187609432842, 1.5895535822658116, -246.83271360477437], [0.0002103557453007859, 0.00018039763165855405, 1.0]]"
6f8a4ca623cde3ac,COph100/066-1/066_F_GA26_BW810_PA36_DG3_PF0_D1_S04_3__066_F_GA26_BW810_PA40_DG3_PF0_D1_S05_3,COph100/patient/066,COph100,sift_h,sample_orientation,ok,26,5,6730,4926,False,False,False,39.209261884783395,0.04901157735597925,True,,1.2858781999966595,"[[1.1956526146162787, -0.017552864016027188, 29.13730007368304], [0.21600187609432842, 1.5895535822658116, -246.83271360477437], [0.0002103557453007859, 0.00018039763165855405, 1.0]]"
cde36f977be2fbe3,COph100/066-1/066_F_GA26_BW810_PA40_DG3_PF0_D1_S05_3__066_F_GA26_BW810_PA42_DG3_PF0_D1_S06_1,COph100/patient/066,COph100,sift_h,fov,ok,41,8,6350,3262,False,True,False,338.9678445370549,0.4237098056713186,True,,1.097480100012035,"[[-2.4168349757434515, 0.13552536133385923, 107.8247305131436], [-1.3054315060837218, 0.1314108135168042, 44.730257452454204], [-0.023584969513567613, 0.0014785136644402046, 1.0]]"
cde36f977be2fbe3,COph100/066-1/066_F_GA26_BW810_PA40_DG3_PF0_D1_S05_3__066_F_GA26_BW810_PA42_DG3_PF0_D1_S06_1,COph100/patient/066,COph100,sift_h,none,ok,41,8,6350,0,False,True,True,324.69534519488957,0.40586918149361195,True,True,1.2098722999944584,"[[0.003770485689504847, -0.0417799196006769, 26.984024172725626], [0.03844672170273793, -0.29972350957111166, 193.60151281921708], [0.00020190135991358178, -0.0015516777891207223, 1.0]]"
cde36f977be2fbe3,COph100/066-1/066_F_GA26_BW810_PA40_DG3_PF0_D1_S05_3__066_F_GA26_BW810_PA42_DG3_PF0_D1_S06_1,COph100/patient/066,COph100,sift_h,rectangle,ok,41,8,6350,6016,False,False,False,305.9561181355553,0.38244514766944415,True,,1.1181656999979168,"[[0.13564827256784628, -0.011695388530611129, 6.236203973956281], [-0.12011901185894018, -0.15528620546726682, 286.4097511269587], [0.0011000365858939195, -0.0011811752161947557, 1.0]]"
cde36f977be2fbe3,COph100/066-1/066_F_GA26_BW810_PA40_DG3_PF0_D1_S05_3__066_F_GA26_BW810_PA42_DG3_PF0_D1_S06_1,COph100/patient/066,COph100,sift_h,sample_orientation,ok,41,8,6350,4405,False,True,False,339.9898029517517,0.42498725368968965,True,,1.2625313000025926,"[[-0.933160650342623, -0.08153799412772039, 127.53395660528486], [-0.49389795074313053, -0.02363573773978757, 55.74641180056461], [-0.009125732453868041, -0.00039040137050935276, 1.0]]"
0350947c881f4354,COph100/066/066_F_GA26_BW810_PA31_DG1_PF0_D1_S01_5__066_F_GA26_BW810_PA36_DG3_PF0_D1_S04_7,COph100/patient/066,COph100,sift_h,fov,ok,30,6,5752,3190,False,True,False,279.01199482625975,0.3487649935328247,True,,1.0250840000080643,"[[-0.9994266012781768, 0.08282730779669462, 976.2076087547648], [-0.12530056796929, 0.007431359048424996, 123.23620962106153], [-0.0010236802984838317, 8.17091378502984e-05, 1.0]]"
0350947c881f4354,COph100/066/066_F_GA26_BW810_PA31_DG1_PF0_D1_S01_5__066_F_GA26_BW810_PA36_DG3_PF0_D1_S04_7,COph100/patient/066,COph100,sift_h,none,ok,30,7,3103,0,False,True,True,414.3149475792469,0.5178936844740586,True,True,0.6426409999985481,"[[-0.19742072608801034, -0.0021868140350438446, 26.846469936643608], [-3.8497749430169077, -0.04484226160252271, 526.1173618637855], [-0.007316870196204827, -8.508346667349855e-05, 1.0]]"
0350947c881f4354,COph100/066/066_F_GA26_BW810_PA31_DG1_PF0_D1_S01_5__066_F_GA26_BW810_PA36_DG3_PF0_D1_S04_7,COph100/patient/066,COph100,sift_h,rectangle,ok,30,5,10000,9312,False,False,False,1220.5747509227826,1.5257184386534783,True,,1.5621548000053735,"[[0.5378435438545769, 0.2791758766028979, -39.88493153536099], [-0.29416536504355967, 5.389960599145959, -200.6774084977507], [-0.0005315161048136601, 0.0002786829041737741, 1.0]]"
0350947c881f4354,COph100/066/066_F_GA26_BW810_PA31_DG1_PF0_D1_S01_5__066_F_GA26_BW810_PA36_DG3_PF0_D1_S04_7,COph100/patient/066,COph100,sift_h,sample_orientation,ok,30,6,5758,4180,False,True,False,278.91407387664214,0.3486425923458027,True,,1.076357400001143,"[[-5.6039984996461945, -5.078141376810229, 998.5336763113379], [-0.8618676650246129, -0.6156635698874487, 124.13558791067388], [-0.005621031928816463, -0.005167534810161555, 1.0]]"
c801870b60af4d4c,COph100/066/066_F_GA26_BW810_PA31_DG1_PF0_D1_S01_5__066_F_GA26_BW810_PA40_DG3_PF0_D1_S05_9,COph100/patient/066,COph100,sift_h,fov,ok,28,5,9054,4538,False,True,False,363.0271386406297,0.4537839233007871,True,,1.4807799999980489,"[[-0.06456829596413297, 0.0012098513938799996, 63.37321847982954], [-0.6247698440372337, 0.0174863507576877, 612.0175089272957], [-0.0010211720331725945, 2.9234995300858226e-05, 1.0]]"
c801870b60af4d4c,COph100/066/066_F_GA26_BW810_PA31_DG1_PF0_D1_S01_5__066_F_GA26_BW810_PA40_DG3_PF0_D1_S05_9,COph100/patient/066,COph100,sift_h,none,ok,28,5,9054,0,False,True,False,363.0271386406297,0.4537839233007871,True,True,1.8016233000089414,"[[-0.06456829596413297, 0.0012098513938799996, 63.37321847982954], [-0.6247698440372337, 0.0174863507576877, 612.0175089272957], [-0.0010211720331725945, 2.9234995300858226e-05, 1.0]]"
c801870b60af4d4c,COph100/066/066_F_GA26_BW810_PA31_DG1_PF0_D1_S01_5__066_F_GA26_BW810_PA40_DG3_PF0_D1_S05_9,COph100/patient/066,COph100,sift_h,rectangle,ok,28,4,10000,9449,False,False,False,307.5108810940579,0.38438860136757236,True,,1.5938152000016998,"[[-0.3640938786413397, 1.7541109618586825, -46.17353078834065], [0.4520648010434104, -0.9580214731682681, 637.9821770102513], [-0.00044774683602000453, 0.0002588103720287095, 1.0]]"
c801870b60af4d4c,COph100/066/066_F_GA26_BW810_PA31_DG1_PF0_D1_S01_5__066_F_GA26_BW810_PA40_DG3_PF0_D1_S05_9,COph100/patient/066,COph100,sift_h,sample_orientation,ok,28,5,9054,6483,False,True,False,363.133584321988,0.453916980402485,True,,1.6866138000041246,"[[-0.064045518060233, -0.002437639581994853, 63.63128084670833], [-0.6309620387798363, -0.0008843609079167902, 612.5787058509544], [-0.0010344573966262665, 6.426865740246884e-06, 1.0]]"
17887d1a00a880d1,COph100/066/066_F_GA26_BW810_PA31_DG1_PF0_D1_S01_5__066_F_GA26_BW810_PA42_DG3_PF0_D1_S06_12,COph100/patient/066,COph100,sift_h,fov,ok,39,6,10000,5487,False,True,False,284.3555135487593,0.3554443919359491,True,,1.6754192000080366,"[[3.137248289149115, -1.9513480867718722, 1006.1607865387759], [0.9324179772455352, -0.5236478298038023, 264.93243400887786], [0.0031128753076722507, -0.001938049324731331, 1.0]]"
17887d1a00a880d1,COph100/066/066_F_GA26_BW810_PA31_DG1_PF0_D1_S01_5__066_F_GA26_BW810_PA42_DG3_PF0_D1_S06_12,COph100/patient/066,COph100,sift_h,none,ok,39,6,10000,0,False,True,False,284.3555135487593,0.3554443919359491,True,True,2.0837100999924587,"[[3.137248289149115, -1.9513480867718722, 1006.1607865387759], [0.9324179772455352, -0.5236478298038023, 264.93243400887786], [0.0031128753076722507, -0.001938049324731331, 1.0]]"
17887d1a00a880d1,COph100/066/066_F_GA26_BW810_PA31_DG1_PF0_D1_S01_5__066_F_GA26_BW810_PA42_DG3_PF0_D1_S06_12,COph100/patient/066,COph100,sift_h,rectangle,ok,39,5,10000,9326,False,False,False,294.00046974528766,0.36750058718160955,True,,1.6050762000086252,"[[6.420457423782833, -2.598103591429097, 1271.6306762704573], [0.20782151976694213, -1.310489643003592, 898.1309193110752], [0.006593865383052308, -0.0006762861200490371, 1.0]]"
17887d1a00a880d1,COph100/066/066_F_GA26_BW810_PA31_DG1_PF0_D1_S01_5__066_F_GA26_BW810_PA42_DG3_PF0_D1_S06_12,COph100/patient/066,COph100,sift_h,sample_orientation,ok,39,6,10000,7071,False,True,False,284.3555135487593,0.3554443919359491,True,,1.9103839000017615,"[[3.137248289149115, -1.9513480867718722, 1006.1607865387759], [0.9324179772455352, -0.5236478298038023, 264.93243400887786], [0.0031128753076722507, -0.001938049324731331, 1.0]]"
773c08aca62a7632,COph100/066/066_F_GA26_BW810_PA32_DG2_PF0_D1_S02_15__066_F_GA26_BW810_PA36_DG3_PF0_D1_S04_7,COph100/patient/066,COph100,sift_h,fov,ok,34,6,9493,5679,False,True,False,406.7440127652402,0.5084300159565502,True,,1.6291151000041282,"[[-0.1735792305228974, -0.010501701019762768, 15.90748538191831], [-4.1463924895657, -0.26022480922206787, 378.6644817598034], [-0.01091744480944377, -0.0006872888066921721, 1.0]]"
773c08aca62a7632,COph100/066/066_F_GA26_BW810_PA32_DG2_PF0_D1_S02_15__066_F_GA26_BW810_PA36_DG3_PF0_D1_S04_7,COph100/patient/066,COph100,sift_h,none,ok,34,6,9493,0,False,True,False,406.7440127652402,0.5084300159565502,True,True,1.7897374000021955,"[[-0.1735792305228974, -0.010501701019762768, 15.90748538191831], [-4.1463924895657, -0.26022480922206787, 378.6644817598034], [-0.01091744480944377, -0.0006872888066921721, 1.0]]"
773c08aca62a7632,COph100/066/066_F_GA26_BW810_PA32_DG2_PF0_D1_S02_15__066_F_GA26_BW810_PA36_DG3_PF0_D1_S04_7,COph100/patient/066,COph100,sift_h,rectangle,ok,34,5,10000,9262,False,False,False,142.50655234599694,0.17813319043249617,True,,1.5541393000021344,"[[0.409819910707831, -0.34827956617340555, 218.30728585782146], [0.1520073566414412, 0.40237518509795783, -125.13601790378243], [-0.00037873293871040466, -0.00032066349332010385, 1.0]]"
773c08aca62a7632,COph100/066/066_F_GA26_BW810_PA32_DG2_PF0_D1_S02_15__066_F_GA26_BW810_PA36_DG3_PF0_D1_S04_7,COph100/patient/066,COph100,sift_h,sample_orientation,ok,34,6,9493,6825,False,True,False,406.75744191378527,0.5084468023922316,True,,1.8342832999915117,"[[0.1447835952590798, -0.04380136443385991, 16.338113018000417], [3.464347388025989, -1.0337439435701448, 384.4033590726422], [0.009127516452351351, -0.0027103503416185497, 1.0]]"
2413dec40a15370b,COph100/066/066_F_GA26_BW810_PA32_DG2_PF0_D1_S02_15__066_F_GA26_BW810_PA40_DG3_PF0_D1_S05_9,COph100/patient/066,COph100,sift_h,fov,invalid_transform,32,8,2354,1301,False,,,,,True,,0.42059819999849424,
2413dec40a15370b,COph100/066/066_F_GA26_BW810_PA32_DG2_PF0_D1_S02_15__066_F_GA26_BW810_PA40_DG3_PF0_D1_S05_9,COph100/patient/066,COph100,sift_h,none,ok,32,9,1468,0,False,True,True,351.2545407529761,0.4390681759412201,True,True,0.30992200000036974,"[[0.7696488280473553, -1.1114082970273513, 155.80230371582135], [3.675060284806918, -5.283330154290455, 740.1457648810843], [0.004958065412088467, -0.007130855698292196, 1.0]]"
2413dec40a15370b,COph100/066/066_F_GA26_BW810_PA32_DG2_PF0_D1_S02_15__066_F_GA26_BW810_PA40_DG3_PF0_D1_S05_9,COph100/patient/066,COph100,sift_h,rectangle,ok,32,7,4018,3764,False,False,False,90.3222270212896,0.112902783776612,True,,0.5484209999995073,"[[0.45687492157969317, 0.10286271015540852, 22.930238712557053], [-0.5316165492316716, 0.29250064339416054, 528.2397513041685], [-0.0005255827497896962, -5.061118745716027e-05, 1.0]]"
2413dec40a15370b,COph100/066/066_F_GA26_BW810_PA32_DG2_PF0_D1_S02_15__066_F_GA26_BW810_PA40_DG3_PF0_D1_S05_9,COph100/patient/066,COph100,sift_h,sample_orientation,invalid_transform,32,8,2354,1666,False,,,,,True,,0.45990489999530837,
677b80f654dd9210,COph100/066/066_F_GA26_BW810_PA32_DG2_PF0_D1_S02_15__066_F_GA26_BW810_PA42_DG3_PF0_D1_S06_12,COph100/patient/066,COph100,sift_h,fov,ok,30,7,3103,1621,False,True,False,394.7489079390814,0.49343613492385174,True,,0.4785561000026064,"[[-0.09515994571279734, 0.031424664149657514, 84.44766074483117], [-0.05312062166541279, 0.00524770027067034, 49.168918707964956], [-0.0009891969112195411, -4.0472316259324984e-05, 1.0]]"
677b80f654dd9210,COph100/066/066_F_GA26_BW810_PA32_DG2_PF0_D1_S02_15__066_F_GA26_BW810_PA42_DG3_PF0_D1_S06_12,COph100/patient/066,COph100,sift_h,none,ok,30,7,3103,0,False,True,True,344.98150957291165,0.43122688696613953,True,True,0.6421291000006022,"[[-0.06566869172661857, -0.16250628336959258, 112.98279134163894], [-0.09106649047094714, -0.23855251231317728, 146.37734745869696], [-0.0007141925179940687, -0.0014060818829189391, 1.0]]"
677b80f654dd9210,COph100/066/066_F_GA26_BW810_PA32_DG2_PF0_D1_S02_15__066_F_GA26_BW810_PA42_DG3_PF0_D1_S06_12,COph100/patient/066,COph100,sift_h,rectangle,ok,30,7,3103,2758,False,False,False,392.7886377754676,0.4909857972193345,True,,0.4979769999918062,"[[-0.16117338021523958, -0.25409111725635497, 259.42339246584555], [-0.07016678992340177, -0.1107603736778676, 121.35356760130921], [-0.0009761122100589063, 0.00018610191264911078, 1.0]]"
677b80f654dd9210,COph100/066/066_F_GA26_BW810_PA32_DG2_PF0_D1_S02_15__066_F_GA26_BW810_PA42_DG3_PF0_D1_S06_12,COph100/patient/066,COph100,sift_h,sample_orientation,ok,30,7,3103,2158,False,True,True,362.452888640386,0.4530661108004825,True,,0.59806469999603,"[[-1.731245001910871, -2.7306725724237944, 2989.1396067243886], [0.13581412068673424, 1.0972528565906627, 100.9563108822233], [-0.004433774732880236, 0.022542453390217387, 1.0]]"
e773f7be244d205a,COph100/066/066_F_GA26_BW810_PA36_DG3_PF0_D1_S04_7__066_F_GA26_BW810_PA40_DG3_PF0_D1_S05_9,COph100/patient/066,COph100,sift_h,fov,ok,32,8,2354,1148,False,True,False,397.08927630701726,0.49636159538377156,True,,0.4637438000063412,"[[-0.20330467218329432, -0.02059982676585846, 69.37614816065347], [-9.830208367170382, 1.2625123405013303, 606.5435935885597], [-0.015691526137573793, 0.0019659012077775343, 1.0]]"
e773f7be244d205a,COph100/066/066_F_GA26_BW810_PA36_DG3_PF0_D1_S04_7__066_F_GA26_BW810_PA40_DG3_PF0_D1_S05_9,COph100/patient/066,COph100,sift_h,none,ok,32,9,1468,0,False,True,True,256.3320774486319,0.32041509681078983,True,True,0.2596735999977682,"[[0.058355151860569075, -0.09512384207875123, 63.748468020331835], [-0.17774269912477825, -0.7853919436930559, 611.1367178899636], [-0.00022810159282219038, -0.0012990079159179108, 1.0]]"
e773f7be244d205a,COph100/066/066_F_GA26_BW810_PA36_DG3_PF0_D1_S04_7__066_F_GA26_BW810_PA40_DG3_PF0_D1_S05_9,COph100/patient/066,COph100,sift_h,rectangle,ok,32,7,4018,3678,False,False,False,384.46104345264206,0.48057630431580256,True,,0.6893415999948047,"[[0.39683735685421345, 1.1471359360055042, -191.53598926974746], [-0.5887061156804346, 0.15976910982339365, 568.8458620617615], [-0.000745621236591373, -0.00010774101747604233, 1.0]]"
e773f7be244d205a,COph100/066/066_F_GA26_BW810_PA36_DG3_PF0_D1_S04_7__066_F_GA26_BW810_PA40_DG3_PF0_D1_S05_9,COph100/patient/066,COph100,sift_h,sample_orientation,ok,32,9,1468,972,False,True,True,256.3320774486319,0.32041509681078983,True,,0.28920040000230074,"[[0.058355151860569075, -0.09512384207875123, 63.748468020331835], [-0.17774269912477825, -0.7853919436930559, 611.1367178899636], [-0.00022810159282219038, -0.0012990079159179108, 1.0]]"
1d5e8050c1e3f2dc,COph100/066/066_F_GA26_BW810_PA36_DG3_PF0_D1_S04_7__066_F_GA26_BW810_PA42_DG3_PF0_D1_S06_12,COph100/patient/066,COph100,sift_h,fov,ok,28,7,2354,1064,False,True,False,370.72257657531793,0.4634032207191474,True,,0.41659720000461675,"[[-0.08296514955526671, 0.019877755968256004, 77.4433341713176], [-0.6800692890162433, 0.15451362935471238, 637.8202327541434], [-0.0010660994262063673, 0.0002427223600876135, 1.0]]"
1d5e8050c1e3f2dc,COph100/066/066_F_GA26_BW810_PA36_DG3_PF0_D1_S04_7__066_F_GA26_BW810_PA42_DG3_PF0_D1_S06_12,COph100/patient/066,COph100,sift_h,none,ok,28,8,1378,0,False,True,True,450.2549974077939,0.5628187467597424,True,True,0.229983600002015,"[[-0.044388761246040985, -0.12908505637980058, 79.7533595857801], [-0.3037642465543166, -1.0942855247932755, 672.4238707584785], [-0.0006333813434146019, -0.0016113819638592414, 1.0]]"
1d5e8050c1e3f2dc,COph100/066/066_F_GA26_BW810_PA36_DG3_PF0_D1_S04_7__066_F_GA26_BW810_PA42_DG3_PF0_D1_S06_12,COph100/patient/066,COph100,sift_h,rectangle,ok,28,6,4364,3929,False,False,False,60.89304273103801,0.0761163034137975,True,,0.6978501999983564,"[[1.5498987236936863, -0.08647974657639085, 39.1143209939215], [0.3153654551601694, 1.789285793119482, -304.2952760160652], [0.0005055371221590745, 0.0004868915526114238, 1.0]]"
1d5e8050c1e3f2dc,COph100/066/066_F_GA26_BW810_PA36_DG3_PF0_D1_S04_7__066_F_GA26_BW810_PA42_DG3_PF0_D1_S06_12,COph100/patient/066,COph100,sift_h,sample_orientation,ok,28,8,1378,969,False,True,True,450.2549974077939,0.5628187467597424,True,,0.24259939999319613,"[[-0.044388761246040985, -0.12908505637980058, 79.7533595857801], [-0.3037642465543166, -1.0942855247932755, 672.4238707584785], [-0.0006333813434146019, -0.0016113819638592414, 1.0]]"
ca4ea74d6d7579f8,COph100/067/067_F_GA32_BW2100_PA33_DG0_PF0_D1_S01_2__067_F_GA32_BW2100_PA40_DG0_PF0_D1_S02_11,COph100/patient/067,COph100,sift_h,fov,ok,28,5,9054,4619,False,True,False,334.55498885538464,0.41819373606923077,True,,1.6916293999966001,"[[-0.9625557266249456, -0.034953538308629004, 968.5353308394822], [-0.6345919430121488, -0.016189539285780978, 635.8954267841675], [-0.0009969850562654382, -3.057434378421182e-05, 1.0]]"
ca4ea74d6d7579f8,COph100/067/067_F_GA32_BW2100_PA33_DG0_PF0_D1_S01_2__067_F_GA32_BW2100_PA40_DG0_PF0_D1_S02_11,COph100/patient/067,COph100,sift_h,none,ok,28,5,9054,0,False,True,True,338.27073884349,0.4228384235543625,True,True,1.768014299988863,"[[-0.13156778317674092, -1.5217908721080118, 968.334139407649], [-0.08540516196185699, -0.9994472403752863, 636.0330694114806], [-0.00013620336286979654, -0.0015711278041185914, 1.0]]"
ca4ea74d6d7579f8,COph100/067/067_F_GA32_BW2100_PA33_DG0_PF0_D1_S01_2__067_F_GA32_BW2100_PA40_DG0_PF0_D1_S02_11,COph100/patient/067,COph100,sift_h,rectangle,ok,28,5,9054,8744,False,False,False,250.47006617329762,0.313087582716622,True,,1.5500979000062216,"[[-0.9814928689153498, -0.1496956785340453, 1156.4445343968548], [0.3816288660399326, 0.486338079741963, -27.944647093182642], [0.0020440007300844003, 5.038438403033082e-05, 1.0]]"
ca4ea74d6d7579f8,COph100/067/067_F_GA32_BW2100_PA33_DG0_PF0_D1_S01_2__067_F_GA32_BW2100_PA40_DG0_PF0_D1_S02_11,COph100/patient/067,COph100,sift_h,sample_orientation,ok,28,5,9054,6760,False,True,False,334.2485764262508,0.4178107205328135,True,,1.7753792999865254,"[[-0.8138948994183646, -0.2952880984495703, 968.286876830895], [-0.5349154589393768, -0.19500105172476256, 636.2105277202929], [-0.0008398742627425439, -0.00030605781890981565, 1.0]]"
aeb8df1496527651,COph100/068/068_M_GA35_BW2210_PA38_DG0_PF0_D1_S01_1__068_M_GA35_BW2210_PA42_DG0_PF0_D1_S02_1,COph100/patient/068,COph100,sift_h,fov,ok,19,5,1916,1155,False,True,False,349.56302598050223,0.43695378247562777,True,,0.3191645999904722,"[[-9.87160112445538, -3.141795702351463, 974.8937643580649], [-1.2334909496462383, -0.3965229426798736, 122.19119786555588], [-0.010113401264677776, -0.003221355514309705, 1.0]]"
aeb8df1496527651,COph100/068/068_M_GA35_BW2210_PA38_DG0_PF0_D1_S01_1__068_M_GA35_BW2210_PA42_DG0_PF0_D1_S02_1,COph100/patient/068,COph100,sift_h,none,ok,19,5,1916,0,False,True,True,348.5544832972379,0.4356931041215473,True,True,0.40004229999613017,"[[-0.631834131708415, -3.360794819921837, 974.5609192662359], [-0.07831341354991674, -0.4180275624242254, 119.07947554772416], [-0.0006512286587901047, -0.003445130569205151, 1.0]]"
aeb8df1496527651,COph100/068/068_M_GA35_BW2210_PA38_DG0_PF0_D1_S01_1__068_M_GA35_BW2210_PA42_DG0_PF0_D1_S02_1,COph100/patient/068,COph100,sift_h,rectangle,ok,19,4,4685,4423,False,False,False,461.0531796679814,0.5763164745849767,True,,0.7167043000081321,"[[34.76054064777758, 162.26388857336704, -42067.715887458304], [60.028426050611515, 12.823396037110374, -4061.7098441255916], [0.08798758283237464, 0.00976148671932167, 1.0]]"
aeb8df1496527651,COph100/068/068_M_GA35_BW2210_PA38_DG0_PF0_D1_S01_1__068_M_GA35_BW2210_PA42_DG0_PF0_D1_S02_1,COph100/patient/068,COph100,sift_h,sample_orientation,ok,19,5,1942,1395,False,True,True,353.159875712074,0.44144984464009246,True,,0.36506029999873135,"[[-0.9459139779532006, -3.387359320657747, 976.0926571219187], [-0.11233083999019652, -0.4215844938180879, 118.70004719034007], [-0.0009841009725314132, -0.0034679533220658837, 1.0]]"
4fccf0581dea4cc9,COph100/069-1/069_M_GA30_BW1100_PA32_DG1_PF0_D1_S01_6__069_M_GA30_BW1100_PA34_DG1_PF0_D1_S02_6,COph100/patient/069,COph100,sift_h,fov,ok,27,8,1191,672,False,True,False,400.36993652147675,0.500462420651846,True,,0.21053189999656752,"[[-0.004342863517689709, -0.003097840041070418, 12.469632833349449], [-0.15730877979368443, -0.6635631288635397, 573.200953441988], [-0.0004211622203965984, -0.0007905053019357486, 1.0]]"
4fccf0581dea4cc9,COph100/069-1/069_M_GA30_BW1100_PA32_DG1_PF0_D1_S01_6__069_M_GA30_BW1100_PA34_DG1_PF0_D1_S02_6,COph100/patient/069,COph100,sift_h,none,ok,27,8,1191,0,False,True,False,400.36993652147675,0.500462420651846,True,True,0.2254438000090886,"[[-0.004342863517689709, -0.003097840041070418, 12.469632833349449], [-0.15730877979368443, -0.6635631288635397, 573.200953441988], [-0.0004211622203965984, -0.0007905053019357486, 1.0]]"
4fccf0581dea4cc9,COph100/069-1/069_M_GA30_BW1100_PA32_DG1_PF0_D1_S01_6__069_M_GA30_BW1100_PA34_DG1_PF0_D1_S02_6,COph100/patient/069,COph100,sift_h,rectangle,ok,27,7,2035,1819,False,False,False,358.86344120030645,0.44857930150038305,True,,0.29873130000487436,"[[-0.8649604684878853, -2.746958964555184, 2283.1743575892892], [5.551486125594501, -2.024873650606582, 1528.7778608024023], [0.008450509016684584, 0.0035009717350349846, 1.0]]"
4fccf0581dea4cc9,COph100/069-1/069_M_GA30_BW1100_PA32_DG1_PF0_D1_S01_6__069_M_GA30_BW1100_PA34_DG1_PF0_D1_S02_6,COph100/patient/069,COph100,sift_h,sample_orientation,ok,27,8,1191,818,False,True,False,400.36993652147675,0.500462420651846,True,,0.21353749999252614,"[[-0.004342863517689709, -0.003097840041070418, 12.469632833349449], [-0.15730877979368443, -0.6635631288635397, 573.200953441988], [-0.0004211622203965984, -0.0007905053019357486, 1.0]]"
d5f678748f4e02bf,COph100/069-1/069_M_GA30_BW1100_PA32_DG1_PF0_D1_S01_6__069_M_GA30_BW1100_PA36_DG2_PF0_D1_S03_8,COph100/patient/069,COph100,sift_h,fov,ok,34,7,5122,3082,False,False,False,228.49406042828554,0.28561757553535694,True,,0.8233374999981606,"[[0.349204091757128, -0.10902393439435631, 51.558856543984575], [-0.10977129652501134, 0.25765397945731355, 166.45277250810602], [-0.0004655075187255816, -0.0004159050232988885, 1.0]]"
d5f678748f4e02bf,COph100/069-1/069_M_GA30_BW1100_PA32_DG1_PF0_D1_S01_6__069_M_GA30_BW1100_PA36_DG2_PF0_D1_S03_8,COph100/patient/069,COph100,sift_h,none,ok,34,7,5122,0,False,True,True,392.3600132447382,0.49045001655592274,True,True,0.9401492000033613,"[[-6.2840656805016515, 1.5548074262267813, -325.5215633227629], [-2.88863834310032, 0.06922725487328277, 265.49493264702653], [-0.006725309425248754, -0.0003253464933072456, 1.0]]"
d5f678748f4e02bf,COph100/069-1/069_M_GA30_BW1100_PA32_DG1_PF0_D1_S01_6__069_M_GA30_BW1100_PA36_DG2_PF0_D1_S03_8,COph100/patient/069,COph100,sift_h,rectangle,ok,34,7,5122,4707,False,False,False,228.49406042828554,0.28561757553535694,True,,0.8611089000041829,"[[0.349204091757128, -0.10902393439435631, 51.558856543984575], [-0.10977129652501134, 0.25765397945731355, 166.45277250810602], [-0.0004655075187255816, -0.0004159050232988885, 1.0]]"
d5f678748f4e02bf,COph100/069-1/069_M_GA30_BW1100_PA32_DG1_PF0_D1_S01_6__069_M_GA30_BW1100_PA36_DG2_PF0_D1_S03_8,COph100/patient/069,COph100,sift_h,sample_orientation,ok,34,7,5122,3570,False,False,False,228.49406042828554,0.28561757553535694,True,,0.935534700009157,"[[0.349204091757128, -0.10902393439435631, 51.558856543984575], [-0.10977129652501134, 0.25765397945731355, 166.45277250810602], [-0.0004655075187255816, -0.0004159050232988885, 1.0]]"
9d843d214f034b68,COph100/069-1/069_M_GA30_BW1100_PA32_DG1_PF0_D1_S01_6__069_M_GA30_BW1100_PA43_DG9_PF0_D1_S04_4,COph100/patient/069,COph100,sift_h,fov,ok,28,6,4364,3003,False,True,False,341.1982263584621,0.4264977829480776,True,,0.70160109999415,"[[-20.25572820958029, 1.784412716487991, 838.9909038702751], [-13.92894280878903, 1.2022153340617583, 591.6445252536583], [-0.02117503999540069, 0.0016851534159483025, 1.0]]"
9d843d214f034b68,COph100/069-1/069_M_GA30_BW1100_PA32_DG1_PF0_D1_S01_6__069_M_GA30_BW1100_PA43_DG9_PF0_D1_S04_4,COph100/patient/069,COph100,sift_h,none,ok,28,6,4364,0,False,True,False,341.1982263584621,0.4264977829480776,True,True,0.8210344999970403,"[[-20.25572820958029, 1.784412716487991, 838.9909038702751], [-13.92894280878903, 1.2022153340617583, 591.6445252536583], [-0.02117503999540069, 0.0016851534159483025, 1.0]]"
9d843d214f034b68,COph100/069-1/069_M_GA30_BW1100_PA32_DG1_PF0_D1_S01_6__069_M_GA30_BW1100_PA43_DG9_PF0_D1_S04_4,COph100/patient/069,COph100,sift_h,rectangle,ok,28,5,9054,8583,False,False,False,208.46842248531394,0.26058552810664243,True,,1.4863886000093771,"[[-2.1106909125284794, 5.778067294015823, 1170.0383779820777], [-0.17249841522250078, 5.986491618404269, -16.509350618814874], [-0.0005672616851311785, 0.0066530651528816515, 1.0]]"
9d843d214f034b68,COph100/069-1/069_M_GA30_BW1100_PA32_DG1_PF0_D1_S01_6__069_M_GA30_BW1100_PA43_DG9_PF0_D1_S04_4,COph100/patient/069,COph100,sift_h,sample_orientation,ok,28,6,4364,3295,False,True,False,242.10858362587305,0.3026357295323413,True,,0.7931967000040459,"[[0.17059612225428858, -2.7233208781340776, -40.7400465846671], [-4.133100110240234, -2.5100568974290196, 580.2194440152845], [-0.007803485237912981, -0.00336845067165198, 1.0]]"
c4fe2fb6bb9c24cb,COph100/069-1/069_M_GA30_BW1100_PA36_DG2_PF0_D1_S03_8__069_M_GA30_BW1100_PA43_DG9_PF0_D1_S04_4,COph100/patient/069,COph100,sift_h,fov,ok,23,5,4120,2643,False,True,False,410.2497271350745,0.5128121589188431,True,,0.7000048999907449,"[[-3.433932767176792, -1.4766942573666524, 446.18104653835934], [-3.247948262911674, -1.012228316313326, 572.3284667783811], [-0.003921748375370912, -0.0024895855258678665, 1.0]]"
c4fe2fb6bb9c24cb,COph100/069-1/069_M_GA30_BW1100_PA36_DG2_PF0_D1_S03_8__069_M_GA30_BW1100_PA43_DG9_PF0_D1_S04_4,COph100/patient/069,COph100,sift_h,none,ok,23,6,1985,0,False,True,True,324.11545319663185,0.4051443164957898,True,True,0.38713649999408517,"[[-0.4537267185133601, -0.9641350499601239, 904.699779153792], [-0.05868204331064121, -0.8330103193783452, 496.4921594301979], [-0.00044832918393084703, -0.0011400543335281159, 1.0]]"
c4fe2fb6bb9c24cb,COph100/069-1/069_M_GA30_BW1100_PA36_DG2_PF0_D1_S03_8__069_M_GA30_BW1100_PA43_DG9_PF0_D1_S04_4,COph100/patient/069,COph100,sift_h,rectangle,ok,23,5,4120,3860,False,False,False,402.97468602829514,0.503718357535369,True,,0.6318598999932874,"[[0.1502360838616857, 1.2344453238047994, -143.1191386032074], [-0.5022484815137965, -1.2914165861922162, 772.7206839080299], [-0.00023157284448043744, -0.0008785955598314387, 1.0]]"
c4fe2fb6bb9c24cb,COph100/069-1/069_M_GA30_BW1100_PA36_DG2_PF0_D1_S03_8__069_M_GA30_BW1100_PA43_DG9_PF0_D1_S04_4,COph100/patient/069,COph100,sift_h,sample_orientation,ok,23,5,4120,2917,False,True,True,1567.1304375216175,1.958913046902022,True,,0.803386400002637,"[[-205.4835921610707, 755.6232952397116, -129364.33580448403], [42.869826899089986, -97.82054515697578, 86314.81738667491], [-0.06958947341171097, 0.5069652616313913, 1.0]]"
01d172c05035a68f,COph100/069/069_M_GA30_BW1100_PA32_DG1_PF0_D1_S01_1__069_M_GA30_BW1100_PA34_DG1_PF0_D1_S02_2,COph100/patient/069,COph100,sift_h,fov,ok,33,6,8424,4991,False,True,False,293.1025294009644,0.36637816175120547,True,,1.530547899994417,"[[-0.6253043170985971, -0.05701712737747598, 85.56733405421843], [-1.0606865480376, -0.06010353675934773, 117.23608434230101], [-0.009008468145666845, -0.0004609393340033089, 1.0]]"
01d172c05035a68f,COph100/069/069_M_GA30_BW1100_PA32_DG1_PF0_D1_S01_1__069_M_GA30_BW1100_PA34_DG1_PF0_D1_S02_2,COph100/patient/069,COph100,sift_h,none,ok,33,6,8424,0,False,True,False,293.1025294009644,0.36637816175120547,True,True,1.6882834999996703,"[[-0.6253043170985971, -0.05701712737747598, 85.56733405421843], [-1.0606865480376, -0.06010353675934773, 117.23608434230101], [-0.009008468145666845, -0.0004609393340033089, 1.0]]"
01d172c05035a68f,COph100/069/069_M_GA30_BW1100_PA32_DG1_PF0_D1_S01_1__069_M_GA30_BW1100_PA34_DG1_PF0_D1_S02_2,COph100/patient/069,COph100,sift_h,rectangle,ok,33,5,10000,9452,False,False,False,256.00496223021486,0.3200062027877686,True,,1.6608525999909034,"[[0.44407728957480413, 1.4284667336662575, -557.3107978458293], [-0.10412690384197199, 0.9103861842270962, 76.45760170435045], [-0.0003532293871951874, 0.00032311200395369584, 1.0]]"
01d172c05035a68f,COph100/069/069_M_GA30_BW1100_PA32_DG1_PF0_D1_S01_1__069_M_GA30_BW1100_PA34_DG1_PF0_D1_S02_2,COph100/patient/069,COph100,sift_h,sample_orientation,ok,33,5,10000,7346,False,True,True,289.97603353988615,0.36247004192485766,True,,2.0867988000100013,"[[-0.05330687851576938, -0.06245310518817219, 70.14354355659788], [-0.090618850014543, -0.10672656399976416, 119.63648367179223], [-0.0007563665041803403, -0.0008986054322638241, 1.0]]"
124bbba982fbd2d8,COph100/069/069_M_GA30_BW1100_PA32_DG1_PF0_D1_S01_1__069_M_GA30_BW1100_PA36_DG2_PF0_D1_S03_1,COph100/patient/069,COph100,sift_h,fov,ok,41,6,10000,5427,False,True,False,384.3281764049558,0.48041022050619475,True,,1.752068200003123,"[[-0.6249913772270961, -0.625713653159284, 1014.1320378551541], [-0.4160891277408431, -0.22640222801622756, 553.7604347570795], [-0.0006325158913306221, -0.0005790864719058933, 1.0]]"
124bbba982fbd2d8,COph100/069/069_M_GA30_BW1100_PA32_DG1_PF0_D1_S01_1__069_M_GA30_BW1100_PA36_DG2_PF0_D1_S03_1,COph100/patient/069,COph100,sift_h,none,ok,41,6,10000,0,False,True,True,528.7590363728971,0.6609487954661213,True,True,1.9952456000028178,"[[-0.03746426145841582, -1.6609945211777484, 1019.6625790115238], [-0.3263500545672425, -0.9323587266903947, 589.4284689405481], [-1.2518431435840063e-05, -0.0016129524434420203, 1.0]]"
124bbba982fbd2d8,COph100/069/069_M_GA30_BW1100_PA32_DG1_PF0_D1_S01_1__069_M_GA30_BW1100_PA36_DG2_PF0_D1_S03_1,COph100/patient/069,COph100,sift_h,rectangle,ok,41,6,10000,9212,False,False,False,325.535855804908,0.406919819756135,True,,1.5673539000126766,"[[6.789414913716691, 3.8466596594460167, -884.293207001413], [0.9616828980000389, 1.0891954554709729, 69.77441184242798], [0.0055792402736065776, -0.00022079189102407223, 1.0]]"
124bbba982fbd2d8,COph100/069/069_M_GA30_BW1100_PA32_DG1_PF0_D1_S01_1__069_M_GA30_BW1100_PA36_DG2_PF0_D1_S03_1,COph100/patient/069,COph100,sift_h,sample_orientation,ok,41,6,10000,6969,False,True,True,528.7590363728971,0.6609487954661213,True,,1.908743299994967,"[[-0.03746426145841582, -1.6609945211777484, 1019.6625790115238], [-0.3263500545672425, -0.9323587266903947, 589.4284689405481], [-1.2518431435840063e-05, -0.0016129524434420203, 1.0]]"
2a95705a0cf56a0f,COph100/069/069_M_GA30_BW1100_PA32_DG1_PF0_D1_S01_1__069_M_GA30_BW1100_PA43_DG9_PF0_D1_S04_1,COph100/patient/069,COph100,sift_h,fov,ok,28,6,4364,2144,False,True,False,291.20392550706856,0.3640049068838357,True,,0.7960859000013443,"[[-0.07911014707046257, -0.0488929778225262, 11.346609064924063], [-2.7932852694350485, -1.7519245170140036, 399.8418139387879], [-0.00700607872620344, -0.0043525396917003115, 1.0]]"
2a95705a0cf56a0f,COph100/069/069_M_GA30_BW1100_PA32_DG1_PF0_D1_S01_1__069_M_GA30_BW1100_PA43_DG9_PF0_D1_S04_1,COph100/patient/069,COph100,sift_h,none,ok,28,6,4364,0,False,True,False,291.20392550706856,0.3640049068838357,True,True,0.8475508999981685,"[[-0.07911014707046257, -0.0488929778225262, 11.346609064924063], [-2.7932852694350485, -1.7519245170140036, 399.8418139387879], [-0.00700607872620344, -0.0043525396917003115, 1.0]]"
2a95705a0cf56a0f,COph100/069/069_M_GA30_BW1100_PA32_DG1_PF0_D1_S01_1__069_M_GA30_BW1100_PA43_DG9_PF0_D1_S04_1,COph100/patient/069,COph100,sift_h,rectangle,ok,28,5,9054,8610,False,False,False,401.2834855871537,0.5016043569839421,True,,1.436091800002032,"[[-0.6384699362731987, 10.075885026861942, -51.029552749577824], [-0.662276998605015, 4.507855728756248, 329.4089292047971], [-0.0009037138954761703, 0.00605957476074185, 1.0]]"
2a95705a0cf56a0f,COph100/069/069_M_GA30_BW1100_PA32_DG1_PF0_D1_S01_1__069_M_GA30_BW1100_PA43_DG9_PF0_D1_S04_1,COph100/patient/069,COph100,sift_h,sample_orientation,ok,28,5,9054,6707,False,True,True,3813.2375025249676,4.766546878156209,True,,1.7807434999995166,"[[-8.745243842056617, 4.138541049648592, 1127.1306404228367], [4.804845572172414, 3.07510538341442, -664.6485809992838], [-0.007126942113743695, 0.004301234939593054, 1.0]]"
d147084935e50fc4,COph100/069/069_M_GA30_BW1100_PA36_DG2_PF0_D1_S03_1__069_M_GA30_BW1100_PA43_DG9_PF0_D1_S04_1,COph100/patient/069,COph100,sift_h,fov,ok,39,7,8870,5311,False,True,False,374.51131946311597,0.46813914932889494,True,,1.537546100007603,"[[13.82669088011748, -2.7379953145129976, 968.9813607660204], [8.763178497829067, -1.7474506249751744, 628.3958357548828], [0.014284779323494898, -0.0028204807949188324, 1.0]]"
d147084935e50fc4,COph100/069/069_M_GA30_BW1100_PA36_DG2_PF0_D1_S03_1__069_M_GA30_BW1100_PA43_DG9_PF0_D1_S04_1,COph100/patient/069,COph100,sift_h,none,ok,39,7,8870,0,False,True,False,374.51131946311597,0.46813914932889494,True,True,1.7581320000026608,"[[13.82669088011748, -2.7379953145129976, 968.9813607660204], [8.763178497829067, -1.7474506249751744, 628.3958357548828], [0.014284779323494898, -0.0028204807949188324, 1.0]]"
d147084935e50fc4,COph100/069/069_M_GA30_BW1100_PA36_DG2_PF0_D1_S03_1__069_M_GA30_BW1100_PA43_DG9_PF0_D1_S04_1,COph100/patient/069,COph100,sift_h,rectangle,ok,39,6,10000,9372,False,False,False,388.2401031051344,0.485300128881418,True,,1.5866857999935746,"[[-0.013058099785029713, -1.2784438775908753, 1019.0572084285388], [0.051758795071858585, -0.7365408322276399, 555.5157956684978], [2.036589765759466e-06, -0.0012546298812885857, 1.0]]"
d147084935e50fc4,COph100/069/069_M_GA30_BW1100_PA36_DG2_PF0_D1_S03_1__069_M_GA30_BW1100_PA43_DG9_PF0_D1_S04_1,COph100/patient/069,COph100,sift_h,sample_orientation,ok,39,6,10000,7388,False,False,False,388.2401031051344,0.485300128881418,True,,1.8657530000054976,"[[-0.013058099785029713, -1.2784438775908753, 1019.0572084285388], [0.051758795071858585, -0.7365408322276399, 555.5157956684978], [2.036589765759466e-06, -0.0012546298812885857, 1.0]]"
78e5e303f273e5ae,COph100/070-1/070_M_GA32_BW1830_PA33_DG0_PF0_D1_S01_3__070_M_GA32_BW1830_PA35_DG0_PF0_D1_S02_5,COph100/patient/070,COph100,sift_h,fov,invalid_transform,39,9,3244,1596,False,,,,,True,,0.553484899995965,
78e5e303f273e5ae,COph100/070-1/070_M_GA32_BW1830_PA33_DG0_PF0_D1_S01_3__070_M_GA32_BW1830_PA35_DG0_PF0_D1_S02_5,COph100/patient/070,COph100,sift_h,none,ok,39,9,3244,0,False,True,True,416.70913596275216,0.5208864199534402,True,True,0.6857837999996264,"[[-0.049903710926725596, -0.06026832859468004, 53.02630919858815], [-0.5787328665360734, -0.6959123088800849, 612.5780823486467], [-0.00094469641857599, -0.0011358903895721392, 1.0]]"
78e5e303f273e5ae,COph100/070-1/070_M_GA32_BW1830_PA33_DG0_PF0_D1_S01_3__070_M_GA32_BW1830_PA35_DG0_PF0_D1_S02_5,COph100/patient/070,COph100,sift_h,rectangle,ok,39,6,10000,9490,False,False,False,868.6815400371783,1.0858519250464729,True,,1.6430180000024848,"[[26.003799356103716, -1.7368321852205753, -250.08483067787856], [2.219740835766261, -1.7312983333573315, 1015.5024062095025], [0.010887090414091917, -0.0006920847722683239, 1.0]]"
78e5e303f273e5ae,COph100/070-1/070_M_GA32_BW1830_PA33_DG0_PF0_D1_S01_3__070_M_GA32_BW1830_PA35_DG0_PF0_D1_S02_5,COph100/patient/070,COph100,sift_h,sample_orientation,invalid_transform,39,9,3875,2811,False,,,,,True,,0.7527696999895852,
8e3e1f3c49ff4b8d,COph100/070-1/070_M_GA32_BW1830_PA33_DG0_PF0_D1_S01_3__070_M_GA32_BW1830_PA37_DG0_PF0_D1_S03_8,COph100/patient/070,COph100,sift_h,fov,invalid_transform,42,8,6993,3934,False,,,,,True,,1.31274239999766,
8e3e1f3c49ff4b8d,COph100/070-1/070_M_GA32_BW1830_PA33_DG0_PF0_D1_S01_3__070_M_GA32_BW1830_PA37_DG0_PF0_D1_S03_8,COph100/patient/070,COph100,sift_h,none,ok,42,8,6993,0,False,True,True,390.4473543786201,0.48805919297327516,True,True,1.4259346000035293,"[[-0.4080115569469106, -0.0009898367648033656, 52.89200781668159], [-4.646022038858691, 0.002074180114065047, 598.9749206753845], [-0.007752582080985717, 2.686630870057853e-06, 1.0]]"
8e3e1f3c49ff4b8d,COph100/070-1/070_M_GA32_BW1830_PA33_DG0_PF0_D1_S01_3__070_M_GA32_BW1830_PA37_DG0_PF0_D1_S03_8,COph100/patient/070,COph100,sift_h,rectangle,ok,42,6,10000,9442,False,False,False,300.7720673112622,0.37596508413907775,True,,1.7962556999991648,"[[10.259073149495448, -0.6251566386323463, -78.38397851536675], [5.48822761071751, -1.3995161449257123, 810.9778657755953], [0.0092180233530461, -0.0007230049871814482, 1.0]]"
8e3e1f3c49ff4b8d,COph100/070-1/070_M_GA32_BW1830_PA33_DG0_PF0_D1_S01_3__070_M_GA32_BW1830_PA37_DG0_PF0_D1_S03_8,COph100/patient/070,COph100,sift_h,sample_orientation,invalid_transform,42,7,10000,7081,False,,,,,True,,2.101812799999607,
75ec49c07aa704b6,COph100/070-1/070_M_GA32_BW1830_PA35_DG0_PF0_D1_S02_5__070_M_GA32_BW1830_PA37_DG0_PF0_D1_S03_8,COph100/patient/070,COph100,sift_h,fov,ok,31,7,3539,1793,False,True,False,366.3786458858325,0.45797330735729064,True,,0.6234073999949032,"[[-0.7273990227481658, 0.23167939487594225, -192.98429926411657], [-23.19402625316854, -1.7527292467011475, 1252.858825526518], [-0.05841094909132986, 0.0005757495571152839, 1.0]]"
75ec49c07aa704b6,COph100/070-1/070_M_GA32_BW1830_PA35_DG0_PF0_D1_S02_5__070_M_GA32_BW1830_PA37_DG0_PF0_D1_S03_8,COph100/patient/070,COph100,sift_h,none,ok,31,7,3539,0,False,True,False,366.3786458858325,0.45797330735729064,True,True,0.6397266999993008,"[[-0.7273990227481658, 0.23167939487594225, -192.98429926411657], [-23.19402625316854, -1.7527292467011475, 1252.858825526518], [-0.05841094909132986, 0.0005757495571152839, 1.0]]"
75ec49c07aa704b6,COph100/070-1/070_M_GA32_BW1830_PA35_DG0_PF0_D1_S02_5__070_M_GA32_BW1830_PA37_DG0_PF0_D1_S03_8,COph100/patient/070,COph100,sift_h,rectangle,ok,31,6,6559,5970,False,False,False,121.32533517135452,0.15165666896419316,True,,0.970265299998573,"[[1.8888984336956103, -0.0627814976455522, -11.297055953604154], [0.10317682696759604, 0.8917438175701662, 21.811076210809443], [0.0009065125772004579, -0.0001486425646664459, 1.0]]"
75ec49c07aa704b6,COph100/070-1/070_M_GA32_BW1830_PA35_DG0_PF0_D1_S02_5__070_M_GA32_BW1830_PA37_DG0_PF0_D1_S03_8,COph100/patient/070,COph100,sift_h,sample_orientation,ok,31,7,3539,2458,False,True,False,366.3786458858325,0.45797330735729064,True,,0.6579379000031622,"[[-0.7273990227481658, 0.23167939487594225, -192.98429926411657], [-23.19402625316854, -1.7527292467011475, 1252.858825526518], [-0.05841094909132986, 0.0005757495571152839, 1.0]]"
e0ea4297be38112f,COph100/070-1/070_M_GA32_BW1830_PA35_DG0_PF0_D1_S02_5__070_M_GA32_BW1830_PA40_DG0_PF0_D1_S04_7,COph100/patient/070,COph100,sift_h,fov,ok,28,7,2354,1201,False,True,False,490.6712097950467,0.6133390122438084,True,,0.3930874999932712,"[[-9.450244645968134, 0.8723472234897499, 121.5175780266372], [-70.38586177345942, 6.772900659477713, 675.9776945500836], [-0.10557621178396745, 0.010136015285893675, 1.0]]"
e0ea4297be38112f,COph100/070-1/070_M_GA32_BW1830_PA35_DG0_PF0_D1_S02_5__070_M_GA32_BW1830_PA40_DG0_PF0_D1_S04_7,COph100/patient/070,COph100,sift_h,none,ok,28,7,2354,0,False,True,False,490.6712097950467,0.6133390122438084,True,True,0.4300068000011379,"[[-9.450244645968134, 0.8723472234897499, 121.5175780266372], [-70.38586177345942, 6.772900659477713, 675.9776945500836], [-0.10557621178396745, 0.010136015285893675, 1.0]]"
e0ea4297be38112f,COph100/070-1/070_M_GA32_BW1830_PA35_DG0_PF0_D1_S02_5__070_M_GA32_BW1830_PA40_DG0_PF0_D1_S04_7,COph100/patient/070,COph100,sift_h,rectangle,ok,28,5,9054,8537,False,False,False,418.6633916995503,0.5233292396244379,True,,1.5898509999969974,"[[-0.5122697551815857, -0.2918324101163456, 873.25976064984], [1.33776945733628, -1.4684320930381323, 898.5309572482109], [0.0015496267539985037, -0.0007667164089162096, 1.0]]"
e0ea4297be38112f,COph100/070-1/070_M_GA32_BW1830_PA35_DG0_PF0_D1_S02_5__070_M_GA32_BW1830_PA40_DG0_PF0_D1_S04_7,COph100/patient/070,COph100,sift_h,sample_orientation,ok,28,7,2610,1907,False,True,False,490.6129337730469,0.6132661672163087,True,,0.509526800000458,"[[-5.183794662947812, 0.2704314850375467, 93.09324873020333], [-38.6422855847034, 2.0196811414545963, 665.9470519861335], [-0.05796461543962386, 0.0030027683302281936, 1.0]]"
b19c4f90fe8fbf82,COph100/070/070_M_GA32_BW1830_PA33_DG0_PF0_D1_S01_1__070_M_GA32_BW1830_PA35_DG0_PF0_D1_S02_1,COph100/patient/070,COph100,sift_h,fov,ok,35,9,2102,934,False,True,False,304.61492462592594,0.38076865578240743,True,,0.4193135999958031,"[[-1.504939738123202, 0.055828521890421236, 100.00619703836217], [-8.581714693704315, 0.04504017045944759, 700.4057260888762], [-0.01122815567406599, -5.699858343240125e-05, 1.0]]"
b19c4f90fe8fbf82,COph100/070/070_M_GA32_BW1830_PA33_DG0_PF0_D1_S01_1__070_M_GA32_BW1830_PA35_DG0_PF0_D1_S02_1,COph100/patient/070,COph100,sift_h,none,ok,35,9,2102,0,False,True,False,304.61492462592594,0.38076865578240743,True,True,0.39925159999984317,"[[-1.504939738123202, 0.055828521890421236, 100.00619703836217], [-8.581714693704315, 0.04504017045944759, 700.4057260888762], [-0.01122815567406599, -5.699858343240125e-05, 1.0]]"
b19c4f90fe8fbf82,COph100/070/070_M_GA32_BW1830_PA33_DG0_PF0_D1_S01_1__070_M_GA32_BW1830_PA35_DG0_PF0_D1_S02_1,COph100/patient/070,COph100,sift_h,rectangle,ok,35,7,5752,5213,False,False,False,811.736236616599,1.0146702957707487,True,,0.9702405999996699,"[[56.84935340427882, 0.5515304416987183, -2542.239121438553], [16.129140933733716, -3.4753459786856333, 1287.2729027208568], [0.028711636164099035, -0.0011495326330349847, 1.0]]"
b19c4f90fe8fbf82,COph100/070/070_M_GA32_BW1830_PA33_DG0_PF0_D1_S01_1__070_M_GA32_BW1830_PA35_DG0_PF0_D1_S02_1,COph100/patient/070,COph100,sift_h,sample_orientation,ok,35,9,2102,1480,False,True,False,304.61492462592594,0.38076865578240743,True,,0.3954216999991331,"[[-1.504939738123202, 0.055828521890421236, 100.00619703836217], [-8.581714693704315, 0.04504017045944759, 700.4057260888762], [-0.01122815567406599, -5.699858343240125e-05, 1.0]]"
e9429f4527d792f8,COph100/070/070_M_GA32_BW1830_PA33_DG0_PF0_D1_S01_1__070_M_GA32_BW1830_PA37_DG0_PF0_D1_S03_3,COph100/patient/070,COph100,sift_h,fov,ok,39,7,8870,4750,False,True,False,65.6600850234128,0.08207510627926601,True,,1.6004588999931002,"[[-1.306381352114245, -12.394748078052983, 1241.3480159229616], [-0.7697099486465573, -7.470762461421567, 245.4983732661697], [-0.00770573165684241, -0.011956439473279819, 1.0]]"
e9429f4527d792f8,COph100/070/070_M_GA32_BW1830_PA33_DG0_PF0_D1_S01_1__070_M_GA32_BW1830_PA37_DG0_PF0_D1_S03_3,COph100/patient/070,COph100,sift_h,none,ok,39,7,8870,0,False,True,True,1371.7319009087216,1.714664876135902,True,True,1.664542700003949,"[[-1.2396391559184965, -1.6689303882717548, 1197.6458360995396], [-0.9734946143641067, -1.2993664074090263, 916.2767153576032], [-0.001419723159167193, -0.001299845730759951, 1.0]]"
e9429f4527d792f8,COph100/070/070_M_GA32_BW1830_PA33_DG0_PF0_D1_S01_1__070_M_GA32_BW1830_PA37_DG0_PF0_D1_S03_3,COph100/patient/070,COph100,sift_h,rectangle,ok,39,6,10000,9539,False,False,False,256.26831280633616,0.3203353910079202,True,,1.5045454000064638,"[[-1.0571281901749359, 0.07480250591280421, 999.9346951106747], [-0.6354698930583391, 0.18930392186177644, 603.1194037892992], [-0.0009744435430742302, 0.00014403014491651283, 1.0]]"
e9429f4527d792f8,COph100/070/070_M_GA32_BW1830_PA33_DG0_PF0_D1_S01_1__070_M_GA32_BW1830_PA37_DG0_PF0_D1_S03_3,COph100/patient/070,COph100,sift_h,sample_orientation,ok,39,7,8870,6472,False,True,False,65.6600850234128,0.08207510627926601,True,,1.6754785999946762,"[[-1.306381352114245, -12.394748078052983, 1241.3480159229616], [-0.7697099486465573, -7.470762461421567, 245.4983732661697], [-0.00770573165684241, -0.011956439473279819, 1.0]]"
5f3a5ddd8cf5a8e7,COph100/070/070_M_GA32_BW1830_PA33_DG0_PF0_D1_S01_1__070_M_GA32_BW1830_PA40_DG0_PF0_D1_S04_2,COph100/patient/070,COph100,sift_h,fov,ok,38,8,4685,2045,False,True,False,290.71441829689144,0.3633930228711143,True,,0.9236258000019006,"[[-2.495086680462856, -0.0006659357222107078, 67.25748633079907], [-3.8139007929219857, -0.001010654926429369, 102.8068869631686], [-0.03709776402632843, -9.860671587771344e-06, 1.0]]"
5f3a5ddd8cf5a8e7,COph100/070/070_M_GA32_BW1830_PA33_DG0_PF0_D1_S01_1__070_M_GA32_BW1830_PA40_DG0_PF0_D1_S04_2,COph100/patient/070,COph100,sift_h,none,ok,38,8,4685,0,False,True,False,290.71441829689144,0.3633930228711143,True,True,0.893190599992522,"[[-2.495086680462856, -0.0006659357222107078, 67.25748633079907], [-3.8139007929219857, -0.001010654926429369, 102.8068869631686], [-0.03709776402632843, -9.860671587771344e-06, 1.0]]"
5f3a5ddd8cf5a8e7,COph100/070/070_M_GA32_BW1830_PA33_DG0_PF0_D1_S01_1__070_M_GA32_BW1830_PA40_DG0_PF0_D1_S04_2,COph100/patient/070,COph100,sift_h,rectangle,ok,38,6,10000,9430,False,False,False,109.98785543603432,0.13748481929504291,True,,1.576645599998301,"[[0.18686302481017145, -1.0456591921474527, 681.6774910422204], [0.5709759211688118, 0.12642987186090177, -58.342614080559144], [-0.00020659479689135897, -4.221331065674394e-05, 1.0]]"
5f3a5ddd8cf5a8e7,COph100/070/070_M_GA32_BW1830_PA33_DG0_PF0_D1_S01_1__070_M_GA32_BW1830_PA40_DG0_PF0_D1_S04_2,COph100/patient/070,COph100,sift_h,sample_orientation,ok,38,8,4685,3331,False,True,False,290.71441829689144,0.3633930228711143,True,,0.8643842000019504,"[[-2.495086680462856, -0.0006659357222107078, 67.25748633079907], [-3.8139007929219857, -0.001010654926429369, 102.8068869631686], [-0.03709776402632843, -9.860671587771344e-06, 1.0]]"
f746b91bf69bdaf2,COph100/070/070_M_GA32_BW1830_PA35_DG0_PF0_D1_S02_1__070_M_GA32_BW1830_PA37_DG0_PF0_D1_S03_3,COph100/patient/070,COph100,sift_h,fov,ok,34,9,1872,976,False,True,False,308.77382025018807,0.38596727531273506,True,,0.30193359999975655,"[[-0.5698508129346463, -0.5838757272762704, 890.5221312849661], [-0.4747472025317, -0.48556655591797254, 740.5450912899541], [-0.0006402287427107707, -0.000655943728430704, 1.0]]"
f746b91bf69bdaf2,COph100/070/070_M_GA32_BW1830_PA35_DG0_PF0_D1_S02_1__070_M_GA32_BW1830_PA37_DG0_PF0_D1_S03_3,COph100/patient/070,COph100,sift_h,none,ok,34,9,1872,0,False,True,False,308.77382025018807,0.38596727531273506,True,True,0.36236149999604095,"[[-0.5698508129346463, -0.5838757272762704, 890.5221312849661], [-0.4747472025317, -0.48556655591797254, 740.5450912899541], [-0.0006402287427107707, -0.000655943728430704, 1.0]]"
f746b91bf69bdaf2,COph100/070/070_M_GA32_BW1830_PA35_DG0_PF0_D1_S02_1__070_M_GA32_BW1830_PA37_DG0_PF0_D1_S03_3,COph100/patient/070,COph100,sift_h,rectangle,ok,34,6,9493,8910,False,False,False,282.9752988266911,0.3537191235333638,True,,1.4753151999902911,"[[0.1420433297211673, -1.2433344387518732, 904.4395706160984], [0.015299314107820728, -0.9962371592924328, 749.0412111231398], [8.583825384892758e-05, -0.0012954173286206863, 1.0]]"
f746b91bf69bdaf2,COph100/070/070_M_GA32_BW1830_PA35_DG0_PF0_D1_S02_1__070_M_GA32_BW1830_PA37_DG0_PF0_D1_S03_3,COph100/patient/070,COph100,sift_h,sample_orientation,invalid_transform,34,8,3001,2103,False,,,,,True,,0.5938477000017883,
c82da48c941bc2cb,COph100/070/070_M_GA32_BW1830_PA35_DG0_PF0_D1_S02_1__070_M_GA32_BW1830_PA40_DG0_PF0_D1_S04_2,COph100/patient/070,COph100,sift_h,fov,ok,42,9,4364,2174,False,False,False,115.90478788579307,0.14488098485724132,True,,0.7807195000059437,"[[0.750265292763288, -0.013748369522820967, 5.175545112963915], [-0.07975811189501958, 0.6049533290208174, 42.96697536349127], [-0.0001125752002469748, -0.0007137375060535765, 1.0]]"
c82da48c941bc2cb,COph100/070/070_M_GA32_BW1830_PA35_DG0_PF0_D1_S02_1__070_M_GA32_BW1830_PA40_DG0_PF0_D1_S04_2,COph100/patient/070,COph100,sift_h,none,ok,42,10,4309,0,False,True,True,1636.2819142009932,2.0453523927512416,True,True,0.8151492000033613,"[[0.9439288806373052, -0.007762977422006827, -18.95137065376079], [0.012194371105871927, -0.03377680052901784, 43.97838778683636], [0.0005268955181866375, -0.004231782568795794, 1.0]]"
c82da48c941bc2cb,COph100/070/070_M_GA32_BW1830_PA35_DG0_PF0_D1_S02_1__070_M_GA32_BW1830_PA40_DG0_PF0_D1_S04_2,COph100/patient/070,COph100,sift_h,rectangle,ok,42,9,4364,3990,False,False,False,115.90478788579307,0.14488098485724132,True,,0.6775351999967825,"[[0.750265292763288, -0.013748369522820967, 5.175545112963915], [-0.07975811189501958, 0.6049533290208174, 42.96697536349127], [-0.0001125752002469748, -0.0007137375060535765, 1.0]]"
c82da48c941bc2cb,COph100/070/070_M_GA32_BW1830_PA35_DG0_PF0_D1_S02_1__070_M_GA32_BW1830_PA40_DG0_PF0_D1_S04_2,COph100/patient/070,COph100,sift_h,sample_orientation,ok,42,10,4309,2916,False,True,True,1636.2819142009932,2.0453523927512416,True,,0.8272194000019226,"[[0.9439288806373052, -0.007762977422006827, -18.95137065376079], [0.012194371105871927, -0.03377680052901784, 43.97838778683636], [0.0005268955181866375, -0.004231782568795794, 1.0]]"
77647cc32536b97e,COph100/070/070_M_GA32_BW1830_PA37_DG0_PF0_D1_S03_3__070_M_GA32_BW1830_PA40_DG0_PF0_D1_S04_2,COph100/patient/070,COph100,sift_h,fov,ok,28,6,8303,4430,False,True,False,377.53104624918274,0.4719138078114784,True,,1.4303713999979664,"[[5.981506003599852, -2.16036074046063, 929.7703702854889], [4.527425110805947, -1.617268495155344, 690.2245589134055], [0.0064346783921422354, -0.0023238965985378224, 1.0]]"
77647cc32536b97e,COph100/070/070_M_GA32_BW1830_PA37_DG0_PF0_D1_S03_3__070_M_GA32_BW1830_PA40_DG0_PF0_D1_S04_2,COph100/patient/070,COph100,sift_h,none,ok,28,6,8303,0,False,True,False,377.53104624918274,0.4719138078114784,True,True,1.5814645999926142,"[[5.981506003599852, -2.16036074046063, 929.7703702854889], [4.527425110805947, -1.617268495155344, 690.2245589134055], [0.0064346783921422354, -0.0023238965985378224, 1.0]]"
77647cc32536b97e,COph100/070/070_M_GA32_BW1830_PA37_DG0_PF0_D1_S03_3__070_M_GA32_BW1830_PA40_DG0_PF0_D1_S04_2,COph100/patient/070,COph100,sift_h,rectangle,ok,28,5,9054,8648,False,False,False,119.41300590963571,0.14926625738704463,True,,1.3795572999952128,"[[1.5606636845670636, 0.029822530648693, -69.43008976216221], [0.08972412228797569, 1.107076279919898, 67.99764756853537], [0.0003746368630383686, 0.00017366018434268165, 1.0]]"
77647cc32536b97e,COph100/070/070_M_GA32_BW1830_PA37_DG0_PF0_D1_S03_3__070_M_GA32_BW1830_PA40_DG0_PF0_D1_S04_2,COph100/patient/070,COph100,sift_h,sample_orientation,ok,28,6,8303,6048,False,True,False,377.53104624918274,0.4719138078114784,True,,1.5911109000007855,"[[5.981506003599852, -2.16036074046063, 929.7703702854889], [4.527425110805947, -1.617268495155344, 690.2245589134055], [0.0064346783921422354, -0.0023238965985378224, 1.0]]"
3a8673fa7abbe407,COph100/071-1/071_F_GA32_BW1660_PA33_DG0_PF0_D1_S01_7__071_F_GA32_BW1660_PA37_DG0_PF0_D1_S03_7,COph100/patient/071,COph100,sift_h,fov,ok,35,8,4940,2837,False,True,False,350.4910775242148,0.4381138469052685,True,,0.8434451000066474,"[[3.4243465727692097, -1.9108357850711695, 958.690769521691], [0.2651286160584651, -0.14654591165656267, 73.67008198143468], [0.0035334047120909287, -0.0019868603940817182, 1.0]]"
3a8673fa7abbe407,COph100/071-1/071_F_GA32_BW1660_PA33_DG0_PF0_D1_S01_7__071_F_GA32_BW1660_PA37_DG0_PF0_D1_S03_7,COph100/patient/071,COph100,sift_h,none,ok,35,8,3370,0,False,True,True,347.59404477164446,0.4344925559645556,True,True,0.7030011000024388,"[[-1.0116603179121808, -1.6921142824379296, 962.6126535274526], [-0.08153169766957871, -0.14350465637121648, 79.73171181582816], [-0.0010526795303590808, -0.0017523106722923808, 1.0]]"
3a8673fa7abbe407,COph100/071-1/071_F_GA32_BW1660_PA33_DG0_PF0_D1_S01_7__071_F_GA32_BW1660_PA37_DG0_PF0_D1_S03_7,COph100/patient/071,COph100,sift_h,rectangle,ok,35,6,10000,9300,False,False,False,238.64583512991368,0.2983072939123921,True,,1.6574855999933789,"[[0.9585836599072317, -0.5816112423738617, 311.8580949685814], [0.3842481767420787, 0.6888285935805841, -363.31247242903527], [0.0003858607719355057, -0.001217253279663267, 1.0]]"
3a8673fa7abbe407,COph100/071-1/071_F_GA32_BW1660_PA33_DG0_PF0_D1_S01_7__071_F_GA32_BW1660_PA37_DG0_PF0_D1_S03_7,COph100/patient/071,COph100,sift_h,sample_orientation,ok,35,8,4940,3571,False,True,False,350.4910775242148,0.4381138469052685,True,,1.0648918000078993,"[[3.4243465727692097, -1.9108357850711695, 958.690769521691], [0.2651286160584651, -0.14654591165656267, 73.67008198143468], [0.0035334047120909287, -0.0019868603940817182, 1.0]]"
70e5fbb422b2652e,COph100/071-1/071_F_GA32_BW1660_PA33_DG0_PF0_D1_S01_7__071_F_GA32_BW1660_PA40_DG0_PF0_D1_S04_8,COph100/patient/071,COph100,sift_h,fov,ok,38,8,4685,2621,False,True,False,265.3600757282683,0.3317000946603354,True,,0.8356494000036037,"[[-7.3714442810734955, -4.150118686688963, 949.3775694604552], [-4.638111136839436, -2.6113331446509815, 597.3853224415546], [-0.007762513793713083, -0.004370559572463419, 1.0]]"
70e5fbb422b2652e,COph100/071-1/071_F_GA32_BW1660_PA33_DG0_PF0_D1_S01_7__071_F_GA32_BW1660_PA40_DG0_PF0_D1_S04_8,COph100/patient/071,COph100,sift_h,none,ok,38,8,4685,0,False,True,False,265.3600757282683,0.3317000946603354,True,True,0.8757865000079619,"[[-7.3714442810734955, -4.150118686688963, 949.3775694604552], [-4.638111136839436, -2.6113331446509815, 597.3853224415546], [-0.007762513793713083, -0.004370559572463419, 1.0]]"
70e5fbb422b2652e,COph100/071-1/071_F_GA32_BW1660_PA33_DG0_PF0_D1_S01_7__071_F_GA32_BW1660_PA40_DG0_PF0_D1_S04_8,COph100/patient/071,COph100,sift_h,rectangle,ok,38,6,10000,9626,False,False,False,80.86513826718867,0.10108142283398584,True,,1.6711801999917952,"[[1.0877459816048292, -0.32418559599341323, 102.209391007552], [0.1355576565485724, 0.6635716387844821, -50.50532403128868], [0.0002051551037981491, -0.00040865577886560993, 1.0]]"
70e5fbb422b2652e,COph100/071-1/071_F_GA32_BW1660_PA33_DG0_PF0_D1_S01_7__071_F_GA32_BW1660_PA40_DG0_PF0_D1_S04_8,COph100/patient/071,COph100,sift_h,sample_orientation,ok,38,8,4685,3486,False,True,False,265.3600757282683,0.3317000946603354,True,,0.836163600004511,"[[-7.3714442810734955, -4.150118686688963, 949.3775694604552], [-4.638111136839436, -2.6113331446509815, 597.3853224415546], [-0.007762513793713083, -0.004370559572463419, 1.0]]"
6ebee7c21242a06a,COph100/071-1/071_F_GA32_BW1660_PA35_DG0_PF0_D1_S02_6__071_F_GA32_BW1660_PA37_DG0_PF0_D1_S03_7,COph100/patient/071,COph100,sift_h,fov,ok,36,7,6439,3674,False,True,False,415.6117325435167,0.5195146656793959,True,,1.095466699989629,"[[-0.032260723017373115, -0.03243140171664582, 51.94721183711333], [-0.07083655508910591, -0.06794929434135857, 112.1527063487953], [-0.0006253476425411404, -0.0006154196994290665, 1.0]]"
6ebee7c21242a06a,COph100/071-1/071_F_GA32_BW1660_PA35_DG0_PF0_D1_S02_6__071_F_GA32_BW1660_PA37_DG0_PF0_D1_S03_7,COph100/patient/071,COph100,sift_h,none,ok,36,7,6439,0,False,True,False,415.6117325435167,0.5195146656793959,True,True,1.2433372999948915,"[[-0.032260723017373115, -0.03243140171664582, 51.94721183711333], [-0.07083655508910591, -0.06794929434135857, 112.1527063487953], [-0.0006253476425411404, -0.0006154196994290665, 1.0]]"
6ebee7c21242a06a,COph100/071-1/071_F_GA32_BW1660_PA35_DG0_PF0_D1_S02_6__071_F_GA32_BW1660_PA37_DG0_PF0_D1_S03_7,COph100/patient/071,COph100,sift_h,rectangle,ok,36,7,9034,8451,False,False,False,213.09965513751322,0.26637456892189154,True,,1.5231448999984423,"[[1.2195544785459116, -0.26988801322963396, 73.7669108858038], [-0.11914236522835622, 0.3176306433609746, 11.345781142688793], [0.0007188853545200927, -0.000907467443760003, 1.0]]"
6ebee7c21242a06a,COph100/071-1/071_F_GA32_BW1660_PA35_DG0_PF0_D1_S02_6__071_F_GA32_BW1660_PA37_DG0_PF0_D1_S03_7,COph100/patient/071,COph100,sift_h,sample_orientation,ok,36,7,6439,4599,False,True,False,409.10207066193504,0.5113775883274188,True,,1.2887429999973392,"[[-0.07284971905339666, -0.029769252685508847, 91.97881962197576], [-0.034266289575246696, -0.0619150367545687, 73.00256882815303], [-0.0006397199671302278, -0.0005898179906746833, 1.0]]"
7bef6088c5a1b6e4,COph100/071-1/071_F_GA32_BW1660_PA37_DG0_PF0_D1_S03_7__071_F_GA32_BW1660_PA40_DG0_PF0_D1_S04_8,COph100/patient/071,COph100,sift_h,fov,ok,27,6,3773,2198,False,True,False,368.7778599382981,0.4609723249228726,True,,0.6869463000039104,"[[-0.07848141819423761, -0.007934166571641402, 77.38333519266521], [-0.635779034185242, -0.014782886244374217, 622.701793449241], [-0.0010220258291896618, -1.8024382552578434e-05, 1.0]]"
7bef6088c5a1b6e4,COph100/071-1/071_F_GA32_BW1660_PA37_DG0_PF0_D1_S03_7__071_F_GA32_BW1660_PA40_DG0_PF0_D1_S04_8,COph100/patient/071,COph100,sift_h,none,ok,27,6,3773,0,False,True,False,368.7778599382981,0.4609723249228726,True,True,0.7735313000011956,"[[-0.07848141819423761, -0.007934166571641402, 77.38333519266521], [-0.635779034185242, -0.014782886244374217, 622.701793449241], [-0.0010220258291896618, -1.8024382552578434e-05, 1.0]]"
7bef6088c5a1b6e4,COph100/071-1/071_F_GA32_BW1660_PA37_DG0_PF0_D1_S03_7__071_F_GA32_BW1660_PA40_DG0_PF0_D1_S04_8,COph100/patient/071,COph100,sift_h,rectangle,ok,27,5,7827,7242,False,False,False,360.8938329966675,0.4511172912458344,True,,1.197409799991874,"[[-0.8825975188083035, -1.0875722360654387, 1321.6822485991179], [2.5273042284705194, -1.4498400558927056, 718.5958735207242], [0.0038574356540483864, -0.0012559126428525517, 1.0]]"
7bef6088c5a1b6e4,COph100/071-1/071_F_GA32_BW1660_PA37_DG0_PF0_D1_S03_7__071_F_GA32_BW1660_PA40_DG0_PF0_D1_S04_8,COph100/patient/071,COph100,sift_h,sample_orientation,ok,27,6,3773,2708,False,True,False,368.79093133822755,0.46098866417278445,True,,0.7184938999998849,"[[-0.04432858794114435, -0.04962825643776472, 75.23835466147801], [-0.3858270441051737, -0.4112179865151333, 636.295006152154], [-0.0006200579760149636, -0.000625719030093475, 1.0]]"
1916f2b022f6ba7f,COph100/071/071_F_GA32_BW1660_PA33_DG0_PF0_D1_S01_2__071_F_GA32_BW1660_PA35_DG0_PF0_D1_S02_2,COph100/patient/071,COph100,sift_h,fov,ok,43,7,10000,5490,False,True,False,327.4773629100983,0.4093467036376229,True,,1.8967837000091095,"[[-0.7627159903348386, -0.15352517536967755, 99.91556547045857], [-0.2525875286650515, -0.04333873575028177, 33.175139518087654], [-0.0076319316792811676, -0.0015205525630670015, 1.0]]"
1916f2b022f6ba7f,COph100/071/071_F_GA32_BW1660_PA33_DG0_PF0_D1_S01_2__071_F_GA32_BW1660_PA35_DG0_PF0_D1_S02_2,COph100/patient/071,COph100,sift_h,none,ok,43,7,10000,0,False,True,True,346.1905628979455,0.43273820362243187,True,True,1.8804361000075005,"[[0.030902526031100164, -0.314093172070443, 135.75397648945685], [0.8433103550052029, -2.0496961629292922, 727.6343810217337], [0.0013671894218232773, -0.0031187794104268456, 1.0]]"
1916f2b022f6ba7f,COph100/071/071_F_GA32_BW1660_PA33_DG0_PF0_D1_S01_2__071_F_GA32_BW1660_PA35_DG0_PF0_D1_S02_2,COph100/patient/071,COph100,sift_h,rectangle,ok,43,7,10000,9306,False,False,False,161.41168179767277,0.20176460224709097,True,,1.5311611000070116,"[[2.3708666533351006, 0.17358679733000418, -78.12604519508909], [1.9185137049619723, 3.091997100358532, -322.947345843837], [0.0012701076727942686, 0.0028499492518538555, 1.0]]"
1916f2b022f6ba7f,COph100/071/071_F_GA32_BW1660_PA33_DG0_PF0_D1_S01_2__071_F_GA32_BW1660_PA35_DG0_PF0_D1_S02_2,COph100/patient/071,COph100,sift_h,sample_orientation,invalid_transform,43,7,10000,7271,False,,,,,True,,1.9657628999993904,
a4cad0d3834e05fe,COph100/071/071_F_GA32_BW1660_PA33_DG0_PF0_D1_S01_2__071_F_GA32_BW1660_PA40_DG0_PF0_D1_S04_2,COph100/patient/071,COph100,sift_h,fov,ok,35,8,3370,1733,False,True,False,308.33061496541296,0.3854132687067662,True,,0.5737991000059992,"[[0.8043315593633084, -0.08427854563505703, 33.17989828575572], [0.7611754455752655, -0.4057844854714425, 221.42447630495792], [0.009859835555348999, -0.0022242350741974496, 1.0]]"
a4cad0d3834e05fe,COph100/071/071_F_GA32_BW1660_PA33_DG0_PF0_D1_S01_2__071_F_GA32_BW1660_PA40_DG0_PF0_D1_S04_2,COph100/patient/071,COph100,sift_h,none,ok,35,8,3370,0,False,True,False,308.33061496541296,0.3854132687067662,True,True,0.628778299986152,"[[0.8043315593633084, -0.08427854563505703, 33.17989828575572], [0.7611754455752655, -0.4057844854714425, 221.42447630495792], [0.009859835555348999, -0.0022242350741974496, 1.0]]"
a4cad0d3834e05fe,COph100/071/071_F_GA32_BW1660_PA33_DG0_PF0_D1_S01_2__071_F_GA32_BW1660_PA40_DG0_PF0_D1_S04_2,COph100/patient/071,COph100,sift_h,rectangle,ok,35,7,5752,5244,False,False,False,256.2362971125961,0.32029537139074515,True,,0.9655770999961533,"[[0.13378274219259267, -0.025527357305209733, 13.907111846399644], [0.12749418135593363, -0.7152100291924827, 526.6162020560481], [-1.7233303662893746e-05, -0.001140148606356249, 1.0]]"
a4cad0d3834e05fe,COph100/071/071_F_GA32_BW1660_PA33_DG0_PF0_D1_S01_2__071_F_GA32_BW1660_PA40_DG0_PF0_D1_S04_2,COph100/patient/071,COph100,sift_h,sample_orientation,ok,35,8,3370,2258,False,True,False,308.33061496541296,0.3854132687067662,True,,0.6524111000035191,"[[0.8043315593633084, -0.08427854563505703, 33.17989828575572], [0.7611754455752655, -0.4057844854714425, 221.42447630495792], [0.009859835555348999, -0.0022242350741974496, 1.0]]"
5daa776bd9294f27,COph100/076-1/076_M_GA33_BW1470_PA35_DG0_PF0_D1_S01_10__076_M_GA33_BW1470_PA37_DG0_PF0_D1_S02_13,COph100/patient/076,COph100,sift_h,fov,ok,42,10,3057,1825,False,True,False,392.2576458714442,0.49032205733930523,True,,0.5503765000030398,"[[-0.056508120202104564, 0.003615588776350503, 52.57392488270706], [-0.15328600542233214, 0.009678334643131104, 142.55764505457142], [-0.001074869469419743, 6.79792831362669e-05, 1.0]]"
5daa776bd9294f27,COph100/076-1/076_M_GA33_BW1470_PA35_DG0_PF0_D1_S01_10__076_M_GA33_BW1470_PA37_DG0_PF0_D1_S02_13,COph100/patient/076,COph100,sift_h,none,ok,42,10,3057,0,False,True,False,392.2576458714442,0.49032205733930523,True,True,0.550756900003762,"[[-0.056508120202104564, 0.003615588776350503, 52.57392488270706], [-0.15328600542233214, 0.009678334643131104, 142.55764505457142], [-0.001074869469419743, 6.79792831362669e-05, 1.0]]"
5daa776bd9294f27,COph100/076-1/076_M_GA33_BW1470_PA35_DG0_PF0_D1_S01_10__076_M_GA33_BW1470_PA37_DG0_PF0_D1_S02_13,COph100/patient/076,COph100,sift_h,rectangle,ok,42,8,6993,6202,False,False,False,378.92926476583114,0.47366158095728894,True,,1.0933151000062935,"[[0.4248288055379601, -0.04340178624211799, 42.572152769090465], [-0.5253540706459374, 1.294559908413065, 121.83126626357226], [0.00443939847354522, 0.00023911410446819176, 1.0]]"
5daa776bd9294f27,COph100/076-1/076_M_GA33_BW1470_PA35_DG0_PF0_D1_S01_10__076_M_GA33_BW1470_PA37_DG0_PF0_D1_S02_13,COph100/patient/076,COph100,sift_h,sample_orientation,ok,42,9,4364,2965,False,True,False,392.20455845392337,0.4902556980674042,True,,0.8340434999990975,"[[-0.056458511008620094, 0.004797681571796542, 52.49088999158934], [-0.1535133764205436, 0.01170721516958476, 142.61864411954934], [-0.0010756819194385643, 8.394142415410099e-05, 1.0]]"
795ae18c0cfa9aa0,COph100/076-1/076_M_GA33_BW1470_PA35_DG0_PF0_D1_S01_10__076_M_GA33_BW1470_PA40_DG0_PF0_D1_S03_3,COph100/patient/076,COph100,sift_h,fov,ok,27,6,3773,1934,False,True,False,333.5500868414125,0.41693760855176565,True,,0.6933442999870749,"[[-0.5100348883464751, -0.1004297824933829, 43.89867139115503], [-6.5545249588892744, -1.29330663834452, 565.0088358620837], [-0.011590940529697785, -0.0022888085908377037, 1.0]]"
795ae18c0cfa9aa0,COph100/076-1/076_M_GA33_BW1470_PA35_DG0_PF0_D1_S01_10__076_M_GA33_BW1470_PA40_DG0_PF0_D1_S03_3,COph100/patient/076,COph100,sift_h,none,ok,27,6,3773,0,False,True,True,358.91529831762375,0.4486441228970297,True,True,0.73167320000357,"[[0.18978218948732248, -1.521357327059921, 945.3995982806751], [0.010562223913652347, -0.08558712240705467, 53.16764560330137], [0.0002012251115889955, -0.001609288899186716, 1.0]]"
795ae18c0cfa9aa0,COph100/076-1/076_M_GA33_BW1470_PA35_DG0_PF0_D1_S01_10__076_M_GA33_BW1470_PA40_DG0_PF0_D1_S03_3,COph100/patient/076,COph100,sift_h,rectangle,ok,27,5,7827,7426,False,False,False,227.63587456866418,0.28454484321083023,True,,1.2297279999911552,"[[-0.5667622925189957, 10.495743970397152, -823.4733925153724], [4.803008244123335, 0.37427056397240893, -16.706569202986586], [0.00789732950649165, 0.005956242316484684, 1.0]]"
795ae18c0cfa9aa0,COph100/076-1/076_M_GA33_BW1470_PA35_DG0_PF0_D1_S01_10__076_M_GA33_BW1470_PA40_DG0_PF0_D1_S03_3,COph100/patient/076,COph100,sift_h,sample_orientation,invalid_transform,27,6,3773,2788,False,,,,,True,,0.791230099988752,
16199f563ed03073,COph100/076/076_M_GA33_BW1470_PA35_DG0_PF0_D1_S01_4__076_M_GA33_BW1470_PA37_DG0_PF0_D1_S02_2,COph100/patient/076,COph100,sift_h,fov,ok,40,6,10000,5570,False,True,False,285.41479560402155,0.35676849450502696,True,,1.7757233000011183,"[[-7.999584069356966, -3.271877212713712, 910.8046959234878], [-6.347961980166007, -2.210056083073226, 690.2024806556575], [-0.008962712973841172, -0.003409250500898294, 1.0]]"
16199f563ed03073,COph100/076/076_M_GA33_BW1470_PA35_DG0_PF0_D1_S01_4__076_M_GA33_BW1470_PA37_DG0_PF0_D1_S02_2,COph100/patient/076,COph100,sift_h,none,ok,40,6,10000,0,False,True,False,285.41479560402155,0.35676849450502696,True,True,2.0992105000041192,"[[-7.999584069356966, -3.271877212713712, 910.8046959234878], [-6.347961980166007, -2.210056083073226, 690.2024806556575], [-0.008962712973841172, -0.003409250500898294, 1.0]]"
16199f563ed03073,COph100/076/076_M_GA33_BW1470_PA35_DG0_PF0_D1_S01_4__076_M_GA33_BW1470_PA37_DG0_PF0_D1_S02_2,COph100/patient/076,COph100,sift_h,rectangle,ok,40,6,10000,9470,False,False,False,334.3389533694239,0.4179236917117799,True,,1.5850669000064954,"[[-1.050665925399928, 0.15508985059916003, 1005.2281453053755], [0.09990445994861541, -1.1003094733252987, 803.5851705951399], [9.604698066426072e-05, 7.519957948322789e-05, 1.0]]"
16199f563ed03073,COph100/076/076_M_GA33_BW1470_PA35_DG0_PF0_D1_S01_4__076_M_GA33_BW1470_PA37_DG0_PF0_D1_S02_2,COph100/patient/076,COph100,sift_h,sample_orientation,ok,40,6,10000,7010,False,True,True,1061.622070095038,1.3270275876187976,True,,2.0230458000005456,"[[-36.913288052049054, 63.74073647181365, -2489.9091098425515], [-26.987493794085484, 41.83539749368013, 504.42657209053067], [-0.03942600577634461, 0.0621245845255844, 1.0]]"
50c7f9c8cf7427dd,COph100/076/076_M_GA33_BW1470_PA37_DG0_PF0_D1_S02_2__076_M_GA33_BW1470_PA40_DG0_PF0_D1_S03_8,COph100/patient/076,COph100,sift_h,fov,ok,42,6,10000,5478,False,True,False,403.8709825708622,0.5048387282135778,True,,1.7391952999896603,"[[1.9518285802896065, -0.6036495701461557, 104.18234039160586], [12.986292310635564, -3.984541329578575, 680.8625460946162], [0.01944541599629533, -0.005935628495047914, 1.0]]"
50c7f9c8cf7427dd,COph100/076/076_M_GA33_BW1470_PA37_DG0_PF0_D1_S02_2__076_M_GA33_BW1470_PA40_DG0_PF0_D1_S03_8,COph100/patient/076,COph100,sift_h,none,ok,42,6,10000,0,False,True,False,403.8709825708622,0.5048387282135778,True,True,2.0404082000022754,"[[1.9518285802896065, -0.6036495701461557, 104.18234039160586], [12.986292310635564, -3.984541329578575, 680.8625460946162], [0.01944541599629533, -0.005935628495047914, 1.0]]"
50c7f9c8cf7427dd,COph100/076/076_M_GA33_BW1470_PA37_DG0_PF0_D1_S02_2__076_M_GA33_BW1470_PA40_DG0_PF0_D1_S03_8,COph100/patient/076,COph100,sift_h,rectangle,ok,42,6,10000,9496,False,False,False,40.53640567693144,0.050670507096164295,True,,1.809240000002319,"[[0.9891912464545023, -0.03335869611807012, 20.505847492742923], [0.025633230673696744, 0.9969493985785374, -30.53264929018742], [2.2970941380880087e-05, -5.7086467584010006e-05, 1.0]]"
50c7f9c8cf7427dd,COph100/076/076_M_GA33_BW1470_PA37_DG0_PF0_D1_S02_2__076_M_GA33_BW1470_PA40_DG0_PF0_D1_S03_8,COph100/patient/076,COph100,sift_h,sample_orientation,ok,42,6,10000,7243,False,True,False,403.8709825708622,0.5048387282135778,True,,2.0330298999906518,"[[1.9518285802896065, -0.6036495701461557, 104.18234039160586], [12.986292310635564, -3.984541329578575, 680.8625460946162], [0.01944541599629533, -0.005935628495047914, 1.0]]"
42a902c65db73bba,FIRE/A02,FIRE/image_component/cc0001,FIRE,sift_h,fov,ok,36,6,10000,9101,False,False,False,1590.012258824811,0.3860949348848777,True,,1.530271100011305,"[[-0.03812201638091195, -0.9542258734079431, 893.9557887701516], [1.506411723426575, 1.082246086999081, -640.788944200342], [9.37257736454249e-06, -0.0004138338148807051, 1.0]]"
42a902c65db73bba,FIRE/A02,FIRE/image_component/cc0001,FIRE,sift_h,none,ok,36,7,6439,0,False,True,True,1549.4339745106001,0.37624150768450193,True,True,1.3606534999998985,"[[-0.8432764945416983, 1.54388904254269, 454.9779763037424], [-0.05569570602183642, 0.10205793832867804, 30.052606639239055], [-0.0018532917951052255, 0.003391933068963474, 1.0]]"
42a902c65db73bba,FIRE/A02,FIRE/image_component/cc0001,FIRE,sift_h,rectangle,ok,36,6,10000,9485,False,False,False,1590.012258824811,0.3860949348848777,True,,1.5971522000036202,"[[-0.03812201638091195, -0.9542258734079431, 893.9557887701516], [1.506411723426575, 1.082246086999081, -640.788944200342], [9.37257736454249e-06, -0.0004138338148807051, 1.0]]"
42a902c65db73bba,FIRE/A02,FIRE/image_component/cc0001,FIRE,sift_h,sample_orientation,ok,36,7,6439,4615,False,True,True,1560.3050886680946,0.3788812874028459,True,,1.2483833000005689,"[[1.624379030546538, -1.5698169963177724, 848.8666323385936], [0.32883868855859516, -0.31121694679885814, 168.07903355728348], [0.0019041189923906172, -0.0018478757140741667, 1.0]]"
03d0f3867b9a85ff,FIRE/A03,FIRE/image_component/cc0001,FIRE,sift_h,fov,ok,39,5,10000,8637,False,True,False,1374.0917311868147,0.33366400449675804,True,,1.5386317999946186,"[[-2.2264873353796144, -3.170829265100062, 1050.461964176005], [-5.944245418138873, -3.1208132937256874, 1510.631029458387], [-0.005611347105583866, -0.0029134943462218103, 1.0]]"
03d0f3867b9a85ff,FIRE/A03,FIRE/image_component/cc0001,FIRE,sift_h,none,ok,39,9,3244,0,False,True,True,1487.9235686021793,0.3613052353179561,True,True,0.6311293000035221,"[[-0.32810094875733303, -0.5812704616087383, 520.2895969866927], [-0.6262756333940674, -1.1083205689515283, 992.1017282460027], [-0.0006310870403157583, -0.0011173669254181283, 1.0]]"
03d0f3867b9a85ff,FIRE/A03,FIRE/image_component/cc0001,FIRE,sift_h,rectangle,ok,39,5,10000,9254,False,False,False,1027.9719007318804,0.24961741135876964,True,,1.7158358000015141,"[[0.7587180737118467, 1.098719903538657, 13.471325893705144], [3.0493726297099224, 0.3812974960272154, -278.2492449122403], [0.0017496261301101711, 0.00034171728095675635, 1.0]]"
03d0f3867b9a85ff,FIRE/A03,FIRE/image_component/cc0001,FIRE,sift_h,sample_orientation,ok,39,9,3807,2568,False,True,True,1483.5954261957763,0.36025425357155894,True,,0.6937273000075947,"[[-1.9385572716301094, -1.1805589650425683, 516.9535801570154], [-3.679945705820355, -2.296561024061714, 994.4324269270192], [-0.003709296935307757, -0.0023110814417039694, 1.0]]"
f18ced4c137f2bec,FIRE/A11,FIRE/image_component/cc0003,FIRE,sift_h,fov,ok,44,5,10000,9063,False,False,False,1155.15748854931,0.2805012683693815,True,,1.6960619000019506,"[[0.18250962797046985, 0.036631541899499354, -3.6134808345903626], [0.21200702824855097, -0.3801162648228779, 501.8566866265509], [-0.000184148044672784, -0.000667539288189538, 1.0]]"
f18ced4c137f2bec,FIRE/A11,FIRE/image_component/cc0003,FIRE,sift_h,none,ok,44,6,10000,0,False,True,True,1453.030303794973,0.35283227372354903,True,True,2.023651499999687,"[[0.03795228530606151, -0.05540422305755088, 38.91694182716488], [0.5555371454920494, -0.7771939002171298, 547.1860665632628], [0.0010176786962646216, -0.0014199797492129578, 1.0]]"
f18ced4c137f2bec,FIRE/A11,FIRE/image_component/cc0003,FIRE,sift_h,rectangle,ok,44,5,10000,9549,False,False,False,1155.15748854931,0.2805012683693815,True,,1.686831599989091,"[[0.18250962797046985, 0.036631541899499354, -3.6134808345903626], [0.21200702824855097, -0.3801162648228779, 501.8566866265509], [-0.000184148044672784, -0.000667539288189538, 1.0]]"
f18ced4c137f2bec,FIRE/A11,FIRE/image_component/cc0003,FIRE,sift_h,sample_orientation,invalid_transform,44,6,10000,7173,False,,,,,True,,1.9189390999963507,
ca16868d77588217,FIRE/A13,FIRE/image_component/cc0004,FIRE,sift_h,fov,ok,52,6,10000,8832,False,False,False,33.54003372504849,0.008144363079741514,True,,1.5568224000016926,"[[0.9500524609344253, -0.01270654259683248, 7.701836538937915], [-0.012061254277198893, 0.9825361779720739, 5.138521617538026], [-4.908713153840393e-05, 5.7326236213627164e-06, 1.0]]"
ca16868d77588217,FIRE/A13,FIRE/image_component/cc0004,FIRE,sift_h,none,ok,52,6,10000,0,False,True,True,1602.5936507368115,0.38915001302283825,True,True,1.9016864000004716,"[[-1.4021722155882541, -1.8748899619001904, 626.9150112673691], [-2.227789277115967, -2.9348562651931145, 984.2889984635408], [-0.002254148335068446, -0.0029921224781934404, 1.0]]"
ca16868d77588217,FIRE/A13,FIRE/image_component/cc0004,FIRE,sift_h,rectangle,ok,52,6,10000,9425,False,False,False,33.54003372504849,0.008144363079741514,True,,1.4773143000056734,"[[0.9500524609344253, -0.01270654259683248, 7.701836538937915], [-0.012061254277198893, 0.9825361779720739, 5.138521617538026], [-4.908713153840393e-05, 5.7326236213627164e-06, 1.0]]"
ca16868d77588217,FIRE/A13,FIRE/image_component/cc0004,FIRE,sift_h,sample_orientation,ok,52,6,10000,7011,False,False,False,33.54003372504849,0.008144363079741514,True,,2.0516874000022653,"[[0.9500524609344253, -0.01270654259683248, 7.701836538937915], [-0.012061254277198893, 0.9825361779720739, 5.138521617538026], [-4.908713153840393e-05, 5.7326236213627164e-06, 1.0]]"
4f76963fe05f6190,FIRE/P02,FIRE/image_component/cc0006,FIRE,sift_h,fov,ok,46,5,10000,8998,False,True,False,1463.7744569469244,0.35544122411910245,True,,1.6317585000069812,"[[-0.2867749133439858, -0.1501810312246769, 366.4156447721478], [0.039645034569689847, -0.07667165444896369, 80.66180737038968], [-0.0003118429905212409, -0.0007783314806806336, 1.0]]"
4f76963fe05f6190,FIRE/P02,FIRE/image_component/cc0006,FIRE,sift_h,none,ok,46,5,10000,0,False,True,True,1500.1452133021335,0.3642729577920599,True,True,1.8621658999909414,"[[-0.6283145236642543, 0.3342692119255529, 486.2975391429277], [-0.030509281299195914, 0.016050937925117366, 23.727678932018343], [-0.001291588223387513, 0.0006869646327677552, 1.0]]"
4f76963fe05f6190,FIRE/P02,FIRE/image_component/cc0006,FIRE,sift_h,rectangle,ok,46,4,10000,9524,False,False,False,4579.107816389824,1.1119224549291102,True,,1.6905738999921596,"[[142.8180785443328, 163.7780011775252, -150650.52455104637], [3.7430967088291105, 39.2293035225535, -5505.404787926112], [0.10554401134586049, 0.011631244338512097, 1.0]]"
4f76963fe05f6190,FIRE/P02,FIRE/image_component/cc0006,FIRE,sift_h,sample_orientation,invalid_transform,46,5,10000,7068,False,,,,,True,,1.9212598000012804,
83488dec1f30f6db,FIRE/P06,FIRE/image_component/cc0009,FIRE,sift_h,fov,ok,47,6,10000,8804,False,False,False,640.2840918952338,0.15547706842891154,True,,1.5813975999917602,"[[2.1951743334260834, -0.156301996619078, -386.1443570703228], [0.014133143171053512, 1.72070382122495, -12.9969824228923], [0.0008783881980452586, -0.00028167718307277263, 1.0]]"
83488dec1f30f6db,FIRE/P06,FIRE/image_component/cc0009,FIRE,sift_h,none,ok,47,6,10000,0,False,True,True,1344.5461913764643,0.3264896049247402,True,True,1.9985739000112517,"[[0.2656741240852028, -0.5776000736139146, -207.87484259473285], [-1.8911078996962014, -5.7353807466639015, 965.5579453129054], [-0.0014285940968115302, -0.014823664757240965, 1.0]]"
83488dec1f30f6db,FIRE/P06,FIRE/image_component/cc0009,FIRE,sift_h,rectangle,ok,47,6,10000,9406,False,False,False,640.2840918952338,0.15547706842891154,True,,1.5906157999997959,"[[2.1951743334260834, -0.156301996619078, -386.1443570703228], [0.014133143171053512, 1.72070382122495, -12.9969824228923], [0.0008783881980452586, -0.00028167718307277263, 1.0]]"
83488dec1f30f6db,FIRE/P06,FIRE/image_component/cc0009,FIRE,sift_h,sample_orientation,ok,47,6,10000,6779,False,True,True,1344.5461913764643,0.3264896049247402,True,,1.9596418000000995,"[[0.2656741240852028, -0.5776000736139146, -207.87484259473285], [-1.8911078996962014, -5.7353807466639015, 965.5579453129054], [-0.0014285940968115302, -0.014823664757240965, 1.0]]"
ad42977d5a31cdaf,FIRE/P07,FIRE/image_component/cc0009,FIRE,sift_h,fov,ok,53,5,10000,8936,False,True,False,1272.625454861704,0.30902544266597715,True,,1.5258643999986816,"[[-0.3180920093725588, -0.31043440120020577, 539.093897672317], [0.01894153080422433, 0.038983643233301, 18.41859465988971], [-0.0008377120396968508, -0.00018382987561812073, 1.0]]"
ad42977d5a31cdaf,FIRE/P07,FIRE/image_component/cc0009,FIRE,sift_h,none,ok,53,6,10000,0,False,True,True,1483.2782292583167,0.3601772301836986,True,True,2.009110700004385,"[[-0.1635760261639862, -0.6162245053452189, 203.05539460919542], [-0.03659868655570009, -0.2416099214108928, 64.7326675705419], [-0.0006470948213246011, -0.0025818598839242556, 1.0]]"
ad42977d5a31cdaf,FIRE/P07,FIRE/image_component/cc0009,FIRE,sift_h,rectangle,ok,53,5,10000,9467,False,False,False,1551.223551939956,0.3766760620580445,True,,1.6294275999971433,"[[-0.8026819480157878, -0.8366674314996084, 1432.1308381521314], [0.6307451887209301, -0.7306090979003931, 592.1604591907821], [6.44676724857926e-05, 9.691854296499219e-05, 1.0]]"
ad42977d5a31cdaf,FIRE/P07,FIRE/image_component/cc0009,FIRE,sift_h,sample_orientation,ok,53,6,10000,7083,False,True,True,1483.2782292583167,0.3601772301836986,True,,1.993177399999695,"[[-0.1635760261639862, -0.6162245053452189, 203.05539460919542], [-0.03659868655570009, -0.2416099214108928, 64.7326675705419], [-0.0006470948213246011, -0.0025818598839242556, 1.0]]"
812320217de89969,FIRE/P11,FIRE/image_component/cc0011,FIRE,sift_h,fov,ok,40,6,10000,9099,False,False,False,712.7045988090866,0.17306258750025516,True,,1.6648765999998432,"[[0.036713079417624465, 1.597012451041676, -229.40388738338493], [0.12291765361930404, 0.3228187843298438, 168.59278988738672], [-0.0008911500250695199, 0.0010962969814448569, 1.0]]"
812320217de89969,FIRE/P11,FIRE/image_component/cc0011,FIRE,sift_h,none,ok,40,6,10000,0,False,True,True,1962.2015555635305,0.4764718495857708,True,True,1.9494559000013396,"[[-0.10300650027713006, -0.07036251251793497, 118.2120294091602], [-0.019075991987410723, -0.24195097434082957, 231.6367813204656], [-0.0008205459966255695, -0.0005363015096906199, 1.0]]"
812320217de89969,FIRE/P11,FIRE/image_component/cc0011,FIRE,sift_h,rectangle,ok,40,6,10000,9550,False,False,False,712.7045988090866,0.17306258750025516,True,,1.6794888000003994,"[[0.036713079417624465, 1.597012451041676, -229.40388738338493], [0.12291765361930404, 0.3228187843298438, 168.59278988738672], [-0.0008911500250695199, 0.0010962969814448569, 1.0]]"
812320217de89969,FIRE/P11,FIRE/image_component/cc0011,FIRE,sift_h,sample_orientation,ok,40,6,10000,7282,False,False,False,712.7045988090866,0.17306258750025516,True,,1.910885999997845,"[[0.036713079417624465, 1.597012451041676, -229.40388738338493], [0.12291765361930404, 0.3228187843298438, 168.59278988738672], [-0.0008911500250695199, 0.0010962969814448569, 1.0]]"
5bfe383b3c611399,FIRE/P14,FIRE/image_component/cc0011,FIRE,sift_h,fov,ok,32,6,7448,6571,False,True,False,703.246605439838,0.17076594902229736,True,,1.180401100005838,"[[0.009402453837366044, -0.23256282991598315, 272.30563567756536], [-0.4567698220535744, -0.6644139040779733, 943.5571271966405], [-0.00047504681445439023, -0.000606671892261936, 1.0]]"
5bfe383b3c611399,FIRE/P14,FIRE/image_component/cc0011,FIRE,sift_h,none,ok,32,7,4018,0,False,True,True,1151.6242004612734,0.2796432972268896,True,True,0.7046934000100009,"[[-0.5508328912861417, -0.44109464349328364, 625.308462256104], [-0.8341490947208761, -0.6566232974713051, 961.5167428030828], [-0.0009043295105011623, -0.0005963280320867264, 1.0]]"
5bfe383b3c611399,FIRE/P14,FIRE/image_component/cc0011,FIRE,sift_h,rectangle,ok,32,6,7448,6874,False,False,False,1390.0757005857217,0.3375453139583808,True,,1.0879531999962637,"[[-0.4150413741286773, 0.221608046587155, 648.5701932943361], [1.3094330674143577, -0.6377485030432118, 365.7047428761555], [-0.0007174581141913716, 0.0012677764382531469, 1.0]]"
5bfe383b3c611399,FIRE/P14,FIRE/image_component/cc0011,FIRE,sift_h,sample_orientation,ok,32,6,7448,5246,False,True,False,703.246605439838,0.17076594902229736,True,,1.4160428999894066,"[[0.009402453837366044, -0.23256282991598315, 272.30563567756536], [-0.4567698220535744, -0.6644139040779733, 943.5571271966405], [-0.00047504681445439023, -0.000606671892261936, 1.0]]"
0c97b267bb2bffb6,FIRE/P17,FIRE/image_component/cc0013,FIRE,sift_h,fov,ok,39,6,10000,8943,False,True,False,1234.8591324981448,0.2998548304943598,True,,1.5667672999989009,"[[-0.14996325771485333, -0.3912083001529851, 494.8258090112208], [0.0058952346030691554, 0.1120994882456656, 32.971041258170985], [-0.0006957049395460142, -0.000307236121034795, 1.0]]"
0c97b267bb2bffb6,FIRE/P17,FIRE/image_component/cc0013,FIRE,sift_h,none,ok,39,6,10000,0,False,True,False,1234.8591324981448,0.2998548304943598,True,True,2.0130248999921605,"[[-0.14996325771485333, -0.3912083001529851, 494.8258090112208], [0.0058952346030691554, 0.1120994882456656, 32.971041258170985], [-0.0006957049395460142, -0.000307236121034795, 1.0]]"
0c97b267bb2bffb6,FIRE/P17,FIRE/image_component/cc0013,FIRE,sift_h,rectangle,ok,39,5,10000,9527,False,False,False,655.3538219063566,0.15913637759151986,True,,1.4625976999959676,"[[-0.7460697078619413, -0.6009714052908922, 1214.9156303914292], [-0.4252061468410956, 0.37161058463199476, 389.5783641496154], [-0.00044279293750582835, -0.00023105824352758346, 1.0]]"
0c97b267bb2bffb6,FIRE/P17,FIRE/image_component/cc0013,FIRE,sift_h,sample_orientation,ok,39,6,10000,6972,False,True,False,1234.8591324981448,0.2998548304943598,True,,2.0407848000031663,"[[-0.14996325771485333, -0.3912083001529851, 494.8258090112208], [0.0058952346030691554, 0.1120994882456656, 32.971041258170985], [-0.0006957049395460142, -0.000307236121034795, 1.0]]"
dfb335ea384aed5d,FIRE/P19,FIRE/image_component/cc0014,FIRE,sift_h,fov,ok,54,6,10000,8973,False,False,False,460.4869177525437,0.11181779608190785,True,,1.6676702999975532,"[[0.7407107961134203, 0.0827728915388776, 138.10711560531794], [0.17251639446598363, 1.329457602935868, -217.30976238460937], [-0.0001418727042690521, 0.00023586541152684738, 1.0]]"
dfb335ea384aed5d,FIRE/P19,FIRE/image_component/cc0014,FIRE,sift_h,none,ok,54,6,10000,0,False,True,True,114631.2291567707,27.835343225446998,True,True,1.8553752999869175,"[[-1.6330650957652517, -2.245118773899951, 1302.772351173126], [-1.1290655805555263, -2.7350579687521686, 1334.6544942763749], [-0.0013113580554996406, -0.0025563964125446086, 1.0]]"
dfb335ea384aed5d,FIRE/P19,FIRE/image_component/cc0014,FIRE,sift_h,rectangle,ok,54,6,10000,9462,False,False,False,460.4869177525437,0.11181779608190785,True,,1.5766429999930551,"[[0.7407107961134203, 0.0827728915388776, 138.10711560531794], [0.17251639446598363, 1.329457602935868, -217.30976238460937], [-0.0001418727042690521, 0.00023586541152684738, 1.0]]"
dfb335ea384aed5d,FIRE/P19,FIRE/image_component/cc0014,FIRE,sift_h,sample_orientation,ok,54,6,10000,7140,False,True,True,114631.2291567707,27.835343225446998,True,,2.047230199998012,"[[-1.6330650957652517, -2.245118773899951, 1302.772351173126], [-1.1290655805555263, -2.7350579687521686, 1334.6544942763749], [-0.0013113580554996406, -0.0025563964125446086, 1.0]]"
967908a83b559376,FIRE/P20,FIRE/image_component/cc0015,FIRE,sift_h,fov,ok,50,6,10000,9079,False,True,False,1731.4258646009555,0.4204337122187901,True,,1.6094560000055935,"[[-2.0295583586428934, -7.777038823021699, 1075.3080054254795], [0.7357637205456655, -4.189795892887415, -312.08469008691463], [-0.00238398791126319, -0.0075667498105912116, 1.0]]"
967908a83b559376,FIRE/P20,FIRE/image_component/cc0015,FIRE,sift_h,none,ok,50,6,10000,0,False,True,True,1898.6614511422024,0.46104271541213676,True,True,1.9214555000071414,"[[-0.5089383092742636, -1.855160721548322, 795.7336375521168], [-0.593702781539407, -2.1084799296273866, 873.7738163129037], [-0.00063607709017753, -0.002371965329439354, 1.0]]"
967908a83b559376,FIRE/P20,FIRE/image_component/cc0015,FIRE,sift_h,rectangle,ok,50,6,10000,9500,False,False,False,2910.7546212363263,0.706804371925236,True,,1.5749366999953054,"[[-0.13198539394569136, 5.442990218818479, 873.7854400780313], [-1.9354015600051422, -8.850772411051176, 3493.5838022595444], [-0.0004623664232787862, 0.008070062145166099, 1.0]]"
967908a83b559376,FIRE/P20,FIRE/image_component/cc0015,FIRE,sift_h,sample_orientation,ok,50,6,10000,7156,False,True,True,1520.1732346558028,0.3691362646989722,True,,1.9270374000043375,"[[-1.043573502260546, 0.6202943435249431, 807.0995233228969], [-1.1363397498904235, 0.8407446525103166, 829.878273638182], [-0.0013046417778154276, 0.0008177621818604426, 1.0]]"
66df112faba0e98a,FIRE/P21,FIRE/image_component/cc0016,FIRE,sift_h,fov,ok,40,6,10000,8873,False,False,False,1732.6861231641512,0.4207397346693685,True,,1.5731224000046495,"[[0.7682161120943004, -0.8478427917588129, 292.6912874330336], [-0.4680643189095339, -0.6065926127543727, 973.5285222392829], [-9.385259576770358e-05, -0.0005669087639626758, 1.0]]"
66df112faba0e98a,FIRE/P21,FIRE/image_component/cc0016,FIRE,sift_h,none,ok,40,7,9816,0,False,True,True,1300.923891447501,0.31589701423424454,True,True,1.9894112000038149,"[[3.855533341044018, -26.005150181797024, 634.6195179541976], [5.804764693596523, -39.34243766166144, 952.3720331832668], [0.005965153453629164, -0.040385688464765694, 1.0]]"
66df112faba0e98a,FIRE/P21,FIRE/image_component/cc0016,FIRE,sift_h,rectangle,ok,40,6,10000,9333,False,False,False,1732.6861231641512,0.4207397346693685,True,,1.5531576000066707,"[[0.7682161120943004, -0.8478427917588129, 292.6912874330336], [-0.4680643189095339, -0.6065926127543727, 973.5285222392829], [-9.385259576770358e-05, -0.0005669087639626758, 1.0]]"
66df112faba0e98a,FIRE/P21,FIRE/image_component/cc0016,FIRE,sift_h,sample_orientation,ok,40,7,9816,6790,False,True,True,1284.241572191783,0.3118461278772263,True,,1.908260500000324,"[[-0.889928434342407, -3.277984251048014, 651.4376519243594], [-1.3129684884737203, -4.968688912166766, 980.3553399680092], [-0.0013596995225792262, -0.005085350798230332, 1.0]]"
def5ac9deab0ba0f,FIRE/P26,FIRE/image_component/cc0020,FIRE,sift_h,fov,ok,52,6,10000,8964,False,False,False,921.0067966907047,0.2236435959680279,True,,1.5870381000131601,"[[1.1770574128388696, 0.07253289241279968, -56.6100443755382], [0.014501001020283804, 1.0943859976809729, -7.976311842286074], [0.00013911055267186545, 2.9126161358063296e-05, 1.0]]"
def5ac9deab0ba0f,FIRE/P26,FIRE/image_component/cc0020,FIRE,sift_h,none,ok,52,6,10000,0,False,True,True,1175.3747498144155,0.28541052748256013,True,True,1.9570576999976765,"[[-0.024385549959727703, -0.03217089406696275, 46.42421385122193], [-0.3174344030192018, -0.42488514599602134, 607.5940193340926], [-0.0005199201719468416, -0.0007003016913750182, 1.0]]"
def5ac9deab0ba0f,FIRE/P26,FIRE/image_component/cc0020,FIRE,sift_h,rectangle,ok,52,6,10000,9477,False,False,False,921.0067966907047,0.2236435959680279,True,,1.5867476999992505,"[[1.1770574128388696, 0.07253289241279968, -56.6100443755382], [0.014501001020283804, 1.0943859976809729, -7.976311842286074], [0.00013911055267186545, 2.9126161358063296e-05, 1.0]]"
def5ac9deab0ba0f,FIRE/P26,FIRE/image_component/cc0020,FIRE,sift_h,sample_orientation,ok,52,6,10000,7057,False,False,False,921.0067966907047,0.2236435959680279,True,,1.9384290000016335,"[[1.1770574128388696, 0.07253289241279968, -56.6100443755382], [0.014501001020283804, 1.0943859976809729, -7.976311842286074], [0.00013911055267186545, 2.9126161358063296e-05, 1.0]]"
c9cf17d0e56eb998,FIRE/P27,FIRE/image_component/cc0020,FIRE,sift_h,fov,ok,52,6,10000,8964,False,False,False,919.0904129833814,0.2231782498434387,True,,1.6574761999945622,"[[1.1770574128388696, 0.07253289241279968, -56.6100443755382], [0.014501001020283804, 1.0943859976809729, -7.976311842286074], [0.00013911055267186545, 2.9126161358063296e-05, 1.0]]"
c9cf17d0e56eb998,FIRE/P27,FIRE/image_component/cc0020,FIRE,sift_h,none,ok,52,6,10000,0,False,True,True,1146.8586828378307,0.27848610978616145,True,True,1.9179567999963183,"[[-0.024385549959727703, -0.03217089406696275, 46.42421385122193], [-0.3174344030192018, -0.42488514599602134, 607.5940193340926], [-0.0005199201719468416, -0.0007003016913750182, 1.0]]"
c9cf17d0e56eb998,FIRE/P27,FIRE/image_component/cc0020,FIRE,sift_h,rectangle,ok,52,6,10000,9477,False,False,False,919.0904129833814,0.2231782498434387,True,,1.4920905000035418,"[[1.1770574128388696, 0.07253289241279968, -56.6100443755382], [0.014501001020283804, 1.0943859976809729, -7.976311842286074], [0.00013911055267186545, 2.9126161358063296e-05, 1.0]]"
c9cf17d0e56eb998,FIRE/P27,FIRE/image_component/cc0020,FIRE,sift_h,sample_orientation,ok,52,6,10000,7057,False,False,False,919.0904129833814,0.2231782498434387,True,,1.8531587999896146,"[[1.1770574128388696, 0.07253289241279968, -56.6100443755382], [0.014501001020283804, 1.0943859976809729, -7.976311842286074], [0.00013911055267186545, 2.9126161358063296e-05, 1.0]]"
254d3aa6e7e2b680,FIRE/P30,FIRE/image_component/cc0023,FIRE,sift_h,fov,ok,33,5,10000,8758,False,False,False,1194.439068725533,0.29003982321770916,True,,1.503751199998078,"[[-0.5635209671262956, -0.6814754721643532, 1100.1601529504685], [-0.60497719826092, 0.2874886163865002, 550.7625494220076], [-0.0003441185566484731, -0.0003058533128049275, 1.0]]"
254d3aa6e7e2b680,FIRE/P30,FIRE/image_component/cc0023,FIRE,sift_h,none,ok,33,5,10000,0,False,True,True,1934.8694941348986,0.4698349381915425,True,True,1.9541388999932678,"[[0.8920640923476324, -1.1540720798893025, 677.9030228887605], [0.2753588605206174, -0.18095660987423473, 54.93830515287052], [0.0007780259524150355, -0.0014093904933531818, 1.0]]"
254d3aa6e7e2b680,FIRE/P30,FIRE/image_component/cc0023,FIRE,sift_h,rectangle,ok,33,5,10000,9286,False,False,False,1194.439068725533,0.29003982321770916,True,,1.5563363999972353,"[[-0.5635209671262956, -0.6814754721643532, 1100.1601529504685], [-0.60497719826092, 0.2874886163865002, 550.7625494220076], [-0.0003441185566484731, -0.0003058533128049275, 1.0]]"
254d3aa6e7e2b680,FIRE/P30,FIRE/image_component/cc0023,FIRE,sift_h,sample_orientation,ok,33,5,10000,6894,False,True,True,1934.8694941348986,0.4698349381915425,True,,1.9283119000028819,"[[0.8920640923476324, -1.1540720798893025, 677.9030228887605], [0.2753588605206174, -0.18095660987423473, 54.93830515287052], [0.0007780259524150355, -0.0014093904933531818, 1.0]]"
c2440bc8587cbf1c,FIRE/P33,FIRE/image_component/cc0025,FIRE,sift_h,fov,ok,59,6,10000,8941,False,False,False,551.430861501797,0.13390127112756203,True,,1.6166026999999303,"[[0.9527175521473182, -0.008998694742416982, 14.598793297131502], [-0.004770181700305286, 0.976872098469289, 2.172453572934566], [-3.158395034988076e-05, -2.849947828642019e-05, 1.0]]"
c2440bc8587cbf1c,FIRE/P33,FIRE/image_component/cc0025,FIRE,sift_h,none,ok,59,7,10000,0,False,True,True,1418.6065556290948,0.34447332256903307,True,True,2.0855409000068903,"[[-0.2969735692231293, -1.1336550599738553, 504.4667639156706], [0.0009395897534077172, -0.07117103709811454, 22.392046103528266], [-0.0006526677116017223, -0.0022118959556203226, 1.0]]"
c2440bc8587cbf1c,FIRE/P33,FIRE/image_component/cc0025,FIRE,sift_h,rectangle,ok,59,6,10000,9503,False,False,False,551.430861501797,0.13390127112756203,True,,1.6433805999986362,"[[0.9527175521473182, -0.008998694742416982, 14.598793297131502], [-0.004770181700305286, 0.976872098469289, 2.172453572934566], [-3.158395034988076e-05, -2.849947828642019e-05, 1.0]]"
c2440bc8587cbf1c,FIRE/P33,FIRE/image_component/cc0025,FIRE,sift_h,sample_orientation,ok,59,7,10000,6998,False,True,True,1402.5938761078994,0.34058504156820746,True,,2.038282399997115,"[[-0.646791657952222, 0.24669209114833898, 527.1056766831618], [-0.03677579417602016, 0.011916871437633215, 32.62735601210132], [-0.00125082327494501, 0.0005174972584708187, 1.0]]"
6b196a5159a197ec,FIRE/P36,FIRE/image_component/cc0028,FIRE,sift_h,fov,ok,36,5,10000,9101,False,False,False,1136.20521345115,0.27589917968778055,True,,1.5681918000045698,"[[0.4725268166261087, -0.7064730153639891, 533.1363351582436], [0.21699808357906922, 0.1408675027478022, -44.87608297470999], [0.00010322879690067489, -0.0008624847058984557, 1.0]]"
6b196a5159a197ec,FIRE/P36,FIRE/image_component/cc0028,FIRE,sift_h,none,ok,36,5,10000,0,False,True,True,1189.9636138372712,0.2889530702986211,True,True,2.0204746999952476,"[[-0.02388353788522453, -0.0665146109041729, 48.76499702466061], [-0.14824397348643997, -0.5230493122016897, 400.5454657176664], [-0.0003734098167178432, -0.0013235847393644432, 1.0]]"
6b196a5159a197ec,FIRE/P36,FIRE/image_component/cc0028,FIRE,sift_h,rectangle,ok,36,5,10000,9586,False,False,False,1136.20521345115,0.27589917968778055,True,,1.650502399992547,"[[0.4725268166261087, -0.7064730153639891, 533.1363351582436], [0.21699808357906922, 0.1408675027478022, -44.87608297470999], [0.00010322879690067489, -0.0008624847058984557, 1.0]]"
6b196a5159a197ec,FIRE/P36,FIRE/image_component/cc0028,FIRE,sift_h,sample_orientation,ok,36,5,10000,7209,False,False,False,1136.20521345115,0.27589917968778055,True,,1.9458248999872012,"[[0.4725268166261087, -0.7064730153639891, 533.1363351582436], [0.21699808357906922, 0.1408675027478022, -44.87608297470999], [0.00010322879690067489, -0.0008624847058984557, 1.0]]"
3255cdb7ffef8945,FIRE/P42,FIRE/image_component/cc0031,FIRE,sift_h,fov,ok,57,6,10000,8978,False,False,False,582.8495508804006,0.1415305184886899,True,,1.6387008000019705,"[[1.3286083931992818, 0.26720659108927847, -53.91238084556822], [0.13490469956227533, 2.6696705311644306, -345.5663754592892], [7.598622250903831e-05, 0.0014782100679648748, 1.0]]"
3255cdb7ffef8945,FIRE/P42,FIRE/image_component/cc0031,FIRE,sift_h,none,ok,57,6,10000,0,False,True,True,1515.598092666419,0.36802530524650495,True,True,1.8738315999944462,"[[-1.8479104040169065, -0.5805243578165826, 868.8461204889632], [-0.9438274033293356, -0.9988097222220587, 812.89584182445], [-0.0021231889146308054, -0.0007882161661794364, 1.0]]"
3255cdb7ffef8945,FIRE/P42,FIRE/image_component/cc0031,FIRE,sift_h,rectangle,ok,57,6,10000,9483,False,False,False,582.8495508804006,0.1415305184886899,True,,1.591655800002627,"[[1.3286083931992818, 0.26720659108927847, -53.91238084556822], [0.13490469956227533, 2.6696705311644306, -345.5663754592892], [7.598622250903831e-05, 0.0014782100679648748, 1.0]]"
3255cdb7ffef8945,FIRE/P42,FIRE/image_component/cc0031,FIRE,sift_h,sample_orientation,ok,57,6,10000,7016,False,True,True,1869.4130669966282,0.4539404727033165,True,,1.9307079999998678,"[[-1.4395673173264212, 1.405972911882621, 1009.3228205242414], [-0.5805894214470189, 1.1949783892180124, 294.7340413554815], [-0.0014432153317342495, 0.0015022048582246641, 1.0]]"
5ddb5399570eafbb,FIRE/P44,FIRE/image_component/cc0031,FIRE,sift_h,fov,ok,52,5,10000,9044,False,True,False,1262.4208297915618,0.30654750324751434,True,,1.6030176000058418,"[[2.2628188943107053, -0.6878853080890043, 270.43577237118456], [-0.15658999515417812, -0.164948127318113, 405.473465053797], [0.004735552790216656, -0.0012326492833801125, 1.0]]"
5ddb5399570eafbb,FIRE/P44,FIRE/image_component/cc0031,FIRE,sift_h,none,ok,52,6,10000,0,False,True,True,1339.3120866951272,0.3252186327703399,True,True,1.8945281000051182,"[[0.8317938514399956, -0.6044836876840078, 372.59184696179625], [0.10950308395355934, -0.07947535976000372, 48.842348861868345], [0.0022334205334165794, -0.001622915923738817, 1.0]]"
5ddb5399570eafbb,FIRE/P44,FIRE/image_component/cc0031,FIRE,sift_h,rectangle,ok,52,4,10000,9512,False,False,False,1626.32026869033,0.3949114321332625,True,,1.605677999992622,"[[-2.034571057141049, 0.3653503682538529, 1347.7432166502751], [0.6914861953994496, 0.1264031513895374, 33.497860179122746], [-0.0009450732243270214, 0.001307420180777069, 1.0]]"
5ddb5399570eafbb,FIRE/P44,FIRE/image_component/cc0031,FIRE,sift_h,sample_orientation,invalid_transform,52,6,10000,7006,False,,,,,True,,1.9598241000057897,
469666844aee7c07,FIRE/P45,FIRE/image_component/cc0031,FIRE,sift_h,fov,ok,51,6,10000,9006,False,False,False,519.5285826809438,0.1261545960968171,True,,1.559364300002926,"[[0.9523928678941238, -0.08368082756616704, 52.340294179886854], [-0.02024823709974821, 0.9002354683722408, 34.866796112283595], [9.159957599530595e-06, -7.223707538715536e-05, 1.0]]"
469666844aee7c07,FIRE/P45,FIRE/image_component/cc0031,FIRE,sift_h,none,ok,51,6,10000,0,False,True,True,1708.6793603021754,0.4149102893348765,True,True,1.9052497999946354,"[[-0.8163066056410285, 0.12667789444753824, 736.6365014873451], [-0.09774196751353982, 0.014553147954629747, 88.5732553717729], [-0.0011072034865908672, 0.00017019403864067397, 1.0]]"
469666844aee7c07,FIRE/P45,FIRE/image_component/cc0031,FIRE,sift_h,rectangle,ok,51,6,10000,9511,False,False,False,519.5285826809438,0.1261545960968171,True,,1.6347546000033617,"[[0.9523928678941238, -0.08368082756616704, 52.340294179886854], [-0.02024823709974821, 0.9002354683722408, 34.866796112283595], [9.159957599530595e-06, -7.223707538715536e-05, 1.0]]"
469666844aee7c07,FIRE/P45,FIRE/image_component/cc0031,FIRE,sift_h,sample_orientation,ok,51,6,10000,6962,False,True,True,1708.6793603021754,0.4149102893348765,True,,2.034231899990118,"[[-0.8163066056410285, 0.12667789444753824, 736.6365014873451], [-0.09774196751353982, 0.014553147954629747, 88.5732553717729], [-0.0011072034865908672, 0.00017019403864067397, 1.0]]"
556199f23500c582,FIRE/P48,FIRE/image_component/cc0031,FIRE,sift_h,fov,ok,48,5,10000,8888,False,False,False,1954.482853744912,0.4745975548062715,True,,1.5878306999948109,"[[2.9620560215727663, 2.036795399174274, -1966.0166856375945], [-1.1050688628394942, 0.10085931381704209, 1054.6242557962055], [-8.09956092826888e-05, 0.0002180960989049627, 1.0]]"
556199f23500c582,FIRE/P48,FIRE/image_component/cc0031,FIRE,sift_h,none,ok,48,5,10000,0,False,True,True,1478.4205853030867,0.3589976721543947,True,True,1.924803800007794,"[[-0.3751929826124732, -1.325079327298267, 585.426892746387], [-0.6348195003735037, -2.245182111269505, 991.14996654732], [-0.0006403322961356941, -0.0022653202542511452, 1.0]]"
556199f23500c582,FIRE/P48,FIRE/image_component/cc0031,FIRE,sift_h,rectangle,ok,48,5,10000,9461,False,False,False,1954.482853744912,0.4745975548062715,True,,1.6053258999891113,"[[2.9620560215727663, 2.036795399174274, -1966.0166856375945], [-1.1050688628394942, 0.10085931381704209, 1054.6242557962055], [-8.09956092826888e-05, 0.0002180960989049627, 1.0]]"
556199f23500c582,FIRE/P48,FIRE/image_component/cc0031,FIRE,sift_h,sample_orientation,ok,48,5,10000,6997,False,False,False,1954.482853744912,0.4745975548062715,True,,1.8862431000015931,"[[2.9620560215727663, 2.036795399174274, -1966.0166856375945], [-1.1050688628394942, 0.10085931381704209, 1054.6242557962055], [-8.09956092826888e-05, 0.0002180960989049627, 1.0]]"
dc6364d56f5299ca,FIRE/P49,FIRE/image_component/cc0013,FIRE,sift_h,fov,ok,40,4,10000,9031,False,True,False,996.0199934393204,0.241858685287886,True,,1.6875517000007676,"[[-0.44426773173329287, 0.6109929819808548, 346.15633748863667], [-0.2653323225685664, 1.228519965636806, 52.47645886498609], [-0.0013714882415466394, 0.0015401116167250016, 1.0]]"
dc6364d56f5299ca,FIRE/P49,FIRE/image_component/cc0013,FIRE,sift_h,none,ok,40,7,9816,0,False,True,True,986.4176092847376,0.23952698509857842,True,True,1.8896855000057258,"[[31.860243241588424, -3.74097800877638, 913.083391474894], [8.547427810430456, -1.0035659642406662, 244.94522853562438], [0.03489390305008384, -0.004097246189139446, 1.0]]"
dc6364d56f5299ca,FIRE/P49,FIRE/image_component/cc0013,FIRE,sift_h,rectangle,ok,40,4,10000,9482,False,False,False,773.373129588347,0.18779443142835947,True,,1.5749973999918438,"[[4.039754894247052, -0.26390621378632284, 801.0516844084647], [3.8542436414506853, 1.371383811784238, -678.326744979933], [0.0036650076725799115, 0.000625048063701054, 1.0]]"
dc6364d56f5299ca,FIRE/P49,FIRE/image_component/cc0013,FIRE,sift_h,sample_orientation,ok,40,7,9816,7009,False,True,True,986.4176092847376,0.23952698509857842,True,,1.9109040000039386,"[[31.860243241588424, -3.74097800877638, 913.083391474894], [8.547427810430456, -1.0035659642406662, 244.94522853562438], [0.03489390305008384, -0.004097246189139446, 1.0]]"
73427af38874600d,FIRE/S03,FIRE/image_component/cc0032,FIRE,sift_h,fov,ok,65,7,10000,8939,False,False,False,135.72575241964913,0.03295762359807018,True,,1.6443212000012863,"[[1.0246148429270494, 0.09214114425234345, -47.96155003078603], [-0.11859550846533748, 1.080600227007895, 84.89798720760042], [-4.17453136831702e-05, 0.00012770775553177981, 1.0]]"
73427af38874600d,FIRE/S03,FIRE/image_component/cc0032,FIRE,sift_h,none,ok,65,7,10000,0,False,True,True,1696.5353156853841,0.4119614101111248,True,True,2.0006231000006665,"[[0.008325151153802631, -0.14546906837828838, 26.29431049648891], [-0.2799913746093902, -0.8608892239494835, 388.303948547096], [-0.0006535186922443589, -0.0025201146733172517, 1.0]]"
73427af38874600d,FIRE/S03,FIRE/image_component/cc0032,FIRE,sift_h,rectangle,ok,65,7,10000,9428,False,False,False,135.72575241964913,0.03295762359807018,True,,1.6741834999993443,"[[1.0246148429270494, 0.09214114425234345, -47.96155003078603], [-0.11859550846533748, 1.080600227007895, 84.89798720760042], [-4.17453136831702e-05, 0.00012770775553177981, 1.0]]"
73427af38874600d,FIRE/S03,FIRE/image_component/cc0032,FIRE,sift_h,sample_orientation,ok,65,7,10000,7014,False,False,False,135.72575241964913,0.03295762359807018,True,,1.8839521000045352,"[[1.0246148429270494, 0.09214114425234345, -47.96155003078603], [-0.11859550846533748, 1.080600227007895, 84.89798720760042], [-4.17453136831702e-05, 0.00012770775553177981, 1.0]]"
03f39e8d4e6da391,FIRE/S04,FIRE/image_component/cc0033,FIRE,sift_h,fov,ok,56,5,10000,9060,False,True,False,1393.7509511340108,0.3384377571538666,True,,1.5216920000093523,"[[-0.08630299008690236, 0.09680626401899224, 59.01287869858462], [-0.05555244365428812, -0.21497284527129806, 276.60129744865117], [-0.0006149729486094107, -0.000492728633113794, 1.0]]"
03f39e8d4e6da391,FIRE/S04,FIRE/image_component/cc0033,FIRE,sift_h,none,ok,56,8,10000,0,False,True,True,1569.609056482175,0.38114052460520764,True,True,2.0868522000091616,"[[1.0848373563326257, -47.32905748643481, 915.4373977403576], [0.29045180276250104, -12.643377912895554, 246.59689096575335], [0.0011868497987994663, -0.05179278820398861, 1.0]]"
03f39e8d4e6da391,FIRE/S04,FIRE/image_component/cc0033,FIRE,sift_h,rectangle,ok,56,5,10000,9596,False,False,False,1739.4954185258655,0.42239320270692693,True,,1.7001770999922883,"[[-0.43889130382423047, -0.3100312823946022, 649.2397965252444], [-0.1222120311161379, -0.9734383880781057, 1029.1318725543508], [-5.509609580170987e-05, -0.0007874621999080603, 1.0]]"
03f39e8d4e6da391,FIRE/S04,FIRE/image_component/cc0033,FIRE,sift_h,sample_orientation,ok,56,7,10000,7081,False,True,True,1568.9067559556127,0.38096998838791263,True,,1.9103209000022616,"[[-0.9911747861242475, 0.12953926182486708, 913.7267545050331], [-0.2646642711064367, 0.034511741062502536, 244.07893507566695], [-0.0010844470646502416, 0.00014162593480815462, 1.0]]"
39d5c1be7bda3fdb,FIRE/S05,FIRE/image_component/cc0033,FIRE,sift_h,fov,ok,61,6,10000,8872,False,False,False,1148.1325004380874,0.278795424711689,True,,1.5556699000007939,"[[-0.3660223204515995, 0.3297003873702426, 268.6306096602637], [-1.0049932487510311, -0.026440183244934422, 999.7460680922338], [-0.0008088407992335598, -7.941753961126527e-05, 1.0]]"
39d5c1be7bda3fdb,FIRE/S05,FIRE/image_component/cc0033,FIRE,sift_h,none,ok,61,7,10000,0,False,True,True,1463.4035441995209,0.355351157182661,True,True,1.9363044000056107,"[[-0.04202354050356802, 0.0037528050518152523, 37.303625969858196], [-0.48429480093796134, 0.03486578095362025, 431.55109471947736], [-0.0011221179212940779, 8.101282543644023e-05, 1.0]]"
39d5c1be7bda3fdb,FIRE/S05,FIRE/image_component/cc0033,FIRE,sift_h,rectangle,ok,61,6,10000,9371,False,False,False,1148.1325004380874,0.278795424711689,True,,1.5757180000073276,"[[-0.3660223204515995, 0.3297003873702426, 268.6306096602637], [-1.0049932487510311, -0.026440183244934422, 999.7460680922338], [-0.0008088407992335598, -7.941753961126527e-05, 1.0]]"
39d5c1be7bda3fdb,FIRE/S05,FIRE/image_component/cc0033,FIRE,sift_h,sample_orientation,ok,61,6,10000,6879,False,True,True,980.7175957396354,0.23814287856334596,True,,1.9182522000046447,"[[-0.24353228140426778, 0.2621484320568257, 148.31281669517705], [-1.3495659175397374, 0.6414406838737573, 840.4057463570041], [-0.0016142821150645942, 0.000906915912128702, 1.0]]"
cc31da9fc0be8378,FIRE/S06,FIRE/image_component/cc0033,FIRE,sift_h,fov,ok,47,5,10000,8939,False,True,False,1166.5433817981489,0.2832660493879667,True,,1.6590136000013445,"[[0.7388916368702116, 0.32190108038435733, -79.37019754573458], [-0.40105603147950997, 0.0381049092926583, 464.36670841443106], [0.0016496510614995704, -0.0013022250494113719, 1.0]]"
cc31da9fc0be8378,FIRE/S06,FIRE/image_component/cc0033,FIRE,sift_h,none,ok,47,6,10000,0,False,True,True,1309.642613228466,0.31801413899200526,True,True,1.932536499996786,"[[2.100562259513926, 0.2533377677386347, -128.05067031324467], [-0.2011944738678515, -0.24978915104360427, 539.9597878150629], [0.005076692940185679, -0.00183331157973384, 1.0]]"
cc31da9fc0be8378,FIRE/S06,FIRE/image_component/cc0033,FIRE,sift_h,rectangle,ok,47,5,10000,9486,False,False,False,1278.275215342127,0.3103973464942007,True,,1.5337954999995418,"[[-0.21495081144352957, 0.46396161482799597, 159.39023020030655], [-0.24674577538901668, -0.011277555019701818, 268.34675476846115], [-0.00040776733830996263, -0.00035141136114220077, 1.0]]"
cc31da9fc0be8378,FIRE/S06,FIRE/image_component/cc0033,FIRE,sift_h,sample_orientation,ok,47,6,10000,6917,False,True,True,1309.642613228466,0.31801413899200526,True,,1.9604874000069685,"[[2.100562259513926, 0.2533377677386347, -128.05067031324467], [-0.2011944738678515, -0.24978915104360427, 539.9597878150629], [0.005076692940185679, -0.00183331157973384, 1.0]]"
7645e344567a4b53,FIRE/S07,FIRE/image_component/cc0034,FIRE,sift_h,fov,ok,42,4,10000,9137,False,True,False,1459.084282098996,0.3543023317977011,True,,1.5557925000030082,"[[-1.2927515370609488, 1.0770068000287834, 848.8442313754683], [-2.176869205476829, 5.531557548104606, 1229.1669742595607], [-0.0016985207870710464, 0.006481135084074638, 1.0]]"
7645e344567a4b53,FIRE/S07,FIRE/image_component/cc0034,FIRE,sift_h,none,ok,42,5,10000,0,False,True,True,1550.6150239013964,0.3765282961574237,True,True,1.9255762999964645,"[[1.9277567286482906, -1.221357376519776, 718.8983656968519], [0.3099098273313492, -0.16594484274145777, 95.19156872603006], [0.0023680049117230048, -0.0016265560357904948, 1.0]]"
7645e344567a4b53,FIRE/S07,FIRE/image_component/cc0034,FIRE,sift_h,rectangle,ok,42,4,10000,9607,False,False,False,1243.301521850773,0.30190485479403717,True,,1.660136100006639,"[[2.660990214211957, 3.396821989756349, -1778.3033785286486], [5.368698533172728, -0.18154356390562612, -89.09392158024869], [0.004744857356101044, -0.00043022582199218293, 1.0]]"
7645e344567a4b53,FIRE/S07,FIRE/image_component/cc0034,FIRE,sift_h,sample_orientation,ok,42,5,10000,7052,False,True,True,1550.6150239013964,0.3765282961574237,True,,2.079375200002687,"[[1.9277567286482906, -1.221357376519776, 718.8983656968519], [0.3099098273313492, -0.16594484274145777, 95.19156872603006], [0.0023680049117230048, -0.0016265560357904948, 1.0]]"
7c7cdd5aa1e5077c,FIRE/S08,FIRE/image_component/cc0034,FIRE,sift_h,fov,ok,47,5,10000,9128,False,True,False,1692.7599203491911,0.41104464924440703,True,,1.5615575999981957,"[[0.28597050079421404, -1.079077480663658, 956.0581464504277], [0.4424392809095084, -0.9047200777837262, 712.4702985532724], [0.00032312674207692055, -0.0011142346570562015, 1.0]]"
7c7cdd5aa1e5077c,FIRE/S08,FIRE/image_component/cc0034,FIRE,sift_h,none,ok,47,6,10000,0,False,True,True,1617.5641211151342,0.3927852194521186,True,True,2.0401778999948874,"[[-1.7028270752223607, 5.679020613770915, 799.3270416293143], [-0.24837774071029656, 0.831403255265552, 117.81007670275783], [-0.002125899864024993, 0.00709426984804342, 1.0]]"
7c7cdd5aa1e5077c,FIRE/S08,FIRE/image_component/cc0034,FIRE,sift_h,rectangle,ok,47,5,10000,9563,False,False,False,1382.5058377178984,0.3357071610165916,True,,1.6163983000005828,"[[1.6930410411937886, 7.731693002549102, -724.7122421652352], [-3.8921171776022554, 10.739029601361358, 2031.941165055807], [-0.00038810944718903486, 0.010290440118098468, 1.0]]"
7c7cdd5aa1e5077c,FIRE/S08,FIRE/image_component/cc0034,FIRE,sift_h,sample_orientation,ok,47,6,10000,7134,False,True,True,1617.5641211151342,0.3927852194521186,True,,2.0046528999955626,"[[-1.7028270752223607, 5.679020613770915, 799.3270416293143], [-0.24837774071029656, 0.831403255265552, 117.81007670275783], [-0.002125899864024993, 0.00709426984804342, 1.0]]"
73d136b80c6d90cc,FIRE/S10,FIRE/image_component/cc0034,FIRE,sift_h,fov,ok,37,4,10000,9221,False,False,False,941.111977209672,0.22852563905935394,True,,1.6832318999950076,"[[-0.022748139636308673, 0.6789949977263424, -113.59247636378171], [-0.4657321075172399, 1.5960273003088083, 125.14607276557857], [-0.0009318060755819888, 0.001049071596232148, 1.0]]"
73d136b80c6d90cc,FIRE/S10,FIRE/image_component/cc0034,FIRE,sift_h,none,ok,37,5,10000,0,False,True,True,1513.6647018520675,0.3675558293689254,True,True,2.048360799992224,"[[-0.07912545683783992, 0.0788599393690779, 43.49257766909844], [-0.7237713345699236, 0.7284310071352238, 399.31521417553944], [-0.0017968618341838308, 0.001769070673270972, 1.0]]"
73d136b80c6d90cc,FIRE/S10,FIRE/image_component/cc0034,FIRE,sift_h,rectangle,ok,37,4,10000,9637,False,False,False,941.111977209672,0.22852563905935394,True,,1.5907379999989644,"[[-0.022748139636308673, 0.6789949977263424, -113.59247636378171], [-0.4657321075172399, 1.5960273003088083, 125.14607276557857], [-0.0009318060755819888, 0.001049071596232148, 1.0]]"
73d136b80c6d90cc,FIRE/S10,FIRE/image_component/cc0034,FIRE,sift_h,sample_orientation,ok,37,5,10000,7378,False,True,True,1437.1035416238074,0.34896485561449114,True,,1.9851582999981474,"[[-0.12400760769486993, -3.6419819969787905, 490.5432726584319], [0.4858694290554604, -10.523645484840403, 1863.1520218232429], [0.0009586900731776081, -0.0101595296491549, 1.0]]"
bcaaa04ba58d662f,FIRE/S11,FIRE/image_component/cc0034,FIRE,sift_h,fov,ok,42,5,10000,8900,False,True,False,1747.324989582416,0.4242944193236401,True,,1.6655342000012752,"[[-0.31980665393228436, -2.9969176832472857, 193.38751605432148], [-0.6159648325775129, 1.079799222697181, -883.6275490088261], [-0.00620251687123455, -0.004333629237283165, 1.0]]"
bcaaa04ba58d662f,FIRE/S11,FIRE/image_component/cc0034,FIRE,sift_h,none,ok,42,5,10000,0,False,True,True,1586.5393638839491,0.3852516287162541,True,True,2.0497514000016963,"[[-0.051751739384251094, 0.019921180762828575, 41.67117094579271], [-0.5092441458633149, 0.21272692485081757, 407.4455695287201], [-0.0012532937325950965, 0.0005392440816172698, 1.0]]"
bcaaa04ba58d662f,FIRE/S11,FIRE/image_component/cc0034,FIRE,sift_h,rectangle,ok,42,5,10000,9415,False,False,False,1266.8326609314577,0.30761880672157693,True,,1.6052763000043342,"[[0.6355879909279478, -0.9314706251926125, 690.6154602150004], [-0.4030546347271211, -0.3677201503933396, 646.3459394315537], [0.0004260346189528725, -0.0007902464250940305, 1.0]]"
bcaaa04ba58d662f,FIRE/S11,FIRE/image_component/cc0034,FIRE,sift_h,sample_orientation,ok,42,5,10000,7040,False,True,False,1747.324989582416,0.4242944193236401,True,,2.005080700007966,"[[-0.31980665393228436, -2.9969176832472857, 193.38751605432148], [-0.6159648325775129, 1.079799222697181, -883.6275490088261], [-0.00620251687123455, -0.004333629237283165, 1.0]]"
126f9668c9cd74ad,FIRE/S12,FIRE/image_component/cc0034,FIRE,sift_h,fov,ok,42,6,10000,8637,False,False,False,24.46631304360446,0.005941035667501921,True,,1.6538423000019975,"[[1.024764065492749, 0.00831587624629826, -6.805118447459574], [-5.110775644617835e-05, 1.0065926283460307, 0.8465845082400517], [2.276801307093054e-05, 7.088605399181521e-06, 1.0]]"
126f9668c9cd74ad,FIRE/S12,FIRE/image_component/cc0034,FIRE,sift_h,none,ok,42,7,10000,0,False,True,True,1618.5642167066112,0.39302806779503346,True,True,2.0877610000025015,"[[-0.11087856894214408, 0.1261445736627477, 42.59621062618488], [-1.5995748759851462, 1.8204830990329863, 615.3171909501368], [-0.0026010936832904243, 0.002961149030929965, 1.0]]"
126f9668c9cd74ad,FIRE/S12,FIRE/image_component/cc0034,FIRE,sift_h,rectangle,ok,42,6,10000,9191,False,False,False,24.46631304360446,0.005941035667501921,True,,1.607557800001814,"[[1.024764065492749, 0.00831587624629826, -6.805118447459574], [-5.110775644617835e-05, 1.0065926283460307, 0.8465845082400517], [2.276801307093054e-05, 7.088605399181521e-06, 1.0]]"
126f9668c9cd74ad,FIRE/S12,FIRE/image_component/cc0034,FIRE,sift_h,sample_orientation,ok,42,6,10000,6726,False,False,False,24.46631304360446,0.005941035667501921,True,,2.128757800004678,"[[1.024764065492749, 0.00831587624629826, -6.805118447459574], [-5.110775644617835e-05, 1.0065926283460307, 0.8465845082400517], [2.276801307093054e-05, 7.088605399181521e-06, 1.0]]"
44d0068162b5fcd8,FIRE/S13,FIRE/image_component/cc0034,FIRE,sift_h,fov,ok,49,5,10000,8950,False,False,False,597.5462958014745,0.14509925749798258,True,,1.5132559000048786,"[[0.32531881774962196, -0.24392674519913593, 284.5811214284333], [0.06503741234993043, 0.3861978557669066, -18.443182323787468], [-0.00041691219239704857, -0.00019174721103911907, 1.0]]"
44d0068162b5fcd8,FIRE/S13,FIRE/image_component/cc0034,FIRE,sift_h,none,ok,49,5,10000,0,False,True,True,1569.9755049243597,0.38122950749615,True,True,2.076033399993321,"[[0.05182155177501966, -0.8811125881118753, 788.5747275622609], [0.032184961019923186, -0.1366294686803865, 119.42177818246745], [3.346831107299861e-05, -0.0011073323220522908, 1.0]]"
44d0068162b5fcd8,FIRE/S13,FIRE/image_component/cc0034,FIRE,sift_h,rectangle,ok,49,5,10000,9439,False,False,False,597.5462958014745,0.14509925749798258,True,,1.5171242999931565,"[[0.32531881774962196, -0.24392674519913593, 284.5811214284333], [0.06503741234993043, 0.3861978557669066, -18.443182323787468], [-0.00041691219239704857, -0.00019174721103911907, 1.0]]"
44d0068162b5fcd8,FIRE/S13,FIRE/image_component/cc0034,FIRE,sift_h,sample_orientation,ok,49,5,10000,6944,False,True,True,1569.9755049243597,0.38122950749615,True,,1.9472761999932118,"[[0.05182155177501966, -0.8811125881118753, 788.5747275622609], [0.032184961019923186, -0.1366294686803865, 119.42177818246745], [3.346831107299861e-05, -0.0011073323220522908, 1.0]]"
59c81dbdae328fe6,FIRE/S14,FIRE/image_component/cc0034,FIRE,sift_h,fov,ok,36,5,10000,8930,False,False,False,907.2822504614502,0.22031093123333897,True,,1.580270799997379,"[[27.32745400211012, 26.36635302827955, -8501.312287083369], [1.684107053770741, 29.821221376789445, -1496.7797492509305], [0.018710937447425368, 0.02521982026833611, 1.0]]"
59c81dbdae328fe6,FIRE/S14,FIRE/image_component/cc0034,FIRE,sift_h,none,ok,36,5,10000,0,False,True,True,1963.994372298171,0.4769071905440431,True,True,2.0270792999945115,"[[0.4287216016610876, -1.1874556405137813, 825.0556670706582], [0.08177596324041377, -0.222914015216248, 144.09262889346294], [0.0005515367896945567, -0.0014474616710600625, 1.0]]"
59c81dbdae328fe6,FIRE/S14,FIRE/image_component/cc0034,FIRE,sift_h,rectangle,ok,36,5,10000,9419,False,False,False,907.2822504614502,0.22031093123333897,True,,1.6399625000049127,"[[27.32745400211012, 26.36635302827955, -8501.312287083369], [1.684107053770741, 29.821221376789445, -1496.7797492509305], [0.018710937447425368, 0.02521982026833611, 1.0]]"
59c81dbdae328fe6,FIRE/S14,FIRE/image_component/cc0034,FIRE,sift_h,sample_orientation,ok,36,5,10000,6984,False,False,False,907.2822504614502,0.22031093123333897,True,,1.958625800005393,"[[27.32745400211012, 26.36635302827955, -8501.312287083369], [1.684107053770741, 29.821221376789445, -1496.7797492509305], [0.018710937447425368, 0.02521982026833611, 1.0]]"
7466e19005042508,FIRE/S15,FIRE/image_component/cc0034,FIRE,sift_h,fov,ok,49,5,10000,8963,False,True,False,798.8122007168815,0.1939716772051705,True,,1.6182440999982646,"[[-1.396236236121034, -2.0528317585910045, 381.5078479949658], [-0.3674825399976506, -3.5873303418327596, 341.131132506612], [-0.0027592238449112277, -0.004890514574150541, 1.0]]"
7466e19005042508,FIRE/S15,FIRE/image_component/cc0034,FIRE,sift_h,none,ok,49,7,10000,0,False,True,True,1586.2485921545253,0.3851810220329942,True,True,1.9139060000015888,"[[-1.9919612846522232, -1.3881072902925071, 621.7907627817484], [-0.13456530256240928, -0.0937622336897158, 41.967754395773], [-0.003203986041102815, -0.0022329328065702663, 1.0]]"
7466e19005042508,FIRE/S15,FIRE/image_component/cc0034,FIRE,sift_h,rectangle,ok,49,4,10000,9479,False,False,False,912.247128712224,0.22151652844449551,True,,1.5895789999922272,"[[1.1069572323451509, 0.38361019114607037, -606.4949067697873], [0.01587187081419862, 0.9509081747213233, -157.2178372303026], [-0.00038823446386748023, 0.00011325217650708264, 1.0]]"
7466e19005042508,FIRE/S15,FIRE/image_component/cc0034,FIRE,sift_h,sample_orientation,ok,49,6,10000,7024,False,True,True,1580.0999475911553,0.3836879766120242,True,,1.9005946000106633,"[[-1.5895814940936024, -1.976779018665785, 622.1661516937445], [-0.10647834135921082, -0.13602764808763904, 41.61383302516025], [-0.002551785721073976, -0.0032068939125014895, 1.0]]"
38a89bd769500366,FIRE/S16,FIRE/image_component/cc0034,FIRE,sift_h,fov,ok,58,7,10000,8996,False,True,False,1714.2957787660496,0.41627409688356704,True,,1.6012183999991976,"[[-0.2531447095110107, 0.09724751366377037, 258.25106701909573], [-1.5283572308707, 0.7352965873842253, 1198.938126702816], [-0.0012274281728754726, 0.0008463959708406546, 1.0]]"
38a89bd769500366,FIRE/S16,FIRE/image_component/cc0034,FIRE,sift_h,none,ok,58,7,10000,0,False,True,False,1714.2957787660496,0.41627409688356704,True,True,1.9582490999891888,"[[-0.2531447095110107, 0.09724751366377037, 258.25106701909573], [-1.5283572308707, 0.7352965873842253, 1198.938126702816], [-0.0012274281728754726, 0.0008463959708406546, 1.0]]"
38a89bd769500366,FIRE/S16,FIRE/image_component/cc0034,FIRE,sift_h,rectangle,ok,58,7,10000,9463,False,False,False,676.6111796516371,0.16429819826864767,True,,1.610249000004842,"[[0.7836743858528483, -0.5043473253412019, 128.53600177827315], [-0.01601990644348573, 0.7840071455765175, 21.29254076982728], [-8.626883801199849e-05, -0.0005405501933094299, 1.0]]"
38a89bd769500366,FIRE/S16,FIRE/image_component/cc0034,FIRE,sift_h,sample_orientation,ok,58,7,10000,7135,False,True,False,1714.2957787660496,0.41627409688356704,True,,2.028527699992992,"[[-0.2531447095110107, 0.09724751366377037, 258.25106701909573], [-1.5283572308707, 0.7352965873842253, 1198.938126702816], [-0.0012274281728754726, 0.0008463959708406546, 1.0]]"
9384c9e5365a41bc,FIRE/S17,FIRE/image_component/cc0034,FIRE,sift_h,fov,ok,48,6,10000,9048,False,True,False,1346.2792582923519,0.3269104371254525,True,,1.5827604999940377,"[[0.15709274718188634, -0.13786006957064093, 81.7289018677219], [-0.17853753279215048, -0.6558961374458288, 771.7023197261972], [-0.00041747515556931703, -0.0006988764493555655, 1.0]]"
9384c9e5365a41bc,FIRE/S17,FIRE/image_component/cc0034,FIRE,sift_h,none,ok,48,8,10000,0,False,True,True,1405.5378862716548,0.3412999212215981,True,True,2.016413899997133,"[[-0.33967412517260276, -0.02537814729581721, 43.742500615132634], [-3.127454544166951, -0.23420696324516768, 403.30209193870195], [-0.007757753526630838, -0.0005806117676935378, 1.0]]"
9384c9e5365a41bc,FIRE/S17,FIRE/image_component/cc0034,FIRE,sift_h,rectangle,ok,48,6,10000,9463,False,False,False,1740.6791619202384,0.42268064535161987,True,,1.6303139999945415,"[[0.04154442506763513, -0.2518615215295059, 122.5587154279533], [-0.513901596458662, -0.38843349989951886, 808.3452912825686], [-0.000780053976971682, -0.00012599932875437944, 1.0]]"
9384c9e5365a41bc,FIRE/S17,FIRE/image_component/cc0034,FIRE,sift_h,sample_orientation,ok,48,8,10000,7090,False,True,True,1406.7430088470137,0.3415925552687125,True,,2.0728664999915054,"[[-0.004321380987929438, -0.17975960013301034, 43.62138639734652], [-0.04061244648231928, -1.6567603490990206, 403.62632812700133], [-9.992730695026111e-05, -0.004108910419332892, 1.0]]"
bf389bfb24e77819,FIRE/S24,FIRE/image_component/cc0034,FIRE,sift_h,fov,ok,40,5,10000,8999,False,True,False,1353.0855258285194,0.3285631699308762,True,,1.540385400003288,"[[0.41952185639098105, 0.018901361832128764, -725.7333366275432], [-3.380748965387652, -4.264322490733954, 1249.8747989856697], [-0.002530268540454311, -0.012123413615613431, 1.0]]"
bf389bfb24e77819,FIRE/S24,FIRE/image_component/cc0034,FIRE,sift_h,none,ok,40,5,10000,0,False,True,False,1353.0855258285194,0.3285631699308762,True,True,1.8654630999953952,"[[0.41952185639098105, 0.018901361832128764, -725.7333366275432], [-3.380748965387652, -4.264322490733954, 1249.8747989856697], [-0.002530268540454311, -0.012123413615613431, 1.0]]"
bf389bfb24e77819,FIRE/S24,FIRE/image_component/cc0034,FIRE,sift_h,rectangle,ok,40,5,10000,9499,False,False,False,1388.3310838842715,0.33712167717947733,True,,1.5018079000001308,"[[-1.0449614004493764, 0.005660465248647301, 1044.992836669277], [-0.5958441806385221, 0.5273116007933575, 414.1716215734154], [-0.000946530905697383, 0.00015705557621215472, 1.0]]"
bf389bfb24e77819,FIRE/S24,FIRE/image_component/cc0034,FIRE,sift_h,sample_orientation,ok,40,5,10000,7188,False,True,False,1353.0855258285194,0.3285631699308762,True,,1.8789413000049535,"[[0.41952185639098105, 0.018901361832128764, -725.7333366275432], [-3.380748965387652, -4.264322490733954, 1249.8747989856697], [-0.002530268540454311, -0.012123413615613431, 1.0]]"
1df2734d679b82f7,FIRE/S26,FIRE/image_component/cc0034,FIRE,sift_h,fov,ok,31,6,8132,7200,False,False,False,1283.1221420120808,0.31157430209730447,True,,1.213499799996498,"[[-0.14075413642262183, 0.36420005127360494, 95.06925579911054], [-0.7763450821704281, -0.21544385926313991, 904.8315339414181], [-0.00041015524529757456, -0.0003726470776173703, 1.0]]"
1df2734d679b82f7,FIRE/S26,FIRE/image_component/cc0034,FIRE,sift_h,none,ok,31,6,6559,0,False,True,True,1581.255999574878,0.3839686950863011,True,True,1.1889711000112584,"[[-1.666583912992886, 2.4951265516282404, 754.9237643603013], [-0.21560756820381125, 0.32543911996290004, 97.88563529064183], [-0.002207623148977441, 0.0033046568052636643, 1.0]]"
1df2734d679b82f7,FIRE/S26,FIRE/image_component/cc0034,FIRE,sift_h,rectangle,ok,31,6,8132,7616,False,False,False,1283.1221420120808,0.31157430209730447,True,,1.3842282999976305,"[[-0.14075413642262183, 0.36420005127360494, 95.06925579911054], [-0.7763450821704281, -0.21544385926313991, 904.8315339414181], [-0.00041015524529757456, -0.0003726470776173703, 1.0]]"
1df2734d679b82f7,FIRE/S26,FIRE/image_component/cc0034,FIRE,sift_h,sample_orientation,invalid_transform,31,6,6559,4580,False,,,,,True,,1.2216361000027973,
23a85a08fdb9e9c0,FIRE/S27,FIRE/image_component/cc0034,FIRE,sift_h,fov,ok,31,5,10000,9063,False,False,False,1162.5439710061382,0.2822948919388659,True,,1.5323495000047842,"[[-0.4024986008259043, 0.39605943037059393, 301.00392280126994], [0.5044590146763107, 0.1241541833889934, -45.60390787909757], [-0.0001914825300494968, -0.00039336416914287245, 1.0]]"
23a85a08fdb9e9c0,FIRE/S27,FIRE/image_component/cc0034,FIRE,sift_h,none,ok,31,5,10000,0,False,True,True,1523.458106098125,0.36993391403695025,True,True,2.0191044000093825,"[[2.5463395839266623, -2.971115613605314, 316.7056393051133], [7.686030275546568, -8.968124415501842, 955.1882574535733], [0.008060613117252943, -0.009403483659973975, 1.0]]"
23a85a08fdb9e9c0,FIRE/S27,FIRE/image_component/cc0034,FIRE,sift_h,rectangle,ok,31,5,10000,9555,False,False,False,1162.5439710061382,0.2822948919388659,True,,1.686316599996644,"[[-0.4024986008259043, 0.39605943037059393, 301.00392280126994], [0.5044590146763107, 0.1241541833889934, -45.60390787909757], [-0.0001914825300494968, -0.00039336416914287245, 1.0]]"
23a85a08fdb9e9c0,FIRE/S27,FIRE/image_component/cc0034,FIRE,sift_h,sample_orientation,ok,31,5,10000,7102,False,True,True,1524.0973207655322,0.37008913142223787,True,,1.951593599995249,"[[-2.9514246573026583, -0.3351579909984098, 316.39822149056937], [-8.905619148282755, -1.0126833570162874, 954.6889161105856], [-0.009335311960824417, -0.001061221617375831, 1.0]]"
808bc02d57dde170,FIRE/S34,FIRE/image_component/cc0034,FIRE,sift_h,fov,ok,37,5,10000,9141,False,False,False,1286.0265086433824,0.3122795553047376,True,,1.5920906999963336,"[[2.809653507170427, 3.3603247066873037, -1017.8097950536729], [3.196118646985944, -0.5499333295178652, 269.61313143826334], [0.0019326625375400456, 0.0019278058795868433, 1.0]]"
808bc02d57dde170,FIRE/S34,FIRE/image_component/cc0034,FIRE,sift_h,none,ok,37,6,10000,0,False,True,True,1479.2897513507273,0.3592087275136886,True,True,1.9655922999954782,"[[0.05653109702609519, -0.5366662515102943, 106.42493816444585], [0.4031908923444083, -3.8358273294161362, 761.1111873536775], [0.000530656318965473, -0.005041238321084153, 1.0]]"
808bc02d57dde170,FIRE/S34,FIRE/image_component/cc0034,FIRE,sift_h,rectangle,ok,37,5,10000,9596,False,False,False,1286.0265086433824,0.3122795553047376,True,,1.483027200010838,"[[2.809653507170427, 3.3603247066873037, -1017.8097950536729], [3.196118646985944, -0.5499333295178652, 269.61313143826334], [0.0019326625375400456, 0.0019278058795868433, 1.0]]"
808bc02d57dde170,FIRE/S34,FIRE/image_component/cc0034,FIRE,sift_h,sample_orientation,ok,37,5,10000,7198,False,True,True,1666.3903410546495,0.40464145270038,True,,2.019863900000928,"[[0.29364166825158294, -1.187579981417889, 914.9701828891511], [0.24657895571433283, -1.0092731254301923, 780.2247030727477], [0.00031726714891775176, -0.0012948625698163121, 1.0]]"
0e5fa62c336a42a2,FIRE/S35,FIRE/image_component/cc0034,FIRE,sift_h,fov,ok,38,6,10000,8944,False,True,False,1211.736307541194,0.2942400274973648,True,,1.72337300000072,"[[-5.893586573975117, -8.018662511837995, 1884.9241298860732], [-0.821645925572264, -3.1672769823610167, 417.3652715198656], [-0.005327434036683178, -0.010723562282782761, 1.0]]"
0e5fa62c336a42a2,FIRE/S35,FIRE/image_component/cc0034,FIRE,sift_h,none,ok,38,7,7995,0,False,True,True,6090.666416290999,1.4789668698161174,True,True,1.629715999995824,"[[0.7125130128017126, -2.0620734700676286, 1189.938920427576], [1.0305253915813888, -0.7340969123479737, -495.3870104861735], [0.0014624541148617195, -0.0031077756513205714, 1.0]]"
0e5fa62c336a42a2,FIRE/S35,FIRE/image_component/cc0034,FIRE,sift_h,rectangle,ok,38,6,10000,9411,False,False,False,1713.5490154653216,0.416092763987315,True,,1.626285000005737,"[[0.3703710808644578, -0.7990978483241226, 349.08070565541925], [0.13755943717257027, -0.022053243374595403, -17.64905252061103], [-0.0003681781378874447, -0.00031277056020178625, 1.0]]"
0e5fa62c336a42a2,FIRE/S35,FIRE/image_component/cc0034,FIRE,sift_h,sample_orientation,ok,38,6,10000,7014,False,True,False,1211.736307541194,0.2942400274973648,True,,1.8679287999984808,"[[-5.893586573975117, -8.018662511837995, 1884.9241298860732], [-0.821645925572264, -3.1672769823610167, 417.3652715198656], [-0.005327434036683178, -0.010723562282782761, 1.0]]"
3f0a7b954b85f62d,FIRE/S36,FIRE/image_component/cc0034,FIRE,sift_h,fov,ok,36,6,10000,8889,False,True,False,1399.853220174209,0.33991954143235176,True,,1.7227909000066575,"[[0.24342909209442914, -0.22543161934921424, 181.9975726465479], [0.19733715477227656, -0.962769876341765, 910.0107729521361], [0.00012417069766722987, -0.0009788311844587273, 1.0]]"
3f0a7b954b85f62d,FIRE/S36,FIRE/image_component/cc0034,FIRE,sift_h,none,ok,36,7,6439,0,False,True,True,5257.380307617423,1.2766240613986597,True,True,1.2985106000123778,"[[-0.2288135712704087, -1.9762145342553061, 728.423885833566], [-0.12184816204318243, -2.461089859185713, 985.3833131516101], [-7.158144183627344e-05, -0.002717479801191409, 1.0]]"
3f0a7b954b85f62d,FIRE/S36,FIRE/image_component/cc0034,FIRE,sift_h,rectangle,ok,36,6,10000,9386,False,False,False,1346.4137968829298,0.3269431064763209,True,,1.4952284000028158,"[[-0.4266344424810634, 0.41789076683777493, 601.434742304337], [0.8765242685522128, 0.09940405755964118, 11.627685026010662], [-0.00021584641899983017, -5.154428074194519e-06, 1.0]]"
3f0a7b954b85f62d,FIRE/S36,FIRE/image_component/cc0034,FIRE,sift_h,sample_orientation,ok,36,7,6439,4537,False,True,True,1712.8307944123255,0.41591836186610465,True,,1.281934500002535,"[[-0.714838189993829, -0.024728266943770966, 688.3179340998895], [-0.8968203626337434, -0.17583392565948094, 973.0723118287843], [-0.0009267547826638708, -0.00015805881714019206, 1.0]]"
e8b903bc1a63bb8c,FIRE/S37,FIRE/image_component/cc0034,FIRE,sift_h,fov,ok,32,5,10000,8965,False,False,False,980.2457160076713,0.23802829430566178,True,,1.7386230999982217,"[[0.3309134180064905, 0.5526854178109089, 123.54758841974567], [-0.0379131117457392, -0.26298639874289625, 417.5847394891138], [-0.0007719652241529141, 0.0010027694074199024, 1.0]]"
e8b903bc1a63bb8c,FIRE/S37,FIRE/image_component/cc0034,FIRE,sift_h,none,ok,32,6,7448,0,False,True,True,1752.4917127984231,0.4255490295649013,True,True,1.524519499987946,"[[235.52368769751493, -1328.6156526501325, -5481.558912817053], [241.88462570471805, -1279.3062657522723, -13926.104774782098], [0.2676241843109358, -1.5464365229364208, 1.0]]"
e8b903bc1a63bb8c,FIRE/S37,FIRE/image_component/cc0034,FIRE,sift_h,rectangle,ok,32,5,10000,9427,False,False,False,980.2457160076713,0.23802829430566178,True,,1.6464210999984061,"[[0.3309134180064905, 0.5526854178109089, 123.54758841974567], [-0.0379131117457392, -0.26298639874289625, 417.5847394891138], [-0.0007719652241529141, 0.0010027694074199024, 1.0]]"
e8b903bc1a63bb8c,FIRE/S37,FIRE/image_component/cc0034,FIRE,sift_h,sample_orientation,ok,32,5,10000,7024,False,False,False,980.2457160076713,0.23802829430566178,True,,2.0229346999985864,"[[0.3309134180064905, 0.5526854178109089, 123.54758841974567], [-0.0379131117457392, -0.26298639874289625, 417.5847394891138], [-0.0007719652241529141, 0.0010027694074199024, 1.0]]"
f79c65943473c042,FIRE/S38,FIRE/image_component/cc0034,FIRE,sift_h,fov,ok,28,6,4364,3956,False,True,False,1644.2875280699052,0.39927433424405756,True,,0.643706699993345,"[[-1.363538367601182, 12.414689243488445, 481.30508776267703], [-1.819697605369311, 5.857871748097858, 850.2390844611131], [-0.001442728219316767, 0.011151856056948246, 1.0]]"
f79c65943473c042,FIRE/S38,FIRE/image_component/cc0034,FIRE,sift_h,none,ok,28,7,2354,0,False,True,True,1566.9309158648173,0.3804902047592239,True,True,0.4004371000046376,"[[-0.7558385608897287, -1.23036985015956, 866.4445005889098], [-0.15590045645291975, -0.24877701756424525, 177.75230681211866], [-0.000872253978371031, -0.0014191187121903317, 1.0]]"
f79c65943473c042,FIRE/S38,FIRE/image_component/cc0034,FIRE,sift_h,rectangle,ok,28,6,4364,4117,False,False,False,1224.5427404673696,0.2973497512490507,True,,0.6990697000001092,"[[0.8146925597963529, 7.460970655456411, -579.0400742731046], [-2.922091070944152, 6.934798783907772, 1606.423023735165], [-0.0009128671131650015, 0.008249004398131235, 1.0]]"
f79c65943473c042,FIRE/S38,FIRE/image_component/cc0034,FIRE,sift_h,sample_orientation,ok,28,7,2354,1715,False,True,True,1566.9309158648173,0.3804902047592239,True,,0.5056451999989804,"[[-0.7558385608897287, -1.23036985015956, 866.4445005889098], [-0.15590045645291975, -0.24877701756424525, 177.75230681211866], [-0.000872253978371031, -0.0014191187121903317, 1.0]]"
1f757ff854583970,FIRE/S39,FIRE/image_component/cc0034,FIRE,sift_h,fov,ok,34,6,9493,8404,False,False,False,342.5867283745457,0.083188667162828,True,,1.5107259999931557,"[[2.6114738506204724, 0.8402499229884904, -455.56424581300746], [0.35000566518849696, 2.3528565080969277, -318.6731554131687], [0.001308183203821912, 0.0006549905513291294, 1.0]]"
1f757ff854583970,FIRE/S39,FIRE/image_component/cc0034,FIRE,sift_h,none,ok,34,6,9493,0,False,True,True,2636.9004918631717,0.6403057071121536,True,True,1.8264782000042032,"[[1.3449686775022511, -3.1276850606069995, 258.6256808854306], [0.5508744982313825, -0.7979373738244671, -154.87969564171703], [0.0007726437362792386, -0.0037741637402277702, 1.0]]"
1f757ff854583970,FIRE/S39,FIRE/image_component/cc0034,FIRE,sift_h,rectangle,ok,34,6,9493,8931,False,False,False,342.5867283745457,0.083188667162828,True,,1.5178005000052508,"[[2.6114738506204724, 0.8402499229884904, -455.56424581300746], [0.35000566518849696, 2.3528565080969277, -318.6731554131687], [0.001308183203821912, 0.0006549905513291294, 1.0]]"
1f757ff854583970,FIRE/S39,FIRE/image_component/cc0034,FIRE,sift_h,sample_orientation,ok,34,6,9493,6609,False,True,True,1740.6393643865472,0.4226709815102917,True,,1.8841781999944942,"[[-0.158861409720263, -0.6163134272413331, 545.502098776042], [0.07928072457896715, -0.003653410056917556, -6.823937766274508], [-0.0005336343777991472, -0.001083305431767617, 1.0]]"
168cbefc1485e031,FIRE/S40,FIRE/image_component/cc0034,FIRE,sift_h,fov,ok,28,4,10000,8984,False,True,False,1737.678039339952,0.42195189736820893,True,,1.6505688000033842,"[[-1.342364844371451, 0.6974863803270979, 1084.9066922958434], [-0.7233867228497629, 0.09051282120782714, 668.1662150640178], [-0.0012069885433919866, 0.0008195240756409296, 1.0]]"
168cbefc1485e031,FIRE/S40,FIRE/image_component/cc0034,FIRE,sift_h,none,ok,28,5,9054,0,False,True,True,1583.738405360104,0.3845714855960504,True,True,1.8785258999996586,"[[0.0907827876845826, -1.0114436477446636, 759.7997053893841], [0.02711595826180307, -0.13082866046341324, 87.30630166485537], [0.00012922029125379957, -0.001343477615975989, 1.0]]"
168cbefc1485e031,FIRE/S40,FIRE/image_component/cc0034,FIRE,sift_h,rectangle,ok,28,4,10000,9508,False,False,False,3033.886404954682,0.7367038634248392,True,,1.5884873000031803,"[[2.4571673031042, -1.4981593525378754, 393.63176141598257], [-3.5549476507291673, 5.525154936808054, -297.9741794576791], [0.0007808046094701956, -0.00029452393049857835, 1.0]]"
168cbefc1485e031,FIRE/S40,FIRE/image_component/cc0034,FIRE,sift_h,sample_orientation,ok,28,5,9054,6302,False,True,True,1551.1640033970607,0.3766616021753209,True,,1.7894336999888765,"[[0.7453901606859173, -1.0301684960488446, 751.0279709706324], [0.09470481254062214, -0.1335257369012645, 99.58652489573785], [0.0009813218162363785, -0.0013717780244648934, 1.0]]"
7b7df3954844c985,FIRE/S41,FIRE/image_component/cc0034,FIRE,sift_h,fov,ok,36,5,10000,9197,False,False,False,1111.535778869237,0.2699088210061498,True,,1.5942219999997178,"[[5.052797719714141, 0.9124583852689714, -838.0239264859364], [0.8552354757660536, 1.0107433060240207, -220.26663275557033], [0.003919688084798405, -0.0009071868719577931, 1.0]]"
7b7df3954844c985,FIRE/S41,FIRE/image_component/cc0034,FIRE,sift_h,none,ok,36,5,10000,0,False,True,True,2566.8882751965784,0.6233049814353508,True,True,1.838191699993331,"[[25.678162559013792, -43.4060093309934, 4100.635730656876], [10.170390296771266, -11.783731206530621, -3268.2814230903177], [0.04547331035560378, -0.11201982167194603, 1.0]]"
7b7df3954844c985,FIRE/S41,FIRE/image_component/cc0034,FIRE,sift_h,rectangle,ok,36,5,10000,9625,False,False,False,1111.535778869237,0.2699088210061498,True,,1.542217599999276,"[[5.052797719714141, 0.9124583852689714, -838.0239264859364], [0.8552354757660536, 1.0107433060240207, -220.26663275557033], [0.003919688084798405, -0.0009071868719577931, 1.0]]"
7b7df3954844c985,FIRE/S41,FIRE/image_component/cc0034,FIRE,sift_h,sample_orientation,ok,36,5,10000,7378,False,True,True,1612.257318112202,0.3914965943182606,True,,2.1004342999949586,"[[-0.6205057856046088, -0.7949310845835356, 748.1522402206269], [-0.07160494612842203, -0.0927834335756181, 91.09017223097554], [-0.0008326228315955404, -0.0010624856235429592, 1.0]]"
76246f8d2d76ddfe,FIRE/S47,FIRE/image_component/cc0036,FIRE,sift_h,fov,ok,66,6,10000,9053,False,True,False,1210.3917535008338,0.29391353598650954,True,,1.505891300010262,"[[0.03453797651126023, 0.06186035933509788, 0.3358495180590639], [-0.5017140795986246, -0.04478081167900521, 521.6882741981934], [-0.0006554064421485333, -0.0004496606461028701, 1.0]]"
76246f8d2d76ddfe,FIRE/S47,FIRE/image_component/cc0036,FIRE,sift_h,none,ok,66,7,10000,0,False,True,True,1667.7561504939636,0.40497310555626853,True,True,1.96443530000397,"[[-0.030081826434673834, -0.05387861772222513, 72.32544807808449], [-0.27600216569263675, -0.5502608826920664, 713.5012934542568], [-0.0003792335100592427, -0.0007776228964879576, 1.0]]"
76246f8d2d76ddfe,FIRE/S47,FIRE/image_component/cc0036,FIRE,sift_h,rectangle,ok,66,6,10000,9514,False,False,False,1687.5394247836139,0.40977698172532256,True,,1.5899853000009898,"[[-0.09094554075000796, 0.21631377664131932, 119.05866856918021], [-1.6904818100565906, 1.7263930115069253, 1384.5302935833145], [-0.0007334244266343145, 0.003797719715412779, 1.0]]"
76246f8d2d76ddfe,FIRE/S47,FIRE/image_component/cc0036,FIRE,sift_h,sample_orientation,ok,66,7,10000,7053,False,True,True,1667.7561504939636,0.40497310555626853,True,,1.921381799998926,"[[-0.030081826434673834, -0.05387861772222513, 72.32544807808449], [-0.27600216569263675, -0.5502608826920664, 713.5012934542568], [-0.0003792335100592427, -0.0007776228964879576, 1.0]]"
3e8b3b73e0dcc6f6,FIRE/S48,FIRE/image_component/cc0036,FIRE,sift_h,fov,ok,67,7,10000,9017,False,False,False,75.20901944010976,0.01826263999055374,True,,1.5305340999912005,"[[1.0306288345781192, 0.001655374395462761, -2.1517359077844573], [0.018016335113166197, 1.0251068297300079, -9.110801089769904], [4.678811896804082e-05, 2.52470304807117e-06, 1.0]]"
3e8b3b73e0dcc6f6,FIRE/S48,FIRE/image_component/cc0036,FIRE,sift_h,none,ok,67,7,10000,0,False,True,True,1509.3777750735035,0.3665148558127534,True,True,2.054301600001054,"[[0.46118665413392484, -0.5244070145377572, 304.87369559179416], [1.4039423521614132, -1.5933158432622183, 925.5367471438843], [0.0015151486424767012, -0.0017207265857585841, 1.0]]"
3e8b3b73e0dcc6f6,FIRE/S48,FIRE/image_component/cc0036,FIRE,sift_h,rectangle,ok,67,7,10000,9556,False,False,False,75.20901944010976,0.01826263999055374,True,,1.4478388999996241,"[[1.0306288345781192, 0.001655374395462761, -2.1517359077844573], [0.018016335113166197, 1.0251068297300079, -9.110801089769904], [4.678811896804082e-05, 2.52470304807117e-06, 1.0]]"
3e8b3b73e0dcc6f6,FIRE/S48,FIRE/image_component/cc0036,FIRE,sift_h,sample_orientation,ok,67,7,10000,7037,False,False,False,75.20901944010976,0.01826263999055374,True,,1.9073492000024999,"[[1.0306288345781192, 0.001655374395462761, -2.1517359077844573], [0.018016335113166197, 1.0251068297300079, -9.110801089769904], [4.678811896804082e-05, 2.52470304807117e-06, 1.0]]"
5ea35bbcd123dd56,FIRE/S49,FIRE/image_component/cc0036,FIRE,sift_h,fov,ok,73,6,10000,8894,False,True,False,1469.1319120136448,0.3567421488469803,True,,1.6915138000040315,"[[-46.1770987235065, -79.55341592939047, 16454.147947922957], [-61.82884289063696, -233.4634108095863, 13289.238177617495], [-0.04131461360413041, -0.23991162990527826, 1.0]]"
5ea35bbcd123dd56,FIRE/S49,FIRE/image_component/cc0036,FIRE,sift_h,none,ok,73,8,10000,0,False,True,True,1609.8242011703526,0.3909057723783562,True,True,2.0173625000024913,"[[0.31921086304504864, -0.18881236232243462, 110.90236797166425], [2.2614427649273607, -1.3422685745718714, 778.5018673063203], [0.0029059662691759565, -0.0017265479549566243, 1.0]]"
5ea35bbcd123dd56,FIRE/S49,FIRE/image_component/cc0036,FIRE,sift_h,rectangle,ok,73,6,10000,9440,True,False,False,1468.392832950991,0.3565626818768445,True,,1.7240538999903947,"[[13.187087798130452, 24.03456982866499, -4713.63613805124], [16.014932602030875, 70.46663993405167, -2902.132107304428], [0.009500821773688457, 0.07237847726641619, 1.0]]"
5ea35bbcd123dd56,FIRE/S49,FIRE/image_component/cc0036,FIRE,sift_h,sample_orientation,ok,73,8,10000,6976,False,True,True,1609.8242011703526,0.3909057723783562,True,,1.9812103000003844,"[[0.31921086304504864, -0.18881236232243462, 110.90236797166425], [2.2614427649273607, -1.3422685745718714, 778.5018673063203], [0.0029059662691759565, -0.0017265479549566243, 1.0]]"
d26408409c13323f,FIRE/S50,FIRE/image_component/cc0036,FIRE,sift_h,fov,ok,72,6,10000,8942,False,False,False,2974.2719845269608,0.7222279839808325,True,,1.6721209999959683,"[[-1.9832234180954647, -1.3975213705333174, 2723.5852082815986], [-0.7443379512600623, 0.09476918679574294, 775.5310256863235], [2.5254824579984042e-05, -0.0005550605213117441, 1.0]]"
d26408409c13323f,FIRE/S50,FIRE/image_component/cc0036,FIRE,sift_h,none,ok,72,6,10000,0,False,True,True,1444.7874284480295,0.3508306964384188,True,True,1.9980180999991717,"[[-0.45123021889086806, 0.19792861015673832, 364.9554432964751], [-1.2887364050466175, 0.6193713623048559, 997.2917412659473], [-0.0012909464360327755, 0.00069111636480085, 1.0]]"
d26408409c13323f,FIRE/S50,FIRE/image_component/cc0036,FIRE,sift_h,rectangle,ok,72,6,10000,9497,False,False,False,2974.2719845269608,0.7222279839808325,True,,1.766825799990329,"[[-1.9832234180954647, -1.3975213705333174, 2723.5852082815986], [-0.7443379512600623, 0.09476918679574294, 775.5310256863235], [2.5254824579984042e-05, -0.0005550605213117441, 1.0]]"
d26408409c13323f,FIRE/S50,FIRE/image_component/cc0036,FIRE,sift_h,sample_orientation,ok,72,6,10000,6919,False,True,True,1444.7874284480295,0.3508306964384188,True,,1.9486781000014162,"[[-0.45123021889086806, 0.19792861015673832, 364.9554432964751], [-1.2887364050466175, 0.6193713623048559, 997.2917412659473], [-0.0012909464360327755, 0.00069111636480085, 1.0]]"
0fc7d9c4f3289072,FIRE/S53,FIRE/image_component/cc0037,FIRE,sift_h,fov,ok,64,7,10000,8930,False,False,False,99.90077894576251,0.024258419724713928,True,,1.6123855999903753,"[[0.9779846771663565, 0.0053301566772037835, -2.110926779317313], [-0.023252465009118067, 1.0017842585163221, 14.668432123444529], [-3.5968423196661205e-05, 4.9664208780118984e-05, 1.0]]"
0fc7d9c4f3289072,FIRE/S53,FIRE/image_component/cc0037,FIRE,sift_h,none,ok,64,8,10000,0,False,True,True,1506.9919735304472,0.3659355232407546,True,True,1.8936571999947773,"[[-3.7615657311461805, 27.553967384187214, 1080.6344920267832], [-1.177171395025444, 5.718180166368225, 491.92901104018955], [-0.0038737574655765853, 0.03131079630544988, 1.0]]"
0fc7d9c4f3289072,FIRE/S53,FIRE/image_component/cc0037,FIRE,sift_h,rectangle,ok,64,7,10000,9461,False,False,False,99.90077894576251,0.024258419724713928,True,,1.564447899989318,"[[0.9779846771663565, 0.0053301566772037835, -2.110926779317313], [-0.023252465009118067, 1.0017842585163221, 14.668432123444529], [-3.5968423196661205e-05, 4.9664208780118984e-05, 1.0]]"
0fc7d9c4f3289072,FIRE/S53,FIRE/image_component/cc0037,FIRE,sift_h,sample_orientation,ok,64,8,10000,6982,False,True,True,1506.9919735304472,0.3659355232407546,True,,2.043800999992527,"[[-3.7615657311461805, 27.553967384187214, 1080.6344920267832], [-1.177171395025444, 5.718180166368225, 491.92901104018955], [-0.0038737574655765853, 0.03131079630544988, 1.0]]"
2f4788759ff42db9,FIRE/S54,FIRE/image_component/cc0006,FIRE,sift_h,fov,ok,52,5,10000,8969,False,False,False,1023.3151290083875,0.24848663015543188,True,,1.5780922999983886,"[[2.0111042322899655, 0.5721423852725486, -194.03859336383798], [2.166462383078204, 3.4632257821802144, -707.005193830882], [-7.928919131986766e-05, 0.0028349245532316085, 1.0]]"
2f4788759ff42db9,FIRE/S54,FIRE/image_component/cc0006,FIRE,sift_h,none,ok,52,7,10000,0,False,True,True,1381.657027171099,0.335501048484454,True,True,1.8882307000021683,"[[-1.530083228940853, 0.021386721579779097, 43.84354164812242], [-12.172323397462838, 0.18153798450400285, 387.56114523378596], [-0.03200751470047748, 0.0004643626178820325, 1.0]]"
2f4788759ff42db9,FIRE/S54,FIRE/image_component/cc0006,FIRE,sift_h,rectangle,ok,52,5,10000,9477,False,False,False,1023.3151290083875,0.24848663015543188,True,,1.5469575000024633,"[[2.0111042322899655, 0.5721423852725486, -194.03859336383798], [2.166462383078204, 3.4632257821802144, -707.005193830882], [-7.928919131986766e-05, 0.0028349245532316085, 1.0]]"
2f4788759ff42db9,FIRE/S54,FIRE/image_component/cc0006,FIRE,sift_h,sample_orientation,ok,52,7,10000,7009,False,True,True,1381.657027171099,0.335501048484454,True,,1.9003879999945639,"[[-1.530083228940853, 0.021386721579779097, 43.84354164812242], [-12.172323397462838, 0.18153798450400285, 387.56114523378596], [-0.03200751470047748, 0.0004643626178820325, 1.0]]"
c40650a2bcdec630,FIRE/S58,FIRE/image_component/cc0038,FIRE,sift_h,fov,ok,64,5,10000,9067,False,False,False,656.778237073675,0.15948226139098268,True,,1.567547900005593,"[[1.1369209642696017, -0.6178036790011452, 30.672016085508925], [0.2620072273392136, 0.5136101903555605, -93.11341909391375], [0.00016620927216517994, -0.0006182301763996737, 1.0]]"
c40650a2bcdec630,FIRE/S58,FIRE/image_component/cc0038,FIRE,sift_h,none,ok,64,6,10000,0,False,True,True,1774.9882017974633,0.43101174245092805,True,True,2.012053200000082,"[[-0.02179673170587197, -0.059686518490080116, 23.672973472335368], [-0.5022714114711818, -0.5802008782706799, 495.919046161869], [-0.0009754749173203536, -0.001394749014960441, 1.0]]"
c40650a2bcdec630,FIRE/S58,FIRE/image_component/cc0038,FIRE,sift_h,rectangle,ok,64,5,10000,9556,False,False,False,656.778237073675,0.15948226139098268,True,,1.6281098000035854,"[[1.1369209642696017, -0.6178036790011452, 30.672016085508925], [0.2620072273392136, 0.5136101903555605, -93.11341909391375], [0.00016620927216517994, -0.0006182301763996737, 1.0]]"
c40650a2bcdec630,FIRE/S58,FIRE/image_component/cc0038,FIRE,sift_h,sample_orientation,ok,64,5,10000,7079,False,True,True,1506.5345178127313,0.3658244414962184,True,,2.0056481000065105,"[[-0.14221499036740537, 0.049203019040080904, 132.42902578633357], [-0.3582501061684484, 0.6434816286880511, 200.7592568463413], [-0.0014905464832686412, 0.0016518199721587874, 1.0]]"
420ab3b38ae225ca,FIRE/S60,FIRE/image_component/cc0038,FIRE,sift_h,fov,ok,53,7,10000,8886,False,True,False,1516.211340003516,0.3681742171114108,True,,1.5089661000092747,"[[-0.2962681395459792, -0.21800205043374604, 438.9515652397455], [-0.2533886909726598, -0.8605480383475156, 1005.9229508897681], [-0.00015302370365912588, -0.0008466231765379145, 1.0]]"
420ab3b38ae225ca,FIRE/S60,FIRE/image_component/cc0038,FIRE,sift_h,none,ok,53,7,10000,0,False,True,True,1550.845211854013,0.37658419157714995,True,True,1.9054127000126755,"[[-0.9466590150992069, -1.5506950236733013, 946.5407777719389], [-0.6454823771009439, -1.0439806059952397, 657.3650097268004], [-0.0009863061580097315, -0.0016136166167664949, 1.0]]"
420ab3b38ae225ca,FIRE/S60,FIRE/image_component/cc0038,FIRE,sift_h,rectangle,ok,53,6,10000,9378,False,False,False,1546.6089017413863,0.37555550901951,True,,1.525771700005862,"[[-0.8178455471468377, 0.3870641678831807, 669.5795912240799], [-0.9098650373092483, -0.16774989102435, 1005.4765749345804], [-0.0009095732172330888, 0.00010682047367838701, 1.0]]"
420ab3b38ae225ca,FIRE/S60,FIRE/image_component/cc0038,FIRE,sift_h,sample_orientation,ok,53,7,10000,6900,False,True,True,1529.8728360129485,0.37149157166821806,True,,2.0303541000030236,"[[-1.2058971661152447, 0.653747605559007, 957.0792760101834], [-0.7989650666603095, 0.44540225800896477, 613.254467601097], [-0.0012483578070000907, 0.000655154163228375, 1.0]]"
65112839ce539dda,FIRE/S63,FIRE/image_component/cc0040,FIRE,sift_h,fov,ok,66,6,10000,8840,False,False,False,135.78439470252098,0.03297186341808493,True,,1.5837549999996554,"[[0.9926326980800693, 0.11648499455423632, 4.011339610305852], [-0.03015024534778514, 1.1019330328976418, 13.127299887625414], [1.5974168314097138e-06, 0.0001060618294497061, 1.0]]"
65112839ce539dda,FIRE/S63,FIRE/image_component/cc0040,FIRE,sift_h,none,ok,66,7,10000,0,False,True,True,1677.4550193476684,0.4073282346552705,True,True,1.9614990999980364,"[[1.4215913321133948, -20.495373830112367, 443.13303008056613], [0.7988639860336915, -5.850480244183477, -54.93902960618396], [0.0008242641608375047, -0.022616556994126274, 1.0]]"
65112839ce539dda,FIRE/S63,FIRE/image_component/cc0040,FIRE,sift_h,rectangle,ok,66,6,10000,9424,False,False,False,135.78439470252098,0.03297186341808493,True,,1.5725951999920653,"[[0.9926326980800693, 0.11648499455423632, 4.011339610305852], [-0.03015024534778514, 1.1019330328976418, 13.127299887625414], [1.5974168314097138e-06, 0.0001060618294497061, 1.0]]"
65112839ce539dda,FIRE/S63,FIRE/image_component/cc0040,FIRE,sift_h,sample_orientation,ok,66,6,10000,6923,False,True,True,1466.49465053256,0.35610175548261314,True,,1.9551948000007542,"[[-0.7399651972487008, -0.3472419973582734, 937.072385774993], [-0.31676361532018016, -0.010081878701484347, 321.0578850835829], [-0.0007481098532842413, -0.0004305202571082634, 1.0]]"
51fb20cd38c644f7,FIRE/S66,FIRE/image_component/cc0041,FIRE,sift_h,fov,ok,79,6,10000,8958,False,False,False,2007.1089771934462,0.4873765001215252,True,,1.5377166999969631,"[[-0.5956010182968473, 0.8590982646800804, -235.9639907342758], [0.4752748281667809, -0.20515950457719823, 301.20538429374363], [0.0006044997576689913, -0.0009034182446496642, 1.0]]"
51fb20cd38c644f7,FIRE/S66,FIRE/image_component/cc0041,FIRE,sift_h,none,ok,79,7,10000,0,False,True,True,1697.345964845327,0.41215825609950346,True,True,1.9891152999916812,"[[-0.09428073984527063, -0.256937207151353, 56.75009033025147], [-0.07970216236955205, -1.668736338813295, 337.62692612749663], [-0.0003074085199112857, -0.004814746057966579, 1.0]]"
51fb20cd38c644f7,FIRE/S66,FIRE/image_component/cc0041,FIRE,sift_h,rectangle,ok,79,6,10000,9444,False,False,False,2007.1089771934462,0.4873765001215252,True,,1.5869189999939408,"[[-0.5956010182968473, 0.8590982646800804, -235.9639907342758], [0.4752748281667809, -0.20515950457719823, 301.20538429374363], [0.0006044997576689913, -0.0009034182446496642, 1.0]]"
51fb20cd38c644f7,FIRE/S66,FIRE/image_component/cc0041,FIRE,sift_h,sample_orientation,ok,79,7,10000,7119,False,True,True,1697.345964845327,0.41215825609950346,True,,1.9604887000023155,"[[-0.09428073984527063, -0.256937207151353, 56.75009033025147], [-0.07970216236955205, -1.668736338813295, 337.62692612749663], [-0.0003074085199112857, -0.004814746057966579, 1.0]]"
db1da4ac7dd46499,FIRE/S67,FIRE/image_component/cc0041,FIRE,sift_h,fov,ok,74,5,10000,8872,False,True,False,1441.9773238206994,0.35014833241443916,True,,1.5937903000012739,"[[-2.736985899524563, -4.370423549574001, 1086.9173362533104], [-1.2631224387491902, -0.3870653816862451, 270.19114379067184], [-0.002526475652453611, -0.005736207088606947, 1.0]]"
db1da4ac7dd46499,FIRE/S67,FIRE/image_component/cc0041,FIRE,sift_h,none,ok,74,7,10000,0,False,True,True,1521.54051583535,0.3694682749303756,True,True,2.0293533000076422,"[[0.22518689090104366, -0.9612522536180983, 750.1518527498299], [0.027583416247958934, -0.11969662251788955, 93.60322794636515], [0.00030339050425136864, -0.0012832705271122332, 1.0]]"
db1da4ac7dd46499,FIRE/S67,FIRE/image_component/cc0041,FIRE,sift_h,rectangle,ok,74,5,10000,9426,False,False,False,1492.8498160045463,0.36250145198829137,True,,1.5496367000014288,"[[-0.2315740256460889, -0.4187913393408955, 903.2684463752109], [0.1797266907840915, -0.22777768400189688, 215.2844379859244], [-0.00039147731098781167, -0.000312836273884068, 1.0]]"
db1da4ac7dd46499,FIRE/S67,FIRE/image_component/cc0041,FIRE,sift_h,sample_orientation,invalid_transform,74,6,10000,6933,False,,,,,True,,2.0731067000015173,
be049971696e0f0a,FIRE/S69,FIRE/image_component/cc0009,FIRE,sift_h,fov,ok,53,6,10000,8864,False,True,False,1421.120757490903,0.34508383396524067,True,,1.6180290000047535,"[[0.5867982871263207, -0.6983584126780692, 453.3174030310846], [0.6391252446992203, -1.2588965860560324, 1008.4981323280606], [0.0006510471173136209, -0.00119111955604037, 1.0]]"
be049971696e0f0a,FIRE/S69,FIRE/image_component/cc0009,FIRE,sift_h,none,ok,53,7,10000,0,False,True,True,1628.977175812081,0.3955565959528961,True,True,2.0166387999925064,"[[-0.5764044225110085, -0.17018618104977787, 668.382792445548], [-0.8154647704524688, -0.2614912219274262, 957.5629103958263], [-0.0008546264127306287, -0.0002683321280311474, 1.0]]"
be049971696e0f0a,FIRE/S69,FIRE/image_component/cc0009,FIRE,sift_h,rectangle,ok,53,6,10000,9394,False,False,False,1560.0619514406385,0.37882224757376165,True,,1.6414397000044119,"[[0.1708503402961326, -0.6633536149981953, 496.3955813759991], [0.005827728991932508, -0.9821457746336668, 990.1791507232085], [-8.231928489485723e-07, -0.0009499669747063459, 1.0]]"
be049971696e0f0a,FIRE/S69,FIRE/image_component/cc0009,FIRE,sift_h,sample_orientation,ok,53,6,10000,6888,False,True,True,1622.5657904541656,0.3939997504640973,True,,1.9443937000032747,"[[-1.0717995972991412, -3.2857823130347974, 697.3236537420554], [-1.4591620425317953, -5.198443052998286, 981.8618165099506], [-0.0015171854859910305, -0.005262285635116008, 1.0]]"
b714eb0973fdf4f9,FIRE/S70,FIRE/image_component/cc0009,FIRE,sift_h,fov,ok,55,5,10000,8990,False,False,False,1701.567769016246,0.4131834162499494,True,,1.6799046999949496,"[[-0.6521406172397933, 0.8674558889123858, 419.8898119316666], [0.21302970112049402, 0.022673415754071353, -2.858108618450364], [-0.0008539871049894636, 0.00016842909379943545, 1.0]]"
b714eb0973fdf4f9,FIRE/S70,FIRE/image_component/cc0009,FIRE,sift_h,none,ok,55,5,10000,0,False,True,True,1591.5244371875467,0.38646212979375616,True,True,2.015776000000187,"[[-1.5095480136427057, -0.5691113028796007, 581.8979120448216], [-0.0798326768773209, -0.021680753693860612, 24.06105573093014], [-0.0025971914457294065, -0.0009763883270288081, 1.0]]"
b714eb0973fdf4f9,FIRE/S70,FIRE/image_component/cc0009,FIRE,sift_h,rectangle,ok,55,5,10000,9535,False,False,False,1701.567769016246,0.4131834162499494,True,,1.7223233999975491,"[[-0.6521406172397933, 0.8674558889123858, 419.8898119316666], [0.21302970112049402, 0.022673415754071353, -2.858108618450364], [-0.0008539871049894636, 0.00016842909379943545, 1.0]]"
b714eb0973fdf4f9,FIRE/S70,FIRE/image_component/cc0009,FIRE,sift_h,sample_orientation,ok,55,5,10000,7065,False,False,False,1701.567769016246,0.4131834162499494,True,,1.9197453999950085,"[[-0.6521406172397933, 0.8674558889123858, 419.8898119316666], [0.21302970112049402, 0.022673415754071353, -2.858108618450364], [-0.0008539871049894636, 0.00016842909379943545, 1.0]]"
e72ba4a2fa2829d4,COph100/026-1/026_M_GA33_BW1700_PA36_DG11_PF0_D1_S02_6__026_M_GA33_BW1700_PA42_DG11_PF0_D1_S05_6,COph100/patient/026,COph100,sp_lg_h,fov,ok,39,16,412,135,False,False,False,42.762527399644306,0.05345315924955538,True,,0.0761010999995051,"[[1.234091304780688, -0.533667890283269, -79.82222606208887], [-0.059274967982700086, 0.8115313986408939, 200.8230649628356], [0.000162307326560427, -0.0005948334247785937, 1.0]]"
e72ba4a2fa2829d4,COph100/026-1/026_M_GA33_BW1700_PA36_DG11_PF0_D1_S02_6__026_M_GA33_BW1700_PA42_DG11_PF0_D1_S05_6,COph100/patient/026,COph100,sp_lg_h,none,ok,39,17,251,0,False,True,True,204.487808750112,0.25560976093764,True,True,0.05926910000562202,"[[19.927683673855498, -10.110481560649943, -7219.496860393382], [1.678776695638097, 5.996935130778413, 172.92005893214517], [0.01230740350801844, -0.011918877494619286, 1.0]]"
e72ba4a2fa2829d4,COph100/026-1/026_M_GA33_BW1700_PA36_DG11_PF0_D1_S02_6__026_M_GA33_BW1700_PA42_DG11_PF0_D1_S05_6,COph100/patient/026,COph100,sp_lg_h,rectangle,ok,39,16,412,301,False,False,False,42.762527399644306,0.05345315924955538,True,,0.08503829999244772,"[[1.234091304780688, -0.533667890283269, -79.82222606208887], [-0.059274967982700086, 0.8115313986408939, 200.8230649628356], [0.000162307326560427, -0.0005948334247785937, 1.0]]"
e72ba4a2fa2829d4,COph100/026-1/026_M_GA33_BW1700_PA36_DG11_PF0_D1_S02_6__026_M_GA33_BW1700_PA42_DG11_PF0_D1_S05_6,COph100/patient/026,COph100,sp_lg_h,sample_orientation,ok,39,17,251,58,False,True,True,204.487808750112,0.25560976093764,True,,0.06676879999577068,"[[19.927683673855498, -10.110481560649943, -7219.496860393382], [1.678776695638097, 5.996935130778413, 172.92005893214517], [0.01230740350801844, -0.011918877494619286, 1.0]]"
4cc4583374a7f846,COph100/026/026_M_GA33_BW1700_PA36_DG11_PF0_D1_S02_10__026_M_GA33_BW1700_PA40_DG11_PF0_D1_S04_11,COph100/patient/026,COph100,sp_lg_h,fov,degenerate_fit,4,0,10000,10000,False,,,,,True,,1.5904772000067169,
4cc4583374a7f846,COph100/026/026_M_GA33_BW1700_PA36_DG11_PF0_D1_S02_10__026_M_GA33_BW1700_PA40_DG11_PF0_D1_S04_11,COph100/patient/026,COph100,sp_lg_h,none,ok,4,4,1,0,False,True,True,202.64731671287842,0.25330914589109804,True,True,0.0010671000054571778,"[[-0.04924705256648407, -0.7177229867615776, 408.278817729729], [-0.02597930450919668, -1.3366163256868648, 746.180737358658], [-2.9536287843338035e-05, -0.0018046510133404659, 1.0]]"
4cc4583374a7f846,COph100/026/026_M_GA33_BW1700_PA36_DG11_PF0_D1_S02_10__026_M_GA33_BW1700_PA40_DG11_PF0_D1_S04_11,COph100/patient/026,COph100,sp_lg_h,rectangle,degenerate_fit,4,0,10000,10000,False,,,,,True,,1.7356767000019317,
4cc4583374a7f846,COph100/026/026_M_GA33_BW1700_PA36_DG11_PF0_D1_S02_10__026_M_GA33_BW1700_PA40_DG11_PF0_D1_S04_11,COph100/patient/026,COph100,sp_lg_h,sample_orientation,ok,4,4,1,0,False,True,True,202.64731671287842,0.25330914589109804,True,,0.0012094999983673915,"[[-0.04924705256648407, -0.7177229867615776, 408.278817729729], [-0.02597930450919668, -1.3366163256868648, 746.180737358658], [-2.9536287843338035e-05, -0.0018046510133404659, 1.0]]"
3968ed21e45d9ba8,COph100/033/033_M_GA30_BW1250_PA31_DG0_PF0_D1_S01_2__033_M_GA30_BW1250_PA33_DG0_PF0_D1_S02_1,COph100/patient/033,COph100,sp_lg_h,fov,ok,44,15,678,362,False,True,False,22.380383944067603,0.027975479930084503,True,,0.1424295000033453,"[[-9.308097032186446, -0.5036748518944102, 3126.663916963947], [-6.072677466538837, -7.0282795453858276, 3934.4623624736014], [-0.009139206845487753, -0.003281020433070069, 1.0]]"
3968ed21e45d9ba8,COph100/033/033_M_GA30_BW1250_PA31_DG0_PF0_D1_S01_2__033_M_GA30_BW1250_PA33_DG0_PF0_D1_S02_1,COph100/patient/033,COph100,sp_lg_h,none,ok,44,15,678,0,False,True,False,22.380383944067603,0.027975479930084503,True,True,0.13737270000274293,"[[-9.308097032186446, -0.5036748518944102, 3126.663916963947], [-6.072677466538837, -7.0282795453858276, 3934.4623624736014], [-0.009139206845487753, -0.003281020433070069, 1.0]]"
3968ed21e45d9ba8,COph100/033/033_M_GA30_BW1250_PA31_DG0_PF0_D1_S01_2__033_M_GA30_BW1250_PA33_DG0_PF0_D1_S02_1,COph100/patient/033,COph100,sp_lg_h,rectangle,ok,44,14,1165,764,False,False,False,10.187825134528584,0.01273478141816073,True,,0.20554500000434928,"[[0.7708095584464543, -0.24043699387351988, 49.97683944496012], [0.22274875021652615, 0.8670659126538529, -87.70029078484164], [-8.272262112102711e-05, -9.049309210446377e-05, 1.0]]"
3968ed21e45d9ba8,COph100/033/033_M_GA30_BW1250_PA31_DG0_PF0_D1_S01_2__033_M_GA30_BW1250_PA33_DG0_PF0_D1_S02_1,COph100/patient/033,COph100,sp_lg_h,sample_orientation,ok,44,15,678,88,False,True,False,22.380383944067603,0.027975479930084503,True,,0.1487829999969108,"[[-9.308097032186446, -0.5036748518944102, 3126.663916963947], [-6.072677466538837, -7.0282795453858276, 3934.4623624736014], [-0.009139206845487753, -0.003281020433070069, 1.0]]"
d9cae0da3a04d6af,COph100/052/052_M_GA26_BW820_PA31_DG1_PF0_D1_S01_3__052_M_GA26_BW820_PA46_DG2_PF0_D1_S07_6,COph100/patient/052,COph100,sp_lg_h,fov,degenerate_fit,5,0,10000,10000,False,,,,,True,,1.5099441999918781,
d9cae0da3a04d6af,COph100/052/052_M_GA26_BW820_PA31_DG1_PF0_D1_S01_3__052_M_GA26_BW820_PA46_DG2_PF0_D1_S07_6,COph100/patient/052,COph100,sp_lg_h,none,ok,5,4,18,0,False,True,True,164.8302899529315,0.2060378624411644,True,True,0.005525400003534742,"[[0.2110448568553558, -2.8673232026351294, 445.44317102261726], [0.24794450392563197, -1.8775559737666083, 222.3877239563841], [0.0006342132908231907, -0.006978885566611929, 1.0]]"
d9cae0da3a04d6af,COph100/052/052_M_GA26_BW820_PA31_DG1_PF0_D1_S01_3__052_M_GA26_BW820_PA46_DG2_PF0_D1_S07_6,COph100/patient/052,COph100,sp_lg_h,rectangle,degenerate_fit,5,0,10000,10000,False,,,,,True,,1.7241616999963298,
d9cae0da3a04d6af,COph100/052/052_M_GA26_BW820_PA31_DG1_PF0_D1_S01_3__052_M_GA26_BW820_PA46_DG2_PF0_D1_S07_6,COph100/patient/052,COph100,sp_lg_h,sample_orientation,ok,5,4,18,14,False,True,True,265.8969208502418,0.3323711510628023,True,,0.005246400003670715,"[[-5.343224291772489, 10.227482732792792, 763.658506892554], [-2.501762050737483, 5.149736206395334, 307.00254208627], [-0.00837503775731107, 0.01699345938521156, 1.0]]"
77518ee0f8861b97,COph100/052/052_M_GA26_BW820_PA34_DG3_PF0_D1_S04_4__052_M_GA26_BW820_PA75_DG9_PF0_D1_S08_20,COph100/patient/052,COph100,sp_lg_h,fov,degenerate_fit,6,0,10000,10000,False,,,,,True,,1.5256571999925654,
77518ee0f8861b97,COph100/052/052_M_GA26_BW820_PA34_DG3_PF0_D1_S04_4__052_M_GA26_BW820_PA75_DG9_PF0_D1_S08_20,COph100/patient/052,COph100,sp_lg_h,none,ok,6,5,14,0,False,True,True,92.48715892832442,0.11560894866040552,True,True,0.0041006999963428825,"[[-1.3518373630604086, 0.3708980546130187, 1050.6496233231128], [-0.15228315086943145, 0.7074484842566445, -14.289412709439214], [-0.0014936106020021526, 0.0011709760347756355, 1.0]]"
77518ee0f8861b97,COph100/052/052_M_GA26_BW820_PA34_DG3_PF0_D1_S04_4__052_M_GA26_BW820_PA75_DG9_PF0_D1_S08_20,COph100/patient/052,COph100,sp_lg_h,rectangle,degenerate_fit,6,0,10000,10000,False,,,,,True,,1.7638918000011472,
77518ee0f8861b97,COph100/052/052_M_GA26_BW820_PA34_DG3_PF0_D1_S04_4__052_M_GA26_BW820_PA75_DG9_PF0_D1_S08_20,COph100/patient/052,COph100,sp_lg_h,sample_orientation,ok,6,5,14,4,False,True,True,92.48715892832442,0.11560894866040552,True,,0.0037405000039143488,"[[-1.3518373630604086, 0.3708980546130187, 1050.6496233231128], [-0.15228315086943145, 0.7074484842566445, -14.289412709439214], [-0.0014936106020021526, 0.0011709760347756355, 1.0]]"
ce0f14b486d56040,COph100/055-1/055_M_GA38_BW3245_PA40_DG13_PF0_D1_S01_10__055_M_GA38_BW3245_PA44_DG13_PF0_D1_S05_6,COph100/patient/055,COph100,sp_lg_h,fov,ok,8,4,143,73,False,True,False,49.7713651317601,0.06221420641470012,True,,0.026909899999736808,"[[0.4655596880100292, 0.9448482994150688, 239.7186558317969], [-0.7393935493033974, 3.167454387912181, -48.52707069905556], [-0.0010859429269138277, 0.0030638655885306064, 1.0]]"
ce0f14b486d56040,COph100/055-1/055_M_GA38_BW3245_PA40_DG13_PF0_D1_S01_10__055_M_GA38_BW3245_PA44_DG13_PF0_D1_S05_6,COph100/patient/055,COph100,sp_lg_h,none,ok,8,4,143,0,False,True,True,769.4539317375566,0.9618174146719457,True,True,0.03668569998990279,"[[-4.9695029163014555, 2.137923398941582, 693.8827310328991], [-4.153667778097526, 2.7708226412692154, 611.732843587024], [-0.009425551506760334, 0.0057278124711742755, 1.0]]"
ce0f14b486d56040,COph100/055-1/055_M_GA38_BW3245_PA40_DG13_PF0_D1_S01_10__055_M_GA38_BW3245_PA44_DG13_PF0_D1_S05_6,COph100/patient/055,COph100,sp_lg_h,rectangle,ok,8,4,143,82,False,False,False,37.932663484722596,0.047415829355903244,True,,0.03189589999965392,"[[1.7556896720613242, 1.4819762917795578, -370.66794384874225], [-0.36131603075125, 2.627138700872701, 104.21616600283289], [4.100648035271992e-05, 0.002427264904008954, 1.0]]"
ce0f14b486d56040,COph100/055-1/055_M_GA38_BW3245_PA40_DG13_PF0_D1_S01_10__055_M_GA38_BW3245_PA44_DG13_PF0_D1_S05_6,COph100/patient/055,COph100,sp_lg_h,sample_orientation,ok,8,4,143,61,False,True,False,49.7713651317601,0.06221420641470012,True,,0.038867700000992045,"[[0.4655596880100292, 0.9448482994150688, 239.7186558317969], [-0.7393935493033974, 3.167454387912181, -48.52707069905556], [-0.0010859429269138277, 0.0030638655885306064, 1.0]]"
da1b669d55ceeb70,COph100/055-1/055_M_GA38_BW3245_PA40_DG13_PF0_D1_S01_10__055_M_GA38_BW3245_PA53_DG13_PF0_D1_S08_2,COph100/patient/055,COph100,sp_lg_h,fov,ok,66,18,1661,685,False,True,False,36.90644804490605,0.04613306005613256,True,,0.3339855000085663,"[[0.4242337211739668, 0.3913027025910786, -69.82800484446359], [-0.8594385634216493, 1.34216407092442, 182.51968967301343], [-0.001165053915525273, 0.0006651044401296002, 1.0]]"
da1b669d55ceeb70,COph100/055-1/055_M_GA38_BW3245_PA40_DG13_PF0_D1_S01_10__055_M_GA38_BW3245_PA53_DG13_PF0_D1_S08_2,COph100/patient/055,COph100,sp_lg_h,none,ok,66,18,1661,0,False,True,False,36.90644804490605,0.04613306005613256,True,True,0.35390580000239424,"[[0.4242337211739668, 0.3913027025910786, -69.82800484446359], [-0.8594385634216493, 1.34216407092442, 182.51968967301343], [-0.001165053915525273, 0.0006651044401296002, 1.0]]"
da1b669d55ceeb70,COph100/055-1/055_M_GA38_BW3245_PA40_DG13_PF0_D1_S01_10__055_M_GA38_BW3245_PA53_DG13_PF0_D1_S08_2,COph100/patient/055,COph100,sp_lg_h,rectangle,ok,66,17,2088,1073,False,False,False,22.858968959638776,0.02857371119954847,True,,0.32127329999639187,"[[0.5501491235924378, 0.3353878470034586, -80.16463567026781], [-0.629212543764746, 1.1611625363985452, 199.11402570886207], [-0.0007360469192103422, 0.00039658012123550634, 1.0]]"
da1b669d55ceeb70,COph100/055-1/055_M_GA38_BW3245_PA40_DG13_PF0_D1_S01_10__055_M_GA38_BW3245_PA53_DG13_PF0_D1_S08_2,COph100/patient/055,COph100,sp_lg_h,sample_orientation,ok,66,18,1661,183,False,True,False,36.90644804490605,0.04613306005613256,True,,0.41912069999671075,"[[0.4242337211739668, 0.3913027025910786, -69.82800484446359], [-0.8594385634216493, 1.34216407092442, 182.51968967301343], [-0.001165053915525273, 0.0006651044401296002, 1.0]]"
cf804c649b733cd6,COph100/055-1/055_M_GA38_BW3245_PA40_DG13_PF0_D1_S01_10__055_M_GA38_BW3245_PA78_DG13_PF0_D1_S09_16,COph100/patient/055,COph100,sp_lg_h,fov,ok,6,4,42,32,False,True,False,38.34087292657438,0.04792609115821797,True,,0.008190900000045076,"[[-10.33140390681971, -4.223501569370077, 2647.4836687847537], [-3.304750744551449, -5.154315913042524, 1965.0698581401728], [-0.010933817510426682, -0.004789087051515662, 1.0]]"
cf804c649b733cd6,COph100/055-1/055_M_GA38_BW3245_PA40_DG13_PF0_D1_S01_10__055_M_GA38_BW3245_PA78_DG13_PF0_D1_S09_16,COph100/patient/055,COph100,sp_lg_h,none,ok,6,4,42,0,False,True,True,38.545211762827435,0.048181514703534295,True,True,0.014060500005143695,"[[-2.178127219519711, -1.6079756187508392, 817.4178465884132], [-0.5687668515944088, -1.5722528575702024, 546.742826897242], [-0.0023885166238827907, -0.002965686482469986, 1.0]]"
cf804c649b733cd6,COph100/055-1/055_M_GA38_BW3245_PA40_DG13_PF0_D1_S01_10__055_M_GA38_BW3245_PA78_DG13_PF0_D1_S09_16,COph100/patient/055,COph100,sp_lg_h,rectangle,degenerate_fit,6,0,10000,10000,False,,,,,True,,1.9304006000020308,
cf804c649b733cd6,COph100/055-1/055_M_GA38_BW3245_PA40_DG13_PF0_D1_S01_10__055_M_GA38_BW3245_PA78_DG13_PF0_D1_S09_16,COph100/patient/055,COph100,sp_lg_h,sample_orientation,ok,6,4,42,6,False,True,True,38.545211762827435,0.048181514703534295,True,,0.0161523999995552,"[[-2.178127219519711, -1.6079756187508392, 817.4178465884132], [-0.5687668515944088, -1.5722528575702024, 546.742826897242], [-0.0023885166238827907, -0.002965686482469986, 1.0]]"
8ed14fb063327bae,COph100/055/055_M_GA38_BW3245_PA40_DG13_PF0_D1_S01_3__055_M_GA38_BW3245_PA53_DG13_PF0_D1_S08_7,COph100/patient/055,COph100,sp_lg_h,fov,ok,17,6,660,485,False,True,False,58.39480837418434,0.07299351046773044,True,,0.11427890000049956,"[[-22.897665215074092, -5.374780233324833, 9588.966785247947], [-5.641120706557444, -11.343499452835436, 4340.933953671726], [-0.014623790636854138, -0.002724653610273653, 1.0]]"
8ed14fb063327bae,COph100/055/055_M_GA38_BW3245_PA40_DG13_PF0_D1_S01_3__055_M_GA38_BW3245_PA53_DG13_PF0_D1_S08_7,COph100/patient/055,COph100,sp_lg_h,none,ok,17,6,660,0,False,True,False,58.39480837418434,0.07299351046773044,True,True,0.11622429999988526,"[[-22.897665215074092, -5.374780233324833, 9588.966785247947], [-5.641120706557444, -11.343499452835436, 4340.933953671726], [-0.014623790636854138, -0.002724653610273653, 1.0]]"
8ed14fb063327bae,COph100/055/055_M_GA38_BW3245_PA40_DG13_PF0_D1_S01_3__055_M_GA38_BW3245_PA53_DG13_PF0_D1_S08_7,COph100/patient/055,COph100,sp_lg_h,rectangle,ok,17,5,1227,1035,False,False,False,94.28206507272414,0.11785258134090518,True,,0.22269239999877755,"[[2.985214331991157, 11.379720013043606, -1910.9312829941027], [-2.0010622024366476, 7.78532411027021, 699.6624933302204], [-0.00025923625222263864, 0.011820274071686844, 1.0]]"
8ed14fb063327bae,COph100/055/055_M_GA38_BW3245_PA40_DG13_PF0_D1_S01_3__055_M_GA38_BW3245_PA53_DG13_PF0_D1_S08_7,COph100/patient/055,COph100,sp_lg_h,sample_orientation,ok,17,6,660,188,False,True,False,58.39480837418434,0.07299351046773044,True,,0.1356551000062609,"[[-22.897665215074092, -5.374780233324833, 9588.966785247947], [-5.641120706557444, -11.343499452835436, 4340.933953671726], [-0.014623790636854138, -0.002724653610273653, 1.0]]"
2541e8913ecb495c,COph100/055/055_M_GA38_BW3245_PA43_DG13_PF0_D1_S04_13__055_M_GA38_BW3245_PA78_DG13_PF0_D1_S09_6,COph100/patient/055,COph100,sp_lg_h,fov,ok,19,7,496,433,False,True,False,134.0201644403222,0.16752520555040273,True,,0.08128209999995306,"[[-0.3243517305451944, -0.7974870644267589, 774.1930181543247], [-0.44903610055407095, -0.10625731445746749, 474.9916710422626], [-0.0005393880653788359, -0.0008654232346387601, 1.0]]"
2541e8913ecb495c,COph100/055/055_M_GA38_BW3245_PA43_DG13_PF0_D1_S04_13__055_M_GA38_BW3245_PA78_DG13_PF0_D1_S09_6,COph100/patient/055,COph100,sp_lg_h,none,ok,19,7,496,0,False,True,False,134.0201644403222,0.16752520555040273,True,True,0.08781670000462327,"[[-0.3243517305451944, -0.7974870644267589, 774.1930181543247], [-0.44903610055407095, -0.10625731445746749, 474.9916710422626], [-0.0005393880653788359, -0.0008654232346387601, 1.0]]"
2541e8913ecb495c,COph100/055/055_M_GA38_BW3245_PA43_DG13_PF0_D1_S04_13__055_M_GA38_BW3245_PA78_DG13_PF0_D1_S09_6,COph100/patient/055,COph100,sp_lg_h,rectangle,ok,19,6,922,865,False,False,False,15.092074658496433,0.01886509332312054,True,,0.14945219999935944,"[[0.23283079482129856, -0.18850245086898176, 384.470322521633], [-0.1932365648245973, 0.3923801541501474, 222.14934653484931], [-0.0005376216249214651, -0.00014428508728672162, 1.0]]"
2541e8913ecb495c,COph100/055/055_M_GA38_BW3245_PA43_DG13_PF0_D1_S04_13__055_M_GA38_BW3245_PA78_DG13_PF0_D1_S09_6,COph100/patient/055,COph100,sp_lg_h,sample_orientation,ok,19,7,496,216,False,True,False,134.0201644403222,0.16752520555040273,True,,0.10145610000472516,"[[-0.3243517305451944, -0.7974870644267589, 774.1930181543247], [-0.44903610055407095, -0.10625731445746749, 474.9916710422626], [-0.0005393880653788359, -0.0008654232346387601, 1.0]]"
a3b2e2934c364e2a,COph100/055-1/055_M_GA38_BW3245_PA42_DG13_PF0_D1_S03_2__055_M_GA38_BW3245_PA78_DG13_PF0_D1_S09_16,COph100/patient/055,COph100,xfeat_h,fov,ok,615,24,10000,7546,False,True,False,14.855788411102296,0.01856973551387787,True,,1.844217200006824,"[[1.7634076962941274, -0.9058152918515261, -17.34462932744448], [0.30853810041703705, 0.7608393078318186, -196.6130439111537], [0.001268096299475334, -0.0013928685173780718, 1.0]]"
a3b2e2934c364e2a,COph100/055-1/055_M_GA38_BW3245_PA42_DG13_PF0_D1_S03_2__055_M_GA38_BW3245_PA78_DG13_PF0_D1_S09_16,COph100/patient/055,COph100,xfeat_h,none,ok,615,24,10000,0,False,True,False,14.855788411102296,0.01856973551387787,True,True,2.410324299999047,"[[1.7634076962941274, -0.9058152918515261, -17.34462932744448], [0.30853810041703705, 0.7608393078318186, -196.6130439111537], [0.001268096299475334, -0.0013928685173780718, 1.0]]"
a3b2e2934c364e2a,COph100/055-1/055_M_GA38_BW3245_PA42_DG13_PF0_D1_S03_2__055_M_GA38_BW3245_PA78_DG13_PF0_D1_S09_16,COph100/patient/055,COph100,xfeat_h,rectangle,ok,615,24,10000,8429,False,False,False,63.88280629148782,0.07985350786435977,True,,1.6404856000008294,"[[2.1609900351946676, 0.1459308800342214, -457.08252556625865], [0.45105192529459814, 1.9753867007885246, -554.7997813826913], [0.0006264851790675104, 0.000288449443798729, 1.0]]"
a3b2e2934c364e2a,COph100/055-1/055_M_GA38_BW3245_PA42_DG13_PF0_D1_S03_2__055_M_GA38_BW3245_PA78_DG13_PF0_D1_S09_16,COph100/patient/055,COph100,xfeat_h,sample_orientation,ok,615,24,10000,4968,False,True,False,14.855788411102296,0.01856973551387787,True,,2.299067899992224,"[[1.7634076962941274, -0.9058152918515261, -17.34462932744448], [0.30853810041703705, 0.7608393078318186, -196.6130439111537], [0.001268096299475334, -0.0013928685173780718, 1.0]]"
11bcaf81af6206b4,COph100/055/055_M_GA38_BW3245_PA43_DG13_PF0_D1_S04_13__055_M_GA38_BW3245_PA78_DG13_PF0_D1_S09_6,COph100/patient/055,COph100,xfeat_h,fov,ok,552,22,10000,8083,False,False,False,38.80552782097369,0.048506909776217105,True,,1.6345199999923352,"[[0.4332685184666353, -0.6359753303751999, 415.4733509003399], [-0.06893861910426431, 0.26195863015568427, 186.8488713425668], [-0.0002203285133202031, -0.0007392348873996557, 1.0]]"
11bcaf81af6206b4,COph100/055/055_M_GA38_BW3245_PA43_DG13_PF0_D1_S04_13__055_M_GA38_BW3245_PA78_DG13_PF0_D1_S09_6,COph100/patient/055,COph100,xfeat_h,none,ok,552,23,10000,0,False,True,True,201.55215126605154,0.25194018908256444,True,True,2.3186457000119844,"[[10.655658400124059, -5.107494014185726, -1804.8127185869105], [2.6693306230544347, 1.9896002809121747, -758.8100880900136], [0.007992333981981172, -0.00558798762052686, 1.0]]"
11bcaf81af6206b4,COph100/055/055_M_GA38_BW3245_PA43_DG13_PF0_D1_S04_13__055_M_GA38_BW3245_PA78_DG13_PF0_D1_S09_6,COph100/patient/055,COph100,xfeat_h,rectangle,ok,552,22,10000,8897,False,False,False,38.80552782097369,0.048506909776217105,True,,1.7638716000074055,"[[0.4332685184666353, -0.6359753303751999, 415.4733509003399], [-0.06893861910426431, 0.26195863015568427, 186.8488713425668], [-0.0002203285133202031, -0.0007392348873996557, 1.0]]"
11bcaf81af6206b4,COph100/055/055_M_GA38_BW3245_PA43_DG13_PF0_D1_S04_13__055_M_GA38_BW3245_PA78_DG13_PF0_D1_S09_6,COph100/patient/055,COph100,xfeat_h,sample_orientation,ok,552,23,10000,5509,False,True,True,201.55215126605154,0.25194018908256444,True,,2.308119199995417,"[[10.655658400124059, -5.107494014185726, -1804.8127185869105], [2.6693306230544347, 1.9896002809121747, -758.8100880900136], [0.007992333981981172, -0.00558798762052686, 1.0]]"
