job_id,pair_id,group_id,dataset_id,pipeline_id,operational_failure,pole_crosses_image,pole_clearance_diagonal_fraction,D:bending_energy
5fa60dc6120fc7a1,COph100/001/001_F_GA41_BW2905_PA44_DG11_PF0_D1_S01_11__001_F_GA41_BW2905_PA47_DG11_PF0_D1_S02_3,COph100/patient/001,COph100,sift_h,True,True,0.0,0.4788643612163272
cf1577f4f0fb815f,COph100/001/001_F_GA41_BW2905_PA44_DG11_PF0_D1_S01_11__001_F_GA41_BW2905_PA47_DG11_PF0_D1_S02_3,COph100/patient/001,COph100,sp_lg_h,False,False,21.545320547674358,0.005740857292191141
9518d06740e42499,COph100/001/001_F_GA41_BW2905_PA44_DG11_PF0_D1_S01_11__001_F_GA41_BW2905_PA47_DG11_PF0_D1_S02_3,COph100/patient/001,COph100,xfeat_h,False,False,16.108347100006302,0.01010998362954662
6294fbc5f701c1ac,COph100/001/001_F_GA41_BW2905_PA44_DG11_PF0_D1_S01_11__001_F_GA41_BW2905_PA47_DG11_PF0_D1_S02_3,COph100/patient/001,COph100,xfeat_tps,False,False,,6.929552888456882
96f7a3bc86dc4efc,COph100/001/001_F_GA41_BW2905_PA44_DG11_PF0_D1_S01_11__001_F_GA41_BW2905_PA50_DG11_PF0_D1_S03_8,COph100/patient/001,COph100,sp_lg_h,False,False,10.172431804262551,0.02440383561868393
23dc96d564814c14,COph100/001/001_F_GA41_BW2905_PA44_DG11_PF0_D1_S01_11__001_F_GA41_BW2905_PA50_DG11_PF0_D1_S03_8,COph100/patient/001,COph100,xfeat_h,False,False,21.00593284094626,0.0060559605305417295
b3d5b68281b39152,COph100/001/001_F_GA41_BW2905_PA44_DG11_PF0_D1_S01_11__001_F_GA41_BW2905_PA50_DG11_PF0_D1_S03_8,COph100/patient/001,COph100,xfeat_tps,False,False,,13.84610028402747
501757c32772c0e0,COph100/001/001_F_GA41_BW2905_PA47_DG11_PF0_D1_S02_3__001_F_GA41_BW2905_PA50_DG11_PF0_D1_S03_8,COph100/patient/001,COph100,sift_h,True,True,0.0,8950.94099695488
2e938502a7f27973,COph100/001/001_F_GA41_BW2905_PA47_DG11_PF0_D1_S02_3__001_F_GA41_BW2905_PA50_DG11_PF0_D1_S03_8,COph100/patient/001,COph100,sp_lg_h,False,False,22.31607725673913,0.005500212541187224
323ae4a1811c1de6,COph100/001/001_F_GA41_BW2905_PA47_DG11_PF0_D1_S02_3__001_F_GA41_BW2905_PA50_DG11_PF0_D1_S03_8,COph100/patient/001,COph100,xfeat_h,False,False,85.50742777235929,0.00038571622214299164
e9c0e5aec0199653,COph100/001/001_F_GA41_BW2905_PA47_DG11_PF0_D1_S02_3__001_F_GA41_BW2905_PA50_DG11_PF0_D1_S03_8,COph100/patient/001,COph100,xfeat_tps,False,False,,9.224474314360094
19c3c058ff428127,COph100/002-1/002_M_GA40_BW4040_PA41_DG11_PF0_D1_S01_6__002_M_GA40_BW4040_PA43_DG11_PF0_D1_S02_12,COph100/patient/002,COph100,sift_h,True,True,0.0,3384612.094310655
5b2f0627ddf8b0b4,COph100/002-1/002_M_GA40_BW4040_PA41_DG11_PF0_D1_S01_6__002_M_GA40_BW4040_PA43_DG11_PF0_D1_S02_12,COph100/patient/002,COph100,sp_lg_h,False,False,152.54060289854567,0.0001230987216158705
0663f3ba21a58e56,COph100/002-1/002_M_GA40_BW4040_PA41_DG11_PF0_D1_S01_6__002_M_GA40_BW4040_PA43_DG11_PF0_D1_S02_12,COph100/patient/002,COph100,xfeat_h,False,False,61.447059591109884,0.0007438578764006996
ee268e0626a3d5fc,COph100/002-1/002_M_GA40_BW4040_PA41_DG11_PF0_D1_S01_6__002_M_GA40_BW4040_PA43_DG11_PF0_D1_S02_12,COph100/patient/002,COph100,xfeat_tps,False,False,,11.805677925108753
fd0ede1ca9dd1eef,COph100/002-1/002_M_GA40_BW4040_PA41_DG11_PF0_D1_S01_6__002_M_GA40_BW4040_PA45_DG11_PF0_D1_S03_6,COph100/patient/002,COph100,sift_h,True,True,0.0,22757.83783953628
8d485bff2b17244c,COph100/002-1/002_M_GA40_BW4040_PA41_DG11_PF0_D1_S01_6__002_M_GA40_BW4040_PA45_DG11_PF0_D1_S03_6,COph100/patient/002,COph100,sp_lg_h,True,False,1.9318942425781798,0.5487576492420189
22aedf2b7ca52186,COph100/002-1/002_M_GA40_BW4040_PA41_DG11_PF0_D1_S01_6__002_M_GA40_BW4040_PA45_DG11_PF0_D1_S03_6,COph100/patient/002,COph100,xfeat_h,True,False,5.4114714109557305,0.07778834037115227
634e8f0d1c123e34,COph100/002-1/002_M_GA40_BW4040_PA41_DG11_PF0_D1_S01_6__002_M_GA40_BW4040_PA45_DG11_PF0_D1_S03_6,COph100/patient/002,COph100,xfeat_tps,True,False,,6.3499799172951334
041bfdc888ac7aaa,COph100/002-1/002_M_GA40_BW4040_PA43_DG11_PF0_D1_S02_12__002_M_GA40_BW4040_PA45_DG11_PF0_D1_S03_6,COph100/patient/002,COph100,sift_h,True,True,0.0,1820.7233538155792
5e4ceed786408fc4,COph100/002-1/002_M_GA40_BW4040_PA43_DG11_PF0_D1_S02_12__002_M_GA40_BW4040_PA45_DG11_PF0_D1_S03_6,COph100/patient/002,COph100,sp_lg_h,False,False,9.627589039038984,0.027080861823014637
486464928d4f9638,COph100/002-1/002_M_GA40_BW4040_PA43_DG11_PF0_D1_S02_12__002_M_GA40_BW4040_PA45_DG11_PF0_D1_S03_6,COph100/patient/002,COph100,xfeat_h,False,False,5.552720099093306,0.07733766539733522
988ef03393cc9fb8,COph100/002-1/002_M_GA40_BW4040_PA43_DG11_PF0_D1_S02_12__002_M_GA40_BW4040_PA45_DG11_PF0_D1_S03_6,COph100/patient/002,COph100,xfeat_tps,False,False,,6.4790550088021925
3ef3d691a7faf7d9,COph100/002/002_M_GA40_BW4040_PA41_DG11_PF0_D1_S01_2__002_M_GA40_BW4040_PA43_DG11_PF0_D1_S02_2,COph100/patient/002,COph100,sift_h,True,True,0.0,97177540.92416494
e3e77b52ba144d5e,COph100/002/002_M_GA40_BW4040_PA41_DG11_PF0_D1_S01_2__002_M_GA40_BW4040_PA43_DG11_PF0_D1_S02_2,COph100/patient/002,COph100,sp_lg_h,False,False,31.459300462527462,0.002745250550934903
97e86a5d82de2dbf,COph100/002/002_M_GA40_BW4040_PA41_DG11_PF0_D1_S01_2__002_M_GA40_BW4040_PA43_DG11_PF0_D1_S02_2,COph100/patient/002,COph100,xfeat_h,False,False,11.484949985578007,0.01982061407974673
fa66ea4bfdc01cdf,COph100/002/002_M_GA40_BW4040_PA41_DG11_PF0_D1_S01_2__002_M_GA40_BW4040_PA43_DG11_PF0_D1_S02_2,COph100/patient/002,COph100,xfeat_tps,False,False,,12.061702712018697
b79dd97561b73d50,COph100/002/002_M_GA40_BW4040_PA41_DG11_PF0_D1_S01_2__002_M_GA40_BW4040_PA45_DG11_PF0_D1_S03_10,COph100/patient/002,COph100,sift_h,True,True,0.0,76850.99896632174
b9c46ae435929ea7,COph100/002/002_M_GA40_BW4040_PA41_DG11_PF0_D1_S01_2__002_M_GA40_BW4040_PA45_DG11_PF0_D1_S03_10,COph100/patient/002,COph100,sp_lg_h,False,False,14.106749792810522,0.013582814717105963
41d702cb808e5d72,COph100/002/002_M_GA40_BW4040_PA41_DG11_PF0_D1_S01_2__002_M_GA40_BW4040_PA45_DG11_PF0_D1_S03_10,COph100/patient/002,COph100,xfeat_h,False,False,54.667020726710994,0.000942063413733355
bc5e8d367abf3a27,COph100/002/002_M_GA40_BW4040_PA41_DG11_PF0_D1_S01_2__002_M_GA40_BW4040_PA45_DG11_PF0_D1_S03_10,COph100/patient/002,COph100,xfeat_tps,False,False,,9.609719458987922
b9590323225fc58c,COph100/002/002_M_GA40_BW4040_PA43_DG11_PF0_D1_S02_2__002_M_GA40_BW4040_PA45_DG11_PF0_D1_S03_10,COph100/patient/002,COph100,sp_lg_h,False,False,14.619699889445652,0.012745005840635718
59b1722de5fbb864,COph100/002/002_M_GA40_BW4040_PA43_DG11_PF0_D1_S02_2__002_M_GA40_BW4040_PA45_DG11_PF0_D1_S03_10,COph100/patient/002,COph100,xfeat_h,False,False,12.439899745021002,0.01730979352973564
c5ca4745cb0f14cb,COph100/002/002_M_GA40_BW4040_PA43_DG11_PF0_D1_S02_2__002_M_GA40_BW4040_PA45_DG11_PF0_D1_S03_10,COph100/patient/002,COph100,xfeat_tps,False,False,,6.624191006339155
ed0546d48bfebed0,COph100/003-1/003_F_GA41_BW3950_PA42_DG11_PF0_D1_S01_1__003_F_GA41_BW3950_PA56_DG11_PF0_D1_S02_4,COph100/patient/003,COph100,sift_h,True,True,0.0,263817778.25410816
9817e69be263308d,COph100/003-1/003_F_GA41_BW3950_PA42_DG11_PF0_D1_S01_1__003_F_GA41_BW3950_PA56_DG11_PF0_D1_S02_4,COph100/patient/003,COph100,sp_lg_h,True,False,1.9593233089084026,0.6103844524674373
0be009f7654d4637,COph100/003-1/003_F_GA41_BW3950_PA42_DG11_PF0_D1_S01_1__003_F_GA41_BW3950_PA56_DG11_PF0_D1_S02_4,COph100/patient/003,COph100,xfeat_h,True,False,25.292858104454794,0.004372720344067178
d84a693b5702abbe,COph100/003-1/003_F_GA41_BW3950_PA42_DG11_PF0_D1_S01_1__003_F_GA41_BW3950_PA56_DG11_PF0_D1_S02_4,COph100/patient/003,COph100,xfeat_tps,True,False,,7.622042673042776
5225e189c9292551,COph100/003/003_F_GA41_BW3950_PA42_DG11_PF0_D1_S01_4__003_F_GA41_BW3950_PA56_DG11_PF0_D1_S02_5,COph100/patient/003,COph100,sift_h,True,True,0.0,1711452.722363307
6c475c700e881086,COph100/003/003_F_GA41_BW3950_PA42_DG11_PF0_D1_S01_4__003_F_GA41_BW3950_PA56_DG11_PF0_D1_S02_5,COph100/patient/003,COph100,sp_lg_h,True,False,0.17584363308016518,366.23265676029445
72fc130bcfd38313,COph100/003/003_F_GA41_BW3950_PA42_DG11_PF0_D1_S01_4__003_F_GA41_BW3950_PA56_DG11_PF0_D1_S02_5,COph100/patient/003,COph100,xfeat_h,True,False,16.80184687808832,0.009815016867077819
b2f4dd5772936037,COph100/003/003_F_GA41_BW3950_PA42_DG11_PF0_D1_S01_4__003_F_GA41_BW3950_PA56_DG11_PF0_D1_S02_5,COph100/patient/003,COph100,xfeat_tps,True,False,,3.6080634122204316
0aa3e2e44542437d,COph100/004/004_F_GA41_BW3760_PA42_DG11_PF0_D1_S01_1__004_F_GA41_BW3760_PA45_DG11_PF0_D1_S02_3,COph100/patient/004,COph100,sift_h,True,True,0.0,42141366.440987945
146605e13ade689f,COph100/004/004_F_GA41_BW3760_PA42_DG11_PF0_D1_S01_1__004_F_GA41_BW3760_PA45_DG11_PF0_D1_S02_3,COph100/patient/004,COph100,sp_lg_h,False,False,14.473201110221046,0.012651673914100126
804bded351873ca9,COph100/004/004_F_GA41_BW3760_PA42_DG11_PF0_D1_S01_1__004_F_GA41_BW3760_PA45_DG11_PF0_D1_S02_3,COph100/patient/004,COph100,xfeat_h,True,False,9.492051577230187,0.02971370580207218
f55a19975126f761,COph100/004/004_F_GA41_BW3760_PA42_DG11_PF0_D1_S01_1__004_F_GA41_BW3760_PA45_DG11_PF0_D1_S02_3,COph100/patient/004,COph100,xfeat_tps,False,False,,6.910734174550168
b85833b03d00f9dd,COph100/005-1/005_F_GA41_BW3400_PA45_DG11_PF0_D1_S01_1__005_F_GA41_BW3400_PA48_DG11_PF0_D1_S02_1,COph100/patient/005,COph100,sift_h,True,True,0.0,312014881.3608663
f9758d389b15bfc7,COph100/005-1/005_F_GA41_BW3400_PA45_DG11_PF0_D1_S01_1__005_F_GA41_BW3400_PA48_DG11_PF0_D1_S02_1,COph100/patient/005,COph100,sp_lg_h,False,False,11.946881190196377,0.01800493171267868
095b0881a5b451aa,COph100/005-1/005_F_GA41_BW3400_PA45_DG11_PF0_D1_S01_1__005_F_GA41_BW3400_PA48_DG11_PF0_D1_S02_1,COph100/patient/005,COph100,xfeat_h,False,False,4.169182524460637,0.13993427923520002
acc3488d221341f6,COph100/005-1/005_F_GA41_BW3400_PA45_DG11_PF0_D1_S01_1__005_F_GA41_BW3400_PA48_DG11_PF0_D1_S02_1,COph100/patient/005,COph100,xfeat_tps,False,False,,10.578946269075216
b0547a370360e445,COph100/005-1/005_F_GA41_BW3400_PA45_DG11_PF0_D1_S01_1__005_F_GA41_BW3400_PA52_DG11_PF0_D1_S03_5,COph100/patient/005,COph100,sift_h,True,True,0.0,921533707.3746233
61539f825b896c1d,COph100/005-1/005_F_GA41_BW3400_PA45_DG11_PF0_D1_S01_1__005_F_GA41_BW3400_PA52_DG11_PF0_D1_S03_5,COph100/patient/005,COph100,sp_lg_h,True,False,0.9552267214229611,1.303924746701802
d92c4ffe76afe050,COph100/005-1/005_F_GA41_BW3400_PA45_DG11_PF0_D1_S01_1__005_F_GA41_BW3400_PA52_DG11_PF0_D1_S03_5,COph100/patient/005,COph100,xfeat_h,True,False,2.9274313548706745,0.31756145518344336
cc0e29a6c519a756,COph100/005-1/005_F_GA41_BW3400_PA45_DG11_PF0_D1_S01_1__005_F_GA41_BW3400_PA52_DG11_PF0_D1_S03_5,COph100/patient/005,COph100,xfeat_tps,True,False,,2.6136349109440045
eff2f1ca5614dd3f,COph100/005-1/005_F_GA41_BW3400_PA48_DG11_PF0_D1_S02_1__005_F_GA41_BW3400_PA52_DG11_PF0_D1_S03_5,COph100/patient/005,COph100,sift_h,True,False,5.734131509813208,0.06620990315887904
0d91409050e13588,COph100/005-1/005_F_GA41_BW3400_PA48_DG11_PF0_D1_S02_1__005_F_GA41_BW3400_PA52_DG11_PF0_D1_S03_5,COph100/patient/005,COph100,sp_lg_h,True,False,0.6386984938764059,8.787188518972966
0373c729f79b6b29,COph100/005-1/005_F_GA41_BW3400_PA48_DG11_PF0_D1_S02_1__005_F_GA41_BW3400_PA52_DG11_PF0_D1_S03_5,COph100/patient/005,COph100,xfeat_h,True,False,16.0501931614183,0.01086307518411988
0d4eb00d27b198dc,COph100/005-1/005_F_GA41_BW3400_PA48_DG11_PF0_D1_S02_1__005_F_GA41_BW3400_PA52_DG11_PF0_D1_S03_5,COph100/patient/005,COph100,xfeat_tps,True,False,,2.1569845393483393
2fc56eb99917bab8,COph100/005/005_F_GA41_BW3400_PA45_DG11_PF0_D1_S01_8__005_F_GA41_BW3400_PA48_DG11_PF0_D1_S02_9,COph100/patient/005,COph100,sift_h,True,True,0.0,39433.720775861184
84cd45f3f54eabc2,COph100/005/005_F_GA41_BW3400_PA45_DG11_PF0_D1_S01_8__005_F_GA41_BW3400_PA48_DG11_PF0_D1_S02_9,COph100/patient/005,COph100,sp_lg_h,False,False,8.126320351078105,0.04011764753934791
ab2c25ba15e83013,COph100/005/005_F_GA41_BW3400_PA45_DG11_PF0_D1_S01_8__005_F_GA41_BW3400_PA48_DG11_PF0_D1_S02_9,COph100/patient/005,COph100,xfeat_h,False,False,78.90777277188678,0.0004584538386808942
578e1b13e578b322,COph100/005/005_F_GA41_BW3400_PA45_DG11_PF0_D1_S01_8__005_F_GA41_BW3400_PA48_DG11_PF0_D1_S02_9,COph100/patient/005,COph100,xfeat_tps,False,False,,7.746691710052685
55119f59dd616be5,COph100/005/005_F_GA41_BW3400_PA45_DG11_PF0_D1_S01_8__005_F_GA41_BW3400_PA52_DG11_PF0_D1_S03_2,COph100/patient/005,COph100,sift_h,True,False,233.44460837598007,5.223768309041101e-05
5b2ec9c7a9c9621a,COph100/005/005_F_GA41_BW3400_PA45_DG11_PF0_D1_S01_8__005_F_GA41_BW3400_PA52_DG11_PF0_D1_S03_2,COph100/patient/005,COph100,sp_lg_h,True,False,2.1133323516723768,0.5723367129720394
9285f645c7accfc3,COph100/005/005_F_GA41_BW3400_PA45_DG11_PF0_D1_S01_8__005_F_GA41_BW3400_PA52_DG11_PF0_D1_S03_2,COph100/patient/005,COph100,xfeat_h,True,False,28.576987863787053,0.0033947583355449324
46b099cb84c2874b,COph100/005/005_F_GA41_BW3400_PA45_DG11_PF0_D1_S01_8__005_F_GA41_BW3400_PA52_DG11_PF0_D1_S03_2,COph100/patient/005,COph100,xfeat_tps,True,False,,8.090483161538513
8891fc34892fce91,COph100/005/005_F_GA41_BW3400_PA48_DG11_PF0_D1_S02_9__005_F_GA41_BW3400_PA52_DG11_PF0_D1_S03_2,COph100/patient/005,COph100,sift_h,True,True,0.0,1250363116.0611591
8a3e0cb62b2c5fd1,COph100/005/005_F_GA41_BW3400_PA48_DG11_PF0_D1_S02_9__005_F_GA41_BW3400_PA52_DG11_PF0_D1_S03_2,COph100/patient/005,COph100,sp_lg_h,True,False,13.203513560686076,0.015119306809969844
1b9ba2649343a9ef,COph100/005/005_F_GA41_BW3400_PA48_DG11_PF0_D1_S02_9__005_F_GA41_BW3400_PA52_DG11_PF0_D1_S03_2,COph100/patient/005,COph100,xfeat_h,False,False,48.44986003563693,0.0011715506053273407
06ca3115dde4d770,COph100/005/005_F_GA41_BW3400_PA48_DG11_PF0_D1_S02_9__005_F_GA41_BW3400_PA52_DG11_PF0_D1_S03_2,COph100/patient/005,COph100,xfeat_tps,True,False,,7.773709590335944
09eb771419d695a2,COph100/007/007_F_GA31_BW950_PA33_DG11_PF0_D1_S01_1__007_F_GA31_BW950_PA35_DG11_PF0_D1_S02_6,COph100/patient/007,COph100,sift_h,True,False,6.892234236101975,0.056733539968609324
6861d0b19385ee2a,COph100/007/007_F_GA31_BW950_PA33_DG11_PF0_D1_S01_1__007_F_GA31_BW950_PA35_DG11_PF0_D1_S02_6,COph100/patient/007,COph100,sp_lg_h,True,False,14.466316906277326,0.012815574479449268
5dd0f4949ed950da,COph100/007/007_F_GA31_BW950_PA33_DG11_PF0_D1_S01_1__007_F_GA31_BW950_PA35_DG11_PF0_D1_S02_6,COph100/patient/007,COph100,xfeat_h,False,False,8.734734047686286,0.033900811925766286
dd73ef62aa8de426,COph100/007/007_F_GA31_BW950_PA33_DG11_PF0_D1_S01_1__007_F_GA31_BW950_PA35_DG11_PF0_D1_S02_6,COph100/patient/007,COph100,xfeat_tps,False,False,,6.990657742315337
712e19196fb66eee,COph100/007/007_F_GA31_BW950_PA33_DG11_PF0_D1_S01_1__007_F_GA31_BW950_PA37_DG11_PF0_D1_S03_5,COph100/patient/007,COph100,sift_h,True,False,64.8414358435669,0.0006866908700537311
8450b8aef384ca97,COph100/007/007_F_GA31_BW950_PA33_DG11_PF0_D1_S01_1__007_F_GA31_BW950_PA37_DG11_PF0_D1_S03_5,COph100/patient/007,COph100,sp_lg_h,True,False,5.430199207931545,0.08300418900745332
29f8ecaa2851dc3a,COph100/007/007_F_GA31_BW950_PA33_DG11_PF0_D1_S01_1__007_F_GA31_BW950_PA37_DG11_PF0_D1_S03_5,COph100/patient/007,COph100,xfeat_h,True,False,1.6723307996406305,0.6374481145976066
7854cea96d164ba9,COph100/007/007_F_GA31_BW950_PA33_DG11_PF0_D1_S01_1__007_F_GA31_BW950_PA37_DG11_PF0_D1_S03_5,COph100/patient/007,COph100,xfeat_tps,True,False,,5.137283613077598
51d2a1653847f8fa,COph100/007/007_F_GA31_BW950_PA35_DG11_PF0_D1_S02_6__007_F_GA31_BW950_PA37_DG11_PF0_D1_S03_5,COph100/patient/007,COph100,sift_h,True,False,2.790825977220191,0.34661879828993647
94fb53082ecfa718,COph100/007/007_F_GA31_BW950_PA35_DG11_PF0_D1_S02_6__007_F_GA31_BW950_PA37_DG11_PF0_D1_S03_5,COph100/patient/007,COph100,sp_lg_h,False,False,14.88530576835343,0.012258813026266802
cf17e111b9acbfde,COph100/007/007_F_GA31_BW950_PA35_DG11_PF0_D1_S02_6__007_F_GA31_BW950_PA37_DG11_PF0_D1_S03_5,COph100/patient/007,COph100,xfeat_h,True,False,6.144899126144644,0.06751914520252467
98ec56938a8b16d2,COph100/007/007_F_GA31_BW950_PA35_DG11_PF0_D1_S02_6__007_F_GA31_BW950_PA37_DG11_PF0_D1_S03_5,COph100/patient/007,COph100,xfeat_tps,False,False,,7.7142741458230315
af15cf64ab5de7a6,COph100/008-1/008_F_GA39_BW2700_PA40_DG11_PF0_D1_S01_10__008_F_GA39_BW2700_PA41_DG11_PF0_D1_S02_17,COph100/patient/008,COph100,sift_h,True,True,0.0,2965.0697679282407
0100c50c62ce4b5e,COph100/008-1/008_F_GA39_BW2700_PA40_DG11_PF0_D1_S01_10__008_F_GA39_BW2700_PA41_DG11_PF0_D1_S02_17,COph100/patient/008,COph100,sp_lg_h,False,False,34.09120376891151,0.0023914758105362194
d392b9c2dc56edc9,COph100/008-1/008_F_GA39_BW2700_PA40_DG11_PF0_D1_S01_10__008_F_GA39_BW2700_PA41_DG11_PF0_D1_S02_17,COph100/patient/008,COph100,xfeat_h,False,False,10.508338718380834,0.023994343914443772
4aec84e7b5f0dfab,COph100/008-1/008_F_GA39_BW2700_PA40_DG11_PF0_D1_S01_10__008_F_GA39_BW2700_PA41_DG11_PF0_D1_S02_17,COph100/patient/008,COph100,xfeat_tps,False,False,,8.741899006821896
d6170deb986733fd,COph100/008-1/008_F_GA39_BW2700_PA40_DG11_PF0_D1_S01_10__008_F_GA39_BW2700_PA43_DG11_PF0_D1_S03_8,COph100/patient/008,COph100,sift_h,True,True,0.0,45373010.657914005
02e7f9cd1531bae4,COph100/008-1/008_F_GA39_BW2700_PA40_DG11_PF0_D1_S01_10__008_F_GA39_BW2700_PA43_DG11_PF0_D1_S03_8,COph100/patient/008,COph100,sp_lg_h,True,False,2.656435788112965,0.22008027020889562
a9bb8e3c1033e494,COph100/008-1/008_F_GA39_BW2700_PA40_DG11_PF0_D1_S01_10__008_F_GA39_BW2700_PA43_DG11_PF0_D1_S03_8,COph100/patient/008,COph100,xfeat_h,True,False,2.500910909140698,0.42001480110463985
c5bbb88c2da60ed6,COph100/008-1/008_F_GA39_BW2700_PA40_DG11_PF0_D1_S01_10__008_F_GA39_BW2700_PA43_DG11_PF0_D1_S03_8,COph100/patient/008,COph100,xfeat_tps,False,False,,4.047533594491533
ea63169839a5659f,COph100/008-1/008_F_GA39_BW2700_PA40_DG11_PF0_D1_S01_10__008_F_GA39_BW2700_PA47_DG11_PF0_D1_S04_2,COph100/patient/008,COph100,sift_h,True,True,0.0,523956726.40919733
b7ee2cdbff430f78,COph100/008-1/008_F_GA39_BW2700_PA40_DG11_PF0_D1_S01_10__008_F_GA39_BW2700_PA47_DG11_PF0_D1_S04_2,COph100/patient/008,COph100,sp_lg_h,False,False,7.469309453130374,0.04465010647386545
8b27f28f22fe7ba3,COph100/008-1/008_F_GA39_BW2700_PA40_DG11_PF0_D1_S01_10__008_F_GA39_BW2700_PA47_DG11_PF0_D1_S04_2,COph100/patient/008,COph100,xfeat_h,True,False,3.548488816572452,0.18547090382388948
ad909d02cfc11f85,COph100/008-1/008_F_GA39_BW2700_PA40_DG11_PF0_D1_S01_10__008_F_GA39_BW2700_PA47_DG11_PF0_D1_S04_2,COph100/patient/008,COph100,xfeat_tps,False,False,,6.355561744673596
f25865706953abbd,COph100/008-1/008_F_GA39_BW2700_PA41_DG11_PF0_D1_S02_17__008_F_GA39_BW2700_PA43_DG11_PF0_D1_S03_8,COph100/patient/008,COph100,sp_lg_h,True,False,8.460741069640248,0.03177247034040298
b2b13cfec5f81a2b,COph100/008-1/008_F_GA39_BW2700_PA41_DG11_PF0_D1_S02_17__008_F_GA39_BW2700_PA43_DG11_PF0_D1_S03_8,COph100/patient/008,COph100,xfeat_h,True,False,3.201010893274119,0.275761600225728
757fb5c60a23827f,COph100/008-1/008_F_GA39_BW2700_PA41_DG11_PF0_D1_S02_17__008_F_GA39_BW2700_PA43_DG11_PF0_D1_S03_8,COph100/patient/008,COph100,xfeat_tps,True,False,,3.569201438973396
de8a3bb403c8fbcd,COph100/008-1/008_F_GA39_BW2700_PA41_DG11_PF0_D1_S02_17__008_F_GA39_BW2700_PA47_DG11_PF0_D1_S04_2,COph100/patient/008,COph100,sift_h,True,True,0.0,1355145.2100942938
3a8dc3833e474f67,COph100/008-1/008_F_GA39_BW2700_PA41_DG11_PF0_D1_S02_17__008_F_GA39_BW2700_PA47_DG11_PF0_D1_S04_2,COph100/patient/008,COph100,sp_lg_h,False,False,24.050250870043353,0.004320949778832542
1540f55f8f923502,COph100/008-1/008_F_GA39_BW2700_PA41_DG11_PF0_D1_S02_17__008_F_GA39_BW2700_PA47_DG11_PF0_D1_S04_2,COph100/patient/008,COph100,xfeat_h,True,False,1.9169043034563562,0.6687782649966829
0f69f167027d5be2,COph100/008-1/008_F_GA39_BW2700_PA41_DG11_PF0_D1_S02_17__008_F_GA39_BW2700_PA47_DG11_PF0_D1_S04_2,COph100/patient/008,COph100,xfeat_tps,False,False,,10.131028394094795
405e70508489c616,COph100/008-1/008_F_GA39_BW2700_PA43_DG11_PF0_D1_S03_8__008_F_GA39_BW2700_PA47_DG11_PF0_D1_S04_2,COph100/patient/008,COph100,sift_h,True,False,4.99010235004019,0.09957188645455031
7823dd0e65f1da9b,COph100/008-1/008_F_GA39_BW2700_PA43_DG11_PF0_D1_S03_8__008_F_GA39_BW2700_PA47_DG11_PF0_D1_S04_2,COph100/patient/008,COph100,sp_lg_h,True,False,0.7450023702739157,6.870634904269586
238f476cc28d4e14,COph100/008-1/008_F_GA39_BW2700_PA43_DG11_PF0_D1_S03_8__008_F_GA39_BW2700_PA47_DG11_PF0_D1_S04_2,COph100/patient/008,COph100,xfeat_h,True,False,1.5275023784255168,1.076510880078493
43630ee52bda3eb7,COph100/008-1/008_F_GA39_BW2700_PA43_DG11_PF0_D1_S03_8__008_F_GA39_BW2700_PA47_DG11_PF0_D1_S04_2,COph100/patient/008,COph100,xfeat_tps,False,False,,3.4195159026181017
d572fc77b918217e,COph100/008/008_F_GA39_BW2700_PA40_DG11_PF0_D1_S01_6__008_F_GA39_BW2700_PA41_DG11_PF0_D1_S02_28,COph100/patient/008,COph100,sift_h,True,False,7.763976235587864,0.03968038481150057
80014d25261e3d63,COph100/008/008_F_GA39_BW2700_PA40_DG11_PF0_D1_S01_6__008_F_GA39_BW2700_PA41_DG11_PF0_D1_S02_28,COph100/patient/008,COph100,sp_lg_h,False,False,16.2769332888279,0.00933920368581479
b16749ebf60f7cdf,COph100/008/008_F_GA39_BW2700_PA40_DG11_PF0_D1_S01_6__008_F_GA39_BW2700_PA41_DG11_PF0_D1_S02_28,COph100/patient/008,COph100,xfeat_h,False,False,34.66777243866354,0.002165580743131121
1ddeffdb121e7afa,COph100/008/008_F_GA39_BW2700_PA40_DG11_PF0_D1_S01_6__008_F_GA39_BW2700_PA41_DG11_PF0_D1_S02_28,COph100/patient/008,COph100,xfeat_tps,False,False,,12.013116089404509
427004123fa0e25a,COph100/008/008_F_GA39_BW2700_PA40_DG11_PF0_D1_S01_6__008_F_GA39_BW2700_PA43_DG11_PF0_D1_S03_14,COph100/patient/008,COph100,sp_lg_h,False,False,34.3777318864823,0.0020834403734265004
bfae1b5f236a6663,COph100/008/008_F_GA39_BW2700_PA40_DG11_PF0_D1_S01_6__008_F_GA39_BW2700_PA43_DG11_PF0_D1_S03_14,COph100/patient/008,COph100,xfeat_h,False,False,6.996214651408894,0.04371133785964905
5b62649afa1e8028,COph100/008/008_F_GA39_BW2700_PA40_DG11_PF0_D1_S01_6__008_F_GA39_BW2700_PA43_DG11_PF0_D1_S03_14,COph100/patient/008,COph100,xfeat_tps,False,False,,11.653481833988907
faa2153b022e2117,COph100/008/008_F_GA39_BW2700_PA40_DG11_PF0_D1_S01_6__008_F_GA39_BW2700_PA47_DG11_PF0_D1_S04_8,COph100/patient/008,COph100,sp_lg_h,True,False,2.5905687974109917,0.2278575686484377
ff9474f5963f3e0d,COph100/008/008_F_GA39_BW2700_PA40_DG11_PF0_D1_S01_6__008_F_GA39_BW2700_PA47_DG11_PF0_D1_S04_8,COph100/patient/008,COph100,xfeat_h,True,False,3.9668547672810806,0.14030053294823752
062ebc83b92f5d52,COph100/008/008_F_GA39_BW2700_PA40_DG11_PF0_D1_S01_6__008_F_GA39_BW2700_PA47_DG11_PF0_D1_S04_8,COph100/patient/008,COph100,xfeat_tps,True,False,,5.801310574088715
b753c5b9c1f2474e,COph100/008/008_F_GA39_BW2700_PA41_DG11_PF0_D1_S02_28__008_F_GA39_BW2700_PA43_DG11_PF0_D1_S03_14,COph100/patient/008,COph100,sift_h,True,True,0.0,9778739.836030712
bfb4d2f2c306f2cc,COph100/008/008_F_GA39_BW2700_PA41_DG11_PF0_D1_S02_28__008_F_GA39_BW2700_PA43_DG11_PF0_D1_S03_14,COph100/patient/008,COph100,sp_lg_h,False,False,76.17261019472477,0.0004883621100149488
4afb6446ed747439,COph100/008/008_F_GA39_BW2700_PA41_DG11_PF0_D1_S02_28__008_F_GA39_BW2700_PA43_DG11_PF0_D1_S03_14,COph100/patient/008,COph100,xfeat_h,False,False,13.242962274644416,0.015623151640721743
f82f1dd08bfccdce,COph100/008/008_F_GA39_BW2700_PA41_DG11_PF0_D1_S02_28__008_F_GA39_BW2700_PA43_DG11_PF0_D1_S03_14,COph100/patient/008,COph100,xfeat_tps,False,False,,10.214230546843964
cdc44a40147f2962,COph100/008/008_F_GA39_BW2700_PA41_DG11_PF0_D1_S02_28__008_F_GA39_BW2700_PA47_DG11_PF0_D1_S04_8,COph100/patient/008,COph100,sift_h,True,True,0.0,21362916.1427612
3bcea9ccde8044b6,COph100/008/008_F_GA39_BW2700_PA41_DG11_PF0_D1_S02_28__008_F_GA39_BW2700_PA47_DG11_PF0_D1_S04_8,COph100/patient/008,COph100,sp_lg_h,False,False,7.8988912482095435,0.035261135653319176
659ab6c25952cb2a,COph100/008/008_F_GA39_BW2700_PA41_DG11_PF0_D1_S02_28__008_F_GA39_BW2700_PA47_DG11_PF0_D1_S04_8,COph100/patient/008,COph100,xfeat_h,False,False,6.646548117141934,0.04734764848605395
39a055b13f983927,COph100/008/008_F_GA39_BW2700_PA41_DG11_PF0_D1_S02_28__008_F_GA39_BW2700_PA47_DG11_PF0_D1_S04_8,COph100/patient/008,COph100,xfeat_tps,False,False,,11.33676734816024
b406577e094a92f3,COph100/008/008_F_GA39_BW2700_PA43_DG11_PF0_D1_S03_14__008_F_GA39_BW2700_PA47_DG11_PF0_D1_S04_8,COph100/patient/008,COph100,sift_h,True,True,0.0,5137312.180416885
87745d6255eb3d56,COph100/008/008_F_GA39_BW2700_PA43_DG11_PF0_D1_S03_14__008_F_GA39_BW2700_PA47_DG11_PF0_D1_S04_8,COph100/patient/008,COph100,sp_lg_h,False,False,10.530246230053136,0.022931265612545403
43c9fe72a488e18d,COph100/008/008_F_GA39_BW2700_PA43_DG11_PF0_D1_S03_14__008_F_GA39_BW2700_PA47_DG11_PF0_D1_S04_8,COph100/patient/008,COph100,xfeat_h,False,False,3.8545829317003792,0.1287188136593903
496416208138ef55,COph100/008/008_F_GA39_BW2700_PA43_DG11_PF0_D1_S03_14__008_F_GA39_BW2700_PA47_DG11_PF0_D1_S04_8,COph100/patient/008,COph100,xfeat_tps,False,False,,9.626170201344305
906cf67b973818fe,COph100/009-1/009_M_GA38_BW2850_PA39_DG11_PF0_D1_S01_4__009_M_GA38_BW2850_PA42_DG11_PF0_D1_S02_1,COph100/patient/009,COph100,sift_h,True,True,0.0,25704120.388580114
ef2751e8e57aa35e,COph100/009-1/009_M_GA38_BW2850_PA39_DG11_PF0_D1_S01_4__009_M_GA38_BW2850_PA42_DG11_PF0_D1_S02_1,COph100/patient/009,COph100,sp_lg_h,True,False,10.563173296539341,0.0234579428745227
b976c4dfb6c55cd3,COph100/009-1/009_M_GA38_BW2850_PA39_DG11_PF0_D1_S01_4__009_M_GA38_BW2850_PA42_DG11_PF0_D1_S02_1,COph100/patient/009,COph100,xfeat_h,True,False,7.346517479674988,0.047648798317508914
eddef5580941843b,COph100/009-1/009_M_GA38_BW2850_PA39_DG11_PF0_D1_S01_4__009_M_GA38_BW2850_PA42_DG11_PF0_D1_S02_1,COph100/patient/009,COph100,xfeat_tps,True,False,,8.78027448655506
700371e1de67e334,COph100/009/009_M_GA38_BW2850_PA39_DG11_PF0_D1_S01_7__009_M_GA38_BW2850_PA42_DG11_PF0_D1_S02_2,COph100/patient/009,COph100,sp_lg_h,False,False,74.17897789928058,0.00046942543876255785
a4e9ee14d78da81b,COph100/009/009_M_GA38_BW2850_PA39_DG11_PF0_D1_S01_7__009_M_GA38_BW2850_PA42_DG11_PF0_D1_S02_2,COph100/patient/009,COph100,xfeat_h,False,False,63.26482172747032,0.0006379252054773008
ab6e1ce012928eae,COph100/009/009_M_GA38_BW2850_PA39_DG11_PF0_D1_S01_7__009_M_GA38_BW2850_PA42_DG11_PF0_D1_S02_2,COph100/patient/009,COph100,xfeat_tps,True,False,,10.691747923217948
d9824507715549e5,COph100/010/010_M_GA39_BW3550_PA39_DG11_PF0_D1_S01_2__010_M_GA39_BW3550_PA45_DG11_PF0_D1_S02_6,COph100/patient/010,COph100,sift_h,True,True,0.0,1972694505.390258
0f251146c0826970,COph100/010/010_M_GA39_BW3550_PA39_DG11_PF0_D1_S01_2__010_M_GA39_BW3550_PA45_DG11_PF0_D1_S02_6,COph100/patient/010,COph100,sp_lg_h,True,False,1.6744981198131534,0.5480964347463924
cf7d6f73391165ea,COph100/010/010_M_GA39_BW3550_PA39_DG11_PF0_D1_S01_2__010_M_GA39_BW3550_PA45_DG11_PF0_D1_S02_6,COph100/patient/010,COph100,xfeat_h,True,False,5.336731331747008,0.07570481991930811
0b3f83f8aa90d6b8,COph100/010/010_M_GA39_BW3550_PA39_DG11_PF0_D1_S01_2__010_M_GA39_BW3550_PA45_DG11_PF0_D1_S02_6,COph100/patient/010,COph100,xfeat_tps,True,False,,7.356505423183917
8ba58f3bd0a35ed7,COph100/010/010_M_GA39_BW3550_PA39_DG11_PF0_D1_S01_2__010_M_GA39_BW3550_PA50_DG11_PF0_D1_S03_3,COph100/patient/010,COph100,sift_h,True,True,0.0,76330.51087756945
7ef4425a67b8409b,COph100/010/010_M_GA39_BW3550_PA39_DG11_PF0_D1_S01_2__010_M_GA39_BW3550_PA50_DG11_PF0_D1_S03_3,COph100/patient/010,COph100,sp_lg_h,True,False,0.03100472622084264,11710.516661217052
3b33044a00dd0745,COph100/010/010_M_GA39_BW3550_PA39_DG11_PF0_D1_S01_2__010_M_GA39_BW3550_PA50_DG11_PF0_D1_S03_3,COph100/patient/010,COph100,xfeat_h,True,False,0.5924063003633101,5.419484692087181
b0d96dd7a6f513de,COph100/010/010_M_GA39_BW3550_PA39_DG11_PF0_D1_S01_2__010_M_GA39_BW3550_PA50_DG11_PF0_D1_S03_3,COph100/patient/010,COph100,xfeat_tps,True,False,,5.317713340193108
9bba2e7efd3af6c6,COph100/010/010_M_GA39_BW3550_PA39_DG11_PF0_D1_S01_2__010_M_GA39_BW3550_PA53_DG11_PF0_D1_S04_7,COph100/patient/010,COph100,sift_h,True,True,0.0,270132247.9744861
1480f8697b390969,COph100/010/010_M_GA39_BW3550_PA39_DG11_PF0_D1_S01_2__010_M_GA39_BW3550_PA53_DG11_PF0_D1_S04_7,COph100/patient/010,COph100,sp_lg_h,True,False,2.363029143434523,0.24872613488483053
06336669fc2cbb48,COph100/010/010_M_GA39_BW3550_PA39_DG11_PF0_D1_S01_2__010_M_GA39_BW3550_PA53_DG11_PF0_D1_S04_7,COph100/patient/010,COph100,xfeat_h,True,False,1.2802775922660485,1.2713443753974363
f53f42cf6f7b64f3,COph100/010/010_M_GA39_BW3550_PA39_DG11_PF0_D1_S01_2__010_M_GA39_BW3550_PA53_DG11_PF0_D1_S04_7,COph100/patient/010,COph100,xfeat_tps,True,False,,7.571201637249076
af4fd22fba04f3d7,COph100/010/010_M_GA39_BW3550_PA39_DG11_PF0_D1_S01_2__010_M_GA39_BW3550_PA60_DG11_PF0_D1_S05_3,COph100/patient/010,COph100,sift_h,True,True,0.0,3228.824464734698
8f703cb5253b179e,COph100/010/010_M_GA39_BW3550_PA39_DG11_PF0_D1_S01_2__010_M_GA39_BW3550_PA60_DG11_PF0_D1_S05_3,COph100/patient/010,COph100,sp_lg_h,True,False,1.3663256376746085,0.6931674892357194
bfb344badca19656,COph100/010/010_M_GA39_BW3550_PA39_DG11_PF0_D1_S01_2__010_M_GA39_BW3550_PA60_DG11_PF0_D1_S05_3,COph100/patient/010,COph100,xfeat_h,True,False,1.0253532144836988,1.500097390913054
e70e960bf224ae57,COph100/010/010_M_GA39_BW3550_PA39_DG11_PF0_D1_S01_2__010_M_GA39_BW3550_PA60_DG11_PF0_D1_S05_3,COph100/patient/010,COph100,xfeat_tps,True,False,,6.290201334807599
e8a81d96e0f69117,COph100/010/010_M_GA39_BW3550_PA45_DG11_PF0_D1_S02_6__010_M_GA39_BW3550_PA50_DG11_PF0_D1_S03_3,COph100/patient/010,COph100,sp_lg_h,True,False,19.93748692141271,0.006306739690396295
6aa684880cb0c176,COph100/010/010_M_GA39_BW3550_PA45_DG11_PF0_D1_S02_6__010_M_GA39_BW3550_PA50_DG11_PF0_D1_S03_3,COph100/patient/010,COph100,xfeat_h,True,False,1.4843176118144668,1.0093381406124258
3cef292b69e17efd,COph100/010/010_M_GA39_BW3550_PA45_DG11_PF0_D1_S02_6__010_M_GA39_BW3550_PA50_DG11_PF0_D1_S03_3,COph100/patient/010,COph100,xfeat_tps,False,False,,4.094480598433135
94037c6d2e604476,COph100/010/010_M_GA39_BW3550_PA45_DG11_PF0_D1_S02_6__010_M_GA39_BW3550_PA53_DG11_PF0_D1_S04_7,COph100/patient/010,COph100,sift_h,True,False,0.13691842460800574,4.037940193639257
6f0344273ab80079,COph100/010/010_M_GA39_BW3550_PA45_DG11_PF0_D1_S02_6__010_M_GA39_BW3550_PA53_DG11_PF0_D1_S04_7,COph100/patient/010,COph100,sp_lg_h,False,False,9.53415510755574,0.026659738354231084
a1fa12d16fe795e0,COph100/010/010_M_GA39_BW3550_PA45_DG11_PF0_D1_S02_6__010_M_GA39_BW3550_PA53_DG11_PF0_D1_S04_7,COph100/patient/010,COph100,xfeat_h,False,False,19.79931005783616,0.006379559593521304
dab63cdee221cfdb,COph100/010/010_M_GA39_BW3550_PA45_DG11_PF0_D1_S02_6__010_M_GA39_BW3550_PA53_DG11_PF0_D1_S04_7,COph100/patient/010,COph100,xfeat_tps,False,False,,11.560736767759295
92ea04ef575e3b06,COph100/010/010_M_GA39_BW3550_PA45_DG11_PF0_D1_S02_6__010_M_GA39_BW3550_PA60_DG11_PF0_D1_S05_3,COph100/patient/010,COph100,sp_lg_h,True,False,2.7916426190439503,0.2413974161000882
0bbbae40d740dfd4,COph100/010/010_M_GA39_BW3550_PA45_DG11_PF0_D1_S02_6__010_M_GA39_BW3550_PA60_DG11_PF0_D1_S05_3,COph100/patient/010,COph100,xfeat_h,True,False,2.4691173223755665,0.32739563886777623
a767c3d3bbf68918,COph100/010/010_M_GA39_BW3550_PA45_DG11_PF0_D1_S02_6__010_M_GA39_BW3550_PA60_DG11_PF0_D1_S05_3,COph100/patient/010,COph100,xfeat_tps,False,False,,6.035844969509677
fb1259e291bfb4a7,COph100/010/010_M_GA39_BW3550_PA50_DG11_PF0_D1_S03_3__010_M_GA39_BW3550_PA53_DG11_PF0_D1_S04_7,COph100/patient/010,COph100,sift_h,True,True,0.0,2853825.022519239
64736ec741616fea,COph100/010/010_M_GA39_BW3550_PA50_DG11_PF0_D1_S03_3__010_M_GA39_BW3550_PA53_DG11_PF0_D1_S04_7,COph100/patient/010,COph100,sp_lg_h,False,False,30.93883323862048,0.0028099267354585074
f62cb67c09abf33b,COph100/010/010_M_GA39_BW3550_PA50_DG11_PF0_D1_S03_3__010_M_GA39_BW3550_PA53_DG11_PF0_D1_S04_7,COph100/patient/010,COph100,xfeat_h,True,False,5.069944677643209,0.08487478397666423
56267865cec48122,COph100/010/010_M_GA39_BW3550_PA50_DG11_PF0_D1_S03_3__010_M_GA39_BW3550_PA53_DG11_PF0_D1_S04_7,COph100/patient/010,COph100,xfeat_tps,False,False,,4.346299951225419
c8aef9b1f8ddb868,COph100/010/010_M_GA39_BW3550_PA50_DG11_PF0_D1_S03_3__010_M_GA39_BW3550_PA60_DG11_PF0_D1_S05_3,COph100/patient/010,COph100,sift_h,True,True,0.0,17058370.18829693
3310eb9feb37baa9,COph100/010/010_M_GA39_BW3550_PA50_DG11_PF0_D1_S03_3__010_M_GA39_BW3550_PA60_DG11_PF0_D1_S05_3,COph100/patient/010,COph100,sp_lg_h,True,False,3.4468706150283213,0.19847992794085273
ad2242592db4ceae,COph100/010/010_M_GA39_BW3550_PA50_DG11_PF0_D1_S03_3__010_M_GA39_BW3550_PA60_DG11_PF0_D1_S05_3,COph100/patient/010,COph100,xfeat_h,True,False,0.8945412875189303,2.999654028014208
1be9fd223ca67ea7,COph100/010/010_M_GA39_BW3550_PA50_DG11_PF0_D1_S03_3__010_M_GA39_BW3550_PA60_DG11_PF0_D1_S05_3,COph100/patient/010,COph100,xfeat_tps,False,False,,2.886446145844818
dc1407cd89bc417c,COph100/010/010_M_GA39_BW3550_PA53_DG11_PF0_D1_S04_7__010_M_GA39_BW3550_PA60_DG11_PF0_D1_S05_3,COph100/patient/010,COph100,sift_h,True,True,0.0,20.697925933240946
326a0eef546e789b,COph100/010/010_M_GA39_BW3550_PA53_DG11_PF0_D1_S04_7__010_M_GA39_BW3550_PA60_DG11_PF0_D1_S05_3,COph100/patient/010,COph100,sp_lg_h,True,False,2.934093078880109,0.2732724016576856
c7234f0c4cd6a42a,COph100/010/010_M_GA39_BW3550_PA53_DG11_PF0_D1_S04_7__010_M_GA39_BW3550_PA60_DG11_PF0_D1_S05_3,COph100/patient/010,COph100,xfeat_h,False,False,5.135646102813275,0.08785764053762204
8ce916c8d7a5e212,COph100/010/010_M_GA39_BW3550_PA53_DG11_PF0_D1_S04_7__010_M_GA39_BW3550_PA60_DG11_PF0_D1_S05_3,COph100/patient/010,COph100,xfeat_tps,False,False,,5.097254221361835
6fc2500aa78a697b,COph100/011-1/011_M_GA40_BW3510_PA72_DG10_PF0_D1_S01_9__011_M_GA40_BW3510_PA113_DG10_PF0_D1_S03_12,COph100/patient/011,COph100,sift_h,True,True,0.0,35177.813727399836
e0f78ad675942e83,COph100/011-1/011_M_GA40_BW3510_PA72_DG10_PF0_D1_S01_9__011_M_GA40_BW3510_PA113_DG10_PF0_D1_S03_12,COph100/patient/011,COph100,sp_lg_h,False,False,3.311717171163426,0.24489755600722532
76268f3a56ca872e,COph100/011-1/011_M_GA40_BW3510_PA72_DG10_PF0_D1_S01_9__011_M_GA40_BW3510_PA113_DG10_PF0_D1_S03_12,COph100/patient/011,COph100,xfeat_h,True,False,4.747898026412037,0.11122644996022077
9968b3caad961edc,COph100/011-1/011_M_GA40_BW3510_PA72_DG10_PF0_D1_S01_9__011_M_GA40_BW3510_PA113_DG10_PF0_D1_S03_12,COph100/patient/011,COph100,xfeat_tps,False,False,,3.513219347398243
3431233924bab717,COph100/011-1/011_M_GA40_BW3510_PA72_DG10_PF0_D1_S01_9__011_M_GA40_BW3510_PA89_DG10_PF0_D1_S02_3,COph100/patient/011,COph100,sift_h,True,False,3.0070685066037957,0.2462354159023673
a40ea95a0804d276,COph100/011-1/011_M_GA40_BW3510_PA72_DG10_PF0_D1_S01_9__011_M_GA40_BW3510_PA89_DG10_PF0_D1_S02_3,COph100/patient/011,COph100,sp_lg_h,False,False,7.942287832976119,0.043545455336205324
dcab660c26ac83fb,COph100/011-1/011_M_GA40_BW3510_PA72_DG10_PF0_D1_S01_9__011_M_GA40_BW3510_PA89_DG10_PF0_D1_S02_3,COph100/patient/011,COph100,xfeat_h,True,False,0.1510099002821047,325.00934027783336
b08fcada045d4fe6,COph100/011-1/011_M_GA40_BW3510_PA72_DG10_PF0_D1_S01_9__011_M_GA40_BW3510_PA89_DG10_PF0_D1_S02_3,COph100/patient/011,COph100,xfeat_tps,True,False,,1.574444463804844
43967e55ca6c9551,COph100/011-1/011_M_GA40_BW3510_PA89_DG10_PF0_D1_S02_3__011_M_GA40_BW3510_PA113_DG10_PF0_D1_S03_12,COph100/patient/011,COph100,sift_h,True,False,0.2538741873928365,31.94930805655944
1d9f5258120662f9,COph100/011-1/011_M_GA40_BW3510_PA89_DG10_PF0_D1_S02_3__011_M_GA40_BW3510_PA113_DG10_PF0_D1_S03_12,COph100/patient/011,COph100,sp_lg_h,False,False,3.0886603670923187,0.27323468490455993
3d3af9678d4d2e64,COph100/011-1/011_M_GA40_BW3510_PA89_DG10_PF0_D1_S02_3__011_M_GA40_BW3510_PA113_DG10_PF0_D1_S03_12,COph100/patient/011,COph100,xfeat_h,True,False,2.4838220230026757,0.42223321330820063
b6971dff3266a243,COph100/011-1/011_M_GA40_BW3510_PA89_DG10_PF0_D1_S02_3__011_M_GA40_BW3510_PA113_DG10_PF0_D1_S03_12,COph100/patient/011,COph100,xfeat_tps,False,False,,4.386905594236873
17f852598213b731,COph100/011/011_M_GA40_BW3510_PA72_DG10_PF0_D1_S01_1__011_M_GA40_BW3510_PA113_DG10_PF0_D1_S03_2,COph100/patient/011,COph100,sift_h,True,True,0.0,4.540086557836264
af22fbea237ac856,COph100/011/011_M_GA40_BW3510_PA72_DG10_PF0_D1_S01_1__011_M_GA40_BW3510_PA113_DG10_PF0_D1_S03_2,COph100/patient/011,COph100,sp_lg_h,True,False,1.8388738107078937,0.7503959105425888
31b79da57feeb50a,COph100/011/011_M_GA40_BW3510_PA72_DG10_PF0_D1_S01_1__011_M_GA40_BW3510_PA113_DG10_PF0_D1_S03_2,COph100/patient/011,COph100,xfeat_h,True,False,2.149761795559258,0.4829014587099367
275bfa894f144ea3,COph100/011/011_M_GA40_BW3510_PA72_DG10_PF0_D1_S01_1__011_M_GA40_BW3510_PA113_DG10_PF0_D1_S03_2,COph100/patient/011,COph100,xfeat_tps,False,False,,3.0266464224418157
a86181c3ab5202cd,COph100/011/011_M_GA40_BW3510_PA72_DG10_PF0_D1_S01_1__011_M_GA40_BW3510_PA89_DG10_PF0_D1_S02_14,COph100/patient/011,COph100,sift_h,True,True,0.0,537.1381642767751
4064f95e3781b157,COph100/011/011_M_GA40_BW3510_PA72_DG10_PF0_D1_S01_1__011_M_GA40_BW3510_PA89_DG10_PF0_D1_S02_14,COph100/patient/011,COph100,sp_lg_h,True,False,3.621398743770885,0.18462869745494215
d0530e865361a543,COph100/011/011_M_GA40_BW3510_PA72_DG10_PF0_D1_S01_1__011_M_GA40_BW3510_PA89_DG10_PF0_D1_S02_14,COph100/patient/011,COph100,xfeat_h,True,False,0.42287817200368844,16.27559565901869
1da211ab20cdfe31,COph100/011/011_M_GA40_BW3510_PA72_DG10_PF0_D1_S01_1__011_M_GA40_BW3510_PA89_DG10_PF0_D1_S02_14,COph100/patient/011,COph100,xfeat_tps,True,False,,1.7045420365077804
0c000ca026f94145,COph100/011/011_M_GA40_BW3510_PA89_DG10_PF0_D1_S02_14__011_M_GA40_BW3510_PA113_DG10_PF0_D1_S03_2,COph100/patient/011,COph100,sp_lg_h,True,False,4.9734606114864865,0.08847033387878558
d97e7d2eaea28599,COph100/011/011_M_GA40_BW3510_PA89_DG10_PF0_D1_S02_14__011_M_GA40_BW3510_PA113_DG10_PF0_D1_S03_2,COph100/patient/011,COph100,xfeat_h,True,False,4.731218441917931,0.11241906730698688
2bbc90ee656d3db3,COph100/011/011_M_GA40_BW3510_PA89_DG10_PF0_D1_S02_14__011_M_GA40_BW3510_PA113_DG10_PF0_D1_S03_2,COph100/patient/011,COph100,xfeat_tps,True,False,,5.966285061090725
9eda4a657fdc90b8,COph100/012-1/012_M_GA36_BW2210_PA37_DG11_PF0_D1_S01_4__012_M_GA36_BW2210_PA41_DG11_PF0_D1_S02_7,COph100/patient/012,COph100,sift_h,True,True,0.0,21896418.314307652
a716b96f1597c4d7,COph100/012-1/012_M_GA36_BW2210_PA37_DG11_PF0_D1_S01_4__012_M_GA36_BW2210_PA41_DG11_PF0_D1_S02_7,COph100/patient/012,COph100,sp_lg_h,True,False,1.558696795012398,0.7687649711740088
f083e7b639ebae54,COph100/012-1/012_M_GA36_BW2210_PA37_DG11_PF0_D1_S01_4__012_M_GA36_BW2210_PA41_DG11_PF0_D1_S02_7,COph100/patient/012,COph100,xfeat_h,True,False,1.956026653778609,0.5100902879374749
43b5b6b5839b140e,COph100/012-1/012_M_GA36_BW2210_PA37_DG11_PF0_D1_S01_4__012_M_GA36_BW2210_PA41_DG11_PF0_D1_S02_7,COph100/patient/012,COph100,xfeat_tps,False,False,,7.301525495925867
5923793fea20b594,COph100/012/012_M_GA36_BW2210_PA37_DG11_PF0_D1_S01_1__012_M_GA36_BW2210_PA41_DG11_PF0_D1_S02_2,COph100/patient/012,COph100,sift_h,True,False,7.323181696769008,0.09805230303417412
0ac2c481de20449f,COph100/012/012_M_GA36_BW2210_PA37_DG11_PF0_D1_S01_1__012_M_GA36_BW2210_PA41_DG11_PF0_D1_S02_2,COph100/patient/012,COph100,sp_lg_h,False,False,43.935533717057744,0.0012697627774313235
39f75e88f1e7637d,COph100/012/012_M_GA36_BW2210_PA37_DG11_PF0_D1_S01_1__012_M_GA36_BW2210_PA41_DG11_PF0_D1_S02_2,COph100/patient/012,COph100,xfeat_h,True,False,9.367192831613345,0.026120153856483756
29070e3f2e5b8e58,COph100/012/012_M_GA36_BW2210_PA37_DG11_PF0_D1_S01_1__012_M_GA36_BW2210_PA41_DG11_PF0_D1_S02_2,COph100/patient/012,COph100,xfeat_tps,False,False,,11.66257252476552
382c1a81353af43a,COph100/013-1/013_F_GA39_BW3390_PA40_DG11_PF0_D1_S01_9__013_F_GA39_BW3390_PA42_DG11_PF0_D1_S02_6,COph100/patient/013,COph100,sift_h,True,True,0.0,1445.2507358735504
320b19d82e51363c,COph100/013-1/013_F_GA39_BW3390_PA40_DG11_PF0_D1_S01_9__013_F_GA39_BW3390_PA42_DG11_PF0_D1_S02_6,COph100/patient/013,COph100,sp_lg_h,True,False,10.559262824779957,0.023179513650829372
6ce2a681a021980e,COph100/013-1/013_F_GA39_BW3390_PA40_DG11_PF0_D1_S01_9__013_F_GA39_BW3390_PA42_DG11_PF0_D1_S02_6,COph100/patient/013,COph100,xfeat_h,True,False,2.172779394099265,0.5824852203342612
e51ca7d985025248,COph100/013-1/013_F_GA39_BW3390_PA40_DG11_PF0_D1_S01_9__013_F_GA39_BW3390_PA42_DG11_PF0_D1_S02_6,COph100/patient/013,COph100,xfeat_tps,True,False,,4.369218432761338
431d314c703234d3,COph100/013-1/013_F_GA39_BW3390_PA40_DG11_PF0_D1_S01_9__013_F_GA39_BW3390_PA45_DG11_PF0_D1_S03_19,COph100/patient/013,COph100,sp_lg_h,True,False,20.248663484521256,0.0068365444571112065
b356e3b617a5e7bf,COph100/013-1/013_F_GA39_BW3390_PA40_DG11_PF0_D1_S01_9__013_F_GA39_BW3390_PA45_DG11_PF0_D1_S03_19,COph100/patient/013,COph100,xfeat_h,False,False,1.9411002008487401,0.6157232786303459
01ffc6d23edfc12a,COph100/013-1/013_F_GA39_BW3390_PA40_DG11_PF0_D1_S01_9__013_F_GA39_BW3390_PA45_DG11_PF0_D1_S03_19,COph100/patient/013,COph100,xfeat_tps,True,False,,4.205683470725868
cc0b109114b1c565,COph100/013-1/013_F_GA39_BW3390_PA42_DG11_PF0_D1_S02_6__013_F_GA39_BW3390_PA45_DG11_PF0_D1_S03_19,COph100/patient/013,COph100,sp_lg_h,False,False,4.518678094590225,0.10956271318850357
291ecd7075033eb8,COph100/013-1/013_F_GA39_BW3390_PA42_DG11_PF0_D1_S02_6__013_F_GA39_BW3390_PA45_DG11_PF0_D1_S03_19,COph100/patient/013,COph100,xfeat_h,False,False,7.808157309843395,0.041869028439917466
299f5c242054b2a8,COph100/013-1/013_F_GA39_BW3390_PA42_DG11_PF0_D1_S02_6__013_F_GA39_BW3390_PA45_DG11_PF0_D1_S03_19,COph100/patient/013,COph100,xfeat_tps,False,False,,5.808795286932723
4eb84d46204a7a37,COph100/013/013_F_GA39_BW3390_PA40_DG11_PF0_D1_S01_4__013_F_GA39_BW3390_PA42_DG11_PF0_D1_S02_14,COph100/patient/013,COph100,sift_h,True,True,0.0,315454396918.07574
3360167c3322046c,COph100/013/013_F_GA39_BW3390_PA40_DG11_PF0_D1_S01_4__013_F_GA39_BW3390_PA42_DG11_PF0_D1_S02_14,COph100/patient/013,COph100,sp_lg_h,False,False,59.16606245332527,0.0007842675571424165
9ac06ba8afe5c71e,COph100/013/013_F_GA39_BW3390_PA40_DG11_PF0_D1_S01_4__013_F_GA39_BW3390_PA42_DG11_PF0_D1_S02_14,COph100/patient/013,COph100,xfeat_h,True,False,14.937191344800642,0.01231542389053875
7ef94cb556f8e920,COph100/013/013_F_GA39_BW3390_PA40_DG11_PF0_D1_S01_4__013_F_GA39_BW3390_PA42_DG11_PF0_D1_S02_14,COph100/patient/013,COph100,xfeat_tps,False,False,,6.170760037924923
461237c8651338d4,COph100/013/013_F_GA39_BW3390_PA40_DG11_PF0_D1_S01_4__013_F_GA39_BW3390_PA45_DG11_PF0_D1_S03_11,COph100/patient/013,COph100,sp_lg_h,True,False,6.332258423662736,0.06438277252143446
31a45b7a5b10a19a,COph100/013/013_F_GA39_BW3390_PA40_DG11_PF0_D1_S01_4__013_F_GA39_BW3390_PA45_DG11_PF0_D1_S03_11,COph100/patient/013,COph100,xfeat_h,False,False,6.396933046945532,0.061296417705860695
820d5e9022796fa8,COph100/013/013_F_GA39_BW3390_PA40_DG11_PF0_D1_S01_4__013_F_GA39_BW3390_PA45_DG11_PF0_D1_S03_11,COph100/patient/013,COph100,xfeat_tps,False,False,,7.3539844299183486
42cb6f847a602476,COph100/013/013_F_GA39_BW3390_PA42_DG11_PF0_D1_S02_14__013_F_GA39_BW3390_PA45_DG11_PF0_D1_S03_11,COph100/patient/013,COph100,sift_h,True,True,0.0,45981.26485400435
5cc2d8a9f3fd71c3,COph100/013/013_F_GA39_BW3390_PA42_DG11_PF0_D1_S02_14__013_F_GA39_BW3390_PA45_DG11_PF0_D1_S03_11,COph100/patient/013,COph100,sp_lg_h,True,False,4.449495771297619,0.12278197939871757
b2b144ea18c9bbd9,COph100/013/013_F_GA39_BW3390_PA42_DG11_PF0_D1_S02_14__013_F_GA39_BW3390_PA45_DG11_PF0_D1_S03_11,COph100/patient/013,COph100,xfeat_h,True,False,5.848286548727188,0.07398199514719926
2309cef4dbe2cc7b,COph100/013/013_F_GA39_BW3390_PA42_DG11_PF0_D1_S02_14__013_F_GA39_BW3390_PA45_DG11_PF0_D1_S03_11,COph100/patient/013,COph100,xfeat_tps,False,False,,3.3491500456086367
25e5fb0d27749a8c,COph100/014-1/014_F_GA40_BW3700_PA41_DG11_PF0_D1_S01_3__014_F_GA40_BW3700_PA45_DG11_PF0_D1_S02_2,COph100/patient/014,COph100,sift_h,True,True,0.0,5071025.42110679
bba853a41ce857f8,COph100/014-1/014_F_GA40_BW3700_PA41_DG11_PF0_D1_S01_3__014_F_GA40_BW3700_PA45_DG11_PF0_D1_S02_2,COph100/patient/014,COph100,sp_lg_h,False,False,29.775936929914717,0.003151167906670091
0eb20487fae28af8,COph100/014-1/014_F_GA40_BW3700_PA41_DG11_PF0_D1_S01_3__014_F_GA40_BW3700_PA45_DG11_PF0_D1_S02_2,COph100/patient/014,COph100,xfeat_h,False,False,6.985407276862653,0.04827647002943488
dba06954c4fbfb01,COph100/014-1/014_F_GA40_BW3700_PA41_DG11_PF0_D1_S01_3__014_F_GA40_BW3700_PA45_DG11_PF0_D1_S02_2,COph100/patient/014,COph100,xfeat_tps,False,False,,11.841841419356989
35ca24d91844e448,COph100/014/014_F_GA40_BW3700_PA41_DG11_PF0_D1_S01_6__014_F_GA40_BW3700_PA45_DG11_PF0_D1_S02_8,COph100/patient/014,COph100,sift_h,True,True,0.0,551106.9495907523
23c98ca2ac02c2d6,COph100/014/014_F_GA40_BW3700_PA41_DG11_PF0_D1_S01_6__014_F_GA40_BW3700_PA45_DG11_PF0_D1_S02_8,COph100/patient/014,COph100,sp_lg_h,True,False,6.108773601303878,0.06865522299491494
fb196b6915dfea35,COph100/014/014_F_GA40_BW3700_PA41_DG11_PF0_D1_S01_6__014_F_GA40_BW3700_PA45_DG11_PF0_D1_S02_8,COph100/patient/014,COph100,xfeat_h,True,False,29.80322962372437,0.0031824080593735138
82b23199d7d77341,COph100/014/014_F_GA40_BW3700_PA41_DG11_PF0_D1_S01_6__014_F_GA40_BW3700_PA45_DG11_PF0_D1_S02_8,COph100/patient/014,COph100,xfeat_tps,False,False,,10.2717395709757
42bcc03a28a55e5f,COph100/016/016_F_GA36_BW2960_PA36_DG11_PF0_D1_S01_4__016_F_GA36_BW2960_PA41_DG11_PF0_D1_S02_3,COph100/patient/016,COph100,sift_h,True,True,0.0,2994.3386787033683
14c802e4f2a8b954,COph100/016/016_F_GA36_BW2960_PA36_DG11_PF0_D1_S01_4__016_F_GA36_BW2960_PA41_DG11_PF0_D1_S02_3,COph100/patient/016,COph100,sp_lg_h,True,False,9.668551010426919,0.026178041993739562
00985ed9b0e41121,COph100/016/016_F_GA36_BW2960_PA36_DG11_PF0_D1_S01_4__016_F_GA36_BW2960_PA41_DG11_PF0_D1_S02_3,COph100/patient/016,COph100,xfeat_h,True,False,4.503660795840356,0.11845967883843553
4a19cc5ad3015316,COph100/016/016_F_GA36_BW2960_PA36_DG11_PF0_D1_S01_4__016_F_GA36_BW2960_PA41_DG11_PF0_D1_S02_3,COph100/patient/016,COph100,xfeat_tps,True,False,,11.151054142891951
6d2bb2a6792a0a5b,COph100/017-1/017_M_GA31_BW1660_PA33_DG11_PF0_D1_S01_6__017_M_GA31_BW1660_PA37_DG11_PF0_D1_S02_16,COph100/patient/017,COph100,sift_h,True,True,0.0,1696.928845305975
233029ee5e34b708,COph100/017-1/017_M_GA31_BW1660_PA33_DG11_PF0_D1_S01_6__017_M_GA31_BW1660_PA37_DG11_PF0_D1_S02_16,COph100/patient/017,COph100,sp_lg_h,True,False,3.113827036467703,0.19172277516849834
ee76805c96f88e9e,COph100/017-1/017_M_GA31_BW1660_PA33_DG11_PF0_D1_S01_6__017_M_GA31_BW1660_PA37_DG11_PF0_D1_S02_16,COph100/patient/017,COph100,xfeat_h,True,False,7.867853154603534,0.042398157979015354
5bfd8ccb3b569e9a,COph100/017-1/017_M_GA31_BW1660_PA33_DG11_PF0_D1_S01_6__017_M_GA31_BW1660_PA37_DG11_PF0_D1_S02_16,COph100/patient/017,COph100,xfeat_tps,True,False,,12.185929126233692
450e56b6ec2338e9,COph100/017/017_M_GA31_BW1660_PA33_DG11_PF0_D1_S01_10__017_M_GA31_BW1660_PA37_DG11_PF0_D1_S02_7,COph100/patient/017,COph100,sift_h,True,False,1.9573834391596718,0.5566418772487047
27a68ca587eed37e,COph100/017/017_M_GA31_BW1660_PA33_DG11_PF0_D1_S01_10__017_M_GA31_BW1660_PA37_DG11_PF0_D1_S02_7,COph100/patient/017,COph100,sp_lg_h,True,False,4.973309258869414,0.08925434519693823
33f5aaf759ed97ea,COph100/017/017_M_GA31_BW1660_PA33_DG11_PF0_D1_S01_10__017_M_GA31_BW1660_PA37_DG11_PF0_D1_S02_7,COph100/patient/017,COph100,xfeat_h,True,False,7.461007135274331,0.04408097752554849
b7e3e5a52ce847da,COph100/017/017_M_GA31_BW1660_PA33_DG11_PF0_D1_S01_10__017_M_GA31_BW1660_PA37_DG11_PF0_D1_S02_7,COph100/patient/017,COph100,xfeat_tps,True,False,,6.448316500823474
f803d33b7157a4c5,COph100/019/019_M_GA35_BW3050_PA38_DG11_PF0_D1_S01_2__019_M_GA35_BW3050_PA41_DG11_PF0_D1_S02_8,COph100/patient/019,COph100,sift_h,True,False,0.7519783745455704,4.303197082313455
15e1f673d2240887,COph100/019/019_M_GA35_BW3050_PA38_DG11_PF0_D1_S01_2__019_M_GA35_BW3050_PA41_DG11_PF0_D1_S02_8,COph100/patient/019,COph100,sp_lg_h,True,False,4.546288117519677,0.10969835434606304
c8f81e562de806ac,COph100/019/019_M_GA35_BW3050_PA38_DG11_PF0_D1_S01_2__019_M_GA35_BW3050_PA41_DG11_PF0_D1_S02_8,COph100/patient/019,COph100,xfeat_h,True,False,12.904806116256118,0.015344155727796363
ad5b2f799371fb69,COph100/019/019_M_GA35_BW3050_PA38_DG11_PF0_D1_S01_2__019_M_GA35_BW3050_PA41_DG11_PF0_D1_S02_8,COph100/patient/019,COph100,xfeat_tps,True,False,,5.925577678269088
2ea209e03919ea4d,COph100/019/019_M_GA35_BW3050_PA38_DG11_PF0_D1_S01_2__019_M_GA35_BW3050_PA53_DG11_PF0_D1_S04_2,COph100/patient/019,COph100,sift_h,True,True,0.0,150060.03255510968
44d4eaf62ae2d4e5,COph100/019/019_M_GA35_BW3050_PA38_DG11_PF0_D1_S01_2__019_M_GA35_BW3050_PA53_DG11_PF0_D1_S04_2,COph100/patient/019,COph100,sp_lg_h,True,False,3.1074765773244395,0.21379491362378816
471368ff01ab00aa,COph100/019/019_M_GA35_BW3050_PA38_DG11_PF0_D1_S01_2__019_M_GA35_BW3050_PA53_DG11_PF0_D1_S04_2,COph100/patient/019,COph100,xfeat_h,True,False,5.536820612485485,0.07057983842401352
9246cd62fd35200c,COph100/019/019_M_GA35_BW3050_PA38_DG11_PF0_D1_S01_2__019_M_GA35_BW3050_PA53_DG11_PF0_D1_S04_2,COph100/patient/019,COph100,xfeat_tps,True,False,,14.180717905649889
a705d0b5e454e5f3,COph100/019/019_M_GA35_BW3050_PA41_DG11_PF0_D1_S02_8__019_M_GA35_BW3050_PA53_DG11_PF0_D1_S04_2,COph100/patient/019,COph100,sift_h,True,False,4.8937996380326885,0.09221305581510394
289a2e806c262f36,COph100/019/019_M_GA35_BW3050_PA41_DG11_PF0_D1_S02_8__019_M_GA35_BW3050_PA53_DG11_PF0_D1_S04_2,COph100/patient/019,COph100,sp_lg_h,True,False,10.767742364741418,0.021280957832560343
54f56368ccbb0dd9,COph100/019/019_M_GA35_BW3050_PA41_DG11_PF0_D1_S02_8__019_M_GA35_BW3050_PA53_DG11_PF0_D1_S04_2,COph100/patient/019,COph100,xfeat_h,True,False,17.410364175808972,0.008314024581373772
7785a4ffc60c9199,COph100/019/019_M_GA35_BW3050_PA41_DG11_PF0_D1_S02_8__019_M_GA35_BW3050_PA53_DG11_PF0_D1_S04_2,COph100/patient/019,COph100,xfeat_tps,True,False,,8.856591290750925
010fea283a9f8542,COph100/020-1/020_F_GA39_BW3600_PA42_DG11_PF0_D1_S01_8__020_F_GA39_BW3600_PA54_DG11_PF0_D1_S03_7,COph100/patient/020,COph100,sift_h,True,True,0.0,56951544.35123639
cefe21d1fa04807a,COph100/020-1/020_F_GA39_BW3600_PA42_DG11_PF0_D1_S01_8__020_F_GA39_BW3600_PA54_DG11_PF0_D1_S03_7,COph100/patient/020,COph100,sp_lg_h,True,False,1.7586589177026442,0.434976077886002
451dd92ebe0c09d0,COph100/020-1/020_F_GA39_BW3600_PA42_DG11_PF0_D1_S01_8__020_F_GA39_BW3600_PA54_DG11_PF0_D1_S03_7,COph100/patient/020,COph100,xfeat_h,True,False,0.8394750511950113,1.61045778639066
d81e8fdb4eee44e5,COph100/020-1/020_F_GA39_BW3600_PA42_DG11_PF0_D1_S01_8__020_F_GA39_BW3600_PA54_DG11_PF0_D1_S03_7,COph100/patient/020,COph100,xfeat_tps,True,False,,6.853404168894624
7717dcef7cdcd403,COph100/020/020_F_GA39_BW3600_PA42_DG11_PF0_D1_S01_3__020_F_GA39_BW3600_PA47_DG11_PF0_D1_S02_1,COph100/patient/020,COph100,sift_h,True,True,0.0,1198153.7097384268
4237df729881b659,COph100/020/020_F_GA39_BW3600_PA42_DG11_PF0_D1_S01_3__020_F_GA39_BW3600_PA47_DG11_PF0_D1_S02_1,COph100/patient/020,COph100,sp_lg_h,False,False,9.852334790136664,0.026410204895789408
44907ef7bf2804e1,COph100/020/020_F_GA39_BW3600_PA42_DG11_PF0_D1_S01_3__020_F_GA39_BW3600_PA47_DG11_PF0_D1_S02_1,COph100/patient/020,COph100,xfeat_h,False,False,14.529647113061301,0.01276870609607666
60b79657efd4ed19,COph100/020/020_F_GA39_BW3600_PA42_DG11_PF0_D1_S01_3__020_F_GA39_BW3600_PA47_DG11_PF0_D1_S02_1,COph100/patient/020,COph100,xfeat_tps,False,False,,9.380680470152926
b16df48de859d1d7,COph100/020/020_F_GA39_BW3600_PA42_DG11_PF0_D1_S01_3__020_F_GA39_BW3600_PA54_DG11_PF0_D1_S03_1,COph100/patient/020,COph100,sift_h,True,True,0.0,479129.4139345588
278d4681f53975e0,COph100/020/020_F_GA39_BW3600_PA42_DG11_PF0_D1_S01_3__020_F_GA39_BW3600_PA54_DG11_PF0_D1_S03_1,COph100/patient/020,COph100,sp_lg_h,True,False,15.998334648960002,0.009667652838486368
e0d773643c32c27b,COph100/020/020_F_GA39_BW3600_PA42_DG11_PF0_D1_S01_3__020_F_GA39_BW3600_PA54_DG11_PF0_D1_S03_1,COph100/patient/020,COph100,xfeat_h,True,False,5.112367714241926,0.0923812452590129
422c776cb47a6913,COph100/020/020_F_GA39_BW3600_PA42_DG11_PF0_D1_S01_3__020_F_GA39_BW3600_PA54_DG11_PF0_D1_S03_1,COph100/patient/020,COph100,xfeat_tps,True,False,,6.539834905436363
f32c63c36a33311d,COph100/020/020_F_GA39_BW3600_PA47_DG11_PF0_D1_S02_1__020_F_GA39_BW3600_PA54_DG11_PF0_D1_S03_1,COph100/patient/020,COph100,sift_h,True,True,0.0,651278.6785679866
b7600d9048fd08ae,COph100/020/020_F_GA39_BW3600_PA47_DG11_PF0_D1_S02_1__020_F_GA39_BW3600_PA54_DG11_PF0_D1_S03_1,COph100/patient/020,COph100,sp_lg_h,True,False,1.8301491854419143,0.531359974944391
d4a2bb5125299fb5,COph100/020/020_F_GA39_BW3600_PA47_DG11_PF0_D1_S02_1__020_F_GA39_BW3600_PA54_DG11_PF0_D1_S03_1,COph100/patient/020,COph100,xfeat_h,False,False,6.4887426817285245,0.057316010659870784
cfcacdb09ad31693,COph100/020/020_F_GA39_BW3600_PA47_DG11_PF0_D1_S02_1__020_F_GA39_BW3600_PA54_DG11_PF0_D1_S03_1,COph100/patient/020,COph100,xfeat_tps,False,False,,8.497426335849235
f7a20845e3fdb8d5,COph100/021-1/021_M_GA41_BW3670_PA42_DG11_PF0_D1_S01_7__021_M_GA41_BW3670_PA43_DG11_PF0_D1_S02_1,COph100/patient/021,COph100,sift_h,True,True,0.0,631882.5154445327
874d3e2c9cf1d4d3,COph100/021-1/021_M_GA41_BW3670_PA42_DG11_PF0_D1_S01_7__021_M_GA41_BW3670_PA43_DG11_PF0_D1_S02_1,COph100/patient/021,COph100,sp_lg_h,True,False,6.020771794817346,0.06804109952537482
35448405e34fa99d,COph100/021-1/021_M_GA41_BW3670_PA42_DG11_PF0_D1_S01_7__021_M_GA41_BW3670_PA43_DG11_PF0_D1_S02_1,COph100/patient/021,COph100,xfeat_h,True,False,5.591252887782695,0.07851908498807242
18453651ea8abf1f,COph100/021-1/021_M_GA41_BW3670_PA42_DG11_PF0_D1_S01_7__021_M_GA41_BW3670_PA43_DG11_PF0_D1_S02_1,COph100/patient/021,COph100,xfeat_tps,False,False,,7.119158599946174
b5dc072dca70cae9,COph100/021-1/021_M_GA41_BW3670_PA42_DG11_PF0_D1_S01_7__021_M_GA41_BW3670_PA47_DG11_PF0_D1_S03_7,COph100/patient/021,COph100,sift_h,True,True,0.0,450555539.50724643
fe295b4fc7e2af68,COph100/021-1/021_M_GA41_BW3670_PA42_DG11_PF0_D1_S01_7__021_M_GA41_BW3670_PA47_DG11_PF0_D1_S03_7,COph100/patient/021,COph100,sp_lg_h,False,False,15.42239726096855,0.010923329403642316
01473aed134cd963,COph100/021-1/021_M_GA41_BW3670_PA42_DG11_PF0_D1_S01_7__021_M_GA41_BW3670_PA47_DG11_PF0_D1_S03_7,COph100/patient/021,COph100,xfeat_h,False,False,6.021535889310076,0.06756897606358193
6c882a9865c7a2a1,COph100/021-1/021_M_GA41_BW3670_PA42_DG11_PF0_D1_S01_7__021_M_GA41_BW3670_PA47_DG11_PF0_D1_S03_7,COph100/patient/021,COph100,xfeat_tps,False,False,,12.598945602981793
c316ab3531e78d21,COph100/021-1/021_M_GA41_BW3670_PA43_DG11_PF0_D1_S02_1__021_M_GA41_BW3670_PA47_DG11_PF0_D1_S03_7,COph100/patient/021,COph100,sift_h,True,True,0.0,1138818520.8383164
073454860dd836f9,COph100/021-1/021_M_GA41_BW3670_PA43_DG11_PF0_D1_S02_1__021_M_GA41_BW3670_PA47_DG11_PF0_D1_S03_7,COph100/patient/021,COph100,sp_lg_h,True,False,3.314198645457026,0.19997743977573587
14ea0b8ee87542ff,COph100/021-1/021_M_GA41_BW3670_PA43_DG11_PF0_D1_S02_1__021_M_GA41_BW3670_PA47_DG11_PF0_D1_S03_7,COph100/patient/021,COph100,xfeat_h,True,False,5.453844494106817,0.07774323826897969
c71ec16aaa336760,COph100/021-1/021_M_GA41_BW3670_PA43_DG11_PF0_D1_S02_1__021_M_GA41_BW3670_PA47_DG11_PF0_D1_S03_7,COph100/patient/021,COph100,xfeat_tps,True,False,,6.519811350619457
6a3bcb490bd9a274,COph100/021/021_M_GA41_BW3670_PA42_DG11_PF0_D1_S01_1__021_M_GA41_BW3670_PA43_DG11_PF0_D1_S02_10,COph100/patient/021,COph100,sift_h,True,True,0.0,734356.9152114043
7727244917813b26,COph100/021/021_M_GA41_BW3670_PA42_DG11_PF0_D1_S01_1__021_M_GA41_BW3670_PA43_DG11_PF0_D1_S02_10,COph100/patient/021,COph100,sp_lg_h,False,False,22.06699568280799,0.005363514375870937
d0850a9f70fd169b,COph100/021/021_M_GA41_BW3670_PA42_DG11_PF0_D1_S01_1__021_M_GA41_BW3670_PA43_DG11_PF0_D1_S02_10,COph100/patient/021,COph100,xfeat_h,False,False,48.635800333956205,0.001135765991020748
bde1a981fbfd1cb8,COph100/021/021_M_GA41_BW3670_PA42_DG11_PF0_D1_S01_1__021_M_GA41_BW3670_PA43_DG11_PF0_D1_S02_10,COph100/patient/021,COph100,xfeat_tps,False,False,,8.025756924434173
f34a8fc5c3351e8e,COph100/021/021_M_GA41_BW3670_PA42_DG11_PF0_D1_S01_1__021_M_GA41_BW3670_PA47_DG11_PF0_D1_S03_13,COph100/patient/021,COph100,sift_h,True,True,0.0,7261.743257319
8a8c700ba5575d24,COph100/021/021_M_GA41_BW3670_PA42_DG11_PF0_D1_S01_1__021_M_GA41_BW3670_PA47_DG11_PF0_D1_S03_13,COph100/patient/021,COph100,sp_lg_h,False,False,19.24079899980351,0.007114691040593124
aaee2f314382767e,COph100/021/021_M_GA41_BW3670_PA42_DG11_PF0_D1_S01_1__021_M_GA41_BW3670_PA47_DG11_PF0_D1_S03_13,COph100/patient/021,COph100,xfeat_h,False,False,8.810945415593602,0.03319377626603312
f68278edea88b3d5,COph100/021/021_M_GA41_BW3670_PA42_DG11_PF0_D1_S01_1__021_M_GA41_BW3670_PA47_DG11_PF0_D1_S03_13,COph100/patient/021,COph100,xfeat_tps,False,False,,10.66800340771424
74801dc6be255d38,COph100/021/021_M_GA41_BW3670_PA43_DG11_PF0_D1_S02_10__021_M_GA41_BW3670_PA47_DG11_PF0_D1_S03_13,COph100/patient/021,COph100,sift_h,True,False,1.7839728920832556,0.6341541824013166
6d0615b7c122039d,COph100/021/021_M_GA41_BW3670_PA43_DG11_PF0_D1_S02_10__021_M_GA41_BW3670_PA47_DG11_PF0_D1_S03_13,COph100/patient/021,COph100,sp_lg_h,False,False,15.055964400841706,0.012309323596092861
6d6473c304cad573,COph100/021/021_M_GA41_BW3670_PA43_DG11_PF0_D1_S02_10__021_M_GA41_BW3670_PA47_DG11_PF0_D1_S03_13,COph100/patient/021,COph100,xfeat_h,False,False,12.316630649908017,0.01840189024770303
4aef3c8fb90491c5,COph100/021/021_M_GA41_BW3670_PA43_DG11_PF0_D1_S02_10__021_M_GA41_BW3670_PA47_DG11_PF0_D1_S03_13,COph100/patient/021,COph100,xfeat_tps,False,False,,10.346780205989065
dd51b57d9f3c6f1b,COph100/022-1/022_M_GA40_BW3400_PA41_DG11_PF0_D1_S01_9__022_M_GA40_BW3400_PA44_DG11_PF0_D1_S02_3,COph100/patient/022,COph100,sift_h,True,True,0.0,91065.3443547208
7afad84ad9f547f3,COph100/022-1/022_M_GA40_BW3400_PA41_DG11_PF0_D1_S01_9__022_M_GA40_BW3400_PA44_DG11_PF0_D1_S02_3,COph100/patient/022,COph100,sp_lg_h,False,False,65.24541026885046,0.0005666950557668673
f69e64681698201a,COph100/022-1/022_M_GA40_BW3400_PA41_DG11_PF0_D1_S01_9__022_M_GA40_BW3400_PA44_DG11_PF0_D1_S02_3,COph100/patient/022,COph100,xfeat_h,False,False,24.420543274914117,0.003970750613934302
191876ba14eb6a8f,COph100/022-1/022_M_GA40_BW3400_PA41_DG11_PF0_D1_S01_9__022_M_GA40_BW3400_PA44_DG11_PF0_D1_S02_3,COph100/patient/022,COph100,xfeat_tps,False,False,,11.962793908870065
ae0aa69282bd76c1,COph100/022/022_M_GA40_BW3400_PA41_DG11_PF0_D1_S01_2__022_M_GA40_BW3400_PA44_DG11_PF0_D1_S02_8,COph100/patient/022,COph100,sift_h,True,True,0.0,6800091.188169112
8c1b8cb918c77430,COph100/022/022_M_GA40_BW3400_PA41_DG11_PF0_D1_S01_2__022_M_GA40_BW3400_PA44_DG11_PF0_D1_S02_8,COph100/patient/022,COph100,sp_lg_h,False,False,9.27611312125025,0.026785567563029168
a4a39381958e95fd,COph100/022/022_M_GA40_BW3400_PA41_DG11_PF0_D1_S01_2__022_M_GA40_BW3400_PA44_DG11_PF0_D1_S02_8,COph100/patient/022,COph100,xfeat_h,False,False,3.1774733883078903,0.1906311404099552
2ed2231b596dc719,COph100/022/022_M_GA40_BW3400_PA41_DG11_PF0_D1_S01_2__022_M_GA40_BW3400_PA44_DG11_PF0_D1_S02_8,COph100/patient/022,COph100,xfeat_tps,False,False,,9.672730129571221
68d274dcd4e6ca63,COph100/023/023_M_GA39_BW3570_PA39_DG11_PF0_D1_S01_10__023_M_GA39_BW3570_PA43_DG11_PF0_D1_S02_3,COph100/patient/023,COph100,sift_h,True,True,0.0,17.830630082272048
2d26286d0c0d9cd8,COph100/023/023_M_GA39_BW3570_PA39_DG11_PF0_D1_S01_10__023_M_GA39_BW3570_PA43_DG11_PF0_D1_S02_3,COph100/patient/023,COph100,sp_lg_h,True,False,7.135314711251371,0.04743483405111919
97cdcd8550c87743,COph100/023/023_M_GA39_BW3570_PA39_DG11_PF0_D1_S01_10__023_M_GA39_BW3570_PA43_DG11_PF0_D1_S02_3,COph100/patient/023,COph100,xfeat_h,True,False,7.784330501495907,0.03977775472841333
fc097d68e81dc61e,COph100/023/023_M_GA39_BW3570_PA39_DG11_PF0_D1_S01_10__023_M_GA39_BW3570_PA43_DG11_PF0_D1_S02_3,COph100/patient/023,COph100,xfeat_tps,False,False,,9.128770793045907
aef84672d6b59b4b,COph100/024-1/024_F_GA39_BW3290_PA39_DG11_PF0_D1_S01_10__024_F_GA39_BW3290_PA44_DG11_PF0_D1_S02_6,COph100/patient/024,COph100,sift_h,True,True,0.0,2133.7839691735544
4324be623f49dfd2,COph100/024-1/024_F_GA39_BW3290_PA39_DG11_PF0_D1_S01_10__024_F_GA39_BW3290_PA44_DG11_PF0_D1_S02_6,COph100/patient/024,COph100,sp_lg_h,True,False,0.13180251410483246,269.54364732340883
9f33defe4c91e083,COph100/024-1/024_F_GA39_BW3290_PA39_DG11_PF0_D1_S01_10__024_F_GA39_BW3290_PA44_DG11_PF0_D1_S02_6,COph100/patient/024,COph100,xfeat_h,False,False,5.176366260620428,0.08591343222449413
f54f6e6f6cdb273c,COph100/024-1/024_F_GA39_BW3290_PA39_DG11_PF0_D1_S01_10__024_F_GA39_BW3290_PA44_DG11_PF0_D1_S02_6,COph100/patient/024,COph100,xfeat_tps,False,False,,5.9019882878605365
22e8a82b695635bb,COph100/024/024_F_GA39_BW3290_PA39_DG11_PF0_D1_S01_3__024_F_GA39_BW3290_PA44_DG11_PF0_D1_S02_3,COph100/patient/024,COph100,sift_h,True,True,0.0,0.14014466863650377
40cd05398d3bb8f5,COph100/024/024_F_GA39_BW3290_PA39_DG11_PF0_D1_S01_3__024_F_GA39_BW3290_PA44_DG11_PF0_D1_S02_3,COph100/patient/024,COph100,sp_lg_h,True,False,4.918254644927771,0.08670831382467517
14b212533d4e0d92,COph100/024/024_F_GA39_BW3290_PA39_DG11_PF0_D1_S01_3__024_F_GA39_BW3290_PA44_DG11_PF0_D1_S02_3,COph100/patient/024,COph100,xfeat_h,True,False,0.7689154161250256,2.4520477417495417
cd24309df66c5ffc,COph100/024/024_F_GA39_BW3290_PA39_DG11_PF0_D1_S01_3__024_F_GA39_BW3290_PA44_DG11_PF0_D1_S02_3,COph100/patient/024,COph100,xfeat_tps,True,False,,7.932907413736333
e78702e04cb43f90,COph100/025-1/025_F_GA35_BW2370_PA36_DG11_PF0_D1_S01_5__025_F_GA35_BW2370_PA41_DG11_PF0_D1_S02_5,COph100/patient/025,COph100,sp_lg_h,True,False,2.6999215490496744,0.39933300972031754
9feb36b01db4a8e8,COph100/025-1/025_F_GA35_BW2370_PA36_DG11_PF0_D1_S01_5__025_F_GA35_BW2370_PA41_DG11_PF0_D1_S02_5,COph100/patient/025,COph100,xfeat_h,True,False,67.37765442776083,0.0006195310063229992
90d7afa1c1c054c8,COph100/025-1/025_F_GA35_BW2370_PA36_DG11_PF0_D1_S01_5__025_F_GA35_BW2370_PA41_DG11_PF0_D1_S02_5,COph100/patient/025,COph100,xfeat_tps,True,False,,4.43151998359977
6cd49853663e1577,COph100/025/025_F_GA35_BW2370_PA36_DG11_PF0_D1_S01_2__025_F_GA35_BW2370_PA41_DG11_PF0_D1_S02_2,COph100/patient/025,COph100,sp_lg_h,False,False,5.726986363420017,0.07072984839732221
b606e8ea5ebb967f,COph100/025/025_F_GA35_BW2370_PA36_DG11_PF0_D1_S01_2__025_F_GA35_BW2370_PA41_DG11_PF0_D1_S02_2,COph100/patient/025,COph100,xfeat_h,True,False,6.291013716706071,0.058080443794391756
038d422c3d6df006,COph100/025/025_F_GA35_BW2370_PA36_DG11_PF0_D1_S01_2__025_F_GA35_BW2370_PA41_DG11_PF0_D1_S02_2,COph100/patient/025,COph100,xfeat_tps,False,False,,10.887354495143851
ebbf2c595787ae7f,COph100/026-1/026_M_GA33_BW1700_PA34_DG11_PF0_D1_S01_10__026_M_GA33_BW1700_PA36_DG11_PF0_D1_S02_6,COph100/patient/026,COph100,sift_h,True,False,3.216446010694052,0.25903594930940077
48d1f1b58049a2cc,COph100/026-1/026_M_GA33_BW1700_PA34_DG11_PF0_D1_S01_10__026_M_GA33_BW1700_PA36_DG11_PF0_D1_S02_6,COph100/patient/026,COph100,sp_lg_h,False,False,19.45944421369461,0.007021293353870445
f57dc389a4033cb9,COph100/026-1/026_M_GA33_BW1700_PA34_DG11_PF0_D1_S01_10__026_M_GA33_BW1700_PA36_DG11_PF0_D1_S02_6,COph100/patient/026,COph100,xfeat_h,False,False,10.290981171707907,0.02440951388417764
f99cc3f1c2d8b22b,COph100/026-1/026_M_GA33_BW1700_PA34_DG11_PF0_D1_S01_10__026_M_GA33_BW1700_PA36_DG11_PF0_D1_S02_6,COph100/patient/026,COph100,xfeat_tps,False,False,,7.306348831979102
7416e5b666233add,COph100/026-1/026_M_GA33_BW1700_PA34_DG11_PF0_D1_S01_10__026_M_GA33_BW1700_PA38_DG11_PF0_D1_S03_15,COph100/patient/026,COph100,sift_h,True,True,0.0,15745.123205113685
4a144ac202f43aad,COph100/026-1/026_M_GA33_BW1700_PA34_DG11_PF0_D1_S01_10__026_M_GA33_BW1700_PA38_DG11_PF0_D1_S03_15,COph100/patient/026,COph100,sp_lg_h,True,False,2.6558746046601156,0.2954316655659992
08ac9e837906afa0,COph100/026-1/026_M_GA33_BW1700_PA34_DG11_PF0_D1_S01_10__026_M_GA33_BW1700_PA38_DG11_PF0_D1_S03_15,COph100/patient/026,COph100,xfeat_h,True,False,3.5839857344323116,0.19045917491219944
7796e983e9b559ec,COph100/026-1/026_M_GA33_BW1700_PA34_DG11_PF0_D1_S01_10__026_M_GA33_BW1700_PA38_DG11_PF0_D1_S03_15,COph100/patient/026,COph100,xfeat_tps,True,False,,6.639855834767107
b6c9558fcc11a868,COph100/026-1/026_M_GA33_BW1700_PA34_DG11_PF0_D1_S01_10__026_M_GA33_BW1700_PA40_DG11_PF0_D1_S04_1,COph100/patient/026,COph100,sift_h,True,True,0.0,395702266.16089815
cd02ae844dea42fa,COph100/026-1/026_M_GA33_BW1700_PA34_DG11_PF0_D1_S01_10__026_M_GA33_BW1700_PA40_DG11_PF0_D1_S04_1,COph100/patient/026,COph100,xfeat_h,True,False,3.6518306349314402,0.1865938651092749
162f787639a9aaf0,COph100/026-1/026_M_GA33_BW1700_PA34_DG11_PF0_D1_S01_10__026_M_GA33_BW1700_PA40_DG11_PF0_D1_S04_1,COph100/patient/026,COph100,xfeat_tps,True,False,,6.04990209392209
66d256d8cc99fd49,COph100/026-1/026_M_GA33_BW1700_PA34_DG11_PF0_D1_S01_10__026_M_GA33_BW1700_PA42_DG11_PF0_D1_S05_6,COph100/patient/026,COph100,sift_h,True,True,0.0,8.073140168512595
f9a666e7eb5c66e1,COph100/026-1/026_M_GA33_BW1700_PA34_DG11_PF0_D1_S01_10__026_M_GA33_BW1700_PA42_DG11_PF0_D1_S05_6,COph100/patient/026,COph100,xfeat_h,True,False,1.225777311874084,0.8976747726358467
98fc8170a498dc8a,COph100/026-1/026_M_GA33_BW1700_PA34_DG11_PF0_D1_S01_10__026_M_GA33_BW1700_PA42_DG11_PF0_D1_S05_6,COph100/patient/026,COph100,xfeat_tps,True,False,,5.187791678588853
77a25bfd9a024f2d,COph100/026-1/026_M_GA33_BW1700_PA36_DG11_PF0_D1_S02_6__026_M_GA33_BW1700_PA38_DG11_PF0_D1_S03_15,COph100/patient/026,COph100,sift_h,True,False,3.405693733455447,0.19733940282837686
52bf279b0635cbd0,COph100/026-1/026_M_GA33_BW1700_PA36_DG11_PF0_D1_S02_6__026_M_GA33_BW1700_PA38_DG11_PF0_D1_S03_15,COph100/patient/026,COph100,sp_lg_h,False,False,9.20170416322288,0.032679032690570126
0fe0e3e6db655448,COph100/026-1/026_M_GA33_BW1700_PA36_DG11_PF0_D1_S02_6__026_M_GA33_BW1700_PA38_DG11_PF0_D1_S03_15,COph100/patient/026,COph100,xfeat_h,True,False,6.735098275949141,0.05989731150050092
58ac05f949dcfffd,COph100/026-1/026_M_GA33_BW1700_PA36_DG11_PF0_D1_S02_6__026_M_GA33_BW1700_PA38_DG11_PF0_D1_S03_15,COph100/patient/026,COph100,xfeat_tps,False,False,,7.97918014875501
aab84705dfd8eea9,COph100/026-1/026_M_GA33_BW1700_PA36_DG11_PF0_D1_S02_6__026_M_GA33_BW1700_PA40_DG11_PF0_D1_S04_1,COph100/patient/026,COph100,sp_lg_h,True,False,0.9743262013617405,1.1245121310188018
3dd93aac5f79cb09,COph100/026-1/026_M_GA33_BW1700_PA36_DG11_PF0_D1_S02_6__026_M_GA33_BW1700_PA40_DG11_PF0_D1_S04_1,COph100/patient/026,COph100,xfeat_h,True,False,74.42922141375466,0.0005117644551673699
61a5c37657071614,COph100/026-1/026_M_GA33_BW1700_PA36_DG11_PF0_D1_S02_6__026_M_GA33_BW1700_PA40_DG11_PF0_D1_S04_1,COph100/patient/026,COph100,xfeat_tps,True,False,,5.911854977743515
2a45e9241d49606f,COph100/026-1/026_M_GA33_BW1700_PA36_DG11_PF0_D1_S02_6__026_M_GA33_BW1700_PA42_DG11_PF0_D1_S05_6,COph100/patient/026,COph100,sift_h,True,True,0.0,1318557.404756366
e72ba4a2fa2829d4,COph100/026-1/026_M_GA33_BW1700_PA36_DG11_PF0_D1_S02_6__026_M_GA33_BW1700_PA42_DG11_PF0_D1_S05_6,COph100/patient/026,COph100,sp_lg_h,True,True,0.0,2202054258.7223964
b8b76d9f015611dc,COph100/026-1/026_M_GA33_BW1700_PA36_DG11_PF0_D1_S02_6__026_M_GA33_BW1700_PA42_DG11_PF0_D1_S05_6,COph100/patient/026,COph100,xfeat_h,True,False,13.246209272770715,0.015268873970843921
dccd07d7c9afe879,COph100/026-1/026_M_GA33_BW1700_PA36_DG11_PF0_D1_S02_6__026_M_GA33_BW1700_PA42_DG11_PF0_D1_S05_6,COph100/patient/026,COph100,xfeat_tps,True,False,,6.832460851255272
ca22dc3301190049,COph100/026-1/026_M_GA33_BW1700_PA38_DG11_PF0_D1_S03_15__026_M_GA33_BW1700_PA40_DG11_PF0_D1_S04_1,COph100/patient/026,COph100,sift_h,True,True,0.0,24324.843371954146
cb30e48e831caaef,COph100/026-1/026_M_GA33_BW1700_PA38_DG11_PF0_D1_S03_15__026_M_GA33_BW1700_PA40_DG11_PF0_D1_S04_1,COph100/patient/026,COph100,sp_lg_h,True,False,7.210843139955327,0.044304096713596516
9a51aeb3d3526064,COph100/026-1/026_M_GA33_BW1700_PA38_DG11_PF0_D1_S03_15__026_M_GA33_BW1700_PA40_DG11_PF0_D1_S04_1,COph100/patient/026,COph100,xfeat_h,True,False,5.904745219679906,0.06799655769345665
52117b6c4eda23a0,COph100/026-1/026_M_GA33_BW1700_PA38_DG11_PF0_D1_S03_15__026_M_GA33_BW1700_PA40_DG11_PF0_D1_S04_1,COph100/patient/026,COph100,xfeat_tps,True,False,,5.5331542336333435
6e2dfbcd21380d8f,COph100/026-1/026_M_GA33_BW1700_PA38_DG11_PF0_D1_S03_15__026_M_GA33_BW1700_PA42_DG11_PF0_D1_S05_6,COph100/patient/026,COph100,sift_h,True,True,0.0,8282255.945121776
0ae086b23d1318a0,COph100/026-1/026_M_GA33_BW1700_PA38_DG11_PF0_D1_S03_15__026_M_GA33_BW1700_PA42_DG11_PF0_D1_S05_6,COph100/patient/026,COph100,sp_lg_h,False,False,34.694902714948576,0.0019717573134113145
dd16b2a7b0c4592c,COph100/026-1/026_M_GA33_BW1700_PA38_DG11_PF0_D1_S03_15__026_M_GA33_BW1700_PA42_DG11_PF0_D1_S05_6,COph100/patient/026,COph100,xfeat_h,False,False,3.7253848732903805,0.1319244838558713
175cd67da398f396,COph100/026-1/026_M_GA33_BW1700_PA38_DG11_PF0_D1_S03_15__026_M_GA33_BW1700_PA42_DG11_PF0_D1_S05_6,COph100/patient/026,COph100,xfeat_tps,False,False,,9.758834825421932
610959c366c436db,COph100/026-1/026_M_GA33_BW1700_PA40_DG11_PF0_D1_S04_1__026_M_GA33_BW1700_PA42_DG11_PF0_D1_S05_6,COph100/patient/026,COph100,sift_h,True,True,0.0,56308319.850031495
ea6624724501c8b8,COph100/026-1/026_M_GA33_BW1700_PA40_DG11_PF0_D1_S04_1__026_M_GA33_BW1700_PA42_DG11_PF0_D1_S05_6,COph100/patient/026,COph100,sp_lg_h,True,False,0.5589485309172848,2.7237579643053467
8f251599b160f8ff,COph100/026-1/026_M_GA33_BW1700_PA40_DG11_PF0_D1_S04_1__026_M_GA33_BW1700_PA42_DG11_PF0_D1_S05_6,COph100/patient/026,COph100,xfeat_h,True,False,4.878847693870475,0.08760070854753244
114a299e117fc443,COph100/026-1/026_M_GA33_BW1700_PA40_DG11_PF0_D1_S04_1__026_M_GA33_BW1700_PA42_DG11_PF0_D1_S05_6,COph100/patient/026,COph100,xfeat_tps,True,False,,5.524867796462272
103911dbba8689ed,COph100/026/026_M_GA33_BW1700_PA34_DG11_PF0_D1_S01_2__026_M_GA33_BW1700_PA36_DG11_PF0_D1_S02_10,COph100/patient/026,COph100,sift_h,True,True,0.0,3021.307557641506
c62e3cc1ddc1f053,COph100/026/026_M_GA33_BW1700_PA34_DG11_PF0_D1_S01_2__026_M_GA33_BW1700_PA36_DG11_PF0_D1_S02_10,COph100/patient/026,COph100,sp_lg_h,False,False,9.880191195115938,0.02665500441885399
a3f886d6ad430bdf,COph100/026/026_M_GA33_BW1700_PA34_DG11_PF0_D1_S01_2__026_M_GA33_BW1700_PA36_DG11_PF0_D1_S02_10,COph100/patient/026,COph100,xfeat_h,True,False,26.70615849742424,0.003969792769081283
c05703ee5b6a2771,COph100/026/026_M_GA33_BW1700_PA34_DG11_PF0_D1_S01_2__026_M_GA33_BW1700_PA36_DG11_PF0_D1_S02_10,COph100/patient/026,COph100,xfeat_tps,False,False,,11.432097521052281
10a93106d2985a9c,COph100/026/026_M_GA33_BW1700_PA34_DG11_PF0_D1_S01_2__026_M_GA33_BW1700_PA38_DG11_PF0_D1_S03_2,COph100/patient/026,COph100,sift_h,True,True,0.0,3387415.574528119
eacf7f2b73a54856,COph100/026/026_M_GA33_BW1700_PA34_DG11_PF0_D1_S01_2__026_M_GA33_BW1700_PA38_DG11_PF0_D1_S03_2,COph100/patient/026,COph100,sp_lg_h,True,False,0.5878115403378168,6.6094032310825055
39ada814997ad535,COph100/026/026_M_GA33_BW1700_PA34_DG11_PF0_D1_S01_2__026_M_GA33_BW1700_PA38_DG11_PF0_D1_S03_2,COph100/patient/026,COph100,xfeat_h,True,False,6.79662293340038,0.05880232873586188
c9c57371971401f4,COph100/026/026_M_GA33_BW1700_PA34_DG11_PF0_D1_S01_2__026_M_GA33_BW1700_PA38_DG11_PF0_D1_S03_2,COph100/patient/026,COph100,xfeat_tps,True,False,,6.4305021661365
4eac0c087ac1bd49,COph100/026/026_M_GA33_BW1700_PA34_DG11_PF0_D1_S01_2__026_M_GA33_BW1700_PA40_DG11_PF0_D1_S04_11,COph100/patient/026,COph100,sift_h,True,True,0.0,2935.184786909179
34dc783b12d0ec8e,COph100/026/026_M_GA33_BW1700_PA34_DG11_PF0_D1_S01_2__026_M_GA33_BW1700_PA40_DG11_PF0_D1_S04_11,COph100/patient/026,COph100,xfeat_h,True,False,4.552239179843311,0.09100664531510477
906d56199c834588,COph100/026/026_M_GA33_BW1700_PA34_DG11_PF0_D1_S01_2__026_M_GA33_BW1700_PA40_DG11_PF0_D1_S04_11,COph100/patient/026,COph100,xfeat_tps,True,False,,3.360141604718401
837b96fdf0c04813,COph100/026/026_M_GA33_BW1700_PA34_DG11_PF0_D1_S01_2__026_M_GA33_BW1700_PA42_DG11_PF0_D1_S05_8,COph100/patient/026,COph100,sift_h,True,True,0.0,182786.99860869008
19fe5b808ddb8318,COph100/026/026_M_GA33_BW1700_PA34_DG11_PF0_D1_S01_2__026_M_GA33_BW1700_PA42_DG11_PF0_D1_S05_8,COph100/patient/026,COph100,sp_lg_h,True,False,0.24194026836883348,6.848520535641996
2ad1096093c21e11,COph100/026/026_M_GA33_BW1700_PA34_DG11_PF0_D1_S01_2__026_M_GA33_BW1700_PA42_DG11_PF0_D1_S05_8,COph100/patient/026,COph100,xfeat_h,True,False,3.6419528901133895,0.18986224509558397
b9de83037b951e61,COph100/026/026_M_GA33_BW1700_PA34_DG11_PF0_D1_S01_2__026_M_GA33_BW1700_PA42_DG11_PF0_D1_S05_8,COph100/patient/026,COph100,xfeat_tps,True,False,,6.419124842670023
f3917b38f4443a68,COph100/026/026_M_GA33_BW1700_PA36_DG11_PF0_D1_S02_10__026_M_GA33_BW1700_PA38_DG11_PF0_D1_S03_2,COph100/patient/026,COph100,sp_lg_h,False,False,19.029975011803597,0.0073185335584994154
7d46e8fcf66c96b2,COph100/026/026_M_GA33_BW1700_PA36_DG11_PF0_D1_S02_10__026_M_GA33_BW1700_PA38_DG11_PF0_D1_S03_2,COph100/patient/026,COph100,xfeat_h,True,False,13.316053155750902,0.015788698493171403
526ebc9d353cf6a6,COph100/026/026_M_GA33_BW1700_PA36_DG11_PF0_D1_S02_10__026_M_GA33_BW1700_PA38_DG11_PF0_D1_S03_2,COph100/patient/026,COph100,xfeat_tps,True,False,,11.159592672786458
d9f5821955098c23,COph100/026/026_M_GA33_BW1700_PA36_DG11_PF0_D1_S02_10__026_M_GA33_BW1700_PA40_DG11_PF0_D1_S04_11,COph100/patient/026,COph100,sift_h,True,True,0.0,2181.2435637549243
4cc4583374a7f846,COph100/026/026_M_GA33_BW1700_PA36_DG11_PF0_D1_S02_10__026_M_GA33_BW1700_PA40_DG11_PF0_D1_S04_11,COph100/patient/026,COph100,sp_lg_h,True,True,0.0,11125766.607773216
6db19094a6599fb9,COph100/026/026_M_GA33_BW1700_PA36_DG11_PF0_D1_S02_10__026_M_GA33_BW1700_PA40_DG11_PF0_D1_S04_11,COph100/patient/026,COph100,xfeat_h,True,False,3.119504261268849,0.19159137015149327
8f101e2f3e5aa73e,COph100/026/026_M_GA33_BW1700_PA36_DG11_PF0_D1_S02_10__026_M_GA33_BW1700_PA40_DG11_PF0_D1_S04_11,COph100/patient/026,COph100,xfeat_tps,True,False,,6.65176053500315
b5dc259f8f7c1085,COph100/026/026_M_GA33_BW1700_PA36_DG11_PF0_D1_S02_10__026_M_GA33_BW1700_PA42_DG11_PF0_D1_S05_8,COph100/patient/026,COph100,sp_lg_h,True,False,4.097981110953691,0.15299259843628465
65bf4676ede7f818,COph100/026/026_M_GA33_BW1700_PA36_DG11_PF0_D1_S02_10__026_M_GA33_BW1700_PA42_DG11_PF0_D1_S05_8,COph100/patient/026,COph100,xfeat_h,True,False,12.93210845552049,0.016045368200539034
fc9caea3d7753777,COph100/026/026_M_GA33_BW1700_PA36_DG11_PF0_D1_S02_10__026_M_GA33_BW1700_PA42_DG11_PF0_D1_S05_8,COph100/patient/026,COph100,xfeat_tps,True,False,,11.988301941940357
2d1f3cefa8da74ef,COph100/026/026_M_GA33_BW1700_PA38_DG11_PF0_D1_S03_2__026_M_GA33_BW1700_PA40_DG11_PF0_D1_S04_11,COph100/patient/026,COph100,sift_h,True,True,0.0,1631085.7607717963
ee1b915b972ab4ef,COph100/026/026_M_GA33_BW1700_PA38_DG11_PF0_D1_S03_2__026_M_GA33_BW1700_PA40_DG11_PF0_D1_S04_11,COph100/patient/026,COph100,sp_lg_h,True,False,1.32254639458287,1.7392387507786928
31aa346f0de81b7e,COph100/026/026_M_GA33_BW1700_PA38_DG11_PF0_D1_S03_2__026_M_GA33_BW1700_PA40_DG11_PF0_D1_S04_11,COph100/patient/026,COph100,xfeat_h,True,False,3.2008941586344415,0.21465185168041878
fd7cbcf19df9e53d,COph100/026/026_M_GA33_BW1700_PA38_DG11_PF0_D1_S03_2__026_M_GA33_BW1700_PA40_DG11_PF0_D1_S04_11,COph100/patient/026,COph100,xfeat_tps,True,False,,5.912796902709397
8d97f87f52cd4a9a,COph100/026/026_M_GA33_BW1700_PA38_DG11_PF0_D1_S03_2__026_M_GA33_BW1700_PA42_DG11_PF0_D1_S05_8,COph100/patient/026,COph100,sift_h,True,False,5.415846488560243,0.0829437911268972
7007d5728b40c30d,COph100/026/026_M_GA33_BW1700_PA38_DG11_PF0_D1_S03_2__026_M_GA33_BW1700_PA42_DG11_PF0_D1_S05_8,COph100/patient/026,COph100,sp_lg_h,False,False,4.563791750599069,0.09924038496622614
22d2acf30727160a,COph100/026/026_M_GA33_BW1700_PA38_DG11_PF0_D1_S03_2__026_M_GA33_BW1700_PA42_DG11_PF0_D1_S05_8,COph100/patient/026,COph100,xfeat_h,True,False,19.425308018056946,0.007031129999484926
4b4e3fc7f1b869a3,COph100/026/026_M_GA33_BW1700_PA38_DG11_PF0_D1_S03_2__026_M_GA33_BW1700_PA42_DG11_PF0_D1_S05_8,COph100/patient/026,COph100,xfeat_tps,True,False,,11.249684357947501
21191668f5ebc2e7,COph100/026/026_M_GA33_BW1700_PA40_DG11_PF0_D1_S04_11__026_M_GA33_BW1700_PA42_DG11_PF0_D1_S05_8,COph100/patient/026,COph100,sift_h,True,True,0.0,3217986.511372475
a0b710c438d8f94e,COph100/026/026_M_GA33_BW1700_PA40_DG11_PF0_D1_S04_11__026_M_GA33_BW1700_PA42_DG11_PF0_D1_S05_8,COph100/patient/026,COph100,sp_lg_h,True,False,6.814292159658186,0.052414506882474066
429f67141582d06a,COph100/026/026_M_GA33_BW1700_PA40_DG11_PF0_D1_S04_11__026_M_GA33_BW1700_PA42_DG11_PF0_D1_S05_8,COph100/patient/026,COph100,xfeat_h,True,False,3.0055288604990333,0.2249891009846385
12f04bc25ba3d97c,COph100/026/026_M_GA33_BW1700_PA40_DG11_PF0_D1_S04_11__026_M_GA33_BW1700_PA42_DG11_PF0_D1_S05_8,COph100/patient/026,COph100,xfeat_tps,True,False,,6.565400836864625
2926d413cc36170c,COph100/027/027_F_GA31_BW1460_PA33_DG11_PF0_D1_S01_4__027_F_GA31_BW1460_PA35_DG11_PF0_D1_S02_2,COph100/patient/027,COph100,sift_h,True,False,1.2514743860291528,1.7078767429094577
b39be848519dd8cf,COph100/027/027_F_GA31_BW1460_PA33_DG11_PF0_D1_S01_4__027_F_GA31_BW1460_PA35_DG11_PF0_D1_S02_2,COph100/patient/027,COph100,sp_lg_h,False,False,9.363660279287071,0.028580937327046516
581f56feff558c93,COph100/027/027_F_GA31_BW1460_PA33_DG11_PF0_D1_S01_4__027_F_GA31_BW1460_PA35_DG11_PF0_D1_S02_2,COph100/patient/027,COph100,xfeat_h,False,False,9.437709017007242,0.02779552278276967
6eee1750ebaae950,COph100/027/027_F_GA31_BW1460_PA33_DG11_PF0_D1_S01_4__027_F_GA31_BW1460_PA35_DG11_PF0_D1_S02_2,COph100/patient/027,COph100,xfeat_tps,False,False,,19.321797730416687
ec2f6996987ecf8c,COph100/027/027_F_GA31_BW1460_PA33_DG11_PF0_D1_S01_4__027_F_GA31_BW1460_PA37_DG11_PF0_D1_S03_5,COph100/patient/027,COph100,sift_h,True,True,0.0,11026.528038357805
14f2f3a852da6972,COph100/027/027_F_GA31_BW1460_PA33_DG11_PF0_D1_S01_4__027_F_GA31_BW1460_PA37_DG11_PF0_D1_S03_5,COph100/patient/027,COph100,sp_lg_h,False,False,4.963361272201088,0.09248164839867991
3585412721dde77c,COph100/027/027_F_GA31_BW1460_PA33_DG11_PF0_D1_S01_4__027_F_GA31_BW1460_PA37_DG11_PF0_D1_S03_5,COph100/patient/027,COph100,xfeat_h,True,False,2.915474712074767,0.2710152942375626
9ac6a9a24a045081,COph100/027/027_F_GA31_BW1460_PA33_DG11_PF0_D1_S01_4__027_F_GA31_BW1460_PA37_DG11_PF0_D1_S03_5,COph100/patient/027,COph100,xfeat_tps,True,False,,14.289285006210346
aebf176415b63b6a,COph100/027/027_F_GA31_BW1460_PA33_DG11_PF0_D1_S01_4__027_F_GA31_BW1460_PA40_DG11_PF0_D1_S04_7,COph100/patient/027,COph100,sift_h,True,True,0.0,7.972709519989375
c91bf0f15ee5f5b8,COph100/027/027_F_GA31_BW1460_PA33_DG11_PF0_D1_S01_4__027_F_GA31_BW1460_PA40_DG11_PF0_D1_S04_7,COph100/patient/027,COph100,sp_lg_h,True,False,1.4615294496419071,0.938688251167508
496dbbb409f01f0a,COph100/027/027_F_GA31_BW1460_PA33_DG11_PF0_D1_S01_4__027_F_GA31_BW1460_PA40_DG11_PF0_D1_S04_7,COph100/patient/027,COph100,xfeat_h,True,False,1.8134863742021867,0.5302167593258199
2b9ad9424b9222f7,COph100/027/027_F_GA31_BW1460_PA33_DG11_PF0_D1_S01_4__027_F_GA31_BW1460_PA40_DG11_PF0_D1_S04_7,COph100/patient/027,COph100,xfeat_tps,True,False,,10.315670114224478
2e51dc12e56ffe46,COph100/027/027_F_GA31_BW1460_PA35_DG11_PF0_D1_S02_2__027_F_GA31_BW1460_PA37_DG11_PF0_D1_S03_5,COph100/patient/027,COph100,sift_h,True,True,0.0,26365.8468633876
ef5a15a140ce96f6,COph100/027/027_F_GA31_BW1460_PA35_DG11_PF0_D1_S02_2__027_F_GA31_BW1460_PA37_DG11_PF0_D1_S03_5,COph100/patient/027,COph100,sp_lg_h,False,False,14.905755086068508,0.011154680094427358
11ccd02387b3c3b1,COph100/027/027_F_GA31_BW1460_PA35_DG11_PF0_D1_S02_2__027_F_GA31_BW1460_PA37_DG11_PF0_D1_S03_5,COph100/patient/027,COph100,xfeat_h,False,False,10.507538846037798,0.0237265439383091
48a16b926edd1731,COph100/027/027_F_GA31_BW1460_PA35_DG11_PF0_D1_S02_2__027_F_GA31_BW1460_PA37_DG11_PF0_D1_S03_5,COph100/patient/027,COph100,xfeat_tps,True,False,,10.410701404427591
f086aff5795672a6,COph100/027/027_F_GA31_BW1460_PA35_DG11_PF0_D1_S02_2__027_F_GA31_BW1460_PA40_DG11_PF0_D1_S04_7,COph100/patient/027,COph100,sift_h,True,True,0.0,185.43151544933124
e1e4b3b2ff1731c7,COph100/027/027_F_GA31_BW1460_PA35_DG11_PF0_D1_S02_2__027_F_GA31_BW1460_PA40_DG11_PF0_D1_S04_7,COph100/patient/027,COph100,sp_lg_h,True,False,3.6102430035951043,0.16360555651360964
6ea624adebf0ebbc,COph100/027/027_F_GA31_BW1460_PA35_DG11_PF0_D1_S02_2__027_F_GA31_BW1460_PA40_DG11_PF0_D1_S04_7,COph100/patient/027,COph100,xfeat_h,True,False,2.473123465169152,0.3169425425033187
86f398ca48fff32e,COph100/027/027_F_GA31_BW1460_PA35_DG11_PF0_D1_S02_2__027_F_GA31_BW1460_PA40_DG11_PF0_D1_S04_7,COph100/patient/027,COph100,xfeat_tps,True,False,,8.089802056911774
6e9e7fe5afbe010f,COph100/027/027_F_GA31_BW1460_PA37_DG11_PF0_D1_S03_5__027_F_GA31_BW1460_PA40_DG11_PF0_D1_S04_7,COph100/patient/027,COph100,sift_h,True,True,0.0,1198.9416113131379
3bf777b60f326659,COph100/027/027_F_GA31_BW1460_PA37_DG11_PF0_D1_S03_5__027_F_GA31_BW1460_PA40_DG11_PF0_D1_S04_7,COph100/patient/027,COph100,sp_lg_h,False,False,7.223076256326443,0.04650702745765377
c34d68bbfa2b1657,COph100/027/027_F_GA31_BW1460_PA37_DG11_PF0_D1_S03_5__027_F_GA31_BW1460_PA40_DG11_PF0_D1_S04_7,COph100/patient/027,COph100,xfeat_h,True,False,9.928727577597185,0.026034566787361074
306f7ee4089d39fb,COph100/027/027_F_GA31_BW1460_PA37_DG11_PF0_D1_S03_5__027_F_GA31_BW1460_PA40_DG11_PF0_D1_S04_7,COph100/patient/027,COph100,xfeat_tps,False,False,,9.40218114944812
ebaac453d046e307,COph100/028-1/028_F_GA32_BW1760_PA33_DG0_PF0_D1_S01_6__028_F_GA32_BW1760_PA38_DG0_PF0_D1_S02_7,COph100/patient/028,COph100,sift_h,True,False,5.9209118908615626,0.06445497045789719
f234b8f385443c8b,COph100/028-1/028_F_GA32_BW1760_PA33_DG0_PF0_D1_S01_6__028_F_GA32_BW1760_PA38_DG0_PF0_D1_S02_7,COph100/patient/028,COph100,sp_lg_h,True,False,3.3776785459604457,0.1758639943180139
5ae4e7982f259364,COph100/028-1/028_F_GA32_BW1760_PA33_DG0_PF0_D1_S01_6__028_F_GA32_BW1760_PA38_DG0_PF0_D1_S02_7,COph100/patient/028,COph100,xfeat_h,True,False,5.590318753423497,0.07293690106426964
8fcd877d979b4ae5,COph100/028-1/028_F_GA32_BW1760_PA33_DG0_PF0_D1_S01_6__028_F_GA32_BW1760_PA38_DG0_PF0_D1_S02_7,COph100/patient/028,COph100,xfeat_tps,False,False,,10.65593687265391
ea3f102b87f3bda1,COph100/028-1/028_F_GA32_BW1760_PA33_DG0_PF0_D1_S01_6__028_F_GA32_BW1760_PA41_DG0_PF0_D1_S03_7,COph100/patient/028,COph100,sift_h,True,False,0.2655066349283853,29.070328806259752
e5eda665cc226152,COph100/028-1/028_F_GA32_BW1760_PA33_DG0_PF0_D1_S01_6__028_F_GA32_BW1760_PA41_DG0_PF0_D1_S03_7,COph100/patient/028,COph100,sp_lg_h,True,False,25.929472359369893,0.0036124099275509636
bf86db2f99b598ef,COph100/028-1/028_F_GA32_BW1760_PA33_DG0_PF0_D1_S01_6__028_F_GA32_BW1760_PA41_DG0_PF0_D1_S03_7,COph100/patient/028,COph100,xfeat_h,True,False,1.6123874739057322,0.7171092634521348
1b2cc4332af4a8fc,COph100/028-1/028_F_GA32_BW1760_PA33_DG0_PF0_D1_S01_6__028_F_GA32_BW1760_PA41_DG0_PF0_D1_S03_7,COph100/patient/028,COph100,xfeat_tps,True,False,,7.46317410273208
529df8d48717356d,COph100/028-1/028_F_GA32_BW1760_PA38_DG0_PF0_D1_S02_7__028_F_GA32_BW1760_PA41_DG0_PF0_D1_S03_7,COph100/patient/028,COph100,sift_h,True,True,0.0,2339.1553528089235
bac5d25d8149809c,COph100/028-1/028_F_GA32_BW1760_PA38_DG0_PF0_D1_S02_7__028_F_GA32_BW1760_PA41_DG0_PF0_D1_S03_7,COph100/patient/028,COph100,sp_lg_h,False,False,31.28969438668467,0.002738897870575165
dd92e19658b47b9f,COph100/028-1/028_F_GA32_BW1760_PA38_DG0_PF0_D1_S02_7__028_F_GA32_BW1760_PA41_DG0_PF0_D1_S03_7,COph100/patient/028,COph100,xfeat_h,False,False,10.576841712312431,0.022732761423018936
5767a5fc41a196ed,COph100/028-1/028_F_GA32_BW1760_PA38_DG0_PF0_D1_S02_7__028_F_GA32_BW1760_PA41_DG0_PF0_D1_S03_7,COph100/patient/028,COph100,xfeat_tps,False,False,,10.107673458512387
09c593ff4776c729,COph100/028/028_F_GA32_BW1760_PA33_DG0_PF0_D1_S01_2__028_F_GA32_BW1760_PA38_DG0_PF0_D1_S02_3,COph100/patient/028,COph100,sift_h,True,True,0.0,312679.7457305179
ca98afbf7a20b7f8,COph100/028/028_F_GA32_BW1760_PA33_DG0_PF0_D1_S01_2__028_F_GA32_BW1760_PA38_DG0_PF0_D1_S02_3,COph100/patient/028,COph100,sp_lg_h,False,False,10.15575632153065,0.023753428696790996
357d6359c73b952d,COph100/028/028_F_GA32_BW1760_PA33_DG0_PF0_D1_S01_2__028_F_GA32_BW1760_PA38_DG0_PF0_D1_S02_3,COph100/patient/028,COph100,xfeat_h,True,False,9.869951744678168,0.02530993103408833
2eaa9e5f5c2fd45e,COph100/028/028_F_GA32_BW1760_PA33_DG0_PF0_D1_S01_2__028_F_GA32_BW1760_PA38_DG0_PF0_D1_S02_3,COph100/patient/028,COph100,xfeat_tps,True,False,,13.007437249972682
36a5d609f237f98b,COph100/028/028_F_GA32_BW1760_PA33_DG0_PF0_D1_S01_2__028_F_GA32_BW1760_PA41_DG0_PF0_D1_S03_2,COph100/patient/028,COph100,sift_h,True,True,0.0,8102912.4959916705
683aad45393dc0fa,COph100/028/028_F_GA32_BW1760_PA33_DG0_PF0_D1_S01_2__028_F_GA32_BW1760_PA41_DG0_PF0_D1_S03_2,COph100/patient/028,COph100,sp_lg_h,True,False,2.6499906388743315,0.2975891286276433
d7fff446eda4d3eb,COph100/028/028_F_GA32_BW1760_PA33_DG0_PF0_D1_S01_2__028_F_GA32_BW1760_PA41_DG0_PF0_D1_S03_2,COph100/patient/028,COph100,xfeat_h,True,False,2.7141022121934624,0.31852304743701376
4d1622959123ed08,COph100/028/028_F_GA32_BW1760_PA33_DG0_PF0_D1_S01_2__028_F_GA32_BW1760_PA41_DG0_PF0_D1_S03_2,COph100/patient/028,COph100,xfeat_tps,True,False,,6.303447839073702
691105a58c1b082d,COph100/028/028_F_GA32_BW1760_PA38_DG0_PF0_D1_S02_3__028_F_GA32_BW1760_PA41_DG0_PF0_D1_S03_2,COph100/patient/028,COph100,sift_h,True,False,1.8040995032365856,0.6731511837636948
94ac0928bc1e9063,COph100/028/028_F_GA32_BW1760_PA38_DG0_PF0_D1_S02_3__028_F_GA32_BW1760_PA41_DG0_PF0_D1_S03_2,COph100/patient/028,COph100,sp_lg_h,False,False,25.352316871872304,0.004189223699981967
ac715a44363ef230,COph100/028/028_F_GA32_BW1760_PA38_DG0_PF0_D1_S02_3__028_F_GA32_BW1760_PA41_DG0_PF0_D1_S03_2,COph100/patient/028,COph100,xfeat_h,False,False,19.302127034923245,0.007056610185704748
dc5aea3ea4864718,COph100/028/028_F_GA32_BW1760_PA38_DG0_PF0_D1_S02_3__028_F_GA32_BW1760_PA41_DG0_PF0_D1_S03_2,COph100/patient/028,COph100,xfeat_tps,False,False,,7.133586538387583
020ce9a918cdfea6,COph100/031-1/031_M_GA25_BW910_PA32_DG2_PF0_D1_S01_6__031_M_GA25_BW910_PA33_DG3_PF0_D1_S02_8,COph100/patient/031,COph100,sift_h,True,False,5.052105353601682,0.11531775303455943
ac3854fbb5bf0657,COph100/031-1/031_M_GA25_BW910_PA32_DG2_PF0_D1_S01_6__031_M_GA25_BW910_PA33_DG3_PF0_D1_S02_8,COph100/patient/031,COph100,sp_lg_h,True,False,6.63730074152908,0.05479250977432724
dad056bcfd20094c,COph100/031-1/031_M_GA25_BW910_PA32_DG2_PF0_D1_S01_6__031_M_GA25_BW910_PA33_DG3_PF0_D1_S02_8,COph100/patient/031,COph100,xfeat_h,False,False,4.966281975315895,0.08970716288012226
1ccc0aa8b0be4d74,COph100/031-1/031_M_GA25_BW910_PA32_DG2_PF0_D1_S01_6__031_M_GA25_BW910_PA33_DG3_PF0_D1_S02_8,COph100/patient/031,COph100,xfeat_tps,True,False,,3.171652004522773
6634015b511f8554,COph100/031-1/031_M_GA25_BW910_PA32_DG2_PF0_D1_S01_6__031_M_GA25_BW910_PA34_DG3_PF0_D1_S03_4,COph100/patient/031,COph100,sp_lg_h,False,False,11.31552774248265,0.019841465576449717
9298dede3236df30,COph100/031-1/031_M_GA25_BW910_PA32_DG2_PF0_D1_S01_6__031_M_GA25_BW910_PA34_DG3_PF0_D1_S03_4,COph100/patient/031,COph100,xfeat_h,False,False,14.197278415282554,0.012617047310200013
8aa9ece53f276d8b,COph100/031-1/031_M_GA25_BW910_PA32_DG2_PF0_D1_S01_6__031_M_GA25_BW910_PA34_DG3_PF0_D1_S03_4,COph100/patient/031,COph100,xfeat_tps,False,False,,8.588525295822588
77489fa3cfc93e98,COph100/031-1/031_M_GA25_BW910_PA32_DG2_PF0_D1_S01_6__031_M_GA25_BW910_PA35_DG3_PF0_D1_S04_7,COph100/patient/031,COph100,sift_h,True,True,0.0,1412.8519620092384
db97d529476568f6,COph100/031-1/031_M_GA25_BW910_PA32_DG2_PF0_D1_S01_6__031_M_GA25_BW910_PA35_DG3_PF0_D1_S04_7,COph100/patient/031,COph100,sp_lg_h,False,False,5.023380945318192,0.09902653223438795
587cf0bd8a972d7e,COph100/031-1/031_M_GA25_BW910_PA32_DG2_PF0_D1_S01_6__031_M_GA25_BW910_PA35_DG3_PF0_D1_S04_7,COph100/patient/031,COph100,xfeat_h,False,False,8.997077046637612,0.029955104941535683
554b0b113dad30d1,COph100/031-1/031_M_GA25_BW910_PA32_DG2_PF0_D1_S01_6__031_M_GA25_BW910_PA35_DG3_PF0_D1_S04_7,COph100/patient/031,COph100,xfeat_tps,False,False,,12.04183849937002
9fa9b244be9f9243,COph100/031-1/031_M_GA25_BW910_PA32_DG2_PF0_D1_S01_6__031_M_GA25_BW910_PA36_DG3_PF0_D1_S05_10,COph100/patient/031,COph100,sift_h,True,True,0.0,35658.75412184697
e8e0f206823f09c1,COph100/031-1/031_M_GA25_BW910_PA32_DG2_PF0_D1_S01_6__031_M_GA25_BW910_PA36_DG3_PF0_D1_S05_10,COph100/patient/031,COph100,sp_lg_h,False,False,14.697705594316652,0.01215060518981493
8b25afb5193d0eef,COph100/031-1/031_M_GA25_BW910_PA32_DG2_PF0_D1_S01_6__031_M_GA25_BW910_PA36_DG3_PF0_D1_S05_10,COph100/patient/031,COph100,xfeat_h,False,False,4.420393832784052,0.1267057575065242
a15d4a800e415c88,COph100/031-1/031_M_GA25_BW910_PA32_DG2_PF0_D1_S01_6__031_M_GA25_BW910_PA36_DG3_PF0_D1_S05_10,COph100/patient/031,COph100,xfeat_tps,True,False,,6.7840612286704935
7162899149b4729a,COph100/031-1/031_M_GA25_BW910_PA32_DG2_PF0_D1_S01_6__031_M_GA25_BW910_PA37_DG3_PF0_D1_S06_10,COph100/patient/031,COph100,xfeat_h,True,False,2.054521327228143,0.35918505386429617
364068896dbbaf25,COph100/031-1/031_M_GA25_BW910_PA32_DG2_PF0_D1_S01_6__031_M_GA25_BW910_PA37_DG3_PF0_D1_S06_10,COph100/patient/031,COph100,xfeat_tps,True,False,,1.592546070926898
c3bbe478d2ea7d4f,COph100/031-1/031_M_GA25_BW910_PA32_DG2_PF0_D1_S01_6__031_M_GA25_BW910_PA38_DG3_PF0_D1_S07_3,COph100/patient/031,COph100,sift_h,True,False,0.8696022153773935,2.122194492016353
8f9a81b81ffa05cb,COph100/031-1/031_M_GA25_BW910_PA32_DG2_PF0_D1_S01_6__031_M_GA25_BW910_PA38_DG3_PF0_D1_S07_3,COph100/patient/031,COph100,sp_lg_h,False,False,23.128498670997693,0.004679383509801498
a1225cf635012dc0,COph100/031-1/031_M_GA25_BW910_PA32_DG2_PF0_D1_S01_6__031_M_GA25_BW910_PA38_DG3_PF0_D1_S07_3,COph100/patient/031,COph100,xfeat_h,True,False,7.718744438535211,0.041952645080329934
a564b847f6eac7a1,COph100/031-1/031_M_GA25_BW910_PA32_DG2_PF0_D1_S01_6__031_M_GA25_BW910_PA38_DG3_PF0_D1_S07_3,COph100/patient/031,COph100,xfeat_tps,False,False,,7.693018704011484
8865e66931594c8c,COph100/031-1/031_M_GA25_BW910_PA32_DG2_PF0_D1_S01_6__031_M_GA25_BW910_PA40_DG2_PF0_D1_S08_4,COph100/patient/031,COph100,sp_lg_h,False,False,6.948743001147274,0.04434681367047754
e64dc350ae345dfb,COph100/031-1/031_M_GA25_BW910_PA32_DG2_PF0_D1_S01_6__031_M_GA25_BW910_PA40_DG2_PF0_D1_S08_4,COph100/patient/031,COph100,xfeat_h,False,False,2.6282717044399346,0.30342622096259453
2ec63fa9d25f17ae,COph100/031-1/031_M_GA25_BW910_PA32_DG2_PF0_D1_S01_6__031_M_GA25_BW910_PA40_DG2_PF0_D1_S08_4,COph100/patient/031,COph100,xfeat_tps,False,False,,7.679683316865971
35077f99b6b40a36,COph100/031-1/031_M_GA25_BW910_PA32_DG2_PF0_D1_S01_6__031_M_GA25_BW910_PA43_DG9_PF0_D1_S09_4,COph100/patient/031,COph100,sp_lg_h,True,False,1.3174025257904016,1.0877016348026087
ff09bbdea693bf9d,COph100/031-1/031_M_GA25_BW910_PA32_DG2_PF0_D1_S01_6__031_M_GA25_BW910_PA43_DG9_PF0_D1_S09_4,COph100/patient/031,COph100,xfeat_h,True,False,0.20299001905942665,30.598957301996208
629e67a251062283,COph100/031-1/031_M_GA25_BW910_PA32_DG2_PF0_D1_S01_6__031_M_GA25_BW910_PA43_DG9_PF0_D1_S09_4,COph100/patient/031,COph100,xfeat_tps,True,False,,3.738524163593426
8ee89595d933457b,COph100/031-1/031_M_GA25_BW910_PA33_DG3_PF0_D1_S02_8__031_M_GA25_BW910_PA34_DG3_PF0_D1_S03_4,COph100/patient/031,COph100,sift_h,True,False,17.160234897206617,0.008656191191173836
e350f2847530ec18,COph100/031-1/031_M_GA25_BW910_PA33_DG3_PF0_D1_S02_8__031_M_GA25_BW910_PA34_DG3_PF0_D1_S03_4,COph100/patient/031,COph100,sp_lg_h,False,False,17.845998665385668,0.008049201746670637
e22c05ac679b9a25,COph100/031-1/031_M_GA25_BW910_PA33_DG3_PF0_D1_S02_8__031_M_GA25_BW910_PA34_DG3_PF0_D1_S03_4,COph100/patient/031,COph100,xfeat_h,False,False,11.536956456856792,0.02012950671413819
3f14e267529d3465,COph100/031-1/031_M_GA25_BW910_PA33_DG3_PF0_D1_S02_8__031_M_GA25_BW910_PA34_DG3_PF0_D1_S03_4,COph100/patient/031,COph100,xfeat_tps,False,False,,5.209760950497148
1ed4b159bdbf5ee8,COph100/031-1/031_M_GA25_BW910_PA33_DG3_PF0_D1_S02_8__031_M_GA25_BW910_PA35_DG3_PF0_D1_S04_7,COph100/patient/031,COph100,sift_h,True,False,0.45316656541027805,12.45207806474906
1efbe71326823b3e,COph100/031-1/031_M_GA25_BW910_PA33_DG3_PF0_D1_S02_8__031_M_GA25_BW910_PA35_DG3_PF0_D1_S04_7,COph100/patient/031,COph100,sp_lg_h,False,False,8.893782654182864,0.0337182529200057
136a4a71bc13f9df,COph100/031-1/031_M_GA25_BW910_PA33_DG3_PF0_D1_S02_8__031_M_GA25_BW910_PA35_DG3_PF0_D1_S04_7,COph100/patient/031,COph100,xfeat_h,False,False,22.90500897109944,0.005261897454905278
91049b5742f1427a,COph100/031-1/031_M_GA25_BW910_PA33_DG3_PF0_D1_S02_8__031_M_GA25_BW910_PA35_DG3_PF0_D1_S04_7,COph100/patient/031,COph100,xfeat_tps,False,False,,7.94120570581101
7874a6d77a2a1f26,COph100/031-1/031_M_GA25_BW910_PA33_DG3_PF0_D1_S02_8__031_M_GA25_BW910_PA36_DG3_PF0_D1_S05_10,COph100/patient/031,COph100,sift_h,True,False,11.825845627288269,0.019908314906175652
d4571f2cea334c1a,COph100/031-1/031_M_GA25_BW910_PA33_DG3_PF0_D1_S02_8__031_M_GA25_BW910_PA36_DG3_PF0_D1_S05_10,COph100/patient/031,COph100,sp_lg_h,False,False,3.465107638023546,0.16831335843766532
016798737f691cb4,COph100/031-1/031_M_GA25_BW910_PA33_DG3_PF0_D1_S02_8__031_M_GA25_BW910_PA36_DG3_PF0_D1_S05_10,COph100/patient/031,COph100,xfeat_h,False,False,4.928258268971356,0.09307825322425307
d9eed2daea096430,COph100/031-1/031_M_GA25_BW910_PA33_DG3_PF0_D1_S02_8__031_M_GA25_BW910_PA36_DG3_PF0_D1_S05_10,COph100/patient/031,COph100,xfeat_tps,False,False,,6.587133899585657
4b02f814429f08a8,COph100/031-1/031_M_GA25_BW910_PA33_DG3_PF0_D1_S02_8__031_M_GA25_BW910_PA37_DG3_PF0_D1_S06_10,COph100/patient/031,COph100,sift_h,True,True,0.0,2931274342.1230016
9145e15b74c36c09,COph100/031-1/031_M_GA25_BW910_PA33_DG3_PF0_D1_S02_8__031_M_GA25_BW910_PA37_DG3_PF0_D1_S06_10,COph100/patient/031,COph100,sp_lg_h,False,False,10.998423273841537,0.021436998362344372
cd30a9dff6218cb1,COph100/031-1/031_M_GA25_BW910_PA33_DG3_PF0_D1_S02_8__031_M_GA25_BW910_PA37_DG3_PF0_D1_S06_10,COph100/patient/031,COph100,xfeat_h,True,False,3.8370852479242434,0.17040431579653761
e4cffe3b0cdcfe55,COph100/031-1/031_M_GA25_BW910_PA33_DG3_PF0_D1_S02_8__031_M_GA25_BW910_PA37_DG3_PF0_D1_S06_10,COph100/patient/031,COph100,xfeat_tps,True,False,,5.212072160086866
49831437acd8c682,COph100/031-1/031_M_GA25_BW910_PA33_DG3_PF0_D1_S02_8__031_M_GA25_BW910_PA38_DG3_PF0_D1_S07_3,COph100/patient/031,COph100,sift_h,True,False,8.397270992382175,0.03765159027966232
69a1c6535729faf3,COph100/031-1/031_M_GA25_BW910_PA33_DG3_PF0_D1_S02_8__031_M_GA25_BW910_PA38_DG3_PF0_D1_S07_3,COph100/patient/031,COph100,sp_lg_h,False,False,5.071549120635257,0.07977270707596251
8a73f4b2ac4b15dc,COph100/031-1/031_M_GA25_BW910_PA33_DG3_PF0_D1_S02_8__031_M_GA25_BW910_PA38_DG3_PF0_D1_S07_3,COph100/patient/031,COph100,xfeat_h,False,False,5.998386999855201,0.061640522598257946
07b0dbdb84fd9a99,COph100/031-1/031_M_GA25_BW910_PA33_DG3_PF0_D1_S02_8__031_M_GA25_BW910_PA38_DG3_PF0_D1_S07_3,COph100/patient/031,COph100,xfeat_tps,False,False,,6.472960433401032
630a6792d15f5817,COph100/031-1/031_M_GA25_BW910_PA33_DG3_PF0_D1_S02_8__031_M_GA25_BW910_PA40_DG2_PF0_D1_S08_4,COph100/patient/031,COph100,sift_h,True,False,1.1039843991813096,1.3290625009861134
2b5885648b6b6112,COph100/031-1/031_M_GA25_BW910_PA33_DG3_PF0_D1_S02_8__031_M_GA25_BW910_PA40_DG2_PF0_D1_S08_4,COph100/patient/031,COph100,sp_lg_h,False,False,3.453554779376825,0.20446215832995132
81150837f1268b86,COph100/031-1/031_M_GA25_BW910_PA33_DG3_PF0_D1_S02_8__031_M_GA25_BW910_PA40_DG2_PF0_D1_S08_4,COph100/patient/031,COph100,xfeat_h,False,False,4.626792964512837,0.09235475299237461
ecba07e3e8d36eb4,COph100/031-1/031_M_GA25_BW910_PA33_DG3_PF0_D1_S02_8__031_M_GA25_BW910_PA40_DG2_PF0_D1_S08_4,COph100/patient/031,COph100,xfeat_tps,False,False,,6.358920590980878
222f9e8a6bcd064e,COph100/031-1/031_M_GA25_BW910_PA33_DG3_PF0_D1_S02_8__031_M_GA25_BW910_PA43_DG9_PF0_D1_S09_4,COph100/patient/031,COph100,sift_h,True,True,0.0,16797.701521262832
39f3835014aee014,COph100/031-1/031_M_GA25_BW910_PA33_DG3_PF0_D1_S02_8__031_M_GA25_BW910_PA43_DG9_PF0_D1_S09_4,COph100/patient/031,COph100,sp_lg_h,True,False,4.494209938004079,0.11833907311569766
19e7a568a9a0d695,COph100/031-1/031_M_GA25_BW910_PA33_DG3_PF0_D1_S02_8__031_M_GA25_BW910_PA43_DG9_PF0_D1_S09_4,COph100/patient/031,COph100,xfeat_h,True,False,28.082399753996338,0.003180235457691716
cc120e441ed60030,COph100/031-1/031_M_GA25_BW910_PA33_DG3_PF0_D1_S02_8__031_M_GA25_BW910_PA43_DG9_PF0_D1_S09_4,COph100/patient/031,COph100,xfeat_tps,True,False,,6.04895189502108
8b1a8e1ea55f52cf,COph100/031-1/031_M_GA25_BW910_PA34_DG3_PF0_D1_S03_4__031_M_GA25_BW910_PA35_DG3_PF0_D1_S04_7,COph100/patient/031,COph100,sift_h,True,False,4.110060550332282,0.14087857445677263
154021d747670535,COph100/031-1/031_M_GA25_BW910_PA34_DG3_PF0_D1_S03_4__031_M_GA25_BW910_PA35_DG3_PF0_D1_S04_7,COph100/patient/031,COph100,sp_lg_h,False,False,50.34696724233084,0.0011145940850149012
114aa7d01b6d7e5b,COph100/031-1/031_M_GA25_BW910_PA34_DG3_PF0_D1_S03_4__031_M_GA25_BW910_PA35_DG3_PF0_D1_S04_7,COph100/patient/031,COph100,xfeat_h,False,False,45.723962329591856,0.0013443480878990932
5e6b87c537947549,COph100/031-1/031_M_GA25_BW910_PA34_DG3_PF0_D1_S03_4__031_M_GA25_BW910_PA35_DG3_PF0_D1_S04_7,COph100/patient/031,COph100,xfeat_tps,False,False,,9.348484888133523
e12a5f3d732c2adc,COph100/031-1/031_M_GA25_BW910_PA34_DG3_PF0_D1_S03_4__031_M_GA25_BW910_PA36_DG3_PF0_D1_S05_10,COph100/patient/031,COph100,sp_lg_h,True,False,20.595585388772314,0.006440248347210324
f41ea506eddab589,COph100/031-1/031_M_GA25_BW910_PA34_DG3_PF0_D1_S03_4__031_M_GA25_BW910_PA36_DG3_PF0_D1_S05_10,COph100/patient/031,COph100,xfeat_h,False,False,9.97088326206636,0.027246298551727017
093128cb9c4a767d,COph100/031-1/031_M_GA25_BW910_PA34_DG3_PF0_D1_S03_4__031_M_GA25_BW910_PA36_DG3_PF0_D1_S05_10,COph100/patient/031,COph100,xfeat_tps,False,False,,9.258883022499592
a508c15668fc8789,COph100/031-1/031_M_GA25_BW910_PA34_DG3_PF0_D1_S03_4__031_M_GA25_BW910_PA37_DG3_PF0_D1_S06_10,COph100/patient/031,COph100,sift_h,True,False,0.8247741332485631,2.3135238036534895
cb4687e6954b1826,COph100/031-1/031_M_GA25_BW910_PA34_DG3_PF0_D1_S03_4__031_M_GA25_BW910_PA37_DG3_PF0_D1_S06_10,COph100/patient/031,COph100,sp_lg_h,False,False,20.997666853535208,0.005909618624718154
3cc4d4a7e816959a,COph100/031-1/031_M_GA25_BW910_PA34_DG3_PF0_D1_S03_4__031_M_GA25_BW910_PA37_DG3_PF0_D1_S06_10,COph100/patient/031,COph100,xfeat_h,False,False,3.77713220786282,0.15673783081485732
9787f01609b53a75,COph100/031-1/031_M_GA25_BW910_PA34_DG3_PF0_D1_S03_4__031_M_GA25_BW910_PA37_DG3_PF0_D1_S06_10,COph100/patient/031,COph100,xfeat_tps,False,False,,10.820483075877751
49efae197ba429e1,COph100/031-1/031_M_GA25_BW910_PA34_DG3_PF0_D1_S03_4__031_M_GA25_BW910_PA38_DG3_PF0_D1_S07_3,COph100/patient/031,COph100,sift_h,True,True,0.0,20346.17755641204
960d009dc35a21ad,COph100/031-1/031_M_GA25_BW910_PA34_DG3_PF0_D1_S03_4__031_M_GA25_BW910_PA38_DG3_PF0_D1_S07_3,COph100/patient/031,COph100,sp_lg_h,False,False,104.36307378386536,0.00024647946069643035
cfa9d441f22a58f3,COph100/031-1/031_M_GA25_BW910_PA34_DG3_PF0_D1_S03_4__031_M_GA25_BW910_PA38_DG3_PF0_D1_S07_3,COph100/patient/031,COph100,xfeat_h,False,False,5.887919394147173,0.07359954297747293
46b24620ac87d455,COph100/031-1/031_M_GA25_BW910_PA34_DG3_PF0_D1_S03_4__031_M_GA25_BW910_PA38_DG3_PF0_D1_S07_3,COph100/patient/031,COph100,xfeat_tps,False,False,,16.813089938664575
a4e139d9c387cd3e,COph100/031-1/031_M_GA25_BW910_PA34_DG3_PF0_D1_S03_4__031_M_GA25_BW910_PA40_DG2_PF0_D1_S08_4,COph100/patient/031,COph100,sift_h,True,True,0.0,762434.7675868772
3d3c72ef3b5e119e,COph100/031-1/031_M_GA25_BW910_PA34_DG3_PF0_D1_S03_4__031_M_GA25_BW910_PA40_DG2_PF0_D1_S08_4,COph100/patient/031,COph100,sp_lg_h,False,False,6.457481354831496,0.05619978623893519
3f4c6351bcf84062,COph100/031-1/031_M_GA25_BW910_PA34_DG3_PF0_D1_S03_4__031_M_GA25_BW910_PA40_DG2_PF0_D1_S08_4,COph100/patient/031,COph100,xfeat_h,False,False,6.175730573612265,0.06421793623744372
5694760613cc787b,COph100/031-1/031_M_GA25_BW910_PA34_DG3_PF0_D1_S03_4__031_M_GA25_BW910_PA40_DG2_PF0_D1_S08_4,COph100/patient/031,COph100,xfeat_tps,False,False,,9.055084796008316
f2937941e934991a,COph100/031-1/031_M_GA25_BW910_PA34_DG3_PF0_D1_S03_4__031_M_GA25_BW910_PA43_DG9_PF0_D1_S09_4,COph100/patient/031,COph100,sift_h,True,True,0.0,11.760946386686001
4b4a4c227fe3ff40,COph100/031-1/031_M_GA25_BW910_PA34_DG3_PF0_D1_S03_4__031_M_GA25_BW910_PA43_DG9_PF0_D1_S09_4,COph100/patient/031,COph100,sp_lg_h,False,False,2.2437867894942647,0.37957111760684364
043dcc090c3ed9d9,COph100/031-1/031_M_GA25_BW910_PA34_DG3_PF0_D1_S03_4__031_M_GA25_BW910_PA43_DG9_PF0_D1_S09_4,COph100/patient/031,COph100,xfeat_h,False,False,2.5138285652196597,0.30670625698733217
c5c5d75d96150854,COph100/031-1/031_M_GA25_BW910_PA34_DG3_PF0_D1_S03_4__031_M_GA25_BW910_PA43_DG9_PF0_D1_S09_4,COph100/patient/031,COph100,xfeat_tps,False,False,,9.375546319290576
eaf325eea3104412,COph100/031-1/031_M_GA25_BW910_PA35_DG3_PF0_D1_S04_7__031_M_GA25_BW910_PA36_DG3_PF0_D1_S05_10,COph100/patient/031,COph100,sift_h,True,True,0.0,372.4649276763875
8c681511a9708593,COph100/031-1/031_M_GA25_BW910_PA35_DG3_PF0_D1_S04_7__031_M_GA25_BW910_PA36_DG3_PF0_D1_S05_10,COph100/patient/031,COph100,sp_lg_h,False,False,9.510902407838001,0.03016160433032801
8c8d5a10c72915ae,COph100/031-1/031_M_GA25_BW910_PA35_DG3_PF0_D1_S04_7__031_M_GA25_BW910_PA36_DG3_PF0_D1_S05_10,COph100/patient/031,COph100,xfeat_h,True,False,6.194971302278767,0.06769499388584319
3d19b7ad5952c349,COph100/031-1/031_M_GA25_BW910_PA35_DG3_PF0_D1_S04_7__031_M_GA25_BW910_PA36_DG3_PF0_D1_S05_10,COph100/patient/031,COph100,xfeat_tps,True,False,,6.231327508117081
d4afb00193bcd10c,COph100/031-1/031_M_GA25_BW910_PA35_DG3_PF0_D1_S04_7__031_M_GA25_BW910_PA37_DG3_PF0_D1_S06_10,COph100/patient/031,COph100,sift_h,True,False,3.576390409793872,0.12949694547155605
0a27f1cc2c47dbd8,COph100/031-1/031_M_GA25_BW910_PA35_DG3_PF0_D1_S04_7__031_M_GA25_BW910_PA37_DG3_PF0_D1_S06_10,COph100/patient/031,COph100,sp_lg_h,False,False,18.78721339313125,0.0073419263304703025
dc1134407d69bda5,COph100/031-1/031_M_GA25_BW910_PA35_DG3_PF0_D1_S04_7__031_M_GA25_BW910_PA37_DG3_PF0_D1_S06_10,COph100/patient/031,COph100,xfeat_h,True,False,4.533694616294488,0.1143880022395806
a492a70219441a97,COph100/031-1/031_M_GA25_BW910_PA35_DG3_PF0_D1_S04_7__031_M_GA25_BW910_PA37_DG3_PF0_D1_S06_10,COph100/patient/031,COph100,xfeat_tps,True,False,,9.501628904322255
b5d2b4e18caac09b,COph100/031-1/031_M_GA25_BW910_PA35_DG3_PF0_D1_S04_7__031_M_GA25_BW910_PA38_DG3_PF0_D1_S07_3,COph100/patient/031,COph100,sift_h,True,True,0.0,2232.650799272847
b323528b67436d86,COph100/031-1/031_M_GA25_BW910_PA35_DG3_PF0_D1_S04_7__031_M_GA25_BW910_PA38_DG3_PF0_D1_S07_3,COph100/patient/031,COph100,sp_lg_h,False,False,37.44478716489834,0.0018651659775421815
eeeaf15494d210a7,COph100/031-1/031_M_GA25_BW910_PA35_DG3_PF0_D1_S04_7__031_M_GA25_BW910_PA38_DG3_PF0_D1_S07_3,COph100/patient/031,COph100,xfeat_h,False,False,12.258459412601683,0.017009920063073863
0cdb27e3ab8a93c3,COph100/031-1/031_M_GA25_BW910_PA35_DG3_PF0_D1_S04_7__031_M_GA25_BW910_PA38_DG3_PF0_D1_S07_3,COph100/patient/031,COph100,xfeat_tps,False,False,,13.381539840169815
9acc042d65bc3423,COph100/031-1/031_M_GA25_BW910_PA35_DG3_PF0_D1_S04_7__031_M_GA25_BW910_PA40_DG2_PF0_D1_S08_4,COph100/patient/031,COph100,sp_lg_h,False,False,6.257305779257084,0.05608941035880852
791301c506cda68c,COph100/031-1/031_M_GA25_BW910_PA35_DG3_PF0_D1_S04_7__031_M_GA25_BW910_PA40_DG2_PF0_D1_S08_4,COph100/patient/031,COph100,xfeat_h,False,False,8.726602270593148,0.03156140509604115
3d88322fd29a6898,COph100/031-1/031_M_GA25_BW910_PA35_DG3_PF0_D1_S04_7__031_M_GA25_BW910_PA40_DG2_PF0_D1_S08_4,COph100/patient/031,COph100,xfeat_tps,False,False,,16.885389145531157
ab715cafd55ed6ce,COph100/031-1/031_M_GA25_BW910_PA35_DG3_PF0_D1_S04_7__031_M_GA25_BW910_PA43_DG9_PF0_D1_S09_4,COph100/patient/031,COph100,sift_h,True,True,0.0,32761.63447223788
bace230a3f39722f,COph100/031-1/031_M_GA25_BW910_PA35_DG3_PF0_D1_S04_7__031_M_GA25_BW910_PA43_DG9_PF0_D1_S09_4,COph100/patient/031,COph100,sp_lg_h,True,False,3.8621424553584722,0.14967552781448998
50dc29b37705cbb6,COph100/031-1/031_M_GA25_BW910_PA35_DG3_PF0_D1_S04_7__031_M_GA25_BW910_PA43_DG9_PF0_D1_S09_4,COph100/patient/031,COph100,xfeat_h,True,False,3.0398843763721475,0.23847065588696562
523a6755584ddc40,COph100/031-1/031_M_GA25_BW910_PA35_DG3_PF0_D1_S04_7__031_M_GA25_BW910_PA43_DG9_PF0_D1_S09_4,COph100/patient/031,COph100,xfeat_tps,True,False,,10.790580702030635
6f537b6cede6cc67,COph100/031-1/031_M_GA25_BW910_PA36_DG3_PF0_D1_S05_10__031_M_GA25_BW910_PA37_DG3_PF0_D1_S06_10,COph100/patient/031,COph100,sift_h,True,True,0.0,180349136.97098306
3c91c5b167e8c35c,COph100/031-1/031_M_GA25_BW910_PA36_DG3_PF0_D1_S05_10__031_M_GA25_BW910_PA37_DG3_PF0_D1_S06_10,COph100/patient/031,COph100,sp_lg_h,False,False,8.110786240957287,0.03887905906377827
2584fbef6b0da16e,COph100/031-1/031_M_GA25_BW910_PA36_DG3_PF0_D1_S05_10__031_M_GA25_BW910_PA37_DG3_PF0_D1_S06_10,COph100/patient/031,COph100,xfeat_h,False,False,9.543868970212475,0.027612112010845787
c83ddf5be92e5c82,COph100/031-1/031_M_GA25_BW910_PA36_DG3_PF0_D1_S05_10__031_M_GA25_BW910_PA37_DG3_PF0_D1_S06_10,COph100/patient/031,COph100,xfeat_tps,False,False,,9.347062891847703
2ddf3ef8c313afb9,COph100/031-1/031_M_GA25_BW910_PA36_DG3_PF0_D1_S05_10__031_M_GA25_BW910_PA38_DG3_PF0_D1_S07_3,COph100/patient/031,COph100,sp_lg_h,True,False,3.5086830325158203,0.19019644023063115
bfb064b6dbd711e9,COph100/031-1/031_M_GA25_BW910_PA36_DG3_PF0_D1_S05_10__031_M_GA25_BW910_PA38_DG3_PF0_D1_S07_3,COph100/patient/031,COph100,xfeat_h,False,False,8.399710550804556,0.03592977809497504
7c97ae54473c4ee1,COph100/031-1/031_M_GA25_BW910_PA36_DG3_PF0_D1_S05_10__031_M_GA25_BW910_PA38_DG3_PF0_D1_S07_3,COph100/patient/031,COph100,xfeat_tps,False,False,,8.120066028184414
8e78de9dca28bc08,COph100/031-1/031_M_GA25_BW910_PA36_DG3_PF0_D1_S05_10__031_M_GA25_BW910_PA40_DG2_PF0_D1_S08_4,COph100/patient/031,COph100,sift_h,True,True,0.0,166951937.5271
6a44fd51a8e3a6e3,COph100/031-1/031_M_GA25_BW910_PA36_DG3_PF0_D1_S05_10__031_M_GA25_BW910_PA40_DG2_PF0_D1_S08_4,COph100/patient/031,COph100,sp_lg_h,False,False,20.674520247300652,0.005446279749015388
bff238a0ffff747d,COph100/031-1/031_M_GA25_BW910_PA36_DG3_PF0_D1_S05_10__031_M_GA25_BW910_PA40_DG2_PF0_D1_S08_4,COph100/patient/031,COph100,xfeat_h,False,False,6.4987888636454745,0.056981575230213334
60e6c1df436c10d8,COph100/031-1/031_M_GA25_BW910_PA36_DG3_PF0_D1_S05_10__031_M_GA25_BW910_PA40_DG2_PF0_D1_S08_4,COph100/patient/031,COph100,xfeat_tps,False,False,,10.61945801474617
4a4440f9de5a0601,COph100/031-1/031_M_GA25_BW910_PA36_DG3_PF0_D1_S05_10__031_M_GA25_BW910_PA43_DG9_PF0_D1_S09_4,COph100/patient/031,COph100,sift_h,True,True,0.0,17542040.967647165
63251799a70598ca,COph100/031-1/031_M_GA25_BW910_PA36_DG3_PF0_D1_S05_10__031_M_GA25_BW910_PA43_DG9_PF0_D1_S09_4,COph100/patient/031,COph100,sp_lg_h,False,False,20.648220362401425,0.005543860091080186
2a74f2045c2a737e,COph100/031-1/031_M_GA25_BW910_PA36_DG3_PF0_D1_S05_10__031_M_GA25_BW910_PA43_DG9_PF0_D1_S09_4,COph100/patient/031,COph100,xfeat_h,True,False,1.9129534877276382,0.5693431465780873
dd9e69d173dbc7b8,COph100/031-1/031_M_GA25_BW910_PA36_DG3_PF0_D1_S05_10__031_M_GA25_BW910_PA43_DG9_PF0_D1_S09_4,COph100/patient/031,COph100,xfeat_tps,True,False,,9.96483965167847
941b9b69af12b68b,COph100/031-1/031_M_GA25_BW910_PA37_DG3_PF0_D1_S06_10__031_M_GA25_BW910_PA38_DG3_PF0_D1_S07_3,COph100/patient/031,COph100,sift_h,True,False,3.0552177409974663,0.21374581149298705
919b7dafa6b5d950,COph100/031-1/031_M_GA25_BW910_PA37_DG3_PF0_D1_S06_10__031_M_GA25_BW910_PA38_DG3_PF0_D1_S07_3,COph100/patient/031,COph100,sp_lg_h,False,False,71.97204948800596,0.0005485367183273793
380fb50cc96f323e,COph100/031-1/031_M_GA25_BW910_PA37_DG3_PF0_D1_S06_10__031_M_GA25_BW910_PA38_DG3_PF0_D1_S07_3,COph100/patient/031,COph100,xfeat_h,False,False,38.91150492761227,0.0018656934393554401
e0c1e0b404ad6354,COph100/031-1/031_M_GA25_BW910_PA37_DG3_PF0_D1_S06_10__031_M_GA25_BW910_PA38_DG3_PF0_D1_S07_3,COph100/patient/031,COph100,xfeat_tps,False,False,,9.340965001438711
015028b378902392,COph100/031-1/031_M_GA25_BW910_PA37_DG3_PF0_D1_S06_10__031_M_GA25_BW910_PA40_DG2_PF0_D1_S08_4,COph100/patient/031,COph100,sift_h,True,False,6.822541028129245,0.057975571708088425
ebab92808ea02ae9,COph100/031-1/031_M_GA25_BW910_PA37_DG3_PF0_D1_S06_10__031_M_GA25_BW910_PA40_DG2_PF0_D1_S08_4,COph100/patient/031,COph100,sp_lg_h,False,False,16.000583335602208,0.009809301519191809
22ca293e2206020e,COph100/031-1/031_M_GA25_BW910_PA37_DG3_PF0_D1_S06_10__031_M_GA25_BW910_PA40_DG2_PF0_D1_S08_4,COph100/patient/031,COph100,xfeat_h,False,False,6.979290542963187,0.05039882550530597
966bbe4bcc33b4eb,COph100/031-1/031_M_GA25_BW910_PA37_DG3_PF0_D1_S06_10__031_M_GA25_BW910_PA40_DG2_PF0_D1_S08_4,COph100/patient/031,COph100,xfeat_tps,False,False,,12.856893113890095
4dfedb342ea9cf7b,COph100/031-1/031_M_GA25_BW910_PA37_DG3_PF0_D1_S06_10__031_M_GA25_BW910_PA43_DG9_PF0_D1_S09_4,COph100/patient/031,COph100,sift_h,True,True,0.0,1234962497.6839273
0f9447f02854c0c7,COph100/031-1/031_M_GA25_BW910_PA37_DG3_PF0_D1_S06_10__031_M_GA25_BW910_PA43_DG9_PF0_D1_S09_4,COph100/patient/031,COph100,sp_lg_h,True,False,2.735662480831462,0.3199881845074121
49b799497db39447,COph100/031-1/031_M_GA25_BW910_PA37_DG3_PF0_D1_S06_10__031_M_GA25_BW910_PA43_DG9_PF0_D1_S09_4,COph100/patient/031,COph100,xfeat_h,False,False,2.75132592911669,0.30325524514207214
4841f1ba74ebba13,COph100/031-1/031_M_GA25_BW910_PA37_DG3_PF0_D1_S06_10__031_M_GA25_BW910_PA43_DG9_PF0_D1_S09_4,COph100/patient/031,COph100,xfeat_tps,False,False,,6.931140609854479
d0229d7b0137bfe0,COph100/031-1/031_M_GA25_BW910_PA38_DG3_PF0_D1_S07_3__031_M_GA25_BW910_PA40_DG2_PF0_D1_S08_4,COph100/patient/031,COph100,sift_h,True,False,14.536495939575957,0.011649438347967132
7eacd620117b3dc4,COph100/031-1/031_M_GA25_BW910_PA38_DG3_PF0_D1_S07_3__031_M_GA25_BW910_PA40_DG2_PF0_D1_S08_4,COph100/patient/031,COph100,sp_lg_h,False,False,40.14028311910758,0.0016206698404981476
d1234734c29f2b3d,COph100/031-1/031_M_GA25_BW910_PA38_DG3_PF0_D1_S07_3__031_M_GA25_BW910_PA40_DG2_PF0_D1_S08_4,COph100/patient/031,COph100,xfeat_h,False,False,29.250190872027378,0.003051917673434713
f44e99e2f4853f33,COph100/031-1/031_M_GA25_BW910_PA38_DG3_PF0_D1_S07_3__031_M_GA25_BW910_PA40_DG2_PF0_D1_S08_4,COph100/patient/031,COph100,xfeat_tps,False,False,,11.990060625896835
601255c2d1787137,COph100/031-1/031_M_GA25_BW910_PA38_DG3_PF0_D1_S07_3__031_M_GA25_BW910_PA43_DG9_PF0_D1_S09_4,COph100/patient/031,COph100,sift_h,True,True,0.0,34305.56633902594
480f9e0a83deba40,COph100/031-1/031_M_GA25_BW910_PA38_DG3_PF0_D1_S07_3__031_M_GA25_BW910_PA43_DG9_PF0_D1_S09_4,COph100/patient/031,COph100,sp_lg_h,True,False,2.785763284245492,0.31336427507672193
6ce6f43359fc4b4d,COph100/031-1/031_M_GA25_BW910_PA38_DG3_PF0_D1_S07_3__031_M_GA25_BW910_PA43_DG9_PF0_D1_S09_4,COph100/patient/031,COph100,xfeat_h,True,False,3.4463687871391753,0.20761574408683017
9ded059f8d2ea8ba,COph100/031-1/031_M_GA25_BW910_PA38_DG3_PF0_D1_S07_3__031_M_GA25_BW910_PA43_DG9_PF0_D1_S09_4,COph100/patient/031,COph100,xfeat_tps,False,False,,7.290580953003865
192610bd1e503bba,COph100/031-1/031_M_GA25_BW910_PA40_DG2_PF0_D1_S08_4__031_M_GA25_BW910_PA43_DG9_PF0_D1_S09_4,COph100/patient/031,COph100,sift_h,True,False,0.5894293676840491,5.56468745721508
c56320dfc6a1445d,COph100/031-1/031_M_GA25_BW910_PA40_DG2_PF0_D1_S08_4__031_M_GA25_BW910_PA43_DG9_PF0_D1_S09_4,COph100/patient/031,COph100,sp_lg_h,False,False,11.414427945087334,0.021196929863123236
88f36089eb17e9f4,COph100/031-1/031_M_GA25_BW910_PA40_DG2_PF0_D1_S08_4__031_M_GA25_BW910_PA43_DG9_PF0_D1_S09_4,COph100/patient/031,COph100,xfeat_h,False,False,4.438342523769413,0.12195108431373664
9f17705637f71c3e,COph100/031-1/031_M_GA25_BW910_PA40_DG2_PF0_D1_S08_4__031_M_GA25_BW910_PA43_DG9_PF0_D1_S09_4,COph100/patient/031,COph100,xfeat_tps,False,False,,6.334567932594882
735a3d2ae1536dd7,COph100/031/031_M_GA25_BW910_PA32_DG2_PF0_D1_S01_1__031_M_GA25_BW910_PA33_DG3_PF0_D1_S02_1,COph100/patient/031,COph100,sift_h,True,True,0.0,340.0258557431662
1e5de5fe3e13fd53,COph100/031/031_M_GA25_BW910_PA32_DG2_PF0_D1_S01_1__031_M_GA25_BW910_PA33_DG3_PF0_D1_S02_1,COph100/patient/031,COph100,sp_lg_h,True,False,3.50232099213981,0.21254547399274043
3ebeb722e8faa3ac,COph100/031/031_M_GA25_BW910_PA32_DG2_PF0_D1_S01_1__031_M_GA25_BW910_PA33_DG3_PF0_D1_S02_1,COph100/patient/031,COph100,xfeat_h,True,False,2.862223927816578,0.3127984788415924
eaf49b63b1137aa1,COph100/031/031_M_GA25_BW910_PA32_DG2_PF0_D1_S01_1__031_M_GA25_BW910_PA33_DG3_PF0_D1_S02_1,COph100/patient/031,COph100,xfeat_tps,False,False,,6.3486880055603745
f8af5cd21fe32e0f,COph100/031/031_M_GA25_BW910_PA32_DG2_PF0_D1_S01_1__031_M_GA25_BW910_PA34_DG3_PF0_D1_S03_11,COph100/patient/031,COph100,sp_lg_h,False,False,10.611138674184339,0.023394097153089047
846434e8c1cff944,COph100/031/031_M_GA25_BW910_PA32_DG2_PF0_D1_S01_1__031_M_GA25_BW910_PA34_DG3_PF0_D1_S03_11,COph100/patient/031,COph100,xfeat_h,True,False,2.892725879619079,0.27894327947216024
0a0460056ea6d5ce,COph100/031/031_M_GA25_BW910_PA32_DG2_PF0_D1_S01_1__031_M_GA25_BW910_PA34_DG3_PF0_D1_S03_11,COph100/patient/031,COph100,xfeat_tps,False,False,,7.752205603713592
d4b7f5db7ea7842b,COph100/031/031_M_GA25_BW910_PA32_DG2_PF0_D1_S01_1__031_M_GA25_BW910_PA35_DG3_PF0_D1_S04_1,COph100/patient/031,COph100,sift_h,True,True,0.0,7.682046322961789
b06272c42230a494,COph100/031/031_M_GA25_BW910_PA32_DG2_PF0_D1_S01_1__031_M_GA25_BW910_PA35_DG3_PF0_D1_S04_1,COph100/patient/031,COph100,sp_lg_h,True,False,110.94725347877572,0.000221744371570856
9d2b7b9929c4283c,COph100/031/031_M_GA25_BW910_PA32_DG2_PF0_D1_S01_1__031_M_GA25_BW910_PA35_DG3_PF0_D1_S04_1,COph100/patient/031,COph100,xfeat_h,True,False,9.063590637132403,0.031954311772461316
4e358048c6893ebb,COph100/031/031_M_GA25_BW910_PA32_DG2_PF0_D1_S01_1__031_M_GA25_BW910_PA35_DG3_PF0_D1_S04_1,COph100/patient/031,COph100,xfeat_tps,True,False,,7.958710708906218
deac2bfa6ecd90ef,COph100/031/031_M_GA25_BW910_PA32_DG2_PF0_D1_S01_1__031_M_GA25_BW910_PA36_DG3_PF0_D1_S05_6,COph100/patient/031,COph100,sift_h,True,False,9.032699242987167,0.036590406284777485
794dcd36c0a18a40,COph100/031/031_M_GA25_BW910_PA32_DG2_PF0_D1_S01_1__031_M_GA25_BW910_PA36_DG3_PF0_D1_S05_6,COph100/patient/031,COph100,sp_lg_h,False,False,18.575465427273027,0.007701580594954852
7a4ddb87e49decaf,COph100/031/031_M_GA25_BW910_PA32_DG2_PF0_D1_S01_1__031_M_GA25_BW910_PA36_DG3_PF0_D1_S05_6,COph100/patient/031,COph100,xfeat_h,False,False,7.86705596706133,0.039161547463494685
7d6979397dc348c3,COph100/031/031_M_GA25_BW910_PA32_DG2_PF0_D1_S01_1__031_M_GA25_BW910_PA36_DG3_PF0_D1_S05_6,COph100/patient/031,COph100,xfeat_tps,False,False,,8.148350086282987
84a44b5b4062db7e,COph100/031/031_M_GA25_BW910_PA32_DG2_PF0_D1_S01_1__031_M_GA25_BW910_PA37_DG3_PF0_D1_S06_3,COph100/patient/031,COph100,sift_h,True,True,0.0,1714789.1541105146
e6ef7ec7778adc90,COph100/031/031_M_GA25_BW910_PA32_DG2_PF0_D1_S01_1__031_M_GA25_BW910_PA37_DG3_PF0_D1_S06_3,COph100/patient/031,COph100,sp_lg_h,False,False,10.80751050751445,0.021192164395691833
17647d20a5eb65b6,COph100/031/031_M_GA25_BW910_PA32_DG2_PF0_D1_S01_1__031_M_GA25_BW910_PA37_DG3_PF0_D1_S06_3,COph100/patient/031,COph100,xfeat_h,True,False,5.57097652378147,0.07907613994011331
53696c25f5bedfa3,COph100/031/031_M_GA25_BW910_PA32_DG2_PF0_D1_S01_1__031_M_GA25_BW910_PA37_DG3_PF0_D1_S06_3,COph100/patient/031,COph100,xfeat_tps,True,False,,9.157874746334654
163cfa18b61828d7,COph100/031/031_M_GA25_BW910_PA32_DG2_PF0_D1_S01_1__031_M_GA25_BW910_PA38_DG3_PF0_D1_S07_5,COph100/patient/031,COph100,sift_h,True,True,0.0,196.50805986729506
1778a8074bf44961,COph100/031/031_M_GA25_BW910_PA32_DG2_PF0_D1_S01_1__031_M_GA25_BW910_PA38_DG3_PF0_D1_S07_5,COph100/patient/031,COph100,sp_lg_h,True,False,4.142612207323948,0.1385806116360792
de2e647045348e05,COph100/031/031_M_GA25_BW910_PA32_DG2_PF0_D1_S01_1__031_M_GA25_BW910_PA38_DG3_PF0_D1_S07_5,COph100/patient/031,COph100,xfeat_h,True,False,4.804982668229969,0.0985774279360806
e0faacd2206b800c,COph100/031/031_M_GA25_BW910_PA32_DG2_PF0_D1_S01_1__031_M_GA25_BW910_PA38_DG3_PF0_D1_S07_5,COph100/patient/031,COph100,xfeat_tps,True,False,,9.200163163820026
a4fa457d3102fc71,COph100/031/031_M_GA25_BW910_PA32_DG2_PF0_D1_S01_1__031_M_GA25_BW910_PA40_DG2_PF0_D1_S08_6,COph100/patient/031,COph100,sift_h,True,False,7.073269409424842,0.04861212701617344
3e813b78fa7d8203,COph100/031/031_M_GA25_BW910_PA32_DG2_PF0_D1_S01_1__031_M_GA25_BW910_PA40_DG2_PF0_D1_S08_6,COph100/patient/031,COph100,sp_lg_h,False,False,150.58808443681997,0.00010651545309688562
fbda0cf8c8d9f85e,COph100/031/031_M_GA25_BW910_PA32_DG2_PF0_D1_S01_1__031_M_GA25_BW910_PA40_DG2_PF0_D1_S08_6,COph100/patient/031,COph100,xfeat_h,True,False,114.33982136963225,0.0002184272222717521
c76f7085136c169b,COph100/031/031_M_GA25_BW910_PA32_DG2_PF0_D1_S01_1__031_M_GA25_BW910_PA40_DG2_PF0_D1_S08_6,COph100/patient/031,COph100,xfeat_tps,True,False,,5.393746946057478
fc3911bea4506072,COph100/031/031_M_GA25_BW910_PA32_DG2_PF0_D1_S01_1__031_M_GA25_BW910_PA43_DG9_PF0_D1_S09_8,COph100/patient/031,COph100,sp_lg_h,False,False,9.316721370562323,0.022955081609004738
712d46d6c3bfe596,COph100/031/031_M_GA25_BW910_PA32_DG2_PF0_D1_S01_1__031_M_GA25_BW910_PA43_DG9_PF0_D1_S09_8,COph100/patient/031,COph100,xfeat_h,True,False,3.7827938409486364,0.13632477105080926
02eb343692995b53,COph100/031/031_M_GA25_BW910_PA32_DG2_PF0_D1_S01_1__031_M_GA25_BW910_PA43_DG9_PF0_D1_S09_8,COph100/patient/031,COph100,xfeat_tps,False,False,,10.625507686989607
611f99c145e21b33,COph100/031/031_M_GA25_BW910_PA33_DG3_PF0_D1_S02_1__031_M_GA25_BW910_PA34_DG3_PF0_D1_S03_11,COph100/patient/031,COph100,sift_h,True,True,0.0,37631345.6114039
93ebf3426deb32f8,COph100/031/031_M_GA25_BW910_PA33_DG3_PF0_D1_S02_1__031_M_GA25_BW910_PA34_DG3_PF0_D1_S03_11,COph100/patient/031,COph100,sp_lg_h,True,False,0.9612566712896013,2.1637473767527613
f6b2730048d82b59,COph100/031/031_M_GA25_BW910_PA33_DG3_PF0_D1_S02_1__031_M_GA25_BW910_PA34_DG3_PF0_D1_S03_11,COph100/patient/031,COph100,xfeat_h,True,False,2.247225041072188,0.46621085994544104
cd108a20074b4468,COph100/031/031_M_GA25_BW910_PA33_DG3_PF0_D1_S02_1__031_M_GA25_BW910_PA34_DG3_PF0_D1_S03_11,COph100/patient/031,COph100,xfeat_tps,False,False,,3.729512139627063
21ead287b8a82ab3,COph100/031/031_M_GA25_BW910_PA33_DG3_PF0_D1_S02_1__031_M_GA25_BW910_PA35_DG3_PF0_D1_S04_1,COph100/patient/031,COph100,sift_h,True,True,0.0,322408.75646929664
82758d6a98412a2e,COph100/031/031_M_GA25_BW910_PA33_DG3_PF0_D1_S02_1__031_M_GA25_BW910_PA35_DG3_PF0_D1_S04_1,COph100/patient/031,COph100,sp_lg_h,True,False,2.6545842608548194,0.3446075561132235
0e4be98a9b962ed6,COph100/031/031_M_GA25_BW910_PA33_DG3_PF0_D1_S02_1__031_M_GA25_BW910_PA35_DG3_PF0_D1_S04_1,COph100/patient/031,COph100,xfeat_h,True,False,5.873352832930238,0.0729343847258899
93067e99ebfb5c7a,COph100/031/031_M_GA25_BW910_PA33_DG3_PF0_D1_S02_1__031_M_GA25_BW910_PA35_DG3_PF0_D1_S04_1,COph100/patient/031,COph100,xfeat_tps,True,False,,3.157612506748075
95cf42ab392ce2f1,COph100/031/031_M_GA25_BW910_PA33_DG3_PF0_D1_S02_1__031_M_GA25_BW910_PA36_DG3_PF0_D1_S05_6,COph100/patient/031,COph100,sift_h,True,True,0.0,6.7550338140957
a9fe50796cd3bbd4,COph100/031/031_M_GA25_BW910_PA33_DG3_PF0_D1_S02_1__031_M_GA25_BW910_PA36_DG3_PF0_D1_S05_6,COph100/patient/031,COph100,sp_lg_h,True,False,2.3467830754463925,0.39810738400217316
798a2e6bc36dd95e,COph100/031/031_M_GA25_BW910_PA33_DG3_PF0_D1_S02_1__031_M_GA25_BW910_PA36_DG3_PF0_D1_S05_6,COph100/patient/031,COph100,xfeat_h,True,False,13.90858841699558,0.013529573106790352
b84521d6084b40b2,COph100/031/031_M_GA25_BW910_PA33_DG3_PF0_D1_S02_1__031_M_GA25_BW910_PA36_DG3_PF0_D1_S05_6,COph100/patient/031,COph100,xfeat_tps,True,False,,3.35939628931208
8f84c3c390e84fa5,COph100/031/031_M_GA25_BW910_PA33_DG3_PF0_D1_S02_1__031_M_GA25_BW910_PA37_DG3_PF0_D1_S06_3,COph100/patient/031,COph100,sift_h,True,True,0.0,208.5195987127278
0a1ba76629129ff2,COph100/031/031_M_GA25_BW910_PA33_DG3_PF0_D1_S02_1__031_M_GA25_BW910_PA37_DG3_PF0_D1_S06_3,COph100/patient/031,COph100,sp_lg_h,True,False,3.143056146086767,0.21058550069681364
0172a99aadf2eb06,COph100/031/031_M_GA25_BW910_PA33_DG3_PF0_D1_S02_1__031_M_GA25_BW910_PA37_DG3_PF0_D1_S06_3,COph100/patient/031,COph100,xfeat_h,True,False,2.807055261517504,0.3272441715439248
ec969bddd78bb8d7,COph100/031/031_M_GA25_BW910_PA33_DG3_PF0_D1_S02_1__031_M_GA25_BW910_PA37_DG3_PF0_D1_S06_3,COph100/patient/031,COph100,xfeat_tps,True,False,,3.8203660136516984
c425d89ba1f5b45e,COph100/031/031_M_GA25_BW910_PA33_DG3_PF0_D1_S02_1__031_M_GA25_BW910_PA38_DG3_PF0_D1_S07_5,COph100/patient/031,COph100,sift_h,True,True,0.0,75068.83159739096
7df4ad2d7a62855e,COph100/031/031_M_GA25_BW910_PA33_DG3_PF0_D1_S02_1__031_M_GA25_BW910_PA38_DG3_PF0_D1_S07_5,COph100/patient/031,COph100,sp_lg_h,True,False,4.022879429281022,0.13236120154409464
79a138eb5b574da4,COph100/031/031_M_GA25_BW910_PA33_DG3_PF0_D1_S02_1__031_M_GA25_BW910_PA38_DG3_PF0_D1_S07_5,COph100/patient/031,COph100,xfeat_h,True,False,1.9914461108329333,0.6602661348033079
54a6600e4f7a0cba,COph100/031/031_M_GA25_BW910_PA33_DG3_PF0_D1_S02_1__031_M_GA25_BW910_PA38_DG3_PF0_D1_S07_5,COph100/patient/031,COph100,xfeat_tps,True,False,,4.696271972523113
bec2fdace2567854,COph100/031/031_M_GA25_BW910_PA33_DG3_PF0_D1_S02_1__031_M_GA25_BW910_PA40_DG2_PF0_D1_S08_6,COph100/patient/031,COph100,sift_h,True,False,0.1723485597755206,56.60814580971577
7b69aa0c2a807e63,COph100/031/031_M_GA25_BW910_PA33_DG3_PF0_D1_S02_1__031_M_GA25_BW910_PA40_DG2_PF0_D1_S08_6,COph100/patient/031,COph100,sp_lg_h,True,False,6.288620996167648,0.05459143258604596
e9c03cb3f43f1349,COph100/031/031_M_GA25_BW910_PA33_DG3_PF0_D1_S02_1__031_M_GA25_BW910_PA40_DG2_PF0_D1_S08_6,COph100/patient/031,COph100,xfeat_h,True,False,11.45516263014497,0.018923381787297473
e4d79d3e317c8829,COph100/031/031_M_GA25_BW910_PA33_DG3_PF0_D1_S02_1__031_M_GA25_BW910_PA40_DG2_PF0_D1_S08_6,COph100/patient/031,COph100,xfeat_tps,True,False,,5.261114359665115
f5aa015c566dec4e,COph100/031/031_M_GA25_BW910_PA33_DG3_PF0_D1_S02_1__031_M_GA25_BW910_PA43_DG9_PF0_D1_S09_8,COph100/patient/031,COph100,sift_h,True,True,0.0,29598.400405648605
09db17ff762d9853,COph100/031/031_M_GA25_BW910_PA33_DG3_PF0_D1_S02_1__031_M_GA25_BW910_PA43_DG9_PF0_D1_S09_8,COph100/patient/031,COph100,sp_lg_h,True,False,3.1947989785163364,0.27243309841131613
8ca96c1f78b02c06,COph100/031/031_M_GA25_BW910_PA33_DG3_PF0_D1_S02_1__031_M_GA25_BW910_PA43_DG9_PF0_D1_S09_8,COph100/patient/031,COph100,xfeat_h,True,False,0.5575097206509204,8.820806924444492
b3c263f47db652e4,COph100/031/031_M_GA25_BW910_PA33_DG3_PF0_D1_S02_1__031_M_GA25_BW910_PA43_DG9_PF0_D1_S09_8,COph100/patient/031,COph100,xfeat_tps,True,False,,4.441805331049514
306658a77ce8d609,COph100/031/031_M_GA25_BW910_PA34_DG3_PF0_D1_S03_11__031_M_GA25_BW910_PA35_DG3_PF0_D1_S04_1,COph100/patient/031,COph100,sift_h,True,False,0.23764394628177174,25.989133143458176
8b8b8d1df92be8f4,COph100/031/031_M_GA25_BW910_PA34_DG3_PF0_D1_S03_11__031_M_GA25_BW910_PA35_DG3_PF0_D1_S04_1,COph100/patient/031,COph100,sp_lg_h,False,False,25.25989027494418,0.0042880347555133095
afa1c9b1e82334ba,COph100/031/031_M_GA25_BW910_PA34_DG3_PF0_D1_S03_11__031_M_GA25_BW910_PA35_DG3_PF0_D1_S04_1,COph100/patient/031,COph100,xfeat_h,False,False,17.634332753480145,0.008593676800776842
0e4bf10720285e6a,COph100/031/031_M_GA25_BW910_PA34_DG3_PF0_D1_S03_11__031_M_GA25_BW910_PA35_DG3_PF0_D1_S04_1,COph100/patient/031,COph100,xfeat_tps,False,False,,9.187583919690008
0757515250a4b443,COph100/031/031_M_GA25_BW910_PA34_DG3_PF0_D1_S03_11__031_M_GA25_BW910_PA36_DG3_PF0_D1_S05_6,COph100/patient/031,COph100,sift_h,True,False,3.9076044905357525,0.12221572709814668
c72cb4af6dafc051,COph100/031/031_M_GA25_BW910_PA34_DG3_PF0_D1_S03_11__031_M_GA25_BW910_PA36_DG3_PF0_D1_S05_6,COph100/patient/031,COph100,sp_lg_h,False,False,4.729592060396137,0.11719406083685047
cc92aa157a3be641,COph100/031/031_M_GA25_BW910_PA34_DG3_PF0_D1_S03_11__031_M_GA25_BW910_PA36_DG3_PF0_D1_S05_6,COph100/patient/031,COph100,xfeat_h,False,False,13.216339683266197,0.01532881331893418
6f207a6104734fbb,COph100/031/031_M_GA25_BW910_PA34_DG3_PF0_D1_S03_11__031_M_GA25_BW910_PA36_DG3_PF0_D1_S05_6,COph100/patient/031,COph100,xfeat_tps,False,False,,7.087503866186584
9e88a65e872e2a21,COph100/031/031_M_GA25_BW910_PA34_DG3_PF0_D1_S03_11__031_M_GA25_BW910_PA37_DG3_PF0_D1_S06_3,COph100/patient/031,COph100,sift_h,True,True,0.0,62.687842340212
df45f0cc54e4bcb1,COph100/031/031_M_GA25_BW910_PA34_DG3_PF0_D1_S03_11__031_M_GA25_BW910_PA37_DG3_PF0_D1_S06_3,COph100/patient/031,COph100,sp_lg_h,False,False,11.025955204357922,0.020568408260204826
fea3488faaf9b0ae,COph100/031/031_M_GA25_BW910_PA34_DG3_PF0_D1_S03_11__031_M_GA25_BW910_PA37_DG3_PF0_D1_S06_3,COph100/patient/031,COph100,xfeat_h,False,False,8.525250120266513,0.0337610199275891
75541f82f74e08d2,COph100/031/031_M_GA25_BW910_PA34_DG3_PF0_D1_S03_11__031_M_GA25_BW910_PA37_DG3_PF0_D1_S06_3,COph100/patient/031,COph100,xfeat_tps,False,False,,8.974940865844538
0b312ba37dff8568,COph100/031/031_M_GA25_BW910_PA34_DG3_PF0_D1_S03_11__031_M_GA25_BW910_PA38_DG3_PF0_D1_S07_5,COph100/patient/031,COph100,sift_h,True,True,0.0,21702649.78174298
4e1405488ac7b5c2,COph100/031/031_M_GA25_BW910_PA34_DG3_PF0_D1_S03_11__031_M_GA25_BW910_PA38_DG3_PF0_D1_S07_5,COph100/patient/031,COph100,sp_lg_h,False,False,7.040009388754005,0.048662042063814
0290204465e93151,COph100/031/031_M_GA25_BW910_PA34_DG3_PF0_D1_S03_11__031_M_GA25_BW910_PA38_DG3_PF0_D1_S07_5,COph100/patient/031,COph100,xfeat_h,True,False,4.753977191509446,0.10398797093000134
f302cb3f50bc8eaf,COph100/031/031_M_GA25_BW910_PA34_DG3_PF0_D1_S03_11__031_M_GA25_BW910_PA38_DG3_PF0_D1_S07_5,COph100/patient/031,COph100,xfeat_tps,False,False,,12.041766814018263
93fa6f759b2ca049,COph100/031/031_M_GA25_BW910_PA34_DG3_PF0_D1_S03_11__031_M_GA25_BW910_PA40_DG2_PF0_D1_S08_6,COph100/patient/031,COph100,sift_h,True,True,0.0,1147549.5893414733
f642f8a887681168,COph100/031/031_M_GA25_BW910_PA34_DG3_PF0_D1_S03_11__031_M_GA25_BW910_PA40_DG2_PF0_D1_S08_6,COph100/patient/031,COph100,sp_lg_h,False,False,2.7750306736046193,0.2777829507808729
ab7019abdb0276c3,COph100/031/031_M_GA25_BW910_PA34_DG3_PF0_D1_S03_11__031_M_GA25_BW910_PA40_DG2_PF0_D1_S08_6,COph100/patient/031,COph100,xfeat_h,True,False,4.002378397951842,0.13975560665244963
8666d85f28cf7d77,COph100/031/031_M_GA25_BW910_PA34_DG3_PF0_D1_S03_11__031_M_GA25_BW910_PA40_DG2_PF0_D1_S08_6,COph100/patient/031,COph100,xfeat_tps,False,False,,11.992112297498995
072fede45f0515b9,COph100/031/031_M_GA25_BW910_PA34_DG3_PF0_D1_S03_11__031_M_GA25_BW910_PA43_DG9_PF0_D1_S09_8,COph100/patient/031,COph100,sp_lg_h,True,False,0.9662283875125794,1.7128790279601591
b6651f6bb135032d,COph100/031/031_M_GA25_BW910_PA34_DG3_PF0_D1_S03_11__031_M_GA25_BW910_PA43_DG9_PF0_D1_S09_8,COph100/patient/031,COph100,xfeat_h,True,False,1.0009237943068503,1.7248906007128662
6054670c641b639b,COph100/031/031_M_GA25_BW910_PA34_DG3_PF0_D1_S03_11__031_M_GA25_BW910_PA43_DG9_PF0_D1_S09_8,COph100/patient/031,COph100,xfeat_tps,True,False,,7.732986897222496
f031977158dc2808,COph100/031/031_M_GA25_BW910_PA35_DG3_PF0_D1_S04_1__031_M_GA25_BW910_PA36_DG3_PF0_D1_S05_6,COph100/patient/031,COph100,sift_h,True,False,1.8685486551889023,0.6286567348267675
59037aff5bbb98d1,COph100/031/031_M_GA25_BW910_PA35_DG3_PF0_D1_S04_1__031_M_GA25_BW910_PA36_DG3_PF0_D1_S05_6,COph100/patient/031,COph100,sp_lg_h,False,False,9.845060952702585,0.02787979441347446
604b6742caea2c0b,COph100/031/031_M_GA25_BW910_PA35_DG3_PF0_D1_S04_1__031_M_GA25_BW910_PA36_DG3_PF0_D1_S05_6,COph100/patient/031,COph100,xfeat_h,False,False,10.315225327131877,0.02540188654895168
4b74d52efde32ef9,COph100/031/031_M_GA25_BW910_PA35_DG3_PF0_D1_S04_1__031_M_GA25_BW910_PA36_DG3_PF0_D1_S05_6,COph100/patient/031,COph100,xfeat_tps,False,False,,7.403317181681265
17a56574ae45b974,COph100/031/031_M_GA25_BW910_PA35_DG3_PF0_D1_S04_1__031_M_GA25_BW910_PA37_DG3_PF0_D1_S06_3,COph100/patient/031,COph100,sift_h,True,True,0.0,6221.742709279004
2b2cd34bd79cc843,COph100/031/031_M_GA25_BW910_PA35_DG3_PF0_D1_S04_1__031_M_GA25_BW910_PA37_DG3_PF0_D1_S06_3,COph100/patient/031,COph100,sp_lg_h,False,False,26.43003834127455,0.0038052628675872705
188308c025718933,COph100/031/031_M_GA25_BW910_PA35_DG3_PF0_D1_S04_1__031_M_GA25_BW910_PA37_DG3_PF0_D1_S06_3,COph100/patient/031,COph100,xfeat_h,False,False,49.16140572642779,0.001124280469631474
6ba7f01bcc47c2d1,COph100/031/031_M_GA25_BW910_PA35_DG3_PF0_D1_S04_1__031_M_GA25_BW910_PA37_DG3_PF0_D1_S06_3,COph100/patient/031,COph100,xfeat_tps,False,False,,11.152705213151272
84e41c64eaf10154,COph100/031/031_M_GA25_BW910_PA35_DG3_PF0_D1_S04_1__031_M_GA25_BW910_PA38_DG3_PF0_D1_S07_5,COph100/patient/031,COph100,sift_h,True,False,0.7113099826938591,2.575017034458612
76dffc57088e78af,COph100/031/031_M_GA25_BW910_PA35_DG3_PF0_D1_S04_1__031_M_GA25_BW910_PA38_DG3_PF0_D1_S07_5,COph100/patient/031,COph100,sp_lg_h,False,False,27.94341777522562,0.003317231536720564
96a2f4172f0dba0a,COph100/031/031_M_GA25_BW910_PA35_DG3_PF0_D1_S04_1__031_M_GA25_BW910_PA38_DG3_PF0_D1_S07_5,COph100/patient/031,COph100,xfeat_h,False,False,9.032386236380244,0.030691789636457172
09c865b494e4722b,COph100/031/031_M_GA25_BW910_PA35_DG3_PF0_D1_S04_1__031_M_GA25_BW910_PA38_DG3_PF0_D1_S07_5,COph100/patient/031,COph100,xfeat_tps,False,False,,13.638577790492207
f2e87ea984c0b244,COph100/031/031_M_GA25_BW910_PA35_DG3_PF0_D1_S04_1__031_M_GA25_BW910_PA40_DG2_PF0_D1_S08_6,COph100/patient/031,COph100,sift_h,True,True,0.0,77643.81270923506
e62a730a240f2fae,COph100/031/031_M_GA25_BW910_PA35_DG3_PF0_D1_S04_1__031_M_GA25_BW910_PA40_DG2_PF0_D1_S08_6,COph100/patient/031,COph100,sp_lg_h,False,False,6.3040714543353165,0.05929151394375319
62041f2bff8aa8db,COph100/031/031_M_GA25_BW910_PA35_DG3_PF0_D1_S04_1__031_M_GA25_BW910_PA40_DG2_PF0_D1_S08_6,COph100/patient/031,COph100,xfeat_h,True,False,4.9391565399363095,0.0947818469415606
903d8aada7f1b48d,COph100/031/031_M_GA25_BW910_PA35_DG3_PF0_D1_S04_1__031_M_GA25_BW910_PA40_DG2_PF0_D1_S08_6,COph100/patient/031,COph100,xfeat_tps,False,False,,11.48121264859202
ed78ad4c6b342eb0,COph100/031/031_M_GA25_BW910_PA35_DG3_PF0_D1_S04_1__031_M_GA25_BW910_PA43_DG9_PF0_D1_S09_8,COph100/patient/031,COph100,sp_lg_h,False,False,46.42003093142099,0.001066492598112276
c61904211ec8402a,COph100/031/031_M_GA25_BW910_PA35_DG3_PF0_D1_S04_1__031_M_GA25_BW910_PA43_DG9_PF0_D1_S09_8,COph100/patient/031,COph100,xfeat_h,False,False,23.67307833960995,0.004043386244849633
90842894069c7336,COph100/031/031_M_GA25_BW910_PA35_DG3_PF0_D1_S04_1__031_M_GA25_BW910_PA43_DG9_PF0_D1_S09_8,COph100/patient/031,COph100,xfeat_tps,True,False,,12.53320479771795
45cddb83e18b9b17,COph100/031/031_M_GA25_BW910_PA36_DG3_PF0_D1_S05_6__031_M_GA25_BW910_PA37_DG3_PF0_D1_S06_3,COph100/patient/031,COph100,sift_h,True,True,0.0,461974939.7815839
9624a6da517ddaf8,COph100/031/031_M_GA25_BW910_PA36_DG3_PF0_D1_S05_6__031_M_GA25_BW910_PA37_DG3_PF0_D1_S06_3,COph100/patient/031,COph100,sp_lg_h,False,False,9.299092076680818,0.027966077678919316
ce67aadb8382ce5b,COph100/031/031_M_GA25_BW910_PA36_DG3_PF0_D1_S05_6__031_M_GA25_BW910_PA37_DG3_PF0_D1_S06_3,COph100/patient/031,COph100,xfeat_h,False,False,10.085604867514006,0.024880321590269698
23ce82662ceb16a1,COph100/031/031_M_GA25_BW910_PA36_DG3_PF0_D1_S05_6__031_M_GA25_BW910_PA37_DG3_PF0_D1_S06_3,COph100/patient/031,COph100,xfeat_tps,False,False,,9.845122181679818
ca3d69791f0b5894,COph100/031/031_M_GA25_BW910_PA36_DG3_PF0_D1_S05_6__031_M_GA25_BW910_PA38_DG3_PF0_D1_S07_5,COph100/patient/031,COph100,sift_h,True,True,0.0,2393.1261883756047
c294119273cc98cc,COph100/031/031_M_GA25_BW910_PA36_DG3_PF0_D1_S05_6__031_M_GA25_BW910_PA38_DG3_PF0_D1_S07_5,COph100/patient/031,COph100,sp_lg_h,False,False,26.97748753497802,0.0035598563902672076
fd533f7cd4df67d5,COph100/031/031_M_GA25_BW910_PA36_DG3_PF0_D1_S05_6__031_M_GA25_BW910_PA38_DG3_PF0_D1_S07_5,COph100/patient/031,COph100,xfeat_h,False,False,23.12238486684772,0.004884105900160287
c734b0aa71ef5f65,COph100/031/031_M_GA25_BW910_PA36_DG3_PF0_D1_S05_6__031_M_GA25_BW910_PA38_DG3_PF0_D1_S07_5,COph100/patient/031,COph100,xfeat_tps,False,False,,6.9700691436317825
2a7e9b64bca3f4b9,COph100/031/031_M_GA25_BW910_PA36_DG3_PF0_D1_S05_6__031_M_GA25_BW910_PA40_DG2_PF0_D1_S08_6,COph100/patient/031,COph100,sift_h,True,True,0.0,13377649.968996547
869b0fe06cbd429e,COph100/031/031_M_GA25_BW910_PA36_DG3_PF0_D1_S05_6__031_M_GA25_BW910_PA40_DG2_PF0_D1_S08_6,COph100/patient/031,COph100,sp_lg_h,False,False,10.07977309768278,0.0240742771020169
a9cdda21c0fd348b,COph100/031/031_M_GA25_BW910_PA36_DG3_PF0_D1_S05_6__031_M_GA25_BW910_PA40_DG2_PF0_D1_S08_6,COph100/patient/031,COph100,xfeat_h,True,False,11.152909737030901,0.019876094334877054
fa9a7ad088b1ad0f,COph100/031/031_M_GA25_BW910_PA36_DG3_PF0_D1_S05_6__031_M_GA25_BW910_PA40_DG2_PF0_D1_S08_6,COph100/patient/031,COph100,xfeat_tps,False,False,,10.797016322191192
51f835e393d3c4f2,COph100/031/031_M_GA25_BW910_PA36_DG3_PF0_D1_S05_6__031_M_GA25_BW910_PA43_DG9_PF0_D1_S09_8,COph100/patient/031,COph100,sift_h,True,True,0.0,11299.238857450182
ba28fb655aad10ce,COph100/031/031_M_GA25_BW910_PA36_DG3_PF0_D1_S05_6__031_M_GA25_BW910_PA43_DG9_PF0_D1_S09_8,COph100/patient/031,COph100,sp_lg_h,False,False,7.764802678156566,0.035546774620647294
444dae39101d00af,COph100/031/031_M_GA25_BW910_PA36_DG3_PF0_D1_S05_6__031_M_GA25_BW910_PA43_DG9_PF0_D1_S09_8,COph100/patient/031,COph100,xfeat_h,False,False,8.358278726125082,0.029857930190945296
20aaae3f31796ef1,COph100/031/031_M_GA25_BW910_PA36_DG3_PF0_D1_S05_6__031_M_GA25_BW910_PA43_DG9_PF0_D1_S09_8,COph100/patient/031,COph100,xfeat_tps,False,False,,11.225743581887905
9f879fe4db9372a2,COph100/031/031_M_GA25_BW910_PA37_DG3_PF0_D1_S06_3__031_M_GA25_BW910_PA38_DG3_PF0_D1_S07_5,COph100/patient/031,COph100,sift_h,True,True,0.0,41216304.31727991
1f174f4dc96c474a,COph100/031/031_M_GA25_BW910_PA37_DG3_PF0_D1_S06_3__031_M_GA25_BW910_PA38_DG3_PF0_D1_S07_5,COph100/patient/031,COph100,sp_lg_h,False,False,14.22370974779358,0.013223646588846963
b2cd489234b6480f,COph100/031/031_M_GA25_BW910_PA37_DG3_PF0_D1_S06_3__031_M_GA25_BW910_PA38_DG3_PF0_D1_S07_5,COph100/patient/031,COph100,xfeat_h,False,False,14.4037184427234,0.012840472096340963
2aa321a0c1510239,COph100/031/031_M_GA25_BW910_PA37_DG3_PF0_D1_S06_3__031_M_GA25_BW910_PA38_DG3_PF0_D1_S07_5,COph100/patient/031,COph100,xfeat_tps,False,False,,6.684175049915787
3623c2b590812eba,COph100/031/031_M_GA25_BW910_PA37_DG3_PF0_D1_S06_3__031_M_GA25_BW910_PA40_DG2_PF0_D1_S08_6,COph100/patient/031,COph100,sift_h,True,True,0.0,0.26523555810065064
406ea6a734b3b746,COph100/031/031_M_GA25_BW910_PA37_DG3_PF0_D1_S06_3__031_M_GA25_BW910_PA40_DG2_PF0_D1_S08_6,COph100/patient/031,COph100,sp_lg_h,False,False,31.843417645287893,0.0026048243895287594
9723222ee7aee694,COph100/031/031_M_GA25_BW910_PA37_DG3_PF0_D1_S06_3__031_M_GA25_BW910_PA40_DG2_PF0_D1_S08_6,COph100/patient/031,COph100,xfeat_h,False,False,3.954505998318562,0.15432198825952143
1c193ff9cba5e821,COph100/031/031_M_GA25_BW910_PA37_DG3_PF0_D1_S06_3__031_M_GA25_BW910_PA40_DG2_PF0_D1_S08_6,COph100/patient/031,COph100,xfeat_tps,False,False,,10.665640170266865
f17606873bcf6010,COph100/031/031_M_GA25_BW910_PA37_DG3_PF0_D1_S06_3__031_M_GA25_BW910_PA43_DG9_PF0_D1_S09_8,COph100/patient/031,COph100,sift_h,True,True,0.0,2687115.024244532
93a0640b1bb0d9a7,COph100/031/031_M_GA25_BW910_PA37_DG3_PF0_D1_S06_3__031_M_GA25_BW910_PA43_DG9_PF0_D1_S09_8,COph100/patient/031,COph100,sp_lg_h,False,False,6.979738719938182,0.045576103354746704
6ca920fecbc367a4,COph100/031/031_M_GA25_BW910_PA37_DG3_PF0_D1_S06_3__031_M_GA25_BW910_PA43_DG9_PF0_D1_S09_8,COph100/patient/031,COph100,xfeat_h,False,False,4.314538166829689,0.11439755031780814
b45f99a2cd45e8cc,COph100/031/031_M_GA25_BW910_PA37_DG3_PF0_D1_S06_3__031_M_GA25_BW910_PA43_DG9_PF0_D1_S09_8,COph100/patient/031,COph100,xfeat_tps,False,False,,13.674640453750719
ce0bf1b0d59c749f,COph100/031/031_M_GA25_BW910_PA38_DG3_PF0_D1_S07_5__031_M_GA25_BW910_PA40_DG2_PF0_D1_S08_6,COph100/patient/031,COph100,sift_h,True,True,0.0,77451.90552534284
9c90545cd2e4d715,COph100/031/031_M_GA25_BW910_PA38_DG3_PF0_D1_S07_5__031_M_GA25_BW910_PA40_DG2_PF0_D1_S08_6,COph100/patient/031,COph100,sp_lg_h,False,False,9.091943313049123,0.031461842378341945
a9a1d4a2d7e41dfd,COph100/031/031_M_GA25_BW910_PA38_DG3_PF0_D1_S07_5__031_M_GA25_BW910_PA40_DG2_PF0_D1_S08_6,COph100/patient/031,COph100,xfeat_h,False,False,7.718602960264669,0.043692779851234986
8a32bf2d15546165,COph100/031/031_M_GA25_BW910_PA38_DG3_PF0_D1_S07_5__031_M_GA25_BW910_PA40_DG2_PF0_D1_S08_6,COph100/patient/031,COph100,xfeat_tps,False,False,,6.429383721830648
fc73398b6390655f,COph100/031/031_M_GA25_BW910_PA38_DG3_PF0_D1_S07_5__031_M_GA25_BW910_PA43_DG9_PF0_D1_S09_8,COph100/patient/031,COph100,sift_h,True,False,18.516189510959887,0.007939119379644782
6d43422c06100f8f,COph100/031/031_M_GA25_BW910_PA38_DG3_PF0_D1_S07_5__031_M_GA25_BW910_PA43_DG9_PF0_D1_S09_8,COph100/patient/031,COph100,sp_lg_h,False,False,14.896850926144467,0.010791266380430726
3d7b3fd66f2fef81,COph100/031/031_M_GA25_BW910_PA38_DG3_PF0_D1_S07_5__031_M_GA25_BW910_PA43_DG9_PF0_D1_S09_8,COph100/patient/031,COph100,xfeat_h,True,False,8.749903018816966,0.0315110958299792
19be319ac19e2809,COph100/031/031_M_GA25_BW910_PA38_DG3_PF0_D1_S07_5__031_M_GA25_BW910_PA43_DG9_PF0_D1_S09_8,COph100/patient/031,COph100,xfeat_tps,False,False,,11.988996956020284
c015bc07147f15b5,COph100/031/031_M_GA25_BW910_PA40_DG2_PF0_D1_S08_6__031_M_GA25_BW910_PA43_DG9_PF0_D1_S09_8,COph100/patient/031,COph100,sift_h,True,True,0.0,5357849937.992642
70317b910c660a4c,COph100/031/031_M_GA25_BW910_PA40_DG2_PF0_D1_S08_6__031_M_GA25_BW910_PA43_DG9_PF0_D1_S09_8,COph100/patient/031,COph100,sp_lg_h,False,False,35.303081338358325,0.0020639571800973853
1ab86eeec0f35413,COph100/031/031_M_GA25_BW910_PA40_DG2_PF0_D1_S08_6__031_M_GA25_BW910_PA43_DG9_PF0_D1_S09_8,COph100/patient/031,COph100,xfeat_h,False,False,28.57248812783777,0.0031646739162090164
0fcf3512c3ab52eb,COph100/031/031_M_GA25_BW910_PA40_DG2_PF0_D1_S08_6__031_M_GA25_BW910_PA43_DG9_PF0_D1_S09_8,COph100/patient/031,COph100,xfeat_tps,False,False,,13.964348753783021
e64ce9ceb682ab40,COph100/033/033_M_GA30_BW1250_PA31_DG0_PF0_D1_S01_2__033_M_GA30_BW1250_PA33_DG0_PF0_D1_S02_1,COph100/patient/033,COph100,sift_h,True,True,0.0,1278.3262069222787
3968ed21e45d9ba8,COph100/033/033_M_GA30_BW1250_PA31_DG0_PF0_D1_S01_2__033_M_GA30_BW1250_PA33_DG0_PF0_D1_S02_1,COph100/patient/033,COph100,sp_lg_h,True,True,0.0,97649853447.23456
03ff9aab22587efa,COph100/033/033_M_GA30_BW1250_PA31_DG0_PF0_D1_S01_2__033_M_GA30_BW1250_PA33_DG0_PF0_D1_S02_1,COph100/patient/033,COph100,xfeat_h,True,False,3.170318251599294,0.22262551441918296
ff12639599f09b98,COph100/033/033_M_GA30_BW1250_PA31_DG0_PF0_D1_S01_2__033_M_GA30_BW1250_PA33_DG0_PF0_D1_S02_1,COph100/patient/033,COph100,xfeat_tps,True,False,,5.571412226340072
98d5b13097e9faf9,COph100/033/033_M_GA30_BW1250_PA31_DG0_PF0_D1_S01_2__033_M_GA30_BW1250_PA36_DG0_PF0_D1_S03_7,COph100/patient/033,COph100,sift_h,True,True,0.0,552464.8183407849
25cb724ff0aef9ce,COph100/033/033_M_GA30_BW1250_PA31_DG0_PF0_D1_S01_2__033_M_GA30_BW1250_PA36_DG0_PF0_D1_S03_7,COph100/patient/033,COph100,sp_lg_h,True,False,2.39672468596452,0.4428954007405962
b560bec2454944b3,COph100/033/033_M_GA30_BW1250_PA31_DG0_PF0_D1_S01_2__033_M_GA30_BW1250_PA36_DG0_PF0_D1_S03_7,COph100/patient/033,COph100,xfeat_h,True,False,1.5816311240206473,0.940717367030638
9a39a69150d953b7,COph100/033/033_M_GA30_BW1250_PA31_DG0_PF0_D1_S01_2__033_M_GA30_BW1250_PA36_DG0_PF0_D1_S03_7,COph100/patient/033,COph100,xfeat_tps,True,False,,8.331008760034786
92d6af325b54e7f4,COph100/033/033_M_GA30_BW1250_PA33_DG0_PF0_D1_S02_1__033_M_GA30_BW1250_PA36_DG0_PF0_D1_S03_7,COph100/patient/033,COph100,sift_h,True,True,0.0,1366937.6255987976
22f43c590d72b843,COph100/033/033_M_GA30_BW1250_PA33_DG0_PF0_D1_S02_1__033_M_GA30_BW1250_PA36_DG0_PF0_D1_S03_7,COph100/patient/033,COph100,sp_lg_h,True,False,6.741347881999401,0.0545656296254224
b68702bc559ee797,COph100/033/033_M_GA30_BW1250_PA33_DG0_PF0_D1_S02_1__033_M_GA30_BW1250_PA36_DG0_PF0_D1_S03_7,COph100/patient/033,COph100,xfeat_h,False,False,13.779476882530187,0.014050362655577213
fdbea892333bd134,COph100/033/033_M_GA30_BW1250_PA33_DG0_PF0_D1_S02_1__033_M_GA30_BW1250_PA36_DG0_PF0_D1_S03_7,COph100/patient/033,COph100,xfeat_tps,True,False,,9.13144097941026
177c47bb6bdecfb3,COph100/036-1/036_M_GA27_BW960_PA32_DG0_PF0_D1_S01_8__036_M_GA27_BW960_PA34_DG0_PF0_D1_S02_6,COph100/patient/036,COph100,sift_h,True,False,9.002817504437518,0.03267785761510085
c70c4a01e5369691,COph100/036-1/036_M_GA27_BW960_PA32_DG0_PF0_D1_S01_8__036_M_GA27_BW960_PA34_DG0_PF0_D1_S02_6,COph100/patient/036,COph100,sp_lg_h,True,False,8.146325190546275,0.0374879234132646
3acbf79489151f87,COph100/036-1/036_M_GA27_BW960_PA32_DG0_PF0_D1_S01_8__036_M_GA27_BW960_PA34_DG0_PF0_D1_S02_6,COph100/patient/036,COph100,xfeat_h,False,False,113.36668697741788,0.00020122895389845964
e11c921fc7fbea89,COph100/036-1/036_M_GA27_BW960_PA32_DG0_PF0_D1_S01_8__036_M_GA27_BW960_PA34_DG0_PF0_D1_S02_6,COph100/patient/036,COph100,xfeat_tps,False,False,,10.880634140637044
9be561bf0f77e6bc,COph100/036/036_M_GA27_BW960_PA32_DG0_PF0_D1_S01_2__036_M_GA27_BW960_PA34_DG0_PF0_D1_S02_3,COph100/patient/036,COph100,sift_h,True,True,0.0,113968.8522379074
a6d76c8b44cbb5ba,COph100/036/036_M_GA27_BW960_PA32_DG0_PF0_D1_S01_2__036_M_GA27_BW960_PA34_DG0_PF0_D1_S02_3,COph100/patient/036,COph100,sp_lg_h,True,False,4.311448073178502,0.1277445730830884
5abde0a7d3b4430e,COph100/036/036_M_GA27_BW960_PA32_DG0_PF0_D1_S01_2__036_M_GA27_BW960_PA34_DG0_PF0_D1_S02_3,COph100/patient/036,COph100,xfeat_h,True,False,3.898633903340609,0.14936415415389687
2833b81d7f93d252,COph100/036/036_M_GA27_BW960_PA32_DG0_PF0_D1_S01_2__036_M_GA27_BW960_PA34_DG0_PF0_D1_S02_3,COph100/patient/036,COph100,xfeat_tps,True,False,,6.8307710417104985
ebe162036bc702b0,COph100/040/040_M_GA32_BW1770_PA36_DG12_PF0_D1_S01_5__040_M_GA32_BW1770_PA38_DG12_PF0_D1_S02_2,COph100/patient/040,COph100,sp_lg_h,False,False,24.419178532772225,0.004444206759371351
c04f5f82f70ddac2,COph100/040/040_M_GA32_BW1770_PA36_DG12_PF0_D1_S01_5__040_M_GA32_BW1770_PA38_DG12_PF0_D1_S02_2,COph100/patient/040,COph100,xfeat_h,True,False,4.414810808637236,0.1257737103404954
79e723e23bb78cad,COph100/040/040_M_GA32_BW1770_PA36_DG12_PF0_D1_S01_5__040_M_GA32_BW1770_PA38_DG12_PF0_D1_S02_2,COph100/patient/040,COph100,xfeat_tps,False,False,,12.864710223001723
3be601fb5aa086ad,COph100/040/040_M_GA32_BW1770_PA36_DG12_PF0_D1_S01_5__040_M_GA32_BW1770_PA40_DG12_PF0_D1_S03_3,COph100/patient/040,COph100,sift_h,True,True,0.0,0.002166849646754549
d07759da4415ac31,COph100/040/040_M_GA32_BW1770_PA36_DG12_PF0_D1_S01_5__040_M_GA32_BW1770_PA40_DG12_PF0_D1_S03_3,COph100/patient/040,COph100,sp_lg_h,False,False,4.06001045119888,0.13207045401666295
80da2c75cd330025,COph100/040/040_M_GA32_BW1770_PA36_DG12_PF0_D1_S01_5__040_M_GA32_BW1770_PA40_DG12_PF0_D1_S03_3,COph100/patient/040,COph100,xfeat_h,False,False,18.204665736654857,0.007631089839080537
ce6ff6a580988bcb,COph100/040/040_M_GA32_BW1770_PA36_DG12_PF0_D1_S01_5__040_M_GA32_BW1770_PA40_DG12_PF0_D1_S03_3,COph100/patient/040,COph100,xfeat_tps,False,False,,13.764740108884657
212499f19bb60310,COph100/040/040_M_GA32_BW1770_PA36_DG12_PF0_D1_S01_5__040_M_GA32_BW1770_PA55_DG12_PF0_D1_S04_2,COph100/patient/040,COph100,sift_h,True,False,3.874244228100865,0.15960888726817848
7fba5a2c74d370c8,COph100/040/040_M_GA32_BW1770_PA36_DG12_PF0_D1_S01_5__040_M_GA32_BW1770_PA55_DG12_PF0_D1_S04_2,COph100/patient/040,COph100,sp_lg_h,True,False,1.6489528512926557,0.5982802869897392
ac2547d047424886,COph100/040/040_M_GA32_BW1770_PA36_DG12_PF0_D1_S01_5__040_M_GA32_BW1770_PA55_DG12_PF0_D1_S04_2,COph100/patient/040,COph100,xfeat_h,True,False,1.7931795939851496,0.5579686787811606
a7361b8ccacc24ad,COph100/040/040_M_GA32_BW1770_PA36_DG12_PF0_D1_S01_5__040_M_GA32_BW1770_PA55_DG12_PF0_D1_S04_2,COph100/patient/040,COph100,xfeat_tps,False,False,,10.729802601925766
40b206894ce80052,COph100/040/040_M_GA32_BW1770_PA38_DG12_PF0_D1_S02_2__040_M_GA32_BW1770_PA40_DG12_PF0_D1_S03_3,COph100/patient/040,COph100,sift_h,True,False,5.3644999325376,0.07307154850471201
0cc4e175890ba4f2,COph100/040/040_M_GA32_BW1770_PA38_DG12_PF0_D1_S02_2__040_M_GA32_BW1770_PA40_DG12_PF0_D1_S03_3,COph100/patient/040,COph100,sp_lg_h,False,False,22.795895099483186,0.004953247172745302
636964e79c55fccf,COph100/040/040_M_GA32_BW1770_PA38_DG12_PF0_D1_S02_2__040_M_GA32_BW1770_PA40_DG12_PF0_D1_S03_3,COph100/patient/040,COph100,xfeat_h,False,False,23.736582079081085,0.004746183304545352
a975988b02348edd,COph100/040/040_M_GA32_BW1770_PA38_DG12_PF0_D1_S02_2__040_M_GA32_BW1770_PA40_DG12_PF0_D1_S03_3,COph100/patient/040,COph100,xfeat_tps,False,False,,8.938128377604222
006c0381e646708a,COph100/040/040_M_GA32_BW1770_PA38_DG12_PF0_D1_S02_2__040_M_GA32_BW1770_PA55_DG12_PF0_D1_S04_2,COph100/patient/040,COph100,sift_h,True,True,0.0,6716.841870894992
6afcd8cfdb96855b,COph100/040/040_M_GA32_BW1770_PA38_DG12_PF0_D1_S02_2__040_M_GA32_BW1770_PA55_DG12_PF0_D1_S04_2,COph100/patient/040,COph100,sp_lg_h,False,False,5.550814592905497,0.06489835716231007
aff0c4edc19c4582,COph100/040/040_M_GA32_BW1770_PA38_DG12_PF0_D1_S02_2__040_M_GA32_BW1770_PA55_DG12_PF0_D1_S04_2,COph100/patient/040,COph100,xfeat_h,True,False,13.39586709347077,0.014087231684399952
ca4be1148d7e76cc,COph100/040/040_M_GA32_BW1770_PA38_DG12_PF0_D1_S02_2__040_M_GA32_BW1770_PA55_DG12_PF0_D1_S04_2,COph100/patient/040,COph100,xfeat_tps,True,False,,10.421328464010937
7d426f8045d40d27,COph100/040/040_M_GA32_BW1770_PA40_DG12_PF0_D1_S03_3__040_M_GA32_BW1770_PA55_DG12_PF0_D1_S04_2,COph100/patient/040,COph100,sift_h,True,True,0.0,2758.2965882345275
28e698a03b3dba18,COph100/040/040_M_GA32_BW1770_PA40_DG12_PF0_D1_S03_3__040_M_GA32_BW1770_PA55_DG12_PF0_D1_S04_2,COph100/patient/040,COph100,sp_lg_h,False,False,6.423835784188324,0.048931352703460856
d69e80d671f37a04,COph100/040/040_M_GA32_BW1770_PA40_DG12_PF0_D1_S03_3__040_M_GA32_BW1770_PA55_DG12_PF0_D1_S04_2,COph100/patient/040,COph100,xfeat_h,True,False,7.569466848679816,0.03937627110929079
a94a7b8e0d533468,COph100/040/040_M_GA32_BW1770_PA40_DG12_PF0_D1_S03_3__040_M_GA32_BW1770_PA55_DG12_PF0_D1_S04_2,COph100/patient/040,COph100,xfeat_tps,True,False,,12.944721497751573
56d473274f709b89,COph100/041/041_M_GA32_BW1770_PA36_DG0_PF0_D1_S01_2__041_M_GA32_BW1770_PA38_DG0_PF0_D1_S02_6,COph100/patient/041,COph100,sift_h,True,True,0.0,4951.501915694689
e003340b0366c198,COph100/041/041_M_GA32_BW1770_PA36_DG0_PF0_D1_S01_2__041_M_GA32_BW1770_PA38_DG0_PF0_D1_S02_6,COph100/patient/041,COph100,sp_lg_h,True,False,3.417250187715269,0.19162931815900855
daf222db7b78f2ee,COph100/041/041_M_GA32_BW1770_PA36_DG0_PF0_D1_S01_2__041_M_GA32_BW1770_PA38_DG0_PF0_D1_S02_6,COph100/patient/041,COph100,xfeat_h,True,False,8.716649285220381,0.03282361087248989
18e5fcb2273d8b57,COph100/041/041_M_GA32_BW1770_PA36_DG0_PF0_D1_S01_2__041_M_GA32_BW1770_PA38_DG0_PF0_D1_S02_6,COph100/patient/041,COph100,xfeat_tps,True,False,,7.9876910780351436
b9145df8f0a37a1e,COph100/041/041_M_GA32_BW1770_PA36_DG0_PF0_D1_S01_2__041_M_GA32_BW1770_PA40_DG0_PF0_D1_S03_2,COph100/patient/041,COph100,sift_h,True,True,0.0,2382010.1650079153
e993bb44c80c6264,COph100/041/041_M_GA32_BW1770_PA36_DG0_PF0_D1_S01_2__041_M_GA32_BW1770_PA40_DG0_PF0_D1_S03_2,COph100/patient/041,COph100,sp_lg_h,True,False,2.1349105061010585,0.4960858460299089
bf748b531fdeae13,COph100/041/041_M_GA32_BW1770_PA36_DG0_PF0_D1_S01_2__041_M_GA32_BW1770_PA40_DG0_PF0_D1_S03_2,COph100/patient/041,COph100,xfeat_h,True,False,4.230784226363751,0.13312004787360893
96eecd8f204070ad,COph100/041/041_M_GA32_BW1770_PA36_DG0_PF0_D1_S01_2__041_M_GA32_BW1770_PA40_DG0_PF0_D1_S03_2,COph100/patient/041,COph100,xfeat_tps,True,False,,4.959771338430658
389b93a5e96ace7c,COph100/041/041_M_GA32_BW1770_PA36_DG0_PF0_D1_S01_2__041_M_GA32_BW1770_PA55_DG0_PF0_D1_S04_4,COph100/patient/041,COph100,sift_h,True,False,0.1586703028107017,72.46367141146452
d8ecd49f68996561,COph100/041/041_M_GA32_BW1770_PA36_DG0_PF0_D1_S01_2__041_M_GA32_BW1770_PA55_DG0_PF0_D1_S04_4,COph100/patient/041,COph100,sp_lg_h,True,False,1.7654494918806332,0.48906937803729156
2c8a088ecf8aedc0,COph100/041/041_M_GA32_BW1770_PA36_DG0_PF0_D1_S01_2__041_M_GA32_BW1770_PA55_DG0_PF0_D1_S04_4,COph100/patient/041,COph100,xfeat_h,True,False,1.7723327988686213,0.5712668640956566
9932d781cec64425,COph100/041/041_M_GA32_BW1770_PA36_DG0_PF0_D1_S01_2__041_M_GA32_BW1770_PA55_DG0_PF0_D1_S04_4,COph100/patient/041,COph100,xfeat_tps,True,False,,8.668542504006645
da20d0aa0416999d,COph100/041/041_M_GA32_BW1770_PA38_DG0_PF0_D1_S02_6__041_M_GA32_BW1770_PA40_DG0_PF0_D1_S03_2,COph100/patient/041,COph100,sp_lg_h,True,False,15.028206085020555,0.012439552893927773
29e64be65a01cb92,COph100/041/041_M_GA32_BW1770_PA38_DG0_PF0_D1_S02_6__041_M_GA32_BW1770_PA40_DG0_PF0_D1_S03_2,COph100/patient/041,COph100,xfeat_h,True,False,7.570400781056479,0.04455320005353454
23e8504d99e9d014,COph100/041/041_M_GA32_BW1770_PA38_DG0_PF0_D1_S02_6__041_M_GA32_BW1770_PA40_DG0_PF0_D1_S03_2,COph100/patient/041,COph100,xfeat_tps,True,False,,7.066113880985366
a9f397f289b09326,COph100/041/041_M_GA32_BW1770_PA38_DG0_PF0_D1_S02_6__041_M_GA32_BW1770_PA55_DG0_PF0_D1_S04_4,COph100/patient/041,COph100,sp_lg_h,True,False,0.21221386460682803,156.12673305890587
708d25fd001863a9,COph100/041/041_M_GA32_BW1770_PA38_DG0_PF0_D1_S02_6__041_M_GA32_BW1770_PA55_DG0_PF0_D1_S04_4,COph100/patient/041,COph100,xfeat_h,True,False,2.5600475709213653,0.29783087217288384
7c9f8f334bafe806,COph100/041/041_M_GA32_BW1770_PA38_DG0_PF0_D1_S02_6__041_M_GA32_BW1770_PA55_DG0_PF0_D1_S04_4,COph100/patient/041,COph100,xfeat_tps,True,False,,8.850362698583254
b4a4d18b7c8b7521,COph100/041/041_M_GA32_BW1770_PA40_DG0_PF0_D1_S03_2__041_M_GA32_BW1770_PA55_DG0_PF0_D1_S04_4,COph100/patient/041,COph100,sp_lg_h,True,False,11.61799465498093,0.015886807763471178
8926125043f00562,COph100/041/041_M_GA32_BW1770_PA40_DG0_PF0_D1_S03_2__041_M_GA32_BW1770_PA55_DG0_PF0_D1_S04_4,COph100/patient/041,COph100,xfeat_h,True,False,3.90681605353272,0.14610600257838469
5c7d3bb0369c61dd,COph100/041/041_M_GA32_BW1770_PA40_DG0_PF0_D1_S03_2__041_M_GA32_BW1770_PA55_DG0_PF0_D1_S04_4,COph100/patient/041,COph100,xfeat_tps,True,False,,7.957970453351624
85614a766c0378ed,COph100/044-1/044_F_GA31_BW1370_PA34_DG0_PF0_D1_S01_5__044_F_GA31_BW1370_PA35_DG0_PF0_D1_S02_6,COph100/patient/044,COph100,sift_h,True,True,0.0,1383695.8913753317
bd4b6205d83e4f55,COph100/044-1/044_F_GA31_BW1370_PA34_DG0_PF0_D1_S01_5__044_F_GA31_BW1370_PA35_DG0_PF0_D1_S02_6,COph100/patient/044,COph100,sp_lg_h,False,False,17.07732501504623,0.00947698964281131
4120100dfdebc319,COph100/044-1/044_F_GA31_BW1370_PA34_DG0_PF0_D1_S01_5__044_F_GA31_BW1370_PA35_DG0_PF0_D1_S02_6,COph100/patient/044,COph100,xfeat_h,True,False,26.684960494504374,0.003879755568589871
ea95b996e4220ce2,COph100/044-1/044_F_GA31_BW1370_PA34_DG0_PF0_D1_S01_5__044_F_GA31_BW1370_PA35_DG0_PF0_D1_S02_6,COph100/patient/044,COph100,xfeat_tps,False,False,,9.549348721078246
91acf55ad3c38b7e,COph100/044-1/044_F_GA31_BW1370_PA34_DG0_PF0_D1_S01_5__044_F_GA31_BW1370_PA42_DG0_PF0_D1_S03_7,COph100/patient/044,COph100,sp_lg_h,True,False,5.153697830831091,0.08327142157679157
c555d4f5681931e9,COph100/044-1/044_F_GA31_BW1370_PA34_DG0_PF0_D1_S01_5__044_F_GA31_BW1370_PA42_DG0_PF0_D1_S03_7,COph100/patient/044,COph100,xfeat_h,True,False,13.045073377162138,0.015511605439270094
348769562c8c9887,COph100/044-1/044_F_GA31_BW1370_PA34_DG0_PF0_D1_S01_5__044_F_GA31_BW1370_PA42_DG0_PF0_D1_S03_7,COph100/patient/044,COph100,xfeat_tps,True,False,,8.431012669957191
066d25616d2e2b8d,COph100/044-1/044_F_GA31_BW1370_PA35_DG0_PF0_D1_S02_6__044_F_GA31_BW1370_PA42_DG0_PF0_D1_S03_7,COph100/patient/044,COph100,sift_h,True,True,0.0,1105962.4721540385
b63e4c22715a02e0,COph100/044-1/044_F_GA31_BW1370_PA35_DG0_PF0_D1_S02_6__044_F_GA31_BW1370_PA42_DG0_PF0_D1_S03_7,COph100/patient/044,COph100,sp_lg_h,True,False,11.479503214600953,0.01761813537181906
718dd7f2105ccee0,COph100/044-1/044_F_GA31_BW1370_PA35_DG0_PF0_D1_S02_6__044_F_GA31_BW1370_PA42_DG0_PF0_D1_S03_7,COph100/patient/044,COph100,xfeat_h,True,False,28.982012087462866,0.0030141433193734734
1dfbe713a45084e8,COph100/044-1/044_F_GA31_BW1370_PA35_DG0_PF0_D1_S02_6__044_F_GA31_BW1370_PA42_DG0_PF0_D1_S03_7,COph100/patient/044,COph100,xfeat_tps,True,False,,11.725399079074688
be3b541c153b52e1,COph100/044/044_F_GA31_BW1370_PA34_DG0_PF0_D1_S01_1__044_F_GA31_BW1370_PA35_DG0_PF0_D1_S02_3,COph100/patient/044,COph100,sift_h,True,False,11.13806328149584,0.0188505875989156
24597ecfc7d2c770,COph100/044/044_F_GA31_BW1370_PA34_DG0_PF0_D1_S01_1__044_F_GA31_BW1370_PA35_DG0_PF0_D1_S02_3,COph100/patient/044,COph100,sp_lg_h,False,False,14.614076187308367,0.01226766810928976
13f621b40c3a87c5,COph100/044/044_F_GA31_BW1370_PA34_DG0_PF0_D1_S01_1__044_F_GA31_BW1370_PA35_DG0_PF0_D1_S02_3,COph100/patient/044,COph100,xfeat_h,False,False,24.33611380924851,0.004499011365471668
f6930e11c6c2fc07,COph100/044/044_F_GA31_BW1370_PA34_DG0_PF0_D1_S01_1__044_F_GA31_BW1370_PA35_DG0_PF0_D1_S02_3,COph100/patient/044,COph100,xfeat_tps,False,False,,12.899203056376406
98fb00af6caa8d49,COph100/044/044_F_GA31_BW1370_PA34_DG0_PF0_D1_S01_1__044_F_GA31_BW1370_PA42_DG0_PF0_D1_S03_3,COph100/patient/044,COph100,sp_lg_h,False,False,3.184425963671026,0.19560673528424924
40083676f7a21e6a,COph100/044/044_F_GA31_BW1370_PA34_DG0_PF0_D1_S01_1__044_F_GA31_BW1370_PA42_DG0_PF0_D1_S03_3,COph100/patient/044,COph100,xfeat_h,False,False,11.839857283531542,0.01671170109639331
7ebb58765a117fb9,COph100/044/044_F_GA31_BW1370_PA34_DG0_PF0_D1_S01_1__044_F_GA31_BW1370_PA42_DG0_PF0_D1_S03_3,COph100/patient/044,COph100,xfeat_tps,True,False,,6.034920343354398
0c828c9c40610231,COph100/044/044_F_GA31_BW1370_PA35_DG0_PF0_D1_S02_3__044_F_GA31_BW1370_PA42_DG0_PF0_D1_S03_3,COph100/patient/044,COph100,sp_lg_h,False,False,4.365860970447146,0.11098821449410375
9c4bc84cbc9bd68c,COph100/044/044_F_GA31_BW1370_PA35_DG0_PF0_D1_S02_3__044_F_GA31_BW1370_PA42_DG0_PF0_D1_S03_3,COph100/patient/044,COph100,xfeat_h,False,False,13.25979914242741,0.014210669127088644
03d3aec1fc6f7438,COph100/044/044_F_GA31_BW1370_PA35_DG0_PF0_D1_S02_3__044_F_GA31_BW1370_PA42_DG0_PF0_D1_S03_3,COph100/patient/044,COph100,xfeat_tps,False,False,,8.485557627344363
567eb4c4f58b2a0a,COph100/045-1/045_M_GA29_BW1120_PA38_DG2_PF0_D1_S01_5__045_M_GA29_BW1120_PA42_DG9_PF0_D1_S02_6,COph100/patient/045,COph100,sift_h,True,True,0.0,24372109.11952863
9f6519a6d3fc26af,COph100/045-1/045_M_GA29_BW1120_PA38_DG2_PF0_D1_S01_5__045_M_GA29_BW1120_PA42_DG9_PF0_D1_S02_6,COph100/patient/045,COph100,sp_lg_h,False,False,31.55648961442238,0.0026031606967301694
9f7c4e90ffce6f02,COph100/045-1/045_M_GA29_BW1120_PA38_DG2_PF0_D1_S01_5__045_M_GA29_BW1120_PA42_DG9_PF0_D1_S02_6,COph100/patient/045,COph100,xfeat_h,True,False,4.1124037722909135,0.1466383848645037
0ade098d122611fb,COph100/045-1/045_M_GA29_BW1120_PA38_DG2_PF0_D1_S01_5__045_M_GA29_BW1120_PA42_DG9_PF0_D1_S02_6,COph100/patient/045,COph100,xfeat_tps,False,False,,11.878277795699978
0eece1dddc3af731,COph100/045/045_M_GA29_BW1120_PA38_DG2_PF0_D1_S01_2__045_M_GA29_BW1120_PA42_DG9_PF0_D1_S02_3,COph100/patient/045,COph100,sift_h,True,True,0.0,154841915.4529391
1c10e88568c380cc,COph100/045/045_M_GA29_BW1120_PA38_DG2_PF0_D1_S01_2__045_M_GA29_BW1120_PA42_DG9_PF0_D1_S02_3,COph100/patient/045,COph100,sp_lg_h,False,False,27.528705470213332,0.0036004679469295526
d099db3a61e2003d,COph100/045/045_M_GA29_BW1120_PA38_DG2_PF0_D1_S01_2__045_M_GA29_BW1120_PA42_DG9_PF0_D1_S02_3,COph100/patient/045,COph100,xfeat_h,True,False,6.364243207139476,0.06471767068459927
d63d5f8b04b654cf,COph100/045/045_M_GA29_BW1120_PA38_DG2_PF0_D1_S01_2__045_M_GA29_BW1120_PA42_DG9_PF0_D1_S02_3,COph100/patient/045,COph100,xfeat_tps,False,False,,11.028973344535611
1321fecb98fae2a1,COph100/047-1/047_F_GA32_BW1730_PA33_DG0_PF0_D1_S01_6__047_F_GA32_BW1730_PA38_DG0_PF0_D1_S02_4,COph100/patient/047,COph100,sift_h,True,True,0.0,8331.569728184488
32d7be9f8b6b5701,COph100/047-1/047_F_GA32_BW1730_PA33_DG0_PF0_D1_S01_6__047_F_GA32_BW1730_PA38_DG0_PF0_D1_S02_4,COph100/patient/047,COph100,sp_lg_h,True,False,6.24857619040277,0.05532270407659323
fe1084dbada0070d,COph100/047-1/047_F_GA32_BW1730_PA33_DG0_PF0_D1_S01_6__047_F_GA32_BW1730_PA38_DG0_PF0_D1_S02_4,COph100/patient/047,COph100,xfeat_h,True,False,16.919558231950013,0.008945638371408405
e11de1d436568084,COph100/047-1/047_F_GA32_BW1730_PA33_DG0_PF0_D1_S01_6__047_F_GA32_BW1730_PA38_DG0_PF0_D1_S02_4,COph100/patient/047,COph100,xfeat_tps,True,False,,8.89648731069001
5f134b9afa5fa1bd,COph100/047-1/047_F_GA32_BW1730_PA33_DG0_PF0_D1_S01_6__047_F_GA32_BW1730_PA40_DG0_PF0_D1_S03_9,COph100/patient/047,COph100,sift_h,True,True,0.0,2.809443598481559
a62a722fda4c4c6a,COph100/047-1/047_F_GA32_BW1730_PA33_DG0_PF0_D1_S01_6__047_F_GA32_BW1730_PA40_DG0_PF0_D1_S03_9,COph100/patient/047,COph100,sp_lg_h,True,False,5.2932294460062925,0.07657557996563727
d243fe6f815eff96,COph100/047-1/047_F_GA32_BW1730_PA33_DG0_PF0_D1_S01_6__047_F_GA32_BW1730_PA40_DG0_PF0_D1_S03_9,COph100/patient/047,COph100,xfeat_h,True,False,36.8469903904765,0.001948163252363176
4ca0df4236be88c7,COph100/047-1/047_F_GA32_BW1730_PA33_DG0_PF0_D1_S01_6__047_F_GA32_BW1730_PA40_DG0_PF0_D1_S03_9,COph100/patient/047,COph100,xfeat_tps,True,False,,11.734816141390016
4674f19f881fca9e,COph100/047-1/047_F_GA32_BW1730_PA38_DG0_PF0_D1_S02_4__047_F_GA32_BW1730_PA40_DG0_PF0_D1_S03_9,COph100/patient/047,COph100,sp_lg_h,True,False,16.187038655133076,0.010289802767952976
cba507696259ed48,COph100/047-1/047_F_GA32_BW1730_PA38_DG0_PF0_D1_S02_4__047_F_GA32_BW1730_PA40_DG0_PF0_D1_S03_9,COph100/patient/047,COph100,xfeat_h,True,False,7.653830676911218,0.047402226414287055
93d30f98fa1a8b49,COph100/047-1/047_F_GA32_BW1730_PA38_DG0_PF0_D1_S02_4__047_F_GA32_BW1730_PA40_DG0_PF0_D1_S03_9,COph100/patient/047,COph100,xfeat_tps,False,False,,8.549366982325218
b77066bb3c0e466c,COph100/047/047_F_GA32_BW1730_PA33_DG0_PF0_D1_S01_1__047_F_GA32_BW1730_PA38_DG0_PF0_D1_S02_1,COph100/patient/047,COph100,sp_lg_h,True,False,10.597756045748104,0.02221884400993836
c15f8efce0559dc2,COph100/047/047_F_GA32_BW1730_PA33_DG0_PF0_D1_S01_1__047_F_GA32_BW1730_PA38_DG0_PF0_D1_S02_1,COph100/patient/047,COph100,xfeat_h,True,False,4.086281093330805,0.13085289328141736
ca9f67f41221e4fe,COph100/047/047_F_GA32_BW1730_PA33_DG0_PF0_D1_S01_1__047_F_GA32_BW1730_PA38_DG0_PF0_D1_S02_1,COph100/patient/047,COph100,xfeat_tps,True,False,,9.094707800942325
c770be5852ab5f4a,COph100/047/047_F_GA32_BW1730_PA33_DG0_PF0_D1_S01_1__047_F_GA32_BW1730_PA40_DG0_PF0_D1_S03_7,COph100/patient/047,COph100,sift_h,True,False,3.9577332833353087,0.1632089939539368
3c814dc8a3eabfb9,COph100/047/047_F_GA32_BW1730_PA33_DG0_PF0_D1_S01_1__047_F_GA32_BW1730_PA40_DG0_PF0_D1_S03_7,COph100/patient/047,COph100,sp_lg_h,True,False,30.007179209192923,0.002838657277452595
6b6398f99b317a29,COph100/047/047_F_GA32_BW1730_PA33_DG0_PF0_D1_S01_1__047_F_GA32_BW1730_PA40_DG0_PF0_D1_S03_7,COph100/patient/047,COph100,xfeat_h,True,False,3.6871883386755715,0.17034597975591664
11f86f4dac5f0e00,COph100/047/047_F_GA32_BW1730_PA33_DG0_PF0_D1_S01_1__047_F_GA32_BW1730_PA40_DG0_PF0_D1_S03_7,COph100/patient/047,COph100,xfeat_tps,True,False,,11.687314346519562
13be8ef4f9484abf,COph100/047/047_F_GA32_BW1730_PA38_DG0_PF0_D1_S02_1__047_F_GA32_BW1730_PA40_DG0_PF0_D1_S03_7,COph100/patient/047,COph100,sift_h,True,True,0.0,6676318.55032852
a303e01c96ee5190,COph100/047/047_F_GA32_BW1730_PA38_DG0_PF0_D1_S02_1__047_F_GA32_BW1730_PA40_DG0_PF0_D1_S03_7,COph100/patient/047,COph100,sp_lg_h,False,False,24.62971538903348,0.0045058043221429785
2c18edea522e032f,COph100/047/047_F_GA32_BW1730_PA38_DG0_PF0_D1_S02_1__047_F_GA32_BW1730_PA40_DG0_PF0_D1_S03_7,COph100/patient/047,COph100,xfeat_h,False,False,35.20935658833529,0.0022579789622728043
98a394491ad371cb,COph100/047/047_F_GA32_BW1730_PA38_DG0_PF0_D1_S02_1__047_F_GA32_BW1730_PA40_DG0_PF0_D1_S03_7,COph100/patient/047,COph100,xfeat_tps,False,False,,14.029260520693725
6edd5b7c19dd0fa0,COph100/048-1/048_F_GA32_BW1680_PA33_DG0_PF0_D1_S01_1__048_F_GA32_BW1680_PA38_DG0_PF0_D1_S02_2,COph100/patient/048,COph100,sift_h,True,True,0.0,99678.54775715237
1ac3bb32bc4907d6,COph100/048-1/048_F_GA32_BW1680_PA33_DG0_PF0_D1_S01_1__048_F_GA32_BW1680_PA38_DG0_PF0_D1_S02_2,COph100/patient/048,COph100,sp_lg_h,True,False,2.3093967605238013,0.4135750237778584
81537b9d9bdbc9e0,COph100/048-1/048_F_GA32_BW1680_PA33_DG0_PF0_D1_S01_1__048_F_GA32_BW1680_PA38_DG0_PF0_D1_S02_2,COph100/patient/048,COph100,xfeat_h,True,False,7.414741607718899,0.046815836498278536
9387e030fbff1dce,COph100/048-1/048_F_GA32_BW1680_PA33_DG0_PF0_D1_S01_1__048_F_GA32_BW1680_PA38_DG0_PF0_D1_S02_2,COph100/patient/048,COph100,xfeat_tps,True,False,,9.033501153330235
9bb5b3f73a2f03e6,COph100/048-1/048_F_GA32_BW1680_PA33_DG0_PF0_D1_S01_1__048_F_GA32_BW1680_PA40_DG0_PF0_D1_S03_2,COph100/patient/048,COph100,sift_h,True,True,0.0,49222359.42753069
6454465744de1a79,COph100/048-1/048_F_GA32_BW1680_PA33_DG0_PF0_D1_S01_1__048_F_GA32_BW1680_PA40_DG0_PF0_D1_S03_2,COph100/patient/048,COph100,sp_lg_h,True,False,2.377061814872734,0.37358016001437566
d1b85ea8e3c313aa,COph100/048-1/048_F_GA32_BW1680_PA33_DG0_PF0_D1_S01_1__048_F_GA32_BW1680_PA40_DG0_PF0_D1_S03_2,COph100/patient/048,COph100,xfeat_h,True,False,2.3407978294579195,0.38200245327866333
f907a8c375a65cab,COph100/048-1/048_F_GA32_BW1680_PA33_DG0_PF0_D1_S01_1__048_F_GA32_BW1680_PA40_DG0_PF0_D1_S03_2,COph100/patient/048,COph100,xfeat_tps,True,False,,7.916019836071515
b59ab8449379ab9a,COph100/048-1/048_F_GA32_BW1680_PA38_DG0_PF0_D1_S02_2__048_F_GA32_BW1680_PA40_DG0_PF0_D1_S03_2,COph100/patient/048,COph100,sift_h,True,True,0.0,20105268.445325304
3db92d7da46403ac,COph100/048-1/048_F_GA32_BW1680_PA38_DG0_PF0_D1_S02_2__048_F_GA32_BW1680_PA40_DG0_PF0_D1_S03_2,COph100/patient/048,COph100,sp_lg_h,False,False,31.9534896942575,0.0026693380705043344
5c6e9ff0e8e977a8,COph100/048-1/048_F_GA32_BW1680_PA38_DG0_PF0_D1_S02_2__048_F_GA32_BW1680_PA40_DG0_PF0_D1_S03_2,COph100/patient/048,COph100,xfeat_h,False,False,65.70395722813421,0.000649151004376287
c5bc6845c64b91b6,COph100/048-1/048_F_GA32_BW1680_PA38_DG0_PF0_D1_S02_2__048_F_GA32_BW1680_PA40_DG0_PF0_D1_S03_2,COph100/patient/048,COph100,xfeat_tps,False,False,,11.490006116894428
c2666f99bb0fa11b,COph100/048/048_F_GA32_BW1680_PA33_DG0_PF0_D1_S01_7__048_F_GA32_BW1680_PA38_DG0_PF0_D1_S02_8,COph100/patient/048,COph100,sift_h,True,True,0.0,279681.82107786904
d9097ef8457ddb76,COph100/048/048_F_GA32_BW1680_PA33_DG0_PF0_D1_S01_7__048_F_GA32_BW1680_PA38_DG0_PF0_D1_S02_8,COph100/patient/048,COph100,sp_lg_h,True,False,36.716908176552295,0.001793671707121111
c3b90e42da5df167,COph100/048/048_F_GA32_BW1680_PA33_DG0_PF0_D1_S01_7__048_F_GA32_BW1680_PA38_DG0_PF0_D1_S02_8,COph100/patient/048,COph100,xfeat_h,True,False,5.813817148428731,0.06789589360918727
178e0ed72d219187,COph100/048/048_F_GA32_BW1680_PA33_DG0_PF0_D1_S01_7__048_F_GA32_BW1680_PA38_DG0_PF0_D1_S02_8,COph100/patient/048,COph100,xfeat_tps,True,False,,9.032015781732783
ab40bccb259c19ef,COph100/048/048_F_GA32_BW1680_PA33_DG0_PF0_D1_S01_7__048_F_GA32_BW1680_PA40_DG0_PF0_D1_S03_9,COph100/patient/048,COph100,sift_h,True,True,0.0,2.2108003595164067
0940766f38eb0018,COph100/048/048_F_GA32_BW1680_PA33_DG0_PF0_D1_S01_7__048_F_GA32_BW1680_PA40_DG0_PF0_D1_S03_9,COph100/patient/048,COph100,sp_lg_h,True,False,7.3390916967993185,0.04010078570720914
01f4733adc8b685a,COph100/048/048_F_GA32_BW1680_PA33_DG0_PF0_D1_S01_7__048_F_GA32_BW1680_PA40_DG0_PF0_D1_S03_9,COph100/patient/048,COph100,xfeat_h,True,False,20.03132084121806,0.006661932758723243
b16f45a7c27c8c94,COph100/048/048_F_GA32_BW1680_PA33_DG0_PF0_D1_S01_7__048_F_GA32_BW1680_PA40_DG0_PF0_D1_S03_9,COph100/patient/048,COph100,xfeat_tps,True,False,,11.756475217752554
7d53168f46b873cf,COph100/048/048_F_GA32_BW1680_PA38_DG0_PF0_D1_S02_8__048_F_GA32_BW1680_PA40_DG0_PF0_D1_S03_9,COph100/patient/048,COph100,sift_h,True,True,0.0,568337.8744534311
d0ae1ea85ae2294a,COph100/048/048_F_GA32_BW1680_PA38_DG0_PF0_D1_S02_8__048_F_GA32_BW1680_PA40_DG0_PF0_D1_S03_9,COph100/patient/048,COph100,sp_lg_h,False,False,15.476000623311693,0.011504090598567673
287ceadbbcd2dda7,COph100/048/048_F_GA32_BW1680_PA38_DG0_PF0_D1_S02_8__048_F_GA32_BW1680_PA40_DG0_PF0_D1_S03_9,COph100/patient/048,COph100,xfeat_h,False,False,34.75167443607683,0.002380642337977864
6d399c6432eb72de,COph100/048/048_F_GA32_BW1680_PA38_DG0_PF0_D1_S02_8__048_F_GA32_BW1680_PA40_DG0_PF0_D1_S03_9,COph100/patient/048,COph100,xfeat_tps,False,False,,11.870514043601874
b773b3ccd7e5d34f,COph100/049-1/049_F_GA30_BW1220_PA32_DG0_PF0_D1_S01_9__049_F_GA30_BW1220_PA34_DG0_PF0_D1_S02_6,COph100/patient/049,COph100,sift_h,True,True,0.0,68599.15940814302
005bf5c200ec2ea6,COph100/049-1/049_F_GA30_BW1220_PA32_DG0_PF0_D1_S01_9__049_F_GA30_BW1220_PA34_DG0_PF0_D1_S02_6,COph100/patient/049,COph100,sp_lg_h,False,False,14.858499852267967,0.011759829684896798
0b377ff465dabd85,COph100/049-1/049_F_GA30_BW1220_PA32_DG0_PF0_D1_S01_9__049_F_GA30_BW1220_PA34_DG0_PF0_D1_S02_6,COph100/patient/049,COph100,xfeat_h,True,False,8.332433045347974,0.037005447389701365
20388a7882de766c,COph100/049-1/049_F_GA30_BW1220_PA32_DG0_PF0_D1_S01_9__049_F_GA30_BW1220_PA34_DG0_PF0_D1_S02_6,COph100/patient/049,COph100,xfeat_tps,True,False,,12.140106037563697
525265fadb36ac9e,COph100/049-1/049_F_GA30_BW1220_PA32_DG0_PF0_D1_S01_9__049_F_GA30_BW1220_PA36_DG0_PF0_D1_S03_6,COph100/patient/049,COph100,sift_h,True,True,0.0,2144693.5525354017
05d8989dbb27d49e,COph100/049-1/049_F_GA30_BW1220_PA32_DG0_PF0_D1_S01_9__049_F_GA30_BW1220_PA36_DG0_PF0_D1_S03_6,COph100/patient/049,COph100,sp_lg_h,True,False,6.028321369870489,0.06734702591208863
6171600d6f446ac7,COph100/049-1/049_F_GA30_BW1220_PA32_DG0_PF0_D1_S01_9__049_F_GA30_BW1220_PA36_DG0_PF0_D1_S03_6,COph100/patient/049,COph100,xfeat_h,True,False,15.096362968083357,0.011917168084485546
e7dc31c4c6345bc3,COph100/049-1/049_F_GA30_BW1220_PA32_DG0_PF0_D1_S01_9__049_F_GA30_BW1220_PA36_DG0_PF0_D1_S03_6,COph100/patient/049,COph100,xfeat_tps,True,False,,14.882338668110602
e856b2d0047f108e,COph100/049-1/049_F_GA30_BW1220_PA34_DG0_PF0_D1_S02_6__049_F_GA30_BW1220_PA36_DG0_PF0_D1_S03_6,COph100/patient/049,COph100,sp_lg_h,False,False,26.750999400469947,0.0038363959368537762
e2ed7febfa2e4e25,COph100/049-1/049_F_GA30_BW1220_PA34_DG0_PF0_D1_S02_6__049_F_GA30_BW1220_PA36_DG0_PF0_D1_S03_6,COph100/patient/049,COph100,xfeat_h,False,False,10.601244852266639,0.023053017246930815
e194fde4233ab863,COph100/049-1/049_F_GA30_BW1220_PA34_DG0_PF0_D1_S02_6__049_F_GA30_BW1220_PA36_DG0_PF0_D1_S03_6,COph100/patient/049,COph100,xfeat_tps,False,False,,12.919047258371805
652b303c65b7a05b,COph100/049/049_F_GA30_BW1220_PA32_DG0_PF0_D1_S01_4__049_F_GA30_BW1220_PA34_DG0_PF0_D1_S02_2,COph100/patient/049,COph100,sift_h,True,False,18.079113073190765,0.008353896267242599
4b6c4b01608745a3,COph100/049/049_F_GA30_BW1220_PA32_DG0_PF0_D1_S01_4__049_F_GA30_BW1220_PA34_DG0_PF0_D1_S02_2,COph100/patient/049,COph100,sp_lg_h,False,False,14.369633896286091,0.012897507040128337
84cb028a05aec7d7,COph100/049/049_F_GA30_BW1220_PA32_DG0_PF0_D1_S01_4__049_F_GA30_BW1220_PA34_DG0_PF0_D1_S02_2,COph100/patient/049,COph100,xfeat_h,False,False,9.802550297564613,0.027223599259497896
11b2be73a0b01dd4,COph100/049/049_F_GA30_BW1220_PA32_DG0_PF0_D1_S01_4__049_F_GA30_BW1220_PA34_DG0_PF0_D1_S02_2,COph100/patient/049,COph100,xfeat_tps,False,False,,13.865799225676607
b03a05a54d4dd802,COph100/049/049_F_GA30_BW1220_PA32_DG0_PF0_D1_S01_4__049_F_GA30_BW1220_PA36_DG0_PF0_D1_S03_1,COph100/patient/049,COph100,sift_h,True,True,0.0,227.34571381268933
d7be77ea8dd6ee00,COph100/049/049_F_GA30_BW1220_PA32_DG0_PF0_D1_S01_4__049_F_GA30_BW1220_PA36_DG0_PF0_D1_S03_1,COph100/patient/049,COph100,sp_lg_h,True,False,6.818281571652421,0.052948671689468374
dec1abfe27b8dc38,COph100/049/049_F_GA30_BW1220_PA32_DG0_PF0_D1_S01_4__049_F_GA30_BW1220_PA36_DG0_PF0_D1_S03_1,COph100/patient/049,COph100,xfeat_h,True,False,6.217139510597552,0.06329700510214273
8d3eb7a8c3064456,COph100/049/049_F_GA30_BW1220_PA32_DG0_PF0_D1_S01_4__049_F_GA30_BW1220_PA36_DG0_PF0_D1_S03_1,COph100/patient/049,COph100,xfeat_tps,False,False,,9.059536356697315
55f91cdc90d7b26a,COph100/049/049_F_GA30_BW1220_PA34_DG0_PF0_D1_S02_2__049_F_GA30_BW1220_PA36_DG0_PF0_D1_S03_1,COph100/patient/049,COph100,sift_h,True,True,0.0,1252563592.6957564
04c9f9c1e06ed2fb,COph100/049/049_F_GA30_BW1220_PA34_DG0_PF0_D1_S02_2__049_F_GA30_BW1220_PA36_DG0_PF0_D1_S03_1,COph100/patient/049,COph100,sp_lg_h,False,False,17.047279746233855,0.008862844399039406
48708ad0398537b2,COph100/049/049_F_GA30_BW1220_PA34_DG0_PF0_D1_S02_2__049_F_GA30_BW1220_PA36_DG0_PF0_D1_S03_1,COph100/patient/049,COph100,xfeat_h,False,False,19.927594705100955,0.006668957916688272
19a7c1037c9f4428,COph100/049/049_F_GA30_BW1220_PA34_DG0_PF0_D1_S02_2__049_F_GA30_BW1220_PA36_DG0_PF0_D1_S03_1,COph100/patient/049,COph100,xfeat_tps,False,False,,13.037000042240182
050f78b23b88dcef,COph100/050-1/050_M_GA32_BW1790_PA33_DG0_PF0_D1_S01_2__050_M_GA32_BW1790_PA38_DG0_PF0_D1_S02_8,COph100/patient/050,COph100,sift_h,True,False,65.594224720993,0.000656927585223369
74a39c0d53e95cfb,COph100/050-1/050_M_GA32_BW1790_PA33_DG0_PF0_D1_S01_2__050_M_GA32_BW1790_PA38_DG0_PF0_D1_S02_8,COph100/patient/050,COph100,sp_lg_h,True,False,4.312531826216522,0.13043783929010574
34f5173e3ec2c463,COph100/050-1/050_M_GA32_BW1790_PA33_DG0_PF0_D1_S01_2__050_M_GA32_BW1790_PA38_DG0_PF0_D1_S02_8,COph100/patient/050,COph100,xfeat_h,True,False,6.198243474314752,0.07021483879117302
517f43de317337fc,COph100/050-1/050_M_GA32_BW1790_PA33_DG0_PF0_D1_S01_2__050_M_GA32_BW1790_PA38_DG0_PF0_D1_S02_8,COph100/patient/050,COph100,xfeat_tps,True,False,,11.172910711446244
6e5e42ee3e9f4403,COph100/050-1/050_M_GA32_BW1790_PA33_DG0_PF0_D1_S01_2__050_M_GA32_BW1790_PA41_DG0_PF0_D1_S03_3,COph100/patient/050,COph100,sp_lg_h,True,False,2.1368689919303523,0.4604120900662682
36e638a771fc2a8b,COph100/050-1/050_M_GA32_BW1790_PA33_DG0_PF0_D1_S01_2__050_M_GA32_BW1790_PA41_DG0_PF0_D1_S03_3,COph100/patient/050,COph100,xfeat_h,True,False,11.518323082044374,0.020288427981520796
bc3d5fbcaa3c835a,COph100/050-1/050_M_GA32_BW1790_PA33_DG0_PF0_D1_S01_2__050_M_GA32_BW1790_PA41_DG0_PF0_D1_S03_3,COph100/patient/050,COph100,xfeat_tps,True,False,,8.056590673888373
d6d3dc3fdc950609,COph100/050-1/050_M_GA32_BW1790_PA38_DG0_PF0_D1_S02_8__050_M_GA32_BW1790_PA41_DG0_PF0_D1_S03_3,COph100/patient/050,COph100,sift_h,True,True,0.0,1919976.22976245
2598de2d587b1f0b,COph100/050-1/050_M_GA32_BW1790_PA38_DG0_PF0_D1_S02_8__050_M_GA32_BW1790_PA41_DG0_PF0_D1_S03_3,COph100/patient/050,COph100,sp_lg_h,True,False,5.469682526452584,0.08464148533960048
3d5de51f0bfe096a,COph100/050-1/050_M_GA32_BW1790_PA38_DG0_PF0_D1_S02_8__050_M_GA32_BW1790_PA41_DG0_PF0_D1_S03_3,COph100/patient/050,COph100,xfeat_h,True,False,9.854298607477542,0.026759365770590404
0ad275ebc32ff75f,COph100/050-1/050_M_GA32_BW1790_PA38_DG0_PF0_D1_S02_8__050_M_GA32_BW1790_PA41_DG0_PF0_D1_S03_3,COph100/patient/050,COph100,xfeat_tps,False,False,,6.59073672284139
ccee32fe6c463443,COph100/050/050_M_GA32_BW1790_PA33_DG0_PF0_D1_S01_6__050_M_GA32_BW1790_PA38_DG0_PF0_D1_S02_2,COph100/patient/050,COph100,sp_lg_h,False,False,3.6421848430552863,0.166600482189691
3fe9570cb6c4ab0d,COph100/050/050_M_GA32_BW1790_PA33_DG0_PF0_D1_S01_6__050_M_GA32_BW1790_PA38_DG0_PF0_D1_S02_2,COph100/patient/050,COph100,xfeat_h,True,False,7.6826826728104844,0.04187086888393493
37db0db2a356450b,COph100/050/050_M_GA32_BW1790_PA33_DG0_PF0_D1_S01_6__050_M_GA32_BW1790_PA38_DG0_PF0_D1_S02_2,COph100/patient/050,COph100,xfeat_tps,True,False,,7.339102249577192
328f32ef91a890ae,COph100/050/050_M_GA32_BW1790_PA33_DG0_PF0_D1_S01_6__050_M_GA32_BW1790_PA41_DG0_PF0_D1_S03_6,COph100/patient/050,COph100,sift_h,True,True,0.0,761.8726393846584
47368b1119b09ada,COph100/050/050_M_GA32_BW1790_PA33_DG0_PF0_D1_S01_6__050_M_GA32_BW1790_PA41_DG0_PF0_D1_S03_6,COph100/patient/050,COph100,sp_lg_h,True,False,1.2314806042349344,1.0381716175971532
174e7462492ccffe,COph100/050/050_M_GA32_BW1790_PA33_DG0_PF0_D1_S01_6__050_M_GA32_BW1790_PA41_DG0_PF0_D1_S03_6,COph100/patient/050,COph100,xfeat_h,True,False,29.7631695925523,0.0029949929066618525
f1f9e1bf114d1f9c,COph100/050/050_M_GA32_BW1790_PA33_DG0_PF0_D1_S01_6__050_M_GA32_BW1790_PA41_DG0_PF0_D1_S03_6,COph100/patient/050,COph100,xfeat_tps,True,False,,9.223930813002186
a0098c955a939574,COph100/050/050_M_GA32_BW1790_PA38_DG0_PF0_D1_S02_2__050_M_GA32_BW1790_PA41_DG0_PF0_D1_S03_6,COph100/patient/050,COph100,sift_h,True,False,4.3185675630263765,0.13334941171163553
d6b5e7902a5be15b,COph100/050/050_M_GA32_BW1790_PA38_DG0_PF0_D1_S02_2__050_M_GA32_BW1790_PA41_DG0_PF0_D1_S03_6,COph100/patient/050,COph100,sp_lg_h,True,False,2.9162497577446724,0.2796874117251859
1a755c54d06e2744,COph100/050/050_M_GA32_BW1790_PA38_DG0_PF0_D1_S02_2__050_M_GA32_BW1790_PA41_DG0_PF0_D1_S03_6,COph100/patient/050,COph100,xfeat_h,True,False,11.426911911961923,0.019906004904090766
ec12942ea100864d,COph100/050/050_M_GA32_BW1790_PA38_DG0_PF0_D1_S02_2__050_M_GA32_BW1790_PA41_DG0_PF0_D1_S03_6,COph100/patient/050,COph100,xfeat_tps,False,False,,7.117855376551287
d3793e981f543db1,COph100/051-1/051_F_GA24_BW600_PA35_DG3_PF0_D1_S01_10__051_F_GA24_BW600_PA36_DG3_PF0_D1_S02_11,COph100/patient/051,COph100,sift_h,True,True,0.0,10843726.87981093
73b47c930480f33c,COph100/051-1/051_F_GA24_BW600_PA35_DG3_PF0_D1_S01_10__051_F_GA24_BW600_PA36_DG3_PF0_D1_S02_11,COph100/patient/051,COph100,sp_lg_h,False,False,70.12691324503966,0.0005771310261660063
8ec0433953590045,COph100/051-1/051_F_GA24_BW600_PA35_DG3_PF0_D1_S01_10__051_F_GA24_BW600_PA36_DG3_PF0_D1_S02_11,COph100/patient/051,COph100,xfeat_h,False,False,35.389444403829074,0.0022567814954924086
980f78ee3656a001,COph100/051-1/051_F_GA24_BW600_PA35_DG3_PF0_D1_S01_10__051_F_GA24_BW600_PA36_DG3_PF0_D1_S02_11,COph100/patient/051,COph100,xfeat_tps,False,False,,9.527766011022337
277f71b15fa9a3c5,COph100/051-1/051_F_GA24_BW600_PA35_DG3_PF0_D1_S01_10__051_F_GA24_BW600_PA42_DG3_PF0_D1_S03_3,COph100/patient/051,COph100,sift_h,True,True,0.0,265433792.81635505
3f4436e1760f41ad,COph100/051-1/051_F_GA24_BW600_PA35_DG3_PF0_D1_S01_10__051_F_GA24_BW600_PA42_DG3_PF0_D1_S03_3,COph100/patient/051,COph100,sp_lg_h,False,False,18.047501463288423,0.007713450253374854
aa744c10ce1af9c5,COph100/051-1/051_F_GA24_BW600_PA35_DG3_PF0_D1_S01_10__051_F_GA24_BW600_PA42_DG3_PF0_D1_S03_3,COph100/patient/051,COph100,xfeat_h,True,False,4.22408644067974,0.12296727050883574
f6dd82d02bdd6116,COph100/051-1/051_F_GA24_BW600_PA35_DG3_PF0_D1_S01_10__051_F_GA24_BW600_PA42_DG3_PF0_D1_S03_3,COph100/patient/051,COph100,xfeat_tps,True,False,,12.823523654483012
732129d7189fbfa4,COph100/051-1/051_F_GA24_BW600_PA35_DG3_PF0_D1_S01_10__051_F_GA24_BW600_PA46_DG9_PF0_D1_S04_2,COph100/patient/051,COph100,sift_h,True,True,0.0,487870949.3535332
a54a1e7067d0ee9e,COph100/051-1/051_F_GA24_BW600_PA35_DG3_PF0_D1_S01_10__051_F_GA24_BW600_PA46_DG9_PF0_D1_S04_2,COph100/patient/051,COph100,sp_lg_h,True,False,0.47158294633889625,7.870245621356658
b0ec18a095aa3811,COph100/051-1/051_F_GA24_BW600_PA35_DG3_PF0_D1_S01_10__051_F_GA24_BW600_PA46_DG9_PF0_D1_S04_2,COph100/patient/051,COph100,xfeat_h,True,False,0.8135228821712258,2.5687078104405834
44f40ddabece96bb,COph100/051-1/051_F_GA24_BW600_PA35_DG3_PF0_D1_S01_10__051_F_GA24_BW600_PA46_DG9_PF0_D1_S04_2,COph100/patient/051,COph100,xfeat_tps,True,False,,7.520319504981083
37add9b2e3e72fce,COph100/051-1/051_F_GA24_BW600_PA36_DG3_PF0_D1_S02_11__051_F_GA24_BW600_PA42_DG3_PF0_D1_S03_3,COph100/patient/051,COph100,sift_h,True,True,0.0,77998605.40507072
a9ebc7032078a387,COph100/051-1/051_F_GA24_BW600_PA36_DG3_PF0_D1_S02_11__051_F_GA24_BW600_PA42_DG3_PF0_D1_S03_3,COph100/patient/051,COph100,sp_lg_h,False,False,21.81747509242931,0.005105550610215202
06ec74d49a4543a0,COph100/051-1/051_F_GA24_BW600_PA36_DG3_PF0_D1_S02_11__051_F_GA24_BW600_PA42_DG3_PF0_D1_S03_3,COph100/patient/051,COph100,xfeat_h,True,False,15.98532332943459,0.009700838948627596
fba1ed79c2f60e73,COph100/051-1/051_F_GA24_BW600_PA36_DG3_PF0_D1_S02_11__051_F_GA24_BW600_PA42_DG3_PF0_D1_S03_3,COph100/patient/051,COph100,xfeat_tps,False,False,,9.932806435150644
e50c51367c185f7d,COph100/051-1/051_F_GA24_BW600_PA36_DG3_PF0_D1_S02_11__051_F_GA24_BW600_PA46_DG9_PF0_D1_S04_2,COph100/patient/051,COph100,sift_h,True,False,0.39417142403246785,10.293938517780486
e5cd661fb370d477,COph100/051-1/051_F_GA24_BW600_PA36_DG3_PF0_D1_S02_11__051_F_GA24_BW600_PA46_DG9_PF0_D1_S04_2,COph100/patient/051,COph100,sp_lg_h,True,False,0.9511935180225602,2.0775333914364165
9256c0b8bb836ede,COph100/051-1/051_F_GA24_BW600_PA36_DG3_PF0_D1_S02_11__051_F_GA24_BW600_PA46_DG9_PF0_D1_S04_2,COph100/patient/051,COph100,xfeat_h,True,False,1.0090392058049693,1.9170987311241883
6fba97f1e46e8e20,COph100/051-1/051_F_GA24_BW600_PA36_DG3_PF0_D1_S02_11__051_F_GA24_BW600_PA46_DG9_PF0_D1_S04_2,COph100/patient/051,COph100,xfeat_tps,True,False,,7.557425174661319
5a04f56c984f5039,COph100/051-1/051_F_GA24_BW600_PA42_DG3_PF0_D1_S03_3__051_F_GA24_BW600_PA46_DG9_PF0_D1_S04_2,COph100/patient/051,COph100,sift_h,True,True,0.0,3952292.3523491407
9bdef00640b93e7f,COph100/051-1/051_F_GA24_BW600_PA42_DG3_PF0_D1_S03_3__051_F_GA24_BW600_PA46_DG9_PF0_D1_S04_2,COph100/patient/051,COph100,sp_lg_h,True,False,3.3706946497042036,0.22283381863430557
85f327f64f532a58,COph100/051-1/051_F_GA24_BW600_PA42_DG3_PF0_D1_S03_3__051_F_GA24_BW600_PA46_DG9_PF0_D1_S04_2,COph100/patient/051,COph100,xfeat_h,True,False,4.087905796437789,0.15344998062172305
3635c6fd4ac8847f,COph100/051-1/051_F_GA24_BW600_PA42_DG3_PF0_D1_S03_3__051_F_GA24_BW600_PA46_DG9_PF0_D1_S04_2,COph100/patient/051,COph100,xfeat_tps,True,False,,8.731476764361279
ab33343ca63d1418,COph100/051/051_F_GA24_BW600_PA35_DG3_PF0_D1_S01_6__051_F_GA24_BW600_PA36_DG3_PF0_D1_S02_3,COph100/patient/051,COph100,sift_h,True,True,0.0,893194.3974070018
e0ccb67e25035f89,COph100/051/051_F_GA24_BW600_PA35_DG3_PF0_D1_S01_6__051_F_GA24_BW600_PA36_DG3_PF0_D1_S02_3,COph100/patient/051,COph100,sp_lg_h,False,False,27.664805750111555,0.0037923617718527256
825247351dca4a59,COph100/051/051_F_GA24_BW600_PA35_DG3_PF0_D1_S01_6__051_F_GA24_BW600_PA36_DG3_PF0_D1_S02_3,COph100/patient/051,COph100,xfeat_h,False,False,12.270476006869037,0.01922418041868748
f7ca7bdb5a371d0a,COph100/051/051_F_GA24_BW600_PA35_DG3_PF0_D1_S01_6__051_F_GA24_BW600_PA36_DG3_PF0_D1_S02_3,COph100/patient/051,COph100,xfeat_tps,False,False,,10.292689962500088
c05a3785670880ee,COph100/051/051_F_GA24_BW600_PA35_DG3_PF0_D1_S01_6__051_F_GA24_BW600_PA42_DG3_PF0_D1_S03_11,COph100/patient/051,COph100,sift_h,True,True,0.0,4464.018512812419
04b9de9c7c4712f0,COph100/051/051_F_GA24_BW600_PA35_DG3_PF0_D1_S01_6__051_F_GA24_BW600_PA42_DG3_PF0_D1_S03_11,COph100/patient/051,COph100,sp_lg_h,False,False,12.812604920222507,0.015198026974594818
c830092c767c42c1,COph100/051/051_F_GA24_BW600_PA35_DG3_PF0_D1_S01_6__051_F_GA24_BW600_PA42_DG3_PF0_D1_S03_11,COph100/patient/051,COph100,xfeat_h,True,False,3.6445345048387936,0.17339888340114087
0bf20a8ea745160a,COph100/051/051_F_GA24_BW600_PA35_DG3_PF0_D1_S01_6__051_F_GA24_BW600_PA42_DG3_PF0_D1_S03_11,COph100/patient/051,COph100,xfeat_tps,False,False,,10.62019850538573
75730be1d687ca71,COph100/051/051_F_GA24_BW600_PA35_DG3_PF0_D1_S01_6__051_F_GA24_BW600_PA46_DG9_PF0_D1_S04_8,COph100/patient/051,COph100,sp_lg_h,False,False,6.153323976870168,0.05742552279253607
da2a8dc9c67e1d7b,COph100/051/051_F_GA24_BW600_PA35_DG3_PF0_D1_S01_6__051_F_GA24_BW600_PA46_DG9_PF0_D1_S04_8,COph100/patient/051,COph100,xfeat_h,False,False,7.051076792919927,0.04402386766472392
8c8a4e1ea3ea4713,COph100/051/051_F_GA24_BW600_PA35_DG3_PF0_D1_S01_6__051_F_GA24_BW600_PA46_DG9_PF0_D1_S04_8,COph100/patient/051,COph100,xfeat_tps,True,False,,9.185025506593302
b7ffdcdaf04ce0f8,COph100/051/051_F_GA24_BW600_PA36_DG3_PF0_D1_S02_3__051_F_GA24_BW600_PA42_DG3_PF0_D1_S03_11,COph100/patient/051,COph100,sift_h,True,False,0.6989161487812333,4.142886071437072
0ba3565fe86ec0e2,COph100/051/051_F_GA24_BW600_PA36_DG3_PF0_D1_S02_3__051_F_GA24_BW600_PA42_DG3_PF0_D1_S03_11,COph100/patient/051,COph100,sp_lg_h,False,False,6.409339527494895,0.05662609217846315
e691dc8d56e3d998,COph100/051/051_F_GA24_BW600_PA36_DG3_PF0_D1_S02_3__051_F_GA24_BW600_PA42_DG3_PF0_D1_S03_11,COph100/patient/051,COph100,xfeat_h,False,False,11.287158436491504,0.019219769427688285
5d89ecbd095b1d58,COph100/051/051_F_GA24_BW600_PA36_DG3_PF0_D1_S02_3__051_F_GA24_BW600_PA42_DG3_PF0_D1_S03_11,COph100/patient/051,COph100,xfeat_tps,False,False,,13.56493424054209
6c5ad832bf298d43,COph100/051/051_F_GA24_BW600_PA36_DG3_PF0_D1_S02_3__051_F_GA24_BW600_PA46_DG9_PF0_D1_S04_8,COph100/patient/051,COph100,sift_h,True,True,0.0,188914.5663640137
22650d84d3cfe50f,COph100/051/051_F_GA24_BW600_PA36_DG3_PF0_D1_S02_3__051_F_GA24_BW600_PA46_DG9_PF0_D1_S04_8,COph100/patient/051,COph100,sp_lg_h,False,False,4.591686761102281,0.10247868577656186
c311a9de46e51131,COph100/051/051_F_GA24_BW600_PA36_DG3_PF0_D1_S02_3__051_F_GA24_BW600_PA46_DG9_PF0_D1_S04_8,COph100/patient/051,COph100,xfeat_h,True,False,4.06476618778149,0.1322825641113479
847a04dc8a20d8a6,COph100/051/051_F_GA24_BW600_PA36_DG3_PF0_D1_S02_3__051_F_GA24_BW600_PA46_DG9_PF0_D1_S04_8,COph100/patient/051,COph100,xfeat_tps,True,False,,13.337986294639935
03306af7964d5271,COph100/051/051_F_GA24_BW600_PA42_DG3_PF0_D1_S03_11__051_F_GA24_BW600_PA46_DG9_PF0_D1_S04_8,COph100/patient/051,COph100,sift_h,True,True,0.0,26.900614049705773
179378b05e17f163,COph100/051/051_F_GA24_BW600_PA42_DG3_PF0_D1_S03_11__051_F_GA24_BW600_PA46_DG9_PF0_D1_S04_8,COph100/patient/051,COph100,sp_lg_h,False,False,14.41249282390174,0.012412757415745896
c7d194cac8e79888,COph100/051/051_F_GA24_BW600_PA42_DG3_PF0_D1_S03_11__051_F_GA24_BW600_PA46_DG9_PF0_D1_S04_8,COph100/patient/051,COph100,xfeat_h,False,False,79.87680230723893,0.0004169298992161638
6f7bd7a76f4cc42a,COph100/051/051_F_GA24_BW600_PA42_DG3_PF0_D1_S03_11__051_F_GA24_BW600_PA46_DG9_PF0_D1_S04_8,COph100/patient/051,COph100,xfeat_tps,False,False,,16.152560818800143
42c2109eeb8d3a73,COph100/052-1/052_M_GA26_BW820_PA31_DG1_PF0_D1_S01_6__052_M_GA26_BW820_PA32_DG2_PF0_D1_S02_7,COph100/patient/052,COph100,sift_h,True,True,0.0,654153.0891621128
e73f2f8ed4ab1f63,COph100/052-1/052_M_GA26_BW820_PA31_DG1_PF0_D1_S01_6__052_M_GA26_BW820_PA32_DG2_PF0_D1_S02_7,COph100/patient/052,COph100,sp_lg_h,False,False,19.19794445574155,0.007227042338199446
2011694072a63e78,COph100/052-1/052_M_GA26_BW820_PA31_DG1_PF0_D1_S01_6__052_M_GA26_BW820_PA32_DG2_PF0_D1_S02_7,COph100/patient/052,COph100,xfeat_h,True,False,13.310070229125007,0.015376607947883496
91ba1da14a9f02c7,COph100/052-1/052_M_GA26_BW820_PA31_DG1_PF0_D1_S01_6__052_M_GA26_BW820_PA32_DG2_PF0_D1_S02_7,COph100/patient/052,COph100,xfeat_tps,False,False,,12.127387552656328
7f6dfd3b09805a38,COph100/052-1/052_M_GA26_BW820_PA31_DG1_PF0_D1_S01_6__052_M_GA26_BW820_PA33_DG3_PF0_D1_S03_6,COph100/patient/052,COph100,sift_h,True,False,2.4757028769271785,0.3549484979541604
cd32b685872104de,COph100/052-1/052_M_GA26_BW820_PA31_DG1_PF0_D1_S01_6__052_M_GA26_BW820_PA33_DG3_PF0_D1_S03_6,COph100/patient/052,COph100,sp_lg_h,True,False,10.075860270671122,0.0245475623008322
14d3d524c4a267d5,COph100/052-1/052_M_GA26_BW820_PA31_DG1_PF0_D1_S01_6__052_M_GA26_BW820_PA33_DG3_PF0_D1_S03_6,COph100/patient/052,COph100,xfeat_h,True,False,12.579610540566037,0.016538659458132952
55c803eb2207ddbf,COph100/052-1/052_M_GA26_BW820_PA31_DG1_PF0_D1_S01_6__052_M_GA26_BW820_PA33_DG3_PF0_D1_S03_6,COph100/patient/052,COph100,xfeat_tps,True,False,,13.019273384628306
21393afaa6681bda,COph100/052-1/052_M_GA26_BW820_PA31_DG1_PF0_D1_S01_6__052_M_GA26_BW820_PA34_DG3_PF0_D1_S04_7,COph100/patient/052,COph100,sift_h,True,True,0.0,82.85879966322943
23ac13aa76153ca4,COph100/052-1/052_M_GA26_BW820_PA31_DG1_PF0_D1_S01_6__052_M_GA26_BW820_PA34_DG3_PF0_D1_S04_7,COph100/patient/052,COph100,sp_lg_h,True,False,5.176571218482685,0.08847738366797014
99af0a6caafad405,COph100/052-1/052_M_GA26_BW820_PA31_DG1_PF0_D1_S01_6__052_M_GA26_BW820_PA34_DG3_PF0_D1_S04_7,COph100/patient/052,COph100,xfeat_h,True,False,23.15529977594076,0.004797182845734486
8565310d77a171f4,COph100/052-1/052_M_GA26_BW820_PA31_DG1_PF0_D1_S01_6__052_M_GA26_BW820_PA34_DG3_PF0_D1_S04_7,COph100/patient/052,COph100,xfeat_tps,False,False,,13.021109441990598
f73d54d6bdad7a62,COph100/052-1/052_M_GA26_BW820_PA31_DG1_PF0_D1_S01_6__052_M_GA26_BW820_PA36_DG3_PF0_D1_S05_8,COph100/patient/052,COph100,sift_h,True,False,13.754436026987268,0.014559368449803808
4d90bb452c647ad9,COph100/052-1/052_M_GA26_BW820_PA31_DG1_PF0_D1_S01_6__052_M_GA26_BW820_PA36_DG3_PF0_D1_S05_8,COph100/patient/052,COph100,sp_lg_h,True,False,7.119397083573032,0.04694092812219329
e0067b6c8064267a,COph100/052-1/052_M_GA26_BW820_PA31_DG1_PF0_D1_S01_6__052_M_GA26_BW820_PA36_DG3_PF0_D1_S05_8,COph100/patient/052,COph100,xfeat_h,True,False,32.31344338837298,0.002537864425736855
25204325d24ed7ad,COph100/052-1/052_M_GA26_BW820_PA31_DG1_PF0_D1_S01_6__052_M_GA26_BW820_PA36_DG3_PF0_D1_S05_8,COph100/patient/052,COph100,xfeat_tps,True,False,,17.24199036788128
081c235d561cab21,COph100/052-1/052_M_GA26_BW820_PA31_DG1_PF0_D1_S01_6__052_M_GA26_BW820_PA42_DG3_PF0_D1_S06_4,COph100/patient/052,COph100,sift_h,True,True,0.0,205694315.06806186
3eb64b37c1723958,COph100/052-1/052_M_GA26_BW820_PA31_DG1_PF0_D1_S01_6__052_M_GA26_BW820_PA42_DG3_PF0_D1_S06_4,COph100/patient/052,COph100,sp_lg_h,True,False,1.0723421429261746,1.9686827231820592
00f52430f9357e57,COph100/052-1/052_M_GA26_BW820_PA31_DG1_PF0_D1_S01_6__052_M_GA26_BW820_PA42_DG3_PF0_D1_S06_4,COph100/patient/052,COph100,xfeat_h,True,False,4.289890871724849,0.109435308869517
daf9eafa01d2ae68,COph100/052-1/052_M_GA26_BW820_PA31_DG1_PF0_D1_S01_6__052_M_GA26_BW820_PA42_DG3_PF0_D1_S06_4,COph100/patient/052,COph100,xfeat_tps,True,False,,10.01596133105995
c2d3f70c51078052,COph100/052-1/052_M_GA26_BW820_PA31_DG1_PF0_D1_S01_6__052_M_GA26_BW820_PA46_DG2_PF0_D1_S07_2,COph100/patient/052,COph100,sift_h,True,False,5.296206754502496,0.07994297912962355
88ff28f3abfe04f0,COph100/052-1/052_M_GA26_BW820_PA31_DG1_PF0_D1_S01_6__052_M_GA26_BW820_PA46_DG2_PF0_D1_S07_2,COph100/patient/052,COph100,sp_lg_h,True,False,8.558324201526887,0.0304583568967024
b13cc4712a0e9ca4,COph100/052-1/052_M_GA26_BW820_PA31_DG1_PF0_D1_S01_6__052_M_GA26_BW820_PA46_DG2_PF0_D1_S07_2,COph100/patient/052,COph100,xfeat_h,True,False,7.333887369788869,0.040740086430939675
370d41d090829448,COph100/052-1/052_M_GA26_BW820_PA31_DG1_PF0_D1_S01_6__052_M_GA26_BW820_PA46_DG2_PF0_D1_S07_2,COph100/patient/052,COph100,xfeat_tps,True,False,,8.61350329099072
bbbdb37d44f5d49d,COph100/052-1/052_M_GA26_BW820_PA31_DG1_PF0_D1_S01_6__052_M_GA26_BW820_PA75_DG9_PF0_D1_S08_8,COph100/patient/052,COph100,sift_h,True,True,0.0,31111191.54101077
ae6684c0ced7279a,COph100/052-1/052_M_GA26_BW820_PA31_DG1_PF0_D1_S01_6__052_M_GA26_BW820_PA75_DG9_PF0_D1_S08_8,COph100/patient/052,COph100,sp_lg_h,True,False,2.848388256699878,0.2015402026909707
29a1335780e54d91,COph100/052-1/052_M_GA26_BW820_PA31_DG1_PF0_D1_S01_6__052_M_GA26_BW820_PA75_DG9_PF0_D1_S08_8,COph100/patient/052,COph100,xfeat_h,True,False,0.3560962067259345,17.473831965696593
97b2c3282056753a,COph100/052-1/052_M_GA26_BW820_PA31_DG1_PF0_D1_S01_6__052_M_GA26_BW820_PA75_DG9_PF0_D1_S08_8,COph100/patient/052,COph100,xfeat_tps,True,False,,7.081582736091746
eccb590e7b22c8b1,COph100/052-1/052_M_GA26_BW820_PA32_DG2_PF0_D1_S02_7__052_M_GA26_BW820_PA33_DG3_PF0_D1_S03_6,COph100/patient/052,COph100,sift_h,True,True,0.0,38845.902684868175
790900f781379a22,COph100/052-1/052_M_GA26_BW820_PA32_DG2_PF0_D1_S02_7__052_M_GA26_BW820_PA33_DG3_PF0_D1_S03_6,COph100/patient/052,COph100,sp_lg_h,False,False,4.685877179912991,0.10735962544439304
3a74b85077d53609,COph100/052-1/052_M_GA26_BW820_PA32_DG2_PF0_D1_S02_7__052_M_GA26_BW820_PA33_DG3_PF0_D1_S03_6,COph100/patient/052,COph100,xfeat_h,True,False,6.293640348489258,0.06579405782152536
2b83b5ffca9fb2e0,COph100/052-1/052_M_GA26_BW820_PA32_DG2_PF0_D1_S02_7__052_M_GA26_BW820_PA33_DG3_PF0_D1_S03_6,COph100/patient/052,COph100,xfeat_tps,False,False,,8.662269922536293
2a5da6f751fb98fe,COph100/052-1/052_M_GA26_BW820_PA32_DG2_PF0_D1_S02_7__052_M_GA26_BW820_PA34_DG3_PF0_D1_S04_7,COph100/patient/052,COph100,sift_h,True,True,0.0,608641.0735905105
8021bac3ea474b27,COph100/052-1/052_M_GA26_BW820_PA32_DG2_PF0_D1_S02_7__052_M_GA26_BW820_PA34_DG3_PF0_D1_S04_7,COph100/patient/052,COph100,sp_lg_h,True,False,70.55896504451363,0.0005204494374747761
f13c528ff7a7c7af,COph100/052-1/052_M_GA26_BW820_PA32_DG2_PF0_D1_S02_7__052_M_GA26_BW820_PA34_DG3_PF0_D1_S04_7,COph100/patient/052,COph100,xfeat_h,True,False,6.301900655661655,0.06156815739303646
4133853ae4de370f,COph100/052-1/052_M_GA26_BW820_PA32_DG2_PF0_D1_S02_7__052_M_GA26_BW820_PA34_DG3_PF0_D1_S04_7,COph100/patient/052,COph100,xfeat_tps,True,False,,8.650251752321843
2a3146123dab3342,COph100/052-1/052_M_GA26_BW820_PA32_DG2_PF0_D1_S02_7__052_M_GA26_BW820_PA36_DG3_PF0_D1_S05_8,COph100/patient/052,COph100,sift_h,True,True,0.0,2575.2030653373745
04f8a5467270f09c,COph100/052-1/052_M_GA26_BW820_PA32_DG2_PF0_D1_S02_7__052_M_GA26_BW820_PA36_DG3_PF0_D1_S05_8,COph100/patient/052,COph100,sp_lg_h,True,False,6.047305071190801,0.06615507076367977
0ab20275eadc2378,COph100/052-1/052_M_GA26_BW820_PA32_DG2_PF0_D1_S02_7__052_M_GA26_BW820_PA36_DG3_PF0_D1_S05_8,COph100/patient/052,COph100,xfeat_h,True,False,3.9109920233933986,0.15431972746429645
9446a509792385e3,COph100/052-1/052_M_GA26_BW820_PA32_DG2_PF0_D1_S02_7__052_M_GA26_BW820_PA36_DG3_PF0_D1_S05_8,COph100/patient/052,COph100,xfeat_tps,False,False,,11.040612280593319
b2b0cd385863366f,COph100/052-1/052_M_GA26_BW820_PA32_DG2_PF0_D1_S02_7__052_M_GA26_BW820_PA42_DG3_PF0_D1_S06_4,COph100/patient/052,COph100,sift_h,True,False,1.7267244265562274,0.5978151209933213
b0edb8bea4721ff3,COph100/052-1/052_M_GA26_BW820_PA32_DG2_PF0_D1_S02_7__052_M_GA26_BW820_PA42_DG3_PF0_D1_S06_4,COph100/patient/052,COph100,sp_lg_h,True,False,3.573357005720147,0.1524510903982978
24cfb7937b63443e,COph100/052-1/052_M_GA26_BW820_PA32_DG2_PF0_D1_S02_7__052_M_GA26_BW820_PA42_DG3_PF0_D1_S06_4,COph100/patient/052,COph100,xfeat_h,True,False,3.1165306952771545,0.2003750217532107
22b19efbf25e7d14,COph100/052-1/052_M_GA26_BW820_PA32_DG2_PF0_D1_S02_7__052_M_GA26_BW820_PA42_DG3_PF0_D1_S06_4,COph100/patient/052,COph100,xfeat_tps,True,False,,9.082650141790797
dba70bad2161db4e,COph100/052-1/052_M_GA26_BW820_PA32_DG2_PF0_D1_S02_7__052_M_GA26_BW820_PA46_DG2_PF0_D1_S07_2,COph100/patient/052,COph100,sift_h,True,False,12.265923650015388,0.017943121505617284
1153cf3f93b08446,COph100/052-1/052_M_GA26_BW820_PA32_DG2_PF0_D1_S02_7__052_M_GA26_BW820_PA46_DG2_PF0_D1_S07_2,COph100/patient/052,COph100,sp_lg_h,True,False,3.1407092699460524,0.19610012115848213
5505b1a857b5e2e9,COph100/052-1/052_M_GA26_BW820_PA32_DG2_PF0_D1_S02_7__052_M_GA26_BW820_PA46_DG2_PF0_D1_S07_2,COph100/patient/052,COph100,xfeat_h,True,False,1.2286125948913431,0.9202146505291435
a7f4ab6575f51e25,COph100/052-1/052_M_GA26_BW820_PA32_DG2_PF0_D1_S02_7__052_M_GA26_BW820_PA46_DG2_PF0_D1_S07_2,COph100/patient/052,COph100,xfeat_tps,True,False,,10.593797592054962
c32ef8d7b835a098,COph100/052-1/052_M_GA26_BW820_PA32_DG2_PF0_D1_S02_7__052_M_GA26_BW820_PA75_DG9_PF0_D1_S08_8,COph100/patient/052,COph100,sift_h,True,False,2.6117841712109966,0.29073607943319624
1c0cb2af55ea5c47,COph100/052-1/052_M_GA26_BW820_PA32_DG2_PF0_D1_S02_7__052_M_GA26_BW820_PA75_DG9_PF0_D1_S08_8,COph100/patient/052,COph100,sp_lg_h,True,False,2.3283099948428503,0.2912568989304784
12ee153137b47a20,COph100/052-1/052_M_GA26_BW820_PA32_DG2_PF0_D1_S02_7__052_M_GA26_BW820_PA75_DG9_PF0_D1_S08_8,COph100/patient/052,COph100,xfeat_h,True,False,2.147704784646698,0.3815939449153411
9153a950b6b7c776,COph100/052-1/052_M_GA26_BW820_PA32_DG2_PF0_D1_S02_7__052_M_GA26_BW820_PA75_DG9_PF0_D1_S08_8,COph100/patient/052,COph100,xfeat_tps,True,False,,5.891077738918833
2122d303129f4b65,COph100/052-1/052_M_GA26_BW820_PA33_DG3_PF0_D1_S03_6__052_M_GA26_BW820_PA34_DG3_PF0_D1_S04_7,COph100/patient/052,COph100,sift_h,True,True,0.0,6611.812888100752
a7ce986b70e35582,COph100/052-1/052_M_GA26_BW820_PA33_DG3_PF0_D1_S03_6__052_M_GA26_BW820_PA34_DG3_PF0_D1_S04_7,COph100/patient/052,COph100,sp_lg_h,False,False,14.07009610651335,0.012700747420255353
ed548f285ec5aee4,COph100/052-1/052_M_GA26_BW820_PA33_DG3_PF0_D1_S03_6__052_M_GA26_BW820_PA34_DG3_PF0_D1_S04_7,COph100/patient/052,COph100,xfeat_h,False,False,10.17273050216438,0.02465692791107655
f44f76f7b979a74a,COph100/052-1/052_M_GA26_BW820_PA33_DG3_PF0_D1_S03_6__052_M_GA26_BW820_PA34_DG3_PF0_D1_S04_7,COph100/patient/052,COph100,xfeat_tps,False,False,,7.291468676727062
7df59965bdb3defe,COph100/052-1/052_M_GA26_BW820_PA33_DG3_PF0_D1_S03_6__052_M_GA26_BW820_PA36_DG3_PF0_D1_S05_8,COph100/patient/052,COph100,sift_h,True,True,0.0,360023565.75090116
dff3e1f7c3ddd5c5,COph100/052-1/052_M_GA26_BW820_PA33_DG3_PF0_D1_S03_6__052_M_GA26_BW820_PA36_DG3_PF0_D1_S05_8,COph100/patient/052,COph100,sp_lg_h,False,False,6.658237836330415,0.0528596716953213
c087e6a6d724de78,COph100/052-1/052_M_GA26_BW820_PA33_DG3_PF0_D1_S03_6__052_M_GA26_BW820_PA36_DG3_PF0_D1_S05_8,COph100/patient/052,COph100,xfeat_h,True,False,5.2758338994679885,0.08661891134390694
dd85adb3ee150e8f,COph100/052-1/052_M_GA26_BW820_PA33_DG3_PF0_D1_S03_6__052_M_GA26_BW820_PA36_DG3_PF0_D1_S05_8,COph100/patient/052,COph100,xfeat_tps,False,False,,12.416015830099933
5ff25dcd9c8e4fe4,COph100/052-1/052_M_GA26_BW820_PA33_DG3_PF0_D1_S03_6__052_M_GA26_BW820_PA42_DG3_PF0_D1_S06_4,COph100/patient/052,COph100,sp_lg_h,True,False,2.169792076740869,0.35944627652245587
b3b44f0d030e486d,COph100/052-1/052_M_GA26_BW820_PA33_DG3_PF0_D1_S03_6__052_M_GA26_BW820_PA42_DG3_PF0_D1_S06_4,COph100/patient/052,COph100,xfeat_h,True,False,1.4252372072581214,0.8750429405050584
76a77dbcc3ab0aa2,COph100/052-1/052_M_GA26_BW820_PA33_DG3_PF0_D1_S03_6__052_M_GA26_BW820_PA42_DG3_PF0_D1_S06_4,COph100/patient/052,COph100,xfeat_tps,True,False,,10.249436485574005
0aeb0cf18e533e35,COph100/052-1/052_M_GA26_BW820_PA33_DG3_PF0_D1_S03_6__052_M_GA26_BW820_PA46_DG2_PF0_D1_S07_2,COph100/patient/052,COph100,sift_h,True,True,0.0,513478749.25412285
eb9fffb2d4927a11,COph100/052-1/052_M_GA26_BW820_PA33_DG3_PF0_D1_S03_6__052_M_GA26_BW820_PA46_DG2_PF0_D1_S07_2,COph100/patient/052,COph100,sp_lg_h,True,False,5.598738423736349,0.0590292261832257
f538ea073f091e94,COph100/052-1/052_M_GA26_BW820_PA33_DG3_PF0_D1_S03_6__052_M_GA26_BW820_PA46_DG2_PF0_D1_S07_2,COph100/patient/052,COph100,xfeat_h,True,False,7.166788418760787,0.04475658543128253
3cbbdb6af0506a50,COph100/052-1/052_M_GA26_BW820_PA33_DG3_PF0_D1_S03_6__052_M_GA26_BW820_PA46_DG2_PF0_D1_S07_2,COph100/patient/052,COph100,xfeat_tps,True,False,,6.930442498294708
636ebcd69732a137,COph100/052-1/052_M_GA26_BW820_PA33_DG3_PF0_D1_S03_6__052_M_GA26_BW820_PA75_DG9_PF0_D1_S08_8,COph100/patient/052,COph100,sift_h,True,False,3.6827750907396073,0.16275331286254624
4926061cc06554e7,COph100/052-1/052_M_GA26_BW820_PA33_DG3_PF0_D1_S03_6__052_M_GA26_BW820_PA75_DG9_PF0_D1_S08_8,COph100/patient/052,COph100,sp_lg_h,True,False,1.4278824098097862,0.8111619123683103
38555c0ad40941fd,COph100/052-1/052_M_GA26_BW820_PA33_DG3_PF0_D1_S03_6__052_M_GA26_BW820_PA75_DG9_PF0_D1_S08_8,COph100/patient/052,COph100,xfeat_h,True,False,1.2195516196823948,1.069208177162102
4f1fbbaec998a8c4,COph100/052-1/052_M_GA26_BW820_PA33_DG3_PF0_D1_S03_6__052_M_GA26_BW820_PA75_DG9_PF0_D1_S08_8,COph100/patient/052,COph100,xfeat_tps,True,False,,6.886366857227486
dea98d0279a59b76,COph100/052-1/052_M_GA26_BW820_PA34_DG3_PF0_D1_S04_7__052_M_GA26_BW820_PA36_DG3_PF0_D1_S05_8,COph100/patient/052,COph100,sift_h,True,True,0.0,53331.77619278379
63d0291c6c32f9fb,COph100/052-1/052_M_GA26_BW820_PA34_DG3_PF0_D1_S04_7__052_M_GA26_BW820_PA36_DG3_PF0_D1_S05_8,COph100/patient/052,COph100,sp_lg_h,False,False,27.848101656999738,0.0035279003872889115
7d65a217a95a40f7,COph100/052-1/052_M_GA26_BW820_PA34_DG3_PF0_D1_S04_7__052_M_GA26_BW820_PA36_DG3_PF0_D1_S05_8,COph100/patient/052,COph100,xfeat_h,False,False,139.55594905116476,0.0001457267406006129
b92711302b4c28b5,COph100/052-1/052_M_GA26_BW820_PA34_DG3_PF0_D1_S04_7__052_M_GA26_BW820_PA36_DG3_PF0_D1_S05_8,COph100/patient/052,COph100,xfeat_tps,False,False,,10.897076031966325
8057cf4a6dc5140e,COph100/052-1/052_M_GA26_BW820_PA34_DG3_PF0_D1_S04_7__052_M_GA26_BW820_PA42_DG3_PF0_D1_S06_4,COph100/patient/052,COph100,sift_h,True,False,11.66652044865039,0.01967934100904841
46db1d66583e559f,COph100/052-1/052_M_GA26_BW820_PA34_DG3_PF0_D1_S04_7__052_M_GA26_BW820_PA42_DG3_PF0_D1_S06_4,COph100/patient/052,COph100,sp_lg_h,True,False,5.57112657888146,0.07335186767725993
e090dcbb4742b376,COph100/052-1/052_M_GA26_BW820_PA34_DG3_PF0_D1_S04_7__052_M_GA26_BW820_PA42_DG3_PF0_D1_S06_4,COph100/patient/052,COph100,xfeat_h,True,False,8.760457316912458,0.03221165863899693
3a52340875c471f8,COph100/052-1/052_M_GA26_BW820_PA34_DG3_PF0_D1_S04_7__052_M_GA26_BW820_PA42_DG3_PF0_D1_S06_4,COph100/patient/052,COph100,xfeat_tps,True,False,,11.116057032017844
707b5f4901b75151,COph100/052-1/052_M_GA26_BW820_PA34_DG3_PF0_D1_S04_7__052_M_GA26_BW820_PA46_DG2_PF0_D1_S07_2,COph100/patient/052,COph100,sift_h,True,False,0.8090825025394602,2.21487026179354
448d9620ca138536,COph100/052-1/052_M_GA26_BW820_PA34_DG3_PF0_D1_S04_7__052_M_GA26_BW820_PA46_DG2_PF0_D1_S07_2,COph100/patient/052,COph100,sp_lg_h,True,False,3.5327350199841283,0.1867055667983839
4b26df8597cda255,COph100/052-1/052_M_GA26_BW820_PA34_DG3_PF0_D1_S04_7__052_M_GA26_BW820_PA46_DG2_PF0_D1_S07_2,COph100/patient/052,COph100,xfeat_h,True,False,5.818656564371427,0.07169830913824556
6cd8d8375f00379b,COph100/052-1/052_M_GA26_BW820_PA34_DG3_PF0_D1_S04_7__052_M_GA26_BW820_PA46_DG2_PF0_D1_S07_2,COph100/patient/052,COph100,xfeat_tps,True,False,,10.638574970806516
eb1db0b32ad0d27e,COph100/052-1/052_M_GA26_BW820_PA34_DG3_PF0_D1_S04_7__052_M_GA26_BW820_PA75_DG9_PF0_D1_S08_8,COph100/patient/052,COph100,sift_h,True,True,0.0,0.011259893445692906
89bff71cfb18cf35,COph100/052-1/052_M_GA26_BW820_PA34_DG3_PF0_D1_S04_7__052_M_GA26_BW820_PA75_DG9_PF0_D1_S08_8,COph100/patient/052,COph100,sp_lg_h,True,False,3.6450293281606694,0.14230635712796552
1a83bf776ad95fbc,COph100/052-1/052_M_GA26_BW820_PA34_DG3_PF0_D1_S04_7__052_M_GA26_BW820_PA75_DG9_PF0_D1_S08_8,COph100/patient/052,COph100,xfeat_h,True,False,1.353976479575884,1.0076805016446313
fc54dbec535f8d8a,COph100/052-1/052_M_GA26_BW820_PA34_DG3_PF0_D1_S04_7__052_M_GA26_BW820_PA75_DG9_PF0_D1_S08_8,COph100/patient/052,COph100,xfeat_tps,True,False,,8.287485281203665
3b02597337162cdd,COph100/052-1/052_M_GA26_BW820_PA36_DG3_PF0_D1_S05_8__052_M_GA26_BW820_PA42_DG3_PF0_D1_S06_4,COph100/patient/052,COph100,sp_lg_h,True,False,8.457445083533191,0.034021805486028865
978b8cb004111954,COph100/052-1/052_M_GA26_BW820_PA36_DG3_PF0_D1_S05_8__052_M_GA26_BW820_PA42_DG3_PF0_D1_S06_4,COph100/patient/052,COph100,xfeat_h,True,False,16.32187447511072,0.009363905198697267
a21c202233fa39cd,COph100/052-1/052_M_GA26_BW820_PA36_DG3_PF0_D1_S05_8__052_M_GA26_BW820_PA42_DG3_PF0_D1_S06_4,COph100/patient/052,COph100,xfeat_tps,True,False,,12.539437194871883
6fd0e996b752adfd,COph100/052-1/052_M_GA26_BW820_PA36_DG3_PF0_D1_S05_8__052_M_GA26_BW820_PA46_DG2_PF0_D1_S07_2,COph100/patient/052,COph100,sift_h,True,True,0.0,1984.6639728748341
4aa5c3287d08a99e,COph100/052-1/052_M_GA26_BW820_PA36_DG3_PF0_D1_S05_8__052_M_GA26_BW820_PA46_DG2_PF0_D1_S07_2,COph100/patient/052,COph100,sp_lg_h,True,False,11.076561905162293,0.020936608257208302
0af8684e274755a9,COph100/052-1/052_M_GA26_BW820_PA36_DG3_PF0_D1_S05_8__052_M_GA26_BW820_PA46_DG2_PF0_D1_S07_2,COph100/patient/052,COph100,xfeat_h,True,False,7.99691425928959,0.038414384034372064
6eab8006deb6aea5,COph100/052-1/052_M_GA26_BW820_PA36_DG3_PF0_D1_S05_8__052_M_GA26_BW820_PA46_DG2_PF0_D1_S07_2,COph100/patient/052,COph100,xfeat_tps,True,False,,12.38434561289764
5461a98036b7ad25,COph100/052-1/052_M_GA26_BW820_PA36_DG3_PF0_D1_S05_8__052_M_GA26_BW820_PA75_DG9_PF0_D1_S08_8,COph100/patient/052,COph100,sift_h,True,False,3.7634484570174407,0.1399857082687776
a19d449ca9386c15,COph100/052-1/052_M_GA26_BW820_PA36_DG3_PF0_D1_S05_8__052_M_GA26_BW820_PA75_DG9_PF0_D1_S08_8,COph100/patient/052,COph100,sp_lg_h,True,False,7.140307050938915,0.04283334993493436
6794fe38fd56fbc9,COph100/052-1/052_M_GA26_BW820_PA36_DG3_PF0_D1_S05_8__052_M_GA26_BW820_PA75_DG9_PF0_D1_S08_8,COph100/patient/052,COph100,xfeat_h,True,False,1.4966860238476576,0.8733910459453023
78c765fb3688a91a,COph100/052-1/052_M_GA26_BW820_PA36_DG3_PF0_D1_S05_8__052_M_GA26_BW820_PA75_DG9_PF0_D1_S08_8,COph100/patient/052,COph100,xfeat_tps,True,False,,9.483664498424725
589eda0958b3b814,COph100/052-1/052_M_GA26_BW820_PA42_DG3_PF0_D1_S06_4__052_M_GA26_BW820_PA46_DG2_PF0_D1_S07_2,COph100/patient/052,COph100,sift_h,True,True,0.0,5961691.625259959
340f02bb5b6924d9,COph100/052-1/052_M_GA26_BW820_PA42_DG3_PF0_D1_S06_4__052_M_GA26_BW820_PA46_DG2_PF0_D1_S07_2,COph100/patient/052,COph100,sp_lg_h,False,False,18.679502684889886,0.0080102370131404
fd14164fb1d182d0,COph100/052-1/052_M_GA26_BW820_PA42_DG3_PF0_D1_S06_4__052_M_GA26_BW820_PA46_DG2_PF0_D1_S07_2,COph100/patient/052,COph100,xfeat_h,False,False,19.555740426402917,0.007406924668127805
a7e5046f6bbe9777,COph100/052-1/052_M_GA26_BW820_PA42_DG3_PF0_D1_S06_4__052_M_GA26_BW820_PA46_DG2_PF0_D1_S07_2,COph100/patient/052,COph100,xfeat_tps,False,False,,12.116163568605021
4d11ea08a7303260,COph100/052-1/052_M_GA26_BW820_PA42_DG3_PF0_D1_S06_4__052_M_GA26_BW820_PA75_DG9_PF0_D1_S08_8,COph100/patient/052,COph100,sift_h,True,False,1.55710937122191,0.8554191363919865
ea00f67ddf1195af,COph100/052-1/052_M_GA26_BW820_PA42_DG3_PF0_D1_S06_4__052_M_GA26_BW820_PA75_DG9_PF0_D1_S08_8,COph100/patient/052,COph100,sp_lg_h,True,False,9.598279044084952,0.025350370682791952
5b9d5c1327fb1de5,COph100/052-1/052_M_GA26_BW820_PA42_DG3_PF0_D1_S06_4__052_M_GA26_BW820_PA75_DG9_PF0_D1_S08_8,COph100/patient/052,COph100,xfeat_h,True,False,8.236062093872455,0.03741042073101723
3b4d4e2501f14040,COph100/052-1/052_M_GA26_BW820_PA42_DG3_PF0_D1_S06_4__052_M_GA26_BW820_PA75_DG9_PF0_D1_S08_8,COph100/patient/052,COph100,xfeat_tps,True,False,,7.681760287548183
3e00f9913a970927,COph100/052-1/052_M_GA26_BW820_PA46_DG2_PF0_D1_S07_2__052_M_GA26_BW820_PA75_DG9_PF0_D1_S08_8,COph100/patient/052,COph100,sift_h,True,False,5.988291736322628,0.07337610389676417
52f5fd0f69e8dba8,COph100/052-1/052_M_GA26_BW820_PA46_DG2_PF0_D1_S07_2__052_M_GA26_BW820_PA75_DG9_PF0_D1_S08_8,COph100/patient/052,COph100,sp_lg_h,True,False,4.521348546884256,0.109681740775936
727f876ac2bb4129,COph100/052-1/052_M_GA26_BW820_PA46_DG2_PF0_D1_S07_2__052_M_GA26_BW820_PA75_DG9_PF0_D1_S08_8,COph100/patient/052,COph100,xfeat_h,True,False,24.096244725874126,0.0043147717618512195
6e25e57cff9ceb82,COph100/052-1/052_M_GA26_BW820_PA46_DG2_PF0_D1_S07_2__052_M_GA26_BW820_PA75_DG9_PF0_D1_S08_8,COph100/patient/052,COph100,xfeat_tps,False,False,,7.207039360887734
052c73ea7ffa4225,COph100/052/052_M_GA26_BW820_PA31_DG1_PF0_D1_S01_3__052_M_GA26_BW820_PA32_DG2_PF0_D1_S02_3,COph100/patient/052,COph100,sift_h,True,True,0.0,726200.3367654459
9a5b8619dafcf5ad,COph100/052/052_M_GA26_BW820_PA31_DG1_PF0_D1_S01_3__052_M_GA26_BW820_PA32_DG2_PF0_D1_S02_3,COph100/patient/052,COph100,sp_lg_h,False,False,8.407132187912199,0.03518871961021677
cbaa10a03247e25c,COph100/052/052_M_GA26_BW820_PA31_DG1_PF0_D1_S01_3__052_M_GA26_BW820_PA32_DG2_PF0_D1_S02_3,COph100/patient/052,COph100,xfeat_h,False,False,16.441517626336566,0.009646936361495355
6e9ef54307405b51,COph100/052/052_M_GA26_BW820_PA31_DG1_PF0_D1_S01_3__052_M_GA26_BW820_PA32_DG2_PF0_D1_S02_3,COph100/patient/052,COph100,xfeat_tps,False,False,,10.173093376539875
0d334087932bbab8,COph100/052/052_M_GA26_BW820_PA31_DG1_PF0_D1_S01_3__052_M_GA26_BW820_PA33_DG3_PF0_D1_S03_11,COph100/patient/052,COph100,sift_h,True,True,0.0,1328433.4490826712
d54c9dd8f3a6db69,COph100/052/052_M_GA26_BW820_PA31_DG1_PF0_D1_S01_3__052_M_GA26_BW820_PA33_DG3_PF0_D1_S03_11,COph100/patient/052,COph100,sp_lg_h,False,False,17.048633599816952,0.008705528484567647
403e30504c3a3a5b,COph100/052/052_M_GA26_BW820_PA31_DG1_PF0_D1_S01_3__052_M_GA26_BW820_PA33_DG3_PF0_D1_S03_11,COph100/patient/052,COph100,xfeat_h,True,False,11.809093778121653,0.01795211238556571
dcd4c31a2df7795a,COph100/052/052_M_GA26_BW820_PA31_DG1_PF0_D1_S01_3__052_M_GA26_BW820_PA33_DG3_PF0_D1_S03_11,COph100/patient/052,COph100,xfeat_tps,False,False,,9.207710634877351
8c8853370b04f6f4,COph100/052/052_M_GA26_BW820_PA31_DG1_PF0_D1_S01_3__052_M_GA26_BW820_PA34_DG3_PF0_D1_S04_4,COph100/patient/052,COph100,sift_h,True,False,0.9668075191582021,0.9603453438341826
811fc12c731a1366,COph100/052/052_M_GA26_BW820_PA31_DG1_PF0_D1_S01_3__052_M_GA26_BW820_PA34_DG3_PF0_D1_S04_4,COph100/patient/052,COph100,sp_lg_h,False,False,8.215254308259846,0.03715409273245927
5cdc4b35313f0fbb,COph100/052/052_M_GA26_BW820_PA31_DG1_PF0_D1_S01_3__052_M_GA26_BW820_PA34_DG3_PF0_D1_S04_4,COph100/patient/052,COph100,xfeat_h,True,False,13.416667776413474,0.01412985087992592
03a9a1110e28506a,COph100/052/052_M_GA26_BW820_PA31_DG1_PF0_D1_S01_3__052_M_GA26_BW820_PA34_DG3_PF0_D1_S04_4,COph100/patient/052,COph100,xfeat_tps,True,False,,10.397002289116662
5d20c83a7ab6d18f,COph100/052/052_M_GA26_BW820_PA31_DG1_PF0_D1_S01_3__052_M_GA26_BW820_PA36_DG3_PF0_D1_S05_1,COph100/patient/052,COph100,sp_lg_h,True,False,6.454258359966595,0.05139409769078712
2435f642d66c6694,COph100/052/052_M_GA26_BW820_PA31_DG1_PF0_D1_S01_3__052_M_GA26_BW820_PA36_DG3_PF0_D1_S05_1,COph100/patient/052,COph100,xfeat_h,True,False,20.344478542647987,0.005981744095796285
70bbeeae831a794d,COph100/052/052_M_GA26_BW820_PA31_DG1_PF0_D1_S01_3__052_M_GA26_BW820_PA36_DG3_PF0_D1_S05_1,COph100/patient/052,COph100,xfeat_tps,True,False,,9.979010778574006
d43c8fade6fca237,COph100/052/052_M_GA26_BW820_PA31_DG1_PF0_D1_S01_3__052_M_GA26_BW820_PA42_DG3_PF0_D1_S06_14,COph100/patient/052,COph100,sift_h,True,False,8.432171013489793,0.034734128859961286
7e1d9aea2b7d69ba,COph100/052/052_M_GA26_BW820_PA31_DG1_PF0_D1_S01_3__052_M_GA26_BW820_PA42_DG3_PF0_D1_S06_14,COph100/patient/052,COph100,sp_lg_h,True,False,0.07008169062664085,141.83113829038584
4f0838f78af56267,COph100/052/052_M_GA26_BW820_PA31_DG1_PF0_D1_S01_3__052_M_GA26_BW820_PA42_DG3_PF0_D1_S06_14,COph100/patient/052,COph100,xfeat_h,True,False,4.475139946437736,0.08744213686709487
5bba67da52df4190,COph100/052/052_M_GA26_BW820_PA31_DG1_PF0_D1_S01_3__052_M_GA26_BW820_PA42_DG3_PF0_D1_S06_14,COph100/patient/052,COph100,xfeat_tps,True,False,,8.804694608265233
45aaa68fb35d78f1,COph100/052/052_M_GA26_BW820_PA31_DG1_PF0_D1_S01_3__052_M_GA26_BW820_PA46_DG2_PF0_D1_S07_6,COph100/patient/052,COph100,sift_h,True,True,0.0,23231.334967558458
d9cae0da3a04d6af,COph100/052/052_M_GA26_BW820_PA31_DG1_PF0_D1_S01_3__052_M_GA26_BW820_PA46_DG2_PF0_D1_S07_6,COph100/patient/052,COph100,sp_lg_h,True,True,0.0,2220851.201832924
7c5132ec1af46801,COph100/052/052_M_GA26_BW820_PA31_DG1_PF0_D1_S01_3__052_M_GA26_BW820_PA46_DG2_PF0_D1_S07_6,COph100/patient/052,COph100,xfeat_h,True,False,1.6820231091077982,0.47512849548816216
51ccfe7603ee4688,COph100/052/052_M_GA26_BW820_PA31_DG1_PF0_D1_S01_3__052_M_GA26_BW820_PA46_DG2_PF0_D1_S07_6,COph100/patient/052,COph100,xfeat_tps,True,False,,5.849805042494291
661062460f685cfc,COph100/052/052_M_GA26_BW820_PA31_DG1_PF0_D1_S01_3__052_M_GA26_BW820_PA75_DG9_PF0_D1_S08_20,COph100/patient/052,COph100,sp_lg_h,True,False,0.21347994713626833,36.8987187059226
39005284e3674671,COph100/052/052_M_GA26_BW820_PA31_DG1_PF0_D1_S01_3__052_M_GA26_BW820_PA75_DG9_PF0_D1_S08_20,COph100/patient/052,COph100,xfeat_h,True,False,1.2495100729004953,1.077064702344385
80042c95664e4100,COph100/052/052_M_GA26_BW820_PA31_DG1_PF0_D1_S01_3__052_M_GA26_BW820_PA75_DG9_PF0_D1_S08_20,COph100/patient/052,COph100,xfeat_tps,True,False,,5.617299744107095
8243107958be1a70,COph100/052/052_M_GA26_BW820_PA32_DG2_PF0_D1_S02_3__052_M_GA26_BW820_PA33_DG3_PF0_D1_S03_11,COph100/patient/052,COph100,sift_h,True,False,0.709956572903019,3.360938166320608
1c4cd49ad27c7306,COph100/052/052_M_GA26_BW820_PA32_DG2_PF0_D1_S02_3__052_M_GA26_BW820_PA33_DG3_PF0_D1_S03_11,COph100/patient/052,COph100,sp_lg_h,False,False,13.438763038139466,0.014469178748261305
2861864b17e0dd51,COph100/052/052_M_GA26_BW820_PA32_DG2_PF0_D1_S02_3__052_M_GA26_BW820_PA33_DG3_PF0_D1_S03_11,COph100/patient/052,COph100,xfeat_h,False,False,37.89405260754051,0.0019425046532390502
4230c8aaef611851,COph100/052/052_M_GA26_BW820_PA32_DG2_PF0_D1_S02_3__052_M_GA26_BW820_PA33_DG3_PF0_D1_S03_11,COph100/patient/052,COph100,xfeat_tps,False,False,,8.172294494255016
9ad2e92440b5b141,COph100/052/052_M_GA26_BW820_PA32_DG2_PF0_D1_S02_3__052_M_GA26_BW820_PA34_DG3_PF0_D1_S04_4,COph100/patient/052,COph100,sift_h,True,False,3.5677935144295105,0.19145026895385858
59bc1bed0e1bb266,COph100/052/052_M_GA26_BW820_PA32_DG2_PF0_D1_S02_3__052_M_GA26_BW820_PA34_DG3_PF0_D1_S04_4,COph100/patient/052,COph100,sp_lg_h,False,False,98.45879028259841,0.00028281814546951545
db193c1492a0f6c5,COph100/052/052_M_GA26_BW820_PA32_DG2_PF0_D1_S02_3__052_M_GA26_BW820_PA34_DG3_PF0_D1_S04_4,COph100/patient/052,COph100,xfeat_h,False,False,6.189907537974955,0.06618475314810637
dd68150b76055f0d,COph100/052/052_M_GA26_BW820_PA32_DG2_PF0_D1_S02_3__052_M_GA26_BW820_PA34_DG3_PF0_D1_S04_4,COph100/patient/052,COph100,xfeat_tps,True,False,,8.725163990674027
1d2babc2d1369272,COph100/052/052_M_GA26_BW820_PA32_DG2_PF0_D1_S02_3__052_M_GA26_BW820_PA36_DG3_PF0_D1_S05_1,COph100/patient/052,COph100,sift_h,True,False,3.7495892948365226,0.15946454702179574
fd71c4d1ec408d24,COph100/052/052_M_GA26_BW820_PA32_DG2_PF0_D1_S02_3__052_M_GA26_BW820_PA36_DG3_PF0_D1_S05_1,COph100/patient/052,COph100,sp_lg_h,True,False,3.940668343629405,0.13936973756479465
cc89ec76eaafb2c2,COph100/052/052_M_GA26_BW820_PA32_DG2_PF0_D1_S02_3__052_M_GA26_BW820_PA36_DG3_PF0_D1_S05_1,COph100/patient/052,COph100,xfeat_h,False,False,10.520223907039151,0.022706700285464534
945d10a76840a27c,COph100/052/052_M_GA26_BW820_PA32_DG2_PF0_D1_S02_3__052_M_GA26_BW820_PA36_DG3_PF0_D1_S05_1,COph100/patient/052,COph100,xfeat_tps,False,False,,11.95371345307824
d96f0fc608d00fc9,COph100/052/052_M_GA26_BW820_PA32_DG2_PF0_D1_S02_3__052_M_GA26_BW820_PA42_DG3_PF0_D1_S06_14,COph100/patient/052,COph100,sift_h,True,True,0.0,9901127.280204928
905b8ca5c64aa7f2,COph100/052/052_M_GA26_BW820_PA32_DG2_PF0_D1_S02_3__052_M_GA26_BW820_PA42_DG3_PF0_D1_S06_14,COph100/patient/052,COph100,sp_lg_h,True,False,7.36031276564222,0.03618647525074285
2e10bd7986531c24,COph100/052/052_M_GA26_BW820_PA32_DG2_PF0_D1_S02_3__052_M_GA26_BW820_PA42_DG3_PF0_D1_S06_14,COph100/patient/052,COph100,xfeat_h,True,False,5.2306698789851565,0.08286099723927197
fe92be8cf31376d7,COph100/052/052_M_GA26_BW820_PA32_DG2_PF0_D1_S02_3__052_M_GA26_BW820_PA42_DG3_PF0_D1_S06_14,COph100/patient/052,COph100,xfeat_tps,True,False,,8.1496110890562
bc62488e8ab8434b,COph100/052/052_M_GA26_BW820_PA32_DG2_PF0_D1_S02_3__052_M_GA26_BW820_PA46_DG2_PF0_D1_S07_6,COph100/patient/052,COph100,sift_h,True,True,0.0,2860199.7295266455
570ffb2ccf454041,COph100/052/052_M_GA26_BW820_PA32_DG2_PF0_D1_S02_3__052_M_GA26_BW820_PA46_DG2_PF0_D1_S07_6,COph100/patient/052,COph100,sp_lg_h,True,False,4.381022278865387,0.08468193114320591
26e282caa48afb02,COph100/052/052_M_GA26_BW820_PA32_DG2_PF0_D1_S02_3__052_M_GA26_BW820_PA46_DG2_PF0_D1_S07_6,COph100/patient/052,COph100,xfeat_h,True,False,0.43438330633000266,6.8069228352544755
7d1281dfa0ab2f42,COph100/052/052_M_GA26_BW820_PA32_DG2_PF0_D1_S02_3__052_M_GA26_BW820_PA46_DG2_PF0_D1_S07_6,COph100/patient/052,COph100,xfeat_tps,True,False,,4.894833910976438
4b4e5283e1e26fdd,COph100/052/052_M_GA26_BW820_PA32_DG2_PF0_D1_S02_3__052_M_GA26_BW820_PA75_DG9_PF0_D1_S08_20,COph100/patient/052,COph100,sift_h,True,True,0.0,2006.558174308809
2c328f17aa99c44f,COph100/052/052_M_GA26_BW820_PA32_DG2_PF0_D1_S02_3__052_M_GA26_BW820_PA75_DG9_PF0_D1_S08_20,COph100/patient/052,COph100,sp_lg_h,True,False,0.4947623793955632,9.461071884229062
79a245e527b707d2,COph100/052/052_M_GA26_BW820_PA32_DG2_PF0_D1_S02_3__052_M_GA26_BW820_PA75_DG9_PF0_D1_S08_20,COph100/patient/052,COph100,xfeat_h,True,False,0.7930357987027384,3.0796643977487186
90b9dab08066424c,COph100/052/052_M_GA26_BW820_PA32_DG2_PF0_D1_S02_3__052_M_GA26_BW820_PA75_DG9_PF0_D1_S08_20,COph100/patient/052,COph100,xfeat_tps,True,False,,4.8920292483984
89847dc988c8cb39,COph100/052/052_M_GA26_BW820_PA33_DG3_PF0_D1_S03_11__052_M_GA26_BW820_PA34_DG3_PF0_D1_S04_4,COph100/patient/052,COph100,sift_h,True,True,0.0,21671859.299311176
f75bea6a54a4253d,COph100/052/052_M_GA26_BW820_PA33_DG3_PF0_D1_S03_11__052_M_GA26_BW820_PA34_DG3_PF0_D1_S04_4,COph100/patient/052,COph100,sp_lg_h,False,False,68.65402063653828,0.0005788099580660919
632ba0d9a7fd36b8,COph100/052/052_M_GA26_BW820_PA33_DG3_PF0_D1_S03_11__052_M_GA26_BW820_PA34_DG3_PF0_D1_S04_4,COph100/patient/052,COph100,xfeat_h,False,False,19.335667591910017,0.007225409054632287
35994aa813c67f1d,COph100/052/052_M_GA26_BW820_PA33_DG3_PF0_D1_S03_11__052_M_GA26_BW820_PA34_DG3_PF0_D1_S04_4,COph100/patient/052,COph100,xfeat_tps,False,False,,6.616798128569396
548eb6da97ff3ff6,COph100/052/052_M_GA26_BW820_PA33_DG3_PF0_D1_S03_11__052_M_GA26_BW820_PA36_DG3_PF0_D1_S05_1,COph100/patient/052,COph100,sift_h,True,True,0.0,15118.621457788016
7f56c2389623cd04,COph100/052/052_M_GA26_BW820_PA33_DG3_PF0_D1_S03_11__052_M_GA26_BW820_PA36_DG3_PF0_D1_S05_1,COph100/patient/052,COph100,sp_lg_h,False,False,42.88597031006496,0.00134504227015094
04e9dfdf551362c2,COph100/052/052_M_GA26_BW820_PA33_DG3_PF0_D1_S03_11__052_M_GA26_BW820_PA36_DG3_PF0_D1_S05_1,COph100/patient/052,COph100,xfeat_h,False,False,8.023033336126026,0.036430453558461806
ba8c4530dceabf32,COph100/052/052_M_GA26_BW820_PA33_DG3_PF0_D1_S03_11__052_M_GA26_BW820_PA36_DG3_PF0_D1_S05_1,COph100/patient/052,COph100,xfeat_tps,False,False,,9.563073655889886
50b3924517f16c9c,COph100/052/052_M_GA26_BW820_PA33_DG3_PF0_D1_S03_11__052_M_GA26_BW820_PA42_DG3_PF0_D1_S06_14,COph100/patient/052,COph100,sift_h,True,True,0.0,3.2483630459178996
5acb35bb2e516b40,COph100/052/052_M_GA26_BW820_PA33_DG3_PF0_D1_S03_11__052_M_GA26_BW820_PA42_DG3_PF0_D1_S06_14,COph100/patient/052,COph100,sp_lg_h,True,False,6.31226143746386,0.050326839518967874
28dbaf3455d1060c,COph100/052/052_M_GA26_BW820_PA33_DG3_PF0_D1_S03_11__052_M_GA26_BW820_PA42_DG3_PF0_D1_S06_14,COph100/patient/052,COph100,xfeat_h,True,False,3.175488515318355,0.1829448341228362
01333216a1429bd2,COph100/052/052_M_GA26_BW820_PA33_DG3_PF0_D1_S03_11__052_M_GA26_BW820_PA42_DG3_PF0_D1_S06_14,COph100/patient/052,COph100,xfeat_tps,True,False,,9.936495336269275
f03e9fec19e633a6,COph100/052/052_M_GA26_BW820_PA33_DG3_PF0_D1_S03_11__052_M_GA26_BW820_PA46_DG2_PF0_D1_S07_6,COph100/patient/052,COph100,sift_h,True,True,0.0,80761.5603802233
8f30703ecc1b2b84,COph100/052/052_M_GA26_BW820_PA33_DG3_PF0_D1_S03_11__052_M_GA26_BW820_PA46_DG2_PF0_D1_S07_6,COph100/patient/052,COph100,sp_lg_h,True,False,0.7637042836104264,2.464989039046208
8f7ca79c66d2177f,COph100/052/052_M_GA26_BW820_PA33_DG3_PF0_D1_S03_11__052_M_GA26_BW820_PA46_DG2_PF0_D1_S07_6,COph100/patient/052,COph100,xfeat_h,True,False,10.026802504393501,0.018565086298068197
3818aa97574ebc1c,COph100/052/052_M_GA26_BW820_PA33_DG3_PF0_D1_S03_11__052_M_GA26_BW820_PA46_DG2_PF0_D1_S07_6,COph100/patient/052,COph100,xfeat_tps,True,False,,9.039635654882497
1d8544304e730e93,COph100/052/052_M_GA26_BW820_PA33_DG3_PF0_D1_S03_11__052_M_GA26_BW820_PA75_DG9_PF0_D1_S08_20,COph100/patient/052,COph100,sp_lg_h,True,False,0.47434366315388743,5.331415107083617
4c8b6f4b0ccccdfe,COph100/052/052_M_GA26_BW820_PA33_DG3_PF0_D1_S03_11__052_M_GA26_BW820_PA75_DG9_PF0_D1_S08_20,COph100/patient/052,COph100,xfeat_h,True,False,1.4848389310408299,0.6274829258295072
1032d8ab9aa16648,COph100/052/052_M_GA26_BW820_PA33_DG3_PF0_D1_S03_11__052_M_GA26_BW820_PA75_DG9_PF0_D1_S08_20,COph100/patient/052,COph100,xfeat_tps,True,False,,6.556410032949456
8711445332cb238b,COph100/052/052_M_GA26_BW820_PA34_DG3_PF0_D1_S04_4__052_M_GA26_BW820_PA36_DG3_PF0_D1_S05_1,COph100/patient/052,COph100,sift_h,True,True,0.0,284699.0348799658
670e901c74cbe559,COph100/052/052_M_GA26_BW820_PA34_DG3_PF0_D1_S04_4__052_M_GA26_BW820_PA36_DG3_PF0_D1_S05_1,COph100/patient/052,COph100,sp_lg_h,False,False,13.823050948576796,0.013055454109433155
48f2cc7ae09a0ffb,COph100/052/052_M_GA26_BW820_PA34_DG3_PF0_D1_S04_4__052_M_GA26_BW820_PA36_DG3_PF0_D1_S05_1,COph100/patient/052,COph100,xfeat_h,False,False,18.03909335223208,0.0077472433585954875
358de47925b7c445,COph100/052/052_M_GA26_BW820_PA34_DG3_PF0_D1_S04_4__052_M_GA26_BW820_PA36_DG3_PF0_D1_S05_1,COph100/patient/052,COph100,xfeat_tps,False,False,,7.356063900100008
9831a3aeea779630,COph100/052/052_M_GA26_BW820_PA34_DG3_PF0_D1_S04_4__052_M_GA26_BW820_PA42_DG3_PF0_D1_S06_14,COph100/patient/052,COph100,sift_h,True,True,0.0,345267.1534072469
51333f5c6a714c8c,COph100/052/052_M_GA26_BW820_PA34_DG3_PF0_D1_S04_4__052_M_GA26_BW820_PA42_DG3_PF0_D1_S06_14,COph100/patient/052,COph100,sp_lg_h,True,False,7.564047806323159,0.036789835683888154
c0bf94c0e03d2c75,COph100/052/052_M_GA26_BW820_PA34_DG3_PF0_D1_S04_4__052_M_GA26_BW820_PA42_DG3_PF0_D1_S06_14,COph100/patient/052,COph100,xfeat_h,True,False,22.328028615196658,0.004515395988834913
91f62fb12deba713,COph100/052/052_M_GA26_BW820_PA34_DG3_PF0_D1_S04_4__052_M_GA26_BW820_PA42_DG3_PF0_D1_S06_14,COph100/patient/052,COph100,xfeat_tps,False,False,,9.11728518247023
b13115cae1db639e,COph100/052/052_M_GA26_BW820_PA34_DG3_PF0_D1_S04_4__052_M_GA26_BW820_PA46_DG2_PF0_D1_S07_6,COph100/patient/052,COph100,sift_h,True,True,0.0,198925537.2371954
e59fa811f25a8e31,COph100/052/052_M_GA26_BW820_PA34_DG3_PF0_D1_S04_4__052_M_GA26_BW820_PA46_DG2_PF0_D1_S07_6,COph100/patient/052,COph100,sp_lg_h,True,False,10.394212760638725,0.01869210226898908
17d83c36a163c55a,COph100/052/052_M_GA26_BW820_PA34_DG3_PF0_D1_S04_4__052_M_GA26_BW820_PA46_DG2_PF0_D1_S07_6,COph100/patient/052,COph100,xfeat_h,True,False,19.65982814719772,0.006268441119857034
47fe322de5426947,COph100/052/052_M_GA26_BW820_PA34_DG3_PF0_D1_S04_4__052_M_GA26_BW820_PA46_DG2_PF0_D1_S07_6,COph100/patient/052,COph100,xfeat_tps,True,False,,9.175711113311587
a2c4a3bfd88ff883,COph100/052/052_M_GA26_BW820_PA34_DG3_PF0_D1_S04_4__052_M_GA26_BW820_PA75_DG9_PF0_D1_S08_20,COph100/patient/052,COph100,sift_h,True,True,0.0,13.363120804415358
77518ee0f8861b97,COph100/052/052_M_GA26_BW820_PA34_DG3_PF0_D1_S04_4__052_M_GA26_BW820_PA75_DG9_PF0_D1_S08_20,COph100/patient/052,COph100,sp_lg_h,True,True,0.0,20540791.656451978
ba20d3eeb87425f7,COph100/052/052_M_GA26_BW820_PA34_DG3_PF0_D1_S04_4__052_M_GA26_BW820_PA75_DG9_PF0_D1_S08_20,COph100/patient/052,COph100,xfeat_h,True,False,5.688992647821429,0.05752547659790661
ef4a10b8e628f9d7,COph100/052/052_M_GA26_BW820_PA34_DG3_PF0_D1_S04_4__052_M_GA26_BW820_PA75_DG9_PF0_D1_S08_20,COph100/patient/052,COph100,xfeat_tps,True,False,,8.43667873101245
c7842338b3b4b746,COph100/052/052_M_GA26_BW820_PA36_DG3_PF0_D1_S05_1__052_M_GA26_BW820_PA42_DG3_PF0_D1_S06_14,COph100/patient/052,COph100,sift_h,True,False,2.340808676244543,0.416426703974733
0863090345d40120,COph100/052/052_M_GA26_BW820_PA36_DG3_PF0_D1_S05_1__052_M_GA26_BW820_PA42_DG3_PF0_D1_S06_14,COph100/patient/052,COph100,sp_lg_h,False,False,15.95008725545471,0.009339574664760668
ceae09ba26a41d6a,COph100/052/052_M_GA26_BW820_PA36_DG3_PF0_D1_S05_1__052_M_GA26_BW820_PA42_DG3_PF0_D1_S06_14,COph100/patient/052,COph100,xfeat_h,True,False,10.621522575860443,0.021773637711024516
57a8c59557c0789f,COph100/052/052_M_GA26_BW820_PA36_DG3_PF0_D1_S05_1__052_M_GA26_BW820_PA42_DG3_PF0_D1_S06_14,COph100/patient/052,COph100,xfeat_tps,False,False,,12.313077440880175
5125ccac7a6c20e7,COph100/052/052_M_GA26_BW820_PA36_DG3_PF0_D1_S05_1__052_M_GA26_BW820_PA46_DG2_PF0_D1_S07_6,COph100/patient/052,COph100,sift_h,True,True,0.0,18748.173109241077
e70daf63dcc41797,COph100/052/052_M_GA26_BW820_PA36_DG3_PF0_D1_S05_1__052_M_GA26_BW820_PA46_DG2_PF0_D1_S07_6,COph100/patient/052,COph100,sp_lg_h,True,False,5.1098377783418485,0.08353717256025042
5ddf45d3da8157d0,COph100/052/052_M_GA26_BW820_PA36_DG3_PF0_D1_S05_1__052_M_GA26_BW820_PA46_DG2_PF0_D1_S07_6,COph100/patient/052,COph100,xfeat_h,True,False,9.686380451753653,0.026132298654911228
e0bec7113df9b5fc,COph100/052/052_M_GA26_BW820_PA36_DG3_PF0_D1_S05_1__052_M_GA26_BW820_PA46_DG2_PF0_D1_S07_6,COph100/patient/052,COph100,xfeat_tps,True,False,,11.589269549090348
54b745eed8ddcbca,COph100/052/052_M_GA26_BW820_PA36_DG3_PF0_D1_S05_1__052_M_GA26_BW820_PA75_DG9_PF0_D1_S08_20,COph100/patient/052,COph100,sift_h,True,True,0.0,109113125.96190761
2fbcc0befd69dd07,COph100/052/052_M_GA26_BW820_PA36_DG3_PF0_D1_S05_1__052_M_GA26_BW820_PA75_DG9_PF0_D1_S08_20,COph100/patient/052,COph100,sp_lg_h,True,False,8.370670051124252,0.02739638377058569
a8c8215460e281aa,COph100/052/052_M_GA26_BW820_PA36_DG3_PF0_D1_S05_1__052_M_GA26_BW820_PA75_DG9_PF0_D1_S08_20,COph100/patient/052,COph100,xfeat_h,True,False,1.5074025523447232,0.7522713374495016
36df6ef5e3385ea6,COph100/052/052_M_GA26_BW820_PA36_DG3_PF0_D1_S05_1__052_M_GA26_BW820_PA75_DG9_PF0_D1_S08_20,COph100/patient/052,COph100,xfeat_tps,True,False,,9.719125976026579
69634af3c2dc41df,COph100/052/052_M_GA26_BW820_PA42_DG3_PF0_D1_S06_14__052_M_GA26_BW820_PA46_DG2_PF0_D1_S07_6,COph100/patient/052,COph100,sift_h,True,True,0.0,339603.8882896822
195f52166620dd25,COph100/052/052_M_GA26_BW820_PA42_DG3_PF0_D1_S06_14__052_M_GA26_BW820_PA46_DG2_PF0_D1_S07_6,COph100/patient/052,COph100,sp_lg_h,True,False,9.715770676668217,0.026883233213797215
11874152af928391,COph100/052/052_M_GA26_BW820_PA42_DG3_PF0_D1_S06_14__052_M_GA26_BW820_PA46_DG2_PF0_D1_S07_6,COph100/patient/052,COph100,xfeat_h,True,False,8.665361676550111,0.03303643203116586
0e238b143991efa9,COph100/052/052_M_GA26_BW820_PA42_DG3_PF0_D1_S06_14__052_M_GA26_BW820_PA46_DG2_PF0_D1_S07_6,COph100/patient/052,COph100,xfeat_tps,False,False,,7.8856287942243695
6a7a162b4b190bc8,COph100/052/052_M_GA26_BW820_PA42_DG3_PF0_D1_S06_14__052_M_GA26_BW820_PA75_DG9_PF0_D1_S08_20,COph100/patient/052,COph100,sift_h,True,True,0.0,87192.65972372048
498654de669adbe9,COph100/052/052_M_GA26_BW820_PA42_DG3_PF0_D1_S06_14__052_M_GA26_BW820_PA75_DG9_PF0_D1_S08_20,COph100/patient/052,COph100,sp_lg_h,False,False,15.599828208901839,0.009395642395128493
1a44fec086b6c467,COph100/052/052_M_GA26_BW820_PA42_DG3_PF0_D1_S06_14__052_M_GA26_BW820_PA75_DG9_PF0_D1_S08_20,COph100/patient/052,COph100,xfeat_h,False,False,5.3469311065414304,0.06995767748619594
caf8adb6fb6b09c8,COph100/052/052_M_GA26_BW820_PA42_DG3_PF0_D1_S06_14__052_M_GA26_BW820_PA75_DG9_PF0_D1_S08_20,COph100/patient/052,COph100,xfeat_tps,False,False,,11.438752278184708
13f5930071d8a0bc,COph100/052/052_M_GA26_BW820_PA46_DG2_PF0_D1_S07_6__052_M_GA26_BW820_PA75_DG9_PF0_D1_S08_20,COph100/patient/052,COph100,sift_h,True,False,1.2430958781735164,1.8663283082645363
b5f4556c837a7835,COph100/052/052_M_GA26_BW820_PA46_DG2_PF0_D1_S07_6__052_M_GA26_BW820_PA75_DG9_PF0_D1_S08_20,COph100/patient/052,COph100,sp_lg_h,True,False,2.9637176389885336,0.24942713118328702
0044bb85de605993,COph100/052/052_M_GA26_BW820_PA46_DG2_PF0_D1_S07_6__052_M_GA26_BW820_PA75_DG9_PF0_D1_S08_20,COph100/patient/052,COph100,xfeat_h,True,False,1.9278585408261943,0.5706890345722531
b48b9d1d143c0137,COph100/052/052_M_GA26_BW820_PA46_DG2_PF0_D1_S07_6__052_M_GA26_BW820_PA75_DG9_PF0_D1_S08_20,COph100/patient/052,COph100,xfeat_tps,False,False,,8.560490193568079
2090023150121498,COph100/054-1/054_M_GA29_BW1410_PA37_DG0_PF0_D1_S01_3__054_M_GA29_BW1410_PA43_DG0_PF0_D1_S02_6,COph100/patient/054,COph100,sift_h,True,True,0.0,36871.97153314106
88be5a0d4bd765d2,COph100/054-1/054_M_GA29_BW1410_PA37_DG0_PF0_D1_S01_3__054_M_GA29_BW1410_PA43_DG0_PF0_D1_S02_6,COph100/patient/054,COph100,sp_lg_h,False,False,10.692323108941915,0.02223561382047461
0118658c75374552,COph100/054-1/054_M_GA29_BW1410_PA37_DG0_PF0_D1_S01_3__054_M_GA29_BW1410_PA43_DG0_PF0_D1_S02_6,COph100/patient/054,COph100,xfeat_h,True,False,5.567022372072217,0.07811872883044976
5ca834b0f08085c1,COph100/054-1/054_M_GA29_BW1410_PA37_DG0_PF0_D1_S01_3__054_M_GA29_BW1410_PA43_DG0_PF0_D1_S02_6,COph100/patient/054,COph100,xfeat_tps,True,False,,9.266593629972467
afbf4f94d25b46a3,COph100/054/054_M_GA29_BW1410_PA37_DG0_PF0_D1_S01_8__054_M_GA29_BW1410_PA43_DG0_PF0_D1_S02_2,COph100/patient/054,COph100,sift_h,True,True,0.0,1567519.9154254699
17019334ee9259af,COph100/054/054_M_GA29_BW1410_PA37_DG0_PF0_D1_S01_8__054_M_GA29_BW1410_PA43_DG0_PF0_D1_S02_2,COph100/patient/054,COph100,sp_lg_h,False,False,36.23835817860615,0.0018774109988604771
fcccfdf6acd4c8a4,COph100/054/054_M_GA29_BW1410_PA37_DG0_PF0_D1_S01_8__054_M_GA29_BW1410_PA43_DG0_PF0_D1_S02_2,COph100/patient/054,COph100,xfeat_h,True,False,6.5345347569670915,0.05458832778452369
f1ddd5887a7fb5fe,COph100/054/054_M_GA29_BW1410_PA37_DG0_PF0_D1_S01_8__054_M_GA29_BW1410_PA43_DG0_PF0_D1_S02_2,COph100/patient/054,COph100,xfeat_tps,False,False,,12.78574769487182
c3ecd316eef21314,COph100/055-1/055_M_GA38_BW3245_PA40_DG13_PF0_D1_S01_10__055_M_GA38_BW3245_PA41_DG13_PF0_D1_S02_7,COph100/patient/055,COph100,sift_h,True,True,0.0,3679.4826145832894
b17b008059ac5cfe,COph100/055-1/055_M_GA38_BW3245_PA40_DG13_PF0_D1_S01_10__055_M_GA38_BW3245_PA41_DG13_PF0_D1_S02_7,COph100/patient/055,COph100,sp_lg_h,True,False,10.926282815403816,0.022657291948569785
a4c40750a69d1cb3,COph100/055-1/055_M_GA38_BW3245_PA40_DG13_PF0_D1_S01_10__055_M_GA38_BW3245_PA41_DG13_PF0_D1_S02_7,COph100/patient/055,COph100,xfeat_h,True,False,4.23039938475199,0.12180497898921648
198f7462e514c32e,COph100/055-1/055_M_GA38_BW3245_PA40_DG13_PF0_D1_S01_10__055_M_GA38_BW3245_PA41_DG13_PF0_D1_S02_7,COph100/patient/055,COph100,xfeat_tps,False,False,,5.858310249300196
aca6960bc47d7753,COph100/055-1/055_M_GA38_BW3245_PA40_DG13_PF0_D1_S01_10__055_M_GA38_BW3245_PA42_DG13_PF0_D1_S03_2,COph100/patient/055,COph100,sift_h,True,True,0.0,1.2273271452905
bb23b95e23a8924e,COph100/055-1/055_M_GA38_BW3245_PA40_DG13_PF0_D1_S01_10__055_M_GA38_BW3245_PA42_DG13_PF0_D1_S03_2,COph100/patient/055,COph100,sp_lg_h,False,False,9.054524998678845,0.030161528225847837
0c432e92e2ed5bdd,COph100/055-1/055_M_GA38_BW3245_PA40_DG13_PF0_D1_S01_10__055_M_GA38_BW3245_PA42_DG13_PF0_D1_S03_2,COph100/patient/055,COph100,xfeat_h,False,False,9.132767874089696,0.03046743911487846
ee1a924c5654f319,COph100/055-1/055_M_GA38_BW3245_PA40_DG13_PF0_D1_S01_10__055_M_GA38_BW3245_PA42_DG13_PF0_D1_S03_2,COph100/patient/055,COph100,xfeat_tps,False,False,,7.588689528577664
4a5bd191bdc5d056,COph100/055-1/055_M_GA38_BW3245_PA40_DG13_PF0_D1_S01_10__055_M_GA38_BW3245_PA43_DG13_PF0_D1_S04_5,COph100/patient/055,COph100,sift_h,True,True,0.0,1143962622.8801563
97f544bb446b5f49,COph100/055-1/055_M_GA38_BW3245_PA40_DG13_PF0_D1_S01_10__055_M_GA38_BW3245_PA43_DG13_PF0_D1_S04_5,COph100/patient/055,COph100,sp_lg_h,True,False,3.928173048901129,0.1410329930701426
6d8b9bce64d4bb31,COph100/055-1/055_M_GA38_BW3245_PA40_DG13_PF0_D1_S01_10__055_M_GA38_BW3245_PA43_DG13_PF0_D1_S04_5,COph100/patient/055,COph100,xfeat_h,True,False,20.254533743838834,0.006760725572626583
a51c03b3dd5e3d1c,COph100/055-1/055_M_GA38_BW3245_PA40_DG13_PF0_D1_S01_10__055_M_GA38_BW3245_PA43_DG13_PF0_D1_S04_5,COph100/patient/055,COph100,xfeat_tps,True,False,,5.00756600685763
3e5128c3df31a86f,COph100/055-1/055_M_GA38_BW3245_PA40_DG13_PF0_D1_S01_10__055_M_GA38_BW3245_PA44_DG13_PF0_D1_S05_6,COph100/patient/055,COph100,sift_h,True,True,0.0,3079834.956163773
ce0f14b486d56040,COph100/055-1/055_M_GA38_BW3245_PA40_DG13_PF0_D1_S01_10__055_M_GA38_BW3245_PA44_DG13_PF0_D1_S05_6,COph100/patient/055,COph100,sp_lg_h,True,True,0.0,39281513.67231593
2d170c11094313fc,COph100/055-1/055_M_GA38_BW3245_PA40_DG13_PF0_D1_S01_10__055_M_GA38_BW3245_PA44_DG13_PF0_D1_S05_6,COph100/patient/055,COph100,xfeat_h,True,False,5.767421495854971,0.06636926810365334
91464eb37e684424,COph100/055-1/055_M_GA38_BW3245_PA40_DG13_PF0_D1_S01_10__055_M_GA38_BW3245_PA44_DG13_PF0_D1_S05_6,COph100/patient/055,COph100,xfeat_tps,True,False,,10.120440990880159
ad9964d787e3eb1e,COph100/055-1/055_M_GA38_BW3245_PA40_DG13_PF0_D1_S01_10__055_M_GA38_BW3245_PA45_DG13_PF0_D1_S06_6,COph100/patient/055,COph100,sift_h,True,True,0.0,439311.0745312936
2311a923598d6e64,COph100/055-1/055_M_GA38_BW3245_PA40_DG13_PF0_D1_S01_10__055_M_GA38_BW3245_PA45_DG13_PF0_D1_S06_6,COph100/patient/055,COph100,sp_lg_h,True,False,1.9574401276982487,0.49196897956249636
a0311d1b2e1653ac,COph100/055-1/055_M_GA38_BW3245_PA40_DG13_PF0_D1_S01_10__055_M_GA38_BW3245_PA45_DG13_PF0_D1_S06_6,COph100/patient/055,COph100,xfeat_h,True,False,4.574802099480757,0.10402424697222817
68ff7f9ddffa3d63,COph100/055-1/055_M_GA38_BW3245_PA40_DG13_PF0_D1_S01_10__055_M_GA38_BW3245_PA45_DG13_PF0_D1_S06_6,COph100/patient/055,COph100,xfeat_tps,True,False,,4.680231333916493
bceb1cce41f2a5a5,COph100/055-1/055_M_GA38_BW3245_PA40_DG13_PF0_D1_S01_10__055_M_GA38_BW3245_PA47_DG13_PF0_D1_S07_7,COph100/patient/055,COph100,sift_h,True,True,0.0,10961.86222479342
a84002b0b7ab96d2,COph100/055-1/055_M_GA38_BW3245_PA40_DG13_PF0_D1_S01_10__055_M_GA38_BW3245_PA47_DG13_PF0_D1_S07_7,COph100/patient/055,COph100,sp_lg_h,True,False,2.865407917808239,0.23958259180068897
a7c4ba03edb3609e,COph100/055-1/055_M_GA38_BW3245_PA40_DG13_PF0_D1_S01_10__055_M_GA38_BW3245_PA47_DG13_PF0_D1_S07_7,COph100/patient/055,COph100,xfeat_h,True,False,13.712533348957672,0.014500729642020694
f4f4017d9bf11ed3,COph100/055-1/055_M_GA38_BW3245_PA40_DG13_PF0_D1_S01_10__055_M_GA38_BW3245_PA47_DG13_PF0_D1_S07_7,COph100/patient/055,COph100,xfeat_tps,True,False,,3.173808985227388
737ce1b034e571df,COph100/055-1/055_M_GA38_BW3245_PA40_DG13_PF0_D1_S01_10__055_M_GA38_BW3245_PA53_DG13_PF0_D1_S08_2,COph100/patient/055,COph100,sift_h,True,True,0.0,30268.34383691206
da1b669d55ceeb70,COph100/055-1/055_M_GA38_BW3245_PA40_DG13_PF0_D1_S01_10__055_M_GA38_BW3245_PA53_DG13_PF0_D1_S08_2,COph100/patient/055,COph100,sp_lg_h,True,True,0.0,3044205911.3357058
351556d8f34cce4b,COph100/055-1/055_M_GA38_BW3245_PA40_DG13_PF0_D1_S01_10__055_M_GA38_BW3245_PA53_DG13_PF0_D1_S08_2,COph100/patient/055,COph100,xfeat_h,True,False,4.109469635154102,0.09498519013281871
7d464198f1152103,COph100/055-1/055_M_GA38_BW3245_PA40_DG13_PF0_D1_S01_10__055_M_GA38_BW3245_PA53_DG13_PF0_D1_S08_2,COph100/patient/055,COph100,xfeat_tps,True,False,,5.90332927219306
4032dca03b837b09,COph100/055-1/055_M_GA38_BW3245_PA40_DG13_PF0_D1_S01_10__055_M_GA38_BW3245_PA78_DG13_PF0_D1_S09_16,COph100/patient/055,COph100,sift_h,True,True,0.0,60940715.346316546
cf804c649b733cd6,COph100/055-1/055_M_GA38_BW3245_PA40_DG13_PF0_D1_S01_10__055_M_GA38_BW3245_PA78_DG13_PF0_D1_S09_16,COph100/patient/055,COph100,sp_lg_h,True,True,0.0,107062547.19021197
d32c93a4f70270c3,COph100/055-1/055_M_GA38_BW3245_PA40_DG13_PF0_D1_S01_10__055_M_GA38_BW3245_PA78_DG13_PF0_D1_S09_16,COph100/patient/055,COph100,xfeat_h,True,False,14.009887805860433,0.013545821290180698
49aac1694fc71764,COph100/055-1/055_M_GA38_BW3245_PA40_DG13_PF0_D1_S01_10__055_M_GA38_BW3245_PA78_DG13_PF0_D1_S09_16,COph100/patient/055,COph100,xfeat_tps,True,False,,2.614064064718788
32be50f809ad205a,COph100/055-1/055_M_GA38_BW3245_PA41_DG13_PF0_D1_S02_7__055_M_GA38_BW3245_PA42_DG13_PF0_D1_S03_2,COph100/patient/055,COph100,sift_h,True,True,0.0,2458298.1354922787
dfa495ad36451d64,COph100/055-1/055_M_GA38_BW3245_PA41_DG13_PF0_D1_S02_7__055_M_GA38_BW3245_PA42_DG13_PF0_D1_S03_2,COph100/patient/055,COph100,sp_lg_h,True,False,5.888131335392312,0.07201520808382705
4e4fb38067cbd753,COph100/055-1/055_M_GA38_BW3245_PA41_DG13_PF0_D1_S02_7__055_M_GA38_BW3245_PA42_DG13_PF0_D1_S03_2,COph100/patient/055,COph100,xfeat_h,False,False,8.290259431340179,0.035616261930155144
f9dee68f52267d03,COph100/055-1/055_M_GA38_BW3245_PA41_DG13_PF0_D1_S02_7__055_M_GA38_BW3245_PA42_DG13_PF0_D1_S03_2,COph100/patient/055,COph100,xfeat_tps,False,False,,9.789637622027659
2381c5c3a16fb874,COph100/055-1/055_M_GA38_BW3245_PA41_DG13_PF0_D1_S02_7__055_M_GA38_BW3245_PA43_DG13_PF0_D1_S04_5,COph100/patient/055,COph100,sift_h,True,True,0.0,272047.9020079654
7ea7f29d8d65ab40,COph100/055-1/055_M_GA38_BW3245_PA41_DG13_PF0_D1_S02_7__055_M_GA38_BW3245_PA43_DG13_PF0_D1_S04_5,COph100/patient/055,COph100,sp_lg_h,False,False,29.864107831037924,0.002956293634907543
7897126fcd9bf20e,COph100/055-1/055_M_GA38_BW3245_PA41_DG13_PF0_D1_S02_7__055_M_GA38_BW3245_PA43_DG13_PF0_D1_S04_5,COph100/patient/055,COph100,xfeat_h,False,False,13.139941473147587,0.01556446108304086
63b021bcc3828144,COph100/055-1/055_M_GA38_BW3245_PA41_DG13_PF0_D1_S02_7__055_M_GA38_BW3245_PA43_DG13_PF0_D1_S04_5,COph100/patient/055,COph100,xfeat_tps,False,False,,10.284942445348474
9682ae65cd8d3515,COph100/055-1/055_M_GA38_BW3245_PA41_DG13_PF0_D1_S02_7__055_M_GA38_BW3245_PA44_DG13_PF0_D1_S05_6,COph100/patient/055,COph100,sift_h,True,True,0.0,910102625.8655638
c670ba8f5a682660,COph100/055-1/055_M_GA38_BW3245_PA41_DG13_PF0_D1_S02_7__055_M_GA38_BW3245_PA44_DG13_PF0_D1_S05_6,COph100/patient/055,COph100,sp_lg_h,True,False,13.076233525691759,0.014899444844898921
63d981cd96049d6a,COph100/055-1/055_M_GA38_BW3245_PA41_DG13_PF0_D1_S02_7__055_M_GA38_BW3245_PA44_DG13_PF0_D1_S05_6,COph100/patient/055,COph100,xfeat_h,True,False,5.01834395872396,0.09453187532144686
e26b819223683786,COph100/055-1/055_M_GA38_BW3245_PA41_DG13_PF0_D1_S02_7__055_M_GA38_BW3245_PA44_DG13_PF0_D1_S05_6,COph100/patient/055,COph100,xfeat_tps,True,False,,10.081016933742099
46288d81c8b3e35c,COph100/055-1/055_M_GA38_BW3245_PA41_DG13_PF0_D1_S02_7__055_M_GA38_BW3245_PA45_DG13_PF0_D1_S06_6,COph100/patient/055,COph100,sift_h,True,True,0.0,19841.7215664473
3eaa310e81ed3517,COph100/055-1/055_M_GA38_BW3245_PA41_DG13_PF0_D1_S02_7__055_M_GA38_BW3245_PA45_DG13_PF0_D1_S06_6,COph100/patient/055,COph100,sp_lg_h,True,False,3.4521654015547774,0.21373824074423797
d961448fa8d14ef6,COph100/055-1/055_M_GA38_BW3245_PA41_DG13_PF0_D1_S02_7__055_M_GA38_BW3245_PA45_DG13_PF0_D1_S06_6,COph100/patient/055,COph100,xfeat_h,True,False,5.263994399140725,0.08753710495421528
2706457bca9c9615,COph100/055-1/055_M_GA38_BW3245_PA41_DG13_PF0_D1_S02_7__055_M_GA38_BW3245_PA45_DG13_PF0_D1_S06_6,COph100/patient/055,COph100,xfeat_tps,False,False,,6.188671894262309
7db123da8df7cfdc,COph100/055-1/055_M_GA38_BW3245_PA41_DG13_PF0_D1_S02_7__055_M_GA38_BW3245_PA47_DG13_PF0_D1_S07_7,COph100/patient/055,COph100,sift_h,True,True,0.0,53940.27434746526
9996eac6be53fb75,COph100/055-1/055_M_GA38_BW3245_PA41_DG13_PF0_D1_S02_7__055_M_GA38_BW3245_PA47_DG13_PF0_D1_S07_7,COph100/patient/055,COph100,sp_lg_h,True,False,2.1509724516129616,0.4747015882097772
358b21714e7446db,COph100/055-1/055_M_GA38_BW3245_PA41_DG13_PF0_D1_S02_7__055_M_GA38_BW3245_PA47_DG13_PF0_D1_S07_7,COph100/patient/055,COph100,xfeat_h,True,False,1.7656918217205684,0.6837321839125541
d93877abbe6d0818,COph100/055-1/055_M_GA38_BW3245_PA41_DG13_PF0_D1_S02_7__055_M_GA38_BW3245_PA47_DG13_PF0_D1_S07_7,COph100/patient/055,COph100,xfeat_tps,False,False,,6.433446317884349
430176e8023846b6,COph100/055-1/055_M_GA38_BW3245_PA41_DG13_PF0_D1_S02_7__055_M_GA38_BW3245_PA53_DG13_PF0_D1_S08_2,COph100/patient/055,COph100,sp_lg_h,True,False,1.9273730618389122,0.5310525522040797
9df14fc82a1c4771,COph100/055-1/055_M_GA38_BW3245_PA41_DG13_PF0_D1_S02_7__055_M_GA38_BW3245_PA53_DG13_PF0_D1_S08_2,COph100/patient/055,COph100,xfeat_h,True,False,1.4422650003629938,0.8200353112017623
7184e1b775ffa741,COph100/055-1/055_M_GA38_BW3245_PA41_DG13_PF0_D1_S02_7__055_M_GA38_BW3245_PA53_DG13_PF0_D1_S08_2,COph100/patient/055,COph100,xfeat_tps,False,False,,6.015047526026182
dce91636a2782aee,COph100/055-1/055_M_GA38_BW3245_PA41_DG13_PF0_D1_S02_7__055_M_GA38_BW3245_PA78_DG13_PF0_D1_S09_16,COph100/patient/055,COph100,sift_h,True,True,0.0,52.297679685019
349f4875de1bd5e0,COph100/055-1/055_M_GA38_BW3245_PA41_DG13_PF0_D1_S02_7__055_M_GA38_BW3245_PA78_DG13_PF0_D1_S09_16,COph100/patient/055,COph100,sp_lg_h,True,False,1.1379336655719234,1.4024348944527767
59d159126e4afddf,COph100/055-1/055_M_GA38_BW3245_PA41_DG13_PF0_D1_S02_7__055_M_GA38_BW3245_PA78_DG13_PF0_D1_S09_16,COph100/patient/055,COph100,xfeat_h,True,False,2.1557922950105564,0.45287725071243234
af36876bd665e679,COph100/055-1/055_M_GA38_BW3245_PA41_DG13_PF0_D1_S02_7__055_M_GA38_BW3245_PA78_DG13_PF0_D1_S09_16,COph100/patient/055,COph100,xfeat_tps,True,False,,5.152898666160999
eff295226571f54c,COph100/055-1/055_M_GA38_BW3245_PA42_DG13_PF0_D1_S03_2__055_M_GA38_BW3245_PA43_DG13_PF0_D1_S04_5,COph100/patient/055,COph100,sift_h,True,True,0.0,1632200391.522571
62ca43fcc14ccae6,COph100/055-1/055_M_GA38_BW3245_PA42_DG13_PF0_D1_S03_2__055_M_GA38_BW3245_PA43_DG13_PF0_D1_S04_5,COph100/patient/055,COph100,sp_lg_h,False,False,5.519245531085253,0.08583905098625881
9b594b815f8fb179,COph100/055-1/055_M_GA38_BW3245_PA42_DG13_PF0_D1_S03_2__055_M_GA38_BW3245_PA43_DG13_PF0_D1_S04_5,COph100/patient/055,COph100,xfeat_h,False,False,9.00390529224898,0.02902399122543787
26e0c87aaef4bd02,COph100/055-1/055_M_GA38_BW3245_PA42_DG13_PF0_D1_S03_2__055_M_GA38_BW3245_PA43_DG13_PF0_D1_S04_5,COph100/patient/055,COph100,xfeat_tps,False,False,,8.385164426112878
2ba1c3fbb2745f9a,COph100/055-1/055_M_GA38_BW3245_PA42_DG13_PF0_D1_S03_2__055_M_GA38_BW3245_PA44_DG13_PF0_D1_S05_6,COph100/patient/055,COph100,sp_lg_h,False,False,5.847945386042875,0.07397931951310759
99b72bc0008cf428,COph100/055-1/055_M_GA38_BW3245_PA42_DG13_PF0_D1_S03_2__055_M_GA38_BW3245_PA44_DG13_PF0_D1_S05_6,COph100/patient/055,COph100,xfeat_h,True,False,7.228031017629039,0.04865432710176734
53928d79f35661ce,COph100/055-1/055_M_GA38_BW3245_PA42_DG13_PF0_D1_S03_2__055_M_GA38_BW3245_PA44_DG13_PF0_D1_S05_6,COph100/patient/055,COph100,xfeat_tps,True,False,,6.849349571693628
358c5aaf0f4f9c8f,COph100/055-1/055_M_GA38_BW3245_PA42_DG13_PF0_D1_S03_2__055_M_GA38_BW3245_PA45_DG13_PF0_D1_S06_6,COph100/patient/055,COph100,sift_h,True,True,0.0,7225.984872265601
12fed34f1ae45d70,COph100/055-1/055_M_GA38_BW3245_PA42_DG13_PF0_D1_S03_2__055_M_GA38_BW3245_PA45_DG13_PF0_D1_S06_6,COph100/patient/055,COph100,sp_lg_h,True,False,4.5099101504438295,0.1319839866870091
75f8c4121df37b7e,COph100/055-1/055_M_GA38_BW3245_PA42_DG13_PF0_D1_S03_2__055_M_GA38_BW3245_PA45_DG13_PF0_D1_S06_6,COph100/patient/055,COph100,xfeat_h,True,False,4.036719852877262,0.1649694119928122
2dd86c0b5e225f63,COph100/055-1/055_M_GA38_BW3245_PA42_DG13_PF0_D1_S03_2__055_M_GA38_BW3245_PA45_DG13_PF0_D1_S06_6,COph100/patient/055,COph100,xfeat_tps,False,False,,3.4194222978032798
2b123c0facbfe0e3,COph100/055-1/055_M_GA38_BW3245_PA42_DG13_PF0_D1_S03_2__055_M_GA38_BW3245_PA47_DG13_PF0_D1_S07_7,COph100/patient/055,COph100,sift_h,True,False,0.01657334431674879,822.4109023401493
6d07ca9d9ee5dc7c,COph100/055-1/055_M_GA38_BW3245_PA42_DG13_PF0_D1_S03_2__055_M_GA38_BW3245_PA47_DG13_PF0_D1_S07_7,COph100/patient/055,COph100,sp_lg_h,True,False,0.6832072723905631,3.5844582310856348
c5c38f76b381acf7,COph100/055-1/055_M_GA38_BW3245_PA42_DG13_PF0_D1_S03_2__055_M_GA38_BW3245_PA47_DG13_PF0_D1_S07_7,COph100/patient/055,COph100,xfeat_h,True,False,3.236818680496996,0.2096970371920279
fa55c24b03d8861a,COph100/055-1/055_M_GA38_BW3245_PA42_DG13_PF0_D1_S03_2__055_M_GA38_BW3245_PA47_DG13_PF0_D1_S07_7,COph100/patient/055,COph100,xfeat_tps,True,False,,4.489317138605565
7f8bb0b1332a2cf9,COph100/055-1/055_M_GA38_BW3245_PA42_DG13_PF0_D1_S03_2__055_M_GA38_BW3245_PA53_DG13_PF0_D1_S08_2,COph100/patient/055,COph100,sift_h,True,True,0.0,3383198.5897069965
e51af765362416fc,COph100/055-1/055_M_GA38_BW3245_PA42_DG13_PF0_D1_S03_2__055_M_GA38_BW3245_PA53_DG13_PF0_D1_S08_2,COph100/patient/055,COph100,sp_lg_h,False,False,4.408413234885965,0.12091834223245376
31fd8b0cb5f67bf4,COph100/055-1/055_M_GA38_BW3245_PA42_DG13_PF0_D1_S03_2__055_M_GA38_BW3245_PA53_DG13_PF0_D1_S08_2,COph100/patient/055,COph100,xfeat_h,True,False,1.8125662599042704,0.7012454599314388
5aad3ecefd67efa4,COph100/055-1/055_M_GA38_BW3245_PA42_DG13_PF0_D1_S03_2__055_M_GA38_BW3245_PA53_DG13_PF0_D1_S08_2,COph100/patient/055,COph100,xfeat_tps,True,False,,6.742323566868041
527bbfd03848a897,COph100/055-1/055_M_GA38_BW3245_PA42_DG13_PF0_D1_S03_2__055_M_GA38_BW3245_PA78_DG13_PF0_D1_S09_16,COph100/patient/055,COph100,sift_h,True,False,0.3760247901802977,14.08674620629551
8ad6f1e6e5060636,COph100/055-1/055_M_GA38_BW3245_PA42_DG13_PF0_D1_S03_2__055_M_GA38_BW3245_PA78_DG13_PF0_D1_S09_16,COph100/patient/055,COph100,sp_lg_h,True,False,2.0199369615819958,0.6153709682155993
a3b2e2934c364e2a,COph100/055-1/055_M_GA38_BW3245_PA42_DG13_PF0_D1_S03_2__055_M_GA38_BW3245_PA78_DG13_PF0_D1_S09_16,COph100/patient/055,COph100,xfeat_h,True,True,0.0,8654742027.155737
c6d321e82ae6cd0a,COph100/055-1/055_M_GA38_BW3245_PA42_DG13_PF0_D1_S03_2__055_M_GA38_BW3245_PA78_DG13_PF0_D1_S09_16,COph100/patient/055,COph100,xfeat_tps,True,False,,4.900722351904912
9ec510aaca5384c6,COph100/055-1/055_M_GA38_BW3245_PA43_DG13_PF0_D1_S04_5__055_M_GA38_BW3245_PA44_DG13_PF0_D1_S05_6,COph100/patient/055,COph100,sift_h,True,False,8.674683016525693,0.03604984260076575
6d3bb0eb9ca2ec26,COph100/055-1/055_M_GA38_BW3245_PA43_DG13_PF0_D1_S04_5__055_M_GA38_BW3245_PA44_DG13_PF0_D1_S05_6,COph100/patient/055,COph100,sp_lg_h,True,False,9.146763488636193,0.029469284324457924
1b96a2b235b4e62d,COph100/055-1/055_M_GA38_BW3245_PA43_DG13_PF0_D1_S04_5__055_M_GA38_BW3245_PA44_DG13_PF0_D1_S05_6,COph100/patient/055,COph100,xfeat_h,False,False,12.671438043663347,0.016441567771020023
305a3209d79f4f30,COph100/055-1/055_M_GA38_BW3245_PA43_DG13_PF0_D1_S04_5__055_M_GA38_BW3245_PA44_DG13_PF0_D1_S05_6,COph100/patient/055,COph100,xfeat_tps,False,False,,5.1921216684255755
f0d7e32ba7846351,COph100/055-1/055_M_GA38_BW3245_PA43_DG13_PF0_D1_S04_5__055_M_GA38_BW3245_PA45_DG13_PF0_D1_S06_6,COph100/patient/055,COph100,sift_h,True,True,0.0,58442860.91138315
77201b6c3d98090f,COph100/055-1/055_M_GA38_BW3245_PA43_DG13_PF0_D1_S04_5__055_M_GA38_BW3245_PA45_DG13_PF0_D1_S06_6,COph100/patient/055,COph100,sp_lg_h,True,False,3.726939580098064,0.16430481851362053
7044150b13d2271e,COph100/055-1/055_M_GA38_BW3245_PA43_DG13_PF0_D1_S04_5__055_M_GA38_BW3245_PA45_DG13_PF0_D1_S06_6,COph100/patient/055,COph100,xfeat_h,True,False,3.6502121382501684,0.19614400163525114
f1ca073d46db7f4b,COph100/055-1/055_M_GA38_BW3245_PA43_DG13_PF0_D1_S04_5__055_M_GA38_BW3245_PA45_DG13_PF0_D1_S06_6,COph100/patient/055,COph100,xfeat_tps,False,False,,3.700588497901972
edaae844a0ca8663,COph100/055-1/055_M_GA38_BW3245_PA43_DG13_PF0_D1_S04_5__055_M_GA38_BW3245_PA47_DG13_PF0_D1_S07_7,COph100/patient/055,COph100,sift_h,True,True,0.0,445.6549523523598
fc839a9ff5853057,COph100/055-1/055_M_GA38_BW3245_PA43_DG13_PF0_D1_S04_5__055_M_GA38_BW3245_PA47_DG13_PF0_D1_S07_7,COph100/patient/055,COph100,sp_lg_h,True,False,6.558626458450706,0.0603429482227705
37f368b8288c9a5f,COph100/055-1/055_M_GA38_BW3245_PA43_DG13_PF0_D1_S04_5__055_M_GA38_BW3245_PA47_DG13_PF0_D1_S07_7,COph100/patient/055,COph100,xfeat_h,True,False,4.902117809489287,0.09810615287976357
0fcf88f48bedbce7,COph100/055-1/055_M_GA38_BW3245_PA43_DG13_PF0_D1_S04_5__055_M_GA38_BW3245_PA47_DG13_PF0_D1_S07_7,COph100/patient/055,COph100,xfeat_tps,False,False,,4.683958782633942
d662c881c767863a,COph100/055-1/055_M_GA38_BW3245_PA43_DG13_PF0_D1_S04_5__055_M_GA38_BW3245_PA53_DG13_PF0_D1_S08_2,COph100/patient/055,COph100,sift_h,True,False,0.12835696974262745,41.01928089049348
febce09d87f44c49,COph100/055-1/055_M_GA38_BW3245_PA43_DG13_PF0_D1_S04_5__055_M_GA38_BW3245_PA53_DG13_PF0_D1_S08_2,COph100/patient/055,COph100,sp_lg_h,True,False,3.0746654150634996,0.23016334424193483
1e5af88da57c1298,COph100/055-1/055_M_GA38_BW3245_PA43_DG13_PF0_D1_S04_5__055_M_GA38_BW3245_PA53_DG13_PF0_D1_S08_2,COph100/patient/055,COph100,xfeat_h,True,False,11.055082305656493,0.02056114493230642
51ce2f0e6d3a4ed4,COph100/055-1/055_M_GA38_BW3245_PA43_DG13_PF0_D1_S04_5__055_M_GA38_BW3245_PA53_DG13_PF0_D1_S08_2,COph100/patient/055,COph100,xfeat_tps,False,False,,4.139171765109733
ba54527a27dc714f,COph100/055-1/055_M_GA38_BW3245_PA43_DG13_PF0_D1_S04_5__055_M_GA38_BW3245_PA78_DG13_PF0_D1_S09_16,COph100/patient/055,COph100,sift_h,True,True,0.0,32604.20213481674
7513b2d8fa95fa5d,COph100/055-1/055_M_GA38_BW3245_PA43_DG13_PF0_D1_S04_5__055_M_GA38_BW3245_PA78_DG13_PF0_D1_S09_16,COph100/patient/055,COph100,sp_lg_h,True,False,2.565920775392643,0.3511875773225168
035d837fb15216cf,COph100/055-1/055_M_GA38_BW3245_PA43_DG13_PF0_D1_S04_5__055_M_GA38_BW3245_PA78_DG13_PF0_D1_S09_16,COph100/patient/055,COph100,xfeat_h,True,False,1.9066182044407645,0.6074382659549205
6645a892f28b6a53,COph100/055-1/055_M_GA38_BW3245_PA43_DG13_PF0_D1_S04_5__055_M_GA38_BW3245_PA78_DG13_PF0_D1_S09_16,COph100/patient/055,COph100,xfeat_tps,True,False,,3.805885669537977
15996807f38cfdc2,COph100/055-1/055_M_GA38_BW3245_PA44_DG13_PF0_D1_S05_6__055_M_GA38_BW3245_PA45_DG13_PF0_D1_S06_6,COph100/patient/055,COph100,sift_h,True,True,0.0,80022458.7196255
9ace48abe62ac747,COph100/055-1/055_M_GA38_BW3245_PA44_DG13_PF0_D1_S05_6__055_M_GA38_BW3245_PA45_DG13_PF0_D1_S06_6,COph100/patient/055,COph100,sp_lg_h,False,False,13.224878267048638,0.016784208533695253
7d25c8aec5469c7f,COph100/055-1/055_M_GA38_BW3245_PA44_DG13_PF0_D1_S05_6__055_M_GA38_BW3245_PA45_DG13_PF0_D1_S06_6,COph100/patient/055,COph100,xfeat_h,False,False,20.351795832159407,0.007114018078709965
092703663a149caf,COph100/055-1/055_M_GA38_BW3245_PA44_DG13_PF0_D1_S05_6__055_M_GA38_BW3245_PA45_DG13_PF0_D1_S06_6,COph100/patient/055,COph100,xfeat_tps,True,False,,3.759601549665639
c0a6ec31337fd9af,COph100/055-1/055_M_GA38_BW3245_PA44_DG13_PF0_D1_S05_6__055_M_GA38_BW3245_PA47_DG13_PF0_D1_S07_7,COph100/patient/055,COph100,sift_h,True,True,0.0,5.412624685083252
c3ec3c025d4ccfa2,COph100/055-1/055_M_GA38_BW3245_PA44_DG13_PF0_D1_S05_6__055_M_GA38_BW3245_PA47_DG13_PF0_D1_S07_7,COph100/patient/055,COph100,sp_lg_h,True,False,7.592575729147535,0.04355884446577517
361b9989040cf4a0,COph100/055-1/055_M_GA38_BW3245_PA44_DG13_PF0_D1_S05_6__055_M_GA38_BW3245_PA47_DG13_PF0_D1_S07_7,COph100/patient/055,COph100,xfeat_h,True,False,11.27543335992227,0.020402821512683772
433d05dc1f7d3de4,COph100/055-1/055_M_GA38_BW3245_PA44_DG13_PF0_D1_S05_6__055_M_GA38_BW3245_PA47_DG13_PF0_D1_S07_7,COph100/patient/055,COph100,xfeat_tps,False,False,,5.745776053791835
dc820436346ff359,COph100/055-1/055_M_GA38_BW3245_PA44_DG13_PF0_D1_S05_6__055_M_GA38_BW3245_PA53_DG13_PF0_D1_S08_2,COph100/patient/055,COph100,sift_h,True,True,0.0,212245781.0576278
2851bb9b325114c6,COph100/055-1/055_M_GA38_BW3245_PA44_DG13_PF0_D1_S05_6__055_M_GA38_BW3245_PA53_DG13_PF0_D1_S08_2,COph100/patient/055,COph100,sp_lg_h,False,False,6.640146656964548,0.05458865173854935
02f4a401b05783fd,COph100/055-1/055_M_GA38_BW3245_PA44_DG13_PF0_D1_S05_6__055_M_GA38_BW3245_PA53_DG13_PF0_D1_S08_2,COph100/patient/055,COph100,xfeat_h,False,False,6.239480949970077,0.06376782926481989
70776214da197370,COph100/055-1/055_M_GA38_BW3245_PA44_DG13_PF0_D1_S05_6__055_M_GA38_BW3245_PA53_DG13_PF0_D1_S08_2,COph100/patient/055,COph100,xfeat_tps,False,False,,8.566394392395374
dc7840acd4a8f12e,COph100/055-1/055_M_GA38_BW3245_PA44_DG13_PF0_D1_S05_6__055_M_GA38_BW3245_PA78_DG13_PF0_D1_S09_16,COph100/patient/055,COph100,sift_h,True,True,0.0,283081.1007342188
81452cd1e0cc2c59,COph100/055-1/055_M_GA38_BW3245_PA44_DG13_PF0_D1_S05_6__055_M_GA38_BW3245_PA78_DG13_PF0_D1_S09_16,COph100/patient/055,COph100,sp_lg_h,True,False,1.880675224549506,0.5671378285085639
fcd293fa3cfdeb53,COph100/055-1/055_M_GA38_BW3245_PA44_DG13_PF0_D1_S05_6__055_M_GA38_BW3245_PA78_DG13_PF0_D1_S09_16,COph100/patient/055,COph100,xfeat_h,True,False,0.38359327479239697,13.263708214461083
25434f024a791ea5,COph100/055-1/055_M_GA38_BW3245_PA44_DG13_PF0_D1_S05_6__055_M_GA38_BW3245_PA78_DG13_PF0_D1_S09_16,COph100/patient/055,COph100,xfeat_tps,True,False,,7.010735017681128
4aa81052d27f3e78,COph100/055-1/055_M_GA38_BW3245_PA45_DG13_PF0_D1_S06_6__055_M_GA38_BW3245_PA47_DG13_PF0_D1_S07_7,COph100/patient/055,COph100,sp_lg_h,False,False,4.134021855760602,0.11697189809129846
c6a7cb6a5c2f4dbc,COph100/055-1/055_M_GA38_BW3245_PA45_DG13_PF0_D1_S06_6__055_M_GA38_BW3245_PA47_DG13_PF0_D1_S07_7,COph100/patient/055,COph100,xfeat_h,False,False,19.185905046788903,0.00723805216617502
489846cbf323ae29,COph100/055-1/055_M_GA38_BW3245_PA45_DG13_PF0_D1_S06_6__055_M_GA38_BW3245_PA47_DG13_PF0_D1_S07_7,COph100/patient/055,COph100,xfeat_tps,False,False,,6.412558159129489
14eb9946c64629bf,COph100/055-1/055_M_GA38_BW3245_PA45_DG13_PF0_D1_S06_6__055_M_GA38_BW3245_PA53_DG13_PF0_D1_S08_2,COph100/patient/055,COph100,sift_h,True,False,15.767043591799638,0.010636723411557483
c321c171e1cbfa6b,COph100/055-1/055_M_GA38_BW3245_PA45_DG13_PF0_D1_S06_6__055_M_GA38_BW3245_PA53_DG13_PF0_D1_S08_2,COph100/patient/055,COph100,sp_lg_h,False,False,13.284150682338922,0.013081211642525589
3b2d7b86a93594f1,COph100/055-1/055_M_GA38_BW3245_PA45_DG13_PF0_D1_S06_6__055_M_GA38_BW3245_PA53_DG13_PF0_D1_S08_2,COph100/patient/055,COph100,xfeat_h,False,False,12.513041343960037,0.015444523125294343
cb0f2228a8efbaa2,COph100/055-1/055_M_GA38_BW3245_PA45_DG13_PF0_D1_S06_6__055_M_GA38_BW3245_PA53_DG13_PF0_D1_S08_2,COph100/patient/055,COph100,xfeat_tps,False,False,,7.714464702264411
8aa712cac5e2ea65,COph100/055-1/055_M_GA38_BW3245_PA45_DG13_PF0_D1_S06_6__055_M_GA38_BW3245_PA78_DG13_PF0_D1_S09_16,COph100/patient/055,COph100,sift_h,True,True,0.0,26769817.911819402
fce0cca4a0f8c185,COph100/055-1/055_M_GA38_BW3245_PA45_DG13_PF0_D1_S06_6__055_M_GA38_BW3245_PA78_DG13_PF0_D1_S09_16,COph100/patient/055,COph100,sp_lg_h,True,False,0.8414498223417473,2.2638427625850985
7e85f797aba89628,COph100/055-1/055_M_GA38_BW3245_PA45_DG13_PF0_D1_S06_6__055_M_GA38_BW3245_PA78_DG13_PF0_D1_S09_16,COph100/patient/055,COph100,xfeat_h,True,False,2.4264860528300503,0.2798675628827376
4c7ca670e0a7414f,COph100/055-1/055_M_GA38_BW3245_PA45_DG13_PF0_D1_S06_6__055_M_GA38_BW3245_PA78_DG13_PF0_D1_S09_16,COph100/patient/055,COph100,xfeat_tps,True,False,,4.357135316873585
a840fd6f31f8b2a2,COph100/055-1/055_M_GA38_BW3245_PA47_DG13_PF0_D1_S07_7__055_M_GA38_BW3245_PA53_DG13_PF0_D1_S08_2,COph100/patient/055,COph100,sift_h,True,True,0.0,66520.73661671823
4cc2fae7850fd21c,COph100/055-1/055_M_GA38_BW3245_PA47_DG13_PF0_D1_S07_7__055_M_GA38_BW3245_PA53_DG13_PF0_D1_S08_2,COph100/patient/055,COph100,sp_lg_h,False,False,35.49410582172553,0.0021034835231194112
09cedee91279e051,COph100/055-1/055_M_GA38_BW3245_PA47_DG13_PF0_D1_S07_7__055_M_GA38_BW3245_PA53_DG13_PF0_D1_S08_2,COph100/patient/055,COph100,xfeat_h,False,False,3.478745837433569,0.15892235371332117
811e1867ddbac5e4,COph100/055-1/055_M_GA38_BW3245_PA47_DG13_PF0_D1_S07_7__055_M_GA38_BW3245_PA53_DG13_PF0_D1_S08_2,COph100/patient/055,COph100,xfeat_tps,False,False,,7.4985527537035965
09c80097db76d1fe,COph100/055-1/055_M_GA38_BW3245_PA47_DG13_PF0_D1_S07_7__055_M_GA38_BW3245_PA78_DG13_PF0_D1_S09_16,COph100/patient/055,COph100,sift_h,True,True,0.0,2050542.4800847871
b019098c1d2a3fb9,COph100/055-1/055_M_GA38_BW3245_PA47_DG13_PF0_D1_S07_7__055_M_GA38_BW3245_PA78_DG13_PF0_D1_S09_16,COph100/patient/055,COph100,sp_lg_h,True,False,2.075927791385988,0.39497343487750897
38ae6010f035ecff,COph100/055-1/055_M_GA38_BW3245_PA47_DG13_PF0_D1_S07_7__055_M_GA38_BW3245_PA78_DG13_PF0_D1_S09_16,COph100/patient/055,COph100,xfeat_h,True,False,1.3177002421446002,1.1613741518281608
ef6dd9dbc95606b6,COph100/055-1/055_M_GA38_BW3245_PA47_DG13_PF0_D1_S07_7__055_M_GA38_BW3245_PA78_DG13_PF0_D1_S09_16,COph100/patient/055,COph100,xfeat_tps,True,False,,4.625896999448756
f078a03bbc9e253d,COph100/055-1/055_M_GA38_BW3245_PA53_DG13_PF0_D1_S08_2__055_M_GA38_BW3245_PA78_DG13_PF0_D1_S09_16,COph100/patient/055,COph100,sift_h,True,True,0.0,1.3220876749993273
3f40c6d4e10f4401,COph100/055-1/055_M_GA38_BW3245_PA53_DG13_PF0_D1_S08_2__055_M_GA38_BW3245_PA78_DG13_PF0_D1_S09_16,COph100/patient/055,COph100,sp_lg_h,True,False,3.5892650741373204,0.1584982573820226
9eb9deda7d157c54,COph100/055-1/055_M_GA38_BW3245_PA53_DG13_PF0_D1_S08_2__055_M_GA38_BW3245_PA78_DG13_PF0_D1_S09_16,COph100/patient/055,COph100,xfeat_h,True,False,1.162899327090916,1.01112587130928
c757252b94ec4878,COph100/055-1/055_M_GA38_BW3245_PA53_DG13_PF0_D1_S08_2__055_M_GA38_BW3245_PA78_DG13_PF0_D1_S09_16,COph100/patient/055,COph100,xfeat_tps,True,False,,6.4230482387378505
4a57f88164929bf0,COph100/055/055_M_GA38_BW3245_PA40_DG13_PF0_D1_S01_3__055_M_GA38_BW3245_PA41_DG13_PF0_D1_S02_1,COph100/patient/055,COph100,sift_h,True,True,0.0,164.9755981521436
748169cdf4dcde37,COph100/055/055_M_GA38_BW3245_PA40_DG13_PF0_D1_S01_3__055_M_GA38_BW3245_PA41_DG13_PF0_D1_S02_1,COph100/patient/055,COph100,sp_lg_h,True,False,3.308079318235276,0.18377808787294747
c3cf4130b2b67818,COph100/055/055_M_GA38_BW3245_PA40_DG13_PF0_D1_S01_3__055_M_GA38_BW3245_PA41_DG13_PF0_D1_S02_1,COph100/patient/055,COph100,xfeat_h,True,False,5.269134075780956,0.07455095811356487
4ddf19fe539860fc,COph100/055/055_M_GA38_BW3245_PA40_DG13_PF0_D1_S01_3__055_M_GA38_BW3245_PA41_DG13_PF0_D1_S02_1,COph100/patient/055,COph100,xfeat_tps,False,False,,6.061682645815636
5c992155985b9282,COph100/055/055_M_GA38_BW3245_PA40_DG13_PF0_D1_S01_3__055_M_GA38_BW3245_PA42_DG13_PF0_D1_S03_6,COph100/patient/055,COph100,sift_h,True,False,0.0763712260035588,329.274936098611
f8e5c956e60eca45,COph100/055/055_M_GA38_BW3245_PA40_DG13_PF0_D1_S01_3__055_M_GA38_BW3245_PA42_DG13_PF0_D1_S03_6,COph100/patient/055,COph100,sp_lg_h,True,False,1.3384858058786362,0.5848291943886003
2dcb459734f3674b,COph100/055/055_M_GA38_BW3245_PA40_DG13_PF0_D1_S01_3__055_M_GA38_BW3245_PA42_DG13_PF0_D1_S03_6,COph100/patient/055,COph100,xfeat_h,True,False,4.630708147983197,0.09488503844306373
944679bc635ed6b2,COph100/055/055_M_GA38_BW3245_PA40_DG13_PF0_D1_S01_3__055_M_GA38_BW3245_PA42_DG13_PF0_D1_S03_6,COph100/patient/055,COph100,xfeat_tps,True,False,,6.673114001223135
4b5c1f67ca363e22,COph100/055/055_M_GA38_BW3245_PA40_DG13_PF0_D1_S01_3__055_M_GA38_BW3245_PA43_DG13_PF0_D1_S04_13,COph100/patient/055,COph100,sift_h,True,True,0.0,145118416.8618646
ce169c706c9a3113,COph100/055/055_M_GA38_BW3245_PA40_DG13_PF0_D1_S01_3__055_M_GA38_BW3245_PA43_DG13_PF0_D1_S04_13,COph100/patient/055,COph100,sp_lg_h,True,False,2.9680143968045543,0.20479679718231286
43af92e85408cdb4,COph100/055/055_M_GA38_BW3245_PA40_DG13_PF0_D1_S01_3__055_M_GA38_BW3245_PA43_DG13_PF0_D1_S04_13,COph100/patient/055,COph100,xfeat_h,True,False,32.35557860082918,0.0026962184896814735
c2b11187f1a0cb15,COph100/055/055_M_GA38_BW3245_PA40_DG13_PF0_D1_S01_3__055_M_GA38_BW3245_PA43_DG13_PF0_D1_S04_13,COph100/patient/055,COph100,xfeat_tps,True,False,,3.1487005925144933
f60688f895ac3ded,COph100/055/055_M_GA38_BW3245_PA40_DG13_PF0_D1_S01_3__055_M_GA38_BW3245_PA44_DG13_PF0_D1_S05_1,COph100/patient/055,COph100,sift_h,True,True,0.0,1102805.931770397
9afa4583f93f2bf4,COph100/055/055_M_GA38_BW3245_PA40_DG13_PF0_D1_S01_3__055_M_GA38_BW3245_PA44_DG13_PF0_D1_S05_1,COph100/patient/055,COph100,sp_lg_h,True,False,0.41191608709850785,4.3802910793678915
b40ad6deed845a8d,COph100/055/055_M_GA38_BW3245_PA40_DG13_PF0_D1_S01_3__055_M_GA38_BW3245_PA44_DG13_PF0_D1_S05_1,COph100/patient/055,COph100,xfeat_h,True,False,3.704802953806727,0.1437654804244849
555e9a4e9ffcd94c,COph100/055/055_M_GA38_BW3245_PA40_DG13_PF0_D1_S01_3__055_M_GA38_BW3245_PA44_DG13_PF0_D1_S05_1,COph100/patient/055,COph100,xfeat_tps,True,False,,7.822064726802849
58747482a359a97a,COph100/055/055_M_GA38_BW3245_PA40_DG13_PF0_D1_S01_3__055_M_GA38_BW3245_PA45_DG13_PF0_D1_S06_7,COph100/patient/055,COph100,sift_h,True,False,3.273275093806377,0.1872755301428091
a62ab5deaccd8075,COph100/055/055_M_GA38_BW3245_PA40_DG13_PF0_D1_S01_3__055_M_GA38_BW3245_PA45_DG13_PF0_D1_S06_7,COph100/patient/055,COph100,sp_lg_h,True,False,0.17270429888475497,119.36796757266775
70ee8a14bc197e6e,COph100/055/055_M_GA38_BW3245_PA40_DG13_PF0_D1_S01_3__055_M_GA38_BW3245_PA45_DG13_PF0_D1_S06_7,COph100/patient/055,COph100,xfeat_h,True,False,25.69692681701395,0.004191846708794274
5a384aab5f85b542,COph100/055/055_M_GA38_BW3245_PA40_DG13_PF0_D1_S01_3__055_M_GA38_BW3245_PA45_DG13_PF0_D1_S06_7,COph100/patient/055,COph100,xfeat_tps,True,False,,6.989594722284171
4e03c1425b26cfa0,COph100/055/055_M_GA38_BW3245_PA40_DG13_PF0_D1_S01_3__055_M_GA38_BW3245_PA47_DG13_PF0_D1_S07_4,COph100/patient/055,COph100,sift_h,True,True,0.0,29153.885407510494
3ddedf7950891f5f,COph100/055/055_M_GA38_BW3245_PA40_DG13_PF0_D1_S01_3__055_M_GA38_BW3245_PA47_DG13_PF0_D1_S07_4,COph100/patient/055,COph100,sp_lg_h,True,False,1.8388023467749763,0.5508676658140127
ad84f07b79777b9c,COph100/055/055_M_GA38_BW3245_PA40_DG13_PF0_D1_S01_3__055_M_GA38_BW3245_PA47_DG13_PF0_D1_S07_4,COph100/patient/055,COph100,xfeat_h,True,False,18.148228925884215,0.0087695361881641
4261dcf28e28c313,COph100/055/055_M_GA38_BW3245_PA40_DG13_PF0_D1_S01_3__055_M_GA38_BW3245_PA47_DG13_PF0_D1_S07_4,COph100/patient/055,COph100,xfeat_tps,True,False,,7.327927672059137
038f31fa88fe1d88,COph100/055/055_M_GA38_BW3245_PA40_DG13_PF0_D1_S01_3__055_M_GA38_BW3245_PA53_DG13_PF0_D1_S08_7,COph100/patient/055,COph100,sift_h,True,True,0.0,122213.04671778096
8ed14fb063327bae,COph100/055/055_M_GA38_BW3245_PA40_DG13_PF0_D1_S01_3__055_M_GA38_BW3245_PA53_DG13_PF0_D1_S08_7,COph100/patient/055,COph100,sp_lg_h,True,True,0.0,2501044028.0221753
c036637f8388aa77,COph100/055/055_M_GA38_BW3245_PA40_DG13_PF0_D1_S01_3__055_M_GA38_BW3245_PA53_DG13_PF0_D1_S08_7,COph100/patient/055,COph100,xfeat_h,True,False,2.4059902023005004,0.8121587269336343
868312ca8b7e6378,COph100/055/055_M_GA38_BW3245_PA40_DG13_PF0_D1_S01_3__055_M_GA38_BW3245_PA53_DG13_PF0_D1_S08_7,COph100/patient/055,COph100,xfeat_tps,True,False,,2.671604073422902
f5dedac9e2cd3e39,COph100/055/055_M_GA38_BW3245_PA40_DG13_PF0_D1_S01_3__055_M_GA38_BW3245_PA78_DG13_PF0_D1_S09_6,COph100/patient/055,COph100,sift_h,True,True,0.0,2165976254.544706
22d94c0f69c59c37,COph100/055/055_M_GA38_BW3245_PA40_DG13_PF0_D1_S01_3__055_M_GA38_BW3245_PA78_DG13_PF0_D1_S09_6,COph100/patient/055,COph100,sp_lg_h,True,False,0.039477236005918,68.32882032558636
870f78e273326a1e,COph100/055/055_M_GA38_BW3245_PA40_DG13_PF0_D1_S01_3__055_M_GA38_BW3245_PA78_DG13_PF0_D1_S09_6,COph100/patient/055,COph100,xfeat_h,True,False,0.3331770320746932,10.438018569983239
d23a3fc7395a5b56,COph100/055/055_M_GA38_BW3245_PA40_DG13_PF0_D1_S01_3__055_M_GA38_BW3245_PA78_DG13_PF0_D1_S09_6,COph100/patient/055,COph100,xfeat_tps,True,False,,6.56688174254512
754602f1d8fec8c4,COph100/055/055_M_GA38_BW3245_PA41_DG13_PF0_D1_S02_1__055_M_GA38_BW3245_PA42_DG13_PF0_D1_S03_6,COph100/patient/055,COph100,sp_lg_h,False,False,56.221559253064385,0.0009244309583940807
4933d2eebb202df8,COph100/055/055_M_GA38_BW3245_PA41_DG13_PF0_D1_S02_1__055_M_GA38_BW3245_PA42_DG13_PF0_D1_S03_6,COph100/patient/055,COph100,xfeat_h,False,False,22.476745492771695,0.005585057454280633
5fc5934280abaf75,COph100/055/055_M_GA38_BW3245_PA41_DG13_PF0_D1_S02_1__055_M_GA38_BW3245_PA42_DG13_PF0_D1_S03_6,COph100/patient/055,COph100,xfeat_tps,False,False,,14.614291876726135
7ac72631188c5221,COph100/055/055_M_GA38_BW3245_PA41_DG13_PF0_D1_S02_1__055_M_GA38_BW3245_PA43_DG13_PF0_D1_S04_13,COph100/patient/055,COph100,sp_lg_h,True,False,1.8074826246055797,0.4168066584598774
d8360fb701452c6f,COph100/055/055_M_GA38_BW3245_PA41_DG13_PF0_D1_S02_1__055_M_GA38_BW3245_PA43_DG13_PF0_D1_S04_13,COph100/patient/055,COph100,xfeat_h,False,False,8.323178545418873,0.03980035745991623
0a683d7e81eb91ef,COph100/055/055_M_GA38_BW3245_PA41_DG13_PF0_D1_S02_1__055_M_GA38_BW3245_PA43_DG13_PF0_D1_S04_13,COph100/patient/055,COph100,xfeat_tps,True,False,,6.372554541749544
7c27ebb4f1375a90,COph100/055/055_M_GA38_BW3245_PA41_DG13_PF0_D1_S02_1__055_M_GA38_BW3245_PA44_DG13_PF0_D1_S05_1,COph100/patient/055,COph100,sift_h,True,True,0.0,103359064.34435952
dd1054e3cd41135f,COph100/055/055_M_GA38_BW3245_PA41_DG13_PF0_D1_S02_1__055_M_GA38_BW3245_PA44_DG13_PF0_D1_S05_1,COph100/patient/055,COph100,sp_lg_h,True,False,1.7435704400344998,0.7651080652610766
fd6f53bd313bb06f,COph100/055/055_M_GA38_BW3245_PA41_DG13_PF0_D1_S02_1__055_M_GA38_BW3245_PA44_DG13_PF0_D1_S05_1,COph100/patient/055,COph100,xfeat_h,True,False,8.244595540800809,0.03908668668470984
5cc1ef4b5f83806b,COph100/055/055_M_GA38_BW3245_PA41_DG13_PF0_D1_S02_1__055_M_GA38_BW3245_PA44_DG13_PF0_D1_S05_1,COph100/patient/055,COph100,xfeat_tps,False,False,,6.077223574755091
9722e642b2fcfe00,COph100/055/055_M_GA38_BW3245_PA41_DG13_PF0_D1_S02_1__055_M_GA38_BW3245_PA45_DG13_PF0_D1_S06_7,COph100/patient/055,COph100,sift_h,True,True,0.0,4068996685.6999054
42577a093769d095,COph100/055/055_M_GA38_BW3245_PA41_DG13_PF0_D1_S02_1__055_M_GA38_BW3245_PA45_DG13_PF0_D1_S06_7,COph100/patient/055,COph100,sp_lg_h,False,False,16.50063092028404,0.009678615497356952
e5e8316005e3907d,COph100/055/055_M_GA38_BW3245_PA41_DG13_PF0_D1_S02_1__055_M_GA38_BW3245_PA45_DG13_PF0_D1_S06_7,COph100/patient/055,COph100,xfeat_h,True,False,6.444656821787739,0.06433007799002308
d255bbdc54fbf000,COph100/055/055_M_GA38_BW3245_PA41_DG13_PF0_D1_S02_1__055_M_GA38_BW3245_PA45_DG13_PF0_D1_S06_7,COph100/patient/055,COph100,xfeat_tps,False,False,,10.96154709658359
1da1deaa60e01285,COph100/055/055_M_GA38_BW3245_PA41_DG13_PF0_D1_S02_1__055_M_GA38_BW3245_PA47_DG13_PF0_D1_S07_4,COph100/patient/055,COph100,sift_h,True,True,0.0,85.77413673929722
d1361033a79c5667,COph100/055/055_M_GA38_BW3245_PA41_DG13_PF0_D1_S02_1__055_M_GA38_BW3245_PA47_DG13_PF0_D1_S07_4,COph100/patient/055,COph100,sp_lg_h,True,False,2.779129791310718,0.2363184291182651
1ff6f1095391fbf6,COph100/055/055_M_GA38_BW3245_PA41_DG13_PF0_D1_S02_1__055_M_GA38_BW3245_PA47_DG13_PF0_D1_S07_4,COph100/patient/055,COph100,xfeat_h,True,False,3.4032991175148384,0.15335482299754327
c72af52efec5d396,COph100/055/055_M_GA38_BW3245_PA41_DG13_PF0_D1_S02_1__055_M_GA38_BW3245_PA47_DG13_PF0_D1_S07_4,COph100/patient/055,COph100,xfeat_tps,True,False,,10.518762722231314
6007c26fad128816,COph100/055/055_M_GA38_BW3245_PA41_DG13_PF0_D1_S02_1__055_M_GA38_BW3245_PA53_DG13_PF0_D1_S08_7,COph100/patient/055,COph100,sift_h,True,True,0.0,112653.65147585009
cf9843cd97d1c0b2,COph100/055/055_M_GA38_BW3245_PA41_DG13_PF0_D1_S02_1__055_M_GA38_BW3245_PA53_DG13_PF0_D1_S08_7,COph100/patient/055,COph100,sp_lg_h,True,False,6.91521820265219,0.042855595243202524
49586a32b45f1d48,COph100/055/055_M_GA38_BW3245_PA41_DG13_PF0_D1_S02_1__055_M_GA38_BW3245_PA53_DG13_PF0_D1_S08_7,COph100/patient/055,COph100,xfeat_h,True,False,36.82934747578282,0.001752314441012163
1bb67fc3c3665015,COph100/055/055_M_GA38_BW3245_PA41_DG13_PF0_D1_S02_1__055_M_GA38_BW3245_PA53_DG13_PF0_D1_S08_7,COph100/patient/055,COph100,xfeat_tps,False,False,,8.111166449535183
85b56539f97b5ea4,COph100/055/055_M_GA38_BW3245_PA41_DG13_PF0_D1_S02_1__055_M_GA38_BW3245_PA78_DG13_PF0_D1_S09_6,COph100/patient/055,COph100,xfeat_h,True,False,0.6097047331987291,2.637656903278757
a547817323b11a95,COph100/055/055_M_GA38_BW3245_PA41_DG13_PF0_D1_S02_1__055_M_GA38_BW3245_PA78_DG13_PF0_D1_S09_6,COph100/patient/055,COph100,xfeat_tps,True,False,,5.166450601130181
a5be3b6604579e86,COph100/055/055_M_GA38_BW3245_PA42_DG13_PF0_D1_S03_6__055_M_GA38_BW3245_PA43_DG13_PF0_D1_S04_13,COph100/patient/055,COph100,sp_lg_h,False,False,14.728024730926457,0.01235630503254826
a837194c4648a6d9,COph100/055/055_M_GA38_BW3245_PA42_DG13_PF0_D1_S03_6__055_M_GA38_BW3245_PA43_DG13_PF0_D1_S04_13,COph100/patient/055,COph100,xfeat_h,False,False,14.83245319753207,0.012319561576718444
04fdee493696b5c1,COph100/055/055_M_GA38_BW3245_PA42_DG13_PF0_D1_S03_6__055_M_GA38_BW3245_PA43_DG13_PF0_D1_S04_13,COph100/patient/055,COph100,xfeat_tps,False,False,,6.791718831154592
79f9a5edbb719afb,COph100/055/055_M_GA38_BW3245_PA42_DG13_PF0_D1_S03_6__055_M_GA38_BW3245_PA44_DG13_PF0_D1_S05_1,COph100/patient/055,COph100,sift_h,True,True,0.0,78981.53777376589
15218c4d37f4e650,COph100/055/055_M_GA38_BW3245_PA42_DG13_PF0_D1_S03_6__055_M_GA38_BW3245_PA44_DG13_PF0_D1_S05_1,COph100/patient/055,COph100,sp_lg_h,True,False,2.7805574464326837,0.30075236638298675
27dab1d3e55db8c9,COph100/055/055_M_GA38_BW3245_PA42_DG13_PF0_D1_S03_6__055_M_GA38_BW3245_PA44_DG13_PF0_D1_S05_1,COph100/patient/055,COph100,xfeat_h,True,False,4.189790850411769,0.13647279826211817
aa1eb5f6c95572a9,COph100/055/055_M_GA38_BW3245_PA42_DG13_PF0_D1_S03_6__055_M_GA38_BW3245_PA44_DG13_PF0_D1_S05_1,COph100/patient/055,COph100,xfeat_tps,False,False,,6.490473462208807
55aba4fbd7d7ce31,COph100/055/055_M_GA38_BW3245_PA42_DG13_PF0_D1_S03_6__055_M_GA38_BW3245_PA45_DG13_PF0_D1_S06_7,COph100/patient/055,COph100,sift_h,True,True,0.0,53302975.7386993
1eb8fb6adb5f0b74,COph100/055/055_M_GA38_BW3245_PA42_DG13_PF0_D1_S03_6__055_M_GA38_BW3245_PA45_DG13_PF0_D1_S06_7,COph100/patient/055,COph100,sp_lg_h,False,False,6.906178323363387,0.04596562374065575
ab5ad0aafeffc896,COph100/055/055_M_GA38_BW3245_PA42_DG13_PF0_D1_S03_6__055_M_GA38_BW3245_PA45_DG13_PF0_D1_S06_7,COph100/patient/055,COph100,xfeat_h,False,False,7.4656224805208975,0.04325317183082822
56373bed0bd8b94a,COph100/055/055_M_GA38_BW3245_PA42_DG13_PF0_D1_S03_6__055_M_GA38_BW3245_PA45_DG13_PF0_D1_S06_7,COph100/patient/055,COph100,xfeat_tps,False,False,,11.170738194971346
0fbf172cf97a6498,COph100/055/055_M_GA38_BW3245_PA42_DG13_PF0_D1_S03_6__055_M_GA38_BW3245_PA47_DG13_PF0_D1_S07_4,COph100/patient/055,COph100,sp_lg_h,True,False,3.4211821866988297,0.1840687962589149
1584fb7688b3d0fa,COph100/055/055_M_GA38_BW3245_PA42_DG13_PF0_D1_S03_6__055_M_GA38_BW3245_PA47_DG13_PF0_D1_S07_4,COph100/patient/055,COph100,xfeat_h,False,False,6.233871513927993,0.056610086001876246
c3a2ad9f8797372a,COph100/055/055_M_GA38_BW3245_PA42_DG13_PF0_D1_S03_6__055_M_GA38_BW3245_PA47_DG13_PF0_D1_S07_4,COph100/patient/055,COph100,xfeat_tps,False,False,,11.079296605978701
57f86d83bccd8224,COph100/055/055_M_GA38_BW3245_PA42_DG13_PF0_D1_S03_6__055_M_GA38_BW3245_PA53_DG13_PF0_D1_S08_7,COph100/patient/055,COph100,sp_lg_h,True,False,2.235271733599013,0.40085152254202117
2985ea5883285d42,COph100/055/055_M_GA38_BW3245_PA42_DG13_PF0_D1_S03_6__055_M_GA38_BW3245_PA53_DG13_PF0_D1_S08_7,COph100/patient/055,COph100,xfeat_h,True,False,7.440922185676675,0.04003781719943156
e6f3978ca54122b6,COph100/055/055_M_GA38_BW3245_PA42_DG13_PF0_D1_S03_6__055_M_GA38_BW3245_PA53_DG13_PF0_D1_S08_7,COph100/patient/055,COph100,xfeat_tps,False,False,,10.55312199820729
9a9c6b6fe6734785,COph100/055/055_M_GA38_BW3245_PA42_DG13_PF0_D1_S03_6__055_M_GA38_BW3245_PA78_DG13_PF0_D1_S09_6,COph100/patient/055,COph100,sift_h,True,False,7.042985670488712,0.05026101518925163
b4ea7b000c3c98f0,COph100/055/055_M_GA38_BW3245_PA42_DG13_PF0_D1_S03_6__055_M_GA38_BW3245_PA78_DG13_PF0_D1_S09_6,COph100/patient/055,COph100,sp_lg_h,True,False,0.2540385148098455,6.568707146151393
92f0f609c160198a,COph100/055/055_M_GA38_BW3245_PA42_DG13_PF0_D1_S03_6__055_M_GA38_BW3245_PA78_DG13_PF0_D1_S09_6,COph100/patient/055,COph100,xfeat_h,True,False,1.7291406726616787,0.3898777910679072
2a02c904426813cd,COph100/055/055_M_GA38_BW3245_PA42_DG13_PF0_D1_S03_6__055_M_GA38_BW3245_PA78_DG13_PF0_D1_S09_6,COph100/patient/055,COph100,xfeat_tps,True,False,,6.694670076243677
d92271b9a30533c6,COph100/055/055_M_GA38_BW3245_PA43_DG13_PF0_D1_S04_13__055_M_GA38_BW3245_PA44_DG13_PF0_D1_S05_1,COph100/patient/055,COph100,sift_h,True,True,0.0,601358058.0644069
0381fcd38c99a8a1,COph100/055/055_M_GA38_BW3245_PA43_DG13_PF0_D1_S04_13__055_M_GA38_BW3245_PA44_DG13_PF0_D1_S05_1,COph100/patient/055,COph100,sp_lg_h,False,False,5.994120932986373,0.06793164304385108
8a55e357512454b7,COph100/055/055_M_GA38_BW3245_PA43_DG13_PF0_D1_S04_13__055_M_GA38_BW3245_PA44_DG13_PF0_D1_S05_1,COph100/patient/055,COph100,xfeat_h,False,False,4.417511137865716,0.1211306609925292
3e5dad0baa8f17d9,COph100/055/055_M_GA38_BW3245_PA43_DG13_PF0_D1_S04_13__055_M_GA38_BW3245_PA44_DG13_PF0_D1_S05_1,COph100/patient/055,COph100,xfeat_tps,False,False,,10.397325736605946
0d5c4689904553cc,COph100/055/055_M_GA38_BW3245_PA43_DG13_PF0_D1_S04_13__055_M_GA38_BW3245_PA45_DG13_PF0_D1_S06_7,COph100/patient/055,COph100,sift_h,True,True,0.0,77.92031451022348
cd01f29cdc5e8ad6,COph100/055/055_M_GA38_BW3245_PA43_DG13_PF0_D1_S04_13__055_M_GA38_BW3245_PA45_DG13_PF0_D1_S06_7,COph100/patient/055,COph100,sp_lg_h,False,False,46.90547877258381,0.001202776113546254
f46b9c74b2379d29,COph100/055/055_M_GA38_BW3245_PA43_DG13_PF0_D1_S04_13__055_M_GA38_BW3245_PA45_DG13_PF0_D1_S06_7,COph100/patient/055,COph100,xfeat_h,False,False,11.876514506489086,0.018151922998345817
8809d97a4edfa75e,COph100/055/055_M_GA38_BW3245_PA43_DG13_PF0_D1_S04_13__055_M_GA38_BW3245_PA45_DG13_PF0_D1_S06_7,COph100/patient/055,COph100,xfeat_tps,False,False,,7.539351230157475
4c820063a7146ed0,COph100/055/055_M_GA38_BW3245_PA43_DG13_PF0_D1_S04_13__055_M_GA38_BW3245_PA47_DG13_PF0_D1_S07_4,COph100/patient/055,COph100,sift_h,True,True,0.0,2451.797384163397
0c12bd5babe1da5c,COph100/055/055_M_GA38_BW3245_PA43_DG13_PF0_D1_S04_13__055_M_GA38_BW3245_PA47_DG13_PF0_D1_S07_4,COph100/patient/055,COph100,sp_lg_h,False,False,5.189950980432682,0.08483905693197905
773763f94f4a16f3,COph100/055/055_M_GA38_BW3245_PA43_DG13_PF0_D1_S04_13__055_M_GA38_BW3245_PA47_DG13_PF0_D1_S07_4,COph100/patient/055,COph100,xfeat_h,False,False,5.004545293816719,0.09188496081935968
4f58c804bca41ad6,COph100/055/055_M_GA38_BW3245_PA43_DG13_PF0_D1_S04_13__055_M_GA38_BW3245_PA47_DG13_PF0_D1_S07_4,COph100/patient/055,COph100,xfeat_tps,False,False,,7.455234022422911
51b04d8a34e043e3,COph100/055/055_M_GA38_BW3245_PA43_DG13_PF0_D1_S04_13__055_M_GA38_BW3245_PA53_DG13_PF0_D1_S08_7,COph100/patient/055,COph100,sift_h,True,True,0.0,0.002047684874160281
65f097a80eebdaac,COph100/055/055_M_GA38_BW3245_PA43_DG13_PF0_D1_S04_13__055_M_GA38_BW3245_PA53_DG13_PF0_D1_S08_7,COph100/patient/055,COph100,sp_lg_h,True,False,8.708422785568168,0.026373319732958714
3d5ce0552b9fddb6,COph100/055/055_M_GA38_BW3245_PA43_DG13_PF0_D1_S04_13__055_M_GA38_BW3245_PA53_DG13_PF0_D1_S08_7,COph100/patient/055,COph100,xfeat_h,True,False,9.865055545611687,0.021472270388384673
cf034edb54a9f28e,COph100/055/055_M_GA38_BW3245_PA43_DG13_PF0_D1_S04_13__055_M_GA38_BW3245_PA53_DG13_PF0_D1_S08_7,COph100/patient/055,COph100,xfeat_tps,True,False,,4.775037980696792
f298d1cf8e736564,COph100/055/055_M_GA38_BW3245_PA43_DG13_PF0_D1_S04_13__055_M_GA38_BW3245_PA78_DG13_PF0_D1_S09_6,COph100/patient/055,COph100,sift_h,True,True,0.0,11.381949717696024
2541e8913ecb495c,COph100/055/055_M_GA38_BW3245_PA43_DG13_PF0_D1_S04_13__055_M_GA38_BW3245_PA78_DG13_PF0_D1_S09_6,COph100/patient/055,COph100,sp_lg_h,True,True,0.0,138446249.6936386
11bcaf81af6206b4,COph100/055/055_M_GA38_BW3245_PA43_DG13_PF0_D1_S04_13__055_M_GA38_BW3245_PA78_DG13_PF0_D1_S09_6,COph100/patient/055,COph100,xfeat_h,True,True,0.0,1045006731.0949349
fe3a7362028510af,COph100/055/055_M_GA38_BW3245_PA43_DG13_PF0_D1_S04_13__055_M_GA38_BW3245_PA78_DG13_PF0_D1_S09_6,COph100/patient/055,COph100,xfeat_tps,True,False,,4.9711784807074615
a0d6235bebd30380,COph100/055/055_M_GA38_BW3245_PA44_DG13_PF0_D1_S05_1__055_M_GA38_BW3245_PA45_DG13_PF0_D1_S06_7,COph100/patient/055,COph100,sift_h,True,True,0.0,2175706.1898430465
04ecd86f4ebe10c6,COph100/055/055_M_GA38_BW3245_PA44_DG13_PF0_D1_S05_1__055_M_GA38_BW3245_PA45_DG13_PF0_D1_S06_7,COph100/patient/055,COph100,sp_lg_h,False,False,23.01090184033555,0.005086155404598316
b54b31a70421fb69,COph100/055/055_M_GA38_BW3245_PA44_DG13_PF0_D1_S05_1__055_M_GA38_BW3245_PA45_DG13_PF0_D1_S06_7,COph100/patient/055,COph100,xfeat_h,False,False,9.851910029488595,0.026645283069576656
5d4daaf121261023,COph100/055/055_M_GA38_BW3245_PA44_DG13_PF0_D1_S05_1__055_M_GA38_BW3245_PA45_DG13_PF0_D1_S06_7,COph100/patient/055,COph100,xfeat_tps,False,False,,7.632870641462616
6d9114badcefb68d,COph100/055/055_M_GA38_BW3245_PA44_DG13_PF0_D1_S05_1__055_M_GA38_BW3245_PA47_DG13_PF0_D1_S07_4,COph100/patient/055,COph100,sift_h,True,True,0.0,1252938.3890448797
e7bbe7609bfb1aad,COph100/055/055_M_GA38_BW3245_PA44_DG13_PF0_D1_S05_1__055_M_GA38_BW3245_PA47_DG13_PF0_D1_S07_4,COph100/patient/055,COph100,sp_lg_h,False,False,4.41530157785215,0.1174526612860364
2d815e6435dc1239,COph100/055/055_M_GA38_BW3245_PA44_DG13_PF0_D1_S05_1__055_M_GA38_BW3245_PA47_DG13_PF0_D1_S07_4,COph100/patient/055,COph100,xfeat_h,True,False,10.581821716388468,0.023518862422352082
72c18080103ebaad,COph100/055/055_M_GA38_BW3245_PA44_DG13_PF0_D1_S05_1__055_M_GA38_BW3245_PA47_DG13_PF0_D1_S07_4,COph100/patient/055,COph100,xfeat_tps,False,False,,7.241458276523964
fd6d6ecb6d5f8848,COph100/055/055_M_GA38_BW3245_PA44_DG13_PF0_D1_S05_1__055_M_GA38_BW3245_PA53_DG13_PF0_D1_S08_7,COph100/patient/055,COph100,sp_lg_h,True,False,4.074078970737429,0.126456989920061
0b72757401b6c52e,COph100/055/055_M_GA38_BW3245_PA44_DG13_PF0_D1_S05_1__055_M_GA38_BW3245_PA53_DG13_PF0_D1_S08_7,COph100/patient/055,COph100,xfeat_h,True,False,3.644168504063998,0.15346218951400498
47f6face7a7d95a5,COph100/055/055_M_GA38_BW3245_PA44_DG13_PF0_D1_S05_1__055_M_GA38_BW3245_PA53_DG13_PF0_D1_S08_7,COph100/patient/055,COph100,xfeat_tps,False,False,,7.712903245028963
49744132650422f6,COph100/055/055_M_GA38_BW3245_PA44_DG13_PF0_D1_S05_1__055_M_GA38_BW3245_PA78_DG13_PF0_D1_S09_6,COph100/patient/055,COph100,sift_h,True,True,0.0,32589.40929500715
87adff6d9bff264e,COph100/055/055_M_GA38_BW3245_PA44_DG13_PF0_D1_S05_1__055_M_GA38_BW3245_PA78_DG13_PF0_D1_S09_6,COph100/patient/055,COph100,sp_lg_h,True,False,1.442174921833317,0.6713082656081537
86f460163fee9a54,COph100/055/055_M_GA38_BW3245_PA44_DG13_PF0_D1_S05_1__055_M_GA38_BW3245_PA78_DG13_PF0_D1_S09_6,COph100/patient/055,COph100,xfeat_h,True,False,0.8516879511037608,1.5751739726309013
b94b1958826e2a6b,COph100/055/055_M_GA38_BW3245_PA44_DG13_PF0_D1_S05_1__055_M_GA38_BW3245_PA78_DG13_PF0_D1_S09_6,COph100/patient/055,COph100,xfeat_tps,True,False,,7.5159169027945465
947480f529c51dfc,COph100/055/055_M_GA38_BW3245_PA45_DG13_PF0_D1_S06_7__055_M_GA38_BW3245_PA47_DG13_PF0_D1_S07_4,COph100/patient/055,COph100,sift_h,True,True,0.0,189861420279.09775
fe581ee9360970f4,COph100/055/055_M_GA38_BW3245_PA45_DG13_PF0_D1_S06_7__055_M_GA38_BW3245_PA47_DG13_PF0_D1_S07_4,COph100/patient/055,COph100,sp_lg_h,False,False,7.835079860482978,0.03943509646254603
5b799d62cf0e58a4,COph100/055/055_M_GA38_BW3245_PA45_DG13_PF0_D1_S06_7__055_M_GA38_BW3245_PA47_DG13_PF0_D1_S07_4,COph100/patient/055,COph100,xfeat_h,False,False,10.686707062890655,0.021898616035699196
1bfbcfb151d5125d,COph100/055/055_M_GA38_BW3245_PA45_DG13_PF0_D1_S06_7__055_M_GA38_BW3245_PA47_DG13_PF0_D1_S07_4,COph100/patient/055,COph100,xfeat_tps,False,False,,7.242065511717704
d502344f990a1329,COph100/055/055_M_GA38_BW3245_PA45_DG13_PF0_D1_S06_7__055_M_GA38_BW3245_PA53_DG13_PF0_D1_S08_7,COph100/patient/055,COph100,sift_h,True,True,0.0,239602.77676251743
b796e53b27e00d74,COph100/055/055_M_GA38_BW3245_PA45_DG13_PF0_D1_S06_7__055_M_GA38_BW3245_PA53_DG13_PF0_D1_S08_7,COph100/patient/055,COph100,sp_lg_h,False,False,11.410917660113881,0.017464069219915848
6f5f0dd163d3703f,COph100/055/055_M_GA38_BW3245_PA45_DG13_PF0_D1_S06_7__055_M_GA38_BW3245_PA53_DG13_PF0_D1_S08_7,COph100/patient/055,COph100,xfeat_h,True,False,5.379141687445533,0.07324703689892115
8a2273efc453c09b,COph100/055/055_M_GA38_BW3245_PA45_DG13_PF0_D1_S06_7__055_M_GA38_BW3245_PA53_DG13_PF0_D1_S08_7,COph100/patient/055,COph100,xfeat_tps,False,False,,11.802018027571695
c8a62a7a90617fca,COph100/055/055_M_GA38_BW3245_PA45_DG13_PF0_D1_S06_7__055_M_GA38_BW3245_PA78_DG13_PF0_D1_S09_6,COph100/patient/055,COph100,sift_h,True,True,0.0,38930575.62966975
0359db95d67ab9bb,COph100/055/055_M_GA38_BW3245_PA45_DG13_PF0_D1_S06_7__055_M_GA38_BW3245_PA78_DG13_PF0_D1_S09_6,COph100/patient/055,COph100,sp_lg_h,True,False,17.703774159027393,0.00760378968083005
b28f291250a2eab4,COph100/055/055_M_GA38_BW3245_PA45_DG13_PF0_D1_S06_7__055_M_GA38_BW3245_PA78_DG13_PF0_D1_S09_6,COph100/patient/055,COph100,xfeat_h,True,False,2.3243724957572534,0.34849607168605345
1e7c5d33bb8cffad,COph100/055/055_M_GA38_BW3245_PA45_DG13_PF0_D1_S06_7__055_M_GA38_BW3245_PA78_DG13_PF0_D1_S09_6,COph100/patient/055,COph100,xfeat_tps,True,False,,4.572352850322537
b3616520816759f2,COph100/055/055_M_GA38_BW3245_PA47_DG13_PF0_D1_S07_4__055_M_GA38_BW3245_PA53_DG13_PF0_D1_S08_7,COph100/patient/055,COph100,sift_h,True,False,1.7168997163521167,0.5997539989426499
50d8d2fe95b9bc64,COph100/055/055_M_GA38_BW3245_PA47_DG13_PF0_D1_S07_4__055_M_GA38_BW3245_PA53_DG13_PF0_D1_S08_7,COph100/patient/055,COph100,sp_lg_h,False,False,20.35061795812707,0.0058853306192118236
1677fa9b730a0790,COph100/055/055_M_GA38_BW3245_PA47_DG13_PF0_D1_S07_4__055_M_GA38_BW3245_PA53_DG13_PF0_D1_S08_7,COph100/patient/055,COph100,xfeat_h,False,False,15.364072113777425,0.010223184072458848
1e6145b22f802351,COph100/055/055_M_GA38_BW3245_PA47_DG13_PF0_D1_S07_4__055_M_GA38_BW3245_PA53_DG13_PF0_D1_S08_7,COph100/patient/055,COph100,xfeat_tps,False,False,,6.363515464081034
4dabed3c32891c8b,COph100/055/055_M_GA38_BW3245_PA47_DG13_PF0_D1_S07_4__055_M_GA38_BW3245_PA78_DG13_PF0_D1_S09_6,COph100/patient/055,COph100,sift_h,True,True,0.0,2812.9879038256863
af41159aaea8133c,COph100/055/055_M_GA38_BW3245_PA47_DG13_PF0_D1_S07_4__055_M_GA38_BW3245_PA78_DG13_PF0_D1_S09_6,COph100/patient/055,COph100,sp_lg_h,True,False,2.230912052609826,0.3230723037441679
d597876c38d3b447,COph100/055/055_M_GA38_BW3245_PA47_DG13_PF0_D1_S07_4__055_M_GA38_BW3245_PA78_DG13_PF0_D1_S09_6,COph100/patient/055,COph100,xfeat_h,True,False,2.8358461234313617,0.2088120633042826
51e60524aebb1b69,COph100/055/055_M_GA38_BW3245_PA47_DG13_PF0_D1_S07_4__055_M_GA38_BW3245_PA78_DG13_PF0_D1_S09_6,COph100/patient/055,COph100,xfeat_tps,True,False,,9.576955223484838
3c7481ebbbadc13a,COph100/055/055_M_GA38_BW3245_PA53_DG13_PF0_D1_S08_7__055_M_GA38_BW3245_PA78_DG13_PF0_D1_S09_6,COph100/patient/055,COph100,sift_h,True,True,0.0,16.881264360695734
5ad3fbc67634792f,COph100/055/055_M_GA38_BW3245_PA53_DG13_PF0_D1_S08_7__055_M_GA38_BW3245_PA78_DG13_PF0_D1_S09_6,COph100/patient/055,COph100,sp_lg_h,True,False,3.6996604599062977,0.14050299736822203
de9320aad8db1594,COph100/055/055_M_GA38_BW3245_PA53_DG13_PF0_D1_S08_7__055_M_GA38_BW3245_PA78_DG13_PF0_D1_S09_6,COph100/patient/055,COph100,xfeat_h,True,False,1.918880429529043,0.4315307284491286
5765d04e82e2279f,COph100/055/055_M_GA38_BW3245_PA53_DG13_PF0_D1_S08_7__055_M_GA38_BW3245_PA78_DG13_PF0_D1_S09_6,COph100/patient/055,COph100,xfeat_tps,True,False,,5.776130651554442
d55f012b946d56de,COph100/056-1/056_F_GA33_BW1180_PA35_DG0_PF0_D1_S01_7__056_F_GA33_BW1180_PA38_DG0_PF0_D1_S02_1,COph100/patient/056,COph100,sift_h,True,True,0.0,85424.85680091145
71069af2b2301267,COph100/056-1/056_F_GA33_BW1180_PA35_DG0_PF0_D1_S01_7__056_F_GA33_BW1180_PA38_DG0_PF0_D1_S02_1,COph100/patient/056,COph100,sp_lg_h,True,False,9.022903092080785,0.029738670057649394
7e21cd3d9ba47120,COph100/056-1/056_F_GA33_BW1180_PA35_DG0_PF0_D1_S01_7__056_F_GA33_BW1180_PA38_DG0_PF0_D1_S02_1,COph100/patient/056,COph100,xfeat_h,True,False,3.1523196692446924,0.21203394517826984
2e876ff7cf62c412,COph100/056-1/056_F_GA33_BW1180_PA35_DG0_PF0_D1_S01_7__056_F_GA33_BW1180_PA38_DG0_PF0_D1_S02_1,COph100/patient/056,COph100,xfeat_tps,True,False,,7.291991062922939
9403d0e8b6d0fd6f,COph100/056-1/056_F_GA33_BW1180_PA35_DG0_PF0_D1_S01_7__056_F_GA33_BW1180_PA42_DG0_PF0_D1_S03_7,COph100/patient/056,COph100,sift_h,True,True,0.0,21460953.4177336
939abc3d3df38be5,COph100/056-1/056_F_GA33_BW1180_PA35_DG0_PF0_D1_S01_7__056_F_GA33_BW1180_PA42_DG0_PF0_D1_S03_7,COph100/patient/056,COph100,sp_lg_h,False,False,21.487325172875988,0.005096950489583014
96e01a46a526c556,COph100/056-1/056_F_GA33_BW1180_PA35_DG0_PF0_D1_S01_7__056_F_GA33_BW1180_PA42_DG0_PF0_D1_S03_7,COph100/patient/056,COph100,xfeat_h,True,False,1.943380030956425,0.5163546395939673
41dcd0d5f0d70f96,COph100/056-1/056_F_GA33_BW1180_PA35_DG0_PF0_D1_S01_7__056_F_GA33_BW1180_PA42_DG0_PF0_D1_S03_7,COph100/patient/056,COph100,xfeat_tps,True,False,,9.418325549984136
1f8437eab6a008e9,COph100/056-1/056_F_GA33_BW1180_PA38_DG0_PF0_D1_S02_1__056_F_GA33_BW1180_PA42_DG0_PF0_D1_S03_7,COph100/patient/056,COph100,sift_h,True,True,0.0,428599.4973315505
fa33cd7dd3583ee7,COph100/056-1/056_F_GA33_BW1180_PA38_DG0_PF0_D1_S02_1__056_F_GA33_BW1180_PA42_DG0_PF0_D1_S03_7,COph100/patient/056,COph100,sp_lg_h,False,False,14.576287079011456,0.011629713664319048
f432e048c9aadc54,COph100/056-1/056_F_GA33_BW1180_PA38_DG0_PF0_D1_S02_1__056_F_GA33_BW1180_PA42_DG0_PF0_D1_S03_7,COph100/patient/056,COph100,xfeat_h,False,False,5.480906415299053,0.07951391376263073
be4b981184126a9c,COph100/056-1/056_F_GA33_BW1180_PA38_DG0_PF0_D1_S02_1__056_F_GA33_BW1180_PA42_DG0_PF0_D1_S03_7,COph100/patient/056,COph100,xfeat_tps,True,False,,13.305873488055528
788a3487bace177b,COph100/056/056_F_GA33_BW1180_PA35_DG0_PF0_D1_S01_1__056_F_GA33_BW1180_PA38_DG0_PF0_D1_S02_3,COph100/patient/056,COph100,sift_h,True,False,7.706829949337973,0.03995844193966563
0ccb94cc6834f0b3,COph100/056/056_F_GA33_BW1180_PA35_DG0_PF0_D1_S01_1__056_F_GA33_BW1180_PA38_DG0_PF0_D1_S02_3,COph100/patient/056,COph100,sp_lg_h,True,False,24.237277958170637,0.004443188562548129
e676b037e7f6c23f,COph100/056/056_F_GA33_BW1180_PA35_DG0_PF0_D1_S01_1__056_F_GA33_BW1180_PA38_DG0_PF0_D1_S02_3,COph100/patient/056,COph100,xfeat_h,True,False,18.975983761845608,0.007195749916430227
85db9c717f05020c,COph100/056/056_F_GA33_BW1180_PA35_DG0_PF0_D1_S01_1__056_F_GA33_BW1180_PA38_DG0_PF0_D1_S02_3,COph100/patient/056,COph100,xfeat_tps,False,False,,11.601672277656462
61287c89f15ee8c8,COph100/056/056_F_GA33_BW1180_PA35_DG0_PF0_D1_S01_1__056_F_GA33_BW1180_PA42_DG0_PF0_D1_S03_3,COph100/patient/056,COph100,sift_h,True,True,0.0,1948301835.159755
b4577c86c07d97cb,COph100/056/056_F_GA33_BW1180_PA35_DG0_PF0_D1_S01_1__056_F_GA33_BW1180_PA42_DG0_PF0_D1_S03_3,COph100/patient/056,COph100,sp_lg_h,False,False,10.761399753959905,0.02027800003556994
bda99430d85450c9,COph100/056/056_F_GA33_BW1180_PA35_DG0_PF0_D1_S01_1__056_F_GA33_BW1180_PA42_DG0_PF0_D1_S03_3,COph100/patient/056,COph100,xfeat_h,True,False,3.4212661163545977,0.18594336310180842
c2ebd6f749d49c5f,COph100/056/056_F_GA33_BW1180_PA35_DG0_PF0_D1_S01_1__056_F_GA33_BW1180_PA42_DG0_PF0_D1_S03_3,COph100/patient/056,COph100,xfeat_tps,False,False,,12.226624858042364
3c4b39ab0e45362b,COph100/056/056_F_GA33_BW1180_PA38_DG0_PF0_D1_S02_3__056_F_GA33_BW1180_PA42_DG0_PF0_D1_S03_3,COph100/patient/056,COph100,sift_h,True,True,0.0,11280135.656751469
a7c5d8f8f4aa32b0,COph100/056/056_F_GA33_BW1180_PA38_DG0_PF0_D1_S02_3__056_F_GA33_BW1180_PA42_DG0_PF0_D1_S03_3,COph100/patient/056,COph100,sp_lg_h,False,False,10.751213066020503,0.022164877886955314
d4d983db52d96705,COph100/056/056_F_GA33_BW1180_PA38_DG0_PF0_D1_S02_3__056_F_GA33_BW1180_PA42_DG0_PF0_D1_S03_3,COph100/patient/056,COph100,xfeat_h,True,False,1.9666611013791737,0.49450856141896626
59eb29a8822bbdc0,COph100/056/056_F_GA33_BW1180_PA38_DG0_PF0_D1_S02_3__056_F_GA33_BW1180_PA42_DG0_PF0_D1_S03_3,COph100/patient/056,COph100,xfeat_tps,False,False,,11.937099525225381
cdff052deef9e445,COph100/057-1/057_M_GA30_BW1180_PA33_DG0_PF0_D1_S01_4__057_M_GA30_BW1180_PA37_DG0_PF0_D1_S02_4,COph100/patient/057,COph100,sift_h,True,False,35.57336750723905,0.0022336760403410664
82547b443becefd9,COph100/057-1/057_M_GA30_BW1180_PA33_DG0_PF0_D1_S01_4__057_M_GA30_BW1180_PA37_DG0_PF0_D1_S02_4,COph100/patient/057,COph100,sp_lg_h,False,False,19.748557207223218,0.0059419909089635506
34121534817d0706,COph100/057-1/057_M_GA30_BW1180_PA33_DG0_PF0_D1_S01_4__057_M_GA30_BW1180_PA37_DG0_PF0_D1_S02_4,COph100/patient/057,COph100,xfeat_h,False,False,17.204194176853992,0.008422793644300791
87417f41705d3c57,COph100/057-1/057_M_GA30_BW1180_PA33_DG0_PF0_D1_S01_4__057_M_GA30_BW1180_PA37_DG0_PF0_D1_S02_4,COph100/patient/057,COph100,xfeat_tps,False,False,,7.696659600279782
5549b45820aba245,COph100/057-1/057_M_GA30_BW1180_PA33_DG0_PF0_D1_S01_4__057_M_GA30_BW1180_PA39_DG0_PF0_D1_S03_6,COph100/patient/057,COph100,sift_h,True,False,2.9518032148256084,0.26364351042637885
f8ae9cf8485cc1ba,COph100/057-1/057_M_GA30_BW1180_PA33_DG0_PF0_D1_S01_4__057_M_GA30_BW1180_PA39_DG0_PF0_D1_S03_6,COph100/patient/057,COph100,sp_lg_h,True,False,23.56941229792695,0.004550011249026372
dc2ad73dce6d57ed,COph100/057-1/057_M_GA30_BW1180_PA33_DG0_PF0_D1_S01_4__057_M_GA30_BW1180_PA39_DG0_PF0_D1_S03_6,COph100/patient/057,COph100,xfeat_h,True,False,6.141660672826763,0.06324654487869569
359e2be1e378b8c3,COph100/057-1/057_M_GA30_BW1180_PA33_DG0_PF0_D1_S01_4__057_M_GA30_BW1180_PA39_DG0_PF0_D1_S03_6,COph100/patient/057,COph100,xfeat_tps,True,False,,8.278621525896186
ebdad8f41796f516,COph100/057-1/057_M_GA30_BW1180_PA37_DG0_PF0_D1_S02_4__057_M_GA30_BW1180_PA39_DG0_PF0_D1_S03_6,COph100/patient/057,COph100,sift_h,True,False,3.015163302385777,0.21631399556925768
f602a84066d76379,COph100/057-1/057_M_GA30_BW1180_PA37_DG0_PF0_D1_S02_4__057_M_GA30_BW1180_PA39_DG0_PF0_D1_S03_6,COph100/patient/057,COph100,sp_lg_h,False,False,5.654729096480436,0.08529968033562407
9e32c5d8fa76d38d,COph100/057-1/057_M_GA30_BW1180_PA37_DG0_PF0_D1_S02_4__057_M_GA30_BW1180_PA39_DG0_PF0_D1_S03_6,COph100/patient/057,COph100,xfeat_h,False,False,4.4018555076762675,0.1273256031455136
c0c0bb0af9448886,COph100/057-1/057_M_GA30_BW1180_PA37_DG0_PF0_D1_S02_4__057_M_GA30_BW1180_PA39_DG0_PF0_D1_S03_6,COph100/patient/057,COph100,xfeat_tps,False,False,,6.69058141831933
cae8f0e0967c9f90,COph100/057/057_M_GA30_BW1180_PA33_DG0_PF0_D1_S01_1__057_M_GA30_BW1180_PA37_DG0_PF0_D1_S02_1,COph100/patient/057,COph100,sp_lg_h,True,False,9.307142994140207,0.028152917496157566
f42f006590c49751,COph100/057/057_M_GA30_BW1180_PA33_DG0_PF0_D1_S01_1__057_M_GA30_BW1180_PA37_DG0_PF0_D1_S02_1,COph100/patient/057,COph100,xfeat_h,True,False,2.757284152539712,0.3055896781054177
516791307997a55b,COph100/057/057_M_GA30_BW1180_PA33_DG0_PF0_D1_S01_1__057_M_GA30_BW1180_PA37_DG0_PF0_D1_S02_1,COph100/patient/057,COph100,xfeat_tps,True,False,,9.743693282783553
5b42cd9ecf57c4f0,COph100/057/057_M_GA30_BW1180_PA33_DG0_PF0_D1_S01_1__057_M_GA30_BW1180_PA39_DG0_PF0_D1_S03_2,COph100/patient/057,COph100,sift_h,True,True,0.0,16074451.76405202
5aa9aa1417fbc327,COph100/057/057_M_GA30_BW1180_PA33_DG0_PF0_D1_S01_1__057_M_GA30_BW1180_PA39_DG0_PF0_D1_S03_2,COph100/patient/057,COph100,sp_lg_h,True,False,8.856090313326606,0.030520338387149175
b1d9122216ac748c,COph100/057/057_M_GA30_BW1180_PA33_DG0_PF0_D1_S01_1__057_M_GA30_BW1180_PA39_DG0_PF0_D1_S03_2,COph100/patient/057,COph100,xfeat_h,True,False,17.3108212932829,0.008433223384041993
6b93912871ca9224,COph100/057/057_M_GA30_BW1180_PA33_DG0_PF0_D1_S01_1__057_M_GA30_BW1180_PA39_DG0_PF0_D1_S03_2,COph100/patient/057,COph100,xfeat_tps,True,False,,8.504409713834107
1951bca67e348c45,COph100/057/057_M_GA30_BW1180_PA37_DG0_PF0_D1_S02_1__057_M_GA30_BW1180_PA39_DG0_PF0_D1_S03_2,COph100/patient/057,COph100,sift_h,True,False,6.1344198113445545,0.062421858936429084
0c12b17841514073,COph100/057/057_M_GA30_BW1180_PA37_DG0_PF0_D1_S02_1__057_M_GA30_BW1180_PA39_DG0_PF0_D1_S03_2,COph100/patient/057,COph100,sp_lg_h,False,False,63.425892850658414,0.0006891843505310124
4e418a7d8e1af099,COph100/057/057_M_GA30_BW1180_PA37_DG0_PF0_D1_S02_1__057_M_GA30_BW1180_PA39_DG0_PF0_D1_S03_2,COph100/patient/057,COph100,xfeat_h,False,False,100.55760618696758,0.00027773228775051785
98c7a55c665fb433,COph100/057/057_M_GA30_BW1180_PA37_DG0_PF0_D1_S02_1__057_M_GA30_BW1180_PA39_DG0_PF0_D1_S03_2,COph100/patient/057,COph100,xfeat_tps,False,False,,12.597442627736706
29e23fa43704a94e,COph100/058-1/058_M_GA30_BW1490_PA33_DG0_PF0_D1_S01_5__058_M_GA30_BW1490_PA35_DG0_PF0_D1_S02_5,COph100/patient/058,COph100,sift_h,True,True,0.0,16327.071889521892
0de9013f77cf0147,COph100/058-1/058_M_GA30_BW1490_PA33_DG0_PF0_D1_S01_5__058_M_GA30_BW1490_PA35_DG0_PF0_D1_S02_5,COph100/patient/058,COph100,sp_lg_h,False,False,5.052898801213918,0.09492138080073961
20daf2f25ffc323a,COph100/058-1/058_M_GA30_BW1490_PA33_DG0_PF0_D1_S01_5__058_M_GA30_BW1490_PA35_DG0_PF0_D1_S02_5,COph100/patient/058,COph100,xfeat_h,False,False,9.114060933968114,0.031034707949077128
f498a8abb7d4e019,COph100/058-1/058_M_GA30_BW1490_PA33_DG0_PF0_D1_S01_5__058_M_GA30_BW1490_PA35_DG0_PF0_D1_S02_5,COph100/patient/058,COph100,xfeat_tps,False,False,,5.922291812772833
6a44cc209be96b47,COph100/058-1/058_M_GA30_BW1490_PA33_DG0_PF0_D1_S01_5__058_M_GA30_BW1490_PA38_DG0_PF0_D1_S03_3,COph100/patient/058,COph100,sift_h,True,True,0.0,9364.170219927513
9d29653f6481c375,COph100/058-1/058_M_GA30_BW1490_PA33_DG0_PF0_D1_S01_5__058_M_GA30_BW1490_PA38_DG0_PF0_D1_S03_3,COph100/patient/058,COph100,sp_lg_h,True,False,2.353332070638971,0.42900327839631236
68fee83a8dcb6bb1,COph100/058-1/058_M_GA30_BW1490_PA33_DG0_PF0_D1_S01_5__058_M_GA30_BW1490_PA38_DG0_PF0_D1_S03_3,COph100/patient/058,COph100,xfeat_h,True,False,2.658201795293119,0.32954246802357035
d79859963bf322b8,COph100/058-1/058_M_GA30_BW1490_PA33_DG0_PF0_D1_S01_5__058_M_GA30_BW1490_PA38_DG0_PF0_D1_S03_3,COph100/patient/058,COph100,xfeat_tps,False,False,,13.52810491816653
957c15e75313ceff,COph100/058-1/058_M_GA30_BW1490_PA35_DG0_PF0_D1_S02_5__058_M_GA30_BW1490_PA38_DG0_PF0_D1_S03_3,COph100/patient/058,COph100,sift_h,True,True,0.0,209782.50520015223
9a10b95de145db1e,COph100/058-1/058_M_GA30_BW1490_PA35_DG0_PF0_D1_S02_5__058_M_GA30_BW1490_PA38_DG0_PF0_D1_S03_3,COph100/patient/058,COph100,sp_lg_h,False,False,15.59390085708917,0.010705453247723182
1a091fb984533eb0,COph100/058-1/058_M_GA30_BW1490_PA35_DG0_PF0_D1_S02_5__058_M_GA30_BW1490_PA38_DG0_PF0_D1_S03_3,COph100/patient/058,COph100,xfeat_h,False,False,8.636745383444639,0.0332613490198288
5d14389a9d4546c7,COph100/058-1/058_M_GA30_BW1490_PA35_DG0_PF0_D1_S02_5__058_M_GA30_BW1490_PA38_DG0_PF0_D1_S03_3,COph100/patient/058,COph100,xfeat_tps,True,False,,7.343013192837186
e7618755cdf851da,COph100/058/058_M_GA30_BW1490_PA33_DG0_PF0_D1_S01_2__058_M_GA30_BW1490_PA35_DG0_PF0_D1_S02_3,COph100/patient/058,COph100,sift_h,True,True,0.0,7452076.358662669
90509ed0638e2c01,COph100/058/058_M_GA30_BW1490_PA33_DG0_PF0_D1_S01_2__058_M_GA30_BW1490_PA35_DG0_PF0_D1_S02_3,COph100/patient/058,COph100,sp_lg_h,False,False,6.074496312763851,0.06781762530820148
1530b70ef82ae93a,COph100/058/058_M_GA30_BW1490_PA33_DG0_PF0_D1_S01_2__058_M_GA30_BW1490_PA35_DG0_PF0_D1_S02_3,COph100/patient/058,COph100,xfeat_h,False,False,13.641416465481274,0.013760030288762572
d5d230a9351ed7d7,COph100/058/058_M_GA30_BW1490_PA33_DG0_PF0_D1_S01_2__058_M_GA30_BW1490_PA35_DG0_PF0_D1_S02_3,COph100/patient/058,COph100,xfeat_tps,False,False,,11.971967987461309
6d869070108af6bf,COph100/058/058_M_GA30_BW1490_PA33_DG0_PF0_D1_S01_2__058_M_GA30_BW1490_PA38_DG0_PF0_D1_S03_6,COph100/patient/058,COph100,sp_lg_h,False,False,2.948269648930217,0.2464179258083986
3f88b4bd2297a4de,COph100/058/058_M_GA30_BW1490_PA33_DG0_PF0_D1_S01_2__058_M_GA30_BW1490_PA38_DG0_PF0_D1_S03_6,COph100/patient/058,COph100,xfeat_h,False,False,4.992775401011455,0.09076031650352595
9c53e7e14e106f83,COph100/058/058_M_GA30_BW1490_PA33_DG0_PF0_D1_S01_2__058_M_GA30_BW1490_PA38_DG0_PF0_D1_S03_6,COph100/patient/058,COph100,xfeat_tps,False,False,,12.138567861711127
f3225a2005b4515d,COph100/058/058_M_GA30_BW1490_PA35_DG0_PF0_D1_S02_3__058_M_GA30_BW1490_PA38_DG0_PF0_D1_S03_6,COph100/patient/058,COph100,sift_h,True,False,27.898222723792674,0.003482966348633959
b963d9b900e85c9b,COph100/058/058_M_GA30_BW1490_PA35_DG0_PF0_D1_S02_3__058_M_GA30_BW1490_PA38_DG0_PF0_D1_S03_6,COph100/patient/058,COph100,sp_lg_h,False,False,9.298999316917639,0.029215726101606915
ea2894c0f618cc36,COph100/058/058_M_GA30_BW1490_PA35_DG0_PF0_D1_S02_3__058_M_GA30_BW1490_PA38_DG0_PF0_D1_S03_6,COph100/patient/058,COph100,xfeat_h,False,False,18.886951070479018,0.007338560633710787
d674eba58ca649c2,COph100/058/058_M_GA30_BW1490_PA35_DG0_PF0_D1_S02_3__058_M_GA30_BW1490_PA38_DG0_PF0_D1_S03_6,COph100/patient/058,COph100,xfeat_tps,False,False,,10.53336343051556
21b5664b5bd7c953,COph100/059-1/059_M_GA40_BW3680_PA61_DG12_PF0_D1_S01_1__059_M_GA40_BW3680_PA112_DG12_PF0_D1_S03_1,COph100/patient/059,COph100,sift_h,True,True,0.0,231.17590179692075
4268996fd4efbce6,COph100/059-1/059_M_GA40_BW3680_PA61_DG12_PF0_D1_S01_1__059_M_GA40_BW3680_PA112_DG12_PF0_D1_S03_1,COph100/patient/059,COph100,sp_lg_h,True,False,6.985717721118393,0.05236684398961681
332d3f296c85cf1d,COph100/059-1/059_M_GA40_BW3680_PA61_DG12_PF0_D1_S01_1__059_M_GA40_BW3680_PA112_DG12_PF0_D1_S03_1,COph100/patient/059,COph100,xfeat_h,True,False,5.002813056893423,0.09155884371647538
dc6eb0fb756db5b6,COph100/059-1/059_M_GA40_BW3680_PA61_DG12_PF0_D1_S01_1__059_M_GA40_BW3680_PA112_DG12_PF0_D1_S03_1,COph100/patient/059,COph100,xfeat_tps,False,False,,7.844568391260685
819402485382357e,COph100/059-1/059_M_GA40_BW3680_PA61_DG12_PF0_D1_S01_1__059_M_GA40_BW3680_PA85_DG12_PF0_D1_S02_2,COph100/patient/059,COph100,sift_h,True,True,0.0,9532.604221842146
57be2e8a3bf2860a,COph100/059-1/059_M_GA40_BW3680_PA61_DG12_PF0_D1_S01_1__059_M_GA40_BW3680_PA85_DG12_PF0_D1_S02_2,COph100/patient/059,COph100,sp_lg_h,True,False,2.0081634640516213,0.42550414867768216
6568d81289c5df4d,COph100/059-1/059_M_GA40_BW3680_PA61_DG12_PF0_D1_S01_1__059_M_GA40_BW3680_PA85_DG12_PF0_D1_S02_2,COph100/patient/059,COph100,xfeat_h,False,False,0.9681658420634729,2.1937405461357744
8b53b7297a255fe9,COph100/059-1/059_M_GA40_BW3680_PA61_DG12_PF0_D1_S01_1__059_M_GA40_BW3680_PA85_DG12_PF0_D1_S02_2,COph100/patient/059,COph100,xfeat_tps,False,False,,4.105489044312591
71ca6859a68ff4f2,COph100/059-1/059_M_GA40_BW3680_PA85_DG12_PF0_D1_S02_2__059_M_GA40_BW3680_PA112_DG12_PF0_D1_S03_1,COph100/patient/059,COph100,sift_h,True,True,0.0,631578.586001523
f1b5713274c99c6c,COph100/059-1/059_M_GA40_BW3680_PA85_DG12_PF0_D1_S02_2__059_M_GA40_BW3680_PA112_DG12_PF0_D1_S03_1,COph100/patient/059,COph100,sp_lg_h,True,False,0.8996962420136486,3.1580297230438026
13c7498b41bdfa0c,COph100/059-1/059_M_GA40_BW3680_PA85_DG12_PF0_D1_S02_2__059_M_GA40_BW3680_PA112_DG12_PF0_D1_S03_1,COph100/patient/059,COph100,xfeat_h,True,False,3.365248828357804,0.22131228808032696
211a3e8f7ce3b6f9,COph100/059-1/059_M_GA40_BW3680_PA85_DG12_PF0_D1_S02_2__059_M_GA40_BW3680_PA112_DG12_PF0_D1_S03_1,COph100/patient/059,COph100,xfeat_tps,True,False,,2.3743907148325696
8ddbb955528d5881,COph100/059/059_M_GA40_BW3680_PA61_DG12_PF0_D1_S01_5__059_M_GA40_BW3680_PA112_DG12_PF0_D1_S03_3,COph100/patient/059,COph100,sift_h,True,True,0.0,125.71575948221145
7ebca32fd92ab692,COph100/059/059_M_GA40_BW3680_PA61_DG12_PF0_D1_S01_5__059_M_GA40_BW3680_PA112_DG12_PF0_D1_S03_3,COph100/patient/059,COph100,sp_lg_h,True,False,41.44757242448361,0.0015648015147200654
12140e7a538580c6,COph100/059/059_M_GA40_BW3680_PA61_DG12_PF0_D1_S01_5__059_M_GA40_BW3680_PA112_DG12_PF0_D1_S03_3,COph100/patient/059,COph100,xfeat_h,True,False,82.29913932428929,0.0004085612688218506
11b3fc4e55e98cb0,COph100/059/059_M_GA40_BW3680_PA61_DG12_PF0_D1_S01_5__059_M_GA40_BW3680_PA112_DG12_PF0_D1_S03_3,COph100/patient/059,COph100,xfeat_tps,False,False,,7.152914238618287
92008279d3f59629,COph100/059/059_M_GA40_BW3680_PA61_DG12_PF0_D1_S01_5__059_M_GA40_BW3680_PA85_DG12_PF0_D1_S02_4,COph100/patient/059,COph100,sift_h,True,True,0.0,112455.2227460443
3e35d00985b0f486,COph100/059/059_M_GA40_BW3680_PA61_DG12_PF0_D1_S01_5__059_M_GA40_BW3680_PA85_DG12_PF0_D1_S02_4,COph100/patient/059,COph100,xfeat_h,True,False,9.884403531577469,0.02654747273111352
5783f79dee0e00fe,COph100/059/059_M_GA40_BW3680_PA61_DG12_PF0_D1_S01_5__059_M_GA40_BW3680_PA85_DG12_PF0_D1_S02_4,COph100/patient/059,COph100,xfeat_tps,True,False,,5.867705163226121
97bfd50d6e3a5dd4,COph100/059/059_M_GA40_BW3680_PA85_DG12_PF0_D1_S02_4__059_M_GA40_BW3680_PA112_DG12_PF0_D1_S03_3,COph100/patient/059,COph100,sift_h,True,True,0.0,0.019321601481480263
19195bede7f844da,COph100/059/059_M_GA40_BW3680_PA85_DG12_PF0_D1_S02_4__059_M_GA40_BW3680_PA112_DG12_PF0_D1_S03_3,COph100/patient/059,COph100,sp_lg_h,True,False,6.981552974132643,0.05076299075411718
2d678d3400dfd605,COph100/059/059_M_GA40_BW3680_PA85_DG12_PF0_D1_S02_4__059_M_GA40_BW3680_PA112_DG12_PF0_D1_S03_3,COph100/patient/059,COph100,xfeat_h,True,False,3.5398515073389487,0.16562042275858413
abaaef70283e62b2,COph100/059/059_M_GA40_BW3680_PA85_DG12_PF0_D1_S02_4__059_M_GA40_BW3680_PA112_DG12_PF0_D1_S03_3,COph100/patient/059,COph100,xfeat_tps,True,False,,5.597624925813362
cc8ac7507bbd4ecb,COph100/061-1/061_M_GA26_BW880_PA32_DG0_PF0_D1_S01_6__061_M_GA26_BW880_PA38_DG0_PF0_D1_S02_7,COph100/patient/061,COph100,sift_h,True,True,0.0,113273.94671163306
52215a4b27677b63,COph100/061-1/061_M_GA26_BW880_PA32_DG0_PF0_D1_S01_6__061_M_GA26_BW880_PA38_DG0_PF0_D1_S02_7,COph100/patient/061,COph100,sp_lg_h,False,False,5.410101344744512,0.0737222519440687
57c526eaa7886242,COph100/061-1/061_M_GA26_BW880_PA32_DG0_PF0_D1_S01_6__061_M_GA26_BW880_PA38_DG0_PF0_D1_S02_7,COph100/patient/061,COph100,xfeat_h,True,False,10.999059768783987,0.020606241589450007
44c3930a92db80db,COph100/061-1/061_M_GA26_BW880_PA32_DG0_PF0_D1_S01_6__061_M_GA26_BW880_PA38_DG0_PF0_D1_S02_7,COph100/patient/061,COph100,xfeat_tps,True,False,,7.656118407535253
5d655976cfdc8c4c,COph100/061-1/061_M_GA26_BW880_PA32_DG0_PF0_D1_S01_6__061_M_GA26_BW880_PA42_DG0_PF0_D1_S03_2,COph100/patient/061,COph100,sp_lg_h,True,False,11.772067025767749,0.013520526448417357
7673d99a090f4b23,COph100/061-1/061_M_GA26_BW880_PA32_DG0_PF0_D1_S01_6__061_M_GA26_BW880_PA42_DG0_PF0_D1_S03_2,COph100/patient/061,COph100,xfeat_h,True,False,1.1536399254267478,1.3863064563247416
1306866756ea8765,COph100/061-1/061_M_GA26_BW880_PA32_DG0_PF0_D1_S01_6__061_M_GA26_BW880_PA42_DG0_PF0_D1_S03_2,COph100/patient/061,COph100,xfeat_tps,False,False,,6.050904953744052
5bc1cd99f184c638,COph100/061-1/061_M_GA26_BW880_PA38_DG0_PF0_D1_S02_7__061_M_GA26_BW880_PA42_DG0_PF0_D1_S03_2,COph100/patient/061,COph100,sift_h,True,True,0.0,1083547.5718427647
93422c46211deb8b,COph100/061-1/061_M_GA26_BW880_PA38_DG0_PF0_D1_S02_7__061_M_GA26_BW880_PA42_DG0_PF0_D1_S03_2,COph100/patient/061,COph100,sp_lg_h,False,False,5.026386315967343,0.09748691435567539
5e4aba15c6d4b244,COph100/061-1/061_M_GA26_BW880_PA38_DG0_PF0_D1_S02_7__061_M_GA26_BW880_PA42_DG0_PF0_D1_S03_2,COph100/patient/061,COph100,xfeat_h,False,False,3.6510829861009744,0.1701033892391917
92fb4c99e373b07c,COph100/061-1/061_M_GA26_BW880_PA38_DG0_PF0_D1_S02_7__061_M_GA26_BW880_PA42_DG0_PF0_D1_S03_2,COph100/patient/061,COph100,xfeat_tps,False,False,,8.046438383924414
bf50840c43fe7c44,COph100/061/061_M_GA26_BW880_PA32_DG0_PF0_D1_S01_2__061_M_GA26_BW880_PA38_DG0_PF0_D1_S02_2,COph100/patient/061,COph100,sift_h,True,True,0.0,7512.6695707462495
44457d329100e928,COph100/061/061_M_GA26_BW880_PA32_DG0_PF0_D1_S01_2__061_M_GA26_BW880_PA38_DG0_PF0_D1_S02_2,COph100/patient/061,COph100,sp_lg_h,False,False,57.604062491125404,0.0007450678683626844
dcfb6c32faa692b8,COph100/061/061_M_GA26_BW880_PA32_DG0_PF0_D1_S01_2__061_M_GA26_BW880_PA38_DG0_PF0_D1_S02_2,COph100/patient/061,COph100,xfeat_h,False,False,4.45951837069469,0.1124382163133713
b2dce5fd319b36cd,COph100/061/061_M_GA26_BW880_PA32_DG0_PF0_D1_S01_2__061_M_GA26_BW880_PA38_DG0_PF0_D1_S02_2,COph100/patient/061,COph100,xfeat_tps,True,False,,10.355718339952293
e5492773d64ce838,COph100/061/061_M_GA26_BW880_PA32_DG0_PF0_D1_S01_2__061_M_GA26_BW880_PA42_DG0_PF0_D1_S03_7,COph100/patient/061,COph100,sift_h,True,True,0.0,3125617.1330545386
9fdded8f4fbaf8fc,COph100/061/061_M_GA26_BW880_PA32_DG0_PF0_D1_S01_2__061_M_GA26_BW880_PA42_DG0_PF0_D1_S03_7,COph100/patient/061,COph100,sp_lg_h,False,False,10.356394700492652,0.020241939950945587
9ee86d8907dfdee0,COph100/061/061_M_GA26_BW880_PA32_DG0_PF0_D1_S01_2__061_M_GA26_BW880_PA42_DG0_PF0_D1_S03_7,COph100/patient/061,COph100,xfeat_h,True,False,2.4412942581811614,0.33144877174603543
4eaa393b8a035b08,COph100/061/061_M_GA26_BW880_PA32_DG0_PF0_D1_S01_2__061_M_GA26_BW880_PA42_DG0_PF0_D1_S03_7,COph100/patient/061,COph100,xfeat_tps,False,False,,8.909880685569656
45442d7fcd759964,COph100/061/061_M_GA26_BW880_PA38_DG0_PF0_D1_S02_2__061_M_GA26_BW880_PA42_DG0_PF0_D1_S03_7,COph100/patient/061,COph100,sp_lg_h,False,False,28.932413200901134,0.0031397606328490407
5e13725b258abc18,COph100/061/061_M_GA26_BW880_PA38_DG0_PF0_D1_S02_2__061_M_GA26_BW880_PA42_DG0_PF0_D1_S03_7,COph100/patient/061,COph100,xfeat_h,False,False,10.269245139549373,0.024418040995115287
a948640ccdc7298d,COph100/061/061_M_GA26_BW880_PA38_DG0_PF0_D1_S02_2__061_M_GA26_BW880_PA42_DG0_PF0_D1_S03_7,COph100/patient/061,COph100,xfeat_tps,False,False,,9.433111430048225
1b08cd8ed2f1c22d,COph100/062-1/062_F_GA27_BW900_PA35_DG0_PF0_D1_S01_7__062_F_GA27_BW900_PA39_DG0_PF0_D1_S02_7,COph100/patient/062,COph100,sift_h,True,True,0.0,2674.923910877637
a0da241d95235252,COph100/062-1/062_F_GA27_BW900_PA35_DG0_PF0_D1_S01_7__062_F_GA27_BW900_PA39_DG0_PF0_D1_S02_7,COph100/patient/062,COph100,sp_lg_h,True,False,5.374663034789981,0.08833856084428524
4222724214347fc6,COph100/062-1/062_F_GA27_BW900_PA35_DG0_PF0_D1_S01_7__062_F_GA27_BW900_PA39_DG0_PF0_D1_S02_7,COph100/patient/062,COph100,xfeat_h,True,False,62.925337972240406,0.0007015686306171946
39d5654e6b56a223,COph100/062-1/062_F_GA27_BW900_PA35_DG0_PF0_D1_S01_7__062_F_GA27_BW900_PA39_DG0_PF0_D1_S02_7,COph100/patient/062,COph100,xfeat_tps,True,False,,9.874079859648898
d3e88b83d3857674,COph100/062/062_F_GA27_BW900_PA35_DG0_PF0_D1_S01_3__062_F_GA27_BW900_PA39_DG0_PF0_D1_S02_3,COph100/patient/062,COph100,sift_h,True,True,0.0,25.040405759087747
fbebd0fe46451923,COph100/062/062_F_GA27_BW900_PA35_DG0_PF0_D1_S01_3__062_F_GA27_BW900_PA39_DG0_PF0_D1_S02_3,COph100/patient/062,COph100,sp_lg_h,True,False,4.3481580903942465,0.1235797562315483
920cfd5772895e63,COph100/062/062_F_GA27_BW900_PA35_DG0_PF0_D1_S01_3__062_F_GA27_BW900_PA39_DG0_PF0_D1_S02_3,COph100/patient/062,COph100,xfeat_h,True,False,10.709307984502109,0.022420947779140197
647a5a228bce998f,COph100/062/062_F_GA27_BW900_PA35_DG0_PF0_D1_S01_3__062_F_GA27_BW900_PA39_DG0_PF0_D1_S02_3,COph100/patient/062,COph100,xfeat_tps,True,False,,6.599591047975018
f23ad07c86edec11,COph100/063/063_F_GA35_BW3000_PA36_DG0_PF0_D1_S01_3__063_F_GA35_BW3000_PA39_DG0_PF0_D1_S02_2,COph100/patient/063,COph100,sift_h,True,False,1.0560537165607229,1.1937504286491771
b92a0643b5b15cb8,COph100/063/063_F_GA35_BW3000_PA36_DG0_PF0_D1_S01_3__063_F_GA35_BW3000_PA39_DG0_PF0_D1_S02_2,COph100/patient/063,COph100,sp_lg_h,True,False,7.7179577515756845,0.04109762759487004
1789addfce55c1ac,COph100/063/063_F_GA35_BW3000_PA36_DG0_PF0_D1_S01_3__063_F_GA35_BW3000_PA39_DG0_PF0_D1_S02_2,COph100/patient/063,COph100,xfeat_h,True,False,8.31579328420142,0.03773417377359366
4c99d1cb873ad963,COph100/063/063_F_GA35_BW3000_PA36_DG0_PF0_D1_S01_3__063_F_GA35_BW3000_PA39_DG0_PF0_D1_S02_2,COph100/patient/063,COph100,xfeat_tps,True,False,,13.325725563440393
e93fd72df3738307,COph100/064-1/064_M_GA30_BW990_PA33_DG0_PF0_D1_S01_6__064_M_GA30_BW990_PA37_DG0_PF0_D1_S02_8,COph100/patient/064,COph100,sift_h,True,True,0.0,10159.615566826506
b4f6fca7fe0c909a,COph100/064-1/064_M_GA30_BW990_PA33_DG0_PF0_D1_S01_6__064_M_GA30_BW990_PA37_DG0_PF0_D1_S02_8,COph100/patient/064,COph100,sp_lg_h,False,False,6.836752747253881,0.05607701027253985
cc04e38576f913b0,COph100/064-1/064_M_GA30_BW990_PA33_DG0_PF0_D1_S01_6__064_M_GA30_BW990_PA37_DG0_PF0_D1_S02_8,COph100/patient/064,COph100,xfeat_h,True,False,5.8829785791421685,0.07555605735726872
be8ad2cbe2c1aab4,COph100/064-1/064_M_GA30_BW990_PA33_DG0_PF0_D1_S01_6__064_M_GA30_BW990_PA37_DG0_PF0_D1_S02_8,COph100/patient/064,COph100,xfeat_tps,True,False,,12.772503840010401
f472556693730bde,COph100/064-1/064_M_GA30_BW990_PA33_DG0_PF0_D1_S01_6__064_M_GA30_BW990_PA40_DG0_PF0_D1_S03_3,COph100/patient/064,COph100,sift_h,True,True,0.0,64773929.75217965
5a922824acc13668,COph100/064-1/064_M_GA30_BW990_PA33_DG0_PF0_D1_S01_6__064_M_GA30_BW990_PA40_DG0_PF0_D1_S03_3,COph100/patient/064,COph100,sp_lg_h,True,False,8.074938549876002,0.03877768121435454
45d04f2f4d3fc9c8,COph100/064-1/064_M_GA30_BW990_PA33_DG0_PF0_D1_S01_6__064_M_GA30_BW990_PA40_DG0_PF0_D1_S03_3,COph100/patient/064,COph100,xfeat_h,True,False,7.8525877156926915,0.04578200137556469
0456c43744014b26,COph100/064-1/064_M_GA30_BW990_PA33_DG0_PF0_D1_S01_6__064_M_GA30_BW990_PA40_DG0_PF0_D1_S03_3,COph100/patient/064,COph100,xfeat_tps,True,False,,8.865308361735003
6942a827a4da3148,COph100/064-1/064_M_GA30_BW990_PA37_DG0_PF0_D1_S02_8__064_M_GA30_BW990_PA40_DG0_PF0_D1_S03_3,COph100/patient/064,COph100,sift_h,True,True,0.0,104776859.9142634
bc60effb7f8846ce,COph100/064-1/064_M_GA30_BW990_PA37_DG0_PF0_D1_S02_8__064_M_GA30_BW990_PA40_DG0_PF0_D1_S03_3,COph100/patient/064,COph100,sp_lg_h,True,False,7.8367137971370715,0.03953463306286839
8befe257dce5e065,COph100/064-1/064_M_GA30_BW990_PA37_DG0_PF0_D1_S02_8__064_M_GA30_BW990_PA40_DG0_PF0_D1_S03_3,COph100/patient/064,COph100,xfeat_h,True,False,4.080387730443234,0.15111706843885034
b77bb1dceaa3a451,COph100/064-1/064_M_GA30_BW990_PA37_DG0_PF0_D1_S02_8__064_M_GA30_BW990_PA40_DG0_PF0_D1_S03_3,COph100/patient/064,COph100,xfeat_tps,True,False,,8.99274257917208
1939fa4d6c8f3898,COph100/064/064_M_GA30_BW990_PA33_DG0_PF0_D1_S01_4__064_M_GA30_BW990_PA37_DG0_PF0_D1_S02_4,COph100/patient/064,COph100,sift_h,True,False,2.975849256024812,0.17053676131653184
4ebcb5da33c53780,COph100/064/064_M_GA30_BW990_PA33_DG0_PF0_D1_S01_4__064_M_GA30_BW990_PA37_DG0_PF0_D1_S02_4,COph100/patient/064,COph100,sp_lg_h,True,False,8.890094893512446,0.03229684145132721
49edf3aed46ff702,COph100/064/064_M_GA30_BW990_PA33_DG0_PF0_D1_S01_4__064_M_GA30_BW990_PA37_DG0_PF0_D1_S02_4,COph100/patient/064,COph100,xfeat_h,True,False,7.70289540400226,0.04361215238560961
88f386d541ec00b6,COph100/064/064_M_GA30_BW990_PA33_DG0_PF0_D1_S01_4__064_M_GA30_BW990_PA37_DG0_PF0_D1_S02_4,COph100/patient/064,COph100,xfeat_tps,True,False,,12.81720940851839
ceddebe098576bb6,COph100/064/064_M_GA30_BW990_PA33_DG0_PF0_D1_S01_4__064_M_GA30_BW990_PA40_DG0_PF0_D1_S03_6,COph100/patient/064,COph100,sift_h,True,True,0.0,7.052614929519966
f80557c2d2b8ff30,COph100/064/064_M_GA30_BW990_PA33_DG0_PF0_D1_S01_4__064_M_GA30_BW990_PA40_DG0_PF0_D1_S03_6,COph100/patient/064,COph100,sp_lg_h,True,False,1.5494444841956319,0.7685642369510705
2cbff4962cc98f93,COph100/064/064_M_GA30_BW990_PA33_DG0_PF0_D1_S01_4__064_M_GA30_BW990_PA40_DG0_PF0_D1_S03_6,COph100/patient/064,COph100,xfeat_h,True,False,3.6686652963345554,0.15258641486489116
6a6c261fb49def01,COph100/064/064_M_GA30_BW990_PA33_DG0_PF0_D1_S01_4__064_M_GA30_BW990_PA40_DG0_PF0_D1_S03_6,COph100/patient/064,COph100,xfeat_tps,True,False,,7.593738508298199
5822c753e769ad75,COph100/064/064_M_GA30_BW990_PA37_DG0_PF0_D1_S02_4__064_M_GA30_BW990_PA40_DG0_PF0_D1_S03_6,COph100/patient/064,COph100,sift_h,True,True,0.0,936684167.9423175
b012b219a11e474e,COph100/064/064_M_GA30_BW990_PA37_DG0_PF0_D1_S02_4__064_M_GA30_BW990_PA40_DG0_PF0_D1_S03_6,COph100/patient/064,COph100,sp_lg_h,True,False,9.966270999729367,0.024377739546369584
fe42a4944c4e9ca1,COph100/064/064_M_GA30_BW990_PA37_DG0_PF0_D1_S02_4__064_M_GA30_BW990_PA40_DG0_PF0_D1_S03_6,COph100/patient/064,COph100,xfeat_h,True,False,3.250807043442826,0.2099057958723676
cbf4a2be794874b3,COph100/064/064_M_GA30_BW990_PA37_DG0_PF0_D1_S02_4__064_M_GA30_BW990_PA40_DG0_PF0_D1_S03_6,COph100/patient/064,COph100,xfeat_tps,False,False,,5.709097861882278
f51d3707a93c4b45,COph100/065-1/065_M_GA27_BW950_PA32_DG0_PF0_D1_S01_8__065_M_GA27_BW950_PA34_DG0_PF0_D1_S02_7,COph100/patient/065,COph100,sift_h,True,True,0.0,146.23257011243894
a0a92d60502ef78c,COph100/065-1/065_M_GA27_BW950_PA32_DG0_PF0_D1_S01_8__065_M_GA27_BW950_PA34_DG0_PF0_D1_S02_7,COph100/patient/065,COph100,sp_lg_h,False,False,24.392421348422033,0.004327122801375808
090c4ff35eda2a9c,COph100/065-1/065_M_GA27_BW950_PA32_DG0_PF0_D1_S01_8__065_M_GA27_BW950_PA34_DG0_PF0_D1_S02_7,COph100/patient/065,COph100,xfeat_h,True,False,3.3198291423595414,0.20195732011270973
5e37c5e5a26a9299,COph100/065-1/065_M_GA27_BW950_PA32_DG0_PF0_D1_S01_8__065_M_GA27_BW950_PA34_DG0_PF0_D1_S02_7,COph100/patient/065,COph100,xfeat_tps,True,False,,5.6075160231298256
0c8857945b9d254b,COph100/065-1/065_M_GA27_BW950_PA32_DG0_PF0_D1_S01_8__065_M_GA27_BW950_PA36_DG0_PF0_D1_S03_4,COph100/patient/065,COph100,sift_h,True,True,0.0,295253521547646.7
3574c8fec9417466,COph100/065-1/065_M_GA27_BW950_PA32_DG0_PF0_D1_S01_8__065_M_GA27_BW950_PA36_DG0_PF0_D1_S03_4,COph100/patient/065,COph100,sp_lg_h,True,False,0.239567132895329,39.900755550593516
106931574c9c2c36,COph100/065-1/065_M_GA27_BW950_PA32_DG0_PF0_D1_S01_8__065_M_GA27_BW950_PA36_DG0_PF0_D1_S03_4,COph100/patient/065,COph100,xfeat_h,True,False,2.8078384564919667,0.3192742591592391
9aff7b134fdf927d,COph100/065-1/065_M_GA27_BW950_PA32_DG0_PF0_D1_S01_8__065_M_GA27_BW950_PA36_DG0_PF0_D1_S03_4,COph100/patient/065,COph100,xfeat_tps,True,False,,5.038750343034045
ca27b3d58cf420fd,COph100/065-1/065_M_GA27_BW950_PA34_DG0_PF0_D1_S02_7__065_M_GA27_BW950_PA36_DG0_PF0_D1_S03_4,COph100/patient/065,COph100,sift_h,True,True,0.0,5543755.0826602895
96e64b7f364c6d79,COph100/065-1/065_M_GA27_BW950_PA34_DG0_PF0_D1_S02_7__065_M_GA27_BW950_PA36_DG0_PF0_D1_S03_4,COph100/patient/065,COph100,sp_lg_h,True,False,7.759497092673975,0.04011089970797617
e2808d95c707ae92,COph100/065-1/065_M_GA27_BW950_PA34_DG0_PF0_D1_S02_7__065_M_GA27_BW950_PA36_DG0_PF0_D1_S03_4,COph100/patient/065,COph100,xfeat_h,True,False,7.793986946993269,0.03860839766652421
3413822c9750948a,COph100/065-1/065_M_GA27_BW950_PA34_DG0_PF0_D1_S02_7__065_M_GA27_BW950_PA36_DG0_PF0_D1_S03_4,COph100/patient/065,COph100,xfeat_tps,True,False,,5.139951343906069
8d88100eb043ad31,COph100/065/065_M_GA27_BW950_PA32_DG0_PF0_D1_S01_6__065_M_GA27_BW950_PA34_DG0_PF0_D1_S02_1,COph100/patient/065,COph100,sift_h,True,True,0.0,616766.0974932207
87e8eff1ca6d590d,COph100/065/065_M_GA27_BW950_PA32_DG0_PF0_D1_S01_6__065_M_GA27_BW950_PA34_DG0_PF0_D1_S02_1,COph100/patient/065,COph100,sp_lg_h,True,False,4.7088602213601085,0.09418272474750913
2d4add35b92d1d3b,COph100/065/065_M_GA27_BW950_PA32_DG0_PF0_D1_S01_6__065_M_GA27_BW950_PA34_DG0_PF0_D1_S02_1,COph100/patient/065,COph100,xfeat_h,True,False,3.897290261402512,0.13584839229354972
cf8a73413b41f01f,COph100/065/065_M_GA27_BW950_PA32_DG0_PF0_D1_S01_6__065_M_GA27_BW950_PA34_DG0_PF0_D1_S02_1,COph100/patient/065,COph100,xfeat_tps,True,False,,6.106520875762065
fa60e2b53578b4ab,COph100/065/065_M_GA27_BW950_PA32_DG0_PF0_D1_S01_6__065_M_GA27_BW950_PA36_DG0_PF0_D1_S03_1,COph100/patient/065,COph100,sift_h,True,True,0.0,7964.281426572266
742cd9c8ab70aa78,COph100/065/065_M_GA27_BW950_PA32_DG0_PF0_D1_S01_6__065_M_GA27_BW950_PA36_DG0_PF0_D1_S03_1,COph100/patient/065,COph100,sp_lg_h,True,False,10.466670113455578,0.020841525085982762
5b5b67278bde1b88,COph100/065/065_M_GA27_BW950_PA32_DG0_PF0_D1_S01_6__065_M_GA27_BW950_PA36_DG0_PF0_D1_S03_1,COph100/patient/065,COph100,xfeat_h,True,False,1.2091640680350662,1.3124746752241627
fdd0e4a463363396,COph100/065/065_M_GA27_BW950_PA32_DG0_PF0_D1_S01_6__065_M_GA27_BW950_PA36_DG0_PF0_D1_S03_1,COph100/patient/065,COph100,xfeat_tps,True,False,,11.202247920910388
9df4326d7712c5b2,COph100/065/065_M_GA27_BW950_PA34_DG0_PF0_D1_S02_1__065_M_GA27_BW950_PA36_DG0_PF0_D1_S03_1,COph100/patient/065,COph100,sift_h,True,False,0.8431003644961563,3.4666925586899744
582770fb193a91b8,COph100/065/065_M_GA27_BW950_PA34_DG0_PF0_D1_S02_1__065_M_GA27_BW950_PA36_DG0_PF0_D1_S03_1,COph100/patient/065,COph100,sp_lg_h,True,False,6.842471319188116,0.0584847433549146
5564d53cb1af0cb9,COph100/065/065_M_GA27_BW950_PA34_DG0_PF0_D1_S02_1__065_M_GA27_BW950_PA36_DG0_PF0_D1_S03_1,COph100/patient/065,COph100,xfeat_h,True,False,27.197699794891278,0.003802184841521058
3213ec1be8ecc846,COph100/065/065_M_GA27_BW950_PA34_DG0_PF0_D1_S02_1__065_M_GA27_BW950_PA36_DG0_PF0_D1_S03_1,COph100/patient/065,COph100,xfeat_tps,True,False,,5.039169927423921
58ed7b617a890c07,COph100/066-1/066_F_GA26_BW810_PA34_DG3_PF0_D1_S03_2__066_F_GA26_BW810_PA36_DG3_PF0_D1_S04_3,COph100/patient/066,COph100,sp_lg_h,False,False,12.467634354672635,0.016032829820619116
d16eb2cee2694a77,COph100/066-1/066_F_GA26_BW810_PA34_DG3_PF0_D1_S03_2__066_F_GA26_BW810_PA36_DG3_PF0_D1_S04_3,COph100/patient/066,COph100,xfeat_h,False,False,17.91120655143041,0.007920492937234071
411f2ce3a15f5447,COph100/066-1/066_F_GA26_BW810_PA34_DG3_PF0_D1_S03_2__066_F_GA26_BW810_PA36_DG3_PF0_D1_S04_3,COph100/patient/066,COph100,xfeat_tps,False,False,,14.53871832764457
7c63ad1e67527451,COph100/066-1/066_F_GA26_BW810_PA34_DG3_PF0_D1_S03_2__066_F_GA26_BW810_PA40_DG3_PF0_D1_S05_3,COph100/patient/066,COph100,sift_h,True,True,0.0,18802982.3504108
6c252de333035f8b,COph100/066-1/066_F_GA26_BW810_PA34_DG3_PF0_D1_S03_2__066_F_GA26_BW810_PA40_DG3_PF0_D1_S05_3,COph100/patient/066,COph100,sp_lg_h,True,False,5.300841152125217,0.08045430682340918
05895c9ccdf57666,COph100/066-1/066_F_GA26_BW810_PA34_DG3_PF0_D1_S03_2__066_F_GA26_BW810_PA40_DG3_PF0_D1_S05_3,COph100/patient/066,COph100,xfeat_h,False,False,9.510591072389895,0.026660541611151844
e464cf2d5ff8a9e4,COph100/066-1/066_F_GA26_BW810_PA34_DG3_PF0_D1_S03_2__066_F_GA26_BW810_PA40_DG3_PF0_D1_S05_3,COph100/patient/066,COph100,xfeat_tps,False,False,,9.450392341382322
92a8ea99cb5d05b9,COph100/066-1/066_F_GA26_BW810_PA34_DG3_PF0_D1_S03_2__066_F_GA26_BW810_PA42_DG3_PF0_D1_S06_1,COph100/patient/066,COph100,sift_h,True,True,0.0,7389.271276090497
f2aaee13ef994dee,COph100/066-1/066_F_GA26_BW810_PA34_DG3_PF0_D1_S03_2__066_F_GA26_BW810_PA42_DG3_PF0_D1_S06_1,COph100/patient/066,COph100,sp_lg_h,True,False,3.6736904870762586,0.1602503013266744
3778d78a1f87a677,COph100/066-1/066_F_GA26_BW810_PA34_DG3_PF0_D1_S03_2__066_F_GA26_BW810_PA42_DG3_PF0_D1_S06_1,COph100/patient/066,COph100,xfeat_h,True,False,2.718762308719968,0.30652548528962065
0afc14da90e8edfc,COph100/066-1/066_F_GA26_BW810_PA34_DG3_PF0_D1_S03_2__066_F_GA26_BW810_PA42_DG3_PF0_D1_S06_1,COph100/patient/066,COph100,xfeat_tps,True,False,,9.421138290155035
6f8a4ca623cde3ac,COph100/066-1/066_F_GA26_BW810_PA36_DG3_PF0_D1_S04_3__066_F_GA26_BW810_PA40_DG3_PF0_D1_S05_3,COph100/patient/066,COph100,sift_h,True,True,0.0,82316.64370766438
b2b7603c12bdeaf6,COph100/066-1/066_F_GA26_BW810_PA36_DG3_PF0_D1_S04_3__066_F_GA26_BW810_PA40_DG3_PF0_D1_S05_3,COph100/patient/066,COph100,sp_lg_h,False,False,14.045740183657289,0.01362347942419291
9a4eeef8a4d8054a,COph100/066-1/066_F_GA26_BW810_PA36_DG3_PF0_D1_S04_3__066_F_GA26_BW810_PA40_DG3_PF0_D1_S05_3,COph100/patient/066,COph100,xfeat_h,False,False,17.06833014245808,0.009328586102693787
f6274a83f9e13b8e,COph100/066-1/066_F_GA26_BW810_PA36_DG3_PF0_D1_S04_3__066_F_GA26_BW810_PA40_DG3_PF0_D1_S05_3,COph100/patient/066,COph100,xfeat_tps,False,False,,13.62777774465262
4a3bb00341e822ff,COph100/066-1/066_F_GA26_BW810_PA36_DG3_PF0_D1_S04_3__066_F_GA26_BW810_PA42_DG3_PF0_D1_S06_1,COph100/patient/066,COph100,sift_h,True,False,0.1094248506515282,215.34907862360774
8758cf24fc87336e,COph100/066-1/066_F_GA26_BW810_PA36_DG3_PF0_D1_S04_3__066_F_GA26_BW810_PA42_DG3_PF0_D1_S06_1,COph100/patient/066,COph100,sp_lg_h,False,False,9.534107203220243,0.02778027812245678
540274bdcdaf6a98,COph100/066-1/066_F_GA26_BW810_PA36_DG3_PF0_D1_S04_3__066_F_GA26_BW810_PA42_DG3_PF0_D1_S06_1,COph100/patient/066,COph100,xfeat_h,False,False,42.78583865398683,0.0015000740512337448
64ee5bad51dbe602,COph100/066-1/066_F_GA26_BW810_PA36_DG3_PF0_D1_S04_3__066_F_GA26_BW810_PA42_DG3_PF0_D1_S06_1,COph100/patient/066,COph100,xfeat_tps,False,False,,11.264048360518851
cde36f977be2fbe3,COph100/066-1/066_F_GA26_BW810_PA40_DG3_PF0_D1_S05_3__066_F_GA26_BW810_PA42_DG3_PF0_D1_S06_1,COph100/patient/066,COph100,sift_h,True,True,0.0,8688.203147080088
9962466ae2ed5d30,COph100/066-1/066_F_GA26_BW810_PA40_DG3_PF0_D1_S05_3__066_F_GA26_BW810_PA42_DG3_PF0_D1_S06_1,COph100/patient/066,COph100,sp_lg_h,False,False,62.808255929011644,0.0006951721611339362
27f6aaa9bdc32f36,COph100/066-1/066_F_GA26_BW810_PA40_DG3_PF0_D1_S05_3__066_F_GA26_BW810_PA42_DG3_PF0_D1_S06_1,COph100/patient/066,COph100,xfeat_h,False,False,18.53337586508444,0.007868549770186736
25baec3c05fd37f8,COph100/066-1/066_F_GA26_BW810_PA40_DG3_PF0_D1_S05_3__066_F_GA26_BW810_PA42_DG3_PF0_D1_S06_1,COph100/patient/066,COph100,xfeat_tps,False,False,,11.851689615263574
057aa134e9ce1822,COph100/066/066_F_GA26_BW810_PA31_DG1_PF0_D1_S01_5__066_F_GA26_BW810_PA32_DG2_PF0_D1_S02_15,COph100/patient/066,COph100,sp_lg_h,False,False,15.41853499835591,0.011214802020309724
a9794034eaeb8b3f,COph100/066/066_F_GA26_BW810_PA31_DG1_PF0_D1_S01_5__066_F_GA26_BW810_PA32_DG2_PF0_D1_S02_15,COph100/patient/066,COph100,xfeat_h,False,False,18.67155981994423,0.007712501332770044
689650f8e60cc521,COph100/066/066_F_GA26_BW810_PA31_DG1_PF0_D1_S01_5__066_F_GA26_BW810_PA32_DG2_PF0_D1_S02_15,COph100/patient/066,COph100,xfeat_tps,False,False,,11.575001448214259
c26d032c18525b98,COph100/066/066_F_GA26_BW810_PA31_DG1_PF0_D1_S01_5__066_F_GA26_BW810_PA34_DG3_PF0_D1_S03_4,COph100/patient/066,COph100,sift_h,True,False,0.5703949098360684,7.311358252520711
55a9d936ae8fc8c2,COph100/066/066_F_GA26_BW810_PA31_DG1_PF0_D1_S01_5__066_F_GA26_BW810_PA34_DG3_PF0_D1_S03_4,COph100/patient/066,COph100,sp_lg_h,False,False,51.02599710844269,0.0010385945179555585
441afb34df049bf5,COph100/066/066_F_GA26_BW810_PA31_DG1_PF0_D1_S01_5__066_F_GA26_BW810_PA34_DG3_PF0_D1_S03_4,COph100/patient/066,COph100,xfeat_h,False,False,7.349953363121298,0.045176671347558685
6128f943fb7abcc2,COph100/066/066_F_GA26_BW810_PA31_DG1_PF0_D1_S01_5__066_F_GA26_BW810_PA34_DG3_PF0_D1_S03_4,COph100/patient/066,COph100,xfeat_tps,False,False,,10.141997371325076
0350947c881f4354,COph100/066/066_F_GA26_BW810_PA31_DG1_PF0_D1_S01_5__066_F_GA26_BW810_PA36_DG3_PF0_D1_S04_7,COph100/patient/066,COph100,sift_h,True,True,0.0,0.03331634941475412
64cbab9225e339fb,COph100/066/066_F_GA26_BW810_PA31_DG1_PF0_D1_S01_5__066_F_GA26_BW810_PA36_DG3_PF0_D1_S04_7,COph100/patient/066,COph100,sp_lg_h,False,False,4.4876478459981275,0.10689907301578119
6f55ae4a9ea83d60,COph100/066/066_F_GA26_BW810_PA31_DG1_PF0_D1_S01_5__066_F_GA26_BW810_PA36_DG3_PF0_D1_S04_7,COph100/patient/066,COph100,xfeat_h,True,False,0.8975385857912902,2.5112551587275886
1f1d5623fd9f91bc,COph100/066/066_F_GA26_BW810_PA31_DG1_PF0_D1_S01_5__066_F_GA26_BW810_PA36_DG3_PF0_D1_S04_7,COph100/patient/066,COph100,xfeat_tps,True,False,,7.87207692846108
c801870b60af4d4c,COph100/066/066_F_GA26_BW810_PA31_DG1_PF0_D1_S01_5__066_F_GA26_BW810_PA40_DG3_PF0_D1_S05_9,COph100/patient/066,COph100,sift_h,True,True,0.0,28.080932099547685
24d6c7ca56141284,COph100/066/066_F_GA26_BW810_PA31_DG1_PF0_D1_S01_5__066_F_GA26_BW810_PA40_DG3_PF0_D1_S05_9,COph100/patient/066,COph100,sp_lg_h,False,False,9.216813416694459,0.025426699608527854
2a3b44171b4458b2,COph100/066/066_F_GA26_BW810_PA31_DG1_PF0_D1_S01_5__066_F_GA26_BW810_PA40_DG3_PF0_D1_S05_9,COph100/patient/066,COph100,xfeat_h,True,False,20.53062615490397,0.0064160444276139305
6804554d534951f3,COph100/066/066_F_GA26_BW810_PA31_DG1_PF0_D1_S01_5__066_F_GA26_BW810_PA40_DG3_PF0_D1_S05_9,COph100/patient/066,COph100,xfeat_tps,True,False,,4.854452845124397
17887d1a00a880d1,COph100/066/066_F_GA26_BW810_PA31_DG1_PF0_D1_S01_5__066_F_GA26_BW810_PA42_DG3_PF0_D1_S06_12,COph100/patient/066,COph100,sift_h,True,True,0.0,8907.935863758052
36d5cec60e852fd1,COph100/066/066_F_GA26_BW810_PA31_DG1_PF0_D1_S01_5__066_F_GA26_BW810_PA42_DG3_PF0_D1_S06_12,COph100/patient/066,COph100,sp_lg_h,True,False,2.8072821652385485,0.21200391478333835
6e64dbb22c332b9d,COph100/066/066_F_GA26_BW810_PA31_DG1_PF0_D1_S01_5__066_F_GA26_BW810_PA42_DG3_PF0_D1_S06_12,COph100/patient/066,COph100,xfeat_h,True,False,1.1676467406294324,1.5394834925018488
ef28ca335d32ce88,COph100/066/066_F_GA26_BW810_PA31_DG1_PF0_D1_S01_5__066_F_GA26_BW810_PA42_DG3_PF0_D1_S06_12,COph100/patient/066,COph100,xfeat_tps,True,False,,6.3421325183355926
534c23df8c4f94dc,COph100/066/066_F_GA26_BW810_PA32_DG2_PF0_D1_S02_15__066_F_GA26_BW810_PA34_DG3_PF0_D1_S03_4,COph100/patient/066,COph100,sift_h,True,False,0.5304498175057697,7.009696949555563
24fe0bc4ffebdd1b,COph100/066/066_F_GA26_BW810_PA32_DG2_PF0_D1_S02_15__066_F_GA26_BW810_PA34_DG3_PF0_D1_S03_4,COph100/patient/066,COph100,sp_lg_h,False,False,5.736438014163032,0.07530803911298885
c85cae173f202142,COph100/066/066_F_GA26_BW810_PA32_DG2_PF0_D1_S02_15__066_F_GA26_BW810_PA34_DG3_PF0_D1_S03_4,COph100/patient/066,COph100,xfeat_h,False,False,10.241659046131478,0.02471530195612137
44187754a2e58603,COph100/066/066_F_GA26_BW810_PA32_DG2_PF0_D1_S02_15__066_F_GA26_BW810_PA34_DG3_PF0_D1_S03_4,COph100/patient/066,COph100,xfeat_tps,False,False,,9.52853260643456
773c08aca62a7632,COph100/066/066_F_GA26_BW810_PA32_DG2_PF0_D1_S02_15__066_F_GA26_BW810_PA36_DG3_PF0_D1_S04_7,COph100/patient/066,COph100,sift_h,True,True,0.0,164.80219061735164
954846f5f0fb0e75,COph100/066/066_F_GA26_BW810_PA32_DG2_PF0_D1_S02_15__066_F_GA26_BW810_PA36_DG3_PF0_D1_S04_7,COph100/patient/066,COph100,sp_lg_h,False,False,5.611051835604615,0.0736807766920356
bfc5499fad21a8cc,COph100/066/066_F_GA26_BW810_PA32_DG2_PF0_D1_S02_15__066_F_GA26_BW810_PA36_DG3_PF0_D1_S04_7,COph100/patient/066,COph100,xfeat_h,True,False,3.5971220601512774,0.16723923968705
69ddfbcdbbb3fb95,COph100/066/066_F_GA26_BW810_PA32_DG2_PF0_D1_S02_15__066_F_GA26_BW810_PA36_DG3_PF0_D1_S04_7,COph100/patient/066,COph100,xfeat_tps,False,False,,9.339642039663538
2413dec40a15370b,COph100/066/066_F_GA26_BW810_PA32_DG2_PF0_D1_S02_15__066_F_GA26_BW810_PA40_DG3_PF0_D1_S05_9,COph100/patient/066,COph100,sift_h,True,True,0.0,6398.4403167539185
588a88be47fb0f81,COph100/066/066_F_GA26_BW810_PA32_DG2_PF0_D1_S02_15__066_F_GA26_BW810_PA40_DG3_PF0_D1_S05_9,COph100/patient/066,COph100,sp_lg_h,True,False,3.1828578264249554,0.1840615126942742
44518f688324fca5,COph100/066/066_F_GA26_BW810_PA32_DG2_PF0_D1_S02_15__066_F_GA26_BW810_PA40_DG3_PF0_D1_S05_9,COph100/patient/066,COph100,xfeat_h,True,False,3.769526384249341,0.14825481900948043
85e23001c5f2ef62,COph100/066/066_F_GA26_BW810_PA32_DG2_PF0_D1_S02_15__066_F_GA26_BW810_PA40_DG3_PF0_D1_S05_9,COph100/patient/066,COph100,xfeat_tps,False,False,,8.480002507351607
677b80f654dd9210,COph100/066/066_F_GA26_BW810_PA32_DG2_PF0_D1_S02_15__066_F_GA26_BW810_PA42_DG3_PF0_D1_S06_12,COph100/patient/066,COph100,sift_h,True,True,0.0,2625106.8079645224
619b5c06fdc03fe6,COph100/066/066_F_GA26_BW810_PA32_DG2_PF0_D1_S02_15__066_F_GA26_BW810_PA42_DG3_PF0_D1_S06_12,COph100/patient/066,COph100,sp_lg_h,False,False,5.286588710106665,0.07453207345235906
8065bab3f3636e1d,COph100/066/066_F_GA26_BW810_PA32_DG2_PF0_D1_S02_15__066_F_GA26_BW810_PA42_DG3_PF0_D1_S06_12,COph100/patient/066,COph100,xfeat_h,True,False,0.9973846309253797,2.0741849636091443
212bac5a716774b8,COph100/066/066_F_GA26_BW810_PA32_DG2_PF0_D1_S02_15__066_F_GA26_BW810_PA42_DG3_PF0_D1_S06_12,COph100/patient/066,COph100,xfeat_tps,True,False,,8.395217669406158
860d5ca5e3dde896,COph100/066/066_F_GA26_BW810_PA34_DG3_PF0_D1_S03_4__066_F_GA26_BW810_PA36_DG3_PF0_D1_S04_7,COph100/patient/066,COph100,sp_lg_h,False,False,7.46581306005671,0.0413799483870516
f5f5233ceb7961ce,COph100/066/066_F_GA26_BW810_PA34_DG3_PF0_D1_S03_4__066_F_GA26_BW810_PA36_DG3_PF0_D1_S04_7,COph100/patient/066,COph100,xfeat_h,True,False,4.875586451264638,0.08944994550082308
62ddcdf76814542c,COph100/066/066_F_GA26_BW810_PA34_DG3_PF0_D1_S03_4__066_F_GA26_BW810_PA36_DG3_PF0_D1_S04_7,COph100/patient/066,COph100,xfeat_tps,False,False,,8.546627192390076
e7d6977d8c729759,COph100/066/066_F_GA26_BW810_PA34_DG3_PF0_D1_S03_4__066_F_GA26_BW810_PA40_DG3_PF0_D1_S05_9,COph100/patient/066,COph100,sp_lg_h,False,False,16.41276782813162,0.008578407695608383
88996c668704a118,COph100/066/066_F_GA26_BW810_PA34_DG3_PF0_D1_S03_4__066_F_GA26_BW810_PA40_DG3_PF0_D1_S05_9,COph100/patient/066,COph100,xfeat_h,False,False,15.609115002554994,0.008975292246583869
fd681dc4f24c4fb8,COph100/066/066_F_GA26_BW810_PA34_DG3_PF0_D1_S03_4__066_F_GA26_BW810_PA40_DG3_PF0_D1_S05_9,COph100/patient/066,COph100,xfeat_tps,False,False,,8.917399238470704
d060b2b7e2cd68b1,COph100/066/066_F_GA26_BW810_PA34_DG3_PF0_D1_S03_4__066_F_GA26_BW810_PA42_DG3_PF0_D1_S06_12,COph100/patient/066,COph100,sp_lg_h,False,False,4.576016891966,0.10161700609017595
26644a04e0716e06,COph100/066/066_F_GA26_BW810_PA34_DG3_PF0_D1_S03_4__066_F_GA26_BW810_PA42_DG3_PF0_D1_S06_12,COph100/patient/066,COph100,xfeat_h,True,False,7.138633885995189,0.046875931984710906
16e08ce92124729e,COph100/066/066_F_GA26_BW810_PA34_DG3_PF0_D1_S03_4__066_F_GA26_BW810_PA42_DG3_PF0_D1_S06_12,COph100/patient/066,COph100,xfeat_tps,True,False,,9.974661298525984
e773f7be244d205a,COph100/066/066_F_GA26_BW810_PA36_DG3_PF0_D1_S04_7__066_F_GA26_BW810_PA40_DG3_PF0_D1_S05_9,COph100/patient/066,COph100,sift_h,True,True,0.0,9318904.30201281
f163b857fad1ea9c,COph100/066/066_F_GA26_BW810_PA36_DG3_PF0_D1_S04_7__066_F_GA26_BW810_PA40_DG3_PF0_D1_S05_9,COph100/patient/066,COph100,sp_lg_h,False,False,7.07457776745391,0.049896632867371365
bc9067fd656631a5,COph100/066/066_F_GA26_BW810_PA36_DG3_PF0_D1_S04_7__066_F_GA26_BW810_PA40_DG3_PF0_D1_S05_9,COph100/patient/066,COph100,xfeat_h,False,False,10.257823646198245,0.023803038322463207
d46af0677513c539,COph100/066/066_F_GA26_BW810_PA36_DG3_PF0_D1_S04_7__066_F_GA26_BW810_PA40_DG3_PF0_D1_S05_9,COph100/patient/066,COph100,xfeat_tps,False,False,,7.7542497756372075
1d5e8050c1e3f2dc,COph100/066/066_F_GA26_BW810_PA36_DG3_PF0_D1_S04_7__066_F_GA26_BW810_PA42_DG3_PF0_D1_S06_12,COph100/patient/066,COph100,sift_h,True,True,0.0,55835257.61722336
1a79f69a4539be08,COph100/066/066_F_GA26_BW810_PA36_DG3_PF0_D1_S04_7__066_F_GA26_BW810_PA42_DG3_PF0_D1_S06_12,COph100/patient/066,COph100,sp_lg_h,False,False,10.309377534602016,0.02323975127414463
046b21a40a767146,COph100/066/066_F_GA26_BW810_PA36_DG3_PF0_D1_S04_7__066_F_GA26_BW810_PA42_DG3_PF0_D1_S06_12,COph100/patient/066,COph100,xfeat_h,False,False,73.2483050402885,0.0004886018223722121
1aef94b35f3e06d0,COph100/066/066_F_GA26_BW810_PA36_DG3_PF0_D1_S04_7__066_F_GA26_BW810_PA42_DG3_PF0_D1_S06_12,COph100/patient/066,COph100,xfeat_tps,False,False,,10.193891736308963
0e5a27f04023dd6d,COph100/066/066_F_GA26_BW810_PA40_DG3_PF0_D1_S05_9__066_F_GA26_BW810_PA42_DG3_PF0_D1_S06_12,COph100/patient/066,COph100,sift_h,True,False,1.8238756153316666,0.6998377023810173
8aa00181c2ecc2a3,COph100/066/066_F_GA26_BW810_PA40_DG3_PF0_D1_S05_9__066_F_GA26_BW810_PA42_DG3_PF0_D1_S06_12,COph100/patient/066,COph100,sp_lg_h,False,False,20.31292227148359,0.006571487953130724
3e1c1f2d8cf893f2,COph100/066/066_F_GA26_BW810_PA40_DG3_PF0_D1_S05_9__066_F_GA26_BW810_PA42_DG3_PF0_D1_S06_12,COph100/patient/066,COph100,xfeat_h,False,False,18.126887800022608,0.008051643992671135
ac543c45cdbe515a,COph100/066/066_F_GA26_BW810_PA40_DG3_PF0_D1_S05_9__066_F_GA26_BW810_PA42_DG3_PF0_D1_S06_12,COph100/patient/066,COph100,xfeat_tps,False,False,,12.318395118166055
57522f2e2a10a990,COph100/067-1/067_F_GA32_BW2100_PA33_DG0_PF0_D1_S01_5__067_F_GA32_BW2100_PA40_DG0_PF0_D1_S02_8,COph100/patient/067,COph100,sp_lg_h,False,False,14.32445446012932,0.01105739528817044
fe2744d638e75e03,COph100/067-1/067_F_GA32_BW2100_PA33_DG0_PF0_D1_S01_5__067_F_GA32_BW2100_PA40_DG0_PF0_D1_S02_8,COph100/patient/067,COph100,xfeat_h,False,False,1.775758853588047,0.7072998507737074
d98e269cc8a310d5,COph100/067-1/067_F_GA32_BW2100_PA33_DG0_PF0_D1_S01_5__067_F_GA32_BW2100_PA40_DG0_PF0_D1_S02_8,COph100/patient/067,COph100,xfeat_tps,False,False,,5.372276789437233
ca4ea74d6d7579f8,COph100/067/067_F_GA32_BW2100_PA33_DG0_PF0_D1_S01_2__067_F_GA32_BW2100_PA40_DG0_PF0_D1_S02_11,COph100/patient/067,COph100,sift_h,True,True,0.0,5188.733578718957
222054212080f4be,COph100/067/067_F_GA32_BW2100_PA33_DG0_PF0_D1_S01_2__067_F_GA32_BW2100_PA40_DG0_PF0_D1_S02_11,COph100/patient/067,COph100,sp_lg_h,True,False,2.6569941437309272,0.27648382052250026
f008a3d0e69b8a75,COph100/067/067_F_GA32_BW2100_PA33_DG0_PF0_D1_S01_2__067_F_GA32_BW2100_PA40_DG0_PF0_D1_S02_11,COph100/patient/067,COph100,xfeat_h,True,False,2.540583371885854,0.29753322400116555
c85a22f702aadcba,COph100/067/067_F_GA32_BW2100_PA33_DG0_PF0_D1_S01_2__067_F_GA32_BW2100_PA40_DG0_PF0_D1_S02_11,COph100/patient/067,COph100,xfeat_tps,True,False,,11.524922514257716
4a37b49b57b2fd8c,COph100/068-1/068_M_GA35_BW2210_PA38_DG0_PF0_D1_S01_4__068_M_GA35_BW2210_PA42_DG0_PF0_D1_S02_4,COph100/patient/068,COph100,sift_h,True,False,2.297790813248894,0.3988410310452202
7a97dc18d8aa52bf,COph100/068-1/068_M_GA35_BW2210_PA38_DG0_PF0_D1_S01_4__068_M_GA35_BW2210_PA42_DG0_PF0_D1_S02_4,COph100/patient/068,COph100,sp_lg_h,False,False,3.4901317678672767,0.2045784336326653
455800c8f2a87be1,COph100/068-1/068_M_GA35_BW2210_PA38_DG0_PF0_D1_S01_4__068_M_GA35_BW2210_PA42_DG0_PF0_D1_S02_4,COph100/patient/068,COph100,xfeat_h,True,False,7.4250272963120265,0.047120613187113
255a144d8be72553,COph100/068-1/068_M_GA35_BW2210_PA38_DG0_PF0_D1_S01_4__068_M_GA35_BW2210_PA42_DG0_PF0_D1_S02_4,COph100/patient/068,COph100,xfeat_tps,True,False,,8.873636624187677
aeb8df1496527651,COph100/068/068_M_GA35_BW2210_PA38_DG0_PF0_D1_S01_1__068_M_GA35_BW2210_PA42_DG0_PF0_D1_S02_1,COph100/patient/068,COph100,sift_h,True,True,0.0,22263.971550718812
cb8a3fc35d8b56ab,COph100/068/068_M_GA35_BW2210_PA38_DG0_PF0_D1_S01_1__068_M_GA35_BW2210_PA42_DG0_PF0_D1_S02_1,COph100/patient/068,COph100,sp_lg_h,False,False,19.63957991133818,0.00674129975565934
61b2b9ee806b05a3,COph100/068/068_M_GA35_BW2210_PA38_DG0_PF0_D1_S01_1__068_M_GA35_BW2210_PA42_DG0_PF0_D1_S02_1,COph100/patient/068,COph100,xfeat_h,False,False,14.085930324636784,0.012770934292986653
cc8d569144a15120,COph100/068/068_M_GA35_BW2210_PA38_DG0_PF0_D1_S01_1__068_M_GA35_BW2210_PA42_DG0_PF0_D1_S02_1,COph100/patient/068,COph100,xfeat_tps,False,False,,8.171271295569486
4fccf0581dea4cc9,COph100/069-1/069_M_GA30_BW1100_PA32_DG1_PF0_D1_S01_6__069_M_GA30_BW1100_PA34_DG1_PF0_D1_S02_6,COph100/patient/069,COph100,sift_h,True,True,0.0,10059646.928906007
18b3416d7d86c537,COph100/069-1/069_M_GA30_BW1100_PA32_DG1_PF0_D1_S01_6__069_M_GA30_BW1100_PA34_DG1_PF0_D1_S02_6,COph100/patient/069,COph100,sp_lg_h,True,False,10.31007844677138,0.024406474813870434
54603425c851db2f,COph100/069-1/069_M_GA30_BW1100_PA32_DG1_PF0_D1_S01_6__069_M_GA30_BW1100_PA34_DG1_PF0_D1_S02_6,COph100/patient/069,COph100,xfeat_h,True,False,20.990338356658505,0.005967259268486946
d933d4c2e730e8e3,COph100/069-1/069_M_GA30_BW1100_PA32_DG1_PF0_D1_S01_6__069_M_GA30_BW1100_PA34_DG1_PF0_D1_S02_6,COph100/patient/069,COph100,xfeat_tps,True,False,,7.700196653236361
d5f678748f4e02bf,COph100/069-1/069_M_GA30_BW1100_PA32_DG1_PF0_D1_S01_6__069_M_GA30_BW1100_PA36_DG2_PF0_D1_S03_8,COph100/patient/069,COph100,sift_h,True,True,0.0,666415063066.3644
d613e8b6a8facb37,COph100/069-1/069_M_GA30_BW1100_PA32_DG1_PF0_D1_S01_6__069_M_GA30_BW1100_PA36_DG2_PF0_D1_S03_8,COph100/patient/069,COph100,sp_lg_h,True,False,4.33355242182268,0.11112601419295567
8a4ae8326e09f5ad,COph100/069-1/069_M_GA30_BW1100_PA32_DG1_PF0_D1_S01_6__069_M_GA30_BW1100_PA36_DG2_PF0_D1_S03_8,COph100/patient/069,COph100,xfeat_h,True,False,140.07462636586862,0.00014467802307445814
ceff67f6e9bfc49b,COph100/069-1/069_M_GA30_BW1100_PA32_DG1_PF0_D1_S01_6__069_M_GA30_BW1100_PA36_DG2_PF0_D1_S03_8,COph100/patient/069,COph100,xfeat_tps,True,False,,3.1577707072797443
9d843d214f034b68,COph100/069-1/069_M_GA30_BW1100_PA32_DG1_PF0_D1_S01_6__069_M_GA30_BW1100_PA43_DG9_PF0_D1_S04_4,COph100/patient/069,COph100,sift_h,True,True,0.0,478838.3028166831
eda4a4c4ff12f725,COph100/069-1/069_M_GA30_BW1100_PA32_DG1_PF0_D1_S01_6__069_M_GA30_BW1100_PA43_DG9_PF0_D1_S04_4,COph100/patient/069,COph100,sp_lg_h,True,False,8.097642666154576,0.029760804766661382
ed0c3d4ec14a0fb0,COph100/069-1/069_M_GA30_BW1100_PA32_DG1_PF0_D1_S01_6__069_M_GA30_BW1100_PA43_DG9_PF0_D1_S04_4,COph100/patient/069,COph100,xfeat_h,True,False,2.0556756307046893,0.3511912388708418
c2a0a88e56d68be9,COph100/069-1/069_M_GA30_BW1100_PA32_DG1_PF0_D1_S01_6__069_M_GA30_BW1100_PA43_DG9_PF0_D1_S04_4,COph100/patient/069,COph100,xfeat_tps,True,False,,5.616808370528865
bc1c88d9146e034e,COph100/069-1/069_M_GA30_BW1100_PA34_DG1_PF0_D1_S02_6__069_M_GA30_BW1100_PA36_DG2_PF0_D1_S03_8,COph100/patient/069,COph100,sp_lg_h,False,False,14.55936565735438,0.011494864343937488
8b61dd6de7ce9baa,COph100/069-1/069_M_GA30_BW1100_PA34_DG1_PF0_D1_S02_6__069_M_GA30_BW1100_PA36_DG2_PF0_D1_S03_8,COph100/patient/069,COph100,xfeat_h,True,False,4.62043912328403,0.10781879957947185
ea111369ca088715,COph100/069-1/069_M_GA30_BW1100_PA34_DG1_PF0_D1_S02_6__069_M_GA30_BW1100_PA36_DG2_PF0_D1_S03_8,COph100/patient/069,COph100,xfeat_tps,True,False,,7.965154818648855
046166ec2f273798,COph100/069-1/069_M_GA30_BW1100_PA34_DG1_PF0_D1_S02_6__069_M_GA30_BW1100_PA43_DG9_PF0_D1_S04_4,COph100/patient/069,COph100,sp_lg_h,True,False,3.314278424881442,0.17101051682597299
2d591440d3372509,COph100/069-1/069_M_GA30_BW1100_PA34_DG1_PF0_D1_S02_6__069_M_GA30_BW1100_PA43_DG9_PF0_D1_S04_4,COph100/patient/069,COph100,xfeat_h,True,False,1.9728571823425987,0.41546509173313495
3aed696e9878cc00,COph100/069-1/069_M_GA30_BW1100_PA34_DG1_PF0_D1_S02_6__069_M_GA30_BW1100_PA43_DG9_PF0_D1_S04_4,COph100/patient/069,COph100,xfeat_tps,True,False,,7.502745185738185
c4fe2fb6bb9c24cb,COph100/069-1/069_M_GA30_BW1100_PA36_DG2_PF0_D1_S03_8__069_M_GA30_BW1100_PA43_DG9_PF0_D1_S04_4,COph100/patient/069,COph100,sift_h,True,True,0.0,18967304172.109566
12e6f465d2949696,COph100/069-1/069_M_GA30_BW1100_PA36_DG2_PF0_D1_S03_8__069_M_GA30_BW1100_PA43_DG9_PF0_D1_S04_4,COph100/patient/069,COph100,sp_lg_h,False,False,5.633821624401455,0.06190025562282722
445f5c6bc01670a5,COph100/069-1/069_M_GA30_BW1100_PA36_DG2_PF0_D1_S03_8__069_M_GA30_BW1100_PA43_DG9_PF0_D1_S04_4,COph100/patient/069,COph100,xfeat_h,True,False,1.9653066428174082,0.44859462770882663
4196314cbb2db1da,COph100/069-1/069_M_GA30_BW1100_PA36_DG2_PF0_D1_S03_8__069_M_GA30_BW1100_PA43_DG9_PF0_D1_S04_4,COph100/patient/069,COph100,xfeat_tps,True,False,,4.530767300634607
01d172c05035a68f,COph100/069/069_M_GA30_BW1100_PA32_DG1_PF0_D1_S01_1__069_M_GA30_BW1100_PA34_DG1_PF0_D1_S02_2,COph100/patient/069,COph100,sift_h,True,True,0.0,13456.658367394892
e8f8d2585af5cd13,COph100/069/069_M_GA30_BW1100_PA32_DG1_PF0_D1_S01_1__069_M_GA30_BW1100_PA34_DG1_PF0_D1_S02_2,COph100/patient/069,COph100,sp_lg_h,False,False,35.780611374390574,0.0019965726275902517
f7a0971158f29fe4,COph100/069/069_M_GA30_BW1100_PA32_DG1_PF0_D1_S01_1__069_M_GA30_BW1100_PA34_DG1_PF0_D1_S02_2,COph100/patient/069,COph100,xfeat_h,False,False,14.427757046887445,0.011872401479447434
cdaa1e610feeb53a,COph100/069/069_M_GA30_BW1100_PA32_DG1_PF0_D1_S01_1__069_M_GA30_BW1100_PA34_DG1_PF0_D1_S02_2,COph100/patient/069,COph100,xfeat_tps,False,False,,10.850408665557055
124bbba982fbd2d8,COph100/069/069_M_GA30_BW1100_PA32_DG1_PF0_D1_S01_1__069_M_GA30_BW1100_PA36_DG2_PF0_D1_S03_1,COph100/patient/069,COph100,sift_h,True,True,0.0,211520155.74084318
0a8916f076cefe00,COph100/069/069_M_GA30_BW1100_PA32_DG1_PF0_D1_S01_1__069_M_GA30_BW1100_PA36_DG2_PF0_D1_S03_1,COph100/patient/069,COph100,sp_lg_h,True,False,7.557641082405056,0.04030704450144054
48a581d82cccfbed,COph100/069/069_M_GA30_BW1100_PA32_DG1_PF0_D1_S01_1__069_M_GA30_BW1100_PA36_DG2_PF0_D1_S03_1,COph100/patient/069,COph100,xfeat_h,True,False,10.803922900295658,0.02193074746529608
346c2fd3dfb62542,COph100/069/069_M_GA30_BW1100_PA32_DG1_PF0_D1_S01_1__069_M_GA30_BW1100_PA36_DG2_PF0_D1_S03_1,COph100/patient/069,COph100,xfeat_tps,True,False,,16.186518276317646
2a95705a0cf56a0f,COph100/069/069_M_GA30_BW1100_PA32_DG1_PF0_D1_S01_1__069_M_GA30_BW1100_PA43_DG9_PF0_D1_S04_1,COph100/patient/069,COph100,sift_h,True,True,0.0,505.24983360049754
d6baaf3d180dc20f,COph100/069/069_M_GA30_BW1100_PA32_DG1_PF0_D1_S01_1__069_M_GA30_BW1100_PA43_DG9_PF0_D1_S04_1,COph100/patient/069,COph100,sp_lg_h,True,False,4.039808750155282,0.12310840291481212
66c25b2df5c97819,COph100/069/069_M_GA30_BW1100_PA32_DG1_PF0_D1_S01_1__069_M_GA30_BW1100_PA43_DG9_PF0_D1_S04_1,COph100/patient/069,COph100,xfeat_h,True,False,1.3726644221074191,0.9229644435092954
b2a6a539832ea0fb,COph100/069/069_M_GA30_BW1100_PA32_DG1_PF0_D1_S01_1__069_M_GA30_BW1100_PA43_DG9_PF0_D1_S04_1,COph100/patient/069,COph100,xfeat_tps,True,False,,8.707146639364598
28a109e8c9a5307d,COph100/069/069_M_GA30_BW1100_PA34_DG1_PF0_D1_S02_2__069_M_GA30_BW1100_PA36_DG2_PF0_D1_S03_1,COph100/patient/069,COph100,sift_h,True,False,4.76741156559272,0.10202740470881516
2bc402bbf61117bb,COph100/069/069_M_GA30_BW1100_PA34_DG1_PF0_D1_S02_2__069_M_GA30_BW1100_PA36_DG2_PF0_D1_S03_1,COph100/patient/069,COph100,sp_lg_h,True,False,6.406214261298611,0.06281575582324844
b2da675ce0bb0563,COph100/069/069_M_GA30_BW1100_PA34_DG1_PF0_D1_S02_2__069_M_GA30_BW1100_PA36_DG2_PF0_D1_S03_1,COph100/patient/069,COph100,xfeat_h,True,False,4.979145227995076,0.10239726759579053
df6097a19f949bf2,COph100/069/069_M_GA30_BW1100_PA34_DG1_PF0_D1_S02_2__069_M_GA30_BW1100_PA36_DG2_PF0_D1_S03_1,COph100/patient/069,COph100,xfeat_tps,False,False,,12.193827033762737
6b0c8dd35354af2f,COph100/069/069_M_GA30_BW1100_PA34_DG1_PF0_D1_S02_2__069_M_GA30_BW1100_PA43_DG9_PF0_D1_S04_1,COph100/patient/069,COph100,sp_lg_h,False,False,5.647927134808599,0.06053925004887665
76b65c1425e0dd91,COph100/069/069_M_GA30_BW1100_PA34_DG1_PF0_D1_S02_2__069_M_GA30_BW1100_PA43_DG9_PF0_D1_S04_1,COph100/patient/069,COph100,xfeat_h,False,False,6.773261519122471,0.04487737268315209
3e262f5cefd32fd6,COph100/069/069_M_GA30_BW1100_PA34_DG1_PF0_D1_S02_2__069_M_GA30_BW1100_PA43_DG9_PF0_D1_S04_1,COph100/patient/069,COph100,xfeat_tps,False,False,,8.685561040008622
d147084935e50fc4,COph100/069/069_M_GA30_BW1100_PA36_DG2_PF0_D1_S03_1__069_M_GA30_BW1100_PA43_DG9_PF0_D1_S04_1,COph100/patient/069,COph100,sift_h,True,True,0.0,4683.174712018075
88f573b56963c055,COph100/069/069_M_GA30_BW1100_PA36_DG2_PF0_D1_S03_1__069_M_GA30_BW1100_PA43_DG9_PF0_D1_S04_1,COph100/patient/069,COph100,sp_lg_h,False,False,6.457949832705607,0.052661363557020946
c239a5ae819d564b,COph100/069/069_M_GA30_BW1100_PA36_DG2_PF0_D1_S03_1__069_M_GA30_BW1100_PA43_DG9_PF0_D1_S04_1,COph100/patient/069,COph100,xfeat_h,True,False,4.689799381427418,0.09651500367169152
3fa63a74f8f081f9,COph100/069/069_M_GA30_BW1100_PA36_DG2_PF0_D1_S03_1__069_M_GA30_BW1100_PA43_DG9_PF0_D1_S04_1,COph100/patient/069,COph100,xfeat_tps,False,False,,12.30032226371263
78e5e303f273e5ae,COph100/070-1/070_M_GA32_BW1830_PA33_DG0_PF0_D1_S01_3__070_M_GA32_BW1830_PA35_DG0_PF0_D1_S02_5,COph100/patient/070,COph100,sift_h,True,True,0.0,202.69599185511447
d0015de692e5618d,COph100/070-1/070_M_GA32_BW1830_PA33_DG0_PF0_D1_S01_3__070_M_GA32_BW1830_PA35_DG0_PF0_D1_S02_5,COph100/patient/070,COph100,sp_lg_h,False,False,7.7748334185369306,0.03963605992346084
041e5868d94f1158,COph100/070-1/070_M_GA32_BW1830_PA33_DG0_PF0_D1_S01_3__070_M_GA32_BW1830_PA35_DG0_PF0_D1_S02_5,COph100/patient/070,COph100,xfeat_h,False,False,34.93829637143145,0.0021243721021208337
e56587af9582b7e4,COph100/070-1/070_M_GA32_BW1830_PA33_DG0_PF0_D1_S01_3__070_M_GA32_BW1830_PA35_DG0_PF0_D1_S02_5,COph100/patient/070,COph100,xfeat_tps,False,False,,10.985578218320931
8e3e1f3c49ff4b8d,COph100/070-1/070_M_GA32_BW1830_PA33_DG0_PF0_D1_S01_3__070_M_GA32_BW1830_PA37_DG0_PF0_D1_S03_8,COph100/patient/070,COph100,sift_h,True,True,0.0,0.18769140664577966
f7f2707b86d6ab9c,COph100/070-1/070_M_GA32_BW1830_PA33_DG0_PF0_D1_S01_3__070_M_GA32_BW1830_PA37_DG0_PF0_D1_S03_8,COph100/patient/070,COph100,sp_lg_h,True,False,3.5838137991653958,0.1733007158067178
bea514e9c884c17a,COph100/070-1/070_M_GA32_BW1830_PA33_DG0_PF0_D1_S01_3__070_M_GA32_BW1830_PA37_DG0_PF0_D1_S03_8,COph100/patient/070,COph100,xfeat_h,False,False,3.592470343629756,0.17612470263486973
64788b087568562a,COph100/070-1/070_M_GA32_BW1830_PA33_DG0_PF0_D1_S01_3__070_M_GA32_BW1830_PA37_DG0_PF0_D1_S03_8,COph100/patient/070,COph100,xfeat_tps,False,False,,10.79263772276969
3b1a4de1396e90d3,COph100/070-1/070_M_GA32_BW1830_PA33_DG0_PF0_D1_S01_3__070_M_GA32_BW1830_PA40_DG0_PF0_D1_S04_7,COph100/patient/070,COph100,sp_lg_h,True,False,0.5859955339548211,5.544275474515917
fe2078f4390bcb92,COph100/070-1/070_M_GA32_BW1830_PA33_DG0_PF0_D1_S01_3__070_M_GA32_BW1830_PA40_DG0_PF0_D1_S04_7,COph100/patient/070,COph100,xfeat_h,True,False,1.3950162017362433,0.8814466236475941
97f64a8ab8913e31,COph100/070-1/070_M_GA32_BW1830_PA33_DG0_PF0_D1_S01_3__070_M_GA32_BW1830_PA40_DG0_PF0_D1_S04_7,COph100/patient/070,COph100,xfeat_tps,False,False,,4.382081840774779
75ec49c07aa704b6,COph100/070-1/070_M_GA32_BW1830_PA35_DG0_PF0_D1_S02_5__070_M_GA32_BW1830_PA37_DG0_PF0_D1_S03_8,COph100/patient/070,COph100,sift_h,True,True,0.0,165306.58961344545
effa4befd9a18112,COph100/070-1/070_M_GA32_BW1830_PA35_DG0_PF0_D1_S02_5__070_M_GA32_BW1830_PA37_DG0_PF0_D1_S03_8,COph100/patient/070,COph100,sp_lg_h,False,False,4.709769516153309,0.11599317009638807
408808b066c50eb3,COph100/070-1/070_M_GA32_BW1830_PA35_DG0_PF0_D1_S02_5__070_M_GA32_BW1830_PA37_DG0_PF0_D1_S03_8,COph100/patient/070,COph100,xfeat_h,False,False,6.791401344001108,0.05517980567996218
259dd4f306e868b6,COph100/070-1/070_M_GA32_BW1830_PA35_DG0_PF0_D1_S02_5__070_M_GA32_BW1830_PA37_DG0_PF0_D1_S03_8,COph100/patient/070,COph100,xfeat_tps,False,False,,9.339053739276608
e0ea4297be38112f,COph100/070-1/070_M_GA32_BW1830_PA35_DG0_PF0_D1_S02_5__070_M_GA32_BW1830_PA40_DG0_PF0_D1_S04_7,COph100/patient/070,COph100,sift_h,True,True,0.0,68286.62204119956
1831f5dc0a4490c4,COph100/070-1/070_M_GA32_BW1830_PA35_DG0_PF0_D1_S02_5__070_M_GA32_BW1830_PA40_DG0_PF0_D1_S04_7,COph100/patient/070,COph100,sp_lg_h,False,False,2.851994032064474,0.232022952079589
d19e4ffe5710a69a,COph100/070-1/070_M_GA32_BW1830_PA35_DG0_PF0_D1_S02_5__070_M_GA32_BW1830_PA40_DG0_PF0_D1_S04_7,COph100/patient/070,COph100,xfeat_h,True,False,21.525634388412932,0.00586491591035633
f72f223c2b5d89ed,COph100/070-1/070_M_GA32_BW1830_PA35_DG0_PF0_D1_S02_5__070_M_GA32_BW1830_PA40_DG0_PF0_D1_S04_7,COph100/patient/070,COph100,xfeat_tps,True,False,,4.2606043227131085
5ced9c62fef819b6,COph100/070-1/070_M_GA32_BW1830_PA37_DG0_PF0_D1_S03_8__070_M_GA32_BW1830_PA40_DG0_PF0_D1_S04_7,COph100/patient/070,COph100,sp_lg_h,False,False,14.763490670986902,0.012868855459746842
95fc7025c5bbbee4,COph100/070-1/070_M_GA32_BW1830_PA37_DG0_PF0_D1_S03_8__070_M_GA32_BW1830_PA40_DG0_PF0_D1_S04_7,COph100/patient/070,COph100,xfeat_h,False,False,4.132602142820093,0.1279804714716516
c06b94bb9c04a636,COph100/070-1/070_M_GA32_BW1830_PA37_DG0_PF0_D1_S03_8__070_M_GA32_BW1830_PA40_DG0_PF0_D1_S04_7,COph100/patient/070,COph100,xfeat_tps,False,False,,4.507105954139457
b19c4f90fe8fbf82,COph100/070/070_M_GA32_BW1830_PA33_DG0_PF0_D1_S01_1__070_M_GA32_BW1830_PA35_DG0_PF0_D1_S02_1,COph100/patient/070,COph100,sift_h,True,True,0.0,2388.395237412662
d41fc8d5a0553ff9,COph100/070/070_M_GA32_BW1830_PA33_DG0_PF0_D1_S01_1__070_M_GA32_BW1830_PA35_DG0_PF0_D1_S02_1,COph100/patient/070,COph100,sp_lg_h,False,False,12.972693206947984,0.014697292143992369
16f75d5da1fe8b50,COph100/070/070_M_GA32_BW1830_PA33_DG0_PF0_D1_S01_1__070_M_GA32_BW1830_PA35_DG0_PF0_D1_S02_1,COph100/patient/070,COph100,xfeat_h,False,False,6.339535485580432,0.06274369129834853
bee4bacd0e89712a,COph100/070/070_M_GA32_BW1830_PA33_DG0_PF0_D1_S01_1__070_M_GA32_BW1830_PA35_DG0_PF0_D1_S02_1,COph100/patient/070,COph100,xfeat_tps,False,False,,9.655069459764967
e9429f4527d792f8,COph100/070/070_M_GA32_BW1830_PA33_DG0_PF0_D1_S01_1__070_M_GA32_BW1830_PA37_DG0_PF0_D1_S03_3,COph100/patient/070,COph100,sift_h,True,True,0.0,250696167.0162927
0879d4e7b1138054,COph100/070/070_M_GA32_BW1830_PA33_DG0_PF0_D1_S01_1__070_M_GA32_BW1830_PA37_DG0_PF0_D1_S03_3,COph100/patient/070,COph100,xfeat_h,True,False,6.908467057922437,0.04870477399846532
3f7a677206fae333,COph100/070/070_M_GA32_BW1830_PA33_DG0_PF0_D1_S01_1__070_M_GA32_BW1830_PA37_DG0_PF0_D1_S03_3,COph100/patient/070,COph100,xfeat_tps,True,False,,6.125266615525626
5f3a5ddd8cf5a8e7,COph100/070/070_M_GA32_BW1830_PA33_DG0_PF0_D1_S01_1__070_M_GA32_BW1830_PA40_DG0_PF0_D1_S04_2,COph100/patient/070,COph100,sift_h,True,True,0.0,7.400442116892286e-07
90ec4d4ea59489f0,COph100/070/070_M_GA32_BW1830_PA33_DG0_PF0_D1_S01_1__070_M_GA32_BW1830_PA40_DG0_PF0_D1_S04_2,COph100/patient/070,COph100,sp_lg_h,True,False,1.8153094095933495,0.6825020640601707
c983227a56709669,COph100/070/070_M_GA32_BW1830_PA33_DG0_PF0_D1_S01_1__070_M_GA32_BW1830_PA40_DG0_PF0_D1_S04_2,COph100/patient/070,COph100,xfeat_h,True,False,2.0721809765782364,0.4500749018236862
26760bc502562d55,COph100/070/070_M_GA32_BW1830_PA33_DG0_PF0_D1_S01_1__070_M_GA32_BW1830_PA40_DG0_PF0_D1_S04_2,COph100/patient/070,COph100,xfeat_tps,True,False,,10.804249213803013
f746b91bf69bdaf2,COph100/070/070_M_GA32_BW1830_PA35_DG0_PF0_D1_S02_1__070_M_GA32_BW1830_PA37_DG0_PF0_D1_S03_3,COph100/patient/070,COph100,sift_h,True,True,0.0,5963.902778229509
a2b16a5b10cd82c2,COph100/070/070_M_GA32_BW1830_PA35_DG0_PF0_D1_S02_1__070_M_GA32_BW1830_PA37_DG0_PF0_D1_S03_3,COph100/patient/070,COph100,sp_lg_h,True,False,5.123054785013075,0.08009066942495802
10c2f8352745d9ea,COph100/070/070_M_GA32_BW1830_PA35_DG0_PF0_D1_S02_1__070_M_GA32_BW1830_PA37_DG0_PF0_D1_S03_3,COph100/patient/070,COph100,xfeat_h,False,False,6.096476660628657,0.06947300882433254
c4020040a688aa51,COph100/070/070_M_GA32_BW1830_PA35_DG0_PF0_D1_S02_1__070_M_GA32_BW1830_PA37_DG0_PF0_D1_S03_3,COph100/patient/070,COph100,xfeat_tps,True,False,,9.143812047555889
c82da48c941bc2cb,COph100/070/070_M_GA32_BW1830_PA35_DG0_PF0_D1_S02_1__070_M_GA32_BW1830_PA40_DG0_PF0_D1_S04_2,COph100/patient/070,COph100,sift_h,True,True,0.0,99824688.1322937
2aea896bba9c1253,COph100/070/070_M_GA32_BW1830_PA35_DG0_PF0_D1_S02_1__070_M_GA32_BW1830_PA40_DG0_PF0_D1_S04_2,COph100/patient/070,COph100,sp_lg_h,False,False,5.126480726247957,0.08969047232803848
44c3513a581e04df,COph100/070/070_M_GA32_BW1830_PA35_DG0_PF0_D1_S02_1__070_M_GA32_BW1830_PA40_DG0_PF0_D1_S04_2,COph100/patient/070,COph100,xfeat_h,True,False,14.352246803189555,0.013338395942695409
4781d5466cee46d6,COph100/070/070_M_GA32_BW1830_PA35_DG0_PF0_D1_S02_1__070_M_GA32_BW1830_PA40_DG0_PF0_D1_S04_2,COph100/patient/070,COph100,xfeat_tps,False,False,,11.181073731701865
77647cc32536b97e,COph100/070/070_M_GA32_BW1830_PA37_DG0_PF0_D1_S03_3__070_M_GA32_BW1830_PA40_DG0_PF0_D1_S04_2,COph100/patient/070,COph100,sift_h,True,True,0.0,3480.1914084992964
dfe41bb0d90ac91a,COph100/070/070_M_GA32_BW1830_PA37_DG0_PF0_D1_S03_3__070_M_GA32_BW1830_PA40_DG0_PF0_D1_S04_2,COph100/patient/070,COph100,sp_lg_h,False,False,8.304637445690185,0.037033764384483865
9cd95f58a4604851,COph100/070/070_M_GA32_BW1830_PA37_DG0_PF0_D1_S03_3__070_M_GA32_BW1830_PA40_DG0_PF0_D1_S04_2,COph100/patient/070,COph100,xfeat_h,False,False,46.01248030185994,0.0012729272046693775
7b066117ec5304d6,COph100/070/070_M_GA32_BW1830_PA37_DG0_PF0_D1_S03_3__070_M_GA32_BW1830_PA40_DG0_PF0_D1_S04_2,COph100/patient/070,COph100,xfeat_tps,False,False,,3.9617882991363915
da97f15a78abcf33,COph100/071-1/071_F_GA32_BW1660_PA33_DG0_PF0_D1_S01_7__071_F_GA32_BW1660_PA35_DG0_PF0_D1_S02_6,COph100/patient/071,COph100,sift_h,True,False,0.4473401005470437,6.506765297087538
3de467b1972a568e,COph100/071-1/071_F_GA32_BW1660_PA33_DG0_PF0_D1_S01_7__071_F_GA32_BW1660_PA35_DG0_PF0_D1_S02_6,COph100/patient/071,COph100,sp_lg_h,True,False,6.070115535098823,0.07483736260729656
1802bd477c80ba24,COph100/071-1/071_F_GA32_BW1660_PA33_DG0_PF0_D1_S01_7__071_F_GA32_BW1660_PA35_DG0_PF0_D1_S02_6,COph100/patient/071,COph100,xfeat_h,True,False,4.545271391620492,0.12622137964560237
c773b6b9fe888ee5,COph100/071-1/071_F_GA32_BW1660_PA33_DG0_PF0_D1_S01_7__071_F_GA32_BW1660_PA35_DG0_PF0_D1_S02_6,COph100/patient/071,COph100,xfeat_tps,False,False,,12.09513169879984
3a8673fa7abbe407,COph100/071-1/071_F_GA32_BW1660_PA33_DG0_PF0_D1_S01_7__071_F_GA32_BW1660_PA37_DG0_PF0_D1_S03_7,COph100/patient/071,COph100,sift_h,True,True,0.0,8780.121538438723
693a68cded836c33,COph100/071-1/071_F_GA32_BW1660_PA33_DG0_PF0_D1_S01_7__071_F_GA32_BW1660_PA37_DG0_PF0_D1_S03_7,COph100/patient/071,COph100,sp_lg_h,False,False,4.601493125472168,0.10729212920788078
db440c71ca4be2a2,COph100/071-1/071_F_GA32_BW1660_PA33_DG0_PF0_D1_S01_7__071_F_GA32_BW1660_PA37_DG0_PF0_D1_S03_7,COph100/patient/071,COph100,xfeat_h,True,False,3.036560090838274,0.235886208988222
6c046891184e343a,COph100/071-1/071_F_GA32_BW1660_PA33_DG0_PF0_D1_S01_7__071_F_GA32_BW1660_PA37_DG0_PF0_D1_S03_7,COph100/patient/071,COph100,xfeat_tps,True,False,,8.93050440763006
70e5fbb422b2652e,COph100/071-1/071_F_GA32_BW1660_PA33_DG0_PF0_D1_S01_7__071_F_GA32_BW1660_PA40_DG0_PF0_D1_S04_8,COph100/patient/071,COph100,sift_h,True,True,0.0,3.410519604908171
99130a14ad7cc772,COph100/071-1/071_F_GA32_BW1660_PA33_DG0_PF0_D1_S01_7__071_F_GA32_BW1660_PA40_DG0_PF0_D1_S04_8,COph100/patient/071,COph100,sp_lg_h,True,False,4.645191529527409,0.09285489896136384
7f97284285c4c537,COph100/071-1/071_F_GA32_BW1660_PA33_DG0_PF0_D1_S01_7__071_F_GA32_BW1660_PA40_DG0_PF0_D1_S04_8,COph100/patient/071,COph100,xfeat_h,True,False,6.250745312292544,0.05280986744539893
202d4872e8b00e0e,COph100/071-1/071_F_GA32_BW1660_PA33_DG0_PF0_D1_S01_7__071_F_GA32_BW1660_PA40_DG0_PF0_D1_S04_8,COph100/patient/071,COph100,xfeat_tps,True,False,,8.735502950563175
6ebee7c21242a06a,COph100/071-1/071_F_GA32_BW1660_PA35_DG0_PF0_D1_S02_6__071_F_GA32_BW1660_PA37_DG0_PF0_D1_S03_7,COph100/patient/071,COph100,sift_h,True,True,0.0,9322.905921059737
43fce122935a95c6,COph100/071-1/071_F_GA32_BW1660_PA35_DG0_PF0_D1_S02_6__071_F_GA32_BW1660_PA37_DG0_PF0_D1_S03_7,COph100/patient/071,COph100,sp_lg_h,False,False,11.91974590018906,0.01696487822949036
ab13fda20d12ad03,COph100/071-1/071_F_GA32_BW1660_PA35_DG0_PF0_D1_S02_6__071_F_GA32_BW1660_PA37_DG0_PF0_D1_S03_7,COph100/patient/071,COph100,xfeat_h,True,False,6.529728822665625,0.05541398607689312
fdb070d035b4df01,COph100/071-1/071_F_GA32_BW1660_PA35_DG0_PF0_D1_S02_6__071_F_GA32_BW1660_PA37_DG0_PF0_D1_S03_7,COph100/patient/071,COph100,xfeat_tps,False,False,,12.042603892191057
dd2d880a55f25b0e,COph100/071-1/071_F_GA32_BW1660_PA35_DG0_PF0_D1_S02_6__071_F_GA32_BW1660_PA40_DG0_PF0_D1_S04_8,COph100/patient/071,COph100,sp_lg_h,False,False,7.265359807751051,0.04057092817090616
0e958f81386cf87e,COph100/071-1/071_F_GA32_BW1660_PA35_DG0_PF0_D1_S02_6__071_F_GA32_BW1660_PA40_DG0_PF0_D1_S04_8,COph100/patient/071,COph100,xfeat_h,True,False,7.424400694848552,0.04281151612198227
fe7743515239ec84,COph100/071-1/071_F_GA32_BW1660_PA35_DG0_PF0_D1_S02_6__071_F_GA32_BW1660_PA40_DG0_PF0_D1_S04_8,COph100/patient/071,COph100,xfeat_tps,True,False,,9.69938082393449
7bef6088c5a1b6e4,COph100/071-1/071_F_GA32_BW1660_PA37_DG0_PF0_D1_S03_7__071_F_GA32_BW1660_PA40_DG0_PF0_D1_S04_8,COph100/patient/071,COph100,sift_h,True,True,0.0,59135.09280446638
39433a0af8a68f61,COph100/071-1/071_F_GA32_BW1660_PA37_DG0_PF0_D1_S03_7__071_F_GA32_BW1660_PA40_DG0_PF0_D1_S04_8,COph100/patient/071,COph100,sp_lg_h,False,False,9.6177792710827,0.027084551659150132
0b590830271bab0e,COph100/071-1/071_F_GA32_BW1660_PA37_DG0_PF0_D1_S03_7__071_F_GA32_BW1660_PA40_DG0_PF0_D1_S04_8,COph100/patient/071,COph100,xfeat_h,False,False,32.01082910008133,0.002661402919649106
3becc79bfe8ccda9,COph100/071-1/071_F_GA32_BW1660_PA37_DG0_PF0_D1_S03_7__071_F_GA32_BW1660_PA40_DG0_PF0_D1_S04_8,COph100/patient/071,COph100,xfeat_tps,False,False,,14.871392977975944
1916f2b022f6ba7f,COph100/071/071_F_GA32_BW1660_PA33_DG0_PF0_D1_S01_2__071_F_GA32_BW1660_PA35_DG0_PF0_D1_S02_2,COph100/patient/071,COph100,sift_h,True,True,0.0,15637964.543600954
5d685b737afcf55d,COph100/071/071_F_GA32_BW1660_PA33_DG0_PF0_D1_S01_2__071_F_GA32_BW1660_PA35_DG0_PF0_D1_S02_2,COph100/patient/071,COph100,sp_lg_h,False,False,13.657668230181566,0.013512038605037545
ac83b37a02854cef,COph100/071/071_F_GA32_BW1660_PA33_DG0_PF0_D1_S01_2__071_F_GA32_BW1660_PA35_DG0_PF0_D1_S02_2,COph100/patient/071,COph100,xfeat_h,False,False,22.807017451983754,0.005114926833139978
800bec28478ca407,COph100/071/071_F_GA32_BW1660_PA33_DG0_PF0_D1_S01_2__071_F_GA32_BW1660_PA35_DG0_PF0_D1_S02_2,COph100/patient/071,COph100,xfeat_tps,False,False,,12.52266995666638
20db5c264d4aee20,COph100/071/071_F_GA32_BW1660_PA33_DG0_PF0_D1_S01_2__071_F_GA32_BW1660_PA37_DG0_PF0_D1_S03_3,COph100/patient/071,COph100,sp_lg_h,True,False,3.4015295203511404,0.17754855263472757
a2824d2c2f06697e,COph100/071/071_F_GA32_BW1660_PA33_DG0_PF0_D1_S01_2__071_F_GA32_BW1660_PA37_DG0_PF0_D1_S03_3,COph100/patient/071,COph100,xfeat_h,True,False,5.029758661125153,0.09208542047525745
015591f1ee8970d8,COph100/071/071_F_GA32_BW1660_PA33_DG0_PF0_D1_S01_2__071_F_GA32_BW1660_PA37_DG0_PF0_D1_S03_3,COph100/patient/071,COph100,xfeat_tps,True,False,,7.75457885615412
a4cad0d3834e05fe,COph100/071/071_F_GA32_BW1660_PA33_DG0_PF0_D1_S01_2__071_F_GA32_BW1660_PA40_DG0_PF0_D1_S04_2,COph100/patient/071,COph100,sift_h,True,True,0.0,680979.5119596364
5fed757746da70c6,COph100/071/071_F_GA32_BW1660_PA33_DG0_PF0_D1_S01_2__071_F_GA32_BW1660_PA40_DG0_PF0_D1_S04_2,COph100/patient/071,COph100,sp_lg_h,True,False,0.6013937067487858,3.970009773875915
a149341e38d8b2bc,COph100/071/071_F_GA32_BW1660_PA33_DG0_PF0_D1_S01_2__071_F_GA32_BW1660_PA40_DG0_PF0_D1_S04_2,COph100/patient/071,COph100,xfeat_h,True,False,5.595671636079954,0.06980411499394802
2cac7302bf33e4e1,COph100/071/071_F_GA32_BW1660_PA33_DG0_PF0_D1_S01_2__071_F_GA32_BW1660_PA40_DG0_PF0_D1_S04_2,COph100/patient/071,COph100,xfeat_tps,True,False,,7.941230534994577
db47c1f2015541a3,COph100/071/071_F_GA32_BW1660_PA35_DG0_PF0_D1_S02_2__071_F_GA32_BW1660_PA37_DG0_PF0_D1_S03_3,COph100/patient/071,COph100,sp_lg_h,False,False,5.0367596413263565,0.08461724715123684
b834efd15bd1b4cd,COph100/071/071_F_GA32_BW1660_PA35_DG0_PF0_D1_S02_2__071_F_GA32_BW1660_PA37_DG0_PF0_D1_S03_3,COph100/patient/071,COph100,xfeat_h,True,False,2.5092355315694244,0.33776399328998236
d6c7d81bbc87c00a,COph100/071/071_F_GA32_BW1660_PA35_DG0_PF0_D1_S02_2__071_F_GA32_BW1660_PA37_DG0_PF0_D1_S03_3,COph100/patient/071,COph100,xfeat_tps,True,False,,3.9460326535006334
d2c6f2dd751a719d,COph100/071/071_F_GA32_BW1660_PA35_DG0_PF0_D1_S02_2__071_F_GA32_BW1660_PA40_DG0_PF0_D1_S04_2,COph100/patient/071,COph100,sift_h,True,False,0.13454318315868355,397.8759875084557
5216c4de807bda81,COph100/071/071_F_GA32_BW1660_PA35_DG0_PF0_D1_S02_2__071_F_GA32_BW1660_PA40_DG0_PF0_D1_S04_2,COph100/patient/071,COph100,sp_lg_h,False,False,4.257731919579608,0.12154529274880074
509575610915b908,COph100/071/071_F_GA32_BW1660_PA35_DG0_PF0_D1_S02_2__071_F_GA32_BW1660_PA40_DG0_PF0_D1_S04_2,COph100/patient/071,COph100,xfeat_h,True,False,4.662777958749176,0.11118123422336555
b27bcd3bd3f111a5,COph100/071/071_F_GA32_BW1660_PA35_DG0_PF0_D1_S02_2__071_F_GA32_BW1660_PA40_DG0_PF0_D1_S04_2,COph100/patient/071,COph100,xfeat_tps,True,False,,8.356726899319167
9397c93fb84dc962,COph100/071/071_F_GA32_BW1660_PA37_DG0_PF0_D1_S03_3__071_F_GA32_BW1660_PA40_DG0_PF0_D1_S04_2,COph100/patient/071,COph100,sift_h,True,False,7.931977831516511,0.04066500734483952
2ebdfa82a487945f,COph100/071/071_F_GA32_BW1660_PA37_DG0_PF0_D1_S03_3__071_F_GA32_BW1660_PA40_DG0_PF0_D1_S04_2,COph100/patient/071,COph100,sp_lg_h,False,False,8.236692997060436,0.03655062083920375
e61e314f1aaac815,COph100/071/071_F_GA32_BW1660_PA37_DG0_PF0_D1_S03_3__071_F_GA32_BW1660_PA40_DG0_PF0_D1_S04_2,COph100/patient/071,COph100,xfeat_h,False,False,11.177477267106447,0.02121855034511741
59c5ef6bb62407ce,COph100/071/071_F_GA32_BW1660_PA37_DG0_PF0_D1_S03_3__071_F_GA32_BW1660_PA40_DG0_PF0_D1_S04_2,COph100/patient/071,COph100,xfeat_tps,False,False,,11.073583985552958
5daa776bd9294f27,COph100/076-1/076_M_GA33_BW1470_PA35_DG0_PF0_D1_S01_10__076_M_GA33_BW1470_PA37_DG0_PF0_D1_S02_13,COph100/patient/076,COph100,sift_h,True,True,0.0,234.71413677668934
84eb3ecebe4b7ea2,COph100/076-1/076_M_GA33_BW1470_PA35_DG0_PF0_D1_S01_10__076_M_GA33_BW1470_PA37_DG0_PF0_D1_S02_13,COph100/patient/076,COph100,sp_lg_h,False,False,9.597381138111848,0.028860453713479724
ac0d06e66c7aeeb7,COph100/076-1/076_M_GA33_BW1470_PA35_DG0_PF0_D1_S01_10__076_M_GA33_BW1470_PA37_DG0_PF0_D1_S02_13,COph100/patient/076,COph100,xfeat_h,False,False,7.534396445508109,0.04518676412409407
18c976a8cfcc7668,COph100/076-1/076_M_GA33_BW1470_PA35_DG0_PF0_D1_S01_10__076_M_GA33_BW1470_PA37_DG0_PF0_D1_S02_13,COph100/patient/076,COph100,xfeat_tps,False,False,,11.146555427932418
795ae18c0cfa9aa0,COph100/076-1/076_M_GA33_BW1470_PA35_DG0_PF0_D1_S01_10__076_M_GA33_BW1470_PA40_DG0_PF0_D1_S03_3,COph100/patient/076,COph100,sift_h,True,True,0.0,23573.148212286414
66316fee7a1f257c,COph100/076-1/076_M_GA33_BW1470_PA35_DG0_PF0_D1_S01_10__076_M_GA33_BW1470_PA40_DG0_PF0_D1_S03_3,COph100/patient/076,COph100,sp_lg_h,True,False,3.4088983163034325,0.21994000098247113
acf6537b75667fe1,COph100/076-1/076_M_GA33_BW1470_PA35_DG0_PF0_D1_S01_10__076_M_GA33_BW1470_PA40_DG0_PF0_D1_S03_3,COph100/patient/076,COph100,xfeat_h,False,False,29.021509797533994,0.003360314285980007
214e2b7f9183bad9,COph100/076-1/076_M_GA33_BW1470_PA35_DG0_PF0_D1_S01_10__076_M_GA33_BW1470_PA40_DG0_PF0_D1_S03_3,COph100/patient/076,COph100,xfeat_tps,True,False,,9.143374280558806
e9493366d44719d3,COph100/076-1/076_M_GA33_BW1470_PA37_DG0_PF0_D1_S02_13__076_M_GA33_BW1470_PA40_DG0_PF0_D1_S03_3,COph100/patient/076,COph100,sp_lg_h,True,False,4.244615696084238,0.1469669810458606
ef1c149324053631,COph100/076-1/076_M_GA33_BW1470_PA37_DG0_PF0_D1_S02_13__076_M_GA33_BW1470_PA40_DG0_PF0_D1_S03_3,COph100/patient/076,COph100,xfeat_h,True,False,8.125713520097316,0.04008767255947175
16db35a8d8d8eb40,COph100/076-1/076_M_GA33_BW1470_PA37_DG0_PF0_D1_S02_13__076_M_GA33_BW1470_PA40_DG0_PF0_D1_S03_3,COph100/patient/076,COph100,xfeat_tps,True,False,,8.208955822128322
16199f563ed03073,COph100/076/076_M_GA33_BW1470_PA35_DG0_PF0_D1_S01_4__076_M_GA33_BW1470_PA37_DG0_PF0_D1_S02_2,COph100/patient/076,COph100,sift_h,True,True,0.0,621618.9477220557
48e761853a75c9c1,COph100/076/076_M_GA33_BW1470_PA35_DG0_PF0_D1_S01_4__076_M_GA33_BW1470_PA37_DG0_PF0_D1_S02_2,COph100/patient/076,COph100,sp_lg_h,True,False,8.411886690556718,0.03572022393083008
1b3cd2086c658626,COph100/076/076_M_GA33_BW1470_PA35_DG0_PF0_D1_S01_4__076_M_GA33_BW1470_PA37_DG0_PF0_D1_S02_2,COph100/patient/076,COph100,xfeat_h,True,False,10.04811675094451,0.024525449628520126
3fd01c939d43a045,COph100/076/076_M_GA33_BW1470_PA35_DG0_PF0_D1_S01_4__076_M_GA33_BW1470_PA37_DG0_PF0_D1_S02_2,COph100/patient/076,COph100,xfeat_tps,False,False,,9.207118841587608
07fe297ea0ebc127,COph100/076/076_M_GA33_BW1470_PA35_DG0_PF0_D1_S01_4__076_M_GA33_BW1470_PA40_DG0_PF0_D1_S03_8,COph100/patient/076,COph100,sift_h,True,False,19.718377990229968,0.007100441948811544
d7649bc0931ca274,COph100/076/076_M_GA33_BW1470_PA35_DG0_PF0_D1_S01_4__076_M_GA33_BW1470_PA40_DG0_PF0_D1_S03_8,COph100/patient/076,COph100,sp_lg_h,False,False,18.26968880606515,0.007512821272352193
b7ff132001fd766d,COph100/076/076_M_GA33_BW1470_PA35_DG0_PF0_D1_S01_4__076_M_GA33_BW1470_PA40_DG0_PF0_D1_S03_8,COph100/patient/076,COph100,xfeat_h,True,False,7.446996924118564,0.04415820963416434
35ee3b48cfe15409,COph100/076/076_M_GA33_BW1470_PA35_DG0_PF0_D1_S01_4__076_M_GA33_BW1470_PA40_DG0_PF0_D1_S03_8,COph100/patient/076,COph100,xfeat_tps,True,False,,14.935730145896514
50c7f9c8cf7427dd,COph100/076/076_M_GA33_BW1470_PA37_DG0_PF0_D1_S02_2__076_M_GA33_BW1470_PA40_DG0_PF0_D1_S03_8,COph100/patient/076,COph100,sift_h,True,True,0.0,13619.807150758736
622fce418b7b6614,COph100/076/076_M_GA33_BW1470_PA37_DG0_PF0_D1_S02_2__076_M_GA33_BW1470_PA40_DG0_PF0_D1_S03_8,COph100/patient/076,COph100,sp_lg_h,True,False,7.154341693230089,0.05191760743605235
f4affd919182e134,COph100/076/076_M_GA33_BW1470_PA37_DG0_PF0_D1_S02_2__076_M_GA33_BW1470_PA40_DG0_PF0_D1_S03_8,COph100/patient/076,COph100,xfeat_h,False,False,6.28590566506244,0.06601883541239975
4797adade6cfafd9,COph100/076/076_M_GA33_BW1470_PA37_DG0_PF0_D1_S02_2__076_M_GA33_BW1470_PA40_DG0_PF0_D1_S03_8,COph100/patient/076,COph100,xfeat_tps,False,False,,9.641934658688339
3795d8d2557db6fb,FIRE/A01,FIRE/image_component/cc0000,FIRE,sp_lg_h,False,False,80.6217725217255,0.00043228762642329583
6a316470134f5762,FIRE/A01,FIRE/image_component/cc0000,FIRE,xfeat_h,False,False,71.32344337635203,0.0005531373078270718
161df5fcef63a027,FIRE/A01,FIRE/image_component/cc0000,FIRE,xfeat_tps,False,False,,8.521336603006839
42a902c65db73bba,FIRE/A02,FIRE/image_component/cc0001,FIRE,sift_h,True,True,0.0,1.444940763043822
be645c6dd9572de1,FIRE/A02,FIRE/image_component/cc0001,FIRE,sp_lg_h,False,False,27.027346863818213,0.0037884518212664576
a3f200567d4ddb51,FIRE/A02,FIRE/image_component/cc0001,FIRE,xfeat_h,False,False,80.97337391808408,0.0004327996967881506
593a3fbf4071f5ef,FIRE/A02,FIRE/image_component/cc0001,FIRE,xfeat_tps,False,False,,6.98025688968724
03d0f3867b9a85ff,FIRE/A03,FIRE/image_component/cc0001,FIRE,sift_h,True,True,0.0,2914.2783542660236
5799e5c1043c5732,FIRE/A03,FIRE/image_component/cc0001,FIRE,sp_lg_h,False,False,25.594601351304114,0.004171696332086123
693a04123b36eab3,FIRE/A03,FIRE/image_component/cc0001,FIRE,xfeat_h,False,False,193.11749015669804,7.672406182586129e-05
6f6304945727d132,FIRE/A03,FIRE/image_component/cc0001,FIRE,xfeat_tps,False,False,,8.824621590444362
3bd51990dcab8b8d,FIRE/A04,FIRE/image_component/cc0001,FIRE,sp_lg_h,False,False,44.75449945042109,0.0014047534144923924
b4de273c9238ecb9,FIRE/A04,FIRE/image_component/cc0001,FIRE,xfeat_h,False,False,101.7787287285908,0.00027527703797118944
f5d77dee3f2dd4c1,FIRE/A04,FIRE/image_component/cc0001,FIRE,xfeat_tps,False,False,,8.93939865429421
452fcd5c97f34e1c,FIRE/A05,FIRE/image_component/cc0001,FIRE,sp_lg_h,False,False,23.35172666406818,0.004998227735592409
fbdca11e261b357b,FIRE/A05,FIRE/image_component/cc0001,FIRE,xfeat_h,False,False,11.89093576613891,0.018584071649152753
ce3a9b00f74482c5,FIRE/A05,FIRE/image_component/cc0001,FIRE,xfeat_tps,False,False,,8.356832783189196
bbf54e04619c3df6,FIRE/A06,FIRE/image_component/cc0001,FIRE,sp_lg_h,False,False,21.2498962036893,0.006009106784632774
8d50579e95e89169,FIRE/A06,FIRE/image_component/cc0001,FIRE,xfeat_h,False,False,84.69656588666092,0.00039527229534731486
35a66b9613f5596b,FIRE/A06,FIRE/image_component/cc0001,FIRE,xfeat_tps,False,False,,7.776642803355921
e30bf68024a8222b,FIRE/A07,FIRE/image_component/cc0002,FIRE,sift_h,True,False,0.720314538434172,6.1911748763731715
2cb59b10035ffa18,FIRE/A07,FIRE/image_component/cc0002,FIRE,sp_lg_h,False,False,30.63038036180261,0.0029948326680305447
c82b4ec35a6b6121,FIRE/A07,FIRE/image_component/cc0002,FIRE,xfeat_h,False,False,35.68056563799933,0.0022179294352856864
94139c6510d6b356,FIRE/A07,FIRE/image_component/cc0002,FIRE,xfeat_tps,False,False,,10.179236983379898
8404c6a9c538d26a,FIRE/A08,FIRE/image_component/cc0002,FIRE,sift_h,True,False,1000.6325044339442,2.8379366611604817e-06
1c288c939b34555c,FIRE/A08,FIRE/image_component/cc0002,FIRE,sp_lg_h,False,False,26.164613732284458,0.0042948947725342315
b0fd7a066f80f2af,FIRE/A08,FIRE/image_component/cc0002,FIRE,xfeat_h,True,False,17.514654294711733,0.00890082742942456
310fa832660cfe23,FIRE/A08,FIRE/image_component/cc0002,FIRE,xfeat_tps,True,False,,6.6069372248566385
4cffa0dbe1c253bf,FIRE/A09,FIRE/image_component/cc0002,FIRE,sift_h,True,False,0.7120347469945237,8.54817209774174
f5cbd58e721a642c,FIRE/A09,FIRE/image_component/cc0002,FIRE,sp_lg_h,False,False,16.88415709266356,0.00965662230941795
90df129fec31b546,FIRE/A09,FIRE/image_component/cc0002,FIRE,xfeat_h,False,False,38.78226842534648,0.0018780323871388982
7af074ba2479e997,FIRE/A09,FIRE/image_component/cc0002,FIRE,xfeat_tps,False,False,,10.171067071055061
0669c0f9e724db3b,FIRE/A10,FIRE/image_component/cc0003,FIRE,sift_h,True,False,0.0040073694131101565,1066.714136975529
de9d5bbc1fd5fadd,FIRE/A10,FIRE/image_component/cc0003,FIRE,sp_lg_h,False,False,54.74410189387608,0.0009251452488568564
affe7bd2f7dac7e7,FIRE/A10,FIRE/image_component/cc0003,FIRE,xfeat_h,False,False,55.25738911143383,0.0009071701118394162
3e365d434bb87544,FIRE/A10,FIRE/image_component/cc0003,FIRE,xfeat_tps,False,False,,9.74094158784742
f18ced4c137f2bec,FIRE/A11,FIRE/image_component/cc0003,FIRE,sift_h,True,True,0.0,828.9400919317301
59e344ddcd7b9966,FIRE/A11,FIRE/image_component/cc0003,FIRE,sp_lg_h,False,False,138.45669628196592,0.00014628778453933534
831da1bc5684b872,FIRE/A11,FIRE/image_component/cc0003,FIRE,xfeat_h,False,False,44.434366352944224,0.0013944982137683182
81757f50d4f1fc7e,FIRE/A11,FIRE/image_component/cc0003,FIRE,xfeat_tps,False,False,,9.10864507660736
960763675f1ec0de,FIRE/A12,FIRE/image_component/cc0003,FIRE,sift_h,True,False,33.43765992657675,0.002449706932622177
d5af3148301eb2e2,FIRE/A12,FIRE/image_component/cc0003,FIRE,sp_lg_h,False,False,115.84290807440541,0.00020875709569592287
4047643a8441cc9c,FIRE/A12,FIRE/image_component/cc0003,FIRE,xfeat_h,False,False,46.90405749647415,0.0012568792490824535
e88c59b873012dbc,FIRE/A12,FIRE/image_component/cc0003,FIRE,xfeat_tps,False,False,,9.834961667153696
ca16868d77588217,FIRE/A13,FIRE/image_component/cc0004,FIRE,sift_h,True,True,0.0,1680.040394472934
38c199364ca38d55,FIRE/A13,FIRE/image_component/cc0004,FIRE,sp_lg_h,False,False,29.789410272382707,0.0032012056367076444
a2f295199bcade0e,FIRE/A13,FIRE/image_component/cc0004,FIRE,xfeat_h,False,False,21.6567835581733,0.006023559421246348
992b1c6cc7520a40,FIRE/A13,FIRE/image_component/cc0004,FIRE,xfeat_tps,False,False,,9.273046911145752
d915d251aaadced7,FIRE/A14,FIRE/image_component/cc0004,FIRE,sift_h,True,False,37.76486068647481,0.001985394707867888
6be02134b5698557,FIRE/A14,FIRE/image_component/cc0004,FIRE,sp_lg_h,False,False,80.59872245346573,0.0004383680619211924
0fea645aa16811a4,FIRE/A14,FIRE/image_component/cc0004,FIRE,xfeat_h,False,False,29.736749387968256,0.0031341896042159445
9c4feeacf9619e78,FIRE/A14,FIRE/image_component/cc0004,FIRE,xfeat_tps,False,False,,7.994384707191747
4d9b0ec3500de3ad,FIRE/P01,FIRE/image_component/cc0005,FIRE,sp_lg_h,False,False,6.7904016265074905,0.05249421940269977
3360a51d37e19f2e,FIRE/P01,FIRE/image_component/cc0005,FIRE,xfeat_h,False,False,6.9255705331039925,0.050978398222347
bb8fe4f95b283c1a,FIRE/P01,FIRE/image_component/cc0005,FIRE,xfeat_tps,False,False,,4.768702836510812
4f76963fe05f6190,FIRE/P02,FIRE/image_component/cc0006,FIRE,sift_h,True,True,0.0,92.81075490712954
b6f30d1793a3c38b,FIRE/P02,FIRE/image_component/cc0006,FIRE,sp_lg_h,False,False,18.535493831689756,0.007751563113598052
dca5ca2c1d9a8e75,FIRE/P02,FIRE/image_component/cc0006,FIRE,xfeat_h,False,False,10.0544508437546,0.02563869364852571
b45fcfd930817e4e,FIRE/P02,FIRE/image_component/cc0006,FIRE,xfeat_tps,False,False,,4.886041519197107
10b381dbcea47dc7,FIRE/P03,FIRE/image_component/cc0007,FIRE,sift_h,True,False,6.5951406166793465,0.05818569673732032
980d4ddfedb6f0a5,FIRE/P03,FIRE/image_component/cc0007,FIRE,sp_lg_h,False,False,9.800576929605336,0.02655154784543439
029e997e254ee04f,FIRE/P03,FIRE/image_component/cc0007,FIRE,xfeat_h,False,False,7.892707665690565,0.040306426092954484
6c25fe66848c3540,FIRE/P03,FIRE/image_component/cc0007,FIRE,xfeat_tps,False,False,,4.075606237645371
f48137413caf13cd,FIRE/P04,FIRE/image_component/cc0008,FIRE,sift_h,True,False,10.261211040430796,0.025577850137230643
7459a1e07d11641a,FIRE/P04,FIRE/image_component/cc0008,FIRE,sp_lg_h,True,False,3.812441215861049,0.14563961538374137
502afad612988d9d,FIRE/P04,FIRE/image_component/cc0008,FIRE,xfeat_h,True,False,3.2318315449218487,0.2037291369488874
5417841bf1596b9b,FIRE/P04,FIRE/image_component/cc0008,FIRE,xfeat_tps,False,False,,3.1683185114354
2973e0ea73a0ec80,FIRE/P05,FIRE/image_component/cc0008,FIRE,sift_h,True,False,137.6181797969288,0.0001500907857814512
9ae693fce40b4d31,FIRE/P05,FIRE/image_component/cc0008,FIRE,sp_lg_h,True,False,3.5092038453158927,0.16859011286622433
96e23d430c45031a,FIRE/P05,FIRE/image_component/cc0008,FIRE,xfeat_h,True,False,2.273287319459553,0.35481856763022157
1effd33a7d3cdb4b,FIRE/P05,FIRE/image_component/cc0008,FIRE,xfeat_tps,False,False,,2.7248503512292026
83488dec1f30f6db,FIRE/P06,FIRE/image_component/cc0009,FIRE,sift_h,True,True,0.0,1259937532.491297
ecc6f49514b47092,FIRE/P06,FIRE/image_component/cc0009,FIRE,sp_lg_h,True,False,4.37087445556459,0.11745012907084111
892ab89129721dc1,FIRE/P06,FIRE/image_component/cc0009,FIRE,xfeat_h,False,False,7.0580023251873785,0.05003261900091275
e43ef9e00c8c2883,FIRE/P06,FIRE/image_component/cc0009,FIRE,xfeat_tps,False,False,,4.946078756260964
ad42977d5a31cdaf,FIRE/P07,FIRE/image_component/cc0009,FIRE,sift_h,True,True,0.0,61874361.62670156
8732c85bf97c05f8,FIRE/P07,FIRE/image_component/cc0009,FIRE,sp_lg_h,True,False,5.495017874293444,0.0784561242338225
163c7a5511c39c38,FIRE/P07,FIRE/image_component/cc0009,FIRE,xfeat_h,False,False,8.279925353257006,0.03752863359803434
418d2b7162dd747b,FIRE/P07,FIRE/image_component/cc0009,FIRE,xfeat_tps,False,False,,3.864575687110894
57f0337e3b236367,FIRE/P08,FIRE/image_component/cc0010,FIRE,sp_lg_h,True,False,3.2147578986733087,0.2094421781774496
f38b007084c2d1c8,FIRE/P08,FIRE/image_component/cc0010,FIRE,xfeat_h,True,False,6.354187837721912,0.05824915626766221
dcb0aa22729f68e2,FIRE/P08,FIRE/image_component/cc0010,FIRE,xfeat_tps,False,False,,2.5322392947612817
e06f1cb7c5373db4,FIRE/P09,FIRE/image_component/cc0010,FIRE,sift_h,True,False,5.10039779234582,0.09088123659085179
7d88a01802d2e346,FIRE/P09,FIRE/image_component/cc0010,FIRE,sp_lg_h,True,False,3.996261784059785,0.13640970173420658
a0f40b23c2dc162f,FIRE/P09,FIRE/image_component/cc0010,FIRE,xfeat_h,True,False,3.366752377341391,0.18672082997916783
b765a490fdea94e3,FIRE/P09,FIRE/image_component/cc0010,FIRE,xfeat_tps,True,False,,2.0286242908040037
f04b38f973749d50,FIRE/P10,FIRE/image_component/cc0011,FIRE,sift_h,True,False,65.18656148358994,0.0006581882706263557
5f2f3d6d3ca27cf2,FIRE/P10,FIRE/image_component/cc0011,FIRE,sp_lg_h,True,False,3.5622969033720517,0.17227515593779968
d0d284593fd63cc0,FIRE/P10,FIRE/image_component/cc0011,FIRE,xfeat_h,False,False,3.180437744669148,0.200721398118257
767f7a6e49ce7a56,FIRE/P10,FIRE/image_component/cc0011,FIRE,xfeat_tps,False,False,,2.5936331815486913
812320217de89969,FIRE/P11,FIRE/image_component/cc0011,FIRE,sift_h,True,True,0.0,20500290.250170767
16f12444cc8c05fe,FIRE/P11,FIRE/image_component/cc0011,FIRE,sp_lg_h,False,False,4.1590212681207435,0.12387911366884885
d93651d8a1ae3c61,FIRE/P11,FIRE/image_component/cc0011,FIRE,xfeat_h,True,False,4.265491835749847,0.12319009007796725
0827ae4a7172253e,FIRE/P11,FIRE/image_component/cc0011,FIRE,xfeat_tps,False,False,,2.683263259753412
0e86da6479faccc6,FIRE/P12,FIRE/image_component/cc0011,FIRE,sift_h,True,False,0.9599032998633572,1.9067631840568793
9182993390810f8a,FIRE/P12,FIRE/image_component/cc0011,FIRE,sp_lg_h,False,False,3.7805193006251687,0.14939913672801436
df078e49ad62d24e,FIRE/P12,FIRE/image_component/cc0011,FIRE,xfeat_h,True,False,3.457381264609472,0.1706305054800502
44b9ad457448138e,FIRE/P12,FIRE/image_component/cc0011,FIRE,xfeat_tps,False,False,,2.6784926859461797
cfc2dbc029d1426a,FIRE/P13,FIRE/image_component/cc0011,FIRE,sift_h,True,False,0.9433598558020326,2.3631550393729768
6d3b694cc6e56033,FIRE/P13,FIRE/image_component/cc0011,FIRE,sp_lg_h,False,False,3.2957897257967814,0.18789735587232909
8d67193ea004ced8,FIRE/P13,FIRE/image_component/cc0011,FIRE,xfeat_h,False,False,2.3726309256375893,0.3252805314009192
36b7e5c0aeeee60d,FIRE/P13,FIRE/image_component/cc0011,FIRE,xfeat_tps,False,False,,3.223138807014258
5bfe383b3c611399,FIRE/P14,FIRE/image_component/cc0011,FIRE,sift_h,True,True,0.0,37120554.35764087
f320572fa28398cf,FIRE/P14,FIRE/image_component/cc0011,FIRE,sp_lg_h,False,False,2.620056792146376,0.28518620818640716
b5538c726cd14dea,FIRE/P14,FIRE/image_component/cc0011,FIRE,xfeat_h,True,False,2.101213296183421,0.43353042605719583
3ebc70310abbf838,FIRE/P14,FIRE/image_component/cc0011,FIRE,xfeat_tps,False,False,,2.971511305547491
aca20bf0fee38da5,FIRE/P15,FIRE/image_component/cc0011,FIRE,sp_lg_h,True,False,2.2538566289284216,0.34443265625857056
5cf1051dc0a21c45,FIRE/P15,FIRE/image_component/cc0011,FIRE,xfeat_h,True,False,2.9832170236996913,0.21432949965476703
4b7c9d105fc2e79f,FIRE/P15,FIRE/image_component/cc0011,FIRE,xfeat_tps,False,False,,1.2484746401016953
ce427fa36fe1b6a5,FIRE/P16,FIRE/image_component/cc0012,FIRE,sift_h,True,False,0.11289480744005219,96.86401382944086
e0065cd404c996ca,FIRE/P16,FIRE/image_component/cc0012,FIRE,sp_lg_h,False,False,4.312986489383372,0.12374886843940254
54d845d83ec24464,FIRE/P16,FIRE/image_component/cc0012,FIRE,xfeat_h,False,False,3.230979267853001,0.1973408097356099
99e930dc7c950f3a,FIRE/P16,FIRE/image_component/cc0012,FIRE,xfeat_tps,True,False,,3.0436343176081877
0c97b267bb2bffb6,FIRE/P17,FIRE/image_component/cc0013,FIRE,sift_h,True,True,0.0,287348826.4293893
679037961f04e3a1,FIRE/P17,FIRE/image_component/cc0013,FIRE,sp_lg_h,True,False,6.302391170024946,0.06092934088063983
c4819805dfaf61a5,FIRE/P17,FIRE/image_component/cc0013,FIRE,xfeat_h,False,False,6.708455217712459,0.05618599448039577
a38ea788e8640c65,FIRE/P17,FIRE/image_component/cc0013,FIRE,xfeat_tps,False,False,,2.4107767198865604
d2a8cb7ea70b14c7,FIRE/P18,FIRE/image_component/cc0013,FIRE,sift_h,True,False,2.5088754987676025,0.32937633432975344
5a137673038f46cc,FIRE/P18,FIRE/image_component/cc0013,FIRE,sp_lg_h,True,False,4.972533929043226,0.09321944829229775
5db6459568585c84,FIRE/P18,FIRE/image_component/cc0013,FIRE,xfeat_h,True,False,7.513478919414231,0.04525880732673998
723d60c6d3f54d33,FIRE/P18,FIRE/image_component/cc0013,FIRE,xfeat_tps,False,False,,2.6511636218343533
dfb335ea384aed5d,FIRE/P19,FIRE/image_component/cc0014,FIRE,sift_h,True,True,0.0,301758791.4274511
84c90bcecefd0192,FIRE/P19,FIRE/image_component/cc0014,FIRE,sp_lg_h,False,False,10.793274722671182,0.022096434695401977
7bb9d82a7eb01490,FIRE/P19,FIRE/image_component/cc0014,FIRE,xfeat_h,False,False,10.803766532868925,0.021899556496499134
2e81efae1eabd2f4,FIRE/P19,FIRE/image_component/cc0014,FIRE,xfeat_tps,False,False,,6.502528061904423
967908a83b559376,FIRE/P20,FIRE/image_component/cc0015,FIRE,sift_h,True,True,0.0,77988348.01081114
3d8e0f12e2ad2a86,FIRE/P20,FIRE/image_component/cc0015,FIRE,sp_lg_h,False,False,6.684240214046258,0.055247520472379345
510f279a8bf34fb3,FIRE/P20,FIRE/image_component/cc0015,FIRE,xfeat_h,False,False,7.63962732288533,0.042777269577646215
21b014a38b5cd358,FIRE/P20,FIRE/image_component/cc0015,FIRE,xfeat_tps,False,False,,3.524417990275738
66df112faba0e98a,FIRE/P21,FIRE/image_component/cc0016,FIRE,sift_h,True,True,0.0,5002.121226058954
3e7d983087e4bd3b,FIRE/P21,FIRE/image_component/cc0016,FIRE,sp_lg_h,False,False,3.932525151801441,0.14346880900056241
0bc0920d62fabb91,FIRE/P21,FIRE/image_component/cc0016,FIRE,xfeat_h,False,False,10.171147821781528,0.024923679367869902
87fb8618f7e14668,FIRE/P21,FIRE/image_component/cc0016,FIRE,xfeat_tps,False,False,,3.995505621516303
90ff232b61fb5f2f,FIRE/P22,FIRE/image_component/cc0016,FIRE,sift_h,True,False,2.577471789755565,0.47050871916513703
56bbc210d45635d0,FIRE/P22,FIRE/image_component/cc0016,FIRE,sp_lg_h,False,False,3.895324000176306,0.14483550269144368
7ff47be5bc91ec8a,FIRE/P22,FIRE/image_component/cc0016,FIRE,xfeat_h,True,False,3.238668960530332,0.19969835446337403
641fa60b2fcc6deb,FIRE/P22,FIRE/image_component/cc0016,FIRE,xfeat_tps,False,False,,2.137375336058012
b891a6a163fc0fbd,FIRE/P23,FIRE/image_component/cc0017,FIRE,sift_h,True,False,0.9003277837857363,2.254206238038437
a25b47e665023793,FIRE/P23,FIRE/image_component/cc0017,FIRE,sp_lg_h,False,False,4.929615296951331,0.09498566274175874
332a9217523ab234,FIRE/P23,FIRE/image_component/cc0017,FIRE,xfeat_h,True,False,1.7319332221827592,0.5381876227693718
fa2c48ba846d084f,FIRE/P23,FIRE/image_component/cc0017,FIRE,xfeat_tps,False,False,,4.0097550975840175
8ec9a0b06a97652a,FIRE/P24,FIRE/image_component/cc0018,FIRE,sp_lg_h,False,False,6.682933484769418,0.056175867304145255
77ab263c9eef53ad,FIRE/P24,FIRE/image_component/cc0018,FIRE,xfeat_h,False,False,16.51678388849263,0.009864561203944605
664c9586928f221f,FIRE/P24,FIRE/image_component/cc0018,FIRE,xfeat_tps,False,False,,4.252368690888302
c56b0b0b83b1eaa8,FIRE/P25,FIRE/image_component/cc0019,FIRE,sp_lg_h,False,False,4.378154515447412,0.12255320248114605
aee9b007b212b297,FIRE/P25,FIRE/image_component/cc0019,FIRE,xfeat_h,False,False,7.006388586059063,0.05127783255985252
8f3c8948e5569f30,FIRE/P25,FIRE/image_component/cc0019,FIRE,xfeat_tps,False,False,,3.574568625726527
def5ac9deab0ba0f,FIRE/P26,FIRE/image_component/cc0020,FIRE,sift_h,True,True,0.0,32995.39153914684
72383a9be4f4daca,FIRE/P26,FIRE/image_component/cc0020,FIRE,sp_lg_h,True,False,11.628433770554063,0.02015245605515112
d83d7e33115fca09,FIRE/P26,FIRE/image_component/cc0020,FIRE,xfeat_h,True,False,4.99518511870728,0.08956912858952515
fcbac7d19937d659,FIRE/P26,FIRE/image_component/cc0020,FIRE,xfeat_tps,False,False,,3.282557160595393
c9cf17d0e56eb998,FIRE/P27,FIRE/image_component/cc0020,FIRE,sift_h,True,True,0.0,32995.39153914684
2d0594016f81f1be,FIRE/P27,FIRE/image_component/cc0020,FIRE,sp_lg_h,True,False,11.628433770554063,0.02015245605515112
6cc2b16eec3f5ef3,FIRE/P27,FIRE/image_component/cc0020,FIRE,xfeat_h,True,False,4.99518511870728,0.08956912858952515
0899a4e68a9171ac,FIRE/P27,FIRE/image_component/cc0020,FIRE,xfeat_tps,False,False,,3.282557160595393
abc4095ba498d9d1,FIRE/P28,FIRE/image_component/cc0021,FIRE,sift_h,True,False,0.13864269910130825,76.52362489331514
1d236d70f29a2757,FIRE/P28,FIRE/image_component/cc0021,FIRE,sp_lg_h,False,False,6.189058340118498,0.06278062430447748
0e18f321a1fef66d,FIRE/P28,FIRE/image_component/cc0021,FIRE,xfeat_h,False,False,6.366607083770389,0.05908688382852842
807ca35487560264,FIRE/P28,FIRE/image_component/cc0021,FIRE,xfeat_tps,False,False,,4.330828639708303
9f231f0b723c9e9c,FIRE/P29,FIRE/image_component/cc0022,FIRE,sift_h,True,False,33.145530199409045,0.0024860741904903184
4d6388f8c82c3426,FIRE/P29,FIRE/image_component/cc0022,FIRE,sp_lg_h,True,False,9.335939517038046,0.0303425212780602
cd8085588f7c18d0,FIRE/P29,FIRE/image_component/cc0022,FIRE,xfeat_h,True,False,5.466153956325639,0.07563079280956934
f3152361d671263f,FIRE/P29,FIRE/image_component/cc0022,FIRE,xfeat_tps,False,False,,2.7593044553195982
254d3aa6e7e2b680,FIRE/P30,FIRE/image_component/cc0023,FIRE,sift_h,True,True,0.0,21847012.876491256
d967087a0fa8fadb,FIRE/P30,FIRE/image_component/cc0023,FIRE,sp_lg_h,True,False,4.6788083105522205,0.10376234566853884
ac31a6e3c385e2bf,FIRE/P30,FIRE/image_component/cc0023,FIRE,xfeat_h,True,False,2.4551794861779497,0.3087262307958323
9b9e0d90a93663ba,FIRE/P30,FIRE/image_component/cc0023,FIRE,xfeat_tps,False,False,,2.6263335902322473
798961295fd842a7,FIRE/P31,FIRE/image_component/cc0023,FIRE,sift_h,True,False,0.028042565750014375,6450.560235822422
97288abc54d3ddf0,FIRE/P31,FIRE/image_component/cc0023,FIRE,sp_lg_h,False,False,2.5855878599681836,0.2800472960506913
c853b6df70e7f7b5,FIRE/P31,FIRE/image_component/cc0023,FIRE,xfeat_h,False,False,2.009097041306249,0.4174492462824403
fa30a27210eebc50,FIRE/P31,FIRE/image_component/cc0023,FIRE,xfeat_tps,False,False,,2.98743115006991
4265f1dbb8768018,FIRE/P32,FIRE/image_component/cc0024,FIRE,sift_h,True,False,54.7504015380455,0.0009397554642672651
b6024983001b143a,FIRE/P32,FIRE/image_component/cc0024,FIRE,sp_lg_h,False,False,19.502478996305463,0.007112409525864713
c92a9a07d48ae3f1,FIRE/P32,FIRE/image_component/cc0024,FIRE,xfeat_h,False,False,7.474448298476587,0.04503524052552531
9c7e325e9d0d919d,FIRE/P32,FIRE/image_component/cc0024,FIRE,xfeat_tps,False,False,,3.188456006386928
c2440bc8587cbf1c,FIRE/P33,FIRE/image_component/cc0025,FIRE,sift_h,True,True,0.0,1267674.7160371274
6bb4d02a4e3805a4,FIRE/P33,FIRE/image_component/cc0025,FIRE,sp_lg_h,True,False,6.612831059115216,0.055964463539858636
85723141ab2f1f68,FIRE/P33,FIRE/image_component/cc0025,FIRE,xfeat_h,False,False,10.69860083467773,0.022427729301627577
e7c0544d6772c7a1,FIRE/P33,FIRE/image_component/cc0025,FIRE,xfeat_tps,False,False,,4.700911927009842
5649ed4b1a20a0d4,FIRE/P34,FIRE/image_component/cc0026,FIRE,sift_h,True,False,19.186693997425795,0.007372183894116643
0641977d760d27b9,FIRE/P34,FIRE/image_component/cc0026,FIRE,sp_lg_h,True,False,4.6582498306617515,0.10703995863067098
2bd252cb589f6fda,FIRE/P34,FIRE/image_component/cc0026,FIRE,xfeat_h,True,False,4.152735895073776,0.13127471307259292
95c545dabf0b6549,FIRE/P34,FIRE/image_component/cc0026,FIRE,xfeat_tps,True,False,,2.1734121735326775
60e2e36977c5caff,FIRE/P35,FIRE/image_component/cc0027,FIRE,sp_lg_h,True,False,4.996027948959245,0.09077004366201842
ffdb9ccac09dfe62,FIRE/P35,FIRE/image_component/cc0027,FIRE,xfeat_h,True,False,8.39094276968419,0.034069459800054075
3e658005a3fd0f1f,FIRE/P35,FIRE/image_component/cc0027,FIRE,xfeat_tps,False,False,,2.8361361813563506
6b196a5159a197ec,FIRE/P36,FIRE/image_component/cc0028,FIRE,sift_h,True,True,0.0,467860.4427921681
67778d1400136be8,FIRE/P36,FIRE/image_component/cc0028,FIRE,sp_lg_h,True,False,5.088247449577177,0.09148425829110152
5334cce0f93742fb,FIRE/P36,FIRE/image_component/cc0028,FIRE,xfeat_h,False,False,2.99475072184868,0.2369700741950334
b11f732747b509ba,FIRE/P36,FIRE/image_component/cc0028,FIRE,xfeat_tps,False,False,,3.804331244576934
24629656469e3eb2,FIRE/P37,FIRE/image_component/cc0003,FIRE,sp_lg_h,True,False,16.08529842212632,0.010499861161711692
7b5b1a057bbc95c2,FIRE/P37,FIRE/image_component/cc0003,FIRE,xfeat_h,True,False,14.09929570251962,0.013241447290053627
fb72478d7bd91acc,FIRE/P37,FIRE/image_component/cc0003,FIRE,xfeat_tps,True,False,,6.425343933936382
7ebe3cfbe24fc8ae,FIRE/P38,FIRE/image_component/cc0029,FIRE,sift_h,True,False,35.994038024372436,0.002097830760284092
d7d5d1262cb0a9ba,FIRE/P38,FIRE/image_component/cc0029,FIRE,sp_lg_h,False,False,4.434408329909147,0.11240151939876811
ef476b136b571fca,FIRE/P38,FIRE/image_component/cc0029,FIRE,xfeat_h,False,False,14.96245068488021,0.011283453986824309
78ed406af4c54c5b,FIRE/P38,FIRE/image_component/cc0029,FIRE,xfeat_tps,False,False,,3.626951603467175
0759e4aadd0324ef,FIRE/P39,FIRE/image_component/cc0030,FIRE,sift_h,True,False,29.5922765256914,0.00315292220278112
63c1de24862bb527,FIRE/P39,FIRE/image_component/cc0030,FIRE,sp_lg_h,False,False,8.843558566447332,0.032653842429040326
3c23b55f1bd5f1b1,FIRE/P39,FIRE/image_component/cc0030,FIRE,xfeat_h,False,False,10.100889963837533,0.02577813826543038
1f34ef35fa5cfc9a,FIRE/P39,FIRE/image_component/cc0030,FIRE,xfeat_tps,False,False,,3.3982465148907677
4bed0bb16b647902,FIRE/P40,FIRE/image_component/cc0031,FIRE,sift_h,True,False,1.650944185579971,1.2268120923512194
257668b703b2a4ed,FIRE/P40,FIRE/image_component/cc0031,FIRE,sp_lg_h,False,False,13.138408274793239,0.015198728241337556
b05602b732cacb0b,FIRE/P40,FIRE/image_component/cc0031,FIRE,xfeat_h,True,False,11.942503906864937,0.01911774753482003
61defd55d66f6d06,FIRE/P40,FIRE/image_component/cc0031,FIRE,xfeat_tps,False,False,,4.143166794669188
02c6be1c531a6f26,FIRE/P41,FIRE/image_component/cc0031,FIRE,sp_lg_h,True,False,6.209896512114594,0.060459386821993935
861d2570c148a637,FIRE/P41,FIRE/image_component/cc0031,FIRE,xfeat_h,True,False,2.550653237506577,0.3206959506844202
17d10fdcf5f4bc92,FIRE/P41,FIRE/image_component/cc0031,FIRE,xfeat_tps,True,False,,3.648119024884731
3255cdb7ffef8945,FIRE/P42,FIRE/image_component/cc0031,FIRE,sift_h,True,True,0.0,3569351976.7039385
1fa4fa216794d57e,FIRE/P42,FIRE/image_component/cc0031,FIRE,sp_lg_h,True,False,3.8239214595168236,0.14736397028550213
e57124a2a72d1679,FIRE/P42,FIRE/image_component/cc0031,FIRE,xfeat_h,True,False,11.78313594790277,0.01882370302323352
867bc4ff2b12e5bc,FIRE/P42,FIRE/image_component/cc0031,FIRE,xfeat_tps,False,False,,3.1170865653352013
c8f75db4f6012b0e,FIRE/P43,FIRE/image_component/cc0031,FIRE,sp_lg_h,True,False,6.991673292391103,0.04828590537692101
df82dcef00443581,FIRE/P43,FIRE/image_component/cc0031,FIRE,xfeat_h,True,False,4.560259390192013,0.11230199452511418
f950b4d4386be62b,FIRE/P43,FIRE/image_component/cc0031,FIRE,xfeat_tps,False,False,,2.921453211232265
5ddb5399570eafbb,FIRE/P44,FIRE/image_component/cc0031,FIRE,sift_h,True,True,0.0,7.932799872987823
8104e008a7c96cd3,FIRE/P44,FIRE/image_component/cc0031,FIRE,sp_lg_h,True,False,4.755820474927947,0.10290787530119856
fde3d0b8da2f70a1,FIRE/P44,FIRE/image_component/cc0031,FIRE,xfeat_h,True,False,11.492199065802984,0.02045402399858636
2ecabffe0184bbb4,FIRE/P44,FIRE/image_component/cc0031,FIRE,xfeat_tps,False,False,,3.5310450636990565
469666844aee7c07,FIRE/P45,FIRE/image_component/cc0031,FIRE,sift_h,True,True,0.0,1121.955565027961
7ca91f3b69fd346d,FIRE/P45,FIRE/image_component/cc0031,FIRE,sp_lg_h,False,False,7.309084055216404,0.04763353909701265
e5cde1f3f3ff6664,FIRE/P45,FIRE/image_component/cc0031,FIRE,xfeat_h,True,False,8.58103635548969,0.03593226208142107
ca4314e84de2f176,FIRE/P45,FIRE/image_component/cc0031,FIRE,xfeat_tps,False,False,,4.497118624934842
912c7c7047cfe2d9,FIRE/P46,FIRE/image_component/cc0031,FIRE,sp_lg_h,True,False,6.066993012539901,0.06556845868786138
6c3cd0071d9a8503,FIRE/P46,FIRE/image_component/cc0031,FIRE,xfeat_h,False,False,13.58788049654582,0.015006709443153972
b4c1af9d17abbe4f,FIRE/P46,FIRE/image_component/cc0031,FIRE,xfeat_tps,False,False,,4.849782564963574
23f6d6e107976a71,FIRE/P47,FIRE/image_component/cc0031,FIRE,sift_h,True,False,38.874045509545184,0.0018551380177958406
64ef3452e9e4acf3,FIRE/P47,FIRE/image_component/cc0031,FIRE,sp_lg_h,False,False,6.78618115620211,0.05467117447556166
1739a21397e0530b,FIRE/P47,FIRE/image_component/cc0031,FIRE,xfeat_h,False,False,6.68152317957826,0.05789104113858871
690fbefe4674e088,FIRE/P47,FIRE/image_component/cc0031,FIRE,xfeat_tps,False,False,,4.745193181580257
556199f23500c582,FIRE/P48,FIRE/image_component/cc0031,FIRE,sift_h,True,True,0.0,68.42789464276541
88cd6d2b3bfa30fc,FIRE/P48,FIRE/image_component/cc0031,FIRE,sp_lg_h,True,False,16.60940320911147,0.009605875711234065
f7bed804c15cc85c,FIRE/P48,FIRE/image_component/cc0031,FIRE,xfeat_h,False,False,13.657672370962743,0.014611341914258037
a4f82179bd4d0e07,FIRE/P48,FIRE/image_component/cc0031,FIRE,xfeat_tps,True,False,,4.845378961812301
dc6364d56f5299ca,FIRE/P49,FIRE/image_component/cc0013,FIRE,sift_h,True,True,0.0,0.038960238695146164
e93521dedf365e2b,FIRE/P49,FIRE/image_component/cc0013,FIRE,sp_lg_h,True,False,15.699435912478119,0.010513288218467757
463a60bac5629c10,FIRE/P49,FIRE/image_component/cc0013,FIRE,xfeat_h,False,False,2.4984381639077315,0.32739671469564247
a45461b00f517956,FIRE/P49,FIRE/image_component/cc0013,FIRE,xfeat_tps,False,False,,3.7193171820236914
70648ac865e29790,FIRE/S01,FIRE/image_component/cc0032,FIRE,sift_h,True,False,242.97507895945625,4.820324026103182e-05
2e7bf226c8fd6eb7,FIRE/S01,FIRE/image_component/cc0032,FIRE,sp_lg_h,False,False,32.89270852708008,0.0025833291281848517
5b5d49d5d8b5ddef,FIRE/S01,FIRE/image_component/cc0032,FIRE,xfeat_h,False,False,24.75452175567167,0.004558882216231688
7e8c16c3c140f9a7,FIRE/S01,FIRE/image_component/cc0032,FIRE,xfeat_tps,False,False,,9.838811035654727
f0871728b2bfdcc2,FIRE/S02,FIRE/image_component/cc0032,FIRE,sift_h,True,False,23.99992683473237,0.004884716672148643
4838071b76848272,FIRE/S02,FIRE/image_component/cc0032,FIRE,sp_lg_h,False,False,56.89422788691888,0.0008979228286071811
0eea997d9ca6021c,FIRE/S02,FIRE/image_component/cc0032,FIRE,xfeat_h,False,False,15.701716001945298,0.01135441150766044
fb0f564e337c1f89,FIRE/S02,FIRE/image_component/cc0032,FIRE,xfeat_tps,False,False,,12.085279964891937
73427af38874600d,FIRE/S03,FIRE/image_component/cc0032,FIRE,sift_h,True,True,0.0,4622809.782769403
5391523b2561bf72,FIRE/S03,FIRE/image_component/cc0032,FIRE,sp_lg_h,False,False,16.08260004568388,0.010800429198764873
20a1cb2971ba7ddd,FIRE/S03,FIRE/image_component/cc0032,FIRE,xfeat_h,False,False,10.654671133752949,0.023915875760866134
978e8726ab6c7508,FIRE/S03,FIRE/image_component/cc0032,FIRE,xfeat_tps,False,False,,9.546492853935577
03f39e8d4e6da391,FIRE/S04,FIRE/image_component/cc0033,FIRE,sift_h,True,True,0.0,3.2273025108639275
905c0fc5c19e5f99,FIRE/S04,FIRE/image_component/cc0033,FIRE,sp_lg_h,False,False,28.764852372084764,0.003354883385585825
f25dc0406bb9abbd,FIRE/S04,FIRE/image_component/cc0033,FIRE,xfeat_h,False,False,22.49909640488126,0.005440406276636346
cf8d329d37b04a42,FIRE/S04,FIRE/image_component/cc0033,FIRE,xfeat_tps,False,False,,9.61208513220413
39d5c1be7bda3fdb,FIRE/S05,FIRE/image_component/cc0033,FIRE,sift_h,True,True,0.0,1289.7405150191614
8991063f4bcbfb3f,FIRE/S05,FIRE/image_component/cc0033,FIRE,sp_lg_h,False,False,43.3258271439673,0.0015028043679569127
6e41fd57564c6898,FIRE/S05,FIRE/image_component/cc0033,FIRE,xfeat_h,False,False,30.393039471198506,0.0030130241068533664
37e4cd789f75723e,FIRE/S05,FIRE/image_component/cc0033,FIRE,xfeat_tps,False,False,,9.725287214109766
cc31da9fc0be8378,FIRE/S06,FIRE/image_component/cc0033,FIRE,sift_h,True,True,0.0,243611867.79352185
a910512fb9ea319c,FIRE/S06,FIRE/image_component/cc0033,FIRE,sp_lg_h,False,False,74.04499822050086,0.0005149366956864004
3fe7a41745b09585,FIRE/S06,FIRE/image_component/cc0033,FIRE,xfeat_h,False,False,24.687130859579042,0.004582164195303784
4578d188bf6703e9,FIRE/S06,FIRE/image_component/cc0033,FIRE,xfeat_tps,False,False,,7.152071261569929
7645e344567a4b53,FIRE/S07,FIRE/image_component/cc0034,FIRE,sift_h,True,True,0.0,92583.98845083932
35ef5474f5512eb4,FIRE/S07,FIRE/image_component/cc0034,FIRE,sp_lg_h,False,False,90.19709777958683,0.00034986381146714896
adcd7366b09922e6,FIRE/S07,FIRE/image_component/cc0034,FIRE,xfeat_h,False,False,271.391738582992,3.886663961913738e-05
ffd128beb9a2f398,FIRE/S07,FIRE/image_component/cc0034,FIRE,xfeat_tps,False,False,,7.281732003840645
7c7cdd5aa1e5077c,FIRE/S08,FIRE/image_component/cc0034,FIRE,sift_h,True,True,0.0,348.0467283738711
6d2679f81e95efc2,FIRE/S08,FIRE/image_component/cc0034,FIRE,sp_lg_h,False,False,98.52363159568432,0.00028969896643050107
95109239e82c98a9,FIRE/S08,FIRE/image_component/cc0034,FIRE,xfeat_h,False,False,42.24342965556107,0.0015617987109429864
4ebf402db69b069c,FIRE/S08,FIRE/image_component/cc0034,FIRE,xfeat_tps,False,False,,8.85568213205306
ad6bfeecbba96041,FIRE/S09,FIRE/image_component/cc0034,FIRE,sift_h,True,False,2.124042583514305,0.5127740867493821
8eec0a650b018718,FIRE/S09,FIRE/image_component/cc0034,FIRE,sp_lg_h,False,False,126.62917446175547,0.00017602239597247997
f7dbcb812a94bf88,FIRE/S09,FIRE/image_component/cc0034,FIRE,xfeat_h,False,False,55.20500265143461,0.00091741185745811
272c1ffcd8bc056b,FIRE/S09,FIRE/image_component/cc0034,FIRE,xfeat_tps,False,False,,8.365425399063852
73d136b80c6d90cc,FIRE/S10,FIRE/image_component/cc0034,FIRE,sift_h,True,True,0.0,1173.1563403569653
c4605421cbdb4764,FIRE/S10,FIRE/image_component/cc0034,FIRE,sp_lg_h,False,False,108.57994955431178,0.00023387901585130626
3085f258bce6cfd0,FIRE/S10,FIRE/image_component/cc0034,FIRE,xfeat_h,False,False,34.01554748924132,0.002328607146850379
85a337b2277fb97e,FIRE/S10,FIRE/image_component/cc0034,FIRE,xfeat_tps,False,False,,9.080774468262298
bcaaa04ba58d662f,FIRE/S11,FIRE/image_component/cc0034,FIRE,sift_h,True,True,0.0,2043.2879833499946
ed757cdfbbdc60d7,FIRE/S11,FIRE/image_component/cc0034,FIRE,sp_lg_h,False,False,106.81858320906797,0.0002413565013871643
659c3bd3fcb63eed,FIRE/S11,FIRE/image_component/cc0034,FIRE,xfeat_h,False,False,144.2289539020899,0.0001316560671632273
dea4dd027a817583,FIRE/S11,FIRE/image_component/cc0034,FIRE,xfeat_tps,False,False,,9.639706541132824
126f9668c9cd74ad,FIRE/S12,FIRE/image_component/cc0034,FIRE,sift_h,True,True,0.0,23.014118073563324
2ca4d8991b7c099c,FIRE/S12,FIRE/image_component/cc0034,FIRE,sp_lg_h,False,False,60.241032822781115,0.0007818167935599652
e8aa67c1dc5f56b2,FIRE/S12,FIRE/image_component/cc0034,FIRE,xfeat_h,False,False,35.32744173867504,0.0022671332773753342
96d152d4e373e1da,FIRE/S12,FIRE/image_component/cc0034,FIRE,xfeat_tps,False,False,,8.21585742591802
44d0068162b5fcd8,FIRE/S13,FIRE/image_component/cc0034,FIRE,sift_h,True,True,0.0,385784.9690742228
34b9c028495aafe0,FIRE/S13,FIRE/image_component/cc0034,FIRE,sp_lg_h,False,False,99.37802317150704,0.00028207206977150896
67594a34d192bb39,FIRE/S13,FIRE/image_component/cc0034,FIRE,xfeat_h,False,False,32.46513357632294,0.002604339946513601
8bd0db407d54550a,FIRE/S13,FIRE/image_component/cc0034,FIRE,xfeat_tps,False,False,,7.4641510418874475
59c81dbdae328fe6,FIRE/S14,FIRE/image_component/cc0034,FIRE,sift_h,True,True,0.0,4051529.10338734
3086d2549e90909b,FIRE/S14,FIRE/image_component/cc0034,FIRE,sp_lg_h,False,False,52.65631501936924,0.0009942546850769478
87eddd9ce8308f02,FIRE/S14,FIRE/image_component/cc0034,FIRE,xfeat_h,False,False,84.5739088285423,0.00038926938998582855
5b872e896a4b7395,FIRE/S14,FIRE/image_component/cc0034,FIRE,xfeat_tps,False,False,,9.677629648157069
7466e19005042508,FIRE/S15,FIRE/image_component/cc0034,FIRE,sift_h,True,True,0.0,2.8676640622791347
dfc3e551e7db3a9d,FIRE/S15,FIRE/image_component/cc0034,FIRE,sp_lg_h,False,False,123.36438675036958,0.00018455437107570203
4ebeb45b9885058b,FIRE/S15,FIRE/image_component/cc0034,FIRE,xfeat_h,False,False,53.68389498753856,0.0009648661561229939
cc185f65374dac67,FIRE/S15,FIRE/image_component/cc0034,FIRE,xfeat_tps,False,False,,8.625323299955573
38a89bd769500366,FIRE/S16,FIRE/image_component/cc0034,FIRE,sift_h,True,True,0.0,11206002878.864822
5f7c364381117b3d,FIRE/S16,FIRE/image_component/cc0034,FIRE,sp_lg_h,False,False,163.94778514594057,0.00010464119611446003
ac7a40268a8e0b43,FIRE/S16,FIRE/image_component/cc0034,FIRE,xfeat_h,False,False,87.25870403803,0.0003678546699972466
60132219dbdb496c,FIRE/S16,FIRE/image_component/cc0034,FIRE,xfeat_tps,False,False,,8.603836831792592
9384c9e5365a41bc,FIRE/S17,FIRE/image_component/cc0034,FIRE,sift_h,True,True,0.0,2.6744880985772586
f5774b37d2945c8b,FIRE/S17,FIRE/image_component/cc0034,FIRE,sp_lg_h,False,False,319.8092174849981,2.684344754349929e-05
83da34f24cfd8014,FIRE/S17,FIRE/image_component/cc0034,FIRE,xfeat_h,False,False,129.9466523528272,0.00016179120659865178
edf4a1cdb9cf8b47,FIRE/S17,FIRE/image_component/cc0034,FIRE,xfeat_tps,False,False,,7.202217654687506
7e00bc6367cc0a52,FIRE/S18,FIRE/image_component/cc0034,FIRE,sift_h,True,False,4.790200142568509,0.10361955374585138
b5d71d36692120ce,FIRE/S18,FIRE/image_component/cc0034,FIRE,sp_lg_h,False,False,62.43322209924344,0.0006984371294900161
c4cb951a44a2b3e8,FIRE/S18,FIRE/image_component/cc0034,FIRE,xfeat_h,False,False,70.29410082343165,0.0005510914214251325
23fa976c252d3594,FIRE/S18,FIRE/image_component/cc0034,FIRE,xfeat_tps,False,False,,8.95442071923067
db938eec08222422,FIRE/S19,FIRE/image_component/cc0034,FIRE,sp_lg_h,False,False,48.25890853678209,0.001207295484252266
e00c7f487b674332,FIRE/S19,FIRE/image_component/cc0034,FIRE,xfeat_h,False,False,27.094345149301528,0.0037450935103277763
9bffcd865146c15f,FIRE/S19,FIRE/image_component/cc0034,FIRE,xfeat_tps,False,False,,8.894370606562887
5a422c113bb3db69,FIRE/S20,FIRE/image_component/cc0034,FIRE,sift_h,True,False,0.7964392225763102,2.7601877270623203
cf400e2abf651c74,FIRE/S20,FIRE/image_component/cc0034,FIRE,sp_lg_h,False,False,87.09153740213127,0.00036424533565066267
c9279d7b5e432e83,FIRE/S20,FIRE/image_component/cc0034,FIRE,xfeat_h,False,False,25.7968360034131,0.004024693657172686
26b871d3585378b2,FIRE/S20,FIRE/image_component/cc0034,FIRE,xfeat_tps,False,False,,9.188299931837095
ef7eaa9958f29ae2,FIRE/S21,FIRE/image_component/cc0034,FIRE,sp_lg_h,False,False,70.86094240989864,0.0005491532186241008
dcdcb6019ab69719,FIRE/S21,FIRE/image_component/cc0034,FIRE,xfeat_h,False,False,114.64325801357002,0.00021084788339230463
11798ef717ccc095,FIRE/S21,FIRE/image_component/cc0034,FIRE,xfeat_tps,False,False,,9.098143460346268
b0dbd5255cf72077,FIRE/S22,FIRE/image_component/cc0034,FIRE,sp_lg_h,False,False,119.33423534621465,0.0001993645711173106
15fae263cc5d176b,FIRE/S22,FIRE/image_component/cc0034,FIRE,xfeat_h,False,False,149.06752084787618,0.00012781310125418646
97c5f0944c39cdd5,FIRE/S22,FIRE/image_component/cc0034,FIRE,xfeat_tps,False,False,,4.92740101739988
09404e8bb76a94be,FIRE/S23,FIRE/image_component/cc0034,FIRE,sp_lg_h,False,False,78.37000425350239,0.00044763576129325797
5da13a85b13a74d8,FIRE/S23,FIRE/image_component/cc0034,FIRE,xfeat_h,False,False,50.90521005199973,0.001046935983573917
b6e46af78132a79e,FIRE/S23,FIRE/image_component/cc0034,FIRE,xfeat_tps,False,False,,6.998229903847662
bf389bfb24e77819,FIRE/S24,FIRE/image_component/cc0034,FIRE,sift_h,True,True,0.0,308308248.8916838
62b4f5209d0fb9a8,FIRE/S24,FIRE/image_component/cc0034,FIRE,sp_lg_h,False,False,36.39501245615757,0.0020492617217324686
43d27945a86d2619,FIRE/S24,FIRE/image_component/cc0034,FIRE,xfeat_h,False,False,32.11517861212938,0.0025967697008221612
1598587cb3157537,FIRE/S24,FIRE/image_component/cc0034,FIRE,xfeat_tps,False,False,,9.426188488538019
cd7aff1d55d43d22,FIRE/S25,FIRE/image_component/cc0034,FIRE,sp_lg_h,False,False,59.61126365947325,0.0008023865992265597
8d1f8794e5e1595b,FIRE/S25,FIRE/image_component/cc0034,FIRE,xfeat_h,False,False,800.977234598897,4.519873533058088e-06
767243f50fc2cc8c,FIRE/S25,FIRE/image_component/cc0034,FIRE,xfeat_tps,False,False,,10.416618854864048
1df2734d679b82f7,FIRE/S26,FIRE/image_component/cc0034,FIRE,sift_h,True,True,0.0,105.99090349951513
03f6c59b2da041cd,FIRE/S26,FIRE/image_component/cc0034,FIRE,sp_lg_h,False,False,53.2478419385936,0.0009748974243047559
f755d46e61b27415,FIRE/S26,FIRE/image_component/cc0034,FIRE,xfeat_h,False,False,33.235629441129,0.0025365845051208815
e7ed3bc241675a2f,FIRE/S26,FIRE/image_component/cc0034,FIRE,xfeat_tps,False,False,,7.575159996868643
23a85a08fdb9e9c0,FIRE/S27,FIRE/image_component/cc0034,FIRE,sift_h,True,True,0.0,94.53646682780081
59e518d16df03f51,FIRE/S27,FIRE/image_component/cc0034,FIRE,sp_lg_h,False,False,143.74789751004593,0.0001359570390648766
98cd32fdb0a3fb61,FIRE/S27,FIRE/image_component/cc0034,FIRE,xfeat_h,False,False,100.69140744380319,0.00027588446818053086
226b7119f37f5829,FIRE/S27,FIRE/image_component/cc0034,FIRE,xfeat_tps,False,False,,6.447908906954871
697db93a8fb9e55c,FIRE/S28,FIRE/image_component/cc0034,FIRE,sp_lg_h,False,False,46.70523897338888,0.0012539624803709058
4f64da607973203f,FIRE/S28,FIRE/image_component/cc0034,FIRE,xfeat_h,False,False,229.3549270985168,5.262045377277499e-05
c1bd14f4558a208d,FIRE/S28,FIRE/image_component/cc0034,FIRE,xfeat_tps,False,False,,10.09144325079884
982411e27e242cea,FIRE/S29,FIRE/image_component/cc0034,FIRE,sp_lg_h,False,False,209.29141160412402,6.333163378772111e-05
41260b378b5d35e2,FIRE/S29,FIRE/image_component/cc0034,FIRE,xfeat_h,False,False,35.60762936308052,0.0021329589317714095
d5cf6a18e3e9e6d9,FIRE/S29,FIRE/image_component/cc0034,FIRE,xfeat_tps,False,False,,8.320910210358107
743cd75e3157c482,FIRE/S30,FIRE/image_component/cc0034,FIRE,sp_lg_h,False,False,96.60762012386422,0.0003059986500283438
949f779a14cd739e,FIRE/S30,FIRE/image_component/cc0034,FIRE,xfeat_h,False,False,57.33815338389152,0.0008628568511552515
56b8403665681abc,FIRE/S30,FIRE/image_component/cc0034,FIRE,xfeat_tps,False,False,,9.5993726165437
bf0f7e1aadcbea1a,FIRE/S31,FIRE/image_component/cc0034,FIRE,sp_lg_h,False,False,205.34906718605004,6.662848080741598e-05
ea2cafc48eb7677c,FIRE/S31,FIRE/image_component/cc0034,FIRE,xfeat_h,False,False,78.66542583749016,0.0004475578134168095
b1313e76c52ec28a,FIRE/S31,FIRE/image_component/cc0034,FIRE,xfeat_tps,False,False,,6.814028164831545
b0ae600bbcad2cbe,FIRE/S32,FIRE/image_component/cc0034,FIRE,sp_lg_h,False,False,75.98806776107438,0.00048397975647675065
64d4cf9936b34810,FIRE/S32,FIRE/image_component/cc0034,FIRE,xfeat_h,False,False,45.26322084915869,0.0013486424423497405
2009632cf62c9236,FIRE/S32,FIRE/image_component/cc0034,FIRE,xfeat_tps,False,False,,8.655266345259626
2e3e507e83b2b0cd,FIRE/S33,FIRE/image_component/cc0034,FIRE,sp_lg_h,False,False,40.019824632940484,0.0017413818165996652
faa3c2ea49acf8bb,FIRE/S33,FIRE/image_component/cc0034,FIRE,xfeat_h,False,False,67.86375414843793,0.0006121416904101919
1294d25bbf9d39c8,FIRE/S33,FIRE/image_component/cc0034,FIRE,xfeat_tps,False,False,,8.205437819932005
808bc02d57dde170,FIRE/S34,FIRE/image_component/cc0034,FIRE,sift_h,True,True,0.0,29.80260249615374
3d897f44c0e1b90c,FIRE/S34,FIRE/image_component/cc0034,FIRE,sp_lg_h,False,False,147.28261217554396,0.00013596243354354557
628c3dad6f5d818a,FIRE/S34,FIRE/image_component/cc0034,FIRE,xfeat_h,False,False,31.249633793742827,0.0029167788376748592
e77bb1f7e00f64c7,FIRE/S34,FIRE/image_component/cc0034,FIRE,xfeat_tps,False,False,,7.816914347049378
0e5fa62c336a42a2,FIRE/S35,FIRE/image_component/cc0034,FIRE,sift_h,True,True,0.0,219423282.79006857
736ee1cf37a78457,FIRE/S35,FIRE/image_component/cc0034,FIRE,sp_lg_h,False,False,74.10321449780528,0.0005211421653978963
d4164095f358541c,FIRE/S35,FIRE/image_component/cc0034,FIRE,xfeat_h,False,False,103.73794955204977,0.00026692387196803637
e99bc8ba6cfbfbed,FIRE/S35,FIRE/image_component/cc0034,FIRE,xfeat_tps,False,False,,8.362169746637385
3f0a7b954b85f62d,FIRE/S36,FIRE/image_component/cc0034,FIRE,sift_h,True,True,0.0,336994235.0115674
f40ebe632a200aae,FIRE/S36,FIRE/image_component/cc0034,FIRE,sp_lg_h,False,False,75.96166790345659,0.0004981715403974977
e1eee3f9868098a7,FIRE/S36,FIRE/image_component/cc0034,FIRE,xfeat_h,False,False,67.15727174401965,0.0006336039387048558
7f3c7203c8049fda,FIRE/S36,FIRE/image_component/cc0034,FIRE,xfeat_tps,False,False,,6.9082475352976855
e8b903bc1a63bb8c,FIRE/S37,FIRE/image_component/cc0034,FIRE,sift_h,True,True,0.0,8532555.063761843
5c0d804233d33766,FIRE/S37,FIRE/image_component/cc0034,FIRE,sp_lg_h,False,False,87.80058511367484,0.00038012771183546255
056c7b00c02d6a0f,FIRE/S37,FIRE/image_component/cc0034,FIRE,xfeat_h,False,False,532.8530328724985,1.0425390449762877e-05
31a37b7aa29f0af7,FIRE/S37,FIRE/image_component/cc0034,FIRE,xfeat_tps,False,False,,6.642062845809541
f79c65943473c042,FIRE/S38,FIRE/image_component/cc0034,FIRE,sift_h,True,True,0.0,43288.678717400166
cc7c0c1cda16a482,FIRE/S38,FIRE/image_component/cc0034,FIRE,sp_lg_h,False,False,632.9116214850326,7.199957633201148e-06
50e9083e70906c1f,FIRE/S38,FIRE/image_component/cc0034,FIRE,xfeat_h,False,False,39.91988160083179,0.0017836550406223719
2c070b229e8b228a,FIRE/S38,FIRE/image_component/cc0034,FIRE,xfeat_tps,False,False,,6.229022529760907
1f757ff854583970,FIRE/S39,FIRE/image_component/cc0034,FIRE,sift_h,True,True,0.0,62290912.74136887
52cbfc4049134afc,FIRE/S39,FIRE/image_component/cc0034,FIRE,sp_lg_h,False,False,219.66093325393538,5.9679041731104435e-05
306b0aa59d153adf,FIRE/S39,FIRE/image_component/cc0034,FIRE,xfeat_h,False,False,111.29120673091965,0.0002319777082104259
f69a9ca52ec8935b,FIRE/S39,FIRE/image_component/cc0034,FIRE,xfeat_tps,False,False,,7.497911294633573
168cbefc1485e031,FIRE/S40,FIRE/image_component/cc0034,FIRE,sift_h,True,True,0.0,538860.1310340369
664f6bac0b2c8c09,FIRE/S40,FIRE/image_component/cc0034,FIRE,sp_lg_h,False,False,176.39574619591414,8.894062648433674e-05
76de5b30e2ee4718,FIRE/S40,FIRE/image_component/cc0034,FIRE,xfeat_h,False,False,42.10111707891449,0.001531478980632075
f6b71dcab5281708,FIRE/S40,FIRE/image_component/cc0034,FIRE,xfeat_tps,False,False,,8.29999135683167
7b7df3954844c985,FIRE/S41,FIRE/image_component/cc0034,FIRE,sift_h,True,True,0.0,134734030.36674714
5a9e33fcce16014e,FIRE/S41,FIRE/image_component/cc0034,FIRE,sp_lg_h,False,False,85.34103488917927,0.00037825399294461954
6f4c805407a9c88d,FIRE/S41,FIRE/image_component/cc0034,FIRE,xfeat_h,False,False,80.3438088005107,0.00042830190426354237
0ad299fcb5dc6afd,FIRE/S41,FIRE/image_component/cc0034,FIRE,xfeat_tps,False,False,,8.519127908546796
a931e56e9ba72b76,FIRE/S42,FIRE/image_component/cc0034,FIRE,sp_lg_h,False,False,91.16135856656719,0.00034045400926990485
d01a950a729d465d,FIRE/S42,FIRE/image_component/cc0034,FIRE,xfeat_h,False,False,245.53688873984223,4.700726593197858e-05
ae3c3a0c0b4ca9c1,FIRE/S42,FIRE/image_component/cc0034,FIRE,xfeat_tps,False,False,,8.81267099800865
9965f0a860a47362,FIRE/S43,FIRE/image_component/cc0035,FIRE,sift_h,True,False,4.229137800506603,0.12039892454815068
fe484b0193936d94,FIRE/S43,FIRE/image_component/cc0035,FIRE,sp_lg_h,False,False,41.91476841018541,0.001612736209515504
e21de42ee3190b4d,FIRE/S43,FIRE/image_component/cc0035,FIRE,xfeat_h,False,False,78.84831431100673,0.00045899525291434774
da767df75d3247e3,FIRE/S43,FIRE/image_component/cc0035,FIRE,xfeat_tps,False,False,,9.702522504499996
e3c344c636093710,FIRE/S44,FIRE/image_component/cc0035,FIRE,sp_lg_h,False,False,60.352818341078674,0.0007846789679300855
bc2be7c5ae8e2cfa,FIRE/S44,FIRE/image_component/cc0035,FIRE,xfeat_h,False,False,23.46082525546894,0.0050728824211528425
cb644e0d07b0580e,FIRE/S44,FIRE/image_component/cc0035,FIRE,xfeat_tps,False,False,,10.355620904195444
ad4dde4bd9ed12f7,FIRE/S45,FIRE/image_component/cc0035,FIRE,sift_h,True,False,8.4013816099609,0.03723322830016777
80f154cdf38b7df3,FIRE/S45,FIRE/image_component/cc0035,FIRE,sp_lg_h,False,False,59.8348487107178,0.0007900158757408028
ee83ddc60021e729,FIRE/S45,FIRE/image_component/cc0035,FIRE,xfeat_h,False,False,101.69533570474424,0.0002749950113442418
7b1723c9ee0947ba,FIRE/S45,FIRE/image_component/cc0035,FIRE,xfeat_tps,False,False,,8.300016910917787
a2510151bec54eb3,FIRE/S46,FIRE/image_component/cc0005,FIRE,sift_h,True,False,7.056015568356063,0.051057344350223785
eae25ee505ee863b,FIRE/S46,FIRE/image_component/cc0005,FIRE,sp_lg_h,False,False,48.7691783119444,0.0011732377109267985
e0d08a554848297d,FIRE/S46,FIRE/image_component/cc0005,FIRE,xfeat_h,False,False,41.98376272746926,0.0015766181886354555
2c633956d49938df,FIRE/S46,FIRE/image_component/cc0005,FIRE,xfeat_tps,False,False,,8.057604674465344
76246f8d2d76ddfe,FIRE/S47,FIRE/image_component/cc0036,FIRE,sift_h,True,True,0.0,1782.0845766957145
c9063b8f57ac1cfa,FIRE/S47,FIRE/image_component/cc0036,FIRE,sp_lg_h,False,False,46.642960472059755,0.0012816208651508006
b71533f26d3dbf23,FIRE/S47,FIRE/image_component/cc0036,FIRE,xfeat_h,False,False,66.39347953560491,0.0006400600657687094
df4722322084a60f,FIRE/S47,FIRE/image_component/cc0036,FIRE,xfeat_tps,False,False,,11.067137849649313
3e8b3b73e0dcc6f6,FIRE/S48,FIRE/image_component/cc0036,FIRE,sift_h,True,True,0.0,584.9520409439126
303d125e1d1e13a8,FIRE/S48,FIRE/image_component/cc0036,FIRE,sp_lg_h,False,False,92.33778258290661,0.00033164788934373924
ff76eb2dd46550e2,FIRE/S48,FIRE/image_component/cc0036,FIRE,xfeat_h,False,False,42.4756124586236,0.0015455059125415015
4e263963cd5ec9e2,FIRE/S48,FIRE/image_component/cc0036,FIRE,xfeat_tps,False,False,,8.631470235513767
5ea35bbcd123dd56,FIRE/S49,FIRE/image_component/cc0036,FIRE,sift_h,True,True,0.0,864.8125000327663
ce2dc2b12b27613e,FIRE/S49,FIRE/image_component/cc0036,FIRE,sp_lg_h,False,False,78.31790692594112,0.0004607199182952084
ebd0c83688c18cd3,FIRE/S49,FIRE/image_component/cc0036,FIRE,xfeat_h,False,False,88.05405203347634,0.0003636425665135793
c956ff5326591ed9,FIRE/S49,FIRE/image_component/cc0036,FIRE,xfeat_tps,False,False,,8.705335801276117
d26408409c13323f,FIRE/S50,FIRE/image_component/cc0036,FIRE,sift_h,True,True,0.0,1594421.0827184012
3bef3771a3bab934,FIRE/S50,FIRE/image_component/cc0036,FIRE,sp_lg_h,False,False,27.816737350730552,0.003582627589726134
e88e58ba96960cce,FIRE/S50,FIRE/image_component/cc0036,FIRE,xfeat_h,False,False,55.065442380021246,0.0009278853173392578
706f612448cbfb97,FIRE/S50,FIRE/image_component/cc0036,FIRE,xfeat_tps,False,False,,9.245156668406851
37975fc846f7db90,FIRE/S51,FIRE/image_component/cc0036,FIRE,sift_h,True,False,67.26175480996783,0.0006252997671418764
480dfcd3d1e7d3db,FIRE/S51,FIRE/image_component/cc0036,FIRE,sp_lg_h,False,False,57.76982923910466,0.0008462244151760396
7ad9c79927b433ce,FIRE/S51,FIRE/image_component/cc0036,FIRE,xfeat_h,False,False,54.81233243108797,0.0009421562862044612
2141e58ed896d890,FIRE/S51,FIRE/image_component/cc0036,FIRE,xfeat_tps,False,False,,10.873986229704512
ea7b8f4480145012,FIRE/S52,FIRE/image_component/cc0036,FIRE,sift_h,True,False,4.471308007081293,0.132808130144619
5b7df6b356a3bd88,FIRE/S52,FIRE/image_component/cc0036,FIRE,sp_lg_h,False,False,74.3345502193584,0.0005118792573564211
8c68048cda2b66c6,FIRE/S52,FIRE/image_component/cc0036,FIRE,xfeat_h,False,False,82.18694475350608,0.00041950330936118044
15cfb241afd343ac,FIRE/S52,FIRE/image_component/cc0036,FIRE,xfeat_tps,False,False,,9.76103681521448
0fc7d9c4f3289072,FIRE/S53,FIRE/image_component/cc0037,FIRE,sift_h,True,True,0.0,62231.41156860166
d545b3d7382f2b8c,FIRE/S53,FIRE/image_component/cc0037,FIRE,sp_lg_h,False,False,37.038221084652974,0.00199730263648924
22914704e83be019,FIRE/S53,FIRE/image_component/cc0037,FIRE,xfeat_h,False,False,54.05384360774508,0.0009444665645723996
d8688df8441d6159,FIRE/S53,FIRE/image_component/cc0037,FIRE,xfeat_tps,False,False,,9.24085256470303
2f4788759ff42db9,FIRE/S54,FIRE/image_component/cc0006,FIRE,sift_h,True,True,0.0,377.06321478185805
9e50eb8d9266eba1,FIRE/S54,FIRE/image_component/cc0006,FIRE,sp_lg_h,False,False,59.83022866727881,0.0007623877448516482
aa28dc39750021b8,FIRE/S54,FIRE/image_component/cc0006,FIRE,xfeat_h,False,False,35.44825885577372,0.00217606784793776
e3983c7a1fc21a8e,FIRE/S54,FIRE/image_component/cc0006,FIRE,xfeat_tps,False,False,,9.618606808361486
28897e12379b37f6,FIRE/S55,FIRE/image_component/cc0010,FIRE,sift_h,False,False,50.892916119387905,0.0010776326176865358
dff15ea1e65f0ee1,FIRE/S55,FIRE/image_component/cc0010,FIRE,sp_lg_h,False,False,41.16834764062819,0.0016400508075819717
7af0625e16d6d4ff,FIRE/S55,FIRE/image_component/cc0010,FIRE,xfeat_h,False,False,45.357166342659866,0.0013573051236846012
2179ffe90bf3ef2c,FIRE/S55,FIRE/image_component/cc0010,FIRE,xfeat_tps,False,False,,9.783175484664987
baa1a58a22fa8666,FIRE/S56,FIRE/image_component/cc0010,FIRE,sift_h,True,False,262.8160834134573,4.134487908110827e-05
4f1fceca0cb26756,FIRE/S56,FIRE/image_component/cc0010,FIRE,sp_lg_h,False,False,113.42310089044973,0.00021872027981996358
c7b316f87a4a4a99,FIRE/S56,FIRE/image_component/cc0010,FIRE,xfeat_h,False,False,35.772517124240096,0.002168871463503525
f8e2f4400c2a5be7,FIRE/S56,FIRE/image_component/cc0010,FIRE,xfeat_tps,False,False,,8.746092362851963
e6176db5456251f6,FIRE/S57,FIRE/image_component/cc0010,FIRE,sift_h,True,False,50.53248743276993,0.0010923073036104914
6c57a32275eff0a8,FIRE/S57,FIRE/image_component/cc0010,FIRE,sp_lg_h,False,False,90.71182075695754,0.0003430141965988768
97db6a9636d42a43,FIRE/S57,FIRE/image_component/cc0010,FIRE,xfeat_h,False,False,45.45713356024307,0.0013575082683875798
8710bf2bd7b306d8,FIRE/S57,FIRE/image_component/cc0010,FIRE,xfeat_tps,False,False,,8.581328163582837
c40650a2bcdec630,FIRE/S58,FIRE/image_component/cc0038,FIRE,sift_h,True,True,0.0,138446681.49122846
53cea19dced818ab,FIRE/S58,FIRE/image_component/cc0038,FIRE,sp_lg_h,False,False,26.89344976695202,0.0038053419559159482
492a7e3de34b78bf,FIRE/S58,FIRE/image_component/cc0038,FIRE,xfeat_h,False,False,57.21936200045005,0.0008579136923605164
1d4232c77486d078,FIRE/S58,FIRE/image_component/cc0038,FIRE,xfeat_tps,False,False,,11.215247590859255
d003c6da466b46df,FIRE/S59,FIRE/image_component/cc0038,FIRE,sift_h,True,False,28.67018115511783,0.003366946384664239
d6ae8c94535671e0,FIRE/S59,FIRE/image_component/cc0038,FIRE,sp_lg_h,False,False,160.95203146200552,0.0001103195129025508
9cdb2276782e04b4,FIRE/S59,FIRE/image_component/cc0038,FIRE,xfeat_h,False,False,28.215653135531873,0.003510715005273785
1030e707df58b55d,FIRE/S59,FIRE/image_component/cc0038,FIRE,xfeat_tps,False,False,,6.374676562335999
420ab3b38ae225ca,FIRE/S60,FIRE/image_component/cc0038,FIRE,sift_h,True,True,0.0,1012011.1746196001
3c24b54b473c50ff,FIRE/S60,FIRE/image_component/cc0038,FIRE,sp_lg_h,False,False,68.6685304586449,0.0006045789372532309
3aba294ad9d67ee5,FIRE/S60,FIRE/image_component/cc0038,FIRE,xfeat_h,False,False,33.58345371519893,0.0024920695330191917
729aa6460c444219,FIRE/S60,FIRE/image_component/cc0038,FIRE,xfeat_tps,False,False,,9.059172479525946
95aeb001e9382546,FIRE/S61,FIRE/image_component/cc0039,FIRE,sift_h,True,False,10.46507994978148,0.02361152841215619
5c60db6f8f05e19f,FIRE/S61,FIRE/image_component/cc0039,FIRE,sp_lg_h,False,False,102.3527093898985,0.00026992422529974875
edf93cdf49f5ad5c,FIRE/S61,FIRE/image_component/cc0039,FIRE,xfeat_h,False,False,116.84684255410636,0.00020788264788919469
96aa6898d8a4df3b,FIRE/S61,FIRE/image_component/cc0039,FIRE,xfeat_tps,False,False,,8.634614792002399
17e0c57e8e56854a,FIRE/S62,FIRE/image_component/cc0040,FIRE,sp_lg_h,False,False,35.36308859267046,0.0022198766328454687
caf1d9fc455d1743,FIRE/S62,FIRE/image_component/cc0040,FIRE,xfeat_h,False,False,40.81544131515527,0.0016686850576985148
f40167f67f2405f2,FIRE/S62,FIRE/image_component/cc0040,FIRE,xfeat_tps,False,False,,7.995650306220155
65112839ce539dda,FIRE/S63,FIRE/image_component/cc0040,FIRE,sift_h,True,True,0.0,23111143.321948987
c25d513426ed5026,FIRE/S63,FIRE/image_component/cc0040,FIRE,sp_lg_h,False,False,45.81622932651039,0.0013709377148745784
403d8cc22b545b52,FIRE/S63,FIRE/image_component/cc0040,FIRE,xfeat_h,False,False,16.672118177779904,0.009941953495456984
a91d852ce0e39ee0,FIRE/S63,FIRE/image_component/cc0040,FIRE,xfeat_tps,False,False,,8.23883172179395
b1dd7893f61a7fd7,FIRE/S64,FIRE/image_component/cc0040,FIRE,sp_lg_h,False,False,61.71995587771347,0.0007604597849223176
e6ff8021fc6ea22c,FIRE/S64,FIRE/image_component/cc0040,FIRE,xfeat_h,False,False,36.05486551451238,0.0022048661633254137
126918e63be451e1,FIRE/S64,FIRE/image_component/cc0040,FIRE,xfeat_tps,False,False,,9.581092741783749
a23c6ba397135248,FIRE/S65,FIRE/image_component/cc0008,FIRE,sift_h,False,False,115.75154501091902,0.00021095627323545492
d4045d3b1e9bb8a8,FIRE/S65,FIRE/image_component/cc0008,FIRE,sp_lg_h,False,False,60.85447237422547,0.000765259110089993
41436e3a3871b961,FIRE/S65,FIRE/image_component/cc0008,FIRE,xfeat_h,False,False,33.891474605697425,0.0024416271199999627
ab4565fa2cad480d,FIRE/S65,FIRE/image_component/cc0008,FIRE,xfeat_tps,False,False,,7.005964483416933
51fb20cd38c644f7,FIRE/S66,FIRE/image_component/cc0041,FIRE,sift_h,True,True,0.0,36209352.63326278
5c206b8108867aed,FIRE/S66,FIRE/image_component/cc0041,FIRE,sp_lg_h,False,False,188.41853350753388,8.08405186319934e-05
9abdfd1401a1e354,FIRE/S66,FIRE/image_component/cc0041,FIRE,xfeat_h,False,False,64.07661882263184,0.0006820413612017406
e8541117d3b35dc3,FIRE/S66,FIRE/image_component/cc0041,FIRE,xfeat_tps,False,False,,11.291903651928319
db1da4ac7dd46499,FIRE/S67,FIRE/image_component/cc0041,FIRE,sift_h,True,True,0.0,12267.534430169195
c802da68ffd5578e,FIRE/S67,FIRE/image_component/cc0041,FIRE,sp_lg_h,False,False,102.07782354809687,0.0002726811266105929
761c42716f245691,FIRE/S67,FIRE/image_component/cc0041,FIRE,xfeat_h,False,False,59.49253708965926,0.0007962263550697671
7bf8b129e74e14b9,FIRE/S67,FIRE/image_component/cc0041,FIRE,xfeat_tps,False,False,,9.814125844404108
a6e6ae6adc756892,FIRE/S68,FIRE/image_component/cc0041,FIRE,sift_h,True,False,45.07473194211032,0.001376240331557713
6d23109c822438e2,FIRE/S68,FIRE/image_component/cc0041,FIRE,sp_lg_h,False,False,39.62419549442297,0.0017636042235290575
2cafca0a4ed56a62,FIRE/S68,FIRE/image_component/cc0041,FIRE,xfeat_h,False,False,37.36918578843054,0.001991203608108048
6b53d40af599b356,FIRE/S68,FIRE/image_component/cc0041,FIRE,xfeat_tps,False,False,,12.471132879210982
be049971696e0f0a,FIRE/S69,FIRE/image_component/cc0009,FIRE,sift_h,True,True,0.0,21839.29635425118
df912458824713de,FIRE/S69,FIRE/image_component/cc0009,FIRE,sp_lg_h,False,False,20.78827532182181,0.006436231050417508
57c16df7ac455a3c,FIRE/S69,FIRE/image_component/cc0009,FIRE,xfeat_h,False,False,18.183705771937962,0.00828992943424281
fe71cae92d6cf686,FIRE/S69,FIRE/image_component/cc0009,FIRE,xfeat_tps,False,False,,8.158020655703044
b714eb0973fdf4f9,FIRE/S70,FIRE/image_component/cc0009,FIRE,sift_h,True,True,0.0,193361.55232593886
68b4bd6752d75546,FIRE/S70,FIRE/image_component/cc0009,FIRE,sp_lg_h,False,False,23.302401701747204,0.005194670828037186
0340e1d6a4995b04,FIRE/S70,FIRE/image_component/cc0009,FIRE,xfeat_h,False,False,33.23677663510258,0.0025736597842956218
3673547e6c5f9651,FIRE/S70,FIRE/image_component/cc0009,FIRE,xfeat_tps,False,False,,8.433427195839974
7e6f402690e0681d,FIRE/S71,FIRE/image_component/cc0009,FIRE,sift_h,True,False,37.80397624765863,0.0018896199791307027
42dc838fde216a6d,FIRE/S71,FIRE/image_component/cc0009,FIRE,sp_lg_h,False,False,10.27491583932435,0.02592685448396618
28e08251492468a7,FIRE/S71,FIRE/image_component/cc0009,FIRE,xfeat_h,False,False,31.993002242279328,0.002826373495796138
1dff3a7b91cd2388,FIRE/S71,FIRE/image_component/cc0009,FIRE,xfeat_tps,False,False,,6.731370584419043
