seed,pipeline,fold,partition,job_id,pair_id,group_id,dataset_id,operational_failure,pole_crosses_inscribed_circle,bending_energy,training_bending_min,training_bending_max,outside_training_range
20260907,xfeat_h,0,train,a3b2e2934c364e2a,COph100/055-1/055_M_GA38_BW3245_PA42_DG13_PF0_D1_S03_2__055_M_GA38_BW3245_PA78_DG13_PF0_D1_S09_16,COph100/patient/055,COph100,True,False,8654742027.155737,4.519873533058088e-06,8654742027.155737,False
20260907,xfeat_h,0,train,11bcaf81af6206b4,COph100/055/055_M_GA38_BW3245_PA43_DG13_PF0_D1_S04_13__055_M_GA38_BW3245_PA78_DG13_PF0_D1_S09_6,COph100/patient/055,COph100,True,True,1045006731.0949349,4.519873533058088e-06,8654742027.155737,False
20260907,xfeat_h,1,train,a3b2e2934c364e2a,COph100/055-1/055_M_GA38_BW3245_PA42_DG13_PF0_D1_S03_2__055_M_GA38_BW3245_PA78_DG13_PF0_D1_S09_16,COph100/patient/055,COph100,True,False,8654742027.155737,4.519873533058088e-06,8654742027.155737,False
20260907,xfeat_h,1,train,11bcaf81af6206b4,COph100/055/055_M_GA38_BW3245_PA43_DG13_PF0_D1_S04_13__055_M_GA38_BW3245_PA78_DG13_PF0_D1_S09_6,COph100/patient/055,COph100,True,True,1045006731.0949349,4.519873533058088e-06,8654742027.155737,False
20260907,xfeat_h,2,train,a3b2e2934c364e2a,COph100/055-1/055_M_GA38_BW3245_PA42_DG13_PF0_D1_S03_2__055_M_GA38_BW3245_PA78_DG13_PF0_D1_S09_16,COph100/patient/055,COph100,True,False,8654742027.155737,4.519873533058088e-06,8654742027.155737,False
20260907,xfeat_h,2,train,11bcaf81af6206b4,COph100/055/055_M_GA38_BW3245_PA43_DG13_PF0_D1_S04_13__055_M_GA38_BW3245_PA78_DG13_PF0_D1_S09_6,COph100/patient/055,COph100,True,True,1045006731.0949349,4.519873533058088e-06,8654742027.155737,False
20260907,xfeat_h,3,calibration,a3b2e2934c364e2a,COph100/055-1/055_M_GA38_BW3245_PA42_DG13_PF0_D1_S03_2__055_M_GA38_BW3245_PA78_DG13_PF0_D1_S09_16,COph100/patient/055,COph100,True,False,8654742027.155737,0.0001457267406006129,325.00934027783336,True
20260907,xfeat_h,3,calibration,11bcaf81af6206b4,COph100/055/055_M_GA38_BW3245_PA43_DG13_PF0_D1_S04_13__055_M_GA38_BW3245_PA78_DG13_PF0_D1_S09_6,COph100/patient/055,COph100,True,True,1045006731.0949349,0.0001457267406006129,325.00934027783336,True
20260907,xfeat_h,4,test,a3b2e2934c364e2a,COph100/055-1/055_M_GA38_BW3245_PA42_DG13_PF0_D1_S03_2__055_M_GA38_BW3245_PA78_DG13_PF0_D1_S09_16,COph100/patient/055,COph100,True,False,8654742027.155737,7.672406182586129e-05,17.473831965696593,True
20260907,xfeat_h,4,test,11bcaf81af6206b4,COph100/055/055_M_GA38_BW3245_PA43_DG13_PF0_D1_S04_13__055_M_GA38_BW3245_PA78_DG13_PF0_D1_S09_6,COph100/patient/055,COph100,True,True,1045006731.0949349,7.672406182586129e-05,17.473831965696593,True
20260907,sp_lg_h,0,train,e72ba4a2fa2829d4,COph100/026-1/026_M_GA33_BW1700_PA36_DG11_PF0_D1_S02_6__026_M_GA33_BW1700_PA42_DG11_PF0_D1_S05_6,COph100/patient/026,COph100,True,True,2202054258.7223964,7.199957633201148e-06,97649853447.23456,False
20260907,sp_lg_h,0,train,4cc4583374a7f846,COph100/026/026_M_GA33_BW1700_PA36_DG11_PF0_D1_S02_10__026_M_GA33_BW1700_PA40_DG11_PF0_D1_S04_11,COph100/patient/026,COph100,True,True,11125766.607773216,7.199957633201148e-06,97649853447.23456,False
20260907,sp_lg_h,0,train,3968ed21e45d9ba8,COph100/033/033_M_GA30_BW1250_PA31_DG0_PF0_D1_S01_2__033_M_GA30_BW1250_PA33_DG0_PF0_D1_S02_1,COph100/patient/033,COph100,True,False,97649853447.23456,7.199957633201148e-06,97649853447.23456,False
20260907,sp_lg_h,0,train,ce0f14b486d56040,COph100/055-1/055_M_GA38_BW3245_PA40_DG13_PF0_D1_S01_10__055_M_GA38_BW3245_PA44_DG13_PF0_D1_S05_6,COph100/patient/055,COph100,True,True,39281513.67231593,7.199957633201148e-06,97649853447.23456,False
20260907,sp_lg_h,0,train,da1b669d55ceeb70,COph100/055-1/055_M_GA38_BW3245_PA40_DG13_PF0_D1_S01_10__055_M_GA38_BW3245_PA53_DG13_PF0_D1_S08_2,COph100/patient/055,COph100,True,False,3044205911.3357058,7.199957633201148e-06,97649853447.23456,False
20260907,sp_lg_h,0,train,cf804c649b733cd6,COph100/055-1/055_M_GA38_BW3245_PA40_DG13_PF0_D1_S01_10__055_M_GA38_BW3245_PA78_DG13_PF0_D1_S09_16,COph100/patient/055,COph100,True,True,107062547.19021197,7.199957633201148e-06,97649853447.23456,False
20260907,sp_lg_h,0,train,8ed14fb063327bae,COph100/055/055_M_GA38_BW3245_PA40_DG13_PF0_D1_S01_3__055_M_GA38_BW3245_PA53_DG13_PF0_D1_S08_7,COph100/patient/055,COph100,True,False,2501044028.0221753,7.199957633201148e-06,97649853447.23456,False
20260907,sp_lg_h,0,train,2541e8913ecb495c,COph100/055/055_M_GA38_BW3245_PA43_DG13_PF0_D1_S04_13__055_M_GA38_BW3245_PA78_DG13_PF0_D1_S09_6,COph100/patient/055,COph100,True,False,138446249.6936386,7.199957633201148e-06,97649853447.23456,False
20260907,sp_lg_h,0,calibration,d9cae0da3a04d6af,COph100/052/052_M_GA26_BW820_PA31_DG1_PF0_D1_S01_3__052_M_GA26_BW820_PA46_DG2_PF0_D1_S07_6,COph100/patient/052,COph100,True,True,2220851.201832924,7.199957633201148e-06,97649853447.23456,False
20260907,sp_lg_h,0,calibration,77518ee0f8861b97,COph100/052/052_M_GA26_BW820_PA34_DG3_PF0_D1_S04_4__052_M_GA26_BW820_PA75_DG9_PF0_D1_S08_20,COph100/patient/052,COph100,True,True,20540791.656451978,7.199957633201148e-06,97649853447.23456,False
20260907,sp_lg_h,1,train,e72ba4a2fa2829d4,COph100/026-1/026_M_GA33_BW1700_PA36_DG11_PF0_D1_S02_6__026_M_GA33_BW1700_PA42_DG11_PF0_D1_S05_6,COph100/patient/026,COph100,True,True,2202054258.7223964,7.199957633201148e-06,97649853447.23456,False
20260907,sp_lg_h,1,train,4cc4583374a7f846,COph100/026/026_M_GA33_BW1700_PA36_DG11_PF0_D1_S02_10__026_M_GA33_BW1700_PA40_DG11_PF0_D1_S04_11,COph100/patient/026,COph100,True,True,11125766.607773216,7.199957633201148e-06,97649853447.23456,False
20260907,sp_lg_h,1,train,3968ed21e45d9ba8,COph100/033/033_M_GA30_BW1250_PA31_DG0_PF0_D1_S01_2__033_M_GA30_BW1250_PA33_DG0_PF0_D1_S02_1,COph100/patient/033,COph100,True,False,97649853447.23456,7.199957633201148e-06,97649853447.23456,False
20260907,sp_lg_h,1,train,ce0f14b486d56040,COph100/055-1/055_M_GA38_BW3245_PA40_DG13_PF0_D1_S01_10__055_M_GA38_BW3245_PA44_DG13_PF0_D1_S05_6,COph100/patient/055,COph100,True,True,39281513.67231593,7.199957633201148e-06,97649853447.23456,False
20260907,sp_lg_h,1,train,da1b669d55ceeb70,COph100/055-1/055_M_GA38_BW3245_PA40_DG13_PF0_D1_S01_10__055_M_GA38_BW3245_PA53_DG13_PF0_D1_S08_2,COph100/patient/055,COph100,True,False,3044205911.3357058,7.199957633201148e-06,97649853447.23456,False
20260907,sp_lg_h,1,train,cf804c649b733cd6,COph100/055-1/055_M_GA38_BW3245_PA40_DG13_PF0_D1_S01_10__055_M_GA38_BW3245_PA78_DG13_PF0_D1_S09_16,COph100/patient/055,COph100,True,True,107062547.19021197,7.199957633201148e-06,97649853447.23456,False
20260907,sp_lg_h,1,train,8ed14fb063327bae,COph100/055/055_M_GA38_BW3245_PA40_DG13_PF0_D1_S01_3__055_M_GA38_BW3245_PA53_DG13_PF0_D1_S08_7,COph100/patient/055,COph100,True,False,2501044028.0221753,7.199957633201148e-06,97649853447.23456,False
20260907,sp_lg_h,1,train,2541e8913ecb495c,COph100/055/055_M_GA38_BW3245_PA43_DG13_PF0_D1_S04_13__055_M_GA38_BW3245_PA78_DG13_PF0_D1_S09_6,COph100/patient/055,COph100,True,False,138446249.6936386,7.199957633201148e-06,97649853447.23456,False
20260907,sp_lg_h,1,test,d9cae0da3a04d6af,COph100/052/052_M_GA26_BW820_PA31_DG1_PF0_D1_S01_3__052_M_GA26_BW820_PA46_DG2_PF0_D1_S07_6,COph100/patient/052,COph100,True,True,2220851.201832924,7.199957633201148e-06,97649853447.23456,False
20260907,sp_lg_h,1,test,77518ee0f8861b97,COph100/052/052_M_GA26_BW820_PA34_DG3_PF0_D1_S04_4__052_M_GA26_BW820_PA75_DG9_PF0_D1_S08_20,COph100/patient/052,COph100,True,True,20540791.656451978,7.199957633201148e-06,97649853447.23456,False
20260907,sp_lg_h,2,train,e72ba4a2fa2829d4,COph100/026-1/026_M_GA33_BW1700_PA36_DG11_PF0_D1_S02_6__026_M_GA33_BW1700_PA42_DG11_PF0_D1_S05_6,COph100/patient/026,COph100,True,True,2202054258.7223964,7.199957633201148e-06,3044205911.3357058,False
20260907,sp_lg_h,2,train,4cc4583374a7f846,COph100/026/026_M_GA33_BW1700_PA36_DG11_PF0_D1_S02_10__026_M_GA33_BW1700_PA40_DG11_PF0_D1_S04_11,COph100/patient/026,COph100,True,True,11125766.607773216,7.199957633201148e-06,3044205911.3357058,False
20260907,sp_lg_h,2,train,d9cae0da3a04d6af,COph100/052/052_M_GA26_BW820_PA31_DG1_PF0_D1_S01_3__052_M_GA26_BW820_PA46_DG2_PF0_D1_S07_6,COph100/patient/052,COph100,True,True,2220851.201832924,7.199957633201148e-06,3044205911.3357058,False
20260907,sp_lg_h,2,train,77518ee0f8861b97,COph100/052/052_M_GA26_BW820_PA34_DG3_PF0_D1_S04_4__052_M_GA26_BW820_PA75_DG9_PF0_D1_S08_20,COph100/patient/052,COph100,True,True,20540791.656451978,7.199957633201148e-06,3044205911.3357058,False
20260907,sp_lg_h,2,train,ce0f14b486d56040,COph100/055-1/055_M_GA38_BW3245_PA40_DG13_PF0_D1_S01_10__055_M_GA38_BW3245_PA44_DG13_PF0_D1_S05_6,COph100/patient/055,COph100,True,True,39281513.67231593,7.199957633201148e-06,3044205911.3357058,False
20260907,sp_lg_h,2,train,da1b669d55ceeb70,COph100/055-1/055_M_GA38_BW3245_PA40_DG13_PF0_D1_S01_10__055_M_GA38_BW3245_PA53_DG13_PF0_D1_S08_2,COph100/patient/055,COph100,True,False,3044205911.3357058,7.199957633201148e-06,3044205911.3357058,False
20260907,sp_lg_h,2,train,cf804c649b733cd6,COph100/055-1/055_M_GA38_BW3245_PA40_DG13_PF0_D1_S01_10__055_M_GA38_BW3245_PA78_DG13_PF0_D1_S09_16,COph100/patient/055,COph100,True,True,107062547.19021197,7.199957633201148e-06,3044205911.3357058,False
20260907,sp_lg_h,2,train,8ed14fb063327bae,COph100/055/055_M_GA38_BW3245_PA40_DG13_PF0_D1_S01_3__055_M_GA38_BW3245_PA53_DG13_PF0_D1_S08_7,COph100/patient/055,COph100,True,False,2501044028.0221753,7.199957633201148e-06,3044205911.3357058,False
20260907,sp_lg_h,2,train,2541e8913ecb495c,COph100/055/055_M_GA38_BW3245_PA43_DG13_PF0_D1_S04_13__055_M_GA38_BW3245_PA78_DG13_PF0_D1_S09_6,COph100/patient/055,COph100,True,False,138446249.6936386,7.199957633201148e-06,3044205911.3357058,False
20260907,sp_lg_h,2,calibration,3968ed21e45d9ba8,COph100/033/033_M_GA30_BW1250_PA31_DG0_PF0_D1_S01_2__033_M_GA30_BW1250_PA33_DG0_PF0_D1_S02_1,COph100/patient/033,COph100,True,False,97649853447.23456,7.199957633201148e-06,3044205911.3357058,True
20260907,sp_lg_h,3,train,d9cae0da3a04d6af,COph100/052/052_M_GA26_BW820_PA31_DG1_PF0_D1_S01_3__052_M_GA26_BW820_PA46_DG2_PF0_D1_S07_6,COph100/patient/052,COph100,True,True,2220851.201832924,0.00014628778453933534,20540791.656451978,False
20260907,sp_lg_h,3,train,77518ee0f8861b97,COph100/052/052_M_GA26_BW820_PA34_DG3_PF0_D1_S04_4__052_M_GA26_BW820_PA75_DG9_PF0_D1_S08_20,COph100/patient/052,COph100,True,True,20540791.656451978,0.00014628778453933534,20540791.656451978,False
20260907,sp_lg_h,3,calibration,e72ba4a2fa2829d4,COph100/026-1/026_M_GA33_BW1700_PA36_DG11_PF0_D1_S02_6__026_M_GA33_BW1700_PA42_DG11_PF0_D1_S05_6,COph100/patient/026,COph100,True,True,2202054258.7223964,0.00014628778453933534,20540791.656451978,True
20260907,sp_lg_h,3,calibration,4cc4583374a7f846,COph100/026/026_M_GA33_BW1700_PA36_DG11_PF0_D1_S02_10__026_M_GA33_BW1700_PA40_DG11_PF0_D1_S04_11,COph100/patient/026,COph100,True,True,11125766.607773216,0.00014628778453933534,20540791.656451978,False
20260907,sp_lg_h,3,calibration,ce0f14b486d56040,COph100/055-1/055_M_GA38_BW3245_PA40_DG13_PF0_D1_S01_10__055_M_GA38_BW3245_PA44_DG13_PF0_D1_S05_6,COph100/patient/055,COph100,True,True,39281513.67231593,0.00014628778453933534,20540791.656451978,True
20260907,sp_lg_h,3,calibration,da1b669d55ceeb70,COph100/055-1/055_M_GA38_BW3245_PA40_DG13_PF0_D1_S01_10__055_M_GA38_BW3245_PA53_DG13_PF0_D1_S08_2,COph100/patient/055,COph100,True,False,3044205911.3357058,0.00014628778453933534,20540791.656451978,True
20260907,sp_lg_h,3,calibration,cf804c649b733cd6,COph100/055-1/055_M_GA38_BW3245_PA40_DG13_PF0_D1_S01_10__055_M_GA38_BW3245_PA78_DG13_PF0_D1_S09_16,COph100/patient/055,COph100,True,True,107062547.19021197,0.00014628778453933534,20540791.656451978,True
20260907,sp_lg_h,3,calibration,8ed14fb063327bae,COph100/055/055_M_GA38_BW3245_PA40_DG13_PF0_D1_S01_3__055_M_GA38_BW3245_PA53_DG13_PF0_D1_S08_7,COph100/patient/055,COph100,True,False,2501044028.0221753,0.00014628778453933534,20540791.656451978,True
20260907,sp_lg_h,3,calibration,2541e8913ecb495c,COph100/055/055_M_GA38_BW3245_PA43_DG13_PF0_D1_S04_13__055_M_GA38_BW3245_PA78_DG13_PF0_D1_S09_6,COph100/patient/055,COph100,True,False,138446249.6936386,0.00014628778453933534,20540791.656451978,True
20260907,sp_lg_h,3,test,3968ed21e45d9ba8,COph100/033/033_M_GA30_BW1250_PA31_DG0_PF0_D1_S01_2__033_M_GA30_BW1250_PA33_DG0_PF0_D1_S02_1,COph100/patient/033,COph100,True,False,97649853447.23456,0.00014628778453933534,20540791.656451978,True
20260907,sp_lg_h,4,train,3968ed21e45d9ba8,COph100/033/033_M_GA30_BW1250_PA31_DG0_PF0_D1_S01_2__033_M_GA30_BW1250_PA33_DG0_PF0_D1_S02_1,COph100/patient/033,COph100,True,False,97649853447.23456,8.08405186319934e-05,97649853447.23456,False
20260907,sp_lg_h,4,train,d9cae0da3a04d6af,COph100/052/052_M_GA26_BW820_PA31_DG1_PF0_D1_S01_3__052_M_GA26_BW820_PA46_DG2_PF0_D1_S07_6,COph100/patient/052,COph100,True,True,2220851.201832924,8.08405186319934e-05,97649853447.23456,False
20260907,sp_lg_h,4,train,77518ee0f8861b97,COph100/052/052_M_GA26_BW820_PA34_DG3_PF0_D1_S04_4__052_M_GA26_BW820_PA75_DG9_PF0_D1_S08_20,COph100/patient/052,COph100,True,True,20540791.656451978,8.08405186319934e-05,97649853447.23456,False
20260907,sp_lg_h,4,test,e72ba4a2fa2829d4,COph100/026-1/026_M_GA33_BW1700_PA36_DG11_PF0_D1_S02_6__026_M_GA33_BW1700_PA42_DG11_PF0_D1_S05_6,COph100/patient/026,COph100,True,True,2202054258.7223964,8.08405186319934e-05,97649853447.23456,False
20260907,sp_lg_h,4,test,4cc4583374a7f846,COph100/026/026_M_GA33_BW1700_PA36_DG11_PF0_D1_S02_10__026_M_GA33_BW1700_PA40_DG11_PF0_D1_S04_11,COph100/patient/026,COph100,True,True,11125766.607773216,8.08405186319934e-05,97649853447.23456,False
20260907,sp_lg_h,4,test,ce0f14b486d56040,COph100/055-1/055_M_GA38_BW3245_PA40_DG13_PF0_D1_S01_10__055_M_GA38_BW3245_PA44_DG13_PF0_D1_S05_6,COph100/patient/055,COph100,True,True,39281513.67231593,8.08405186319934e-05,97649853447.23456,False
20260907,sp_lg_h,4,test,da1b669d55ceeb70,COph100/055-1/055_M_GA38_BW3245_PA40_DG13_PF0_D1_S01_10__055_M_GA38_BW3245_PA53_DG13_PF0_D1_S08_2,COph100/patient/055,COph100,True,False,3044205911.3357058,8.08405186319934e-05,97649853447.23456,False
20260907,sp_lg_h,4,test,cf804c649b733cd6,COph100/055-1/055_M_GA38_BW3245_PA40_DG13_PF0_D1_S01_10__055_M_GA38_BW3245_PA78_DG13_PF0_D1_S09_16,COph100/patient/055,COph100,True,True,107062547.19021197,8.08405186319934e-05,97649853447.23456,False
20260907,sp_lg_h,4,test,8ed14fb063327bae,COph100/055/055_M_GA38_BW3245_PA40_DG13_PF0_D1_S01_3__055_M_GA38_BW3245_PA53_DG13_PF0_D1_S08_7,COph100/patient/055,COph100,True,False,2501044028.0221753,8.08405186319934e-05,97649853447.23456,False
20260907,sp_lg_h,4,test,2541e8913ecb495c,COph100/055/055_M_GA38_BW3245_PA43_DG13_PF0_D1_S04_13__055_M_GA38_BW3245_PA78_DG13_PF0_D1_S09_6,COph100/patient/055,COph100,True,False,138446249.6936386,8.08405186319934e-05,97649853447.23456,False
20260908,xfeat_h,0,train,a3b2e2934c364e2a,COph100/055-1/055_M_GA38_BW3245_PA42_DG13_PF0_D1_S03_2__055_M_GA38_BW3245_PA78_DG13_PF0_D1_S09_16,COph100/patient/055,COph100,True,False,8654742027.155737,4.519873533058088e-06,8654742027.155737,False
20260908,xfeat_h,0,train,11bcaf81af6206b4,COph100/055/055_M_GA38_BW3245_PA43_DG13_PF0_D1_S04_13__055_M_GA38_BW3245_PA78_DG13_PF0_D1_S09_6,COph100/patient/055,COph100,True,True,1045006731.0949349,4.519873533058088e-06,8654742027.155737,False
20260908,xfeat_h,1,train,a3b2e2934c364e2a,COph100/055-1/055_M_GA38_BW3245_PA42_DG13_PF0_D1_S03_2__055_M_GA38_BW3245_PA78_DG13_PF0_D1_S09_16,COph100/patient/055,COph100,True,False,8654742027.155737,7.672406182586129e-05,8654742027.155737,False
20260908,xfeat_h,1,train,11bcaf81af6206b4,COph100/055/055_M_GA38_BW3245_PA43_DG13_PF0_D1_S04_13__055_M_GA38_BW3245_PA78_DG13_PF0_D1_S09_6,COph100/patient/055,COph100,True,True,1045006731.0949349,7.672406182586129e-05,8654742027.155737,False
20260908,xfeat_h,2,calibration,a3b2e2934c364e2a,COph100/055-1/055_M_GA38_BW3245_PA42_DG13_PF0_D1_S03_2__055_M_GA38_BW3245_PA78_DG13_PF0_D1_S09_16,COph100/patient/055,COph100,True,False,8654742027.155737,0.00014467802307445814,30.598957301996208,True
20260908,xfeat_h,2,calibration,11bcaf81af6206b4,COph100/055/055_M_GA38_BW3245_PA43_DG13_PF0_D1_S04_13__055_M_GA38_BW3245_PA78_DG13_PF0_D1_S09_6,COph100/patient/055,COph100,True,True,1045006731.0949349,0.00014467802307445814,30.598957301996208,True
20260908,xfeat_h,3,test,a3b2e2934c364e2a,COph100/055-1/055_M_GA38_BW3245_PA42_DG13_PF0_D1_S03_2__055_M_GA38_BW3245_PA78_DG13_PF0_D1_S09_16,COph100/patient/055,COph100,True,False,8654742027.155737,4.519873533058088e-06,325.00934027783336,True
20260908,xfeat_h,3,test,11bcaf81af6206b4,COph100/055/055_M_GA38_BW3245_PA43_DG13_PF0_D1_S04_13__055_M_GA38_BW3245_PA78_DG13_PF0_D1_S09_6,COph100/patient/055,COph100,True,True,1045006731.0949349,4.519873533058088e-06,325.00934027783336,True
20260908,xfeat_h,4,train,a3b2e2934c364e2a,COph100/055-1/055_M_GA38_BW3245_PA42_DG13_PF0_D1_S03_2__055_M_GA38_BW3245_PA78_DG13_PF0_D1_S09_16,COph100/patient/055,COph100,True,False,8654742027.155737,4.519873533058088e-06,8654742027.155737,False
20260908,xfeat_h,4,train,11bcaf81af6206b4,COph100/055/055_M_GA38_BW3245_PA43_DG13_PF0_D1_S04_13__055_M_GA38_BW3245_PA78_DG13_PF0_D1_S09_6,COph100/patient/055,COph100,True,True,1045006731.0949349,4.519873533058088e-06,8654742027.155737,False
20260908,sp_lg_h,0,train,e72ba4a2fa2829d4,COph100/026-1/026_M_GA33_BW1700_PA36_DG11_PF0_D1_S02_6__026_M_GA33_BW1700_PA42_DG11_PF0_D1_S05_6,COph100/patient/026,COph100,True,True,2202054258.7223964,7.199957633201148e-06,3044205911.3357058,False
20260908,sp_lg_h,0,train,4cc4583374a7f846,COph100/026/026_M_GA33_BW1700_PA36_DG11_PF0_D1_S02_10__026_M_GA33_BW1700_PA40_DG11_PF0_D1_S04_11,COph100/patient/026,COph100,True,True,11125766.607773216,7.199957633201148e-06,3044205911.3357058,False
20260908,sp_lg_h,0,train,d9cae0da3a04d6af,COph100/052/052_M_GA26_BW820_PA31_DG1_PF0_D1_S01_3__052_M_GA26_BW820_PA46_DG2_PF0_D1_S07_6,COph100/patient/052,COph100,True,True,2220851.201832924,7.199957633201148e-06,3044205911.3357058,False
20260908,sp_lg_h,0,train,77518ee0f8861b97,COph100/052/052_M_GA26_BW820_PA34_DG3_PF0_D1_S04_4__052_M_GA26_BW820_PA75_DG9_PF0_D1_S08_20,COph100/patient/052,COph100,True,True,20540791.656451978,7.199957633201148e-06,3044205911.3357058,False
20260908,sp_lg_h,0,train,ce0f14b486d56040,COph100/055-1/055_M_GA38_BW3245_PA40_DG13_PF0_D1_S01_10__055_M_GA38_BW3245_PA44_DG13_PF0_D1_S05_6,COph100/patient/055,COph100,True,True,39281513.67231593,7.199957633201148e-06,3044205911.3357058,False
20260908,sp_lg_h,0,train,da1b669d55ceeb70,COph100/055-1/055_M_GA38_BW3245_PA40_DG13_PF0_D1_S01_10__055_M_GA38_BW3245_PA53_DG13_PF0_D1_S08_2,COph100/patient/055,COph100,True,False,3044205911.3357058,7.199957633201148e-06,3044205911.3357058,False
20260908,sp_lg_h,0,train,cf804c649b733cd6,COph100/055-1/055_M_GA38_BW3245_PA40_DG13_PF0_D1_S01_10__055_M_GA38_BW3245_PA78_DG13_PF0_D1_S09_16,COph100/patient/055,COph100,True,True,107062547.19021197,7.199957633201148e-06,3044205911.3357058,False
20260908,sp_lg_h,0,train,8ed14fb063327bae,COph100/055/055_M_GA38_BW3245_PA40_DG13_PF0_D1_S01_3__055_M_GA38_BW3245_PA53_DG13_PF0_D1_S08_7,COph100/patient/055,COph100,True,False,2501044028.0221753,7.199957633201148e-06,3044205911.3357058,False
20260908,sp_lg_h,0,train,2541e8913ecb495c,COph100/055/055_M_GA38_BW3245_PA43_DG13_PF0_D1_S04_13__055_M_GA38_BW3245_PA78_DG13_PF0_D1_S09_6,COph100/patient/055,COph100,True,False,138446249.6936386,7.199957633201148e-06,3044205911.3357058,False
20260908,sp_lg_h,0,test,3968ed21e45d9ba8,COph100/033/033_M_GA30_BW1250_PA31_DG0_PF0_D1_S01_2__033_M_GA30_BW1250_PA33_DG0_PF0_D1_S02_1,COph100/patient/033,COph100,True,False,97649853447.23456,7.199957633201148e-06,3044205911.3357058,True
20260908,sp_lg_h,1,train,e72ba4a2fa2829d4,COph100/026-1/026_M_GA33_BW1700_PA36_DG11_PF0_D1_S02_6__026_M_GA33_BW1700_PA42_DG11_PF0_D1_S05_6,COph100/patient/026,COph100,True,True,2202054258.7223964,8.08405186319934e-05,97649853447.23456,False
20260908,sp_lg_h,1,train,4cc4583374a7f846,COph100/026/026_M_GA33_BW1700_PA36_DG11_PF0_D1_S02_10__026_M_GA33_BW1700_PA40_DG11_PF0_D1_S04_11,COph100/patient/026,COph100,True,True,11125766.607773216,8.08405186319934e-05,97649853447.23456,False
20260908,sp_lg_h,1,train,3968ed21e45d9ba8,COph100/033/033_M_GA30_BW1250_PA31_DG0_PF0_D1_S01_2__033_M_GA30_BW1250_PA33_DG0_PF0_D1_S02_1,COph100/patient/033,COph100,True,False,97649853447.23456,8.08405186319934e-05,97649853447.23456,False
20260908,sp_lg_h,1,train,ce0f14b486d56040,COph100/055-1/055_M_GA38_BW3245_PA40_DG13_PF0_D1_S01_10__055_M_GA38_BW3245_PA44_DG13_PF0_D1_S05_6,COph100/patient/055,COph100,True,True,39281513.67231593,8.08405186319934e-05,97649853447.23456,False
20260908,sp_lg_h,1,train,da1b669d55ceeb70,COph100/055-1/055_M_GA38_BW3245_PA40_DG13_PF0_D1_S01_10__055_M_GA38_BW3245_PA53_DG13_PF0_D1_S08_2,COph100/patient/055,COph100,True,False,3044205911.3357058,8.08405186319934e-05,97649853447.23456,False
20260908,sp_lg_h,1,train,cf804c649b733cd6,COph100/055-1/055_M_GA38_BW3245_PA40_DG13_PF0_D1_S01_10__055_M_GA38_BW3245_PA78_DG13_PF0_D1_S09_16,COph100/patient/055,COph100,True,True,107062547.19021197,8.08405186319934e-05,97649853447.23456,False
20260908,sp_lg_h,1,train,8ed14fb063327bae,COph100/055/055_M_GA38_BW3245_PA40_DG13_PF0_D1_S01_3__055_M_GA38_BW3245_PA53_DG13_PF0_D1_S08_7,COph100/patient/055,COph100,True,False,2501044028.0221753,8.08405186319934e-05,97649853447.23456,False
20260908,sp_lg_h,1,train,2541e8913ecb495c,COph100/055/055_M_GA38_BW3245_PA43_DG13_PF0_D1_S04_13__055_M_GA38_BW3245_PA78_DG13_PF0_D1_S09_6,COph100/patient/055,COph100,True,False,138446249.6936386,8.08405186319934e-05,97649853447.23456,False
20260908,sp_lg_h,1,calibration,d9cae0da3a04d6af,COph100/052/052_M_GA26_BW820_PA31_DG1_PF0_D1_S01_3__052_M_GA26_BW820_PA46_DG2_PF0_D1_S07_6,COph100/patient/052,COph100,True,True,2220851.201832924,8.08405186319934e-05,97649853447.23456,False
20260908,sp_lg_h,1,calibration,77518ee0f8861b97,COph100/052/052_M_GA26_BW820_PA34_DG3_PF0_D1_S04_4__052_M_GA26_BW820_PA75_DG9_PF0_D1_S08_20,COph100/patient/052,COph100,True,True,20540791.656451978,8.08405186319934e-05,97649853447.23456,False
20260908,sp_lg_h,2,train,3968ed21e45d9ba8,COph100/033/033_M_GA30_BW1250_PA31_DG0_PF0_D1_S01_2__033_M_GA30_BW1250_PA33_DG0_PF0_D1_S02_1,COph100/patient/033,COph100,True,False,97649853447.23456,8.08405186319934e-05,97649853447.23456,False
20260908,sp_lg_h,2,calibration,e72ba4a2fa2829d4,COph100/026-1/026_M_GA33_BW1700_PA36_DG11_PF0_D1_S02_6__026_M_GA33_BW1700_PA42_DG11_PF0_D1_S05_6,COph100/patient/026,COph100,True,True,2202054258.7223964,8.08405186319934e-05,97649853447.23456,False
20260908,sp_lg_h,2,calibration,4cc4583374a7f846,COph100/026/026_M_GA33_BW1700_PA36_DG11_PF0_D1_S02_10__026_M_GA33_BW1700_PA40_DG11_PF0_D1_S04_11,COph100/patient/026,COph100,True,True,11125766.607773216,8.08405186319934e-05,97649853447.23456,False
20260908,sp_lg_h,2,calibration,ce0f14b486d56040,COph100/055-1/055_M_GA38_BW3245_PA40_DG13_PF0_D1_S01_10__055_M_GA38_BW3245_PA44_DG13_PF0_D1_S05_6,COph100/patient/055,COph100,True,True,39281513.67231593,8.08405186319934e-05,97649853447.23456,False
20260908,sp_lg_h,2,calibration,da1b669d55ceeb70,COph100/055-1/055_M_GA38_BW3245_PA40_DG13_PF0_D1_S01_10__055_M_GA38_BW3245_PA53_DG13_PF0_D1_S08_2,COph100/patient/055,COph100,True,False,3044205911.3357058,8.08405186319934e-05,97649853447.23456,False
20260908,sp_lg_h,2,calibration,cf804c649b733cd6,COph100/055-1/055_M_GA38_BW3245_PA40_DG13_PF0_D1_S01_10__055_M_GA38_BW3245_PA78_DG13_PF0_D1_S09_16,COph100/patient/055,COph100,True,True,107062547.19021197,8.08405186319934e-05,97649853447.23456,False
20260908,sp_lg_h,2,calibration,8ed14fb063327bae,COph100/055/055_M_GA38_BW3245_PA40_DG13_PF0_D1_S01_3__055_M_GA38_BW3245_PA53_DG13_PF0_D1_S08_7,COph100/patient/055,COph100,True,False,2501044028.0221753,8.08405186319934e-05,97649853447.23456,False
20260908,sp_lg_h,2,calibration,2541e8913ecb495c,COph100/055/055_M_GA38_BW3245_PA43_DG13_PF0_D1_S04_13__055_M_GA38_BW3245_PA78_DG13_PF0_D1_S09_6,COph100/patient/055,COph100,True,False,138446249.6936386,8.08405186319934e-05,97649853447.23456,False
20260908,sp_lg_h,2,test,d9cae0da3a04d6af,COph100/052/052_M_GA26_BW820_PA31_DG1_PF0_D1_S01_3__052_M_GA26_BW820_PA46_DG2_PF0_D1_S07_6,COph100/patient/052,COph100,True,True,2220851.201832924,8.08405186319934e-05,97649853447.23456,False
20260908,sp_lg_h,2,test,77518ee0f8861b97,COph100/052/052_M_GA26_BW820_PA34_DG3_PF0_D1_S04_4__052_M_GA26_BW820_PA75_DG9_PF0_D1_S08_20,COph100/patient/052,COph100,True,True,20540791.656451978,8.08405186319934e-05,97649853447.23456,False
20260908,sp_lg_h,3,train,3968ed21e45d9ba8,COph100/033/033_M_GA30_BW1250_PA31_DG0_PF0_D1_S01_2__033_M_GA30_BW1250_PA33_DG0_PF0_D1_S02_1,COph100/patient/033,COph100,True,False,97649853447.23456,7.199957633201148e-06,97649853447.23456,False
20260908,sp_lg_h,3,train,d9cae0da3a04d6af,COph100/052/052_M_GA26_BW820_PA31_DG1_PF0_D1_S01_3__052_M_GA26_BW820_PA46_DG2_PF0_D1_S07_6,COph100/patient/052,COph100,True,True,2220851.201832924,7.199957633201148e-06,97649853447.23456,False
20260908,sp_lg_h,3,train,77518ee0f8861b97,COph100/052/052_M_GA26_BW820_PA34_DG3_PF0_D1_S04_4__052_M_GA26_BW820_PA75_DG9_PF0_D1_S08_20,COph100/patient/052,COph100,True,True,20540791.656451978,7.199957633201148e-06,97649853447.23456,False
20260908,sp_lg_h,3,test,e72ba4a2fa2829d4,COph100/026-1/026_M_GA33_BW1700_PA36_DG11_PF0_D1_S02_6__026_M_GA33_BW1700_PA42_DG11_PF0_D1_S05_6,COph100/patient/026,COph100,True,True,2202054258.7223964,7.199957633201148e-06,97649853447.23456,False
20260908,sp_lg_h,3,test,4cc4583374a7f846,COph100/026/026_M_GA33_BW1700_PA36_DG11_PF0_D1_S02_10__026_M_GA33_BW1700_PA40_DG11_PF0_D1_S04_11,COph100/patient/026,COph100,True,True,11125766.607773216,7.199957633201148e-06,97649853447.23456,False
20260908,sp_lg_h,3,test,ce0f14b486d56040,COph100/055-1/055_M_GA38_BW3245_PA40_DG13_PF0_D1_S01_10__055_M_GA38_BW3245_PA44_DG13_PF0_D1_S05_6,COph100/patient/055,COph100,True,True,39281513.67231593,7.199957633201148e-06,97649853447.23456,False
20260908,sp_lg_h,3,test,da1b669d55ceeb70,COph100/055-1/055_M_GA38_BW3245_PA40_DG13_PF0_D1_S01_10__055_M_GA38_BW3245_PA53_DG13_PF0_D1_S08_2,COph100/patient/055,COph100,True,False,3044205911.3357058,7.199957633201148e-06,97649853447.23456,False
20260908,sp_lg_h,3,test,cf804c649b733cd6,COph100/055-1/055_M_GA38_BW3245_PA40_DG13_PF0_D1_S01_10__055_M_GA38_BW3245_PA78_DG13_PF0_D1_S09_16,COph100/patient/055,COph100,True,True,107062547.19021197,7.199957633201148e-06,97649853447.23456,False
20260908,sp_lg_h,3,test,8ed14fb063327bae,COph100/055/055_M_GA38_BW3245_PA40_DG13_PF0_D1_S01_3__055_M_GA38_BW3245_PA53_DG13_PF0_D1_S08_7,COph100/patient/055,COph100,True,False,2501044028.0221753,7.199957633201148e-06,97649853447.23456,False
20260908,sp_lg_h,3,test,2541e8913ecb495c,COph100/055/055_M_GA38_BW3245_PA43_DG13_PF0_D1_S04_13__055_M_GA38_BW3245_PA78_DG13_PF0_D1_S09_6,COph100/patient/055,COph100,True,False,138446249.6936386,7.199957633201148e-06,97649853447.23456,False
20260908,sp_lg_h,4,train,e72ba4a2fa2829d4,COph100/026-1/026_M_GA33_BW1700_PA36_DG11_PF0_D1_S02_6__026_M_GA33_BW1700_PA42_DG11_PF0_D1_S05_6,COph100/patient/026,COph100,True,True,2202054258.7223964,7.199957633201148e-06,3044205911.3357058,False
20260908,sp_lg_h,4,train,4cc4583374a7f846,COph100/026/026_M_GA33_BW1700_PA36_DG11_PF0_D1_S02_10__026_M_GA33_BW1700_PA40_DG11_PF0_D1_S04_11,COph100/patient/026,COph100,True,True,11125766.607773216,7.199957633201148e-06,3044205911.3357058,False
20260908,sp_lg_h,4,train,d9cae0da3a04d6af,COph100/052/052_M_GA26_BW820_PA31_DG1_PF0_D1_S01_3__052_M_GA26_BW820_PA46_DG2_PF0_D1_S07_6,COph100/patient/052,COph100,True,True,2220851.201832924,7.199957633201148e-06,3044205911.3357058,False
20260908,sp_lg_h,4,train,77518ee0f8861b97,COph100/052/052_M_GA26_BW820_PA34_DG3_PF0_D1_S04_4__052_M_GA26_BW820_PA75_DG9_PF0_D1_S08_20,COph100/patient/052,COph100,True,True,20540791.656451978,7.199957633201148e-06,3044205911.3357058,False
20260908,sp_lg_h,4,train,ce0f14b486d56040,COph100/055-1/055_M_GA38_BW3245_PA40_DG13_PF0_D1_S01_10__055_M_GA38_BW3245_PA44_DG13_PF0_D1_S05_6,COph100/patient/055,COph100,True,True,39281513.67231593,7.199957633201148e-06,3044205911.3357058,False
20260908,sp_lg_h,4,train,da1b669d55ceeb70,COph100/055-1/055_M_GA38_BW3245_PA40_DG13_PF0_D1_S01_10__055_M_GA38_BW3245_PA53_DG13_PF0_D1_S08_2,COph100/patient/055,COph100,True,False,3044205911.3357058,7.199957633201148e-06,3044205911.3357058,False
20260908,sp_lg_h,4,train,cf804c649b733cd6,COph100/055-1/055_M_GA38_BW3245_PA40_DG13_PF0_D1_S01_10__055_M_GA38_BW3245_PA78_DG13_PF0_D1_S09_16,COph100/patient/055,COph100,True,True,107062547.19021197,7.199957633201148e-06,3044205911.3357058,False
20260908,sp_lg_h,4,train,8ed14fb063327bae,COph100/055/055_M_GA38_BW3245_PA40_DG13_PF0_D1_S01_3__055_M_GA38_BW3245_PA53_DG13_PF0_D1_S08_7,COph100/patient/055,COph100,True,False,2501044028.0221753,7.199957633201148e-06,3044205911.3357058,False
20260908,sp_lg_h,4,train,2541e8913ecb495c,COph100/055/055_M_GA38_BW3245_PA43_DG13_PF0_D1_S04_13__055_M_GA38_BW3245_PA78_DG13_PF0_D1_S09_6,COph100/patient/055,COph100,True,False,138446249.6936386,7.199957633201148e-06,3044205911.3357058,False
20260908,sp_lg_h,4,calibration,3968ed21e45d9ba8,COph100/033/033_M_GA30_BW1250_PA31_DG0_PF0_D1_S01_2__033_M_GA30_BW1250_PA33_DG0_PF0_D1_S02_1,COph100/patient/033,COph100,True,False,97649853447.23456,7.199957633201148e-06,3044205911.3357058,True
20260909,xfeat_h,0,test,a3b2e2934c364e2a,COph100/055-1/055_M_GA38_BW3245_PA42_DG13_PF0_D1_S03_2__055_M_GA38_BW3245_PA78_DG13_PF0_D1_S09_16,COph100/patient/055,COph100,True,False,8654742027.155737,4.519873533058088e-06,325.00934027783336,True
20260909,xfeat_h,0,test,11bcaf81af6206b4,COph100/055/055_M_GA38_BW3245_PA43_DG13_PF0_D1_S04_13__055_M_GA38_BW3245_PA78_DG13_PF0_D1_S09_6,COph100/patient/055,COph100,True,True,1045006731.0949349,4.519873533058088e-06,325.00934027783336,True
20260909,xfeat_h,1,train,a3b2e2934c364e2a,COph100/055-1/055_M_GA38_BW3245_PA42_DG13_PF0_D1_S03_2__055_M_GA38_BW3245_PA78_DG13_PF0_D1_S09_16,COph100/patient/055,COph100,True,False,8654742027.155737,4.519873533058088e-06,8654742027.155737,False
20260909,xfeat_h,1,train,11bcaf81af6206b4,COph100/055/055_M_GA38_BW3245_PA43_DG13_PF0_D1_S04_13__055_M_GA38_BW3245_PA78_DG13_PF0_D1_S09_6,COph100/patient/055,COph100,True,True,1045006731.0949349,4.519873533058088e-06,8654742027.155737,False
20260909,xfeat_h,2,train,a3b2e2934c364e2a,COph100/055-1/055_M_GA38_BW3245_PA42_DG13_PF0_D1_S03_2__055_M_GA38_BW3245_PA78_DG13_PF0_D1_S09_16,COph100/patient/055,COph100,True,False,8654742027.155737,4.519873533058088e-06,8654742027.155737,False
20260909,xfeat_h,2,train,11bcaf81af6206b4,COph100/055/055_M_GA38_BW3245_PA43_DG13_PF0_D1_S04_13__055_M_GA38_BW3245_PA78_DG13_PF0_D1_S09_6,COph100/patient/055,COph100,True,True,1045006731.0949349,4.519873533058088e-06,8654742027.155737,False
20260909,xfeat_h,3,train,a3b2e2934c364e2a,COph100/055-1/055_M_GA38_BW3245_PA42_DG13_PF0_D1_S03_2__055_M_GA38_BW3245_PA78_DG13_PF0_D1_S09_16,COph100/patient/055,COph100,True,False,8654742027.155737,0.0001457267406006129,8654742027.155737,False
20260909,xfeat_h,3,train,11bcaf81af6206b4,COph100/055/055_M_GA38_BW3245_PA43_DG13_PF0_D1_S04_13__055_M_GA38_BW3245_PA78_DG13_PF0_D1_S09_6,COph100/patient/055,COph100,True,True,1045006731.0949349,0.0001457267406006129,8654742027.155737,False
20260909,xfeat_h,4,calibration,a3b2e2934c364e2a,COph100/055-1/055_M_GA38_BW3245_PA42_DG13_PF0_D1_S03_2__055_M_GA38_BW3245_PA78_DG13_PF0_D1_S09_16,COph100/patient/055,COph100,True,False,8654742027.155737,7.672406182586129e-05,325.00934027783336,True
20260909,xfeat_h,4,calibration,11bcaf81af6206b4,COph100/055/055_M_GA38_BW3245_PA43_DG13_PF0_D1_S04_13__055_M_GA38_BW3245_PA78_DG13_PF0_D1_S09_6,COph100/patient/055,COph100,True,True,1045006731.0949349,7.672406182586129e-05,325.00934027783336,True
20260909,sp_lg_h,0,train,e72ba4a2fa2829d4,COph100/026-1/026_M_GA33_BW1700_PA36_DG11_PF0_D1_S02_6__026_M_GA33_BW1700_PA42_DG11_PF0_D1_S05_6,COph100/patient/026,COph100,True,True,2202054258.7223964,7.199957633201148e-06,2202054258.7223964,False
20260909,sp_lg_h,0,train,4cc4583374a7f846,COph100/026/026_M_GA33_BW1700_PA36_DG11_PF0_D1_S02_10__026_M_GA33_BW1700_PA40_DG11_PF0_D1_S04_11,COph100/patient/026,COph100,True,True,11125766.607773216,7.199957633201148e-06,2202054258.7223964,False
20260909,sp_lg_h,0,test,3968ed21e45d9ba8,COph100/033/033_M_GA30_BW1250_PA31_DG0_PF0_D1_S01_2__033_M_GA30_BW1250_PA33_DG0_PF0_D1_S02_1,COph100/patient/033,COph100,True,False,97649853447.23456,7.199957633201148e-06,2202054258.7223964,True
20260909,sp_lg_h,0,test,d9cae0da3a04d6af,COph100/052/052_M_GA26_BW820_PA31_DG1_PF0_D1_S01_3__052_M_GA26_BW820_PA46_DG2_PF0_D1_S07_6,COph100/patient/052,COph100,True,True,2220851.201832924,7.199957633201148e-06,2202054258.7223964,False
20260909,sp_lg_h,0,test,77518ee0f8861b97,COph100/052/052_M_GA26_BW820_PA34_DG3_PF0_D1_S04_4__052_M_GA26_BW820_PA75_DG9_PF0_D1_S08_20,COph100/patient/052,COph100,True,True,20540791.656451978,7.199957633201148e-06,2202054258.7223964,False
20260909,sp_lg_h,0,test,ce0f14b486d56040,COph100/055-1/055_M_GA38_BW3245_PA40_DG13_PF0_D1_S01_10__055_M_GA38_BW3245_PA44_DG13_PF0_D1_S05_6,COph100/patient/055,COph100,True,True,39281513.67231593,7.199957633201148e-06,2202054258.7223964,False
20260909,sp_lg_h,0,test,da1b669d55ceeb70,COph100/055-1/055_M_GA38_BW3245_PA40_DG13_PF0_D1_S01_10__055_M_GA38_BW3245_PA53_DG13_PF0_D1_S08_2,COph100/patient/055,COph100,True,False,3044205911.3357058,7.199957633201148e-06,2202054258.7223964,True
20260909,sp_lg_h,0,test,cf804c649b733cd6,COph100/055-1/055_M_GA38_BW3245_PA40_DG13_PF0_D1_S01_10__055_M_GA38_BW3245_PA78_DG13_PF0_D1_S09_16,COph100/patient/055,COph100,True,True,107062547.19021197,7.199957633201148e-06,2202054258.7223964,False
20260909,sp_lg_h,0,test,8ed14fb063327bae,COph100/055/055_M_GA38_BW3245_PA40_DG13_PF0_D1_S01_3__055_M_GA38_BW3245_PA53_DG13_PF0_D1_S08_7,COph100/patient/055,COph100,True,False,2501044028.0221753,7.199957633201148e-06,2202054258.7223964,True
20260909,sp_lg_h,0,test,2541e8913ecb495c,COph100/055/055_M_GA38_BW3245_PA43_DG13_PF0_D1_S04_13__055_M_GA38_BW3245_PA78_DG13_PF0_D1_S09_6,COph100/patient/055,COph100,True,False,138446249.6936386,7.199957633201148e-06,2202054258.7223964,False
20260909,sp_lg_h,1,train,3968ed21e45d9ba8,COph100/033/033_M_GA30_BW1250_PA31_DG0_PF0_D1_S01_2__033_M_GA30_BW1250_PA33_DG0_PF0_D1_S02_1,COph100/patient/033,COph100,True,False,97649853447.23456,7.199957633201148e-06,97649853447.23456,False
20260909,sp_lg_h,1,train,d9cae0da3a04d6af,COph100/052/052_M_GA26_BW820_PA31_DG1_PF0_D1_S01_3__052_M_GA26_BW820_PA46_DG2_PF0_D1_S07_6,COph100/patient/052,COph100,True,True,2220851.201832924,7.199957633201148e-06,97649853447.23456,False
20260909,sp_lg_h,1,train,77518ee0f8861b97,COph100/052/052_M_GA26_BW820_PA34_DG3_PF0_D1_S04_4__052_M_GA26_BW820_PA75_DG9_PF0_D1_S08_20,COph100/patient/052,COph100,True,True,20540791.656451978,7.199957633201148e-06,97649853447.23456,False
20260909,sp_lg_h,1,train,ce0f14b486d56040,COph100/055-1/055_M_GA38_BW3245_PA40_DG13_PF0_D1_S01_10__055_M_GA38_BW3245_PA44_DG13_PF0_D1_S05_6,COph100/patient/055,COph100,True,True,39281513.67231593,7.199957633201148e-06,97649853447.23456,False
20260909,sp_lg_h,1,train,da1b669d55ceeb70,COph100/055-1/055_M_GA38_BW3245_PA40_DG13_PF0_D1_S01_10__055_M_GA38_BW3245_PA53_DG13_PF0_D1_S08_2,COph100/patient/055,COph100,True,False,3044205911.3357058,7.199957633201148e-06,97649853447.23456,False
20260909,sp_lg_h,1,train,cf804c649b733cd6,COph100/055-1/055_M_GA38_BW3245_PA40_DG13_PF0_D1_S01_10__055_M_GA38_BW3245_PA78_DG13_PF0_D1_S09_16,COph100/patient/055,COph100,True,True,107062547.19021197,7.199957633201148e-06,97649853447.23456,False
20260909,sp_lg_h,1,train,8ed14fb063327bae,COph100/055/055_M_GA38_BW3245_PA40_DG13_PF0_D1_S01_3__055_M_GA38_BW3245_PA53_DG13_PF0_D1_S08_7,COph100/patient/055,COph100,True,False,2501044028.0221753,7.199957633201148e-06,97649853447.23456,False
20260909,sp_lg_h,1,train,2541e8913ecb495c,COph100/055/055_M_GA38_BW3245_PA43_DG13_PF0_D1_S04_13__055_M_GA38_BW3245_PA78_DG13_PF0_D1_S09_6,COph100/patient/055,COph100,True,False,138446249.6936386,7.199957633201148e-06,97649853447.23456,False
20260909,sp_lg_h,1,calibration,e72ba4a2fa2829d4,COph100/026-1/026_M_GA33_BW1700_PA36_DG11_PF0_D1_S02_6__026_M_GA33_BW1700_PA42_DG11_PF0_D1_S05_6,COph100/patient/026,COph100,True,True,2202054258.7223964,7.199957633201148e-06,97649853447.23456,False
20260909,sp_lg_h,1,calibration,4cc4583374a7f846,COph100/026/026_M_GA33_BW1700_PA36_DG11_PF0_D1_S02_10__026_M_GA33_BW1700_PA40_DG11_PF0_D1_S04_11,COph100/patient/026,COph100,True,True,11125766.607773216,7.199957633201148e-06,97649853447.23456,False
20260909,sp_lg_h,2,train,3968ed21e45d9ba8,COph100/033/033_M_GA30_BW1250_PA31_DG0_PF0_D1_S01_2__033_M_GA30_BW1250_PA33_DG0_PF0_D1_S02_1,COph100/patient/033,COph100,True,False,97649853447.23456,7.199957633201148e-06,97649853447.23456,False
20260909,sp_lg_h,2,train,d9cae0da3a04d6af,COph100/052/052_M_GA26_BW820_PA31_DG1_PF0_D1_S01_3__052_M_GA26_BW820_PA46_DG2_PF0_D1_S07_6,COph100/patient/052,COph100,True,True,2220851.201832924,7.199957633201148e-06,97649853447.23456,False
20260909,sp_lg_h,2,train,77518ee0f8861b97,COph100/052/052_M_GA26_BW820_PA34_DG3_PF0_D1_S04_4__052_M_GA26_BW820_PA75_DG9_PF0_D1_S08_20,COph100/patient/052,COph100,True,True,20540791.656451978,7.199957633201148e-06,97649853447.23456,False
20260909,sp_lg_h,2,train,ce0f14b486d56040,COph100/055-1/055_M_GA38_BW3245_PA40_DG13_PF0_D1_S01_10__055_M_GA38_BW3245_PA44_DG13_PF0_D1_S05_6,COph100/patient/055,COph100,True,True,39281513.67231593,7.199957633201148e-06,97649853447.23456,False
20260909,sp_lg_h,2,train,da1b669d55ceeb70,COph100/055-1/055_M_GA38_BW3245_PA40_DG13_PF0_D1_S01_10__055_M_GA38_BW3245_PA53_DG13_PF0_D1_S08_2,COph100/patient/055,COph100,True,False,3044205911.3357058,7.199957633201148e-06,97649853447.23456,False
20260909,sp_lg_h,2,train,cf804c649b733cd6,COph100/055-1/055_M_GA38_BW3245_PA40_DG13_PF0_D1_S01_10__055_M_GA38_BW3245_PA78_DG13_PF0_D1_S09_16,COph100/patient/055,COph100,True,True,107062547.19021197,7.199957633201148e-06,97649853447.23456,False
20260909,sp_lg_h,2,train,8ed14fb063327bae,COph100/055/055_M_GA38_BW3245_PA40_DG13_PF0_D1_S01_3__055_M_GA38_BW3245_PA53_DG13_PF0_D1_S08_7,COph100/patient/055,COph100,True,False,2501044028.0221753,7.199957633201148e-06,97649853447.23456,False
20260909,sp_lg_h,2,train,2541e8913ecb495c,COph100/055/055_M_GA38_BW3245_PA43_DG13_PF0_D1_S04_13__055_M_GA38_BW3245_PA78_DG13_PF0_D1_S09_6,COph100/patient/055,COph100,True,False,138446249.6936386,7.199957633201148e-06,97649853447.23456,False
20260909,sp_lg_h,2,test,e72ba4a2fa2829d4,COph100/026-1/026_M_GA33_BW1700_PA36_DG11_PF0_D1_S02_6__026_M_GA33_BW1700_PA42_DG11_PF0_D1_S05_6,COph100/patient/026,COph100,True,True,2202054258.7223964,7.199957633201148e-06,97649853447.23456,False
20260909,sp_lg_h,2,test,4cc4583374a7f846,COph100/026/026_M_GA33_BW1700_PA36_DG11_PF0_D1_S02_10__026_M_GA33_BW1700_PA40_DG11_PF0_D1_S04_11,COph100/patient/026,COph100,True,True,11125766.607773216,7.199957633201148e-06,97649853447.23456,False
20260909,sp_lg_h,3,train,e72ba4a2fa2829d4,COph100/026-1/026_M_GA33_BW1700_PA36_DG11_PF0_D1_S02_6__026_M_GA33_BW1700_PA42_DG11_PF0_D1_S05_6,COph100/patient/026,COph100,True,True,2202054258.7223964,0.0001103195129025508,97649853447.23456,False
20260909,sp_lg_h,3,train,4cc4583374a7f846,COph100/026/026_M_GA33_BW1700_PA36_DG11_PF0_D1_S02_10__026_M_GA33_BW1700_PA40_DG11_PF0_D1_S04_11,COph100/patient/026,COph100,True,True,11125766.607773216,0.0001103195129025508,97649853447.23456,False
20260909,sp_lg_h,3,train,3968ed21e45d9ba8,COph100/033/033_M_GA30_BW1250_PA31_DG0_PF0_D1_S01_2__033_M_GA30_BW1250_PA33_DG0_PF0_D1_S02_1,COph100/patient/033,COph100,True,False,97649853447.23456,0.0001103195129025508,97649853447.23456,False
20260909,sp_lg_h,3,train,d9cae0da3a04d6af,COph100/052/052_M_GA26_BW820_PA31_DG1_PF0_D1_S01_3__052_M_GA26_BW820_PA46_DG2_PF0_D1_S07_6,COph100/patient/052,COph100,True,True,2220851.201832924,0.0001103195129025508,97649853447.23456,False
20260909,sp_lg_h,3,train,77518ee0f8861b97,COph100/052/052_M_GA26_BW820_PA34_DG3_PF0_D1_S04_4__052_M_GA26_BW820_PA75_DG9_PF0_D1_S08_20,COph100/patient/052,COph100,True,True,20540791.656451978,0.0001103195129025508,97649853447.23456,False
20260909,sp_lg_h,3,train,ce0f14b486d56040,COph100/055-1/055_M_GA38_BW3245_PA40_DG13_PF0_D1_S01_10__055_M_GA38_BW3245_PA44_DG13_PF0_D1_S05_6,COph100/patient/055,COph100,True,True,39281513.67231593,0.0001103195129025508,97649853447.23456,False
20260909,sp_lg_h,3,train,da1b669d55ceeb70,COph100/055-1/055_M_GA38_BW3245_PA40_DG13_PF0_D1_S01_10__055_M_GA38_BW3245_PA53_DG13_PF0_D1_S08_2,COph100/patient/055,COph100,True,False,3044205911.3357058,0.0001103195129025508,97649853447.23456,False
20260909,sp_lg_h,3,train,cf804c649b733cd6,COph100/055-1/055_M_GA38_BW3245_PA40_DG13_PF0_D1_S01_10__055_M_GA38_BW3245_PA78_DG13_PF0_D1_S09_16,COph100/patient/055,COph100,True,True,107062547.19021197,0.0001103195129025508,97649853447.23456,False
20260909,sp_lg_h,3,train,8ed14fb063327bae,COph100/055/055_M_GA38_BW3245_PA40_DG13_PF0_D1_S01_3__055_M_GA38_BW3245_PA53_DG13_PF0_D1_S08_7,COph100/patient/055,COph100,True,False,2501044028.0221753,0.0001103195129025508,97649853447.23456,False
20260909,sp_lg_h,3,train,2541e8913ecb495c,COph100/055/055_M_GA38_BW3245_PA43_DG13_PF0_D1_S04_13__055_M_GA38_BW3245_PA78_DG13_PF0_D1_S09_6,COph100/patient/055,COph100,True,False,138446249.6936386,0.0001103195129025508,97649853447.23456,False
20260909,sp_lg_h,4,train,e72ba4a2fa2829d4,COph100/026-1/026_M_GA33_BW1700_PA36_DG11_PF0_D1_S02_6__026_M_GA33_BW1700_PA42_DG11_PF0_D1_S05_6,COph100/patient/026,COph100,True,True,2202054258.7223964,8.08405186319934e-05,2202054258.7223964,False
20260909,sp_lg_h,4,train,4cc4583374a7f846,COph100/026/026_M_GA33_BW1700_PA36_DG11_PF0_D1_S02_10__026_M_GA33_BW1700_PA40_DG11_PF0_D1_S04_11,COph100/patient/026,COph100,True,True,11125766.607773216,8.08405186319934e-05,2202054258.7223964,False
20260909,sp_lg_h,4,calibration,3968ed21e45d9ba8,COph100/033/033_M_GA30_BW1250_PA31_DG0_PF0_D1_S01_2__033_M_GA30_BW1250_PA33_DG0_PF0_D1_S02_1,COph100/patient/033,COph100,True,False,97649853447.23456,8.08405186319934e-05,2202054258.7223964,True
20260909,sp_lg_h,4,calibration,d9cae0da3a04d6af,COph100/052/052_M_GA26_BW820_PA31_DG1_PF0_D1_S01_3__052_M_GA26_BW820_PA46_DG2_PF0_D1_S07_6,COph100/patient/052,COph100,True,True,2220851.201832924,8.08405186319934e-05,2202054258.7223964,False
20260909,sp_lg_h,4,calibration,77518ee0f8861b97,COph100/052/052_M_GA26_BW820_PA34_DG3_PF0_D1_S04_4__052_M_GA26_BW820_PA75_DG9_PF0_D1_S08_20,COph100/patient/052,COph100,True,True,20540791.656451978,8.08405186319934e-05,2202054258.7223964,False
20260909,sp_lg_h,4,calibration,ce0f14b486d56040,COph100/055-1/055_M_GA38_BW3245_PA40_DG13_PF0_D1_S01_10__055_M_GA38_BW3245_PA44_DG13_PF0_D1_S05_6,COph100/patient/055,COph100,True,True,39281513.67231593,8.08405186319934e-05,2202054258.7223964,False
20260909,sp_lg_h,4,calibration,da1b669d55ceeb70,COph100/055-1/055_M_GA38_BW3245_PA40_DG13_PF0_D1_S01_10__055_M_GA38_BW3245_PA53_DG13_PF0_D1_S08_2,COph100/patient/055,COph100,True,False,3044205911.3357058,8.08405186319934e-05,2202054258.7223964,True
20260909,sp_lg_h,4,calibration,cf804c649b733cd6,COph100/055-1/055_M_GA38_BW3245_PA40_DG13_PF0_D1_S01_10__055_M_GA38_BW3245_PA78_DG13_PF0_D1_S09_16,COph100/patient/055,COph100,True,True,107062547.19021197,8.08405186319934e-05,2202054258.7223964,False
20260909,sp_lg_h,4,calibration,8ed14fb063327bae,COph100/055/055_M_GA38_BW3245_PA40_DG13_PF0_D1_S01_3__055_M_GA38_BW3245_PA53_DG13_PF0_D1_S08_7,COph100/patient/055,COph100,True,False,2501044028.0221753,8.08405186319934e-05,2202054258.7223964,True
20260909,sp_lg_h,4,calibration,2541e8913ecb495c,COph100/055/055_M_GA38_BW3245_PA43_DG13_PF0_D1_S04_13__055_M_GA38_BW3245_PA78_DG13_PF0_D1_S09_6,COph100/patient/055,COph100,True,False,138446249.6936386,8.08405186319934e-05,2202054258.7223964,False
20260910,xfeat_h,0,test,a3b2e2934c364e2a,COph100/055-1/055_M_GA38_BW3245_PA42_DG13_PF0_D1_S03_2__055_M_GA38_BW3245_PA78_DG13_PF0_D1_S09_16,COph100/patient/055,COph100,True,False,8654742027.155737,4.519873533058088e-06,17.473831965696593,True
20260910,xfeat_h,0,test,11bcaf81af6206b4,COph100/055/055_M_GA38_BW3245_PA43_DG13_PF0_D1_S04_13__055_M_GA38_BW3245_PA78_DG13_PF0_D1_S09_6,COph100/patient/055,COph100,True,True,1045006731.0949349,4.519873533058088e-06,17.473831965696593,True
20260910,xfeat_h,1,train,a3b2e2934c364e2a,COph100/055-1/055_M_GA38_BW3245_PA42_DG13_PF0_D1_S03_2__055_M_GA38_BW3245_PA78_DG13_PF0_D1_S09_16,COph100/patient/055,COph100,True,False,8654742027.155737,4.519873533058088e-06,8654742027.155737,False
20260910,xfeat_h,1,train,11bcaf81af6206b4,COph100/055/055_M_GA38_BW3245_PA43_DG13_PF0_D1_S04_13__055_M_GA38_BW3245_PA78_DG13_PF0_D1_S09_6,COph100/patient/055,COph100,True,True,1045006731.0949349,4.519873533058088e-06,8654742027.155737,False
20260910,xfeat_h,2,train,a3b2e2934c364e2a,COph100/055-1/055_M_GA38_BW3245_PA42_DG13_PF0_D1_S03_2__055_M_GA38_BW3245_PA78_DG13_PF0_D1_S09_16,COph100/patient/055,COph100,True,False,8654742027.155737,4.519873533058088e-06,8654742027.155737,False
20260910,xfeat_h,2,train,11bcaf81af6206b4,COph100/055/055_M_GA38_BW3245_PA43_DG13_PF0_D1_S04_13__055_M_GA38_BW3245_PA78_DG13_PF0_D1_S09_6,COph100/patient/055,COph100,True,True,1045006731.0949349,4.519873533058088e-06,8654742027.155737,False
20260910,xfeat_h,3,train,a3b2e2934c364e2a,COph100/055-1/055_M_GA38_BW3245_PA42_DG13_PF0_D1_S03_2__055_M_GA38_BW3245_PA78_DG13_PF0_D1_S09_16,COph100/patient/055,COph100,True,False,8654742027.155737,7.672406182586129e-05,8654742027.155737,False
20260910,xfeat_h,3,train,11bcaf81af6206b4,COph100/055/055_M_GA38_BW3245_PA43_DG13_PF0_D1_S04_13__055_M_GA38_BW3245_PA78_DG13_PF0_D1_S09_6,COph100/patient/055,COph100,True,True,1045006731.0949349,7.672406182586129e-05,8654742027.155737,False
20260910,xfeat_h,4,calibration,a3b2e2934c364e2a,COph100/055-1/055_M_GA38_BW3245_PA42_DG13_PF0_D1_S03_2__055_M_GA38_BW3245_PA78_DG13_PF0_D1_S09_16,COph100/patient/055,COph100,True,False,8654742027.155737,0.0002184272222717521,30.598957301996208,True
20260910,xfeat_h,4,calibration,11bcaf81af6206b4,COph100/055/055_M_GA38_BW3245_PA43_DG13_PF0_D1_S04_13__055_M_GA38_BW3245_PA78_DG13_PF0_D1_S09_6,COph100/patient/055,COph100,True,True,1045006731.0949349,0.0002184272222717521,30.598957301996208,True
20260910,sp_lg_h,0,train,e72ba4a2fa2829d4,COph100/026-1/026_M_GA33_BW1700_PA36_DG11_PF0_D1_S02_6__026_M_GA33_BW1700_PA42_DG11_PF0_D1_S05_6,COph100/patient/026,COph100,True,True,2202054258.7223964,7.199957633201148e-06,97649853447.23456,False
20260910,sp_lg_h,0,train,4cc4583374a7f846,COph100/026/026_M_GA33_BW1700_PA36_DG11_PF0_D1_S02_10__026_M_GA33_BW1700_PA40_DG11_PF0_D1_S04_11,COph100/patient/026,COph100,True,True,11125766.607773216,7.199957633201148e-06,97649853447.23456,False
20260910,sp_lg_h,0,train,3968ed21e45d9ba8,COph100/033/033_M_GA30_BW1250_PA31_DG0_PF0_D1_S01_2__033_M_GA30_BW1250_PA33_DG0_PF0_D1_S02_1,COph100/patient/033,COph100,True,False,97649853447.23456,7.199957633201148e-06,97649853447.23456,False
20260910,sp_lg_h,0,train,d9cae0da3a04d6af,COph100/052/052_M_GA26_BW820_PA31_DG1_PF0_D1_S01_3__052_M_GA26_BW820_PA46_DG2_PF0_D1_S07_6,COph100/patient/052,COph100,True,True,2220851.201832924,7.199957633201148e-06,97649853447.23456,False
20260910,sp_lg_h,0,train,77518ee0f8861b97,COph100/052/052_M_GA26_BW820_PA34_DG3_PF0_D1_S04_4__052_M_GA26_BW820_PA75_DG9_PF0_D1_S08_20,COph100/patient/052,COph100,True,True,20540791.656451978,7.199957633201148e-06,97649853447.23456,False
20260910,sp_lg_h,0,test,ce0f14b486d56040,COph100/055-1/055_M_GA38_BW3245_PA40_DG13_PF0_D1_S01_10__055_M_GA38_BW3245_PA44_DG13_PF0_D1_S05_6,COph100/patient/055,COph100,True,True,39281513.67231593,7.199957633201148e-06,97649853447.23456,False
20260910,sp_lg_h,0,test,da1b669d55ceeb70,COph100/055-1/055_M_GA38_BW3245_PA40_DG13_PF0_D1_S01_10__055_M_GA38_BW3245_PA53_DG13_PF0_D1_S08_2,COph100/patient/055,COph100,True,False,3044205911.3357058,7.199957633201148e-06,97649853447.23456,False
20260910,sp_lg_h,0,test,cf804c649b733cd6,COph100/055-1/055_M_GA38_BW3245_PA40_DG13_PF0_D1_S01_10__055_M_GA38_BW3245_PA78_DG13_PF0_D1_S09_16,COph100/patient/055,COph100,True,True,107062547.19021197,7.199957633201148e-06,97649853447.23456,False
20260910,sp_lg_h,0,test,8ed14fb063327bae,COph100/055/055_M_GA38_BW3245_PA40_DG13_PF0_D1_S01_3__055_M_GA38_BW3245_PA53_DG13_PF0_D1_S08_7,COph100/patient/055,COph100,True,False,2501044028.0221753,7.199957633201148e-06,97649853447.23456,False
20260910,sp_lg_h,0,test,2541e8913ecb495c,COph100/055/055_M_GA38_BW3245_PA43_DG13_PF0_D1_S04_13__055_M_GA38_BW3245_PA78_DG13_PF0_D1_S09_6,COph100/patient/055,COph100,True,False,138446249.6936386,7.199957633201148e-06,97649853447.23456,False
20260910,sp_lg_h,1,train,e72ba4a2fa2829d4,COph100/026-1/026_M_GA33_BW1700_PA36_DG11_PF0_D1_S02_6__026_M_GA33_BW1700_PA42_DG11_PF0_D1_S05_6,COph100/patient/026,COph100,True,True,2202054258.7223964,7.199957633201148e-06,3044205911.3357058,False
20260910,sp_lg_h,1,train,4cc4583374a7f846,COph100/026/026_M_GA33_BW1700_PA36_DG11_PF0_D1_S02_10__026_M_GA33_BW1700_PA40_DG11_PF0_D1_S04_11,COph100/patient/026,COph100,True,True,11125766.607773216,7.199957633201148e-06,3044205911.3357058,False
20260910,sp_lg_h,1,train,d9cae0da3a04d6af,COph100/052/052_M_GA26_BW820_PA31_DG1_PF0_D1_S01_3__052_M_GA26_BW820_PA46_DG2_PF0_D1_S07_6,COph100/patient/052,COph100,True,True,2220851.201832924,7.199957633201148e-06,3044205911.3357058,False
20260910,sp_lg_h,1,train,77518ee0f8861b97,COph100/052/052_M_GA26_BW820_PA34_DG3_PF0_D1_S04_4__052_M_GA26_BW820_PA75_DG9_PF0_D1_S08_20,COph100/patient/052,COph100,True,True,20540791.656451978,7.199957633201148e-06,3044205911.3357058,False
20260910,sp_lg_h,1,train,ce0f14b486d56040,COph100/055-1/055_M_GA38_BW3245_PA40_DG13_PF0_D1_S01_10__055_M_GA38_BW3245_PA44_DG13_PF0_D1_S05_6,COph100/patient/055,COph100,True,True,39281513.67231593,7.199957633201148e-06,3044205911.3357058,False
20260910,sp_lg_h,1,train,da1b669d55ceeb70,COph100/055-1/055_M_GA38_BW3245_PA40_DG13_PF0_D1_S01_10__055_M_GA38_BW3245_PA53_DG13_PF0_D1_S08_2,COph100/patient/055,COph100,True,False,3044205911.3357058,7.199957633201148e-06,3044205911.3357058,False
20260910,sp_lg_h,1,train,cf804c649b733cd6,COph100/055-1/055_M_GA38_BW3245_PA40_DG13_PF0_D1_S01_10__055_M_GA38_BW3245_PA78_DG13_PF0_D1_S09_16,COph100/patient/055,COph100,True,True,107062547.19021197,7.199957633201148e-06,3044205911.3357058,False
20260910,sp_lg_h,1,train,8ed14fb063327bae,COph100/055/055_M_GA38_BW3245_PA40_DG13_PF0_D1_S01_3__055_M_GA38_BW3245_PA53_DG13_PF0_D1_S08_7,COph100/patient/055,COph100,True,False,2501044028.0221753,7.199957633201148e-06,3044205911.3357058,False
20260910,sp_lg_h,1,train,2541e8913ecb495c,COph100/055/055_M_GA38_BW3245_PA43_DG13_PF0_D1_S04_13__055_M_GA38_BW3245_PA78_DG13_PF0_D1_S09_6,COph100/patient/055,COph100,True,False,138446249.6936386,7.199957633201148e-06,3044205911.3357058,False
20260910,sp_lg_h,1,calibration,3968ed21e45d9ba8,COph100/033/033_M_GA30_BW1250_PA31_DG0_PF0_D1_S01_2__033_M_GA30_BW1250_PA33_DG0_PF0_D1_S02_1,COph100/patient/033,COph100,True,False,97649853447.23456,7.199957633201148e-06,3044205911.3357058,True
20260910,sp_lg_h,2,train,e72ba4a2fa2829d4,COph100/026-1/026_M_GA33_BW1700_PA36_DG11_PF0_D1_S02_6__026_M_GA33_BW1700_PA42_DG11_PF0_D1_S05_6,COph100/patient/026,COph100,True,True,2202054258.7223964,7.199957633201148e-06,3044205911.3357058,False
20260910,sp_lg_h,2,train,4cc4583374a7f846,COph100/026/026_M_GA33_BW1700_PA36_DG11_PF0_D1_S02_10__026_M_GA33_BW1700_PA40_DG11_PF0_D1_S04_11,COph100/patient/026,COph100,True,True,11125766.607773216,7.199957633201148e-06,3044205911.3357058,False
20260910,sp_lg_h,2,train,d9cae0da3a04d6af,COph100/052/052_M_GA26_BW820_PA31_DG1_PF0_D1_S01_3__052_M_GA26_BW820_PA46_DG2_PF0_D1_S07_6,COph100/patient/052,COph100,True,True,2220851.201832924,7.199957633201148e-06,3044205911.3357058,False
20260910,sp_lg_h,2,train,77518ee0f8861b97,COph100/052/052_M_GA26_BW820_PA34_DG3_PF0_D1_S04_4__052_M_GA26_BW820_PA75_DG9_PF0_D1_S08_20,COph100/patient/052,COph100,True,True,20540791.656451978,7.199957633201148e-06,3044205911.3357058,False
20260910,sp_lg_h,2,train,ce0f14b486d56040,COph100/055-1/055_M_GA38_BW3245_PA40_DG13_PF0_D1_S01_10__055_M_GA38_BW3245_PA44_DG13_PF0_D1_S05_6,COph100/patient/055,COph100,True,True,39281513.67231593,7.199957633201148e-06,3044205911.3357058,False
20260910,sp_lg_h,2,train,da1b669d55ceeb70,COph100/055-1/055_M_GA38_BW3245_PA40_DG13_PF0_D1_S01_10__055_M_GA38_BW3245_PA53_DG13_PF0_D1_S08_2,COph100/patient/055,COph100,True,False,3044205911.3357058,7.199957633201148e-06,3044205911.3357058,False
20260910,sp_lg_h,2,train,cf804c649b733cd6,COph100/055-1/055_M_GA38_BW3245_PA40_DG13_PF0_D1_S01_10__055_M_GA38_BW3245_PA78_DG13_PF0_D1_S09_16,COph100/patient/055,COph100,True,True,107062547.19021197,7.199957633201148e-06,3044205911.3357058,False
20260910,sp_lg_h,2,train,8ed14fb063327bae,COph100/055/055_M_GA38_BW3245_PA40_DG13_PF0_D1_S01_3__055_M_GA38_BW3245_PA53_DG13_PF0_D1_S08_7,COph100/patient/055,COph100,True,False,2501044028.0221753,7.199957633201148e-06,3044205911.3357058,False
20260910,sp_lg_h,2,train,2541e8913ecb495c,COph100/055/055_M_GA38_BW3245_PA43_DG13_PF0_D1_S04_13__055_M_GA38_BW3245_PA78_DG13_PF0_D1_S09_6,COph100/patient/055,COph100,True,False,138446249.6936386,7.199957633201148e-06,3044205911.3357058,False
20260910,sp_lg_h,2,test,3968ed21e45d9ba8,COph100/033/033_M_GA30_BW1250_PA31_DG0_PF0_D1_S01_2__033_M_GA30_BW1250_PA33_DG0_PF0_D1_S02_1,COph100/patient/033,COph100,True,False,97649853447.23456,7.199957633201148e-06,3044205911.3357058,True
20260910,sp_lg_h,3,train,3968ed21e45d9ba8,COph100/033/033_M_GA30_BW1250_PA31_DG0_PF0_D1_S01_2__033_M_GA30_BW1250_PA33_DG0_PF0_D1_S02_1,COph100/patient/033,COph100,True,False,97649853447.23456,8.08405186319934e-05,97649853447.23456,False
20260910,sp_lg_h,3,train,ce0f14b486d56040,COph100/055-1/055_M_GA38_BW3245_PA40_DG13_PF0_D1_S01_10__055_M_GA38_BW3245_PA44_DG13_PF0_D1_S05_6,COph100/patient/055,COph100,True,True,39281513.67231593,8.08405186319934e-05,97649853447.23456,False
20260910,sp_lg_h,3,train,da1b669d55ceeb70,COph100/055-1/055_M_GA38_BW3245_PA40_DG13_PF0_D1_S01_10__055_M_GA38_BW3245_PA53_DG13_PF0_D1_S08_2,COph100/patient/055,COph100,True,False,3044205911.3357058,8.08405186319934e-05,97649853447.23456,False
20260910,sp_lg_h,3,train,cf804c649b733cd6,COph100/055-1/055_M_GA38_BW3245_PA40_DG13_PF0_D1_S01_10__055_M_GA38_BW3245_PA78_DG13_PF0_D1_S09_16,COph100/patient/055,COph100,True,True,107062547.19021197,8.08405186319934e-05,97649853447.23456,False
20260910,sp_lg_h,3,train,8ed14fb063327bae,COph100/055/055_M_GA38_BW3245_PA40_DG13_PF0_D1_S01_3__055_M_GA38_BW3245_PA53_DG13_PF0_D1_S08_7,COph100/patient/055,COph100,True,False,2501044028.0221753,8.08405186319934e-05,97649853447.23456,False
20260910,sp_lg_h,3,train,2541e8913ecb495c,COph100/055/055_M_GA38_BW3245_PA43_DG13_PF0_D1_S04_13__055_M_GA38_BW3245_PA78_DG13_PF0_D1_S09_6,COph100/patient/055,COph100,True,False,138446249.6936386,8.08405186319934e-05,97649853447.23456,False
20260910,sp_lg_h,3,calibration,e72ba4a2fa2829d4,COph100/026-1/026_M_GA33_BW1700_PA36_DG11_PF0_D1_S02_6__026_M_GA33_BW1700_PA42_DG11_PF0_D1_S05_6,COph100/patient/026,COph100,True,True,2202054258.7223964,8.08405186319934e-05,97649853447.23456,False
20260910,sp_lg_h,3,calibration,4cc4583374a7f846,COph100/026/026_M_GA33_BW1700_PA36_DG11_PF0_D1_S02_10__026_M_GA33_BW1700_PA40_DG11_PF0_D1_S04_11,COph100/patient/026,COph100,True,True,11125766.607773216,8.08405186319934e-05,97649853447.23456,False
20260910,sp_lg_h,3,calibration,d9cae0da3a04d6af,COph100/052/052_M_GA26_BW820_PA31_DG1_PF0_D1_S01_3__052_M_GA26_BW820_PA46_DG2_PF0_D1_S07_6,COph100/patient/052,COph100,True,True,2220851.201832924,8.08405186319934e-05,97649853447.23456,False
20260910,sp_lg_h,3,calibration,77518ee0f8861b97,COph100/052/052_M_GA26_BW820_PA34_DG3_PF0_D1_S04_4__052_M_GA26_BW820_PA75_DG9_PF0_D1_S08_20,COph100/patient/052,COph100,True,True,20540791.656451978,8.08405186319934e-05,97649853447.23456,False
20260910,sp_lg_h,4,train,3968ed21e45d9ba8,COph100/033/033_M_GA30_BW1250_PA31_DG0_PF0_D1_S01_2__033_M_GA30_BW1250_PA33_DG0_PF0_D1_S02_1,COph100/patient/033,COph100,True,False,97649853447.23456,8.08405186319934e-05,97649853447.23456,False
20260910,sp_lg_h,4,calibration,ce0f14b486d56040,COph100/055-1/055_M_GA38_BW3245_PA40_DG13_PF0_D1_S01_10__055_M_GA38_BW3245_PA44_DG13_PF0_D1_S05_6,COph100/patient/055,COph100,True,True,39281513.67231593,8.08405186319934e-05,97649853447.23456,False
20260910,sp_lg_h,4,calibration,da1b669d55ceeb70,COph100/055-1/055_M_GA38_BW3245_PA40_DG13_PF0_D1_S01_10__055_M_GA38_BW3245_PA53_DG13_PF0_D1_S08_2,COph100/patient/055,COph100,True,False,3044205911.3357058,8.08405186319934e-05,97649853447.23456,False
20260910,sp_lg_h,4,calibration,cf804c649b733cd6,COph100/055-1/055_M_GA38_BW3245_PA40_DG13_PF0_D1_S01_10__055_M_GA38_BW3245_PA78_DG13_PF0_D1_S09_16,COph100/patient/055,COph100,True,True,107062547.19021197,8.08405186319934e-05,97649853447.23456,False
20260910,sp_lg_h,4,calibration,8ed14fb063327bae,COph100/055/055_M_GA38_BW3245_PA40_DG13_PF0_D1_S01_3__055_M_GA38_BW3245_PA53_DG13_PF0_D1_S08_7,COph100/patient/055,COph100,True,False,2501044028.0221753,8.08405186319934e-05,97649853447.23456,False
20260910,sp_lg_h,4,calibration,2541e8913ecb495c,COph100/055/055_M_GA38_BW3245_PA43_DG13_PF0_D1_S04_13__055_M_GA38_BW3245_PA78_DG13_PF0_D1_S09_6,COph100/patient/055,COph100,True,False,138446249.6936386,8.08405186319934e-05,97649853447.23456,False
20260910,sp_lg_h,4,test,e72ba4a2fa2829d4,COph100/026-1/026_M_GA33_BW1700_PA36_DG11_PF0_D1_S02_6__026_M_GA33_BW1700_PA42_DG11_PF0_D1_S05_6,COph100/patient/026,COph100,True,True,2202054258.7223964,8.08405186319934e-05,97649853447.23456,False
20260910,sp_lg_h,4,test,4cc4583374a7f846,COph100/026/026_M_GA33_BW1700_PA36_DG11_PF0_D1_S02_10__026_M_GA33_BW1700_PA40_DG11_PF0_D1_S04_11,COph100/patient/026,COph100,True,True,11125766.607773216,8.08405186319934e-05,97649853447.23456,False
20260910,sp_lg_h,4,test,d9cae0da3a04d6af,COph100/052/052_M_GA26_BW820_PA31_DG1_PF0_D1_S01_3__052_M_GA26_BW820_PA46_DG2_PF0_D1_S07_6,COph100/patient/052,COph100,True,True,2220851.201832924,8.08405186319934e-05,97649853447.23456,False
20260910,sp_lg_h,4,test,77518ee0f8861b97,COph100/052/052_M_GA26_BW820_PA34_DG3_PF0_D1_S04_4__052_M_GA26_BW820_PA75_DG9_PF0_D1_S08_20,COph100/patient/052,COph100,True,True,20540791.656451978,8.08405186319934e-05,97649853447.23456,False
20260911,xfeat_h,0,train,a3b2e2934c364e2a,COph100/055-1/055_M_GA38_BW3245_PA42_DG13_PF0_D1_S03_2__055_M_GA38_BW3245_PA78_DG13_PF0_D1_S09_16,COph100/patient/055,COph100,True,False,8654742027.155737,7.672406182586129e-05,8654742027.155737,False
20260911,xfeat_h,0,train,11bcaf81af6206b4,COph100/055/055_M_GA38_BW3245_PA43_DG13_PF0_D1_S04_13__055_M_GA38_BW3245_PA78_DG13_PF0_D1_S09_6,COph100/patient/055,COph100,True,True,1045006731.0949349,7.672406182586129e-05,8654742027.155737,False
20260911,xfeat_h,1,train,a3b2e2934c364e2a,COph100/055-1/055_M_GA38_BW3245_PA42_DG13_PF0_D1_S03_2__055_M_GA38_BW3245_PA78_DG13_PF0_D1_S09_16,COph100/patient/055,COph100,True,False,8654742027.155737,4.519873533058088e-06,8654742027.155737,False
20260911,xfeat_h,1,train,11bcaf81af6206b4,COph100/055/055_M_GA38_BW3245_PA43_DG13_PF0_D1_S04_13__055_M_GA38_BW3245_PA78_DG13_PF0_D1_S09_6,COph100/patient/055,COph100,True,True,1045006731.0949349,4.519873533058088e-06,8654742027.155737,False
20260911,xfeat_h,2,train,a3b2e2934c364e2a,COph100/055-1/055_M_GA38_BW3245_PA42_DG13_PF0_D1_S03_2__055_M_GA38_BW3245_PA78_DG13_PF0_D1_S09_16,COph100/patient/055,COph100,True,False,8654742027.155737,4.519873533058088e-06,8654742027.155737,False
20260911,xfeat_h,2,train,11bcaf81af6206b4,COph100/055/055_M_GA38_BW3245_PA43_DG13_PF0_D1_S04_13__055_M_GA38_BW3245_PA78_DG13_PF0_D1_S09_6,COph100/patient/055,COph100,True,True,1045006731.0949349,4.519873533058088e-06,8654742027.155737,False
20260911,xfeat_h,3,calibration,a3b2e2934c364e2a,COph100/055-1/055_M_GA38_BW3245_PA42_DG13_PF0_D1_S03_2__055_M_GA38_BW3245_PA78_DG13_PF0_D1_S09_16,COph100/patient/055,COph100,True,False,8654742027.155737,4.519873533058088e-06,325.00934027783336,True
20260911,xfeat_h,3,calibration,11bcaf81af6206b4,COph100/055/055_M_GA38_BW3245_PA43_DG13_PF0_D1_S04_13__055_M_GA38_BW3245_PA78_DG13_PF0_D1_S09_6,COph100/patient/055,COph100,True,True,1045006731.0949349,4.519873533058088e-06,325.00934027783336,True
20260911,xfeat_h,4,test,a3b2e2934c364e2a,COph100/055-1/055_M_GA38_BW3245_PA42_DG13_PF0_D1_S03_2__055_M_GA38_BW3245_PA78_DG13_PF0_D1_S09_16,COph100/patient/055,COph100,True,False,8654742027.155737,7.672406182586129e-05,325.00934027783336,True
20260911,xfeat_h,4,test,11bcaf81af6206b4,COph100/055/055_M_GA38_BW3245_PA43_DG13_PF0_D1_S04_13__055_M_GA38_BW3245_PA78_DG13_PF0_D1_S09_6,COph100/patient/055,COph100,True,True,1045006731.0949349,7.672406182586129e-05,325.00934027783336,True
20260911,sp_lg_h,0,train,3968ed21e45d9ba8,COph100/033/033_M_GA30_BW1250_PA31_DG0_PF0_D1_S01_2__033_M_GA30_BW1250_PA33_DG0_PF0_D1_S02_1,COph100/patient/033,COph100,True,False,97649853447.23456,0.0001230987216158705,97649853447.23456,False
20260911,sp_lg_h,0,train,d9cae0da3a04d6af,COph100/052/052_M_GA26_BW820_PA31_DG1_PF0_D1_S01_3__052_M_GA26_BW820_PA46_DG2_PF0_D1_S07_6,COph100/patient/052,COph100,True,True,2220851.201832924,0.0001230987216158705,97649853447.23456,False
20260911,sp_lg_h,0,train,77518ee0f8861b97,COph100/052/052_M_GA26_BW820_PA34_DG3_PF0_D1_S04_4__052_M_GA26_BW820_PA75_DG9_PF0_D1_S08_20,COph100/patient/052,COph100,True,True,20540791.656451978,0.0001230987216158705,97649853447.23456,False
20260911,sp_lg_h,0,train,ce0f14b486d56040,COph100/055-1/055_M_GA38_BW3245_PA40_DG13_PF0_D1_S01_10__055_M_GA38_BW3245_PA44_DG13_PF0_D1_S05_6,COph100/patient/055,COph100,True,True,39281513.67231593,0.0001230987216158705,97649853447.23456,False
20260911,sp_lg_h,0,train,da1b669d55ceeb70,COph100/055-1/055_M_GA38_BW3245_PA40_DG13_PF0_D1_S01_10__055_M_GA38_BW3245_PA53_DG13_PF0_D1_S08_2,COph100/patient/055,COph100,True,False,3044205911.3357058,0.0001230987216158705,97649853447.23456,False
20260911,sp_lg_h,0,train,cf804c649b733cd6,COph100/055-1/055_M_GA38_BW3245_PA40_DG13_PF0_D1_S01_10__055_M_GA38_BW3245_PA78_DG13_PF0_D1_S09_16,COph100/patient/055,COph100,True,True,107062547.19021197,0.0001230987216158705,97649853447.23456,False
20260911,sp_lg_h,0,train,8ed14fb063327bae,COph100/055/055_M_GA38_BW3245_PA40_DG13_PF0_D1_S01_3__055_M_GA38_BW3245_PA53_DG13_PF0_D1_S08_7,COph100/patient/055,COph100,True,False,2501044028.0221753,0.0001230987216158705,97649853447.23456,False
20260911,sp_lg_h,0,train,2541e8913ecb495c,COph100/055/055_M_GA38_BW3245_PA43_DG13_PF0_D1_S04_13__055_M_GA38_BW3245_PA78_DG13_PF0_D1_S09_6,COph100/patient/055,COph100,True,False,138446249.6936386,0.0001230987216158705,97649853447.23456,False
20260911,sp_lg_h,0,calibration,e72ba4a2fa2829d4,COph100/026-1/026_M_GA33_BW1700_PA36_DG11_PF0_D1_S02_6__026_M_GA33_BW1700_PA42_DG11_PF0_D1_S05_6,COph100/patient/026,COph100,True,True,2202054258.7223964,0.0001230987216158705,97649853447.23456,False
20260911,sp_lg_h,0,calibration,4cc4583374a7f846,COph100/026/026_M_GA33_BW1700_PA36_DG11_PF0_D1_S02_10__026_M_GA33_BW1700_PA40_DG11_PF0_D1_S04_11,COph100/patient/026,COph100,True,True,11125766.607773216,0.0001230987216158705,97649853447.23456,False
20260911,sp_lg_h,1,train,d9cae0da3a04d6af,COph100/052/052_M_GA26_BW820_PA31_DG1_PF0_D1_S01_3__052_M_GA26_BW820_PA46_DG2_PF0_D1_S07_6,COph100/patient/052,COph100,True,True,2220851.201832924,7.199957633201148e-06,3044205911.3357058,False
20260911,sp_lg_h,1,train,77518ee0f8861b97,COph100/052/052_M_GA26_BW820_PA34_DG3_PF0_D1_S04_4__052_M_GA26_BW820_PA75_DG9_PF0_D1_S08_20,COph100/patient/052,COph100,True,True,20540791.656451978,7.199957633201148e-06,3044205911.3357058,False
20260911,sp_lg_h,1,train,ce0f14b486d56040,COph100/055-1/055_M_GA38_BW3245_PA40_DG13_PF0_D1_S01_10__055_M_GA38_BW3245_PA44_DG13_PF0_D1_S05_6,COph100/patient/055,COph100,True,True,39281513.67231593,7.199957633201148e-06,3044205911.3357058,False
20260911,sp_lg_h,1,train,da1b669d55ceeb70,COph100/055-1/055_M_GA38_BW3245_PA40_DG13_PF0_D1_S01_10__055_M_GA38_BW3245_PA53_DG13_PF0_D1_S08_2,COph100/patient/055,COph100,True,False,3044205911.3357058,7.199957633201148e-06,3044205911.3357058,False
20260911,sp_lg_h,1,train,cf804c649b733cd6,COph100/055-1/055_M_GA38_BW3245_PA40_DG13_PF0_D1_S01_10__055_M_GA38_BW3245_PA78_DG13_PF0_D1_S09_16,COph100/patient/055,COph100,True,True,107062547.19021197,7.199957633201148e-06,3044205911.3357058,False
20260911,sp_lg_h,1,train,8ed14fb063327bae,COph100/055/055_M_GA38_BW3245_PA40_DG13_PF0_D1_S01_3__055_M_GA38_BW3245_PA53_DG13_PF0_D1_S08_7,COph100/patient/055,COph100,True,False,2501044028.0221753,7.199957633201148e-06,3044205911.3357058,False
20260911,sp_lg_h,1,train,2541e8913ecb495c,COph100/055/055_M_GA38_BW3245_PA43_DG13_PF0_D1_S04_13__055_M_GA38_BW3245_PA78_DG13_PF0_D1_S09_6,COph100/patient/055,COph100,True,False,138446249.6936386,7.199957633201148e-06,3044205911.3357058,False
20260911,sp_lg_h,1,calibration,3968ed21e45d9ba8,COph100/033/033_M_GA30_BW1250_PA31_DG0_PF0_D1_S01_2__033_M_GA30_BW1250_PA33_DG0_PF0_D1_S02_1,COph100/patient/033,COph100,True,False,97649853447.23456,7.199957633201148e-06,3044205911.3357058,True
20260911,sp_lg_h,1,test,e72ba4a2fa2829d4,COph100/026-1/026_M_GA33_BW1700_PA36_DG11_PF0_D1_S02_6__026_M_GA33_BW1700_PA42_DG11_PF0_D1_S05_6,COph100/patient/026,COph100,True,True,2202054258.7223964,7.199957633201148e-06,3044205911.3357058,False
20260911,sp_lg_h,1,test,4cc4583374a7f846,COph100/026/026_M_GA33_BW1700_PA36_DG11_PF0_D1_S02_10__026_M_GA33_BW1700_PA40_DG11_PF0_D1_S04_11,COph100/patient/026,COph100,True,True,11125766.607773216,7.199957633201148e-06,3044205911.3357058,False
20260911,sp_lg_h,2,train,e72ba4a2fa2829d4,COph100/026-1/026_M_GA33_BW1700_PA36_DG11_PF0_D1_S02_6__026_M_GA33_BW1700_PA42_DG11_PF0_D1_S05_6,COph100/patient/026,COph100,True,True,2202054258.7223964,7.199957633201148e-06,3044205911.3357058,False
20260911,sp_lg_h,2,train,4cc4583374a7f846,COph100/026/026_M_GA33_BW1700_PA36_DG11_PF0_D1_S02_10__026_M_GA33_BW1700_PA40_DG11_PF0_D1_S04_11,COph100/patient/026,COph100,True,True,11125766.607773216,7.199957633201148e-06,3044205911.3357058,False
20260911,sp_lg_h,2,train,ce0f14b486d56040,COph100/055-1/055_M_GA38_BW3245_PA40_DG13_PF0_D1_S01_10__055_M_GA38_BW3245_PA44_DG13_PF0_D1_S05_6,COph100/patient/055,COph100,True,True,39281513.67231593,7.199957633201148e-06,3044205911.3357058,False
20260911,sp_lg_h,2,train,da1b669d55ceeb70,COph100/055-1/055_M_GA38_BW3245_PA40_DG13_PF0_D1_S01_10__055_M_GA38_BW3245_PA53_DG13_PF0_D1_S08_2,COph100/patient/055,COph100,True,False,3044205911.3357058,7.199957633201148e-06,3044205911.3357058,False
20260911,sp_lg_h,2,train,cf804c649b733cd6,COph100/055-1/055_M_GA38_BW3245_PA40_DG13_PF0_D1_S01_10__055_M_GA38_BW3245_PA78_DG13_PF0_D1_S09_16,COph100/patient/055,COph100,True,True,107062547.19021197,7.199957633201148e-06,3044205911.3357058,False
20260911,sp_lg_h,2,train,8ed14fb063327bae,COph100/055/055_M_GA38_BW3245_PA40_DG13_PF0_D1_S01_3__055_M_GA38_BW3245_PA53_DG13_PF0_D1_S08_7,COph100/patient/055,COph100,True,False,2501044028.0221753,7.199957633201148e-06,3044205911.3357058,False
20260911,sp_lg_h,2,train,2541e8913ecb495c,COph100/055/055_M_GA38_BW3245_PA43_DG13_PF0_D1_S04_13__055_M_GA38_BW3245_PA78_DG13_PF0_D1_S09_6,COph100/patient/055,COph100,True,False,138446249.6936386,7.199957633201148e-06,3044205911.3357058,False
20260911,sp_lg_h,2,calibration,d9cae0da3a04d6af,COph100/052/052_M_GA26_BW820_PA31_DG1_PF0_D1_S01_3__052_M_GA26_BW820_PA46_DG2_PF0_D1_S07_6,COph100/patient/052,COph100,True,True,2220851.201832924,7.199957633201148e-06,3044205911.3357058,False
20260911,sp_lg_h,2,calibration,77518ee0f8861b97,COph100/052/052_M_GA26_BW820_PA34_DG3_PF0_D1_S04_4__052_M_GA26_BW820_PA75_DG9_PF0_D1_S08_20,COph100/patient/052,COph100,True,True,20540791.656451978,7.199957633201148e-06,3044205911.3357058,False
20260911,sp_lg_h,2,test,3968ed21e45d9ba8,COph100/033/033_M_GA30_BW1250_PA31_DG0_PF0_D1_S01_2__033_M_GA30_BW1250_PA33_DG0_PF0_D1_S02_1,COph100/patient/033,COph100,True,False,97649853447.23456,7.199957633201148e-06,3044205911.3357058,True
20260911,sp_lg_h,3,train,e72ba4a2fa2829d4,COph100/026-1/026_M_GA33_BW1700_PA36_DG11_PF0_D1_S02_6__026_M_GA33_BW1700_PA42_DG11_PF0_D1_S05_6,COph100/patient/026,COph100,True,True,2202054258.7223964,7.199957633201148e-06,97649853447.23456,False
20260911,sp_lg_h,3,train,4cc4583374a7f846,COph100/026/026_M_GA33_BW1700_PA36_DG11_PF0_D1_S02_10__026_M_GA33_BW1700_PA40_DG11_PF0_D1_S04_11,COph100/patient/026,COph100,True,True,11125766.607773216,7.199957633201148e-06,97649853447.23456,False
20260911,sp_lg_h,3,train,3968ed21e45d9ba8,COph100/033/033_M_GA30_BW1250_PA31_DG0_PF0_D1_S01_2__033_M_GA30_BW1250_PA33_DG0_PF0_D1_S02_1,COph100/patient/033,COph100,True,False,97649853447.23456,7.199957633201148e-06,97649853447.23456,False
20260911,sp_lg_h,3,calibration,ce0f14b486d56040,COph100/055-1/055_M_GA38_BW3245_PA40_DG13_PF0_D1_S01_10__055_M_GA38_BW3245_PA44_DG13_PF0_D1_S05_6,COph100/patient/055,COph100,True,True,39281513.67231593,7.199957633201148e-06,97649853447.23456,False
20260911,sp_lg_h,3,calibration,da1b669d55ceeb70,COph100/055-1/055_M_GA38_BW3245_PA40_DG13_PF0_D1_S01_10__055_M_GA38_BW3245_PA53_DG13_PF0_D1_S08_2,COph100/patient/055,COph100,True,False,3044205911.3357058,7.199957633201148e-06,97649853447.23456,False
20260911,sp_lg_h,3,calibration,cf804c649b733cd6,COph100/055-1/055_M_GA38_BW3245_PA40_DG13_PF0_D1_S01_10__055_M_GA38_BW3245_PA78_DG13_PF0_D1_S09_16,COph100/patient/055,COph100,True,True,107062547.19021197,7.199957633201148e-06,97649853447.23456,False
20260911,sp_lg_h,3,calibration,8ed14fb063327bae,COph100/055/055_M_GA38_BW3245_PA40_DG13_PF0_D1_S01_3__055_M_GA38_BW3245_PA53_DG13_PF0_D1_S08_7,COph100/patient/055,COph100,True,False,2501044028.0221753,7.199957633201148e-06,97649853447.23456,False
20260911,sp_lg_h,3,calibration,2541e8913ecb495c,COph100/055/055_M_GA38_BW3245_PA43_DG13_PF0_D1_S04_13__055_M_GA38_BW3245_PA78_DG13_PF0_D1_S09_6,COph100/patient/055,COph100,True,False,138446249.6936386,7.199957633201148e-06,97649853447.23456,False
20260911,sp_lg_h,3,test,d9cae0da3a04d6af,COph100/052/052_M_GA26_BW820_PA31_DG1_PF0_D1_S01_3__052_M_GA26_BW820_PA46_DG2_PF0_D1_S07_6,COph100/patient/052,COph100,True,True,2220851.201832924,7.199957633201148e-06,97649853447.23456,False
20260911,sp_lg_h,3,test,77518ee0f8861b97,COph100/052/052_M_GA26_BW820_PA34_DG3_PF0_D1_S04_4__052_M_GA26_BW820_PA75_DG9_PF0_D1_S08_20,COph100/patient/052,COph100,True,True,20540791.656451978,7.199957633201148e-06,97649853447.23456,False
20260911,sp_lg_h,4,train,e72ba4a2fa2829d4,COph100/026-1/026_M_GA33_BW1700_PA36_DG11_PF0_D1_S02_6__026_M_GA33_BW1700_PA42_DG11_PF0_D1_S05_6,COph100/patient/026,COph100,True,True,2202054258.7223964,8.08405186319934e-05,97649853447.23456,False
20260911,sp_lg_h,4,train,4cc4583374a7f846,COph100/026/026_M_GA33_BW1700_PA36_DG11_PF0_D1_S02_10__026_M_GA33_BW1700_PA40_DG11_PF0_D1_S04_11,COph100/patient/026,COph100,True,True,11125766.607773216,8.08405186319934e-05,97649853447.23456,False
20260911,sp_lg_h,4,train,3968ed21e45d9ba8,COph100/033/033_M_GA30_BW1250_PA31_DG0_PF0_D1_S01_2__033_M_GA30_BW1250_PA33_DG0_PF0_D1_S02_1,COph100/patient/033,COph100,True,False,97649853447.23456,8.08405186319934e-05,97649853447.23456,False
20260911,sp_lg_h,4,train,d9cae0da3a04d6af,COph100/052/052_M_GA26_BW820_PA31_DG1_PF0_D1_S01_3__052_M_GA26_BW820_PA46_DG2_PF0_D1_S07_6,COph100/patient/052,COph100,True,True,2220851.201832924,8.08405186319934e-05,97649853447.23456,False
20260911,sp_lg_h,4,train,77518ee0f8861b97,COph100/052/052_M_GA26_BW820_PA34_DG3_PF0_D1_S04_4__052_M_GA26_BW820_PA75_DG9_PF0_D1_S08_20,COph100/patient/052,COph100,True,True,20540791.656451978,8.08405186319934e-05,97649853447.23456,False
20260911,sp_lg_h,4,test,ce0f14b486d56040,COph100/055-1/055_M_GA38_BW3245_PA40_DG13_PF0_D1_S01_10__055_M_GA38_BW3245_PA44_DG13_PF0_D1_S05_6,COph100/patient/055,COph100,True,True,39281513.67231593,8.08405186319934e-05,97649853447.23456,False
20260911,sp_lg_h,4,test,da1b669d55ceeb70,COph100/055-1/055_M_GA38_BW3245_PA40_DG13_PF0_D1_S01_10__055_M_GA38_BW3245_PA53_DG13_PF0_D1_S08_2,COph100/patient/055,COph100,True,False,3044205911.3357058,8.08405186319934e-05,97649853447.23456,False
20260911,sp_lg_h,4,test,cf804c649b733cd6,COph100/055-1/055_M_GA38_BW3245_PA40_DG13_PF0_D1_S01_10__055_M_GA38_BW3245_PA78_DG13_PF0_D1_S09_16,COph100/patient/055,COph100,True,True,107062547.19021197,8.08405186319934e-05,97649853447.23456,False
20260911,sp_lg_h,4,test,8ed14fb063327bae,COph100/055/055_M_GA38_BW3245_PA40_DG13_PF0_D1_S01_3__055_M_GA38_BW3245_PA53_DG13_PF0_D1_S08_7,COph100/patient/055,COph100,True,False,2501044028.0221753,8.08405186319934e-05,97649853447.23456,False
20260911,sp_lg_h,4,test,2541e8913ecb495c,COph100/055/055_M_GA38_BW3245_PA43_DG13_PF0_D1_S04_13__055_M_GA38_BW3245_PA78_DG13_PF0_D1_S09_6,COph100/patient/055,COph100,True,False,138446249.6936386,8.08405186319934e-05,97649853447.23456,False
20260912,xfeat_h,0,test,a3b2e2934c364e2a,COph100/055-1/055_M_GA38_BW3245_PA42_DG13_PF0_D1_S03_2__055_M_GA38_BW3245_PA78_DG13_PF0_D1_S09_16,COph100/patient/055,COph100,True,False,8654742027.155737,4.519873533058088e-06,30.598957301996208,True
20260912,xfeat_h,0,test,11bcaf81af6206b4,COph100/055/055_M_GA38_BW3245_PA43_DG13_PF0_D1_S04_13__055_M_GA38_BW3245_PA78_DG13_PF0_D1_S09_6,COph100/patient/055,COph100,True,True,1045006731.0949349,4.519873533058088e-06,30.598957301996208,True
20260912,xfeat_h,1,train,a3b2e2934c364e2a,COph100/055-1/055_M_GA38_BW3245_PA42_DG13_PF0_D1_S03_2__055_M_GA38_BW3245_PA78_DG13_PF0_D1_S09_16,COph100/patient/055,COph100,True,False,8654742027.155737,0.00014467802307445814,8654742027.155737,False
20260912,xfeat_h,1,train,11bcaf81af6206b4,COph100/055/055_M_GA38_BW3245_PA43_DG13_PF0_D1_S04_13__055_M_GA38_BW3245_PA78_DG13_PF0_D1_S09_6,COph100/patient/055,COph100,True,True,1045006731.0949349,0.00014467802307445814,8654742027.155737,False
20260912,xfeat_h,2,train,a3b2e2934c364e2a,COph100/055-1/055_M_GA38_BW3245_PA42_DG13_PF0_D1_S03_2__055_M_GA38_BW3245_PA78_DG13_PF0_D1_S09_16,COph100/patient/055,COph100,True,False,8654742027.155737,7.672406182586129e-05,8654742027.155737,False
20260912,xfeat_h,2,train,11bcaf81af6206b4,COph100/055/055_M_GA38_BW3245_PA43_DG13_PF0_D1_S04_13__055_M_GA38_BW3245_PA78_DG13_PF0_D1_S09_6,COph100/patient/055,COph100,True,True,1045006731.0949349,7.672406182586129e-05,8654742027.155737,False
20260912,xfeat_h,3,train,a3b2e2934c364e2a,COph100/055-1/055_M_GA38_BW3245_PA42_DG13_PF0_D1_S03_2__055_M_GA38_BW3245_PA78_DG13_PF0_D1_S09_16,COph100/patient/055,COph100,True,False,8654742027.155737,4.519873533058088e-06,8654742027.155737,False
20260912,xfeat_h,3,train,11bcaf81af6206b4,COph100/055/055_M_GA38_BW3245_PA43_DG13_PF0_D1_S04_13__055_M_GA38_BW3245_PA78_DG13_PF0_D1_S09_6,COph100/patient/055,COph100,True,True,1045006731.0949349,4.519873533058088e-06,8654742027.155737,False
20260912,xfeat_h,4,calibration,a3b2e2934c364e2a,COph100/055-1/055_M_GA38_BW3245_PA42_DG13_PF0_D1_S03_2__055_M_GA38_BW3245_PA78_DG13_PF0_D1_S09_16,COph100/patient/055,COph100,True,False,8654742027.155737,4.519873533058088e-06,30.598957301996208,True
20260912,xfeat_h,4,calibration,11bcaf81af6206b4,COph100/055/055_M_GA38_BW3245_PA43_DG13_PF0_D1_S04_13__055_M_GA38_BW3245_PA78_DG13_PF0_D1_S09_6,COph100/patient/055,COph100,True,True,1045006731.0949349,4.519873533058088e-06,30.598957301996208,True
20260912,sp_lg_h,0,train,e72ba4a2fa2829d4,COph100/026-1/026_M_GA33_BW1700_PA36_DG11_PF0_D1_S02_6__026_M_GA33_BW1700_PA42_DG11_PF0_D1_S05_6,COph100/patient/026,COph100,True,True,2202054258.7223964,7.199957633201148e-06,97649853447.23456,False
20260912,sp_lg_h,0,train,4cc4583374a7f846,COph100/026/026_M_GA33_BW1700_PA36_DG11_PF0_D1_S02_10__026_M_GA33_BW1700_PA40_DG11_PF0_D1_S04_11,COph100/patient/026,COph100,True,True,11125766.607773216,7.199957633201148e-06,97649853447.23456,False
20260912,sp_lg_h,0,train,3968ed21e45d9ba8,COph100/033/033_M_GA30_BW1250_PA31_DG0_PF0_D1_S01_2__033_M_GA30_BW1250_PA33_DG0_PF0_D1_S02_1,COph100/patient/033,COph100,True,False,97649853447.23456,7.199957633201148e-06,97649853447.23456,False
20260912,sp_lg_h,0,train,d9cae0da3a04d6af,COph100/052/052_M_GA26_BW820_PA31_DG1_PF0_D1_S01_3__052_M_GA26_BW820_PA46_DG2_PF0_D1_S07_6,COph100/patient/052,COph100,True,True,2220851.201832924,7.199957633201148e-06,97649853447.23456,False
20260912,sp_lg_h,0,train,77518ee0f8861b97,COph100/052/052_M_GA26_BW820_PA34_DG3_PF0_D1_S04_4__052_M_GA26_BW820_PA75_DG9_PF0_D1_S08_20,COph100/patient/052,COph100,True,True,20540791.656451978,7.199957633201148e-06,97649853447.23456,False
20260912,sp_lg_h,0,test,ce0f14b486d56040,COph100/055-1/055_M_GA38_BW3245_PA40_DG13_PF0_D1_S01_10__055_M_GA38_BW3245_PA44_DG13_PF0_D1_S05_6,COph100/patient/055,COph100,True,True,39281513.67231593,7.199957633201148e-06,97649853447.23456,False
20260912,sp_lg_h,0,test,da1b669d55ceeb70,COph100/055-1/055_M_GA38_BW3245_PA40_DG13_PF0_D1_S01_10__055_M_GA38_BW3245_PA53_DG13_PF0_D1_S08_2,COph100/patient/055,COph100,True,False,3044205911.3357058,7.199957633201148e-06,97649853447.23456,False
20260912,sp_lg_h,0,test,cf804c649b733cd6,COph100/055-1/055_M_GA38_BW3245_PA40_DG13_PF0_D1_S01_10__055_M_GA38_BW3245_PA78_DG13_PF0_D1_S09_16,COph100/patient/055,COph100,True,True,107062547.19021197,7.199957633201148e-06,97649853447.23456,False
20260912,sp_lg_h,0,test,8ed14fb063327bae,COph100/055/055_M_GA38_BW3245_PA40_DG13_PF0_D1_S01_3__055_M_GA38_BW3245_PA53_DG13_PF0_D1_S08_7,COph100/patient/055,COph100,True,False,2501044028.0221753,7.199957633201148e-06,97649853447.23456,False
20260912,sp_lg_h,0,test,2541e8913ecb495c,COph100/055/055_M_GA38_BW3245_PA43_DG13_PF0_D1_S04_13__055_M_GA38_BW3245_PA78_DG13_PF0_D1_S09_6,COph100/patient/055,COph100,True,False,138446249.6936386,7.199957633201148e-06,97649853447.23456,False
20260912,sp_lg_h,1,train,e72ba4a2fa2829d4,COph100/026-1/026_M_GA33_BW1700_PA36_DG11_PF0_D1_S02_6__026_M_GA33_BW1700_PA42_DG11_PF0_D1_S05_6,COph100/patient/026,COph100,True,True,2202054258.7223964,8.08405186319934e-05,97649853447.23456,False
20260912,sp_lg_h,1,train,4cc4583374a7f846,COph100/026/026_M_GA33_BW1700_PA36_DG11_PF0_D1_S02_10__026_M_GA33_BW1700_PA40_DG11_PF0_D1_S04_11,COph100/patient/026,COph100,True,True,11125766.607773216,8.08405186319934e-05,97649853447.23456,False
20260912,sp_lg_h,1,train,3968ed21e45d9ba8,COph100/033/033_M_GA30_BW1250_PA31_DG0_PF0_D1_S01_2__033_M_GA30_BW1250_PA33_DG0_PF0_D1_S02_1,COph100/patient/033,COph100,True,False,97649853447.23456,8.08405186319934e-05,97649853447.23456,False
20260912,sp_lg_h,1,train,d9cae0da3a04d6af,COph100/052/052_M_GA26_BW820_PA31_DG1_PF0_D1_S01_3__052_M_GA26_BW820_PA46_DG2_PF0_D1_S07_6,COph100/patient/052,COph100,True,True,2220851.201832924,8.08405186319934e-05,97649853447.23456,False
20260912,sp_lg_h,1,train,77518ee0f8861b97,COph100/052/052_M_GA26_BW820_PA34_DG3_PF0_D1_S04_4__052_M_GA26_BW820_PA75_DG9_PF0_D1_S08_20,COph100/patient/052,COph100,True,True,20540791.656451978,8.08405186319934e-05,97649853447.23456,False
20260912,sp_lg_h,1,train,ce0f14b486d56040,COph100/055-1/055_M_GA38_BW3245_PA40_DG13_PF0_D1_S01_10__055_M_GA38_BW3245_PA44_DG13_PF0_D1_S05_6,COph100/patient/055,COph100,True,True,39281513.67231593,8.08405186319934e-05,97649853447.23456,False
20260912,sp_lg_h,1,train,da1b669d55ceeb70,COph100/055-1/055_M_GA38_BW3245_PA40_DG13_PF0_D1_S01_10__055_M_GA38_BW3245_PA53_DG13_PF0_D1_S08_2,COph100/patient/055,COph100,True,False,3044205911.3357058,8.08405186319934e-05,97649853447.23456,False
20260912,sp_lg_h,1,train,cf804c649b733cd6,COph100/055-1/055_M_GA38_BW3245_PA40_DG13_PF0_D1_S01_10__055_M_GA38_BW3245_PA78_DG13_PF0_D1_S09_16,COph100/patient/055,COph100,True,True,107062547.19021197,8.08405186319934e-05,97649853447.23456,False
20260912,sp_lg_h,1,train,8ed14fb063327bae,COph100/055/055_M_GA38_BW3245_PA40_DG13_PF0_D1_S01_3__055_M_GA38_BW3245_PA53_DG13_PF0_D1_S08_7,COph100/patient/055,COph100,True,False,2501044028.0221753,8.08405186319934e-05,97649853447.23456,False
20260912,sp_lg_h,1,train,2541e8913ecb495c,COph100/055/055_M_GA38_BW3245_PA43_DG13_PF0_D1_S04_13__055_M_GA38_BW3245_PA78_DG13_PF0_D1_S09_6,COph100/patient/055,COph100,True,False,138446249.6936386,8.08405186319934e-05,97649853447.23456,False
20260912,sp_lg_h,2,train,e72ba4a2fa2829d4,COph100/026-1/026_M_GA33_BW1700_PA36_DG11_PF0_D1_S02_6__026_M_GA33_BW1700_PA42_DG11_PF0_D1_S05_6,COph100/patient/026,COph100,True,True,2202054258.7223964,8.08405186319934e-05,3044205911.3357058,False
20260912,sp_lg_h,2,train,4cc4583374a7f846,COph100/026/026_M_GA33_BW1700_PA36_DG11_PF0_D1_S02_10__026_M_GA33_BW1700_PA40_DG11_PF0_D1_S04_11,COph100/patient/026,COph100,True,True,11125766.607773216,8.08405186319934e-05,3044205911.3357058,False
20260912,sp_lg_h,2,train,ce0f14b486d56040,COph100/055-1/055_M_GA38_BW3245_PA40_DG13_PF0_D1_S01_10__055_M_GA38_BW3245_PA44_DG13_PF0_D1_S05_6,COph100/patient/055,COph100,True,True,39281513.67231593,8.08405186319934e-05,3044205911.3357058,False
20260912,sp_lg_h,2,train,da1b669d55ceeb70,COph100/055-1/055_M_GA38_BW3245_PA40_DG13_PF0_D1_S01_10__055_M_GA38_BW3245_PA53_DG13_PF0_D1_S08_2,COph100/patient/055,COph100,True,False,3044205911.3357058,8.08405186319934e-05,3044205911.3357058,False
20260912,sp_lg_h,2,train,cf804c649b733cd6,COph100/055-1/055_M_GA38_BW3245_PA40_DG13_PF0_D1_S01_10__055_M_GA38_BW3245_PA78_DG13_PF0_D1_S09_16,COph100/patient/055,COph100,True,True,107062547.19021197,8.08405186319934e-05,3044205911.3357058,False
20260912,sp_lg_h,2,train,8ed14fb063327bae,COph100/055/055_M_GA38_BW3245_PA40_DG13_PF0_D1_S01_3__055_M_GA38_BW3245_PA53_DG13_PF0_D1_S08_7,COph100/patient/055,COph100,True,False,2501044028.0221753,8.08405186319934e-05,3044205911.3357058,False
20260912,sp_lg_h,2,train,2541e8913ecb495c,COph100/055/055_M_GA38_BW3245_PA43_DG13_PF0_D1_S04_13__055_M_GA38_BW3245_PA78_DG13_PF0_D1_S09_6,COph100/patient/055,COph100,True,False,138446249.6936386,8.08405186319934e-05,3044205911.3357058,False
20260912,sp_lg_h,2,calibration,3968ed21e45d9ba8,COph100/033/033_M_GA30_BW1250_PA31_DG0_PF0_D1_S01_2__033_M_GA30_BW1250_PA33_DG0_PF0_D1_S02_1,COph100/patient/033,COph100,True,False,97649853447.23456,8.08405186319934e-05,3044205911.3357058,True
20260912,sp_lg_h,2,calibration,d9cae0da3a04d6af,COph100/052/052_M_GA26_BW820_PA31_DG1_PF0_D1_S01_3__052_M_GA26_BW820_PA46_DG2_PF0_D1_S07_6,COph100/patient/052,COph100,True,True,2220851.201832924,8.08405186319934e-05,3044205911.3357058,False
20260912,sp_lg_h,2,calibration,77518ee0f8861b97,COph100/052/052_M_GA26_BW820_PA34_DG3_PF0_D1_S04_4__052_M_GA26_BW820_PA75_DG9_PF0_D1_S08_20,COph100/patient/052,COph100,True,True,20540791.656451978,8.08405186319934e-05,3044205911.3357058,False
20260912,sp_lg_h,3,train,ce0f14b486d56040,COph100/055-1/055_M_GA38_BW3245_PA40_DG13_PF0_D1_S01_10__055_M_GA38_BW3245_PA44_DG13_PF0_D1_S05_6,COph100/patient/055,COph100,True,True,39281513.67231593,7.199957633201148e-06,3044205911.3357058,False
20260912,sp_lg_h,3,train,da1b669d55ceeb70,COph100/055-1/055_M_GA38_BW3245_PA40_DG13_PF0_D1_S01_10__055_M_GA38_BW3245_PA53_DG13_PF0_D1_S08_2,COph100/patient/055,COph100,True,False,3044205911.3357058,7.199957633201148e-06,3044205911.3357058,False
20260912,sp_lg_h,3,train,cf804c649b733cd6,COph100/055-1/055_M_GA38_BW3245_PA40_DG13_PF0_D1_S01_10__055_M_GA38_BW3245_PA78_DG13_PF0_D1_S09_16,COph100/patient/055,COph100,True,True,107062547.19021197,7.199957633201148e-06,3044205911.3357058,False
20260912,sp_lg_h,3,train,8ed14fb063327bae,COph100/055/055_M_GA38_BW3245_PA40_DG13_PF0_D1_S01_3__055_M_GA38_BW3245_PA53_DG13_PF0_D1_S08_7,COph100/patient/055,COph100,True,False,2501044028.0221753,7.199957633201148e-06,3044205911.3357058,False
20260912,sp_lg_h,3,train,2541e8913ecb495c,COph100/055/055_M_GA38_BW3245_PA43_DG13_PF0_D1_S04_13__055_M_GA38_BW3245_PA78_DG13_PF0_D1_S09_6,COph100/patient/055,COph100,True,False,138446249.6936386,7.199957633201148e-06,3044205911.3357058,False
20260912,sp_lg_h,3,calibration,e72ba4a2fa2829d4,COph100/026-1/026_M_GA33_BW1700_PA36_DG11_PF0_D1_S02_6__026_M_GA33_BW1700_PA42_DG11_PF0_D1_S05_6,COph100/patient/026,COph100,True,True,2202054258.7223964,7.199957633201148e-06,3044205911.3357058,False
20260912,sp_lg_h,3,calibration,4cc4583374a7f846,COph100/026/026_M_GA33_BW1700_PA36_DG11_PF0_D1_S02_10__026_M_GA33_BW1700_PA40_DG11_PF0_D1_S04_11,COph100/patient/026,COph100,True,True,11125766.607773216,7.199957633201148e-06,3044205911.3357058,False
20260912,sp_lg_h,3,test,3968ed21e45d9ba8,COph100/033/033_M_GA30_BW1250_PA31_DG0_PF0_D1_S01_2__033_M_GA30_BW1250_PA33_DG0_PF0_D1_S02_1,COph100/patient/033,COph100,True,False,97649853447.23456,7.199957633201148e-06,3044205911.3357058,True
20260912,sp_lg_h,3,test,d9cae0da3a04d6af,COph100/052/052_M_GA26_BW820_PA31_DG1_PF0_D1_S01_3__052_M_GA26_BW820_PA46_DG2_PF0_D1_S07_6,COph100/patient/052,COph100,True,True,2220851.201832924,7.199957633201148e-06,3044205911.3357058,False
20260912,sp_lg_h,3,test,77518ee0f8861b97,COph100/052/052_M_GA26_BW820_PA34_DG3_PF0_D1_S04_4__052_M_GA26_BW820_PA75_DG9_PF0_D1_S08_20,COph100/patient/052,COph100,True,True,20540791.656451978,7.199957633201148e-06,3044205911.3357058,False
20260912,sp_lg_h,4,train,3968ed21e45d9ba8,COph100/033/033_M_GA30_BW1250_PA31_DG0_PF0_D1_S01_2__033_M_GA30_BW1250_PA33_DG0_PF0_D1_S02_1,COph100/patient/033,COph100,True,False,97649853447.23456,7.199957633201148e-06,97649853447.23456,False
20260912,sp_lg_h,4,train,d9cae0da3a04d6af,COph100/052/052_M_GA26_BW820_PA31_DG1_PF0_D1_S01_3__052_M_GA26_BW820_PA46_DG2_PF0_D1_S07_6,COph100/patient/052,COph100,True,True,2220851.201832924,7.199957633201148e-06,97649853447.23456,False
20260912,sp_lg_h,4,train,77518ee0f8861b97,COph100/052/052_M_GA26_BW820_PA34_DG3_PF0_D1_S04_4__052_M_GA26_BW820_PA75_DG9_PF0_D1_S08_20,COph100/patient/052,COph100,True,True,20540791.656451978,7.199957633201148e-06,97649853447.23456,False
20260912,sp_lg_h,4,calibration,ce0f14b486d56040,COph100/055-1/055_M_GA38_BW3245_PA40_DG13_PF0_D1_S01_10__055_M_GA38_BW3245_PA44_DG13_PF0_D1_S05_6,COph100/patient/055,COph100,True,True,39281513.67231593,7.199957633201148e-06,97649853447.23456,False
20260912,sp_lg_h,4,calibration,da1b669d55ceeb70,COph100/055-1/055_M_GA38_BW3245_PA40_DG13_PF0_D1_S01_10__055_M_GA38_BW3245_PA53_DG13_PF0_D1_S08_2,COph100/patient/055,COph100,True,False,3044205911.3357058,7.199957633201148e-06,97649853447.23456,False
20260912,sp_lg_h,4,calibration,cf804c649b733cd6,COph100/055-1/055_M_GA38_BW3245_PA40_DG13_PF0_D1_S01_10__055_M_GA38_BW3245_PA78_DG13_PF0_D1_S09_16,COph100/patient/055,COph100,True,True,107062547.19021197,7.199957633201148e-06,97649853447.23456,False
20260912,sp_lg_h,4,calibration,8ed14fb063327bae,COph100/055/055_M_GA38_BW3245_PA40_DG13_PF0_D1_S01_3__055_M_GA38_BW3245_PA53_DG13_PF0_D1_S08_7,COph100/patient/055,COph100,True,False,2501044028.0221753,7.199957633201148e-06,97649853447.23456,False
20260912,sp_lg_h,4,calibration,2541e8913ecb495c,COph100/055/055_M_GA38_BW3245_PA43_DG13_PF0_D1_S04_13__055_M_GA38_BW3245_PA78_DG13_PF0_D1_S09_6,COph100/patient/055,COph100,True,False,138446249.6936386,7.199957633201148e-06,97649853447.23456,False
20260912,sp_lg_h,4,test,e72ba4a2fa2829d4,COph100/026-1/026_M_GA33_BW1700_PA36_DG11_PF0_D1_S02_6__026_M_GA33_BW1700_PA42_DG11_PF0_D1_S05_6,COph100/patient/026,COph100,True,True,2202054258.7223964,7.199957633201148e-06,97649853447.23456,False
20260912,sp_lg_h,4,test,4cc4583374a7f846,COph100/026/026_M_GA33_BW1700_PA36_DG11_PF0_D1_S02_10__026_M_GA33_BW1700_PA40_DG11_PF0_D1_S04_11,COph100/patient/026,COph100,True,True,11125766.607773216,7.199957633201148e-06,97649853447.23456,False
20260913,xfeat_h,0,calibration,a3b2e2934c364e2a,COph100/055-1/055_M_GA38_BW3245_PA42_DG13_PF0_D1_S03_2__055_M_GA38_BW3245_PA78_DG13_PF0_D1_S09_16,COph100/patient/055,COph100,True,False,8654742027.155737,7.672406182586129e-05,30.598957301996208,True
20260913,xfeat_h,0,calibration,11bcaf81af6206b4,COph100/055/055_M_GA38_BW3245_PA43_DG13_PF0_D1_S04_13__055_M_GA38_BW3245_PA78_DG13_PF0_D1_S09_6,COph100/patient/055,COph100,True,True,1045006731.0949349,7.672406182586129e-05,30.598957301996208,True
20260913,xfeat_h,1,test,a3b2e2934c364e2a,COph100/055-1/055_M_GA38_BW3245_PA42_DG13_PF0_D1_S03_2__055_M_GA38_BW3245_PA78_DG13_PF0_D1_S09_16,COph100/patient/055,COph100,True,False,8654742027.155737,7.672406182586129e-05,325.00934027783336,True
20260913,xfeat_h,1,test,11bcaf81af6206b4,COph100/055/055_M_GA38_BW3245_PA43_DG13_PF0_D1_S04_13__055_M_GA38_BW3245_PA78_DG13_PF0_D1_S09_6,COph100/patient/055,COph100,True,True,1045006731.0949349,7.672406182586129e-05,325.00934027783336,True
20260913,xfeat_h,2,train,a3b2e2934c364e2a,COph100/055-1/055_M_GA38_BW3245_PA42_DG13_PF0_D1_S03_2__055_M_GA38_BW3245_PA78_DG13_PF0_D1_S09_16,COph100/patient/055,COph100,True,False,8654742027.155737,4.519873533058088e-06,8654742027.155737,False
20260913,xfeat_h,2,train,11bcaf81af6206b4,COph100/055/055_M_GA38_BW3245_PA43_DG13_PF0_D1_S04_13__055_M_GA38_BW3245_PA78_DG13_PF0_D1_S09_6,COph100/patient/055,COph100,True,True,1045006731.0949349,4.519873533058088e-06,8654742027.155737,False
20260913,xfeat_h,3,train,a3b2e2934c364e2a,COph100/055-1/055_M_GA38_BW3245_PA42_DG13_PF0_D1_S03_2__055_M_GA38_BW3245_PA78_DG13_PF0_D1_S09_16,COph100/patient/055,COph100,True,False,8654742027.155737,4.519873533058088e-06,8654742027.155737,False
20260913,xfeat_h,3,train,11bcaf81af6206b4,COph100/055/055_M_GA38_BW3245_PA43_DG13_PF0_D1_S04_13__055_M_GA38_BW3245_PA78_DG13_PF0_D1_S09_6,COph100/patient/055,COph100,True,True,1045006731.0949349,4.519873533058088e-06,8654742027.155737,False
20260913,xfeat_h,4,train,a3b2e2934c364e2a,COph100/055-1/055_M_GA38_BW3245_PA42_DG13_PF0_D1_S03_2__055_M_GA38_BW3245_PA78_DG13_PF0_D1_S09_16,COph100/patient/055,COph100,True,False,8654742027.155737,4.519873533058088e-06,8654742027.155737,False
20260913,xfeat_h,4,train,11bcaf81af6206b4,COph100/055/055_M_GA38_BW3245_PA43_DG13_PF0_D1_S04_13__055_M_GA38_BW3245_PA78_DG13_PF0_D1_S09_6,COph100/patient/055,COph100,True,True,1045006731.0949349,4.519873533058088e-06,8654742027.155737,False
20260913,sp_lg_h,0,train,e72ba4a2fa2829d4,COph100/026-1/026_M_GA33_BW1700_PA36_DG11_PF0_D1_S02_6__026_M_GA33_BW1700_PA42_DG11_PF0_D1_S05_6,COph100/patient/026,COph100,True,True,2202054258.7223964,8.08405186319934e-05,97649853447.23456,False
20260913,sp_lg_h,0,train,4cc4583374a7f846,COph100/026/026_M_GA33_BW1700_PA36_DG11_PF0_D1_S02_10__026_M_GA33_BW1700_PA40_DG11_PF0_D1_S04_11,COph100/patient/026,COph100,True,True,11125766.607773216,8.08405186319934e-05,97649853447.23456,False
20260913,sp_lg_h,0,train,3968ed21e45d9ba8,COph100/033/033_M_GA30_BW1250_PA31_DG0_PF0_D1_S01_2__033_M_GA30_BW1250_PA33_DG0_PF0_D1_S02_1,COph100/patient/033,COph100,True,False,97649853447.23456,8.08405186319934e-05,97649853447.23456,False
20260913,sp_lg_h,0,calibration,d9cae0da3a04d6af,COph100/052/052_M_GA26_BW820_PA31_DG1_PF0_D1_S01_3__052_M_GA26_BW820_PA46_DG2_PF0_D1_S07_6,COph100/patient/052,COph100,True,True,2220851.201832924,8.08405186319934e-05,97649853447.23456,False
20260913,sp_lg_h,0,calibration,77518ee0f8861b97,COph100/052/052_M_GA26_BW820_PA34_DG3_PF0_D1_S04_4__052_M_GA26_BW820_PA75_DG9_PF0_D1_S08_20,COph100/patient/052,COph100,True,True,20540791.656451978,8.08405186319934e-05,97649853447.23456,False
20260913,sp_lg_h,0,calibration,ce0f14b486d56040,COph100/055-1/055_M_GA38_BW3245_PA40_DG13_PF0_D1_S01_10__055_M_GA38_BW3245_PA44_DG13_PF0_D1_S05_6,COph100/patient/055,COph100,True,True,39281513.67231593,8.08405186319934e-05,97649853447.23456,False
20260913,sp_lg_h,0,calibration,da1b669d55ceeb70,COph100/055-1/055_M_GA38_BW3245_PA40_DG13_PF0_D1_S01_10__055_M_GA38_BW3245_PA53_DG13_PF0_D1_S08_2,COph100/patient/055,COph100,True,False,3044205911.3357058,8.08405186319934e-05,97649853447.23456,False
20260913,sp_lg_h,0,calibration,cf804c649b733cd6,COph100/055-1/055_M_GA38_BW3245_PA40_DG13_PF0_D1_S01_10__055_M_GA38_BW3245_PA78_DG13_PF0_D1_S09_16,COph100/patient/055,COph100,True,True,107062547.19021197,8.08405186319934e-05,97649853447.23456,False
20260913,sp_lg_h,0,calibration,8ed14fb063327bae,COph100/055/055_M_GA38_BW3245_PA40_DG13_PF0_D1_S01_3__055_M_GA38_BW3245_PA53_DG13_PF0_D1_S08_7,COph100/patient/055,COph100,True,False,2501044028.0221753,8.08405186319934e-05,97649853447.23456,False
20260913,sp_lg_h,0,calibration,2541e8913ecb495c,COph100/055/055_M_GA38_BW3245_PA43_DG13_PF0_D1_S04_13__055_M_GA38_BW3245_PA78_DG13_PF0_D1_S09_6,COph100/patient/055,COph100,True,False,138446249.6936386,8.08405186319934e-05,97649853447.23456,False
20260913,sp_lg_h,1,train,e72ba4a2fa2829d4,COph100/026-1/026_M_GA33_BW1700_PA36_DG11_PF0_D1_S02_6__026_M_GA33_BW1700_PA42_DG11_PF0_D1_S05_6,COph100/patient/026,COph100,True,True,2202054258.7223964,8.08405186319934e-05,97649853447.23456,False
20260913,sp_lg_h,1,train,4cc4583374a7f846,COph100/026/026_M_GA33_BW1700_PA36_DG11_PF0_D1_S02_10__026_M_GA33_BW1700_PA40_DG11_PF0_D1_S04_11,COph100/patient/026,COph100,True,True,11125766.607773216,8.08405186319934e-05,97649853447.23456,False
20260913,sp_lg_h,1,train,3968ed21e45d9ba8,COph100/033/033_M_GA30_BW1250_PA31_DG0_PF0_D1_S01_2__033_M_GA30_BW1250_PA33_DG0_PF0_D1_S02_1,COph100/patient/033,COph100,True,False,97649853447.23456,8.08405186319934e-05,97649853447.23456,False
20260913,sp_lg_h,1,test,d9cae0da3a04d6af,COph100/052/052_M_GA26_BW820_PA31_DG1_PF0_D1_S01_3__052_M_GA26_BW820_PA46_DG2_PF0_D1_S07_6,COph100/patient/052,COph100,True,True,2220851.201832924,8.08405186319934e-05,97649853447.23456,False
20260913,sp_lg_h,1,test,77518ee0f8861b97,COph100/052/052_M_GA26_BW820_PA34_DG3_PF0_D1_S04_4__052_M_GA26_BW820_PA75_DG9_PF0_D1_S08_20,COph100/patient/052,COph100,True,True,20540791.656451978,8.08405186319934e-05,97649853447.23456,False
20260913,sp_lg_h,1,test,ce0f14b486d56040,COph100/055-1/055_M_GA38_BW3245_PA40_DG13_PF0_D1_S01_10__055_M_GA38_BW3245_PA44_DG13_PF0_D1_S05_6,COph100/patient/055,COph100,True,True,39281513.67231593,8.08405186319934e-05,97649853447.23456,False
20260913,sp_lg_h,1,test,da1b669d55ceeb70,COph100/055-1/055_M_GA38_BW3245_PA40_DG13_PF0_D1_S01_10__055_M_GA38_BW3245_PA53_DG13_PF0_D1_S08_2,COph100/patient/055,COph100,True,False,3044205911.3357058,8.08405186319934e-05,97649853447.23456,False
20260913,sp_lg_h,1,test,cf804c649b733cd6,COph100/055-1/055_M_GA38_BW3245_PA40_DG13_PF0_D1_S01_10__055_M_GA38_BW3245_PA78_DG13_PF0_D1_S09_16,COph100/patient/055,COph100,True,True,107062547.19021197,8.08405186319934e-05,97649853447.23456,False
20260913,sp_lg_h,1,test,8ed14fb063327bae,COph100/055/055_M_GA38_BW3245_PA40_DG13_PF0_D1_S01_3__055_M_GA38_BW3245_PA53_DG13_PF0_D1_S08_7,COph100/patient/055,COph100,True,False,2501044028.0221753,8.08405186319934e-05,97649853447.23456,False
20260913,sp_lg_h,1,test,2541e8913ecb495c,COph100/055/055_M_GA38_BW3245_PA43_DG13_PF0_D1_S04_13__055_M_GA38_BW3245_PA78_DG13_PF0_D1_S09_6,COph100/patient/055,COph100,True,False,138446249.6936386,8.08405186319934e-05,97649853447.23456,False
20260913,sp_lg_h,2,train,d9cae0da3a04d6af,COph100/052/052_M_GA26_BW820_PA31_DG1_PF0_D1_S01_3__052_M_GA26_BW820_PA46_DG2_PF0_D1_S07_6,COph100/patient/052,COph100,True,True,2220851.201832924,7.199957633201148e-06,3044205911.3357058,False
20260913,sp_lg_h,2,train,77518ee0f8861b97,COph100/052/052_M_GA26_BW820_PA34_DG3_PF0_D1_S04_4__052_M_GA26_BW820_PA75_DG9_PF0_D1_S08_20,COph100/patient/052,COph100,True,True,20540791.656451978,7.199957633201148e-06,3044205911.3357058,False
20260913,sp_lg_h,2,train,ce0f14b486d56040,COph100/055-1/055_M_GA38_BW3245_PA40_DG13_PF0_D1_S01_10__055_M_GA38_BW3245_PA44_DG13_PF0_D1_S05_6,COph100/patient/055,COph100,True,True,39281513.67231593,7.199957633201148e-06,3044205911.3357058,False
20260913,sp_lg_h,2,train,da1b669d55ceeb70,COph100/055-1/055_M_GA38_BW3245_PA40_DG13_PF0_D1_S01_10__055_M_GA38_BW3245_PA53_DG13_PF0_D1_S08_2,COph100/patient/055,COph100,True,False,3044205911.3357058,7.199957633201148e-06,3044205911.3357058,False
20260913,sp_lg_h,2,train,cf804c649b733cd6,COph100/055-1/055_M_GA38_BW3245_PA40_DG13_PF0_D1_S01_10__055_M_GA38_BW3245_PA78_DG13_PF0_D1_S09_16,COph100/patient/055,COph100,True,True,107062547.19021197,7.199957633201148e-06,3044205911.3357058,False
20260913,sp_lg_h,2,train,8ed14fb063327bae,COph100/055/055_M_GA38_BW3245_PA40_DG13_PF0_D1_S01_3__055_M_GA38_BW3245_PA53_DG13_PF0_D1_S08_7,COph100/patient/055,COph100,True,False,2501044028.0221753,7.199957633201148e-06,3044205911.3357058,False
20260913,sp_lg_h,2,train,2541e8913ecb495c,COph100/055/055_M_GA38_BW3245_PA43_DG13_PF0_D1_S04_13__055_M_GA38_BW3245_PA78_DG13_PF0_D1_S09_6,COph100/patient/055,COph100,True,False,138446249.6936386,7.199957633201148e-06,3044205911.3357058,False
20260913,sp_lg_h,2,calibration,e72ba4a2fa2829d4,COph100/026-1/026_M_GA33_BW1700_PA36_DG11_PF0_D1_S02_6__026_M_GA33_BW1700_PA42_DG11_PF0_D1_S05_6,COph100/patient/026,COph100,True,True,2202054258.7223964,7.199957633201148e-06,3044205911.3357058,False
20260913,sp_lg_h,2,calibration,4cc4583374a7f846,COph100/026/026_M_GA33_BW1700_PA36_DG11_PF0_D1_S02_10__026_M_GA33_BW1700_PA40_DG11_PF0_D1_S04_11,COph100/patient/026,COph100,True,True,11125766.607773216,7.199957633201148e-06,3044205911.3357058,False
20260913,sp_lg_h,2,calibration,3968ed21e45d9ba8,COph100/033/033_M_GA30_BW1250_PA31_DG0_PF0_D1_S01_2__033_M_GA30_BW1250_PA33_DG0_PF0_D1_S02_1,COph100/patient/033,COph100,True,False,97649853447.23456,7.199957633201148e-06,3044205911.3357058,True
20260913,sp_lg_h,3,train,d9cae0da3a04d6af,COph100/052/052_M_GA26_BW820_PA31_DG1_PF0_D1_S01_3__052_M_GA26_BW820_PA46_DG2_PF0_D1_S07_6,COph100/patient/052,COph100,True,True,2220851.201832924,7.199957633201148e-06,3044205911.3357058,False
20260913,sp_lg_h,3,train,77518ee0f8861b97,COph100/052/052_M_GA26_BW820_PA34_DG3_PF0_D1_S04_4__052_M_GA26_BW820_PA75_DG9_PF0_D1_S08_20,COph100/patient/052,COph100,True,True,20540791.656451978,7.199957633201148e-06,3044205911.3357058,False
20260913,sp_lg_h,3,train,ce0f14b486d56040,COph100/055-1/055_M_GA38_BW3245_PA40_DG13_PF0_D1_S01_10__055_M_GA38_BW3245_PA44_DG13_PF0_D1_S05_6,COph100/patient/055,COph100,True,True,39281513.67231593,7.199957633201148e-06,3044205911.3357058,False
20260913,sp_lg_h,3,train,da1b669d55ceeb70,COph100/055-1/055_M_GA38_BW3245_PA40_DG13_PF0_D1_S01_10__055_M_GA38_BW3245_PA53_DG13_PF0_D1_S08_2,COph100/patient/055,COph100,True,False,3044205911.3357058,7.199957633201148e-06,3044205911.3357058,False
20260913,sp_lg_h,3,train,cf804c649b733cd6,COph100/055-1/055_M_GA38_BW3245_PA40_DG13_PF0_D1_S01_10__055_M_GA38_BW3245_PA78_DG13_PF0_D1_S09_16,COph100/patient/055,COph100,True,True,107062547.19021197,7.199957633201148e-06,3044205911.3357058,False
20260913,sp_lg_h,3,train,8ed14fb063327bae,COph100/055/055_M_GA38_BW3245_PA40_DG13_PF0_D1_S01_3__055_M_GA38_BW3245_PA53_DG13_PF0_D1_S08_7,COph100/patient/055,COph100,True,False,2501044028.0221753,7.199957633201148e-06,3044205911.3357058,False
20260913,sp_lg_h,3,train,2541e8913ecb495c,COph100/055/055_M_GA38_BW3245_PA43_DG13_PF0_D1_S04_13__055_M_GA38_BW3245_PA78_DG13_PF0_D1_S09_6,COph100/patient/055,COph100,True,False,138446249.6936386,7.199957633201148e-06,3044205911.3357058,False
20260913,sp_lg_h,3,test,e72ba4a2fa2829d4,COph100/026-1/026_M_GA33_BW1700_PA36_DG11_PF0_D1_S02_6__026_M_GA33_BW1700_PA42_DG11_PF0_D1_S05_6,COph100/patient/026,COph100,True,True,2202054258.7223964,7.199957633201148e-06,3044205911.3357058,False
20260913,sp_lg_h,3,test,4cc4583374a7f846,COph100/026/026_M_GA33_BW1700_PA36_DG11_PF0_D1_S02_10__026_M_GA33_BW1700_PA40_DG11_PF0_D1_S04_11,COph100/patient/026,COph100,True,True,11125766.607773216,7.199957633201148e-06,3044205911.3357058,False
20260913,sp_lg_h,3,test,3968ed21e45d9ba8,COph100/033/033_M_GA30_BW1250_PA31_DG0_PF0_D1_S01_2__033_M_GA30_BW1250_PA33_DG0_PF0_D1_S02_1,COph100/patient/033,COph100,True,False,97649853447.23456,7.199957633201148e-06,3044205911.3357058,True
20260913,sp_lg_h,4,train,e72ba4a2fa2829d4,COph100/026-1/026_M_GA33_BW1700_PA36_DG11_PF0_D1_S02_6__026_M_GA33_BW1700_PA42_DG11_PF0_D1_S05_6,COph100/patient/026,COph100,True,True,2202054258.7223964,7.199957633201148e-06,97649853447.23456,False
20260913,sp_lg_h,4,train,4cc4583374a7f846,COph100/026/026_M_GA33_BW1700_PA36_DG11_PF0_D1_S02_10__026_M_GA33_BW1700_PA40_DG11_PF0_D1_S04_11,COph100/patient/026,COph100,True,True,11125766.607773216,7.199957633201148e-06,97649853447.23456,False
20260913,sp_lg_h,4,train,3968ed21e45d9ba8,COph100/033/033_M_GA30_BW1250_PA31_DG0_PF0_D1_S01_2__033_M_GA30_BW1250_PA33_DG0_PF0_D1_S02_1,COph100/patient/033,COph100,True,False,97649853447.23456,7.199957633201148e-06,97649853447.23456,False
20260913,sp_lg_h,4,train,d9cae0da3a04d6af,COph100/052/052_M_GA26_BW820_PA31_DG1_PF0_D1_S01_3__052_M_GA26_BW820_PA46_DG2_PF0_D1_S07_6,COph100/patient/052,COph100,True,True,2220851.201832924,7.199957633201148e-06,97649853447.23456,False
20260913,sp_lg_h,4,train,77518ee0f8861b97,COph100/052/052_M_GA26_BW820_PA34_DG3_PF0_D1_S04_4__052_M_GA26_BW820_PA75_DG9_PF0_D1_S08_20,COph100/patient/052,COph100,True,True,20540791.656451978,7.199957633201148e-06,97649853447.23456,False
20260913,sp_lg_h,4,train,ce0f14b486d56040,COph100/055-1/055_M_GA38_BW3245_PA40_DG13_PF0_D1_S01_10__055_M_GA38_BW3245_PA44_DG13_PF0_D1_S05_6,COph100/patient/055,COph100,True,True,39281513.67231593,7.199957633201148e-06,97649853447.23456,False
20260913,sp_lg_h,4,train,da1b669d55ceeb70,COph100/055-1/055_M_GA38_BW3245_PA40_DG13_PF0_D1_S01_10__055_M_GA38_BW3245_PA53_DG13_PF0_D1_S08_2,COph100/patient/055,COph100,True,False,3044205911.3357058,7.199957633201148e-06,97649853447.23456,False
20260913,sp_lg_h,4,train,cf804c649b733cd6,COph100/055-1/055_M_GA38_BW3245_PA40_DG13_PF0_D1_S01_10__055_M_GA38_BW3245_PA78_DG13_PF0_D1_S09_16,COph100/patient/055,COph100,True,True,107062547.19021197,7.199957633201148e-06,97649853447.23456,False
20260913,sp_lg_h,4,train,8ed14fb063327bae,COph100/055/055_M_GA38_BW3245_PA40_DG13_PF0_D1_S01_3__055_M_GA38_BW3245_PA53_DG13_PF0_D1_S08_7,COph100/patient/055,COph100,True,False,2501044028.0221753,7.199957633201148e-06,97649853447.23456,False
20260913,sp_lg_h,4,train,2541e8913ecb495c,COph100/055/055_M_GA38_BW3245_PA43_DG13_PF0_D1_S04_13__055_M_GA38_BW3245_PA78_DG13_PF0_D1_S09_6,COph100/patient/055,COph100,True,False,138446249.6936386,7.199957633201148e-06,97649853447.23456,False
20260914,xfeat_h,0,train,a3b2e2934c364e2a,COph100/055-1/055_M_GA38_BW3245_PA42_DG13_PF0_D1_S03_2__055_M_GA38_BW3245_PA78_DG13_PF0_D1_S09_16,COph100/patient/055,COph100,True,False,8654742027.155737,4.519873533058088e-06,8654742027.155737,False
20260914,xfeat_h,0,train,11bcaf81af6206b4,COph100/055/055_M_GA38_BW3245_PA43_DG13_PF0_D1_S04_13__055_M_GA38_BW3245_PA78_DG13_PF0_D1_S09_6,COph100/patient/055,COph100,True,True,1045006731.0949349,4.519873533058088e-06,8654742027.155737,False
20260914,xfeat_h,1,train,a3b2e2934c364e2a,COph100/055-1/055_M_GA38_BW3245_PA42_DG13_PF0_D1_S03_2__055_M_GA38_BW3245_PA78_DG13_PF0_D1_S09_16,COph100/patient/055,COph100,True,False,8654742027.155737,4.519873533058088e-06,8654742027.155737,False
20260914,xfeat_h,1,train,11bcaf81af6206b4,COph100/055/055_M_GA38_BW3245_PA43_DG13_PF0_D1_S04_13__055_M_GA38_BW3245_PA78_DG13_PF0_D1_S09_6,COph100/patient/055,COph100,True,True,1045006731.0949349,4.519873533058088e-06,8654742027.155737,False
20260914,xfeat_h,2,train,a3b2e2934c364e2a,COph100/055-1/055_M_GA38_BW3245_PA42_DG13_PF0_D1_S03_2__055_M_GA38_BW3245_PA78_DG13_PF0_D1_S09_16,COph100/patient/055,COph100,True,False,8654742027.155737,0.00014467802307445814,8654742027.155737,False
20260914,xfeat_h,2,train,11bcaf81af6206b4,COph100/055/055_M_GA38_BW3245_PA43_DG13_PF0_D1_S04_13__055_M_GA38_BW3245_PA78_DG13_PF0_D1_S09_6,COph100/patient/055,COph100,True,True,1045006731.0949349,0.00014467802307445814,8654742027.155737,False
20260914,xfeat_h,3,calibration,a3b2e2934c364e2a,COph100/055-1/055_M_GA38_BW3245_PA42_DG13_PF0_D1_S03_2__055_M_GA38_BW3245_PA78_DG13_PF0_D1_S09_16,COph100/patient/055,COph100,True,False,8654742027.155737,7.672406182586129e-05,325.00934027783336,True
20260914,xfeat_h,3,calibration,11bcaf81af6206b4,COph100/055/055_M_GA38_BW3245_PA43_DG13_PF0_D1_S04_13__055_M_GA38_BW3245_PA78_DG13_PF0_D1_S09_6,COph100/patient/055,COph100,True,True,1045006731.0949349,7.672406182586129e-05,325.00934027783336,True
20260914,xfeat_h,4,test,a3b2e2934c364e2a,COph100/055-1/055_M_GA38_BW3245_PA42_DG13_PF0_D1_S03_2__055_M_GA38_BW3245_PA78_DG13_PF0_D1_S09_16,COph100/patient/055,COph100,True,False,8654742027.155737,4.519873533058088e-06,30.598957301996208,True
20260914,xfeat_h,4,test,11bcaf81af6206b4,COph100/055/055_M_GA38_BW3245_PA43_DG13_PF0_D1_S04_13__055_M_GA38_BW3245_PA78_DG13_PF0_D1_S09_6,COph100/patient/055,COph100,True,True,1045006731.0949349,4.519873533058088e-06,30.598957301996208,True
20260914,sp_lg_h,0,train,e72ba4a2fa2829d4,COph100/026-1/026_M_GA33_BW1700_PA36_DG11_PF0_D1_S02_6__026_M_GA33_BW1700_PA42_DG11_PF0_D1_S05_6,COph100/patient/026,COph100,True,True,2202054258.7223964,7.199957633201148e-06,97649853447.23456,False
20260914,sp_lg_h,0,train,4cc4583374a7f846,COph100/026/026_M_GA33_BW1700_PA36_DG11_PF0_D1_S02_10__026_M_GA33_BW1700_PA40_DG11_PF0_D1_S04_11,COph100/patient/026,COph100,True,True,11125766.607773216,7.199957633201148e-06,97649853447.23456,False
20260914,sp_lg_h,0,train,3968ed21e45d9ba8,COph100/033/033_M_GA30_BW1250_PA31_DG0_PF0_D1_S01_2__033_M_GA30_BW1250_PA33_DG0_PF0_D1_S02_1,COph100/patient/033,COph100,True,False,97649853447.23456,7.199957633201148e-06,97649853447.23456,False
20260914,sp_lg_h,0,train,ce0f14b486d56040,COph100/055-1/055_M_GA38_BW3245_PA40_DG13_PF0_D1_S01_10__055_M_GA38_BW3245_PA44_DG13_PF0_D1_S05_6,COph100/patient/055,COph100,True,True,39281513.67231593,7.199957633201148e-06,97649853447.23456,False
20260914,sp_lg_h,0,train,da1b669d55ceeb70,COph100/055-1/055_M_GA38_BW3245_PA40_DG13_PF0_D1_S01_10__055_M_GA38_BW3245_PA53_DG13_PF0_D1_S08_2,COph100/patient/055,COph100,True,False,3044205911.3357058,7.199957633201148e-06,97649853447.23456,False
20260914,sp_lg_h,0,train,cf804c649b733cd6,COph100/055-1/055_M_GA38_BW3245_PA40_DG13_PF0_D1_S01_10__055_M_GA38_BW3245_PA78_DG13_PF0_D1_S09_16,COph100/patient/055,COph100,True,True,107062547.19021197,7.199957633201148e-06,97649853447.23456,False
20260914,sp_lg_h,0,train,8ed14fb063327bae,COph100/055/055_M_GA38_BW3245_PA40_DG13_PF0_D1_S01_3__055_M_GA38_BW3245_PA53_DG13_PF0_D1_S08_7,COph100/patient/055,COph100,True,False,2501044028.0221753,7.199957633201148e-06,97649853447.23456,False
20260914,sp_lg_h,0,train,2541e8913ecb495c,COph100/055/055_M_GA38_BW3245_PA43_DG13_PF0_D1_S04_13__055_M_GA38_BW3245_PA78_DG13_PF0_D1_S09_6,COph100/patient/055,COph100,True,False,138446249.6936386,7.199957633201148e-06,97649853447.23456,False
20260914,sp_lg_h,0,test,d9cae0da3a04d6af,COph100/052/052_M_GA26_BW820_PA31_DG1_PF0_D1_S01_3__052_M_GA26_BW820_PA46_DG2_PF0_D1_S07_6,COph100/patient/052,COph100,True,True,2220851.201832924,7.199957633201148e-06,97649853447.23456,False
20260914,sp_lg_h,0,test,77518ee0f8861b97,COph100/052/052_M_GA26_BW820_PA34_DG3_PF0_D1_S04_4__052_M_GA26_BW820_PA75_DG9_PF0_D1_S08_20,COph100/patient/052,COph100,True,True,20540791.656451978,7.199957633201148e-06,97649853447.23456,False
20260914,sp_lg_h,1,train,e72ba4a2fa2829d4,COph100/026-1/026_M_GA33_BW1700_PA36_DG11_PF0_D1_S02_6__026_M_GA33_BW1700_PA42_DG11_PF0_D1_S05_6,COph100/patient/026,COph100,True,True,2202054258.7223964,7.199957633201148e-06,97649853447.23456,False
20260914,sp_lg_h,1,train,4cc4583374a7f846,COph100/026/026_M_GA33_BW1700_PA36_DG11_PF0_D1_S02_10__026_M_GA33_BW1700_PA40_DG11_PF0_D1_S04_11,COph100/patient/026,COph100,True,True,11125766.607773216,7.199957633201148e-06,97649853447.23456,False
20260914,sp_lg_h,1,train,3968ed21e45d9ba8,COph100/033/033_M_GA30_BW1250_PA31_DG0_PF0_D1_S01_2__033_M_GA30_BW1250_PA33_DG0_PF0_D1_S02_1,COph100/patient/033,COph100,True,False,97649853447.23456,7.199957633201148e-06,97649853447.23456,False
20260914,sp_lg_h,1,train,d9cae0da3a04d6af,COph100/052/052_M_GA26_BW820_PA31_DG1_PF0_D1_S01_3__052_M_GA26_BW820_PA46_DG2_PF0_D1_S07_6,COph100/patient/052,COph100,True,True,2220851.201832924,7.199957633201148e-06,97649853447.23456,False
20260914,sp_lg_h,1,train,77518ee0f8861b97,COph100/052/052_M_GA26_BW820_PA34_DG3_PF0_D1_S04_4__052_M_GA26_BW820_PA75_DG9_PF0_D1_S08_20,COph100/patient/052,COph100,True,True,20540791.656451978,7.199957633201148e-06,97649853447.23456,False
20260914,sp_lg_h,1,train,ce0f14b486d56040,COph100/055-1/055_M_GA38_BW3245_PA40_DG13_PF0_D1_S01_10__055_M_GA38_BW3245_PA44_DG13_PF0_D1_S05_6,COph100/patient/055,COph100,True,True,39281513.67231593,7.199957633201148e-06,97649853447.23456,False
20260914,sp_lg_h,1,train,da1b669d55ceeb70,COph100/055-1/055_M_GA38_BW3245_PA40_DG13_PF0_D1_S01_10__055_M_GA38_BW3245_PA53_DG13_PF0_D1_S08_2,COph100/patient/055,COph100,True,False,3044205911.3357058,7.199957633201148e-06,97649853447.23456,False
20260914,sp_lg_h,1,train,cf804c649b733cd6,COph100/055-1/055_M_GA38_BW3245_PA40_DG13_PF0_D1_S01_10__055_M_GA38_BW3245_PA78_DG13_PF0_D1_S09_16,COph100/patient/055,COph100,True,True,107062547.19021197,7.199957633201148e-06,97649853447.23456,False
20260914,sp_lg_h,1,train,8ed14fb063327bae,COph100/055/055_M_GA38_BW3245_PA40_DG13_PF0_D1_S01_3__055_M_GA38_BW3245_PA53_DG13_PF0_D1_S08_7,COph100/patient/055,COph100,True,False,2501044028.0221753,7.199957633201148e-06,97649853447.23456,False
20260914,sp_lg_h,1,train,2541e8913ecb495c,COph100/055/055_M_GA38_BW3245_PA43_DG13_PF0_D1_S04_13__055_M_GA38_BW3245_PA78_DG13_PF0_D1_S09_6,COph100/patient/055,COph100,True,False,138446249.6936386,7.199957633201148e-06,97649853447.23456,False
20260914,sp_lg_h,2,train,e72ba4a2fa2829d4,COph100/026-1/026_M_GA33_BW1700_PA36_DG11_PF0_D1_S02_6__026_M_GA33_BW1700_PA42_DG11_PF0_D1_S05_6,COph100/patient/026,COph100,True,True,2202054258.7223964,0.00010651545309688562,97649853447.23456,False
20260914,sp_lg_h,2,train,4cc4583374a7f846,COph100/026/026_M_GA33_BW1700_PA36_DG11_PF0_D1_S02_10__026_M_GA33_BW1700_PA40_DG11_PF0_D1_S04_11,COph100/patient/026,COph100,True,True,11125766.607773216,0.00010651545309688562,97649853447.23456,False
20260914,sp_lg_h,2,train,3968ed21e45d9ba8,COph100/033/033_M_GA30_BW1250_PA31_DG0_PF0_D1_S01_2__033_M_GA30_BW1250_PA33_DG0_PF0_D1_S02_1,COph100/patient/033,COph100,True,False,97649853447.23456,0.00010651545309688562,97649853447.23456,False
20260914,sp_lg_h,2,train,d9cae0da3a04d6af,COph100/052/052_M_GA26_BW820_PA31_DG1_PF0_D1_S01_3__052_M_GA26_BW820_PA46_DG2_PF0_D1_S07_6,COph100/patient/052,COph100,True,True,2220851.201832924,0.00010651545309688562,97649853447.23456,False
20260914,sp_lg_h,2,train,77518ee0f8861b97,COph100/052/052_M_GA26_BW820_PA34_DG3_PF0_D1_S04_4__052_M_GA26_BW820_PA75_DG9_PF0_D1_S08_20,COph100/patient/052,COph100,True,True,20540791.656451978,0.00010651545309688562,97649853447.23456,False
20260914,sp_lg_h,2,train,ce0f14b486d56040,COph100/055-1/055_M_GA38_BW3245_PA40_DG13_PF0_D1_S01_10__055_M_GA38_BW3245_PA44_DG13_PF0_D1_S05_6,COph100/patient/055,COph100,True,True,39281513.67231593,0.00010651545309688562,97649853447.23456,False
20260914,sp_lg_h,2,train,da1b669d55ceeb70,COph100/055-1/055_M_GA38_BW3245_PA40_DG13_PF0_D1_S01_10__055_M_GA38_BW3245_PA53_DG13_PF0_D1_S08_2,COph100/patient/055,COph100,True,False,3044205911.3357058,0.00010651545309688562,97649853447.23456,False
20260914,sp_lg_h,2,train,cf804c649b733cd6,COph100/055-1/055_M_GA38_BW3245_PA40_DG13_PF0_D1_S01_10__055_M_GA38_BW3245_PA78_DG13_PF0_D1_S09_16,COph100/patient/055,COph100,True,True,107062547.19021197,0.00010651545309688562,97649853447.23456,False
20260914,sp_lg_h,2,train,8ed14fb063327bae,COph100/055/055_M_GA38_BW3245_PA40_DG13_PF0_D1_S01_3__055_M_GA38_BW3245_PA53_DG13_PF0_D1_S08_7,COph100/patient/055,COph100,True,False,2501044028.0221753,0.00010651545309688562,97649853447.23456,False
20260914,sp_lg_h,2,train,2541e8913ecb495c,COph100/055/055_M_GA38_BW3245_PA43_DG13_PF0_D1_S04_13__055_M_GA38_BW3245_PA78_DG13_PF0_D1_S09_6,COph100/patient/055,COph100,True,False,138446249.6936386,0.00010651545309688562,97649853447.23456,False
20260914,sp_lg_h,3,train,d9cae0da3a04d6af,COph100/052/052_M_GA26_BW820_PA31_DG1_PF0_D1_S01_3__052_M_GA26_BW820_PA46_DG2_PF0_D1_S07_6,COph100/patient/052,COph100,True,True,2220851.201832924,0.00010651545309688562,20540791.656451978,False
20260914,sp_lg_h,3,train,77518ee0f8861b97,COph100/052/052_M_GA26_BW820_PA34_DG3_PF0_D1_S04_4__052_M_GA26_BW820_PA75_DG9_PF0_D1_S08_20,COph100/patient/052,COph100,True,True,20540791.656451978,0.00010651545309688562,20540791.656451978,False
20260914,sp_lg_h,3,calibration,e72ba4a2fa2829d4,COph100/026-1/026_M_GA33_BW1700_PA36_DG11_PF0_D1_S02_6__026_M_GA33_BW1700_PA42_DG11_PF0_D1_S05_6,COph100/patient/026,COph100,True,True,2202054258.7223964,0.00010651545309688562,20540791.656451978,True
20260914,sp_lg_h,3,calibration,4cc4583374a7f846,COph100/026/026_M_GA33_BW1700_PA36_DG11_PF0_D1_S02_10__026_M_GA33_BW1700_PA40_DG11_PF0_D1_S04_11,COph100/patient/026,COph100,True,True,11125766.607773216,0.00010651545309688562,20540791.656451978,False
20260914,sp_lg_h,3,calibration,3968ed21e45d9ba8,COph100/033/033_M_GA30_BW1250_PA31_DG0_PF0_D1_S01_2__033_M_GA30_BW1250_PA33_DG0_PF0_D1_S02_1,COph100/patient/033,COph100,True,False,97649853447.23456,0.00010651545309688562,20540791.656451978,True
20260914,sp_lg_h,3,calibration,ce0f14b486d56040,COph100/055-1/055_M_GA38_BW3245_PA40_DG13_PF0_D1_S01_10__055_M_GA38_BW3245_PA44_DG13_PF0_D1_S05_6,COph100/patient/055,COph100,True,True,39281513.67231593,0.00010651545309688562,20540791.656451978,True
20260914,sp_lg_h,3,calibration,da1b669d55ceeb70,COph100/055-1/055_M_GA38_BW3245_PA40_DG13_PF0_D1_S01_10__055_M_GA38_BW3245_PA53_DG13_PF0_D1_S08_2,COph100/patient/055,COph100,True,False,3044205911.3357058,0.00010651545309688562,20540791.656451978,True
20260914,sp_lg_h,3,calibration,cf804c649b733cd6,COph100/055-1/055_M_GA38_BW3245_PA40_DG13_PF0_D1_S01_10__055_M_GA38_BW3245_PA78_DG13_PF0_D1_S09_16,COph100/patient/055,COph100,True,True,107062547.19021197,0.00010651545309688562,20540791.656451978,True
20260914,sp_lg_h,3,calibration,8ed14fb063327bae,COph100/055/055_M_GA38_BW3245_PA40_DG13_PF0_D1_S01_3__055_M_GA38_BW3245_PA53_DG13_PF0_D1_S08_7,COph100/patient/055,COph100,True,False,2501044028.0221753,0.00010651545309688562,20540791.656451978,True
20260914,sp_lg_h,3,calibration,2541e8913ecb495c,COph100/055/055_M_GA38_BW3245_PA43_DG13_PF0_D1_S04_13__055_M_GA38_BW3245_PA78_DG13_PF0_D1_S09_6,COph100/patient/055,COph100,True,False,138446249.6936386,0.00010651545309688562,20540791.656451978,True
20260914,sp_lg_h,4,calibration,d9cae0da3a04d6af,COph100/052/052_M_GA26_BW820_PA31_DG1_PF0_D1_S01_3__052_M_GA26_BW820_PA46_DG2_PF0_D1_S07_6,COph100/patient/052,COph100,True,True,2220851.201832924,7.199957633201148e-06,366.23265676029445,True
20260914,sp_lg_h,4,calibration,77518ee0f8861b97,COph100/052/052_M_GA26_BW820_PA34_DG3_PF0_D1_S04_4__052_M_GA26_BW820_PA75_DG9_PF0_D1_S08_20,COph100/patient/052,COph100,True,True,20540791.656451978,7.199957633201148e-06,366.23265676029445,True
20260914,sp_lg_h,4,test,e72ba4a2fa2829d4,COph100/026-1/026_M_GA33_BW1700_PA36_DG11_PF0_D1_S02_6__026_M_GA33_BW1700_PA42_DG11_PF0_D1_S05_6,COph100/patient/026,COph100,True,True,2202054258.7223964,7.199957633201148e-06,366.23265676029445,True
20260914,sp_lg_h,4,test,4cc4583374a7f846,COph100/026/026_M_GA33_BW1700_PA36_DG11_PF0_D1_S02_10__026_M_GA33_BW1700_PA40_DG11_PF0_D1_S04_11,COph100/patient/026,COph100,True,True,11125766.607773216,7.199957633201148e-06,366.23265676029445,True
20260914,sp_lg_h,4,test,3968ed21e45d9ba8,COph100/033/033_M_GA30_BW1250_PA31_DG0_PF0_D1_S01_2__033_M_GA30_BW1250_PA33_DG0_PF0_D1_S02_1,COph100/patient/033,COph100,True,False,97649853447.23456,7.199957633201148e-06,366.23265676029445,True
20260914,sp_lg_h,4,test,ce0f14b486d56040,COph100/055-1/055_M_GA38_BW3245_PA40_DG13_PF0_D1_S01_10__055_M_GA38_BW3245_PA44_DG13_PF0_D1_S05_6,COph100/patient/055,COph100,True,True,39281513.67231593,7.199957633201148e-06,366.23265676029445,True
20260914,sp_lg_h,4,test,da1b669d55ceeb70,COph100/055-1/055_M_GA38_BW3245_PA40_DG13_PF0_D1_S01_10__055_M_GA38_BW3245_PA53_DG13_PF0_D1_S08_2,COph100/patient/055,COph100,True,False,3044205911.3357058,7.199957633201148e-06,366.23265676029445,True
20260914,sp_lg_h,4,test,cf804c649b733cd6,COph100/055-1/055_M_GA38_BW3245_PA40_DG13_PF0_D1_S01_10__055_M_GA38_BW3245_PA78_DG13_PF0_D1_S09_16,COph100/patient/055,COph100,True,True,107062547.19021197,7.199957633201148e-06,366.23265676029445,True
20260914,sp_lg_h,4,test,8ed14fb063327bae,COph100/055/055_M_GA38_BW3245_PA40_DG13_PF0_D1_S01_3__055_M_GA38_BW3245_PA53_DG13_PF0_D1_S08_7,COph100/patient/055,COph100,True,False,2501044028.0221753,7.199957633201148e-06,366.23265676029445,True
20260914,sp_lg_h,4,test,2541e8913ecb495c,COph100/055/055_M_GA38_BW3245_PA43_DG13_PF0_D1_S04_13__055_M_GA38_BW3245_PA78_DG13_PF0_D1_S09_6,COph100/patient/055,COph100,True,False,138446249.6936386,7.199957633201148e-06,366.23265676029445,True
20260915,xfeat_h,0,train,a3b2e2934c364e2a,COph100/055-1/055_M_GA38_BW3245_PA42_DG13_PF0_D1_S03_2__055_M_GA38_BW3245_PA78_DG13_PF0_D1_S09_16,COph100/patient/055,COph100,True,False,8654742027.155737,4.519873533058088e-06,8654742027.155737,False
20260915,xfeat_h,0,train,11bcaf81af6206b4,COph100/055/055_M_GA38_BW3245_PA43_DG13_PF0_D1_S04_13__055_M_GA38_BW3245_PA78_DG13_PF0_D1_S09_6,COph100/patient/055,COph100,True,True,1045006731.0949349,4.519873533058088e-06,8654742027.155737,False
20260915,xfeat_h,1,train,a3b2e2934c364e2a,COph100/055-1/055_M_GA38_BW3245_PA42_DG13_PF0_D1_S03_2__055_M_GA38_BW3245_PA78_DG13_PF0_D1_S09_16,COph100/patient/055,COph100,True,False,8654742027.155737,4.519873533058088e-06,8654742027.155737,False
20260915,xfeat_h,1,train,11bcaf81af6206b4,COph100/055/055_M_GA38_BW3245_PA43_DG13_PF0_D1_S04_13__055_M_GA38_BW3245_PA78_DG13_PF0_D1_S09_6,COph100/patient/055,COph100,True,True,1045006731.0949349,4.519873533058088e-06,8654742027.155737,False
20260915,xfeat_h,2,train,a3b2e2934c364e2a,COph100/055-1/055_M_GA38_BW3245_PA42_DG13_PF0_D1_S03_2__055_M_GA38_BW3245_PA78_DG13_PF0_D1_S09_16,COph100/patient/055,COph100,True,False,8654742027.155737,7.672406182586129e-05,8654742027.155737,False
20260915,xfeat_h,2,train,11bcaf81af6206b4,COph100/055/055_M_GA38_BW3245_PA43_DG13_PF0_D1_S04_13__055_M_GA38_BW3245_PA78_DG13_PF0_D1_S09_6,COph100/patient/055,COph100,True,True,1045006731.0949349,7.672406182586129e-05,8654742027.155737,False
20260915,xfeat_h,3,calibration,a3b2e2934c364e2a,COph100/055-1/055_M_GA38_BW3245_PA42_DG13_PF0_D1_S03_2__055_M_GA38_BW3245_PA78_DG13_PF0_D1_S09_16,COph100/patient/055,COph100,True,False,8654742027.155737,7.672406182586129e-05,30.598957301996208,True
20260915,xfeat_h,3,calibration,11bcaf81af6206b4,COph100/055/055_M_GA38_BW3245_PA43_DG13_PF0_D1_S04_13__055_M_GA38_BW3245_PA78_DG13_PF0_D1_S09_6,COph100/patient/055,COph100,True,True,1045006731.0949349,7.672406182586129e-05,30.598957301996208,True
20260915,xfeat_h,4,test,a3b2e2934c364e2a,COph100/055-1/055_M_GA38_BW3245_PA42_DG13_PF0_D1_S03_2__055_M_GA38_BW3245_PA78_DG13_PF0_D1_S09_16,COph100/patient/055,COph100,True,False,8654742027.155737,4.519873533058088e-06,325.00934027783336,True
20260915,xfeat_h,4,test,11bcaf81af6206b4,COph100/055/055_M_GA38_BW3245_PA43_DG13_PF0_D1_S04_13__055_M_GA38_BW3245_PA78_DG13_PF0_D1_S09_6,COph100/patient/055,COph100,True,True,1045006731.0949349,4.519873533058088e-06,325.00934027783336,True
20260915,sp_lg_h,0,train,3968ed21e45d9ba8,COph100/033/033_M_GA30_BW1250_PA31_DG0_PF0_D1_S01_2__033_M_GA30_BW1250_PA33_DG0_PF0_D1_S02_1,COph100/patient/033,COph100,True,False,97649853447.23456,7.199957633201148e-06,97649853447.23456,False
20260915,sp_lg_h,0,train,d9cae0da3a04d6af,COph100/052/052_M_GA26_BW820_PA31_DG1_PF0_D1_S01_3__052_M_GA26_BW820_PA46_DG2_PF0_D1_S07_6,COph100/patient/052,COph100,True,True,2220851.201832924,7.199957633201148e-06,97649853447.23456,False
20260915,sp_lg_h,0,train,77518ee0f8861b97,COph100/052/052_M_GA26_BW820_PA34_DG3_PF0_D1_S04_4__052_M_GA26_BW820_PA75_DG9_PF0_D1_S08_20,COph100/patient/052,COph100,True,True,20540791.656451978,7.199957633201148e-06,97649853447.23456,False
20260915,sp_lg_h,0,train,ce0f14b486d56040,COph100/055-1/055_M_GA38_BW3245_PA40_DG13_PF0_D1_S01_10__055_M_GA38_BW3245_PA44_DG13_PF0_D1_S05_6,COph100/patient/055,COph100,True,True,39281513.67231593,7.199957633201148e-06,97649853447.23456,False
20260915,sp_lg_h,0,train,da1b669d55ceeb70,COph100/055-1/055_M_GA38_BW3245_PA40_DG13_PF0_D1_S01_10__055_M_GA38_BW3245_PA53_DG13_PF0_D1_S08_2,COph100/patient/055,COph100,True,False,3044205911.3357058,7.199957633201148e-06,97649853447.23456,False
20260915,sp_lg_h,0,train,cf804c649b733cd6,COph100/055-1/055_M_GA38_BW3245_PA40_DG13_PF0_D1_S01_10__055_M_GA38_BW3245_PA78_DG13_PF0_D1_S09_16,COph100/patient/055,COph100,True,True,107062547.19021197,7.199957633201148e-06,97649853447.23456,False
20260915,sp_lg_h,0,train,8ed14fb063327bae,COph100/055/055_M_GA38_BW3245_PA40_DG13_PF0_D1_S01_3__055_M_GA38_BW3245_PA53_DG13_PF0_D1_S08_7,COph100/patient/055,COph100,True,False,2501044028.0221753,7.199957633201148e-06,97649853447.23456,False
20260915,sp_lg_h,0,train,2541e8913ecb495c,COph100/055/055_M_GA38_BW3245_PA43_DG13_PF0_D1_S04_13__055_M_GA38_BW3245_PA78_DG13_PF0_D1_S09_6,COph100/patient/055,COph100,True,False,138446249.6936386,7.199957633201148e-06,97649853447.23456,False
20260915,sp_lg_h,0,test,e72ba4a2fa2829d4,COph100/026-1/026_M_GA33_BW1700_PA36_DG11_PF0_D1_S02_6__026_M_GA33_BW1700_PA42_DG11_PF0_D1_S05_6,COph100/patient/026,COph100,True,True,2202054258.7223964,7.199957633201148e-06,97649853447.23456,False
20260915,sp_lg_h,0,test,4cc4583374a7f846,COph100/026/026_M_GA33_BW1700_PA36_DG11_PF0_D1_S02_10__026_M_GA33_BW1700_PA40_DG11_PF0_D1_S04_11,COph100/patient/026,COph100,True,True,11125766.607773216,7.199957633201148e-06,97649853447.23456,False
20260915,sp_lg_h,1,train,e72ba4a2fa2829d4,COph100/026-1/026_M_GA33_BW1700_PA36_DG11_PF0_D1_S02_6__026_M_GA33_BW1700_PA42_DG11_PF0_D1_S05_6,COph100/patient/026,COph100,True,True,2202054258.7223964,7.199957633201148e-06,97649853447.23456,False
20260915,sp_lg_h,1,train,4cc4583374a7f846,COph100/026/026_M_GA33_BW1700_PA36_DG11_PF0_D1_S02_10__026_M_GA33_BW1700_PA40_DG11_PF0_D1_S04_11,COph100/patient/026,COph100,True,True,11125766.607773216,7.199957633201148e-06,97649853447.23456,False
20260915,sp_lg_h,1,train,3968ed21e45d9ba8,COph100/033/033_M_GA30_BW1250_PA31_DG0_PF0_D1_S01_2__033_M_GA30_BW1250_PA33_DG0_PF0_D1_S02_1,COph100/patient/033,COph100,True,False,97649853447.23456,7.199957633201148e-06,97649853447.23456,False
20260915,sp_lg_h,1,train,ce0f14b486d56040,COph100/055-1/055_M_GA38_BW3245_PA40_DG13_PF0_D1_S01_10__055_M_GA38_BW3245_PA44_DG13_PF0_D1_S05_6,COph100/patient/055,COph100,True,True,39281513.67231593,7.199957633201148e-06,97649853447.23456,False
20260915,sp_lg_h,1,train,da1b669d55ceeb70,COph100/055-1/055_M_GA38_BW3245_PA40_DG13_PF0_D1_S01_10__055_M_GA38_BW3245_PA53_DG13_PF0_D1_S08_2,COph100/patient/055,COph100,True,False,3044205911.3357058,7.199957633201148e-06,97649853447.23456,False
20260915,sp_lg_h,1,train,cf804c649b733cd6,COph100/055-1/055_M_GA38_BW3245_PA40_DG13_PF0_D1_S01_10__055_M_GA38_BW3245_PA78_DG13_PF0_D1_S09_16,COph100/patient/055,COph100,True,True,107062547.19021197,7.199957633201148e-06,97649853447.23456,False
20260915,sp_lg_h,1,train,8ed14fb063327bae,COph100/055/055_M_GA38_BW3245_PA40_DG13_PF0_D1_S01_3__055_M_GA38_BW3245_PA53_DG13_PF0_D1_S08_7,COph100/patient/055,COph100,True,False,2501044028.0221753,7.199957633201148e-06,97649853447.23456,False
20260915,sp_lg_h,1,train,2541e8913ecb495c,COph100/055/055_M_GA38_BW3245_PA43_DG13_PF0_D1_S04_13__055_M_GA38_BW3245_PA78_DG13_PF0_D1_S09_6,COph100/patient/055,COph100,True,False,138446249.6936386,7.199957633201148e-06,97649853447.23456,False
20260915,sp_lg_h,1,calibration,d9cae0da3a04d6af,COph100/052/052_M_GA26_BW820_PA31_DG1_PF0_D1_S01_3__052_M_GA26_BW820_PA46_DG2_PF0_D1_S07_6,COph100/patient/052,COph100,True,True,2220851.201832924,7.199957633201148e-06,97649853447.23456,False
20260915,sp_lg_h,1,calibration,77518ee0f8861b97,COph100/052/052_M_GA26_BW820_PA34_DG3_PF0_D1_S04_4__052_M_GA26_BW820_PA75_DG9_PF0_D1_S08_20,COph100/patient/052,COph100,True,True,20540791.656451978,7.199957633201148e-06,97649853447.23456,False
20260915,sp_lg_h,2,train,e72ba4a2fa2829d4,COph100/026-1/026_M_GA33_BW1700_PA36_DG11_PF0_D1_S02_6__026_M_GA33_BW1700_PA42_DG11_PF0_D1_S05_6,COph100/patient/026,COph100,True,True,2202054258.7223964,8.08405186319934e-05,3044205911.3357058,False
20260915,sp_lg_h,2,train,4cc4583374a7f846,COph100/026/026_M_GA33_BW1700_PA36_DG11_PF0_D1_S02_10__026_M_GA33_BW1700_PA40_DG11_PF0_D1_S04_11,COph100/patient/026,COph100,True,True,11125766.607773216,8.08405186319934e-05,3044205911.3357058,False
20260915,sp_lg_h,2,train,ce0f14b486d56040,COph100/055-1/055_M_GA38_BW3245_PA40_DG13_PF0_D1_S01_10__055_M_GA38_BW3245_PA44_DG13_PF0_D1_S05_6,COph100/patient/055,COph100,True,True,39281513.67231593,8.08405186319934e-05,3044205911.3357058,False
20260915,sp_lg_h,2,train,da1b669d55ceeb70,COph100/055-1/055_M_GA38_BW3245_PA40_DG13_PF0_D1_S01_10__055_M_GA38_BW3245_PA53_DG13_PF0_D1_S08_2,COph100/patient/055,COph100,True,False,3044205911.3357058,8.08405186319934e-05,3044205911.3357058,False
20260915,sp_lg_h,2,train,cf804c649b733cd6,COph100/055-1/055_M_GA38_BW3245_PA40_DG13_PF0_D1_S01_10__055_M_GA38_BW3245_PA78_DG13_PF0_D1_S09_16,COph100/patient/055,COph100,True,True,107062547.19021197,8.08405186319934e-05,3044205911.3357058,False
20260915,sp_lg_h,2,train,8ed14fb063327bae,COph100/055/055_M_GA38_BW3245_PA40_DG13_PF0_D1_S01_3__055_M_GA38_BW3245_PA53_DG13_PF0_D1_S08_7,COph100/patient/055,COph100,True,False,2501044028.0221753,8.08405186319934e-05,3044205911.3357058,False
20260915,sp_lg_h,2,train,2541e8913ecb495c,COph100/055/055_M_GA38_BW3245_PA43_DG13_PF0_D1_S04_13__055_M_GA38_BW3245_PA78_DG13_PF0_D1_S09_6,COph100/patient/055,COph100,True,False,138446249.6936386,8.08405186319934e-05,3044205911.3357058,False
20260915,sp_lg_h,2,calibration,3968ed21e45d9ba8,COph100/033/033_M_GA30_BW1250_PA31_DG0_PF0_D1_S01_2__033_M_GA30_BW1250_PA33_DG0_PF0_D1_S02_1,COph100/patient/033,COph100,True,False,97649853447.23456,8.08405186319934e-05,3044205911.3357058,True
20260915,sp_lg_h,2,test,d9cae0da3a04d6af,COph100/052/052_M_GA26_BW820_PA31_DG1_PF0_D1_S01_3__052_M_GA26_BW820_PA46_DG2_PF0_D1_S07_6,COph100/patient/052,COph100,True,True,2220851.201832924,8.08405186319934e-05,3044205911.3357058,False
20260915,sp_lg_h,2,test,77518ee0f8861b97,COph100/052/052_M_GA26_BW820_PA34_DG3_PF0_D1_S04_4__052_M_GA26_BW820_PA75_DG9_PF0_D1_S08_20,COph100/patient/052,COph100,True,True,20540791.656451978,8.08405186319934e-05,3044205911.3357058,False
20260915,sp_lg_h,3,train,e72ba4a2fa2829d4,COph100/026-1/026_M_GA33_BW1700_PA36_DG11_PF0_D1_S02_6__026_M_GA33_BW1700_PA42_DG11_PF0_D1_S05_6,COph100/patient/026,COph100,True,True,2202054258.7223964,8.08405186319934e-05,2202054258.7223964,False
20260915,sp_lg_h,3,train,4cc4583374a7f846,COph100/026/026_M_GA33_BW1700_PA36_DG11_PF0_D1_S02_10__026_M_GA33_BW1700_PA40_DG11_PF0_D1_S04_11,COph100/patient/026,COph100,True,True,11125766.607773216,8.08405186319934e-05,2202054258.7223964,False
20260915,sp_lg_h,3,train,d9cae0da3a04d6af,COph100/052/052_M_GA26_BW820_PA31_DG1_PF0_D1_S01_3__052_M_GA26_BW820_PA46_DG2_PF0_D1_S07_6,COph100/patient/052,COph100,True,True,2220851.201832924,8.08405186319934e-05,2202054258.7223964,False
20260915,sp_lg_h,3,train,77518ee0f8861b97,COph100/052/052_M_GA26_BW820_PA34_DG3_PF0_D1_S04_4__052_M_GA26_BW820_PA75_DG9_PF0_D1_S08_20,COph100/patient/052,COph100,True,True,20540791.656451978,8.08405186319934e-05,2202054258.7223964,False
20260915,sp_lg_h,3,calibration,ce0f14b486d56040,COph100/055-1/055_M_GA38_BW3245_PA40_DG13_PF0_D1_S01_10__055_M_GA38_BW3245_PA44_DG13_PF0_D1_S05_6,COph100/patient/055,COph100,True,True,39281513.67231593,8.08405186319934e-05,2202054258.7223964,False
20260915,sp_lg_h,3,calibration,da1b669d55ceeb70,COph100/055-1/055_M_GA38_BW3245_PA40_DG13_PF0_D1_S01_10__055_M_GA38_BW3245_PA53_DG13_PF0_D1_S08_2,COph100/patient/055,COph100,True,False,3044205911.3357058,8.08405186319934e-05,2202054258.7223964,True
20260915,sp_lg_h,3,calibration,cf804c649b733cd6,COph100/055-1/055_M_GA38_BW3245_PA40_DG13_PF0_D1_S01_10__055_M_GA38_BW3245_PA78_DG13_PF0_D1_S09_16,COph100/patient/055,COph100,True,True,107062547.19021197,8.08405186319934e-05,2202054258.7223964,False
20260915,sp_lg_h,3,calibration,8ed14fb063327bae,COph100/055/055_M_GA38_BW3245_PA40_DG13_PF0_D1_S01_3__055_M_GA38_BW3245_PA53_DG13_PF0_D1_S08_7,COph100/patient/055,COph100,True,False,2501044028.0221753,8.08405186319934e-05,2202054258.7223964,True
20260915,sp_lg_h,3,calibration,2541e8913ecb495c,COph100/055/055_M_GA38_BW3245_PA43_DG13_PF0_D1_S04_13__055_M_GA38_BW3245_PA78_DG13_PF0_D1_S09_6,COph100/patient/055,COph100,True,False,138446249.6936386,8.08405186319934e-05,2202054258.7223964,False
20260915,sp_lg_h,3,test,3968ed21e45d9ba8,COph100/033/033_M_GA30_BW1250_PA31_DG0_PF0_D1_S01_2__033_M_GA30_BW1250_PA33_DG0_PF0_D1_S02_1,COph100/patient/033,COph100,True,False,97649853447.23456,8.08405186319934e-05,2202054258.7223964,True
20260915,sp_lg_h,4,train,3968ed21e45d9ba8,COph100/033/033_M_GA30_BW1250_PA31_DG0_PF0_D1_S01_2__033_M_GA30_BW1250_PA33_DG0_PF0_D1_S02_1,COph100/patient/033,COph100,True,False,97649853447.23456,7.199957633201148e-06,97649853447.23456,False
20260915,sp_lg_h,4,train,d9cae0da3a04d6af,COph100/052/052_M_GA26_BW820_PA31_DG1_PF0_D1_S01_3__052_M_GA26_BW820_PA46_DG2_PF0_D1_S07_6,COph100/patient/052,COph100,True,True,2220851.201832924,7.199957633201148e-06,97649853447.23456,False
20260915,sp_lg_h,4,train,77518ee0f8861b97,COph100/052/052_M_GA26_BW820_PA34_DG3_PF0_D1_S04_4__052_M_GA26_BW820_PA75_DG9_PF0_D1_S08_20,COph100/patient/052,COph100,True,True,20540791.656451978,7.199957633201148e-06,97649853447.23456,False
20260915,sp_lg_h,4,calibration,e72ba4a2fa2829d4,COph100/026-1/026_M_GA33_BW1700_PA36_DG11_PF0_D1_S02_6__026_M_GA33_BW1700_PA42_DG11_PF0_D1_S05_6,COph100/patient/026,COph100,True,True,2202054258.7223964,7.199957633201148e-06,97649853447.23456,False
20260915,sp_lg_h,4,calibration,4cc4583374a7f846,COph100/026/026_M_GA33_BW1700_PA36_DG11_PF0_D1_S02_10__026_M_GA33_BW1700_PA40_DG11_PF0_D1_S04_11,COph100/patient/026,COph100,True,True,11125766.607773216,7.199957633201148e-06,97649853447.23456,False
20260915,sp_lg_h,4,test,ce0f14b486d56040,COph100/055-1/055_M_GA38_BW3245_PA40_DG13_PF0_D1_S01_10__055_M_GA38_BW3245_PA44_DG13_PF0_D1_S05_6,COph100/patient/055,COph100,True,True,39281513.67231593,7.199957633201148e-06,97649853447.23456,False
20260915,sp_lg_h,4,test,da1b669d55ceeb70,COph100/055-1/055_M_GA38_BW3245_PA40_DG13_PF0_D1_S01_10__055_M_GA38_BW3245_PA53_DG13_PF0_D1_S08_2,COph100/patient/055,COph100,True,False,3044205911.3357058,7.199957633201148e-06,97649853447.23456,False
20260915,sp_lg_h,4,test,cf804c649b733cd6,COph100/055-1/055_M_GA38_BW3245_PA40_DG13_PF0_D1_S01_10__055_M_GA38_BW3245_PA78_DG13_PF0_D1_S09_16,COph100/patient/055,COph100,True,True,107062547.19021197,7.199957633201148e-06,97649853447.23456,False
20260915,sp_lg_h,4,test,8ed14fb063327bae,COph100/055/055_M_GA38_BW3245_PA40_DG13_PF0_D1_S01_3__055_M_GA38_BW3245_PA53_DG13_PF0_D1_S08_7,COph100/patient/055,COph100,True,False,2501044028.0221753,7.199957633201148e-06,97649853447.23456,False
20260915,sp_lg_h,4,test,2541e8913ecb495c,COph100/055/055_M_GA38_BW3245_PA43_DG13_PF0_D1_S04_13__055_M_GA38_BW3245_PA78_DG13_PF0_D1_S09_6,COph100/patient/055,COph100,True,False,138446249.6936386,7.199957633201148e-06,97649853447.23456,False
20260916,xfeat_h,0,train,a3b2e2934c364e2a,COph100/055-1/055_M_GA38_BW3245_PA42_DG13_PF0_D1_S03_2__055_M_GA38_BW3245_PA78_DG13_PF0_D1_S09_16,COph100/patient/055,COph100,True,False,8654742027.155737,4.519873533058088e-06,8654742027.155737,False
20260916,xfeat_h,0,train,11bcaf81af6206b4,COph100/055/055_M_GA38_BW3245_PA43_DG13_PF0_D1_S04_13__055_M_GA38_BW3245_PA78_DG13_PF0_D1_S09_6,COph100/patient/055,COph100,True,True,1045006731.0949349,4.519873533058088e-06,8654742027.155737,False
20260916,xfeat_h,1,train,a3b2e2934c364e2a,COph100/055-1/055_M_GA38_BW3245_PA42_DG13_PF0_D1_S03_2__055_M_GA38_BW3245_PA78_DG13_PF0_D1_S09_16,COph100/patient/055,COph100,True,False,8654742027.155737,4.519873533058088e-06,8654742027.155737,False
20260916,xfeat_h,1,train,11bcaf81af6206b4,COph100/055/055_M_GA38_BW3245_PA43_DG13_PF0_D1_S04_13__055_M_GA38_BW3245_PA78_DG13_PF0_D1_S09_6,COph100/patient/055,COph100,True,True,1045006731.0949349,4.519873533058088e-06,8654742027.155737,False
20260916,xfeat_h,2,train,a3b2e2934c364e2a,COph100/055-1/055_M_GA38_BW3245_PA42_DG13_PF0_D1_S03_2__055_M_GA38_BW3245_PA78_DG13_PF0_D1_S09_16,COph100/patient/055,COph100,True,False,8654742027.155737,0.00020122895389845964,8654742027.155737,False
20260916,xfeat_h,2,train,11bcaf81af6206b4,COph100/055/055_M_GA38_BW3245_PA43_DG13_PF0_D1_S04_13__055_M_GA38_BW3245_PA78_DG13_PF0_D1_S09_6,COph100/patient/055,COph100,True,True,1045006731.0949349,0.00020122895389845964,8654742027.155737,False
20260916,xfeat_h,3,calibration,a3b2e2934c364e2a,COph100/055-1/055_M_GA38_BW3245_PA42_DG13_PF0_D1_S03_2__055_M_GA38_BW3245_PA78_DG13_PF0_D1_S09_16,COph100/patient/055,COph100,True,False,8654742027.155737,7.672406182586129e-05,325.00934027783336,True
20260916,xfeat_h,3,calibration,11bcaf81af6206b4,COph100/055/055_M_GA38_BW3245_PA43_DG13_PF0_D1_S04_13__055_M_GA38_BW3245_PA78_DG13_PF0_D1_S09_6,COph100/patient/055,COph100,True,True,1045006731.0949349,7.672406182586129e-05,325.00934027783336,True
20260916,xfeat_h,4,test,a3b2e2934c364e2a,COph100/055-1/055_M_GA38_BW3245_PA42_DG13_PF0_D1_S03_2__055_M_GA38_BW3245_PA78_DG13_PF0_D1_S09_16,COph100/patient/055,COph100,True,False,8654742027.155737,4.519873533058088e-06,325.00934027783336,True
20260916,xfeat_h,4,test,11bcaf81af6206b4,COph100/055/055_M_GA38_BW3245_PA43_DG13_PF0_D1_S04_13__055_M_GA38_BW3245_PA78_DG13_PF0_D1_S09_6,COph100/patient/055,COph100,True,True,1045006731.0949349,4.519873533058088e-06,325.00934027783336,True
20260916,sp_lg_h,0,train,e72ba4a2fa2829d4,COph100/026-1/026_M_GA33_BW1700_PA36_DG11_PF0_D1_S02_6__026_M_GA33_BW1700_PA42_DG11_PF0_D1_S05_6,COph100/patient/026,COph100,True,True,2202054258.7223964,7.199957633201148e-06,97649853447.23456,False
20260916,sp_lg_h,0,train,4cc4583374a7f846,COph100/026/026_M_GA33_BW1700_PA36_DG11_PF0_D1_S02_10__026_M_GA33_BW1700_PA40_DG11_PF0_D1_S04_11,COph100/patient/026,COph100,True,True,11125766.607773216,7.199957633201148e-06,97649853447.23456,False
20260916,sp_lg_h,0,train,3968ed21e45d9ba8,COph100/033/033_M_GA30_BW1250_PA31_DG0_PF0_D1_S01_2__033_M_GA30_BW1250_PA33_DG0_PF0_D1_S02_1,COph100/patient/033,COph100,True,False,97649853447.23456,7.199957633201148e-06,97649853447.23456,False
20260916,sp_lg_h,0,train,d9cae0da3a04d6af,COph100/052/052_M_GA26_BW820_PA31_DG1_PF0_D1_S01_3__052_M_GA26_BW820_PA46_DG2_PF0_D1_S07_6,COph100/patient/052,COph100,True,True,2220851.201832924,7.199957633201148e-06,97649853447.23456,False
20260916,sp_lg_h,0,train,77518ee0f8861b97,COph100/052/052_M_GA26_BW820_PA34_DG3_PF0_D1_S04_4__052_M_GA26_BW820_PA75_DG9_PF0_D1_S08_20,COph100/patient/052,COph100,True,True,20540791.656451978,7.199957633201148e-06,97649853447.23456,False
20260916,sp_lg_h,0,train,ce0f14b486d56040,COph100/055-1/055_M_GA38_BW3245_PA40_DG13_PF0_D1_S01_10__055_M_GA38_BW3245_PA44_DG13_PF0_D1_S05_6,COph100/patient/055,COph100,True,True,39281513.67231593,7.199957633201148e-06,97649853447.23456,False
20260916,sp_lg_h,0,train,da1b669d55ceeb70,COph100/055-1/055_M_GA38_BW3245_PA40_DG13_PF0_D1_S01_10__055_M_GA38_BW3245_PA53_DG13_PF0_D1_S08_2,COph100/patient/055,COph100,True,False,3044205911.3357058,7.199957633201148e-06,97649853447.23456,False
20260916,sp_lg_h,0,train,cf804c649b733cd6,COph100/055-1/055_M_GA38_BW3245_PA40_DG13_PF0_D1_S01_10__055_M_GA38_BW3245_PA78_DG13_PF0_D1_S09_16,COph100/patient/055,COph100,True,True,107062547.19021197,7.199957633201148e-06,97649853447.23456,False
20260916,sp_lg_h,0,train,8ed14fb063327bae,COph100/055/055_M_GA38_BW3245_PA40_DG13_PF0_D1_S01_3__055_M_GA38_BW3245_PA53_DG13_PF0_D1_S08_7,COph100/patient/055,COph100,True,False,2501044028.0221753,7.199957633201148e-06,97649853447.23456,False
20260916,sp_lg_h,0,train,2541e8913ecb495c,COph100/055/055_M_GA38_BW3245_PA43_DG13_PF0_D1_S04_13__055_M_GA38_BW3245_PA78_DG13_PF0_D1_S09_6,COph100/patient/055,COph100,True,False,138446249.6936386,7.199957633201148e-06,97649853447.23456,False
20260916,sp_lg_h,1,train,e72ba4a2fa2829d4,COph100/026-1/026_M_GA33_BW1700_PA36_DG11_PF0_D1_S02_6__026_M_GA33_BW1700_PA42_DG11_PF0_D1_S05_6,COph100/patient/026,COph100,True,True,2202054258.7223964,7.199957633201148e-06,97649853447.23456,False
20260916,sp_lg_h,1,train,4cc4583374a7f846,COph100/026/026_M_GA33_BW1700_PA36_DG11_PF0_D1_S02_10__026_M_GA33_BW1700_PA40_DG11_PF0_D1_S04_11,COph100/patient/026,COph100,True,True,11125766.607773216,7.199957633201148e-06,97649853447.23456,False
20260916,sp_lg_h,1,train,3968ed21e45d9ba8,COph100/033/033_M_GA30_BW1250_PA31_DG0_PF0_D1_S01_2__033_M_GA30_BW1250_PA33_DG0_PF0_D1_S02_1,COph100/patient/033,COph100,True,False,97649853447.23456,7.199957633201148e-06,97649853447.23456,False
20260916,sp_lg_h,1,train,d9cae0da3a04d6af,COph100/052/052_M_GA26_BW820_PA31_DG1_PF0_D1_S01_3__052_M_GA26_BW820_PA46_DG2_PF0_D1_S07_6,COph100/patient/052,COph100,True,True,2220851.201832924,7.199957633201148e-06,97649853447.23456,False
20260916,sp_lg_h,1,train,77518ee0f8861b97,COph100/052/052_M_GA26_BW820_PA34_DG3_PF0_D1_S04_4__052_M_GA26_BW820_PA75_DG9_PF0_D1_S08_20,COph100/patient/052,COph100,True,True,20540791.656451978,7.199957633201148e-06,97649853447.23456,False
20260916,sp_lg_h,1,train,ce0f14b486d56040,COph100/055-1/055_M_GA38_BW3245_PA40_DG13_PF0_D1_S01_10__055_M_GA38_BW3245_PA44_DG13_PF0_D1_S05_6,COph100/patient/055,COph100,True,True,39281513.67231593,7.199957633201148e-06,97649853447.23456,False
20260916,sp_lg_h,1,train,da1b669d55ceeb70,COph100/055-1/055_M_GA38_BW3245_PA40_DG13_PF0_D1_S01_10__055_M_GA38_BW3245_PA53_DG13_PF0_D1_S08_2,COph100/patient/055,COph100,True,False,3044205911.3357058,7.199957633201148e-06,97649853447.23456,False
20260916,sp_lg_h,1,train,cf804c649b733cd6,COph100/055-1/055_M_GA38_BW3245_PA40_DG13_PF0_D1_S01_10__055_M_GA38_BW3245_PA78_DG13_PF0_D1_S09_16,COph100/patient/055,COph100,True,True,107062547.19021197,7.199957633201148e-06,97649853447.23456,False
20260916,sp_lg_h,1,train,8ed14fb063327bae,COph100/055/055_M_GA38_BW3245_PA40_DG13_PF0_D1_S01_3__055_M_GA38_BW3245_PA53_DG13_PF0_D1_S08_7,COph100/patient/055,COph100,True,False,2501044028.0221753,7.199957633201148e-06,97649853447.23456,False
20260916,sp_lg_h,1,train,2541e8913ecb495c,COph100/055/055_M_GA38_BW3245_PA43_DG13_PF0_D1_S04_13__055_M_GA38_BW3245_PA78_DG13_PF0_D1_S09_6,COph100/patient/055,COph100,True,False,138446249.6936386,7.199957633201148e-06,97649853447.23456,False
20260916,sp_lg_h,2,train,3968ed21e45d9ba8,COph100/033/033_M_GA30_BW1250_PA31_DG0_PF0_D1_S01_2__033_M_GA30_BW1250_PA33_DG0_PF0_D1_S02_1,COph100/patient/033,COph100,True,False,97649853447.23456,8.08405186319934e-05,97649853447.23456,False
20260916,sp_lg_h,2,train,ce0f14b486d56040,COph100/055-1/055_M_GA38_BW3245_PA40_DG13_PF0_D1_S01_10__055_M_GA38_BW3245_PA44_DG13_PF0_D1_S05_6,COph100/patient/055,COph100,True,True,39281513.67231593,8.08405186319934e-05,97649853447.23456,False
20260916,sp_lg_h,2,train,da1b669d55ceeb70,COph100/055-1/055_M_GA38_BW3245_PA40_DG13_PF0_D1_S01_10__055_M_GA38_BW3245_PA53_DG13_PF0_D1_S08_2,COph100/patient/055,COph100,True,False,3044205911.3357058,8.08405186319934e-05,97649853447.23456,False
20260916,sp_lg_h,2,train,cf804c649b733cd6,COph100/055-1/055_M_GA38_BW3245_PA40_DG13_PF0_D1_S01_10__055_M_GA38_BW3245_PA78_DG13_PF0_D1_S09_16,COph100/patient/055,COph100,True,True,107062547.19021197,8.08405186319934e-05,97649853447.23456,False
20260916,sp_lg_h,2,train,8ed14fb063327bae,COph100/055/055_M_GA38_BW3245_PA40_DG13_PF0_D1_S01_3__055_M_GA38_BW3245_PA53_DG13_PF0_D1_S08_7,COph100/patient/055,COph100,True,False,2501044028.0221753,8.08405186319934e-05,97649853447.23456,False
20260916,sp_lg_h,2,train,2541e8913ecb495c,COph100/055/055_M_GA38_BW3245_PA43_DG13_PF0_D1_S04_13__055_M_GA38_BW3245_PA78_DG13_PF0_D1_S09_6,COph100/patient/055,COph100,True,False,138446249.6936386,8.08405186319934e-05,97649853447.23456,False
20260916,sp_lg_h,2,calibration,e72ba4a2fa2829d4,COph100/026-1/026_M_GA33_BW1700_PA36_DG11_PF0_D1_S02_6__026_M_GA33_BW1700_PA42_DG11_PF0_D1_S05_6,COph100/patient/026,COph100,True,True,2202054258.7223964,8.08405186319934e-05,97649853447.23456,False
20260916,sp_lg_h,2,calibration,4cc4583374a7f846,COph100/026/026_M_GA33_BW1700_PA36_DG11_PF0_D1_S02_10__026_M_GA33_BW1700_PA40_DG11_PF0_D1_S04_11,COph100/patient/026,COph100,True,True,11125766.607773216,8.08405186319934e-05,97649853447.23456,False
20260916,sp_lg_h,2,calibration,d9cae0da3a04d6af,COph100/052/052_M_GA26_BW820_PA31_DG1_PF0_D1_S01_3__052_M_GA26_BW820_PA46_DG2_PF0_D1_S07_6,COph100/patient/052,COph100,True,True,2220851.201832924,8.08405186319934e-05,97649853447.23456,False
20260916,sp_lg_h,2,calibration,77518ee0f8861b97,COph100/052/052_M_GA26_BW820_PA34_DG3_PF0_D1_S04_4__052_M_GA26_BW820_PA75_DG9_PF0_D1_S08_20,COph100/patient/052,COph100,True,True,20540791.656451978,8.08405186319934e-05,97649853447.23456,False
20260916,sp_lg_h,3,calibration,3968ed21e45d9ba8,COph100/033/033_M_GA30_BW1250_PA31_DG0_PF0_D1_S01_2__033_M_GA30_BW1250_PA33_DG0_PF0_D1_S02_1,COph100/patient/033,COph100,True,False,97649853447.23456,0.00010651545309688562,11710.516661217052,True
20260916,sp_lg_h,3,calibration,ce0f14b486d56040,COph100/055-1/055_M_GA38_BW3245_PA40_DG13_PF0_D1_S01_10__055_M_GA38_BW3245_PA44_DG13_PF0_D1_S05_6,COph100/patient/055,COph100,True,True,39281513.67231593,0.00010651545309688562,11710.516661217052,True
20260916,sp_lg_h,3,calibration,da1b669d55ceeb70,COph100/055-1/055_M_GA38_BW3245_PA40_DG13_PF0_D1_S01_10__055_M_GA38_BW3245_PA53_DG13_PF0_D1_S08_2,COph100/patient/055,COph100,True,False,3044205911.3357058,0.00010651545309688562,11710.516661217052,True
20260916,sp_lg_h,3,calibration,cf804c649b733cd6,COph100/055-1/055_M_GA38_BW3245_PA40_DG13_PF0_D1_S01_10__055_M_GA38_BW3245_PA78_DG13_PF0_D1_S09_16,COph100/patient/055,COph100,True,True,107062547.19021197,0.00010651545309688562,11710.516661217052,True
20260916,sp_lg_h,3,calibration,8ed14fb063327bae,COph100/055/055_M_GA38_BW3245_PA40_DG13_PF0_D1_S01_3__055_M_GA38_BW3245_PA53_DG13_PF0_D1_S08_7,COph100/patient/055,COph100,True,False,2501044028.0221753,0.00010651545309688562,11710.516661217052,True
20260916,sp_lg_h,3,calibration,2541e8913ecb495c,COph100/055/055_M_GA38_BW3245_PA43_DG13_PF0_D1_S04_13__055_M_GA38_BW3245_PA78_DG13_PF0_D1_S09_6,COph100/patient/055,COph100,True,False,138446249.6936386,0.00010651545309688562,11710.516661217052,True
20260916,sp_lg_h,3,test,e72ba4a2fa2829d4,COph100/026-1/026_M_GA33_BW1700_PA36_DG11_PF0_D1_S02_6__026_M_GA33_BW1700_PA42_DG11_PF0_D1_S05_6,COph100/patient/026,COph100,True,True,2202054258.7223964,0.00010651545309688562,11710.516661217052,True
20260916,sp_lg_h,3,test,4cc4583374a7f846,COph100/026/026_M_GA33_BW1700_PA36_DG11_PF0_D1_S02_10__026_M_GA33_BW1700_PA40_DG11_PF0_D1_S04_11,COph100/patient/026,COph100,True,True,11125766.607773216,0.00010651545309688562,11710.516661217052,True
20260916,sp_lg_h,3,test,d9cae0da3a04d6af,COph100/052/052_M_GA26_BW820_PA31_DG1_PF0_D1_S01_3__052_M_GA26_BW820_PA46_DG2_PF0_D1_S07_6,COph100/patient/052,COph100,True,True,2220851.201832924,0.00010651545309688562,11710.516661217052,True
20260916,sp_lg_h,3,test,77518ee0f8861b97,COph100/052/052_M_GA26_BW820_PA34_DG3_PF0_D1_S04_4__052_M_GA26_BW820_PA75_DG9_PF0_D1_S08_20,COph100/patient/052,COph100,True,True,20540791.656451978,0.00010651545309688562,11710.516661217052,True
20260916,sp_lg_h,4,train,e72ba4a2fa2829d4,COph100/026-1/026_M_GA33_BW1700_PA36_DG11_PF0_D1_S02_6__026_M_GA33_BW1700_PA42_DG11_PF0_D1_S05_6,COph100/patient/026,COph100,True,True,2202054258.7223964,7.199957633201148e-06,2202054258.7223964,False
20260916,sp_lg_h,4,train,4cc4583374a7f846,COph100/026/026_M_GA33_BW1700_PA36_DG11_PF0_D1_S02_10__026_M_GA33_BW1700_PA40_DG11_PF0_D1_S04_11,COph100/patient/026,COph100,True,True,11125766.607773216,7.199957633201148e-06,2202054258.7223964,False
20260916,sp_lg_h,4,train,d9cae0da3a04d6af,COph100/052/052_M_GA26_BW820_PA31_DG1_PF0_D1_S01_3__052_M_GA26_BW820_PA46_DG2_PF0_D1_S07_6,COph100/patient/052,COph100,True,True,2220851.201832924,7.199957633201148e-06,2202054258.7223964,False
20260916,sp_lg_h,4,train,77518ee0f8861b97,COph100/052/052_M_GA26_BW820_PA34_DG3_PF0_D1_S04_4__052_M_GA26_BW820_PA75_DG9_PF0_D1_S08_20,COph100/patient/052,COph100,True,True,20540791.656451978,7.199957633201148e-06,2202054258.7223964,False
20260916,sp_lg_h,4,test,3968ed21e45d9ba8,COph100/033/033_M_GA30_BW1250_PA31_DG0_PF0_D1_S01_2__033_M_GA30_BW1250_PA33_DG0_PF0_D1_S02_1,COph100/patient/033,COph100,True,False,97649853447.23456,7.199957633201148e-06,2202054258.7223964,True
20260916,sp_lg_h,4,test,ce0f14b486d56040,COph100/055-1/055_M_GA38_BW3245_PA40_DG13_PF0_D1_S01_10__055_M_GA38_BW3245_PA44_DG13_PF0_D1_S05_6,COph100/patient/055,COph100,True,True,39281513.67231593,7.199957633201148e-06,2202054258.7223964,False
20260916,sp_lg_h,4,test,da1b669d55ceeb70,COph100/055-1/055_M_GA38_BW3245_PA40_DG13_PF0_D1_S01_10__055_M_GA38_BW3245_PA53_DG13_PF0_D1_S08_2,COph100/patient/055,COph100,True,False,3044205911.3357058,7.199957633201148e-06,2202054258.7223964,True
20260916,sp_lg_h,4,test,cf804c649b733cd6,COph100/055-1/055_M_GA38_BW3245_PA40_DG13_PF0_D1_S01_10__055_M_GA38_BW3245_PA78_DG13_PF0_D1_S09_16,COph100/patient/055,COph100,True,True,107062547.19021197,7.199957633201148e-06,2202054258.7223964,False
20260916,sp_lg_h,4,test,8ed14fb063327bae,COph100/055/055_M_GA38_BW3245_PA40_DG13_PF0_D1_S01_3__055_M_GA38_BW3245_PA53_DG13_PF0_D1_S08_7,COph100/patient/055,COph100,True,False,2501044028.0221753,7.199957633201148e-06,2202054258.7223964,True
20260916,sp_lg_h,4,test,2541e8913ecb495c,COph100/055/055_M_GA38_BW3245_PA43_DG13_PF0_D1_S04_13__055_M_GA38_BW3245_PA78_DG13_PF0_D1_S09_6,COph100/patient/055,COph100,True,False,138446249.6936386,7.199957633201148e-06,2202054258.7223964,False
20260917,xfeat_h,0,test,a3b2e2934c364e2a,COph100/055-1/055_M_GA38_BW3245_PA42_DG13_PF0_D1_S03_2__055_M_GA38_BW3245_PA78_DG13_PF0_D1_S09_16,COph100/patient/055,COph100,True,False,8654742027.155737,4.519873533058088e-06,17.473831965696593,True
20260917,xfeat_h,0,test,11bcaf81af6206b4,COph100/055/055_M_GA38_BW3245_PA43_DG13_PF0_D1_S04_13__055_M_GA38_BW3245_PA78_DG13_PF0_D1_S09_6,COph100/patient/055,COph100,True,True,1045006731.0949349,4.519873533058088e-06,17.473831965696593,True
20260917,xfeat_h,1,train,a3b2e2934c364e2a,COph100/055-1/055_M_GA38_BW3245_PA42_DG13_PF0_D1_S03_2__055_M_GA38_BW3245_PA78_DG13_PF0_D1_S09_16,COph100/patient/055,COph100,True,False,8654742027.155737,7.672406182586129e-05,8654742027.155737,False
20260917,xfeat_h,1,train,11bcaf81af6206b4,COph100/055/055_M_GA38_BW3245_PA43_DG13_PF0_D1_S04_13__055_M_GA38_BW3245_PA78_DG13_PF0_D1_S09_6,COph100/patient/055,COph100,True,True,1045006731.0949349,7.672406182586129e-05,8654742027.155737,False
20260917,xfeat_h,2,train,a3b2e2934c364e2a,COph100/055-1/055_M_GA38_BW3245_PA42_DG13_PF0_D1_S03_2__055_M_GA38_BW3245_PA78_DG13_PF0_D1_S09_16,COph100/patient/055,COph100,True,False,8654742027.155737,7.672406182586129e-05,8654742027.155737,False
20260917,xfeat_h,2,train,11bcaf81af6206b4,COph100/055/055_M_GA38_BW3245_PA43_DG13_PF0_D1_S04_13__055_M_GA38_BW3245_PA78_DG13_PF0_D1_S09_6,COph100/patient/055,COph100,True,True,1045006731.0949349,7.672406182586129e-05,8654742027.155737,False
20260917,xfeat_h,3,train,a3b2e2934c364e2a,COph100/055-1/055_M_GA38_BW3245_PA42_DG13_PF0_D1_S03_2__055_M_GA38_BW3245_PA78_DG13_PF0_D1_S09_16,COph100/patient/055,COph100,True,False,8654742027.155737,4.519873533058088e-06,8654742027.155737,False
20260917,xfeat_h,3,train,11bcaf81af6206b4,COph100/055/055_M_GA38_BW3245_PA43_DG13_PF0_D1_S04_13__055_M_GA38_BW3245_PA78_DG13_PF0_D1_S09_6,COph100/patient/055,COph100,True,True,1045006731.0949349,4.519873533058088e-06,8654742027.155737,False
20260917,xfeat_h,4,calibration,a3b2e2934c364e2a,COph100/055-1/055_M_GA38_BW3245_PA42_DG13_PF0_D1_S03_2__055_M_GA38_BW3245_PA78_DG13_PF0_D1_S09_16,COph100/patient/055,COph100,True,False,8654742027.155737,4.519873533058088e-06,325.00934027783336,True
20260917,xfeat_h,4,calibration,11bcaf81af6206b4,COph100/055/055_M_GA38_BW3245_PA43_DG13_PF0_D1_S04_13__055_M_GA38_BW3245_PA78_DG13_PF0_D1_S09_6,COph100/patient/055,COph100,True,True,1045006731.0949349,4.519873533058088e-06,325.00934027783336,True
20260917,sp_lg_h,0,train,e72ba4a2fa2829d4,COph100/026-1/026_M_GA33_BW1700_PA36_DG11_PF0_D1_S02_6__026_M_GA33_BW1700_PA42_DG11_PF0_D1_S05_6,COph100/patient/026,COph100,True,True,2202054258.7223964,7.199957633201148e-06,97649853447.23456,False
20260917,sp_lg_h,0,train,4cc4583374a7f846,COph100/026/026_M_GA33_BW1700_PA36_DG11_PF0_D1_S02_10__026_M_GA33_BW1700_PA40_DG11_PF0_D1_S04_11,COph100/patient/026,COph100,True,True,11125766.607773216,7.199957633201148e-06,97649853447.23456,False
20260917,sp_lg_h,0,train,3968ed21e45d9ba8,COph100/033/033_M_GA30_BW1250_PA31_DG0_PF0_D1_S01_2__033_M_GA30_BW1250_PA33_DG0_PF0_D1_S02_1,COph100/patient/033,COph100,True,False,97649853447.23456,7.199957633201148e-06,97649853447.23456,False
20260917,sp_lg_h,0,train,d9cae0da3a04d6af,COph100/052/052_M_GA26_BW820_PA31_DG1_PF0_D1_S01_3__052_M_GA26_BW820_PA46_DG2_PF0_D1_S07_6,COph100/patient/052,COph100,True,True,2220851.201832924,7.199957633201148e-06,97649853447.23456,False
20260917,sp_lg_h,0,train,77518ee0f8861b97,COph100/052/052_M_GA26_BW820_PA34_DG3_PF0_D1_S04_4__052_M_GA26_BW820_PA75_DG9_PF0_D1_S08_20,COph100/patient/052,COph100,True,True,20540791.656451978,7.199957633201148e-06,97649853447.23456,False
20260917,sp_lg_h,0,test,ce0f14b486d56040,COph100/055-1/055_M_GA38_BW3245_PA40_DG13_PF0_D1_S01_10__055_M_GA38_BW3245_PA44_DG13_PF0_D1_S05_6,COph100/patient/055,COph100,True,True,39281513.67231593,7.199957633201148e-06,97649853447.23456,False
20260917,sp_lg_h,0,test,da1b669d55ceeb70,COph100/055-1/055_M_GA38_BW3245_PA40_DG13_PF0_D1_S01_10__055_M_GA38_BW3245_PA53_DG13_PF0_D1_S08_2,COph100/patient/055,COph100,True,False,3044205911.3357058,7.199957633201148e-06,97649853447.23456,False
20260917,sp_lg_h,0,test,cf804c649b733cd6,COph100/055-1/055_M_GA38_BW3245_PA40_DG13_PF0_D1_S01_10__055_M_GA38_BW3245_PA78_DG13_PF0_D1_S09_16,COph100/patient/055,COph100,True,True,107062547.19021197,7.199957633201148e-06,97649853447.23456,False
20260917,sp_lg_h,0,test,8ed14fb063327bae,COph100/055/055_M_GA38_BW3245_PA40_DG13_PF0_D1_S01_3__055_M_GA38_BW3245_PA53_DG13_PF0_D1_S08_7,COph100/patient/055,COph100,True,False,2501044028.0221753,7.199957633201148e-06,97649853447.23456,False
20260917,sp_lg_h,0,test,2541e8913ecb495c,COph100/055/055_M_GA38_BW3245_PA43_DG13_PF0_D1_S04_13__055_M_GA38_BW3245_PA78_DG13_PF0_D1_S09_6,COph100/patient/055,COph100,True,False,138446249.6936386,7.199957633201148e-06,97649853447.23456,False
20260917,sp_lg_h,1,train,e72ba4a2fa2829d4,COph100/026-1/026_M_GA33_BW1700_PA36_DG11_PF0_D1_S02_6__026_M_GA33_BW1700_PA42_DG11_PF0_D1_S05_6,COph100/patient/026,COph100,True,True,2202054258.7223964,8.08405186319934e-05,97649853447.23456,False
20260917,sp_lg_h,1,train,4cc4583374a7f846,COph100/026/026_M_GA33_BW1700_PA36_DG11_PF0_D1_S02_10__026_M_GA33_BW1700_PA40_DG11_PF0_D1_S04_11,COph100/patient/026,COph100,True,True,11125766.607773216,8.08405186319934e-05,97649853447.23456,False
20260917,sp_lg_h,1,train,3968ed21e45d9ba8,COph100/033/033_M_GA30_BW1250_PA31_DG0_PF0_D1_S01_2__033_M_GA30_BW1250_PA33_DG0_PF0_D1_S02_1,COph100/patient/033,COph100,True,False,97649853447.23456,8.08405186319934e-05,97649853447.23456,False
20260917,sp_lg_h,1,train,d9cae0da3a04d6af,COph100/052/052_M_GA26_BW820_PA31_DG1_PF0_D1_S01_3__052_M_GA26_BW820_PA46_DG2_PF0_D1_S07_6,COph100/patient/052,COph100,True,True,2220851.201832924,8.08405186319934e-05,97649853447.23456,False
20260917,sp_lg_h,1,train,77518ee0f8861b97,COph100/052/052_M_GA26_BW820_PA34_DG3_PF0_D1_S04_4__052_M_GA26_BW820_PA75_DG9_PF0_D1_S08_20,COph100/patient/052,COph100,True,True,20540791.656451978,8.08405186319934e-05,97649853447.23456,False
20260917,sp_lg_h,1,train,ce0f14b486d56040,COph100/055-1/055_M_GA38_BW3245_PA40_DG13_PF0_D1_S01_10__055_M_GA38_BW3245_PA44_DG13_PF0_D1_S05_6,COph100/patient/055,COph100,True,True,39281513.67231593,8.08405186319934e-05,97649853447.23456,False
20260917,sp_lg_h,1,train,da1b669d55ceeb70,COph100/055-1/055_M_GA38_BW3245_PA40_DG13_PF0_D1_S01_10__055_M_GA38_BW3245_PA53_DG13_PF0_D1_S08_2,COph100/patient/055,COph100,True,False,3044205911.3357058,8.08405186319934e-05,97649853447.23456,False
20260917,sp_lg_h,1,train,cf804c649b733cd6,COph100/055-1/055_M_GA38_BW3245_PA40_DG13_PF0_D1_S01_10__055_M_GA38_BW3245_PA78_DG13_PF0_D1_S09_16,COph100/patient/055,COph100,True,True,107062547.19021197,8.08405186319934e-05,97649853447.23456,False
20260917,sp_lg_h,1,train,8ed14fb063327bae,COph100/055/055_M_GA38_BW3245_PA40_DG13_PF0_D1_S01_3__055_M_GA38_BW3245_PA53_DG13_PF0_D1_S08_7,COph100/patient/055,COph100,True,False,2501044028.0221753,8.08405186319934e-05,97649853447.23456,False
20260917,sp_lg_h,1,train,2541e8913ecb495c,COph100/055/055_M_GA38_BW3245_PA43_DG13_PF0_D1_S04_13__055_M_GA38_BW3245_PA78_DG13_PF0_D1_S09_6,COph100/patient/055,COph100,True,False,138446249.6936386,8.08405186319934e-05,97649853447.23456,False
20260917,sp_lg_h,2,train,e72ba4a2fa2829d4,COph100/026-1/026_M_GA33_BW1700_PA36_DG11_PF0_D1_S02_6__026_M_GA33_BW1700_PA42_DG11_PF0_D1_S05_6,COph100/patient/026,COph100,True,True,2202054258.7223964,0.00010651545309688562,3044205911.3357058,False
20260917,sp_lg_h,2,train,4cc4583374a7f846,COph100/026/026_M_GA33_BW1700_PA36_DG11_PF0_D1_S02_10__026_M_GA33_BW1700_PA40_DG11_PF0_D1_S04_11,COph100/patient/026,COph100,True,True,11125766.607773216,0.00010651545309688562,3044205911.3357058,False
20260917,sp_lg_h,2,train,ce0f14b486d56040,COph100/055-1/055_M_GA38_BW3245_PA40_DG13_PF0_D1_S01_10__055_M_GA38_BW3245_PA44_DG13_PF0_D1_S05_6,COph100/patient/055,COph100,True,True,39281513.67231593,0.00010651545309688562,3044205911.3357058,False
20260917,sp_lg_h,2,train,da1b669d55ceeb70,COph100/055-1/055_M_GA38_BW3245_PA40_DG13_PF0_D1_S01_10__055_M_GA38_BW3245_PA53_DG13_PF0_D1_S08_2,COph100/patient/055,COph100,True,False,3044205911.3357058,0.00010651545309688562,3044205911.3357058,False
20260917,sp_lg_h,2,train,cf804c649b733cd6,COph100/055-1/055_M_GA38_BW3245_PA40_DG13_PF0_D1_S01_10__055_M_GA38_BW3245_PA78_DG13_PF0_D1_S09_16,COph100/patient/055,COph100,True,True,107062547.19021197,0.00010651545309688562,3044205911.3357058,False
20260917,sp_lg_h,2,train,8ed14fb063327bae,COph100/055/055_M_GA38_BW3245_PA40_DG13_PF0_D1_S01_3__055_M_GA38_BW3245_PA53_DG13_PF0_D1_S08_7,COph100/patient/055,COph100,True,False,2501044028.0221753,0.00010651545309688562,3044205911.3357058,False
20260917,sp_lg_h,2,train,2541e8913ecb495c,COph100/055/055_M_GA38_BW3245_PA43_DG13_PF0_D1_S04_13__055_M_GA38_BW3245_PA78_DG13_PF0_D1_S09_6,COph100/patient/055,COph100,True,False,138446249.6936386,0.00010651545309688562,3044205911.3357058,False
20260917,sp_lg_h,2,calibration,3968ed21e45d9ba8,COph100/033/033_M_GA30_BW1250_PA31_DG0_PF0_D1_S01_2__033_M_GA30_BW1250_PA33_DG0_PF0_D1_S02_1,COph100/patient/033,COph100,True,False,97649853447.23456,0.00010651545309688562,3044205911.3357058,True
20260917,sp_lg_h,2,calibration,d9cae0da3a04d6af,COph100/052/052_M_GA26_BW820_PA31_DG1_PF0_D1_S01_3__052_M_GA26_BW820_PA46_DG2_PF0_D1_S07_6,COph100/patient/052,COph100,True,True,2220851.201832924,0.00010651545309688562,3044205911.3357058,False
20260917,sp_lg_h,2,calibration,77518ee0f8861b97,COph100/052/052_M_GA26_BW820_PA34_DG3_PF0_D1_S04_4__052_M_GA26_BW820_PA75_DG9_PF0_D1_S08_20,COph100/patient/052,COph100,True,True,20540791.656451978,0.00010651545309688562,3044205911.3357058,False
20260917,sp_lg_h,3,train,ce0f14b486d56040,COph100/055-1/055_M_GA38_BW3245_PA40_DG13_PF0_D1_S01_10__055_M_GA38_BW3245_PA44_DG13_PF0_D1_S05_6,COph100/patient/055,COph100,True,True,39281513.67231593,7.199957633201148e-06,3044205911.3357058,False
20260917,sp_lg_h,3,train,da1b669d55ceeb70,COph100/055-1/055_M_GA38_BW3245_PA40_DG13_PF0_D1_S01_10__055_M_GA38_BW3245_PA53_DG13_PF0_D1_S08_2,COph100/patient/055,COph100,True,False,3044205911.3357058,7.199957633201148e-06,3044205911.3357058,False
20260917,sp_lg_h,3,train,cf804c649b733cd6,COph100/055-1/055_M_GA38_BW3245_PA40_DG13_PF0_D1_S01_10__055_M_GA38_BW3245_PA78_DG13_PF0_D1_S09_16,COph100/patient/055,COph100,True,True,107062547.19021197,7.199957633201148e-06,3044205911.3357058,False
20260917,sp_lg_h,3,train,8ed14fb063327bae,COph100/055/055_M_GA38_BW3245_PA40_DG13_PF0_D1_S01_3__055_M_GA38_BW3245_PA53_DG13_PF0_D1_S08_7,COph100/patient/055,COph100,True,False,2501044028.0221753,7.199957633201148e-06,3044205911.3357058,False
20260917,sp_lg_h,3,train,2541e8913ecb495c,COph100/055/055_M_GA38_BW3245_PA43_DG13_PF0_D1_S04_13__055_M_GA38_BW3245_PA78_DG13_PF0_D1_S09_6,COph100/patient/055,COph100,True,False,138446249.6936386,7.199957633201148e-06,3044205911.3357058,False
20260917,sp_lg_h,3,calibration,e72ba4a2fa2829d4,COph100/026-1/026_M_GA33_BW1700_PA36_DG11_PF0_D1_S02_6__026_M_GA33_BW1700_PA42_DG11_PF0_D1_S05_6,COph100/patient/026,COph100,True,True,2202054258.7223964,7.199957633201148e-06,3044205911.3357058,False
20260917,sp_lg_h,3,calibration,4cc4583374a7f846,COph100/026/026_M_GA33_BW1700_PA36_DG11_PF0_D1_S02_10__026_M_GA33_BW1700_PA40_DG11_PF0_D1_S04_11,COph100/patient/026,COph100,True,True,11125766.607773216,7.199957633201148e-06,3044205911.3357058,False
20260917,sp_lg_h,3,test,3968ed21e45d9ba8,COph100/033/033_M_GA30_BW1250_PA31_DG0_PF0_D1_S01_2__033_M_GA30_BW1250_PA33_DG0_PF0_D1_S02_1,COph100/patient/033,COph100,True,False,97649853447.23456,7.199957633201148e-06,3044205911.3357058,True
20260917,sp_lg_h,3,test,d9cae0da3a04d6af,COph100/052/052_M_GA26_BW820_PA31_DG1_PF0_D1_S01_3__052_M_GA26_BW820_PA46_DG2_PF0_D1_S07_6,COph100/patient/052,COph100,True,True,2220851.201832924,7.199957633201148e-06,3044205911.3357058,False
20260917,sp_lg_h,3,test,77518ee0f8861b97,COph100/052/052_M_GA26_BW820_PA34_DG3_PF0_D1_S04_4__052_M_GA26_BW820_PA75_DG9_PF0_D1_S08_20,COph100/patient/052,COph100,True,True,20540791.656451978,7.199957633201148e-06,3044205911.3357058,False
20260917,sp_lg_h,4,train,3968ed21e45d9ba8,COph100/033/033_M_GA30_BW1250_PA31_DG0_PF0_D1_S01_2__033_M_GA30_BW1250_PA33_DG0_PF0_D1_S02_1,COph100/patient/033,COph100,True,False,97649853447.23456,7.199957633201148e-06,97649853447.23456,False
20260917,sp_lg_h,4,train,d9cae0da3a04d6af,COph100/052/052_M_GA26_BW820_PA31_DG1_PF0_D1_S01_3__052_M_GA26_BW820_PA46_DG2_PF0_D1_S07_6,COph100/patient/052,COph100,True,True,2220851.201832924,7.199957633201148e-06,97649853447.23456,False
20260917,sp_lg_h,4,train,77518ee0f8861b97,COph100/052/052_M_GA26_BW820_PA34_DG3_PF0_D1_S04_4__052_M_GA26_BW820_PA75_DG9_PF0_D1_S08_20,COph100/patient/052,COph100,True,True,20540791.656451978,7.199957633201148e-06,97649853447.23456,False
20260917,sp_lg_h,4,calibration,ce0f14b486d56040,COph100/055-1/055_M_GA38_BW3245_PA40_DG13_PF0_D1_S01_10__055_M_GA38_BW3245_PA44_DG13_PF0_D1_S05_6,COph100/patient/055,COph100,True,True,39281513.67231593,7.199957633201148e-06,97649853447.23456,False
20260917,sp_lg_h,4,calibration,da1b669d55ceeb70,COph100/055-1/055_M_GA38_BW3245_PA40_DG13_PF0_D1_S01_10__055_M_GA38_BW3245_PA53_DG13_PF0_D1_S08_2,COph100/patient/055,COph100,True,False,3044205911.3357058,7.199957633201148e-06,97649853447.23456,False
20260917,sp_lg_h,4,calibration,cf804c649b733cd6,COph100/055-1/055_M_GA38_BW3245_PA40_DG13_PF0_D1_S01_10__055_M_GA38_BW3245_PA78_DG13_PF0_D1_S09_16,COph100/patient/055,COph100,True,True,107062547.19021197,7.199957633201148e-06,97649853447.23456,False
20260917,sp_lg_h,4,calibration,8ed14fb063327bae,COph100/055/055_M_GA38_BW3245_PA40_DG13_PF0_D1_S01_3__055_M_GA38_BW3245_PA53_DG13_PF0_D1_S08_7,COph100/patient/055,COph100,True,False,2501044028.0221753,7.199957633201148e-06,97649853447.23456,False
20260917,sp_lg_h,4,calibration,2541e8913ecb495c,COph100/055/055_M_GA38_BW3245_PA43_DG13_PF0_D1_S04_13__055_M_GA38_BW3245_PA78_DG13_PF0_D1_S09_6,COph100/patient/055,COph100,True,False,138446249.6936386,7.199957633201148e-06,97649853447.23456,False
20260917,sp_lg_h,4,test,e72ba4a2fa2829d4,COph100/026-1/026_M_GA33_BW1700_PA36_DG11_PF0_D1_S02_6__026_M_GA33_BW1700_PA42_DG11_PF0_D1_S05_6,COph100/patient/026,COph100,True,True,2202054258.7223964,7.199957633201148e-06,97649853447.23456,False
20260917,sp_lg_h,4,test,4cc4583374a7f846,COph100/026/026_M_GA33_BW1700_PA36_DG11_PF0_D1_S02_10__026_M_GA33_BW1700_PA40_DG11_PF0_D1_S04_11,COph100/patient/026,COph100,True,True,11125766.607773216,7.199957633201148e-06,97649853447.23456,False
20260918,xfeat_h,0,train,a3b2e2934c364e2a,COph100/055-1/055_M_GA38_BW3245_PA42_DG13_PF0_D1_S03_2__055_M_GA38_BW3245_PA78_DG13_PF0_D1_S09_16,COph100/patient/055,COph100,True,False,8654742027.155737,7.672406182586129e-05,8654742027.155737,False
20260918,xfeat_h,0,train,11bcaf81af6206b4,COph100/055/055_M_GA38_BW3245_PA43_DG13_PF0_D1_S04_13__055_M_GA38_BW3245_PA78_DG13_PF0_D1_S09_6,COph100/patient/055,COph100,True,True,1045006731.0949349,7.672406182586129e-05,8654742027.155737,False
20260918,xfeat_h,1,calibration,a3b2e2934c364e2a,COph100/055-1/055_M_GA38_BW3245_PA42_DG13_PF0_D1_S03_2__055_M_GA38_BW3245_PA78_DG13_PF0_D1_S09_16,COph100/patient/055,COph100,True,False,8654742027.155737,7.672406182586129e-05,325.00934027783336,True
20260918,xfeat_h,1,calibration,11bcaf81af6206b4,COph100/055/055_M_GA38_BW3245_PA43_DG13_PF0_D1_S04_13__055_M_GA38_BW3245_PA78_DG13_PF0_D1_S09_6,COph100/patient/055,COph100,True,True,1045006731.0949349,7.672406182586129e-05,325.00934027783336,True
20260918,xfeat_h,2,test,a3b2e2934c364e2a,COph100/055-1/055_M_GA38_BW3245_PA42_DG13_PF0_D1_S03_2__055_M_GA38_BW3245_PA78_DG13_PF0_D1_S09_16,COph100/patient/055,COph100,True,False,8654742027.155737,4.519873533058088e-06,325.00934027783336,True
20260918,xfeat_h,2,test,11bcaf81af6206b4,COph100/055/055_M_GA38_BW3245_PA43_DG13_PF0_D1_S04_13__055_M_GA38_BW3245_PA78_DG13_PF0_D1_S09_6,COph100/patient/055,COph100,True,True,1045006731.0949349,4.519873533058088e-06,325.00934027783336,True
20260918,xfeat_h,3,train,a3b2e2934c364e2a,COph100/055-1/055_M_GA38_BW3245_PA42_DG13_PF0_D1_S03_2__055_M_GA38_BW3245_PA78_DG13_PF0_D1_S09_16,COph100/patient/055,COph100,True,False,8654742027.155737,4.519873533058088e-06,8654742027.155737,False
20260918,xfeat_h,3,train,11bcaf81af6206b4,COph100/055/055_M_GA38_BW3245_PA43_DG13_PF0_D1_S04_13__055_M_GA38_BW3245_PA78_DG13_PF0_D1_S09_6,COph100/patient/055,COph100,True,True,1045006731.0949349,4.519873533058088e-06,8654742027.155737,False
20260918,xfeat_h,4,train,a3b2e2934c364e2a,COph100/055-1/055_M_GA38_BW3245_PA42_DG13_PF0_D1_S03_2__055_M_GA38_BW3245_PA78_DG13_PF0_D1_S09_16,COph100/patient/055,COph100,True,False,8654742027.155737,4.519873533058088e-06,8654742027.155737,False
20260918,xfeat_h,4,train,11bcaf81af6206b4,COph100/055/055_M_GA38_BW3245_PA43_DG13_PF0_D1_S04_13__055_M_GA38_BW3245_PA78_DG13_PF0_D1_S09_6,COph100/patient/055,COph100,True,True,1045006731.0949349,4.519873533058088e-06,8654742027.155737,False
20260918,sp_lg_h,0,train,e72ba4a2fa2829d4,COph100/026-1/026_M_GA33_BW1700_PA36_DG11_PF0_D1_S02_6__026_M_GA33_BW1700_PA42_DG11_PF0_D1_S05_6,COph100/patient/026,COph100,True,True,2202054258.7223964,8.08405186319934e-05,97649853447.23456,False
20260918,sp_lg_h,0,train,4cc4583374a7f846,COph100/026/026_M_GA33_BW1700_PA36_DG11_PF0_D1_S02_10__026_M_GA33_BW1700_PA40_DG11_PF0_D1_S04_11,COph100/patient/026,COph100,True,True,11125766.607773216,8.08405186319934e-05,97649853447.23456,False
20260918,sp_lg_h,0,train,3968ed21e45d9ba8,COph100/033/033_M_GA30_BW1250_PA31_DG0_PF0_D1_S01_2__033_M_GA30_BW1250_PA33_DG0_PF0_D1_S02_1,COph100/patient/033,COph100,True,False,97649853447.23456,8.08405186319934e-05,97649853447.23456,False
20260918,sp_lg_h,0,train,ce0f14b486d56040,COph100/055-1/055_M_GA38_BW3245_PA40_DG13_PF0_D1_S01_10__055_M_GA38_BW3245_PA44_DG13_PF0_D1_S05_6,COph100/patient/055,COph100,True,True,39281513.67231593,8.08405186319934e-05,97649853447.23456,False
20260918,sp_lg_h,0,train,da1b669d55ceeb70,COph100/055-1/055_M_GA38_BW3245_PA40_DG13_PF0_D1_S01_10__055_M_GA38_BW3245_PA53_DG13_PF0_D1_S08_2,COph100/patient/055,COph100,True,False,3044205911.3357058,8.08405186319934e-05,97649853447.23456,False
20260918,sp_lg_h,0,train,cf804c649b733cd6,COph100/055-1/055_M_GA38_BW3245_PA40_DG13_PF0_D1_S01_10__055_M_GA38_BW3245_PA78_DG13_PF0_D1_S09_16,COph100/patient/055,COph100,True,True,107062547.19021197,8.08405186319934e-05,97649853447.23456,False
20260918,sp_lg_h,0,train,8ed14fb063327bae,COph100/055/055_M_GA38_BW3245_PA40_DG13_PF0_D1_S01_3__055_M_GA38_BW3245_PA53_DG13_PF0_D1_S08_7,COph100/patient/055,COph100,True,False,2501044028.0221753,8.08405186319934e-05,97649853447.23456,False
20260918,sp_lg_h,0,train,2541e8913ecb495c,COph100/055/055_M_GA38_BW3245_PA43_DG13_PF0_D1_S04_13__055_M_GA38_BW3245_PA78_DG13_PF0_D1_S09_6,COph100/patient/055,COph100,True,False,138446249.6936386,8.08405186319934e-05,97649853447.23456,False
20260918,sp_lg_h,0,calibration,d9cae0da3a04d6af,COph100/052/052_M_GA26_BW820_PA31_DG1_PF0_D1_S01_3__052_M_GA26_BW820_PA46_DG2_PF0_D1_S07_6,COph100/patient/052,COph100,True,True,2220851.201832924,8.08405186319934e-05,97649853447.23456,False
20260918,sp_lg_h,0,calibration,77518ee0f8861b97,COph100/052/052_M_GA26_BW820_PA34_DG3_PF0_D1_S04_4__052_M_GA26_BW820_PA75_DG9_PF0_D1_S08_20,COph100/patient/052,COph100,True,True,20540791.656451978,8.08405186319934e-05,97649853447.23456,False
20260918,sp_lg_h,1,train,e72ba4a2fa2829d4,COph100/026-1/026_M_GA33_BW1700_PA36_DG11_PF0_D1_S02_6__026_M_GA33_BW1700_PA42_DG11_PF0_D1_S05_6,COph100/patient/026,COph100,True,True,2202054258.7223964,8.08405186319934e-05,2202054258.7223964,False
20260918,sp_lg_h,1,train,4cc4583374a7f846,COph100/026/026_M_GA33_BW1700_PA36_DG11_PF0_D1_S02_10__026_M_GA33_BW1700_PA40_DG11_PF0_D1_S04_11,COph100/patient/026,COph100,True,True,11125766.607773216,8.08405186319934e-05,2202054258.7223964,False
20260918,sp_lg_h,1,calibration,3968ed21e45d9ba8,COph100/033/033_M_GA30_BW1250_PA31_DG0_PF0_D1_S01_2__033_M_GA30_BW1250_PA33_DG0_PF0_D1_S02_1,COph100/patient/033,COph100,True,False,97649853447.23456,8.08405186319934e-05,2202054258.7223964,True
20260918,sp_lg_h,1,calibration,ce0f14b486d56040,COph100/055-1/055_M_GA38_BW3245_PA40_DG13_PF0_D1_S01_10__055_M_GA38_BW3245_PA44_DG13_PF0_D1_S05_6,COph100/patient/055,COph100,True,True,39281513.67231593,8.08405186319934e-05,2202054258.7223964,False
20260918,sp_lg_h,1,calibration,da1b669d55ceeb70,COph100/055-1/055_M_GA38_BW3245_PA40_DG13_PF0_D1_S01_10__055_M_GA38_BW3245_PA53_DG13_PF0_D1_S08_2,COph100/patient/055,COph100,True,False,3044205911.3357058,8.08405186319934e-05,2202054258.7223964,True
20260918,sp_lg_h,1,calibration,cf804c649b733cd6,COph100/055-1/055_M_GA38_BW3245_PA40_DG13_PF0_D1_S01_10__055_M_GA38_BW3245_PA78_DG13_PF0_D1_S09_16,COph100/patient/055,COph100,True,True,107062547.19021197,8.08405186319934e-05,2202054258.7223964,False
20260918,sp_lg_h,1,calibration,8ed14fb063327bae,COph100/055/055_M_GA38_BW3245_PA40_DG13_PF0_D1_S01_3__055_M_GA38_BW3245_PA53_DG13_PF0_D1_S08_7,COph100/patient/055,COph100,True,False,2501044028.0221753,8.08405186319934e-05,2202054258.7223964,True
20260918,sp_lg_h,1,calibration,2541e8913ecb495c,COph100/055/055_M_GA38_BW3245_PA43_DG13_PF0_D1_S04_13__055_M_GA38_BW3245_PA78_DG13_PF0_D1_S09_6,COph100/patient/055,COph100,True,False,138446249.6936386,8.08405186319934e-05,2202054258.7223964,False
20260918,sp_lg_h,1,test,d9cae0da3a04d6af,COph100/052/052_M_GA26_BW820_PA31_DG1_PF0_D1_S01_3__052_M_GA26_BW820_PA46_DG2_PF0_D1_S07_6,COph100/patient/052,COph100,True,True,2220851.201832924,8.08405186319934e-05,2202054258.7223964,False
20260918,sp_lg_h,1,test,77518ee0f8861b97,COph100/052/052_M_GA26_BW820_PA34_DG3_PF0_D1_S04_4__052_M_GA26_BW820_PA75_DG9_PF0_D1_S08_20,COph100/patient/052,COph100,True,True,20540791.656451978,8.08405186319934e-05,2202054258.7223964,False
20260918,sp_lg_h,2,train,d9cae0da3a04d6af,COph100/052/052_M_GA26_BW820_PA31_DG1_PF0_D1_S01_3__052_M_GA26_BW820_PA46_DG2_PF0_D1_S07_6,COph100/patient/052,COph100,True,True,2220851.201832924,7.199957633201148e-06,20540791.656451978,False
20260918,sp_lg_h,2,train,77518ee0f8861b97,COph100/052/052_M_GA26_BW820_PA34_DG3_PF0_D1_S04_4__052_M_GA26_BW820_PA75_DG9_PF0_D1_S08_20,COph100/patient/052,COph100,True,True,20540791.656451978,7.199957633201148e-06,20540791.656451978,False
20260918,sp_lg_h,2,calibration,e72ba4a2fa2829d4,COph100/026-1/026_M_GA33_BW1700_PA36_DG11_PF0_D1_S02_6__026_M_GA33_BW1700_PA42_DG11_PF0_D1_S05_6,COph100/patient/026,COph100,True,True,2202054258.7223964,7.199957633201148e-06,20540791.656451978,True
20260918,sp_lg_h,2,calibration,4cc4583374a7f846,COph100/026/026_M_GA33_BW1700_PA36_DG11_PF0_D1_S02_10__026_M_GA33_BW1700_PA40_DG11_PF0_D1_S04_11,COph100/patient/026,COph100,True,True,11125766.607773216,7.199957633201148e-06,20540791.656451978,False
20260918,sp_lg_h,2,test,3968ed21e45d9ba8,COph100/033/033_M_GA30_BW1250_PA31_DG0_PF0_D1_S01_2__033_M_GA30_BW1250_PA33_DG0_PF0_D1_S02_1,COph100/patient/033,COph100,True,False,97649853447.23456,7.199957633201148e-06,20540791.656451978,True
20260918,sp_lg_h,2,test,ce0f14b486d56040,COph100/055-1/055_M_GA38_BW3245_PA40_DG13_PF0_D1_S01_10__055_M_GA38_BW3245_PA44_DG13_PF0_D1_S05_6,COph100/patient/055,COph100,True,True,39281513.67231593,7.199957633201148e-06,20540791.656451978,True
20260918,sp_lg_h,2,test,da1b669d55ceeb70,COph100/055-1/055_M_GA38_BW3245_PA40_DG13_PF0_D1_S01_10__055_M_GA38_BW3245_PA53_DG13_PF0_D1_S08_2,COph100/patient/055,COph100,True,False,3044205911.3357058,7.199957633201148e-06,20540791.656451978,True
20260918,sp_lg_h,2,test,cf804c649b733cd6,COph100/055-1/055_M_GA38_BW3245_PA40_DG13_PF0_D1_S01_10__055_M_GA38_BW3245_PA78_DG13_PF0_D1_S09_16,COph100/patient/055,COph100,True,True,107062547.19021197,7.199957633201148e-06,20540791.656451978,True
20260918,sp_lg_h,2,test,8ed14fb063327bae,COph100/055/055_M_GA38_BW3245_PA40_DG13_PF0_D1_S01_3__055_M_GA38_BW3245_PA53_DG13_PF0_D1_S08_7,COph100/patient/055,COph100,True,False,2501044028.0221753,7.199957633201148e-06,20540791.656451978,True
20260918,sp_lg_h,2,test,2541e8913ecb495c,COph100/055/055_M_GA38_BW3245_PA43_DG13_PF0_D1_S04_13__055_M_GA38_BW3245_PA78_DG13_PF0_D1_S09_6,COph100/patient/055,COph100,True,False,138446249.6936386,7.199957633201148e-06,20540791.656451978,True
20260918,sp_lg_h,3,train,3968ed21e45d9ba8,COph100/033/033_M_GA30_BW1250_PA31_DG0_PF0_D1_S01_2__033_M_GA30_BW1250_PA33_DG0_PF0_D1_S02_1,COph100/patient/033,COph100,True,False,97649853447.23456,7.199957633201148e-06,97649853447.23456,False
20260918,sp_lg_h,3,train,d9cae0da3a04d6af,COph100/052/052_M_GA26_BW820_PA31_DG1_PF0_D1_S01_3__052_M_GA26_BW820_PA46_DG2_PF0_D1_S07_6,COph100/patient/052,COph100,True,True,2220851.201832924,7.199957633201148e-06,97649853447.23456,False
20260918,sp_lg_h,3,train,77518ee0f8861b97,COph100/052/052_M_GA26_BW820_PA34_DG3_PF0_D1_S04_4__052_M_GA26_BW820_PA75_DG9_PF0_D1_S08_20,COph100/patient/052,COph100,True,True,20540791.656451978,7.199957633201148e-06,97649853447.23456,False
20260918,sp_lg_h,3,train,ce0f14b486d56040,COph100/055-1/055_M_GA38_BW3245_PA40_DG13_PF0_D1_S01_10__055_M_GA38_BW3245_PA44_DG13_PF0_D1_S05_6,COph100/patient/055,COph100,True,True,39281513.67231593,7.199957633201148e-06,97649853447.23456,False
20260918,sp_lg_h,3,train,da1b669d55ceeb70,COph100/055-1/055_M_GA38_BW3245_PA40_DG13_PF0_D1_S01_10__055_M_GA38_BW3245_PA53_DG13_PF0_D1_S08_2,COph100/patient/055,COph100,True,False,3044205911.3357058,7.199957633201148e-06,97649853447.23456,False
20260918,sp_lg_h,3,train,cf804c649b733cd6,COph100/055-1/055_M_GA38_BW3245_PA40_DG13_PF0_D1_S01_10__055_M_GA38_BW3245_PA78_DG13_PF0_D1_S09_16,COph100/patient/055,COph100,True,True,107062547.19021197,7.199957633201148e-06,97649853447.23456,False
20260918,sp_lg_h,3,train,8ed14fb063327bae,COph100/055/055_M_GA38_BW3245_PA40_DG13_PF0_D1_S01_3__055_M_GA38_BW3245_PA53_DG13_PF0_D1_S08_7,COph100/patient/055,COph100,True,False,2501044028.0221753,7.199957633201148e-06,97649853447.23456,False
20260918,sp_lg_h,3,train,2541e8913ecb495c,COph100/055/055_M_GA38_BW3245_PA43_DG13_PF0_D1_S04_13__055_M_GA38_BW3245_PA78_DG13_PF0_D1_S09_6,COph100/patient/055,COph100,True,False,138446249.6936386,7.199957633201148e-06,97649853447.23456,False
20260918,sp_lg_h,3,test,e72ba4a2fa2829d4,COph100/026-1/026_M_GA33_BW1700_PA36_DG11_PF0_D1_S02_6__026_M_GA33_BW1700_PA42_DG11_PF0_D1_S05_6,COph100/patient/026,COph100,True,True,2202054258.7223964,7.199957633201148e-06,97649853447.23456,False
20260918,sp_lg_h,3,test,4cc4583374a7f846,COph100/026/026_M_GA33_BW1700_PA36_DG11_PF0_D1_S02_10__026_M_GA33_BW1700_PA40_DG11_PF0_D1_S04_11,COph100/patient/026,COph100,True,True,11125766.607773216,7.199957633201148e-06,97649853447.23456,False
20260918,sp_lg_h,4,train,e72ba4a2fa2829d4,COph100/026-1/026_M_GA33_BW1700_PA36_DG11_PF0_D1_S02_6__026_M_GA33_BW1700_PA42_DG11_PF0_D1_S05_6,COph100/patient/026,COph100,True,True,2202054258.7223964,7.199957633201148e-06,97649853447.23456,False
20260918,sp_lg_h,4,train,4cc4583374a7f846,COph100/026/026_M_GA33_BW1700_PA36_DG11_PF0_D1_S02_10__026_M_GA33_BW1700_PA40_DG11_PF0_D1_S04_11,COph100/patient/026,COph100,True,True,11125766.607773216,7.199957633201148e-06,97649853447.23456,False
20260918,sp_lg_h,4,train,3968ed21e45d9ba8,COph100/033/033_M_GA30_BW1250_PA31_DG0_PF0_D1_S01_2__033_M_GA30_BW1250_PA33_DG0_PF0_D1_S02_1,COph100/patient/033,COph100,True,False,97649853447.23456,7.199957633201148e-06,97649853447.23456,False
20260918,sp_lg_h,4,train,d9cae0da3a04d6af,COph100/052/052_M_GA26_BW820_PA31_DG1_PF0_D1_S01_3__052_M_GA26_BW820_PA46_DG2_PF0_D1_S07_6,COph100/patient/052,COph100,True,True,2220851.201832924,7.199957633201148e-06,97649853447.23456,False
20260918,sp_lg_h,4,train,77518ee0f8861b97,COph100/052/052_M_GA26_BW820_PA34_DG3_PF0_D1_S04_4__052_M_GA26_BW820_PA75_DG9_PF0_D1_S08_20,COph100/patient/052,COph100,True,True,20540791.656451978,7.199957633201148e-06,97649853447.23456,False
20260918,sp_lg_h,4,train,ce0f14b486d56040,COph100/055-1/055_M_GA38_BW3245_PA40_DG13_PF0_D1_S01_10__055_M_GA38_BW3245_PA44_DG13_PF0_D1_S05_6,COph100/patient/055,COph100,True,True,39281513.67231593,7.199957633201148e-06,97649853447.23456,False
20260918,sp_lg_h,4,train,da1b669d55ceeb70,COph100/055-1/055_M_GA38_BW3245_PA40_DG13_PF0_D1_S01_10__055_M_GA38_BW3245_PA53_DG13_PF0_D1_S08_2,COph100/patient/055,COph100,True,False,3044205911.3357058,7.199957633201148e-06,97649853447.23456,False
20260918,sp_lg_h,4,train,cf804c649b733cd6,COph100/055-1/055_M_GA38_BW3245_PA40_DG13_PF0_D1_S01_10__055_M_GA38_BW3245_PA78_DG13_PF0_D1_S09_16,COph100/patient/055,COph100,True,True,107062547.19021197,7.199957633201148e-06,97649853447.23456,False
20260918,sp_lg_h,4,train,8ed14fb063327bae,COph100/055/055_M_GA38_BW3245_PA40_DG13_PF0_D1_S01_3__055_M_GA38_BW3245_PA53_DG13_PF0_D1_S08_7,COph100/patient/055,COph100,True,False,2501044028.0221753,7.199957633201148e-06,97649853447.23456,False
20260918,sp_lg_h,4,train,2541e8913ecb495c,COph100/055/055_M_GA38_BW3245_PA43_DG13_PF0_D1_S04_13__055_M_GA38_BW3245_PA78_DG13_PF0_D1_S09_6,COph100/patient/055,COph100,True,False,138446249.6936386,7.199957633201148e-06,97649853447.23456,False
20260919,xfeat_h,0,train,a3b2e2934c364e2a,COph100/055-1/055_M_GA38_BW3245_PA42_DG13_PF0_D1_S03_2__055_M_GA38_BW3245_PA78_DG13_PF0_D1_S09_16,COph100/patient/055,COph100,True,False,8654742027.155737,7.672406182586129e-05,8654742027.155737,False
20260919,xfeat_h,0,train,11bcaf81af6206b4,COph100/055/055_M_GA38_BW3245_PA43_DG13_PF0_D1_S04_13__055_M_GA38_BW3245_PA78_DG13_PF0_D1_S09_6,COph100/patient/055,COph100,True,True,1045006731.0949349,7.672406182586129e-05,8654742027.155737,False
20260919,xfeat_h,1,calibration,a3b2e2934c364e2a,COph100/055-1/055_M_GA38_BW3245_PA42_DG13_PF0_D1_S03_2__055_M_GA38_BW3245_PA78_DG13_PF0_D1_S09_16,COph100/patient/055,COph100,True,False,8654742027.155737,7.672406182586129e-05,325.00934027783336,True
20260919,xfeat_h,1,calibration,11bcaf81af6206b4,COph100/055/055_M_GA38_BW3245_PA43_DG13_PF0_D1_S04_13__055_M_GA38_BW3245_PA78_DG13_PF0_D1_S09_6,COph100/patient/055,COph100,True,True,1045006731.0949349,7.672406182586129e-05,325.00934027783336,True
20260919,xfeat_h,2,test,a3b2e2934c364e2a,COph100/055-1/055_M_GA38_BW3245_PA42_DG13_PF0_D1_S03_2__055_M_GA38_BW3245_PA78_DG13_PF0_D1_S09_16,COph100/patient/055,COph100,True,False,8654742027.155737,4.519873533058088e-06,325.00934027783336,True
20260919,xfeat_h,2,test,11bcaf81af6206b4,COph100/055/055_M_GA38_BW3245_PA43_DG13_PF0_D1_S04_13__055_M_GA38_BW3245_PA78_DG13_PF0_D1_S09_6,COph100/patient/055,COph100,True,True,1045006731.0949349,4.519873533058088e-06,325.00934027783336,True
20260919,xfeat_h,3,train,a3b2e2934c364e2a,COph100/055-1/055_M_GA38_BW3245_PA42_DG13_PF0_D1_S03_2__055_M_GA38_BW3245_PA78_DG13_PF0_D1_S09_16,COph100/patient/055,COph100,True,False,8654742027.155737,4.519873533058088e-06,8654742027.155737,False
20260919,xfeat_h,3,train,11bcaf81af6206b4,COph100/055/055_M_GA38_BW3245_PA43_DG13_PF0_D1_S04_13__055_M_GA38_BW3245_PA78_DG13_PF0_D1_S09_6,COph100/patient/055,COph100,True,True,1045006731.0949349,4.519873533058088e-06,8654742027.155737,False
20260919,xfeat_h,4,train,a3b2e2934c364e2a,COph100/055-1/055_M_GA38_BW3245_PA42_DG13_PF0_D1_S03_2__055_M_GA38_BW3245_PA78_DG13_PF0_D1_S09_16,COph100/patient/055,COph100,True,False,8654742027.155737,4.519873533058088e-06,8654742027.155737,False
20260919,xfeat_h,4,train,11bcaf81af6206b4,COph100/055/055_M_GA38_BW3245_PA43_DG13_PF0_D1_S04_13__055_M_GA38_BW3245_PA78_DG13_PF0_D1_S09_6,COph100/patient/055,COph100,True,True,1045006731.0949349,4.519873533058088e-06,8654742027.155737,False
20260919,sp_lg_h,0,train,d9cae0da3a04d6af,COph100/052/052_M_GA26_BW820_PA31_DG1_PF0_D1_S01_3__052_M_GA26_BW820_PA46_DG2_PF0_D1_S07_6,COph100/patient/052,COph100,True,True,2220851.201832924,0.0001103195129025508,3044205911.3357058,False
20260919,sp_lg_h,0,train,77518ee0f8861b97,COph100/052/052_M_GA26_BW820_PA34_DG3_PF0_D1_S04_4__052_M_GA26_BW820_PA75_DG9_PF0_D1_S08_20,COph100/patient/052,COph100,True,True,20540791.656451978,0.0001103195129025508,3044205911.3357058,False
20260919,sp_lg_h,0,train,ce0f14b486d56040,COph100/055-1/055_M_GA38_BW3245_PA40_DG13_PF0_D1_S01_10__055_M_GA38_BW3245_PA44_DG13_PF0_D1_S05_6,COph100/patient/055,COph100,True,True,39281513.67231593,0.0001103195129025508,3044205911.3357058,False
20260919,sp_lg_h,0,train,da1b669d55ceeb70,COph100/055-1/055_M_GA38_BW3245_PA40_DG13_PF0_D1_S01_10__055_M_GA38_BW3245_PA53_DG13_PF0_D1_S08_2,COph100/patient/055,COph100,True,False,3044205911.3357058,0.0001103195129025508,3044205911.3357058,False
20260919,sp_lg_h,0,train,cf804c649b733cd6,COph100/055-1/055_M_GA38_BW3245_PA40_DG13_PF0_D1_S01_10__055_M_GA38_BW3245_PA78_DG13_PF0_D1_S09_16,COph100/patient/055,COph100,True,True,107062547.19021197,0.0001103195129025508,3044205911.3357058,False
20260919,sp_lg_h,0,train,8ed14fb063327bae,COph100/055/055_M_GA38_BW3245_PA40_DG13_PF0_D1_S01_3__055_M_GA38_BW3245_PA53_DG13_PF0_D1_S08_7,COph100/patient/055,COph100,True,False,2501044028.0221753,0.0001103195129025508,3044205911.3357058,False
20260919,sp_lg_h,0,train,2541e8913ecb495c,COph100/055/055_M_GA38_BW3245_PA43_DG13_PF0_D1_S04_13__055_M_GA38_BW3245_PA78_DG13_PF0_D1_S09_6,COph100/patient/055,COph100,True,False,138446249.6936386,0.0001103195129025508,3044205911.3357058,False
20260919,sp_lg_h,0,calibration,3968ed21e45d9ba8,COph100/033/033_M_GA30_BW1250_PA31_DG0_PF0_D1_S01_2__033_M_GA30_BW1250_PA33_DG0_PF0_D1_S02_1,COph100/patient/033,COph100,True,False,97649853447.23456,0.0001103195129025508,3044205911.3357058,True
20260919,sp_lg_h,0,test,e72ba4a2fa2829d4,COph100/026-1/026_M_GA33_BW1700_PA36_DG11_PF0_D1_S02_6__026_M_GA33_BW1700_PA42_DG11_PF0_D1_S05_6,COph100/patient/026,COph100,True,True,2202054258.7223964,0.0001103195129025508,3044205911.3357058,False
20260919,sp_lg_h,0,test,4cc4583374a7f846,COph100/026/026_M_GA33_BW1700_PA36_DG11_PF0_D1_S02_10__026_M_GA33_BW1700_PA40_DG11_PF0_D1_S04_11,COph100/patient/026,COph100,True,True,11125766.607773216,0.0001103195129025508,3044205911.3357058,False
20260919,sp_lg_h,1,train,e72ba4a2fa2829d4,COph100/026-1/026_M_GA33_BW1700_PA36_DG11_PF0_D1_S02_6__026_M_GA33_BW1700_PA42_DG11_PF0_D1_S05_6,COph100/patient/026,COph100,True,True,2202054258.7223964,8.08405186319934e-05,2202054258.7223964,False
20260919,sp_lg_h,1,train,4cc4583374a7f846,COph100/026/026_M_GA33_BW1700_PA36_DG11_PF0_D1_S02_10__026_M_GA33_BW1700_PA40_DG11_PF0_D1_S04_11,COph100/patient/026,COph100,True,True,11125766.607773216,8.08405186319934e-05,2202054258.7223964,False
20260919,sp_lg_h,1,train,d9cae0da3a04d6af,COph100/052/052_M_GA26_BW820_PA31_DG1_PF0_D1_S01_3__052_M_GA26_BW820_PA46_DG2_PF0_D1_S07_6,COph100/patient/052,COph100,True,True,2220851.201832924,8.08405186319934e-05,2202054258.7223964,False
20260919,sp_lg_h,1,train,77518ee0f8861b97,COph100/052/052_M_GA26_BW820_PA34_DG3_PF0_D1_S04_4__052_M_GA26_BW820_PA75_DG9_PF0_D1_S08_20,COph100/patient/052,COph100,True,True,20540791.656451978,8.08405186319934e-05,2202054258.7223964,False
20260919,sp_lg_h,1,calibration,ce0f14b486d56040,COph100/055-1/055_M_GA38_BW3245_PA40_DG13_PF0_D1_S01_10__055_M_GA38_BW3245_PA44_DG13_PF0_D1_S05_6,COph100/patient/055,COph100,True,True,39281513.67231593,8.08405186319934e-05,2202054258.7223964,False
20260919,sp_lg_h,1,calibration,da1b669d55ceeb70,COph100/055-1/055_M_GA38_BW3245_PA40_DG13_PF0_D1_S01_10__055_M_GA38_BW3245_PA53_DG13_PF0_D1_S08_2,COph100/patient/055,COph100,True,False,3044205911.3357058,8.08405186319934e-05,2202054258.7223964,True
20260919,sp_lg_h,1,calibration,cf804c649b733cd6,COph100/055-1/055_M_GA38_BW3245_PA40_DG13_PF0_D1_S01_10__055_M_GA38_BW3245_PA78_DG13_PF0_D1_S09_16,COph100/patient/055,COph100,True,True,107062547.19021197,8.08405186319934e-05,2202054258.7223964,False
20260919,sp_lg_h,1,calibration,8ed14fb063327bae,COph100/055/055_M_GA38_BW3245_PA40_DG13_PF0_D1_S01_3__055_M_GA38_BW3245_PA53_DG13_PF0_D1_S08_7,COph100/patient/055,COph100,True,False,2501044028.0221753,8.08405186319934e-05,2202054258.7223964,True
20260919,sp_lg_h,1,calibration,2541e8913ecb495c,COph100/055/055_M_GA38_BW3245_PA43_DG13_PF0_D1_S04_13__055_M_GA38_BW3245_PA78_DG13_PF0_D1_S09_6,COph100/patient/055,COph100,True,False,138446249.6936386,8.08405186319934e-05,2202054258.7223964,False
20260919,sp_lg_h,1,test,3968ed21e45d9ba8,COph100/033/033_M_GA30_BW1250_PA31_DG0_PF0_D1_S01_2__033_M_GA30_BW1250_PA33_DG0_PF0_D1_S02_1,COph100/patient/033,COph100,True,False,97649853447.23456,8.08405186319934e-05,2202054258.7223964,True
20260919,sp_lg_h,2,train,e72ba4a2fa2829d4,COph100/026-1/026_M_GA33_BW1700_PA36_DG11_PF0_D1_S02_6__026_M_GA33_BW1700_PA42_DG11_PF0_D1_S05_6,COph100/patient/026,COph100,True,True,2202054258.7223964,7.199957633201148e-06,97649853447.23456,False
20260919,sp_lg_h,2,train,4cc4583374a7f846,COph100/026/026_M_GA33_BW1700_PA36_DG11_PF0_D1_S02_10__026_M_GA33_BW1700_PA40_DG11_PF0_D1_S04_11,COph100/patient/026,COph100,True,True,11125766.607773216,7.199957633201148e-06,97649853447.23456,False
20260919,sp_lg_h,2,train,3968ed21e45d9ba8,COph100/033/033_M_GA30_BW1250_PA31_DG0_PF0_D1_S01_2__033_M_GA30_BW1250_PA33_DG0_PF0_D1_S02_1,COph100/patient/033,COph100,True,False,97649853447.23456,7.199957633201148e-06,97649853447.23456,False
20260919,sp_lg_h,2,train,d9cae0da3a04d6af,COph100/052/052_M_GA26_BW820_PA31_DG1_PF0_D1_S01_3__052_M_GA26_BW820_PA46_DG2_PF0_D1_S07_6,COph100/patient/052,COph100,True,True,2220851.201832924,7.199957633201148e-06,97649853447.23456,False
20260919,sp_lg_h,2,train,77518ee0f8861b97,COph100/052/052_M_GA26_BW820_PA34_DG3_PF0_D1_S04_4__052_M_GA26_BW820_PA75_DG9_PF0_D1_S08_20,COph100/patient/052,COph100,True,True,20540791.656451978,7.199957633201148e-06,97649853447.23456,False
20260919,sp_lg_h,2,test,ce0f14b486d56040,COph100/055-1/055_M_GA38_BW3245_PA40_DG13_PF0_D1_S01_10__055_M_GA38_BW3245_PA44_DG13_PF0_D1_S05_6,COph100/patient/055,COph100,True,True,39281513.67231593,7.199957633201148e-06,97649853447.23456,False
20260919,sp_lg_h,2,test,da1b669d55ceeb70,COph100/055-1/055_M_GA38_BW3245_PA40_DG13_PF0_D1_S01_10__055_M_GA38_BW3245_PA53_DG13_PF0_D1_S08_2,COph100/patient/055,COph100,True,False,3044205911.3357058,7.199957633201148e-06,97649853447.23456,False
20260919,sp_lg_h,2,test,cf804c649b733cd6,COph100/055-1/055_M_GA38_BW3245_PA40_DG13_PF0_D1_S01_10__055_M_GA38_BW3245_PA78_DG13_PF0_D1_S09_16,COph100/patient/055,COph100,True,True,107062547.19021197,7.199957633201148e-06,97649853447.23456,False
20260919,sp_lg_h,2,test,8ed14fb063327bae,COph100/055/055_M_GA38_BW3245_PA40_DG13_PF0_D1_S01_3__055_M_GA38_BW3245_PA53_DG13_PF0_D1_S08_7,COph100/patient/055,COph100,True,False,2501044028.0221753,7.199957633201148e-06,97649853447.23456,False
20260919,sp_lg_h,2,test,2541e8913ecb495c,COph100/055/055_M_GA38_BW3245_PA43_DG13_PF0_D1_S04_13__055_M_GA38_BW3245_PA78_DG13_PF0_D1_S09_6,COph100/patient/055,COph100,True,False,138446249.6936386,7.199957633201148e-06,97649853447.23456,False
20260919,sp_lg_h,3,train,e72ba4a2fa2829d4,COph100/026-1/026_M_GA33_BW1700_PA36_DG11_PF0_D1_S02_6__026_M_GA33_BW1700_PA42_DG11_PF0_D1_S05_6,COph100/patient/026,COph100,True,True,2202054258.7223964,7.199957633201148e-06,97649853447.23456,False
20260919,sp_lg_h,3,train,4cc4583374a7f846,COph100/026/026_M_GA33_BW1700_PA36_DG11_PF0_D1_S02_10__026_M_GA33_BW1700_PA40_DG11_PF0_D1_S04_11,COph100/patient/026,COph100,True,True,11125766.607773216,7.199957633201148e-06,97649853447.23456,False
20260919,sp_lg_h,3,train,3968ed21e45d9ba8,COph100/033/033_M_GA30_BW1250_PA31_DG0_PF0_D1_S01_2__033_M_GA30_BW1250_PA33_DG0_PF0_D1_S02_1,COph100/patient/033,COph100,True,False,97649853447.23456,7.199957633201148e-06,97649853447.23456,False
20260919,sp_lg_h,3,train,ce0f14b486d56040,COph100/055-1/055_M_GA38_BW3245_PA40_DG13_PF0_D1_S01_10__055_M_GA38_BW3245_PA44_DG13_PF0_D1_S05_6,COph100/patient/055,COph100,True,True,39281513.67231593,7.199957633201148e-06,97649853447.23456,False
20260919,sp_lg_h,3,train,da1b669d55ceeb70,COph100/055-1/055_M_GA38_BW3245_PA40_DG13_PF0_D1_S01_10__055_M_GA38_BW3245_PA53_DG13_PF0_D1_S08_2,COph100/patient/055,COph100,True,False,3044205911.3357058,7.199957633201148e-06,97649853447.23456,False
20260919,sp_lg_h,3,train,cf804c649b733cd6,COph100/055-1/055_M_GA38_BW3245_PA40_DG13_PF0_D1_S01_10__055_M_GA38_BW3245_PA78_DG13_PF0_D1_S09_16,COph100/patient/055,COph100,True,True,107062547.19021197,7.199957633201148e-06,97649853447.23456,False
20260919,sp_lg_h,3,train,8ed14fb063327bae,COph100/055/055_M_GA38_BW3245_PA40_DG13_PF0_D1_S01_3__055_M_GA38_BW3245_PA53_DG13_PF0_D1_S08_7,COph100/patient/055,COph100,True,False,2501044028.0221753,7.199957633201148e-06,97649853447.23456,False
20260919,sp_lg_h,3,train,2541e8913ecb495c,COph100/055/055_M_GA38_BW3245_PA43_DG13_PF0_D1_S04_13__055_M_GA38_BW3245_PA78_DG13_PF0_D1_S09_6,COph100/patient/055,COph100,True,False,138446249.6936386,7.199957633201148e-06,97649853447.23456,False
20260919,sp_lg_h,3,calibration,d9cae0da3a04d6af,COph100/052/052_M_GA26_BW820_PA31_DG1_PF0_D1_S01_3__052_M_GA26_BW820_PA46_DG2_PF0_D1_S07_6,COph100/patient/052,COph100,True,True,2220851.201832924,7.199957633201148e-06,97649853447.23456,False
20260919,sp_lg_h,3,calibration,77518ee0f8861b97,COph100/052/052_M_GA26_BW820_PA34_DG3_PF0_D1_S04_4__052_M_GA26_BW820_PA75_DG9_PF0_D1_S08_20,COph100/patient/052,COph100,True,True,20540791.656451978,7.199957633201148e-06,97649853447.23456,False
20260919,sp_lg_h,4,train,3968ed21e45d9ba8,COph100/033/033_M_GA30_BW1250_PA31_DG0_PF0_D1_S01_2__033_M_GA30_BW1250_PA33_DG0_PF0_D1_S02_1,COph100/patient/033,COph100,True,False,97649853447.23456,7.199957633201148e-06,97649853447.23456,False
20260919,sp_lg_h,4,train,ce0f14b486d56040,COph100/055-1/055_M_GA38_BW3245_PA40_DG13_PF0_D1_S01_10__055_M_GA38_BW3245_PA44_DG13_PF0_D1_S05_6,COph100/patient/055,COph100,True,True,39281513.67231593,7.199957633201148e-06,97649853447.23456,False
20260919,sp_lg_h,4,train,da1b669d55ceeb70,COph100/055-1/055_M_GA38_BW3245_PA40_DG13_PF0_D1_S01_10__055_M_GA38_BW3245_PA53_DG13_PF0_D1_S08_2,COph100/patient/055,COph100,True,False,3044205911.3357058,7.199957633201148e-06,97649853447.23456,False
20260919,sp_lg_h,4,train,cf804c649b733cd6,COph100/055-1/055_M_GA38_BW3245_PA40_DG13_PF0_D1_S01_10__055_M_GA38_BW3245_PA78_DG13_PF0_D1_S09_16,COph100/patient/055,COph100,True,True,107062547.19021197,7.199957633201148e-06,97649853447.23456,False
20260919,sp_lg_h,4,train,8ed14fb063327bae,COph100/055/055_M_GA38_BW3245_PA40_DG13_PF0_D1_S01_3__055_M_GA38_BW3245_PA53_DG13_PF0_D1_S08_7,COph100/patient/055,COph100,True,False,2501044028.0221753,7.199957633201148e-06,97649853447.23456,False
20260919,sp_lg_h,4,train,2541e8913ecb495c,COph100/055/055_M_GA38_BW3245_PA43_DG13_PF0_D1_S04_13__055_M_GA38_BW3245_PA78_DG13_PF0_D1_S09_6,COph100/patient/055,COph100,True,False,138446249.6936386,7.199957633201148e-06,97649853447.23456,False
20260919,sp_lg_h,4,calibration,e72ba4a2fa2829d4,COph100/026-1/026_M_GA33_BW1700_PA36_DG11_PF0_D1_S02_6__026_M_GA33_BW1700_PA42_DG11_PF0_D1_S05_6,COph100/patient/026,COph100,True,True,2202054258.7223964,7.199957633201148e-06,97649853447.23456,False
20260919,sp_lg_h,4,calibration,4cc4583374a7f846,COph100/026/026_M_GA33_BW1700_PA36_DG11_PF0_D1_S02_10__026_M_GA33_BW1700_PA40_DG11_PF0_D1_S04_11,COph100/patient/026,COph100,True,True,11125766.607773216,7.199957633201148e-06,97649853447.23456,False
20260919,sp_lg_h,4,test,d9cae0da3a04d6af,COph100/052/052_M_GA26_BW820_PA31_DG1_PF0_D1_S01_3__052_M_GA26_BW820_PA46_DG2_PF0_D1_S07_6,COph100/patient/052,COph100,True,True,2220851.201832924,7.199957633201148e-06,97649853447.23456,False
20260919,sp_lg_h,4,test,77518ee0f8861b97,COph100/052/052_M_GA26_BW820_PA34_DG3_PF0_D1_S04_4__052_M_GA26_BW820_PA75_DG9_PF0_D1_S08_20,COph100/patient/052,COph100,True,True,20540791.656451978,7.199957633201148e-06,97649853447.23456,False
20260920,xfeat_h,0,calibration,a3b2e2934c364e2a,COph100/055-1/055_M_GA38_BW3245_PA42_DG13_PF0_D1_S03_2__055_M_GA38_BW3245_PA78_DG13_PF0_D1_S09_16,COph100/patient/055,COph100,True,False,8654742027.155737,4.519873533058088e-06,17.473831965696593,True
20260920,xfeat_h,0,calibration,11bcaf81af6206b4,COph100/055/055_M_GA38_BW3245_PA43_DG13_PF0_D1_S04_13__055_M_GA38_BW3245_PA78_DG13_PF0_D1_S09_6,COph100/patient/055,COph100,True,True,1045006731.0949349,4.519873533058088e-06,17.473831965696593,True
20260920,xfeat_h,1,test,a3b2e2934c364e2a,COph100/055-1/055_M_GA38_BW3245_PA42_DG13_PF0_D1_S03_2__055_M_GA38_BW3245_PA78_DG13_PF0_D1_S09_16,COph100/patient/055,COph100,True,False,8654742027.155737,4.519873533058088e-06,325.00934027783336,True
20260920,xfeat_h,1,test,11bcaf81af6206b4,COph100/055/055_M_GA38_BW3245_PA43_DG13_PF0_D1_S04_13__055_M_GA38_BW3245_PA78_DG13_PF0_D1_S09_6,COph100/patient/055,COph100,True,True,1045006731.0949349,4.519873533058088e-06,325.00934027783336,True
20260920,xfeat_h,2,train,a3b2e2934c364e2a,COph100/055-1/055_M_GA38_BW3245_PA42_DG13_PF0_D1_S03_2__055_M_GA38_BW3245_PA78_DG13_PF0_D1_S09_16,COph100/patient/055,COph100,True,False,8654742027.155737,4.519873533058088e-06,8654742027.155737,False
20260920,xfeat_h,2,train,11bcaf81af6206b4,COph100/055/055_M_GA38_BW3245_PA43_DG13_PF0_D1_S04_13__055_M_GA38_BW3245_PA78_DG13_PF0_D1_S09_6,COph100/patient/055,COph100,True,True,1045006731.0949349,4.519873533058088e-06,8654742027.155737,False
20260920,xfeat_h,3,train,a3b2e2934c364e2a,COph100/055-1/055_M_GA38_BW3245_PA42_DG13_PF0_D1_S03_2__055_M_GA38_BW3245_PA78_DG13_PF0_D1_S09_16,COph100/patient/055,COph100,True,False,8654742027.155737,7.672406182586129e-05,8654742027.155737,False
20260920,xfeat_h,3,train,11bcaf81af6206b4,COph100/055/055_M_GA38_BW3245_PA43_DG13_PF0_D1_S04_13__055_M_GA38_BW3245_PA78_DG13_PF0_D1_S09_6,COph100/patient/055,COph100,True,True,1045006731.0949349,7.672406182586129e-05,8654742027.155737,False
20260920,xfeat_h,4,train,a3b2e2934c364e2a,COph100/055-1/055_M_GA38_BW3245_PA42_DG13_PF0_D1_S03_2__055_M_GA38_BW3245_PA78_DG13_PF0_D1_S09_16,COph100/patient/055,COph100,True,False,8654742027.155737,7.672406182586129e-05,8654742027.155737,False
20260920,xfeat_h,4,train,11bcaf81af6206b4,COph100/055/055_M_GA38_BW3245_PA43_DG13_PF0_D1_S04_13__055_M_GA38_BW3245_PA78_DG13_PF0_D1_S09_6,COph100/patient/055,COph100,True,True,1045006731.0949349,7.672406182586129e-05,8654742027.155737,False
20260920,sp_lg_h,0,train,d9cae0da3a04d6af,COph100/052/052_M_GA26_BW820_PA31_DG1_PF0_D1_S01_3__052_M_GA26_BW820_PA46_DG2_PF0_D1_S07_6,COph100/patient/052,COph100,True,True,2220851.201832924,7.199957633201148e-06,20540791.656451978,False
20260920,sp_lg_h,0,train,77518ee0f8861b97,COph100/052/052_M_GA26_BW820_PA34_DG3_PF0_D1_S04_4__052_M_GA26_BW820_PA75_DG9_PF0_D1_S08_20,COph100/patient/052,COph100,True,True,20540791.656451978,7.199957633201148e-06,20540791.656451978,False
20260920,sp_lg_h,0,calibration,e72ba4a2fa2829d4,COph100/026-1/026_M_GA33_BW1700_PA36_DG11_PF0_D1_S02_6__026_M_GA33_BW1700_PA42_DG11_PF0_D1_S05_6,COph100/patient/026,COph100,True,True,2202054258.7223964,7.199957633201148e-06,20540791.656451978,True
20260920,sp_lg_h,0,calibration,4cc4583374a7f846,COph100/026/026_M_GA33_BW1700_PA36_DG11_PF0_D1_S02_10__026_M_GA33_BW1700_PA40_DG11_PF0_D1_S04_11,COph100/patient/026,COph100,True,True,11125766.607773216,7.199957633201148e-06,20540791.656451978,False
20260920,sp_lg_h,0,calibration,ce0f14b486d56040,COph100/055-1/055_M_GA38_BW3245_PA40_DG13_PF0_D1_S01_10__055_M_GA38_BW3245_PA44_DG13_PF0_D1_S05_6,COph100/patient/055,COph100,True,True,39281513.67231593,7.199957633201148e-06,20540791.656451978,True
20260920,sp_lg_h,0,calibration,da1b669d55ceeb70,COph100/055-1/055_M_GA38_BW3245_PA40_DG13_PF0_D1_S01_10__055_M_GA38_BW3245_PA53_DG13_PF0_D1_S08_2,COph100/patient/055,COph100,True,False,3044205911.3357058,7.199957633201148e-06,20540791.656451978,True
20260920,sp_lg_h,0,calibration,cf804c649b733cd6,COph100/055-1/055_M_GA38_BW3245_PA40_DG13_PF0_D1_S01_10__055_M_GA38_BW3245_PA78_DG13_PF0_D1_S09_16,COph100/patient/055,COph100,True,True,107062547.19021197,7.199957633201148e-06,20540791.656451978,True
20260920,sp_lg_h,0,calibration,8ed14fb063327bae,COph100/055/055_M_GA38_BW3245_PA40_DG13_PF0_D1_S01_3__055_M_GA38_BW3245_PA53_DG13_PF0_D1_S08_7,COph100/patient/055,COph100,True,False,2501044028.0221753,7.199957633201148e-06,20540791.656451978,True
20260920,sp_lg_h,0,calibration,2541e8913ecb495c,COph100/055/055_M_GA38_BW3245_PA43_DG13_PF0_D1_S04_13__055_M_GA38_BW3245_PA78_DG13_PF0_D1_S09_6,COph100/patient/055,COph100,True,False,138446249.6936386,7.199957633201148e-06,20540791.656451978,True
20260920,sp_lg_h,0,test,3968ed21e45d9ba8,COph100/033/033_M_GA30_BW1250_PA31_DG0_PF0_D1_S01_2__033_M_GA30_BW1250_PA33_DG0_PF0_D1_S02_1,COph100/patient/033,COph100,True,False,97649853447.23456,7.199957633201148e-06,20540791.656451978,True
20260920,sp_lg_h,1,train,3968ed21e45d9ba8,COph100/033/033_M_GA30_BW1250_PA31_DG0_PF0_D1_S01_2__033_M_GA30_BW1250_PA33_DG0_PF0_D1_S02_1,COph100/patient/033,COph100,True,False,97649853447.23456,7.199957633201148e-06,97649853447.23456,False
20260920,sp_lg_h,1,calibration,d9cae0da3a04d6af,COph100/052/052_M_GA26_BW820_PA31_DG1_PF0_D1_S01_3__052_M_GA26_BW820_PA46_DG2_PF0_D1_S07_6,COph100/patient/052,COph100,True,True,2220851.201832924,7.199957633201148e-06,97649853447.23456,False
20260920,sp_lg_h,1,calibration,77518ee0f8861b97,COph100/052/052_M_GA26_BW820_PA34_DG3_PF0_D1_S04_4__052_M_GA26_BW820_PA75_DG9_PF0_D1_S08_20,COph100/patient/052,COph100,True,True,20540791.656451978,7.199957633201148e-06,97649853447.23456,False
20260920,sp_lg_h,1,test,e72ba4a2fa2829d4,COph100/026-1/026_M_GA33_BW1700_PA36_DG11_PF0_D1_S02_6__026_M_GA33_BW1700_PA42_DG11_PF0_D1_S05_6,COph100/patient/026,COph100,True,True,2202054258.7223964,7.199957633201148e-06,97649853447.23456,False
20260920,sp_lg_h,1,test,4cc4583374a7f846,COph100/026/026_M_GA33_BW1700_PA36_DG11_PF0_D1_S02_10__026_M_GA33_BW1700_PA40_DG11_PF0_D1_S04_11,COph100/patient/026,COph100,True,True,11125766.607773216,7.199957633201148e-06,97649853447.23456,False
20260920,sp_lg_h,1,test,ce0f14b486d56040,COph100/055-1/055_M_GA38_BW3245_PA40_DG13_PF0_D1_S01_10__055_M_GA38_BW3245_PA44_DG13_PF0_D1_S05_6,COph100/patient/055,COph100,True,True,39281513.67231593,7.199957633201148e-06,97649853447.23456,False
20260920,sp_lg_h,1,test,da1b669d55ceeb70,COph100/055-1/055_M_GA38_BW3245_PA40_DG13_PF0_D1_S01_10__055_M_GA38_BW3245_PA53_DG13_PF0_D1_S08_2,COph100/patient/055,COph100,True,False,3044205911.3357058,7.199957633201148e-06,97649853447.23456,False
20260920,sp_lg_h,1,test,cf804c649b733cd6,COph100/055-1/055_M_GA38_BW3245_PA40_DG13_PF0_D1_S01_10__055_M_GA38_BW3245_PA78_DG13_PF0_D1_S09_16,COph100/patient/055,COph100,True,True,107062547.19021197,7.199957633201148e-06,97649853447.23456,False
20260920,sp_lg_h,1,test,8ed14fb063327bae,COph100/055/055_M_GA38_BW3245_PA40_DG13_PF0_D1_S01_3__055_M_GA38_BW3245_PA53_DG13_PF0_D1_S08_7,COph100/patient/055,COph100,True,False,2501044028.0221753,7.199957633201148e-06,97649853447.23456,False
20260920,sp_lg_h,1,test,2541e8913ecb495c,COph100/055/055_M_GA38_BW3245_PA43_DG13_PF0_D1_S04_13__055_M_GA38_BW3245_PA78_DG13_PF0_D1_S09_6,COph100/patient/055,COph100,True,False,138446249.6936386,7.199957633201148e-06,97649853447.23456,False
20260920,sp_lg_h,2,train,e72ba4a2fa2829d4,COph100/026-1/026_M_GA33_BW1700_PA36_DG11_PF0_D1_S02_6__026_M_GA33_BW1700_PA42_DG11_PF0_D1_S05_6,COph100/patient/026,COph100,True,True,2202054258.7223964,7.199957633201148e-06,97649853447.23456,False
20260920,sp_lg_h,2,train,4cc4583374a7f846,COph100/026/026_M_GA33_BW1700_PA36_DG11_PF0_D1_S02_10__026_M_GA33_BW1700_PA40_DG11_PF0_D1_S04_11,COph100/patient/026,COph100,True,True,11125766.607773216,7.199957633201148e-06,97649853447.23456,False
20260920,sp_lg_h,2,train,3968ed21e45d9ba8,COph100/033/033_M_GA30_BW1250_PA31_DG0_PF0_D1_S01_2__033_M_GA30_BW1250_PA33_DG0_PF0_D1_S02_1,COph100/patient/033,COph100,True,False,97649853447.23456,7.199957633201148e-06,97649853447.23456,False
20260920,sp_lg_h,2,train,ce0f14b486d56040,COph100/055-1/055_M_GA38_BW3245_PA40_DG13_PF0_D1_S01_10__055_M_GA38_BW3245_PA44_DG13_PF0_D1_S05_6,COph100/patient/055,COph100,True,True,39281513.67231593,7.199957633201148e-06,97649853447.23456,False
20260920,sp_lg_h,2,train,da1b669d55ceeb70,COph100/055-1/055_M_GA38_BW3245_PA40_DG13_PF0_D1_S01_10__055_M_GA38_BW3245_PA53_DG13_PF0_D1_S08_2,COph100/patient/055,COph100,True,False,3044205911.3357058,7.199957633201148e-06,97649853447.23456,False
20260920,sp_lg_h,2,train,cf804c649b733cd6,COph100/055-1/055_M_GA38_BW3245_PA40_DG13_PF0_D1_S01_10__055_M_GA38_BW3245_PA78_DG13_PF0_D1_S09_16,COph100/patient/055,COph100,True,True,107062547.19021197,7.199957633201148e-06,97649853447.23456,False
20260920,sp_lg_h,2,train,8ed14fb063327bae,COph100/055/055_M_GA38_BW3245_PA40_DG13_PF0_D1_S01_3__055_M_GA38_BW3245_PA53_DG13_PF0_D1_S08_7,COph100/patient/055,COph100,True,False,2501044028.0221753,7.199957633201148e-06,97649853447.23456,False
20260920,sp_lg_h,2,train,2541e8913ecb495c,COph100/055/055_M_GA38_BW3245_PA43_DG13_PF0_D1_S04_13__055_M_GA38_BW3245_PA78_DG13_PF0_D1_S09_6,COph100/patient/055,COph100,True,False,138446249.6936386,7.199957633201148e-06,97649853447.23456,False
20260920,sp_lg_h,2,test,d9cae0da3a04d6af,COph100/052/052_M_GA26_BW820_PA31_DG1_PF0_D1_S01_3__052_M_GA26_BW820_PA46_DG2_PF0_D1_S07_6,COph100/patient/052,COph100,True,True,2220851.201832924,7.199957633201148e-06,97649853447.23456,False
20260920,sp_lg_h,2,test,77518ee0f8861b97,COph100/052/052_M_GA26_BW820_PA34_DG3_PF0_D1_S04_4__052_M_GA26_BW820_PA75_DG9_PF0_D1_S08_20,COph100/patient/052,COph100,True,True,20540791.656451978,7.199957633201148e-06,97649853447.23456,False
20260920,sp_lg_h,3,train,e72ba4a2fa2829d4,COph100/026-1/026_M_GA33_BW1700_PA36_DG11_PF0_D1_S02_6__026_M_GA33_BW1700_PA42_DG11_PF0_D1_S05_6,COph100/patient/026,COph100,True,True,2202054258.7223964,8.08405186319934e-05,97649853447.23456,False
20260920,sp_lg_h,3,train,4cc4583374a7f846,COph100/026/026_M_GA33_BW1700_PA36_DG11_PF0_D1_S02_10__026_M_GA33_BW1700_PA40_DG11_PF0_D1_S04_11,COph100/patient/026,COph100,True,True,11125766.607773216,8.08405186319934e-05,97649853447.23456,False
20260920,sp_lg_h,3,train,3968ed21e45d9ba8,COph100/033/033_M_GA30_BW1250_PA31_DG0_PF0_D1_S01_2__033_M_GA30_BW1250_PA33_DG0_PF0_D1_S02_1,COph100/patient/033,COph100,True,False,97649853447.23456,8.08405186319934e-05,97649853447.23456,False
20260920,sp_lg_h,3,train,d9cae0da3a04d6af,COph100/052/052_M_GA26_BW820_PA31_DG1_PF0_D1_S01_3__052_M_GA26_BW820_PA46_DG2_PF0_D1_S07_6,COph100/patient/052,COph100,True,True,2220851.201832924,8.08405186319934e-05,97649853447.23456,False
20260920,sp_lg_h,3,train,77518ee0f8861b97,COph100/052/052_M_GA26_BW820_PA34_DG3_PF0_D1_S04_4__052_M_GA26_BW820_PA75_DG9_PF0_D1_S08_20,COph100/patient/052,COph100,True,True,20540791.656451978,8.08405186319934e-05,97649853447.23456,False
20260920,sp_lg_h,3,train,ce0f14b486d56040,COph100/055-1/055_M_GA38_BW3245_PA40_DG13_PF0_D1_S01_10__055_M_GA38_BW3245_PA44_DG13_PF0_D1_S05_6,COph100/patient/055,COph100,True,True,39281513.67231593,8.08405186319934e-05,97649853447.23456,False
20260920,sp_lg_h,3,train,da1b669d55ceeb70,COph100/055-1/055_M_GA38_BW3245_PA40_DG13_PF0_D1_S01_10__055_M_GA38_BW3245_PA53_DG13_PF0_D1_S08_2,COph100/patient/055,COph100,True,False,3044205911.3357058,8.08405186319934e-05,97649853447.23456,False
20260920,sp_lg_h,3,train,cf804c649b733cd6,COph100/055-1/055_M_GA38_BW3245_PA40_DG13_PF0_D1_S01_10__055_M_GA38_BW3245_PA78_DG13_PF0_D1_S09_16,COph100/patient/055,COph100,True,True,107062547.19021197,8.08405186319934e-05,97649853447.23456,False
20260920,sp_lg_h,3,train,8ed14fb063327bae,COph100/055/055_M_GA38_BW3245_PA40_DG13_PF0_D1_S01_3__055_M_GA38_BW3245_PA53_DG13_PF0_D1_S08_7,COph100/patient/055,COph100,True,False,2501044028.0221753,8.08405186319934e-05,97649853447.23456,False
20260920,sp_lg_h,3,train,2541e8913ecb495c,COph100/055/055_M_GA38_BW3245_PA43_DG13_PF0_D1_S04_13__055_M_GA38_BW3245_PA78_DG13_PF0_D1_S09_6,COph100/patient/055,COph100,True,False,138446249.6936386,8.08405186319934e-05,97649853447.23456,False
20260920,sp_lg_h,4,train,e72ba4a2fa2829d4,COph100/026-1/026_M_GA33_BW1700_PA36_DG11_PF0_D1_S02_6__026_M_GA33_BW1700_PA42_DG11_PF0_D1_S05_6,COph100/patient/026,COph100,True,True,2202054258.7223964,8.08405186319934e-05,3044205911.3357058,False
20260920,sp_lg_h,4,train,4cc4583374a7f846,COph100/026/026_M_GA33_BW1700_PA36_DG11_PF0_D1_S02_10__026_M_GA33_BW1700_PA40_DG11_PF0_D1_S04_11,COph100/patient/026,COph100,True,True,11125766.607773216,8.08405186319934e-05,3044205911.3357058,False
20260920,sp_lg_h,4,train,d9cae0da3a04d6af,COph100/052/052_M_GA26_BW820_PA31_DG1_PF0_D1_S01_3__052_M_GA26_BW820_PA46_DG2_PF0_D1_S07_6,COph100/patient/052,COph100,True,True,2220851.201832924,8.08405186319934e-05,3044205911.3357058,False
20260920,sp_lg_h,4,train,77518ee0f8861b97,COph100/052/052_M_GA26_BW820_PA34_DG3_PF0_D1_S04_4__052_M_GA26_BW820_PA75_DG9_PF0_D1_S08_20,COph100/patient/052,COph100,True,True,20540791.656451978,8.08405186319934e-05,3044205911.3357058,False
20260920,sp_lg_h,4,train,ce0f14b486d56040,COph100/055-1/055_M_GA38_BW3245_PA40_DG13_PF0_D1_S01_10__055_M_GA38_BW3245_PA44_DG13_PF0_D1_S05_6,COph100/patient/055,COph100,True,True,39281513.67231593,8.08405186319934e-05,3044205911.3357058,False
20260920,sp_lg_h,4,train,da1b669d55ceeb70,COph100/055-1/055_M_GA38_BW3245_PA40_DG13_PF0_D1_S01_10__055_M_GA38_BW3245_PA53_DG13_PF0_D1_S08_2,COph100/patient/055,COph100,True,False,3044205911.3357058,8.08405186319934e-05,3044205911.3357058,False
20260920,sp_lg_h,4,train,cf804c649b733cd6,COph100/055-1/055_M_GA38_BW3245_PA40_DG13_PF0_D1_S01_10__055_M_GA38_BW3245_PA78_DG13_PF0_D1_S09_16,COph100/patient/055,COph100,True,True,107062547.19021197,8.08405186319934e-05,3044205911.3357058,False
20260920,sp_lg_h,4,train,8ed14fb063327bae,COph100/055/055_M_GA38_BW3245_PA40_DG13_PF0_D1_S01_3__055_M_GA38_BW3245_PA53_DG13_PF0_D1_S08_7,COph100/patient/055,COph100,True,False,2501044028.0221753,8.08405186319934e-05,3044205911.3357058,False
20260920,sp_lg_h,4,train,2541e8913ecb495c,COph100/055/055_M_GA38_BW3245_PA43_DG13_PF0_D1_S04_13__055_M_GA38_BW3245_PA78_DG13_PF0_D1_S09_6,COph100/patient/055,COph100,True,False,138446249.6936386,8.08405186319934e-05,3044205911.3357058,False
20260920,sp_lg_h,4,calibration,3968ed21e45d9ba8,COph100/033/033_M_GA30_BW1250_PA31_DG0_PF0_D1_S01_2__033_M_GA30_BW1250_PA33_DG0_PF0_D1_S02_1,COph100/patient/033,COph100,True,False,97649853447.23456,8.08405186319934e-05,3044205911.3357058,True
20260921,xfeat_h,0,calibration,a3b2e2934c364e2a,COph100/055-1/055_M_GA38_BW3245_PA42_DG13_PF0_D1_S03_2__055_M_GA38_BW3245_PA78_DG13_PF0_D1_S09_16,COph100/patient/055,COph100,True,False,8654742027.155737,7.672406182586129e-05,325.00934027783336,True
20260921,xfeat_h,0,calibration,11bcaf81af6206b4,COph100/055/055_M_GA38_BW3245_PA43_DG13_PF0_D1_S04_13__055_M_GA38_BW3245_PA78_DG13_PF0_D1_S09_6,COph100/patient/055,COph100,True,True,1045006731.0949349,7.672406182586129e-05,325.00934027783336,True
20260921,xfeat_h,1,test,a3b2e2934c364e2a,COph100/055-1/055_M_GA38_BW3245_PA42_DG13_PF0_D1_S03_2__055_M_GA38_BW3245_PA78_DG13_PF0_D1_S09_16,COph100/patient/055,COph100,True,False,8654742027.155737,4.519873533058088e-06,325.00934027783336,True
20260921,xfeat_h,1,test,11bcaf81af6206b4,COph100/055/055_M_GA38_BW3245_PA43_DG13_PF0_D1_S04_13__055_M_GA38_BW3245_PA78_DG13_PF0_D1_S09_6,COph100/patient/055,COph100,True,True,1045006731.0949349,4.519873533058088e-06,325.00934027783336,True
20260921,xfeat_h,2,train,a3b2e2934c364e2a,COph100/055-1/055_M_GA38_BW3245_PA42_DG13_PF0_D1_S03_2__055_M_GA38_BW3245_PA78_DG13_PF0_D1_S09_16,COph100/patient/055,COph100,True,False,8654742027.155737,4.519873533058088e-06,8654742027.155737,False
20260921,xfeat_h,2,train,11bcaf81af6206b4,COph100/055/055_M_GA38_BW3245_PA43_DG13_PF0_D1_S04_13__055_M_GA38_BW3245_PA78_DG13_PF0_D1_S09_6,COph100/patient/055,COph100,True,True,1045006731.0949349,4.519873533058088e-06,8654742027.155737,False
20260921,xfeat_h,3,train,a3b2e2934c364e2a,COph100/055-1/055_M_GA38_BW3245_PA42_DG13_PF0_D1_S03_2__055_M_GA38_BW3245_PA78_DG13_PF0_D1_S09_16,COph100/patient/055,COph100,True,False,8654742027.155737,4.519873533058088e-06,8654742027.155737,False
20260921,xfeat_h,3,train,11bcaf81af6206b4,COph100/055/055_M_GA38_BW3245_PA43_DG13_PF0_D1_S04_13__055_M_GA38_BW3245_PA78_DG13_PF0_D1_S09_6,COph100/patient/055,COph100,True,True,1045006731.0949349,4.519873533058088e-06,8654742027.155737,False
20260921,xfeat_h,4,train,a3b2e2934c364e2a,COph100/055-1/055_M_GA38_BW3245_PA42_DG13_PF0_D1_S03_2__055_M_GA38_BW3245_PA78_DG13_PF0_D1_S09_16,COph100/patient/055,COph100,True,False,8654742027.155737,7.672406182586129e-05,8654742027.155737,False
20260921,xfeat_h,4,train,11bcaf81af6206b4,COph100/055/055_M_GA38_BW3245_PA43_DG13_PF0_D1_S04_13__055_M_GA38_BW3245_PA78_DG13_PF0_D1_S09_6,COph100/patient/055,COph100,True,True,1045006731.0949349,7.672406182586129e-05,8654742027.155737,False
20260921,sp_lg_h,0,train,e72ba4a2fa2829d4,COph100/026-1/026_M_GA33_BW1700_PA36_DG11_PF0_D1_S02_6__026_M_GA33_BW1700_PA42_DG11_PF0_D1_S05_6,COph100/patient/026,COph100,True,True,2202054258.7223964,0.0001103195129025508,97649853447.23456,False
20260921,sp_lg_h,0,train,4cc4583374a7f846,COph100/026/026_M_GA33_BW1700_PA36_DG11_PF0_D1_S02_10__026_M_GA33_BW1700_PA40_DG11_PF0_D1_S04_11,COph100/patient/026,COph100,True,True,11125766.607773216,0.0001103195129025508,97649853447.23456,False
20260921,sp_lg_h,0,train,3968ed21e45d9ba8,COph100/033/033_M_GA30_BW1250_PA31_DG0_PF0_D1_S01_2__033_M_GA30_BW1250_PA33_DG0_PF0_D1_S02_1,COph100/patient/033,COph100,True,False,97649853447.23456,0.0001103195129025508,97649853447.23456,False
20260921,sp_lg_h,0,train,d9cae0da3a04d6af,COph100/052/052_M_GA26_BW820_PA31_DG1_PF0_D1_S01_3__052_M_GA26_BW820_PA46_DG2_PF0_D1_S07_6,COph100/patient/052,COph100,True,True,2220851.201832924,0.0001103195129025508,97649853447.23456,False
20260921,sp_lg_h,0,train,77518ee0f8861b97,COph100/052/052_M_GA26_BW820_PA34_DG3_PF0_D1_S04_4__052_M_GA26_BW820_PA75_DG9_PF0_D1_S08_20,COph100/patient/052,COph100,True,True,20540791.656451978,0.0001103195129025508,97649853447.23456,False
20260921,sp_lg_h,0,calibration,ce0f14b486d56040,COph100/055-1/055_M_GA38_BW3245_PA40_DG13_PF0_D1_S01_10__055_M_GA38_BW3245_PA44_DG13_PF0_D1_S05_6,COph100/patient/055,COph100,True,True,39281513.67231593,0.0001103195129025508,97649853447.23456,False
20260921,sp_lg_h,0,calibration,da1b669d55ceeb70,COph100/055-1/055_M_GA38_BW3245_PA40_DG13_PF0_D1_S01_10__055_M_GA38_BW3245_PA53_DG13_PF0_D1_S08_2,COph100/patient/055,COph100,True,False,3044205911.3357058,0.0001103195129025508,97649853447.23456,False
20260921,sp_lg_h,0,calibration,cf804c649b733cd6,COph100/055-1/055_M_GA38_BW3245_PA40_DG13_PF0_D1_S01_10__055_M_GA38_BW3245_PA78_DG13_PF0_D1_S09_16,COph100/patient/055,COph100,True,True,107062547.19021197,0.0001103195129025508,97649853447.23456,False
20260921,sp_lg_h,0,calibration,8ed14fb063327bae,COph100/055/055_M_GA38_BW3245_PA40_DG13_PF0_D1_S01_3__055_M_GA38_BW3245_PA53_DG13_PF0_D1_S08_7,COph100/patient/055,COph100,True,False,2501044028.0221753,0.0001103195129025508,97649853447.23456,False
20260921,sp_lg_h,0,calibration,2541e8913ecb495c,COph100/055/055_M_GA38_BW3245_PA43_DG13_PF0_D1_S04_13__055_M_GA38_BW3245_PA78_DG13_PF0_D1_S09_6,COph100/patient/055,COph100,True,False,138446249.6936386,0.0001103195129025508,97649853447.23456,False
20260921,sp_lg_h,1,train,3968ed21e45d9ba8,COph100/033/033_M_GA30_BW1250_PA31_DG0_PF0_D1_S01_2__033_M_GA30_BW1250_PA33_DG0_PF0_D1_S02_1,COph100/patient/033,COph100,True,False,97649853447.23456,7.199957633201148e-06,97649853447.23456,False
20260921,sp_lg_h,1,calibration,e72ba4a2fa2829d4,COph100/026-1/026_M_GA33_BW1700_PA36_DG11_PF0_D1_S02_6__026_M_GA33_BW1700_PA42_DG11_PF0_D1_S05_6,COph100/patient/026,COph100,True,True,2202054258.7223964,7.199957633201148e-06,97649853447.23456,False
20260921,sp_lg_h,1,calibration,4cc4583374a7f846,COph100/026/026_M_GA33_BW1700_PA36_DG11_PF0_D1_S02_10__026_M_GA33_BW1700_PA40_DG11_PF0_D1_S04_11,COph100/patient/026,COph100,True,True,11125766.607773216,7.199957633201148e-06,97649853447.23456,False
20260921,sp_lg_h,1,calibration,d9cae0da3a04d6af,COph100/052/052_M_GA26_BW820_PA31_DG1_PF0_D1_S01_3__052_M_GA26_BW820_PA46_DG2_PF0_D1_S07_6,COph100/patient/052,COph100,True,True,2220851.201832924,7.199957633201148e-06,97649853447.23456,False
20260921,sp_lg_h,1,calibration,77518ee0f8861b97,COph100/052/052_M_GA26_BW820_PA34_DG3_PF0_D1_S04_4__052_M_GA26_BW820_PA75_DG9_PF0_D1_S08_20,COph100/patient/052,COph100,True,True,20540791.656451978,7.199957633201148e-06,97649853447.23456,False
20260921,sp_lg_h,1,test,ce0f14b486d56040,COph100/055-1/055_M_GA38_BW3245_PA40_DG13_PF0_D1_S01_10__055_M_GA38_BW3245_PA44_DG13_PF0_D1_S05_6,COph100/patient/055,COph100,True,True,39281513.67231593,7.199957633201148e-06,97649853447.23456,False
20260921,sp_lg_h,1,test,da1b669d55ceeb70,COph100/055-1/055_M_GA38_BW3245_PA40_DG13_PF0_D1_S01_10__055_M_GA38_BW3245_PA53_DG13_PF0_D1_S08_2,COph100/patient/055,COph100,True,False,3044205911.3357058,7.199957633201148e-06,97649853447.23456,False
20260921,sp_lg_h,1,test,cf804c649b733cd6,COph100/055-1/055_M_GA38_BW3245_PA40_DG13_PF0_D1_S01_10__055_M_GA38_BW3245_PA78_DG13_PF0_D1_S09_16,COph100/patient/055,COph100,True,True,107062547.19021197,7.199957633201148e-06,97649853447.23456,False
20260921,sp_lg_h,1,test,8ed14fb063327bae,COph100/055/055_M_GA38_BW3245_PA40_DG13_PF0_D1_S01_3__055_M_GA38_BW3245_PA53_DG13_PF0_D1_S08_7,COph100/patient/055,COph100,True,False,2501044028.0221753,7.199957633201148e-06,97649853447.23456,False
20260921,sp_lg_h,1,test,2541e8913ecb495c,COph100/055/055_M_GA38_BW3245_PA43_DG13_PF0_D1_S04_13__055_M_GA38_BW3245_PA78_DG13_PF0_D1_S09_6,COph100/patient/055,COph100,True,False,138446249.6936386,7.199957633201148e-06,97649853447.23456,False
20260921,sp_lg_h,2,train,ce0f14b486d56040,COph100/055-1/055_M_GA38_BW3245_PA40_DG13_PF0_D1_S01_10__055_M_GA38_BW3245_PA44_DG13_PF0_D1_S05_6,COph100/patient/055,COph100,True,True,39281513.67231593,7.199957633201148e-06,3044205911.3357058,False
20260921,sp_lg_h,2,train,da1b669d55ceeb70,COph100/055-1/055_M_GA38_BW3245_PA40_DG13_PF0_D1_S01_10__055_M_GA38_BW3245_PA53_DG13_PF0_D1_S08_2,COph100/patient/055,COph100,True,False,3044205911.3357058,7.199957633201148e-06,3044205911.3357058,False
20260921,sp_lg_h,2,train,cf804c649b733cd6,COph100/055-1/055_M_GA38_BW3245_PA40_DG13_PF0_D1_S01_10__055_M_GA38_BW3245_PA78_DG13_PF0_D1_S09_16,COph100/patient/055,COph100,True,True,107062547.19021197,7.199957633201148e-06,3044205911.3357058,False
20260921,sp_lg_h,2,train,8ed14fb063327bae,COph100/055/055_M_GA38_BW3245_PA40_DG13_PF0_D1_S01_3__055_M_GA38_BW3245_PA53_DG13_PF0_D1_S08_7,COph100/patient/055,COph100,True,False,2501044028.0221753,7.199957633201148e-06,3044205911.3357058,False
20260921,sp_lg_h,2,train,2541e8913ecb495c,COph100/055/055_M_GA38_BW3245_PA43_DG13_PF0_D1_S04_13__055_M_GA38_BW3245_PA78_DG13_PF0_D1_S09_6,COph100/patient/055,COph100,True,False,138446249.6936386,7.199957633201148e-06,3044205911.3357058,False
20260921,sp_lg_h,2,calibration,3968ed21e45d9ba8,COph100/033/033_M_GA30_BW1250_PA31_DG0_PF0_D1_S01_2__033_M_GA30_BW1250_PA33_DG0_PF0_D1_S02_1,COph100/patient/033,COph100,True,False,97649853447.23456,7.199957633201148e-06,3044205911.3357058,True
20260921,sp_lg_h,2,test,e72ba4a2fa2829d4,COph100/026-1/026_M_GA33_BW1700_PA36_DG11_PF0_D1_S02_6__026_M_GA33_BW1700_PA42_DG11_PF0_D1_S05_6,COph100/patient/026,COph100,True,True,2202054258.7223964,7.199957633201148e-06,3044205911.3357058,False
20260921,sp_lg_h,2,test,4cc4583374a7f846,COph100/026/026_M_GA33_BW1700_PA36_DG11_PF0_D1_S02_10__026_M_GA33_BW1700_PA40_DG11_PF0_D1_S04_11,COph100/patient/026,COph100,True,True,11125766.607773216,7.199957633201148e-06,3044205911.3357058,False
20260921,sp_lg_h,2,test,d9cae0da3a04d6af,COph100/052/052_M_GA26_BW820_PA31_DG1_PF0_D1_S01_3__052_M_GA26_BW820_PA46_DG2_PF0_D1_S07_6,COph100/patient/052,COph100,True,True,2220851.201832924,7.199957633201148e-06,3044205911.3357058,False
20260921,sp_lg_h,2,test,77518ee0f8861b97,COph100/052/052_M_GA26_BW820_PA34_DG3_PF0_D1_S04_4__052_M_GA26_BW820_PA75_DG9_PF0_D1_S08_20,COph100/patient/052,COph100,True,True,20540791.656451978,7.199957633201148e-06,3044205911.3357058,False
20260921,sp_lg_h,3,train,e72ba4a2fa2829d4,COph100/026-1/026_M_GA33_BW1700_PA36_DG11_PF0_D1_S02_6__026_M_GA33_BW1700_PA42_DG11_PF0_D1_S05_6,COph100/patient/026,COph100,True,True,2202054258.7223964,7.199957633201148e-06,3044205911.3357058,False
20260921,sp_lg_h,3,train,4cc4583374a7f846,COph100/026/026_M_GA33_BW1700_PA36_DG11_PF0_D1_S02_10__026_M_GA33_BW1700_PA40_DG11_PF0_D1_S04_11,COph100/patient/026,COph100,True,True,11125766.607773216,7.199957633201148e-06,3044205911.3357058,False
20260921,sp_lg_h,3,train,d9cae0da3a04d6af,COph100/052/052_M_GA26_BW820_PA31_DG1_PF0_D1_S01_3__052_M_GA26_BW820_PA46_DG2_PF0_D1_S07_6,COph100/patient/052,COph100,True,True,2220851.201832924,7.199957633201148e-06,3044205911.3357058,False
20260921,sp_lg_h,3,train,77518ee0f8861b97,COph100/052/052_M_GA26_BW820_PA34_DG3_PF0_D1_S04_4__052_M_GA26_BW820_PA75_DG9_PF0_D1_S08_20,COph100/patient/052,COph100,True,True,20540791.656451978,7.199957633201148e-06,3044205911.3357058,False
20260921,sp_lg_h,3,train,ce0f14b486d56040,COph100/055-1/055_M_GA38_BW3245_PA40_DG13_PF0_D1_S01_10__055_M_GA38_BW3245_PA44_DG13_PF0_D1_S05_6,COph100/patient/055,COph100,True,True,39281513.67231593,7.199957633201148e-06,3044205911.3357058,False
20260921,sp_lg_h,3,train,da1b669d55ceeb70,COph100/055-1/055_M_GA38_BW3245_PA40_DG13_PF0_D1_S01_10__055_M_GA38_BW3245_PA53_DG13_PF0_D1_S08_2,COph100/patient/055,COph100,True,False,3044205911.3357058,7.199957633201148e-06,3044205911.3357058,False
20260921,sp_lg_h,3,train,cf804c649b733cd6,COph100/055-1/055_M_GA38_BW3245_PA40_DG13_PF0_D1_S01_10__055_M_GA38_BW3245_PA78_DG13_PF0_D1_S09_16,COph100/patient/055,COph100,True,True,107062547.19021197,7.199957633201148e-06,3044205911.3357058,False
20260921,sp_lg_h,3,train,8ed14fb063327bae,COph100/055/055_M_GA38_BW3245_PA40_DG13_PF0_D1_S01_3__055_M_GA38_BW3245_PA53_DG13_PF0_D1_S08_7,COph100/patient/055,COph100,True,False,2501044028.0221753,7.199957633201148e-06,3044205911.3357058,False
20260921,sp_lg_h,3,train,2541e8913ecb495c,COph100/055/055_M_GA38_BW3245_PA43_DG13_PF0_D1_S04_13__055_M_GA38_BW3245_PA78_DG13_PF0_D1_S09_6,COph100/patient/055,COph100,True,False,138446249.6936386,7.199957633201148e-06,3044205911.3357058,False
20260921,sp_lg_h,3,test,3968ed21e45d9ba8,COph100/033/033_M_GA30_BW1250_PA31_DG0_PF0_D1_S01_2__033_M_GA30_BW1250_PA33_DG0_PF0_D1_S02_1,COph100/patient/033,COph100,True,False,97649853447.23456,7.199957633201148e-06,3044205911.3357058,True
20260921,sp_lg_h,4,train,e72ba4a2fa2829d4,COph100/026-1/026_M_GA33_BW1700_PA36_DG11_PF0_D1_S02_6__026_M_GA33_BW1700_PA42_DG11_PF0_D1_S05_6,COph100/patient/026,COph100,True,True,2202054258.7223964,0.0001103195129025508,97649853447.23456,False
20260921,sp_lg_h,4,train,4cc4583374a7f846,COph100/026/026_M_GA33_BW1700_PA36_DG11_PF0_D1_S02_10__026_M_GA33_BW1700_PA40_DG11_PF0_D1_S04_11,COph100/patient/026,COph100,True,True,11125766.607773216,0.0001103195129025508,97649853447.23456,False
20260921,sp_lg_h,4,train,3968ed21e45d9ba8,COph100/033/033_M_GA30_BW1250_PA31_DG0_PF0_D1_S01_2__033_M_GA30_BW1250_PA33_DG0_PF0_D1_S02_1,COph100/patient/033,COph100,True,False,97649853447.23456,0.0001103195129025508,97649853447.23456,False
20260921,sp_lg_h,4,train,d9cae0da3a04d6af,COph100/052/052_M_GA26_BW820_PA31_DG1_PF0_D1_S01_3__052_M_GA26_BW820_PA46_DG2_PF0_D1_S07_6,COph100/patient/052,COph100,True,True,2220851.201832924,0.0001103195129025508,97649853447.23456,False
20260921,sp_lg_h,4,train,77518ee0f8861b97,COph100/052/052_M_GA26_BW820_PA34_DG3_PF0_D1_S04_4__052_M_GA26_BW820_PA75_DG9_PF0_D1_S08_20,COph100/patient/052,COph100,True,True,20540791.656451978,0.0001103195129025508,97649853447.23456,False
20260921,sp_lg_h,4,train,ce0f14b486d56040,COph100/055-1/055_M_GA38_BW3245_PA40_DG13_PF0_D1_S01_10__055_M_GA38_BW3245_PA44_DG13_PF0_D1_S05_6,COph100/patient/055,COph100,True,True,39281513.67231593,0.0001103195129025508,97649853447.23456,False
20260921,sp_lg_h,4,train,da1b669d55ceeb70,COph100/055-1/055_M_GA38_BW3245_PA40_DG13_PF0_D1_S01_10__055_M_GA38_BW3245_PA53_DG13_PF0_D1_S08_2,COph100/patient/055,COph100,True,False,3044205911.3357058,0.0001103195129025508,97649853447.23456,False
20260921,sp_lg_h,4,train,cf804c649b733cd6,COph100/055-1/055_M_GA38_BW3245_PA40_DG13_PF0_D1_S01_10__055_M_GA38_BW3245_PA78_DG13_PF0_D1_S09_16,COph100/patient/055,COph100,True,True,107062547.19021197,0.0001103195129025508,97649853447.23456,False
20260921,sp_lg_h,4,train,8ed14fb063327bae,COph100/055/055_M_GA38_BW3245_PA40_DG13_PF0_D1_S01_3__055_M_GA38_BW3245_PA53_DG13_PF0_D1_S08_7,COph100/patient/055,COph100,True,False,2501044028.0221753,0.0001103195129025508,97649853447.23456,False
20260921,sp_lg_h,4,train,2541e8913ecb495c,COph100/055/055_M_GA38_BW3245_PA43_DG13_PF0_D1_S04_13__055_M_GA38_BW3245_PA78_DG13_PF0_D1_S09_6,COph100/patient/055,COph100,True,False,138446249.6936386,0.0001103195129025508,97649853447.23456,False
20260922,xfeat_h,0,test,a3b2e2934c364e2a,COph100/055-1/055_M_GA38_BW3245_PA42_DG13_PF0_D1_S03_2__055_M_GA38_BW3245_PA78_DG13_PF0_D1_S09_16,COph100/patient/055,COph100,True,False,8654742027.155737,4.519873533058088e-06,30.598957301996208,True
20260922,xfeat_h,0,test,11bcaf81af6206b4,COph100/055/055_M_GA38_BW3245_PA43_DG13_PF0_D1_S04_13__055_M_GA38_BW3245_PA78_DG13_PF0_D1_S09_6,COph100/patient/055,COph100,True,True,1045006731.0949349,4.519873533058088e-06,30.598957301996208,True
20260922,xfeat_h,1,train,a3b2e2934c364e2a,COph100/055-1/055_M_GA38_BW3245_PA42_DG13_PF0_D1_S03_2__055_M_GA38_BW3245_PA78_DG13_PF0_D1_S09_16,COph100/patient/055,COph100,True,False,8654742027.155737,4.519873533058088e-06,8654742027.155737,False
20260922,xfeat_h,1,train,11bcaf81af6206b4,COph100/055/055_M_GA38_BW3245_PA43_DG13_PF0_D1_S04_13__055_M_GA38_BW3245_PA78_DG13_PF0_D1_S09_6,COph100/patient/055,COph100,True,True,1045006731.0949349,4.519873533058088e-06,8654742027.155737,False
20260922,xfeat_h,2,train,a3b2e2934c364e2a,COph100/055-1/055_M_GA38_BW3245_PA42_DG13_PF0_D1_S03_2__055_M_GA38_BW3245_PA78_DG13_PF0_D1_S09_16,COph100/patient/055,COph100,True,False,8654742027.155737,7.672406182586129e-05,8654742027.155737,False
20260922,xfeat_h,2,train,11bcaf81af6206b4,COph100/055/055_M_GA38_BW3245_PA43_DG13_PF0_D1_S04_13__055_M_GA38_BW3245_PA78_DG13_PF0_D1_S09_6,COph100/patient/055,COph100,True,True,1045006731.0949349,7.672406182586129e-05,8654742027.155737,False
20260922,xfeat_h,3,train,a3b2e2934c364e2a,COph100/055-1/055_M_GA38_BW3245_PA42_DG13_PF0_D1_S03_2__055_M_GA38_BW3245_PA78_DG13_PF0_D1_S09_16,COph100/patient/055,COph100,True,False,8654742027.155737,7.672406182586129e-05,8654742027.155737,False
20260922,xfeat_h,3,train,11bcaf81af6206b4,COph100/055/055_M_GA38_BW3245_PA43_DG13_PF0_D1_S04_13__055_M_GA38_BW3245_PA78_DG13_PF0_D1_S09_6,COph100/patient/055,COph100,True,True,1045006731.0949349,7.672406182586129e-05,8654742027.155737,False
20260922,xfeat_h,4,calibration,a3b2e2934c364e2a,COph100/055-1/055_M_GA38_BW3245_PA42_DG13_PF0_D1_S03_2__055_M_GA38_BW3245_PA78_DG13_PF0_D1_S09_16,COph100/patient/055,COph100,True,False,8654742027.155737,4.519873533058088e-06,325.00934027783336,True
20260922,xfeat_h,4,calibration,11bcaf81af6206b4,COph100/055/055_M_GA38_BW3245_PA43_DG13_PF0_D1_S04_13__055_M_GA38_BW3245_PA78_DG13_PF0_D1_S09_6,COph100/patient/055,COph100,True,True,1045006731.0949349,4.519873533058088e-06,325.00934027783336,True
20260922,sp_lg_h,0,train,e72ba4a2fa2829d4,COph100/026-1/026_M_GA33_BW1700_PA36_DG11_PF0_D1_S02_6__026_M_GA33_BW1700_PA42_DG11_PF0_D1_S05_6,COph100/patient/026,COph100,True,True,2202054258.7223964,7.199957633201148e-06,97649853447.23456,False
20260922,sp_lg_h,0,train,4cc4583374a7f846,COph100/026/026_M_GA33_BW1700_PA36_DG11_PF0_D1_S02_10__026_M_GA33_BW1700_PA40_DG11_PF0_D1_S04_11,COph100/patient/026,COph100,True,True,11125766.607773216,7.199957633201148e-06,97649853447.23456,False
20260922,sp_lg_h,0,train,3968ed21e45d9ba8,COph100/033/033_M_GA30_BW1250_PA31_DG0_PF0_D1_S01_2__033_M_GA30_BW1250_PA33_DG0_PF0_D1_S02_1,COph100/patient/033,COph100,True,False,97649853447.23456,7.199957633201148e-06,97649853447.23456,False
20260922,sp_lg_h,0,train,d9cae0da3a04d6af,COph100/052/052_M_GA26_BW820_PA31_DG1_PF0_D1_S01_3__052_M_GA26_BW820_PA46_DG2_PF0_D1_S07_6,COph100/patient/052,COph100,True,True,2220851.201832924,7.199957633201148e-06,97649853447.23456,False
20260922,sp_lg_h,0,train,77518ee0f8861b97,COph100/052/052_M_GA26_BW820_PA34_DG3_PF0_D1_S04_4__052_M_GA26_BW820_PA75_DG9_PF0_D1_S08_20,COph100/patient/052,COph100,True,True,20540791.656451978,7.199957633201148e-06,97649853447.23456,False
20260922,sp_lg_h,0,test,ce0f14b486d56040,COph100/055-1/055_M_GA38_BW3245_PA40_DG13_PF0_D1_S01_10__055_M_GA38_BW3245_PA44_DG13_PF0_D1_S05_6,COph100/patient/055,COph100,True,True,39281513.67231593,7.199957633201148e-06,97649853447.23456,False
20260922,sp_lg_h,0,test,da1b669d55ceeb70,COph100/055-1/055_M_GA38_BW3245_PA40_DG13_PF0_D1_S01_10__055_M_GA38_BW3245_PA53_DG13_PF0_D1_S08_2,COph100/patient/055,COph100,True,False,3044205911.3357058,7.199957633201148e-06,97649853447.23456,False
20260922,sp_lg_h,0,test,cf804c649b733cd6,COph100/055-1/055_M_GA38_BW3245_PA40_DG13_PF0_D1_S01_10__055_M_GA38_BW3245_PA78_DG13_PF0_D1_S09_16,COph100/patient/055,COph100,True,True,107062547.19021197,7.199957633201148e-06,97649853447.23456,False
20260922,sp_lg_h,0,test,8ed14fb063327bae,COph100/055/055_M_GA38_BW3245_PA40_DG13_PF0_D1_S01_3__055_M_GA38_BW3245_PA53_DG13_PF0_D1_S08_7,COph100/patient/055,COph100,True,False,2501044028.0221753,7.199957633201148e-06,97649853447.23456,False
20260922,sp_lg_h,0,test,2541e8913ecb495c,COph100/055/055_M_GA38_BW3245_PA43_DG13_PF0_D1_S04_13__055_M_GA38_BW3245_PA78_DG13_PF0_D1_S09_6,COph100/patient/055,COph100,True,False,138446249.6936386,7.199957633201148e-06,97649853447.23456,False
20260922,sp_lg_h,1,train,e72ba4a2fa2829d4,COph100/026-1/026_M_GA33_BW1700_PA36_DG11_PF0_D1_S02_6__026_M_GA33_BW1700_PA42_DG11_PF0_D1_S05_6,COph100/patient/026,COph100,True,True,2202054258.7223964,7.199957633201148e-06,3044205911.3357058,False
20260922,sp_lg_h,1,train,4cc4583374a7f846,COph100/026/026_M_GA33_BW1700_PA36_DG11_PF0_D1_S02_10__026_M_GA33_BW1700_PA40_DG11_PF0_D1_S04_11,COph100/patient/026,COph100,True,True,11125766.607773216,7.199957633201148e-06,3044205911.3357058,False
20260922,sp_lg_h,1,train,ce0f14b486d56040,COph100/055-1/055_M_GA38_BW3245_PA40_DG13_PF0_D1_S01_10__055_M_GA38_BW3245_PA44_DG13_PF0_D1_S05_6,COph100/patient/055,COph100,True,True,39281513.67231593,7.199957633201148e-06,3044205911.3357058,False
20260922,sp_lg_h,1,train,da1b669d55ceeb70,COph100/055-1/055_M_GA38_BW3245_PA40_DG13_PF0_D1_S01_10__055_M_GA38_BW3245_PA53_DG13_PF0_D1_S08_2,COph100/patient/055,COph100,True,False,3044205911.3357058,7.199957633201148e-06,3044205911.3357058,False
20260922,sp_lg_h,1,train,cf804c649b733cd6,COph100/055-1/055_M_GA38_BW3245_PA40_DG13_PF0_D1_S01_10__055_M_GA38_BW3245_PA78_DG13_PF0_D1_S09_16,COph100/patient/055,COph100,True,True,107062547.19021197,7.199957633201148e-06,3044205911.3357058,False
20260922,sp_lg_h,1,train,8ed14fb063327bae,COph100/055/055_M_GA38_BW3245_PA40_DG13_PF0_D1_S01_3__055_M_GA38_BW3245_PA53_DG13_PF0_D1_S08_7,COph100/patient/055,COph100,True,False,2501044028.0221753,7.199957633201148e-06,3044205911.3357058,False
20260922,sp_lg_h,1,train,2541e8913ecb495c,COph100/055/055_M_GA38_BW3245_PA43_DG13_PF0_D1_S04_13__055_M_GA38_BW3245_PA78_DG13_PF0_D1_S09_6,COph100/patient/055,COph100,True,False,138446249.6936386,7.199957633201148e-06,3044205911.3357058,False
20260922,sp_lg_h,1,calibration,3968ed21e45d9ba8,COph100/033/033_M_GA30_BW1250_PA31_DG0_PF0_D1_S01_2__033_M_GA30_BW1250_PA33_DG0_PF0_D1_S02_1,COph100/patient/033,COph100,True,False,97649853447.23456,7.199957633201148e-06,3044205911.3357058,True
20260922,sp_lg_h,1,calibration,d9cae0da3a04d6af,COph100/052/052_M_GA26_BW820_PA31_DG1_PF0_D1_S01_3__052_M_GA26_BW820_PA46_DG2_PF0_D1_S07_6,COph100/patient/052,COph100,True,True,2220851.201832924,7.199957633201148e-06,3044205911.3357058,False
20260922,sp_lg_h,1,calibration,77518ee0f8861b97,COph100/052/052_M_GA26_BW820_PA34_DG3_PF0_D1_S04_4__052_M_GA26_BW820_PA75_DG9_PF0_D1_S08_20,COph100/patient/052,COph100,True,True,20540791.656451978,7.199957633201148e-06,3044205911.3357058,False
20260922,sp_lg_h,2,train,ce0f14b486d56040,COph100/055-1/055_M_GA38_BW3245_PA40_DG13_PF0_D1_S01_10__055_M_GA38_BW3245_PA44_DG13_PF0_D1_S05_6,COph100/patient/055,COph100,True,True,39281513.67231593,8.08405186319934e-05,3044205911.3357058,False
20260922,sp_lg_h,2,train,da1b669d55ceeb70,COph100/055-1/055_M_GA38_BW3245_PA40_DG13_PF0_D1_S01_10__055_M_GA38_BW3245_PA53_DG13_PF0_D1_S08_2,COph100/patient/055,COph100,True,False,3044205911.3357058,8.08405186319934e-05,3044205911.3357058,False
20260922,sp_lg_h,2,train,cf804c649b733cd6,COph100/055-1/055_M_GA38_BW3245_PA40_DG13_PF0_D1_S01_10__055_M_GA38_BW3245_PA78_DG13_PF0_D1_S09_16,COph100/patient/055,COph100,True,True,107062547.19021197,8.08405186319934e-05,3044205911.3357058,False
20260922,sp_lg_h,2,train,8ed14fb063327bae,COph100/055/055_M_GA38_BW3245_PA40_DG13_PF0_D1_S01_3__055_M_GA38_BW3245_PA53_DG13_PF0_D1_S08_7,COph100/patient/055,COph100,True,False,2501044028.0221753,8.08405186319934e-05,3044205911.3357058,False
20260922,sp_lg_h,2,train,2541e8913ecb495c,COph100/055/055_M_GA38_BW3245_PA43_DG13_PF0_D1_S04_13__055_M_GA38_BW3245_PA78_DG13_PF0_D1_S09_6,COph100/patient/055,COph100,True,False,138446249.6936386,8.08405186319934e-05,3044205911.3357058,False
20260922,sp_lg_h,2,calibration,e72ba4a2fa2829d4,COph100/026-1/026_M_GA33_BW1700_PA36_DG11_PF0_D1_S02_6__026_M_GA33_BW1700_PA42_DG11_PF0_D1_S05_6,COph100/patient/026,COph100,True,True,2202054258.7223964,8.08405186319934e-05,3044205911.3357058,False
20260922,sp_lg_h,2,calibration,4cc4583374a7f846,COph100/026/026_M_GA33_BW1700_PA36_DG11_PF0_D1_S02_10__026_M_GA33_BW1700_PA40_DG11_PF0_D1_S04_11,COph100/patient/026,COph100,True,True,11125766.607773216,8.08405186319934e-05,3044205911.3357058,False
20260922,sp_lg_h,2,test,3968ed21e45d9ba8,COph100/033/033_M_GA30_BW1250_PA31_DG0_PF0_D1_S01_2__033_M_GA30_BW1250_PA33_DG0_PF0_D1_S02_1,COph100/patient/033,COph100,True,False,97649853447.23456,8.08405186319934e-05,3044205911.3357058,True
20260922,sp_lg_h,2,test,d9cae0da3a04d6af,COph100/052/052_M_GA26_BW820_PA31_DG1_PF0_D1_S01_3__052_M_GA26_BW820_PA46_DG2_PF0_D1_S07_6,COph100/patient/052,COph100,True,True,2220851.201832924,8.08405186319934e-05,3044205911.3357058,False
20260922,sp_lg_h,2,test,77518ee0f8861b97,COph100/052/052_M_GA26_BW820_PA34_DG3_PF0_D1_S04_4__052_M_GA26_BW820_PA75_DG9_PF0_D1_S08_20,COph100/patient/052,COph100,True,True,20540791.656451978,8.08405186319934e-05,3044205911.3357058,False
20260922,sp_lg_h,3,train,3968ed21e45d9ba8,COph100/033/033_M_GA30_BW1250_PA31_DG0_PF0_D1_S01_2__033_M_GA30_BW1250_PA33_DG0_PF0_D1_S02_1,COph100/patient/033,COph100,True,False,97649853447.23456,8.08405186319934e-05,97649853447.23456,False
20260922,sp_lg_h,3,train,d9cae0da3a04d6af,COph100/052/052_M_GA26_BW820_PA31_DG1_PF0_D1_S01_3__052_M_GA26_BW820_PA46_DG2_PF0_D1_S07_6,COph100/patient/052,COph100,True,True,2220851.201832924,8.08405186319934e-05,97649853447.23456,False
20260922,sp_lg_h,3,train,77518ee0f8861b97,COph100/052/052_M_GA26_BW820_PA34_DG3_PF0_D1_S04_4__052_M_GA26_BW820_PA75_DG9_PF0_D1_S08_20,COph100/patient/052,COph100,True,True,20540791.656451978,8.08405186319934e-05,97649853447.23456,False
20260922,sp_lg_h,3,train,ce0f14b486d56040,COph100/055-1/055_M_GA38_BW3245_PA40_DG13_PF0_D1_S01_10__055_M_GA38_BW3245_PA44_DG13_PF0_D1_S05_6,COph100/patient/055,COph100,True,True,39281513.67231593,8.08405186319934e-05,97649853447.23456,False
20260922,sp_lg_h,3,train,da1b669d55ceeb70,COph100/055-1/055_M_GA38_BW3245_PA40_DG13_PF0_D1_S01_10__055_M_GA38_BW3245_PA53_DG13_PF0_D1_S08_2,COph100/patient/055,COph100,True,False,3044205911.3357058,8.08405186319934e-05,97649853447.23456,False
20260922,sp_lg_h,3,train,cf804c649b733cd6,COph100/055-1/055_M_GA38_BW3245_PA40_DG13_PF0_D1_S01_10__055_M_GA38_BW3245_PA78_DG13_PF0_D1_S09_16,COph100/patient/055,COph100,True,True,107062547.19021197,8.08405186319934e-05,97649853447.23456,False
20260922,sp_lg_h,3,train,8ed14fb063327bae,COph100/055/055_M_GA38_BW3245_PA40_DG13_PF0_D1_S01_3__055_M_GA38_BW3245_PA53_DG13_PF0_D1_S08_7,COph100/patient/055,COph100,True,False,2501044028.0221753,8.08405186319934e-05,97649853447.23456,False
20260922,sp_lg_h,3,train,2541e8913ecb495c,COph100/055/055_M_GA38_BW3245_PA43_DG13_PF0_D1_S04_13__055_M_GA38_BW3245_PA78_DG13_PF0_D1_S09_6,COph100/patient/055,COph100,True,False,138446249.6936386,8.08405186319934e-05,97649853447.23456,False
20260922,sp_lg_h,3,test,e72ba4a2fa2829d4,COph100/026-1/026_M_GA33_BW1700_PA36_DG11_PF0_D1_S02_6__026_M_GA33_BW1700_PA42_DG11_PF0_D1_S05_6,COph100/patient/026,COph100,True,True,2202054258.7223964,8.08405186319934e-05,97649853447.23456,False
20260922,sp_lg_h,3,test,4cc4583374a7f846,COph100/026/026_M_GA33_BW1700_PA36_DG11_PF0_D1_S02_10__026_M_GA33_BW1700_PA40_DG11_PF0_D1_S04_11,COph100/patient/026,COph100,True,True,11125766.607773216,8.08405186319934e-05,97649853447.23456,False
20260922,sp_lg_h,4,train,e72ba4a2fa2829d4,COph100/026-1/026_M_GA33_BW1700_PA36_DG11_PF0_D1_S02_6__026_M_GA33_BW1700_PA42_DG11_PF0_D1_S05_6,COph100/patient/026,COph100,True,True,2202054258.7223964,7.199957633201148e-06,97649853447.23456,False
20260922,sp_lg_h,4,train,4cc4583374a7f846,COph100/026/026_M_GA33_BW1700_PA36_DG11_PF0_D1_S02_10__026_M_GA33_BW1700_PA40_DG11_PF0_D1_S04_11,COph100/patient/026,COph100,True,True,11125766.607773216,7.199957633201148e-06,97649853447.23456,False
20260922,sp_lg_h,4,train,3968ed21e45d9ba8,COph100/033/033_M_GA30_BW1250_PA31_DG0_PF0_D1_S01_2__033_M_GA30_BW1250_PA33_DG0_PF0_D1_S02_1,COph100/patient/033,COph100,True,False,97649853447.23456,7.199957633201148e-06,97649853447.23456,False
20260922,sp_lg_h,4,train,d9cae0da3a04d6af,COph100/052/052_M_GA26_BW820_PA31_DG1_PF0_D1_S01_3__052_M_GA26_BW820_PA46_DG2_PF0_D1_S07_6,COph100/patient/052,COph100,True,True,2220851.201832924,7.199957633201148e-06,97649853447.23456,False
20260922,sp_lg_h,4,train,77518ee0f8861b97,COph100/052/052_M_GA26_BW820_PA34_DG3_PF0_D1_S04_4__052_M_GA26_BW820_PA75_DG9_PF0_D1_S08_20,COph100/patient/052,COph100,True,True,20540791.656451978,7.199957633201148e-06,97649853447.23456,False
20260922,sp_lg_h,4,calibration,ce0f14b486d56040,COph100/055-1/055_M_GA38_BW3245_PA40_DG13_PF0_D1_S01_10__055_M_GA38_BW3245_PA44_DG13_PF0_D1_S05_6,COph100/patient/055,COph100,True,True,39281513.67231593,7.199957633201148e-06,97649853447.23456,False
20260922,sp_lg_h,4,calibration,da1b669d55ceeb70,COph100/055-1/055_M_GA38_BW3245_PA40_DG13_PF0_D1_S01_10__055_M_GA38_BW3245_PA53_DG13_PF0_D1_S08_2,COph100/patient/055,COph100,True,False,3044205911.3357058,7.199957633201148e-06,97649853447.23456,False
20260922,sp_lg_h,4,calibration,cf804c649b733cd6,COph100/055-1/055_M_GA38_BW3245_PA40_DG13_PF0_D1_S01_10__055_M_GA38_BW3245_PA78_DG13_PF0_D1_S09_16,COph100/patient/055,COph100,True,True,107062547.19021197,7.199957633201148e-06,97649853447.23456,False
20260922,sp_lg_h,4,calibration,8ed14fb063327bae,COph100/055/055_M_GA38_BW3245_PA40_DG13_PF0_D1_S01_3__055_M_GA38_BW3245_PA53_DG13_PF0_D1_S08_7,COph100/patient/055,COph100,True,False,2501044028.0221753,7.199957633201148e-06,97649853447.23456,False
20260922,sp_lg_h,4,calibration,2541e8913ecb495c,COph100/055/055_M_GA38_BW3245_PA43_DG13_PF0_D1_S04_13__055_M_GA38_BW3245_PA78_DG13_PF0_D1_S09_6,COph100/patient/055,COph100,True,False,138446249.6936386,7.199957633201148e-06,97649853447.23456,False
20260923,xfeat_h,0,train,a3b2e2934c364e2a,COph100/055-1/055_M_GA38_BW3245_PA42_DG13_PF0_D1_S03_2__055_M_GA38_BW3245_PA78_DG13_PF0_D1_S09_16,COph100/patient/055,COph100,True,False,8654742027.155737,4.519873533058088e-06,8654742027.155737,False
20260923,xfeat_h,0,train,11bcaf81af6206b4,COph100/055/055_M_GA38_BW3245_PA43_DG13_PF0_D1_S04_13__055_M_GA38_BW3245_PA78_DG13_PF0_D1_S09_6,COph100/patient/055,COph100,True,True,1045006731.0949349,4.519873533058088e-06,8654742027.155737,False
20260923,xfeat_h,1,train,a3b2e2934c364e2a,COph100/055-1/055_M_GA38_BW3245_PA42_DG13_PF0_D1_S03_2__055_M_GA38_BW3245_PA78_DG13_PF0_D1_S09_16,COph100/patient/055,COph100,True,False,8654742027.155737,0.00014467802307445814,8654742027.155737,False
20260923,xfeat_h,1,train,11bcaf81af6206b4,COph100/055/055_M_GA38_BW3245_PA43_DG13_PF0_D1_S04_13__055_M_GA38_BW3245_PA78_DG13_PF0_D1_S09_6,COph100/patient/055,COph100,True,True,1045006731.0949349,0.00014467802307445814,8654742027.155737,False
20260923,xfeat_h,2,calibration,a3b2e2934c364e2a,COph100/055-1/055_M_GA38_BW3245_PA42_DG13_PF0_D1_S03_2__055_M_GA38_BW3245_PA78_DG13_PF0_D1_S09_16,COph100/patient/055,COph100,True,False,8654742027.155737,7.672406182586129e-05,325.00934027783336,True
20260923,xfeat_h,2,calibration,11bcaf81af6206b4,COph100/055/055_M_GA38_BW3245_PA43_DG13_PF0_D1_S04_13__055_M_GA38_BW3245_PA78_DG13_PF0_D1_S09_6,COph100/patient/055,COph100,True,True,1045006731.0949349,7.672406182586129e-05,325.00934027783336,True
20260923,xfeat_h,3,test,a3b2e2934c364e2a,COph100/055-1/055_M_GA38_BW3245_PA42_DG13_PF0_D1_S03_2__055_M_GA38_BW3245_PA78_DG13_PF0_D1_S09_16,COph100/patient/055,COph100,True,False,8654742027.155737,4.519873533058088e-06,325.00934027783336,True
20260923,xfeat_h,3,test,11bcaf81af6206b4,COph100/055/055_M_GA38_BW3245_PA43_DG13_PF0_D1_S04_13__055_M_GA38_BW3245_PA78_DG13_PF0_D1_S09_6,COph100/patient/055,COph100,True,True,1045006731.0949349,4.519873533058088e-06,325.00934027783336,True
20260923,xfeat_h,4,train,a3b2e2934c364e2a,COph100/055-1/055_M_GA38_BW3245_PA42_DG13_PF0_D1_S03_2__055_M_GA38_BW3245_PA78_DG13_PF0_D1_S09_16,COph100/patient/055,COph100,True,False,8654742027.155737,4.519873533058088e-06,8654742027.155737,False
20260923,xfeat_h,4,train,11bcaf81af6206b4,COph100/055/055_M_GA38_BW3245_PA43_DG13_PF0_D1_S04_13__055_M_GA38_BW3245_PA78_DG13_PF0_D1_S09_6,COph100/patient/055,COph100,True,True,1045006731.0949349,4.519873533058088e-06,8654742027.155737,False
20260923,sp_lg_h,0,train,e72ba4a2fa2829d4,COph100/026-1/026_M_GA33_BW1700_PA36_DG11_PF0_D1_S02_6__026_M_GA33_BW1700_PA42_DG11_PF0_D1_S05_6,COph100/patient/026,COph100,True,True,2202054258.7223964,7.199957633201148e-06,97649853447.23456,False
20260923,sp_lg_h,0,train,4cc4583374a7f846,COph100/026/026_M_GA33_BW1700_PA36_DG11_PF0_D1_S02_10__026_M_GA33_BW1700_PA40_DG11_PF0_D1_S04_11,COph100/patient/026,COph100,True,True,11125766.607773216,7.199957633201148e-06,97649853447.23456,False
20260923,sp_lg_h,0,train,3968ed21e45d9ba8,COph100/033/033_M_GA30_BW1250_PA31_DG0_PF0_D1_S01_2__033_M_GA30_BW1250_PA33_DG0_PF0_D1_S02_1,COph100/patient/033,COph100,True,False,97649853447.23456,7.199957633201148e-06,97649853447.23456,False
20260923,sp_lg_h,0,train,ce0f14b486d56040,COph100/055-1/055_M_GA38_BW3245_PA40_DG13_PF0_D1_S01_10__055_M_GA38_BW3245_PA44_DG13_PF0_D1_S05_6,COph100/patient/055,COph100,True,True,39281513.67231593,7.199957633201148e-06,97649853447.23456,False
20260923,sp_lg_h,0,train,da1b669d55ceeb70,COph100/055-1/055_M_GA38_BW3245_PA40_DG13_PF0_D1_S01_10__055_M_GA38_BW3245_PA53_DG13_PF0_D1_S08_2,COph100/patient/055,COph100,True,False,3044205911.3357058,7.199957633201148e-06,97649853447.23456,False
20260923,sp_lg_h,0,train,cf804c649b733cd6,COph100/055-1/055_M_GA38_BW3245_PA40_DG13_PF0_D1_S01_10__055_M_GA38_BW3245_PA78_DG13_PF0_D1_S09_16,COph100/patient/055,COph100,True,True,107062547.19021197,7.199957633201148e-06,97649853447.23456,False
20260923,sp_lg_h,0,train,8ed14fb063327bae,COph100/055/055_M_GA38_BW3245_PA40_DG13_PF0_D1_S01_3__055_M_GA38_BW3245_PA53_DG13_PF0_D1_S08_7,COph100/patient/055,COph100,True,False,2501044028.0221753,7.199957633201148e-06,97649853447.23456,False
20260923,sp_lg_h,0,train,2541e8913ecb495c,COph100/055/055_M_GA38_BW3245_PA43_DG13_PF0_D1_S04_13__055_M_GA38_BW3245_PA78_DG13_PF0_D1_S09_6,COph100/patient/055,COph100,True,False,138446249.6936386,7.199957633201148e-06,97649853447.23456,False
20260923,sp_lg_h,0,test,d9cae0da3a04d6af,COph100/052/052_M_GA26_BW820_PA31_DG1_PF0_D1_S01_3__052_M_GA26_BW820_PA46_DG2_PF0_D1_S07_6,COph100/patient/052,COph100,True,True,2220851.201832924,7.199957633201148e-06,97649853447.23456,False
20260923,sp_lg_h,0,test,77518ee0f8861b97,COph100/052/052_M_GA26_BW820_PA34_DG3_PF0_D1_S04_4__052_M_GA26_BW820_PA75_DG9_PF0_D1_S08_20,COph100/patient/052,COph100,True,True,20540791.656451978,7.199957633201148e-06,97649853447.23456,False
20260923,sp_lg_h,1,train,e72ba4a2fa2829d4,COph100/026-1/026_M_GA33_BW1700_PA36_DG11_PF0_D1_S02_6__026_M_GA33_BW1700_PA42_DG11_PF0_D1_S05_6,COph100/patient/026,COph100,True,True,2202054258.7223964,8.08405186319934e-05,3044205911.3357058,False
20260923,sp_lg_h,1,train,4cc4583374a7f846,COph100/026/026_M_GA33_BW1700_PA36_DG11_PF0_D1_S02_10__026_M_GA33_BW1700_PA40_DG11_PF0_D1_S04_11,COph100/patient/026,COph100,True,True,11125766.607773216,8.08405186319934e-05,3044205911.3357058,False
20260923,sp_lg_h,1,train,d9cae0da3a04d6af,COph100/052/052_M_GA26_BW820_PA31_DG1_PF0_D1_S01_3__052_M_GA26_BW820_PA46_DG2_PF0_D1_S07_6,COph100/patient/052,COph100,True,True,2220851.201832924,8.08405186319934e-05,3044205911.3357058,False
20260923,sp_lg_h,1,train,77518ee0f8861b97,COph100/052/052_M_GA26_BW820_PA34_DG3_PF0_D1_S04_4__052_M_GA26_BW820_PA75_DG9_PF0_D1_S08_20,COph100/patient/052,COph100,True,True,20540791.656451978,8.08405186319934e-05,3044205911.3357058,False
20260923,sp_lg_h,1,train,ce0f14b486d56040,COph100/055-1/055_M_GA38_BW3245_PA40_DG13_PF0_D1_S01_10__055_M_GA38_BW3245_PA44_DG13_PF0_D1_S05_6,COph100/patient/055,COph100,True,True,39281513.67231593,8.08405186319934e-05,3044205911.3357058,False
20260923,sp_lg_h,1,train,da1b669d55ceeb70,COph100/055-1/055_M_GA38_BW3245_PA40_DG13_PF0_D1_S01_10__055_M_GA38_BW3245_PA53_DG13_PF0_D1_S08_2,COph100/patient/055,COph100,True,False,3044205911.3357058,8.08405186319934e-05,3044205911.3357058,False
20260923,sp_lg_h,1,train,cf804c649b733cd6,COph100/055-1/055_M_GA38_BW3245_PA40_DG13_PF0_D1_S01_10__055_M_GA38_BW3245_PA78_DG13_PF0_D1_S09_16,COph100/patient/055,COph100,True,True,107062547.19021197,8.08405186319934e-05,3044205911.3357058,False
20260923,sp_lg_h,1,train,8ed14fb063327bae,COph100/055/055_M_GA38_BW3245_PA40_DG13_PF0_D1_S01_3__055_M_GA38_BW3245_PA53_DG13_PF0_D1_S08_7,COph100/patient/055,COph100,True,False,2501044028.0221753,8.08405186319934e-05,3044205911.3357058,False
20260923,sp_lg_h,1,train,2541e8913ecb495c,COph100/055/055_M_GA38_BW3245_PA43_DG13_PF0_D1_S04_13__055_M_GA38_BW3245_PA78_DG13_PF0_D1_S09_6,COph100/patient/055,COph100,True,False,138446249.6936386,8.08405186319934e-05,3044205911.3357058,False
20260923,sp_lg_h,1,calibration,3968ed21e45d9ba8,COph100/033/033_M_GA30_BW1250_PA31_DG0_PF0_D1_S01_2__033_M_GA30_BW1250_PA33_DG0_PF0_D1_S02_1,COph100/patient/033,COph100,True,False,97649853447.23456,8.08405186319934e-05,3044205911.3357058,True
20260923,sp_lg_h,2,train,d9cae0da3a04d6af,COph100/052/052_M_GA26_BW820_PA31_DG1_PF0_D1_S01_3__052_M_GA26_BW820_PA46_DG2_PF0_D1_S07_6,COph100/patient/052,COph100,True,True,2220851.201832924,8.08405186319934e-05,20540791.656451978,False
20260923,sp_lg_h,2,train,77518ee0f8861b97,COph100/052/052_M_GA26_BW820_PA34_DG3_PF0_D1_S04_4__052_M_GA26_BW820_PA75_DG9_PF0_D1_S08_20,COph100/patient/052,COph100,True,True,20540791.656451978,8.08405186319934e-05,20540791.656451978,False
20260923,sp_lg_h,2,calibration,e72ba4a2fa2829d4,COph100/026-1/026_M_GA33_BW1700_PA36_DG11_PF0_D1_S02_6__026_M_GA33_BW1700_PA42_DG11_PF0_D1_S05_6,COph100/patient/026,COph100,True,True,2202054258.7223964,8.08405186319934e-05,20540791.656451978,True
20260923,sp_lg_h,2,calibration,4cc4583374a7f846,COph100/026/026_M_GA33_BW1700_PA36_DG11_PF0_D1_S02_10__026_M_GA33_BW1700_PA40_DG11_PF0_D1_S04_11,COph100/patient/026,COph100,True,True,11125766.607773216,8.08405186319934e-05,20540791.656451978,False
20260923,sp_lg_h,2,calibration,ce0f14b486d56040,COph100/055-1/055_M_GA38_BW3245_PA40_DG13_PF0_D1_S01_10__055_M_GA38_BW3245_PA44_DG13_PF0_D1_S05_6,COph100/patient/055,COph100,True,True,39281513.67231593,8.08405186319934e-05,20540791.656451978,True
20260923,sp_lg_h,2,calibration,da1b669d55ceeb70,COph100/055-1/055_M_GA38_BW3245_PA40_DG13_PF0_D1_S01_10__055_M_GA38_BW3245_PA53_DG13_PF0_D1_S08_2,COph100/patient/055,COph100,True,False,3044205911.3357058,8.08405186319934e-05,20540791.656451978,True
20260923,sp_lg_h,2,calibration,cf804c649b733cd6,COph100/055-1/055_M_GA38_BW3245_PA40_DG13_PF0_D1_S01_10__055_M_GA38_BW3245_PA78_DG13_PF0_D1_S09_16,COph100/patient/055,COph100,True,True,107062547.19021197,8.08405186319934e-05,20540791.656451978,True
20260923,sp_lg_h,2,calibration,8ed14fb063327bae,COph100/055/055_M_GA38_BW3245_PA40_DG13_PF0_D1_S01_3__055_M_GA38_BW3245_PA53_DG13_PF0_D1_S08_7,COph100/patient/055,COph100,True,False,2501044028.0221753,8.08405186319934e-05,20540791.656451978,True
20260923,sp_lg_h,2,calibration,2541e8913ecb495c,COph100/055/055_M_GA38_BW3245_PA43_DG13_PF0_D1_S04_13__055_M_GA38_BW3245_PA78_DG13_PF0_D1_S09_6,COph100/patient/055,COph100,True,False,138446249.6936386,8.08405186319934e-05,20540791.656451978,True
20260923,sp_lg_h,2,test,3968ed21e45d9ba8,COph100/033/033_M_GA30_BW1250_PA31_DG0_PF0_D1_S01_2__033_M_GA30_BW1250_PA33_DG0_PF0_D1_S02_1,COph100/patient/033,COph100,True,False,97649853447.23456,8.08405186319934e-05,20540791.656451978,True
20260923,sp_lg_h,3,train,3968ed21e45d9ba8,COph100/033/033_M_GA30_BW1250_PA31_DG0_PF0_D1_S01_2__033_M_GA30_BW1250_PA33_DG0_PF0_D1_S02_1,COph100/patient/033,COph100,True,False,97649853447.23456,7.199957633201148e-06,97649853447.23456,False
20260923,sp_lg_h,3,train,d9cae0da3a04d6af,COph100/052/052_M_GA26_BW820_PA31_DG1_PF0_D1_S01_3__052_M_GA26_BW820_PA46_DG2_PF0_D1_S07_6,COph100/patient/052,COph100,True,True,2220851.201832924,7.199957633201148e-06,97649853447.23456,False
20260923,sp_lg_h,3,train,77518ee0f8861b97,COph100/052/052_M_GA26_BW820_PA34_DG3_PF0_D1_S04_4__052_M_GA26_BW820_PA75_DG9_PF0_D1_S08_20,COph100/patient/052,COph100,True,True,20540791.656451978,7.199957633201148e-06,97649853447.23456,False
20260923,sp_lg_h,3,test,e72ba4a2fa2829d4,COph100/026-1/026_M_GA33_BW1700_PA36_DG11_PF0_D1_S02_6__026_M_GA33_BW1700_PA42_DG11_PF0_D1_S05_6,COph100/patient/026,COph100,True,True,2202054258.7223964,7.199957633201148e-06,97649853447.23456,False
20260923,sp_lg_h,3,test,4cc4583374a7f846,COph100/026/026_M_GA33_BW1700_PA36_DG11_PF0_D1_S02_10__026_M_GA33_BW1700_PA40_DG11_PF0_D1_S04_11,COph100/patient/026,COph100,True,True,11125766.607773216,7.199957633201148e-06,97649853447.23456,False
20260923,sp_lg_h,3,test,ce0f14b486d56040,COph100/055-1/055_M_GA38_BW3245_PA40_DG13_PF0_D1_S01_10__055_M_GA38_BW3245_PA44_DG13_PF0_D1_S05_6,COph100/patient/055,COph100,True,True,39281513.67231593,7.199957633201148e-06,97649853447.23456,False
20260923,sp_lg_h,3,test,da1b669d55ceeb70,COph100/055-1/055_M_GA38_BW3245_PA40_DG13_PF0_D1_S01_10__055_M_GA38_BW3245_PA53_DG13_PF0_D1_S08_2,COph100/patient/055,COph100,True,False,3044205911.3357058,7.199957633201148e-06,97649853447.23456,False
20260923,sp_lg_h,3,test,cf804c649b733cd6,COph100/055-1/055_M_GA38_BW3245_PA40_DG13_PF0_D1_S01_10__055_M_GA38_BW3245_PA78_DG13_PF0_D1_S09_16,COph100/patient/055,COph100,True,True,107062547.19021197,7.199957633201148e-06,97649853447.23456,False
20260923,sp_lg_h,3,test,8ed14fb063327bae,COph100/055/055_M_GA38_BW3245_PA40_DG13_PF0_D1_S01_3__055_M_GA38_BW3245_PA53_DG13_PF0_D1_S08_7,COph100/patient/055,COph100,True,False,2501044028.0221753,7.199957633201148e-06,97649853447.23456,False
20260923,sp_lg_h,3,test,2541e8913ecb495c,COph100/055/055_M_GA38_BW3245_PA43_DG13_PF0_D1_S04_13__055_M_GA38_BW3245_PA78_DG13_PF0_D1_S09_6,COph100/patient/055,COph100,True,False,138446249.6936386,7.199957633201148e-06,97649853447.23456,False
20260923,sp_lg_h,4,train,e72ba4a2fa2829d4,COph100/026-1/026_M_GA33_BW1700_PA36_DG11_PF0_D1_S02_6__026_M_GA33_BW1700_PA42_DG11_PF0_D1_S05_6,COph100/patient/026,COph100,True,True,2202054258.7223964,7.199957633201148e-06,97649853447.23456,False
20260923,sp_lg_h,4,train,4cc4583374a7f846,COph100/026/026_M_GA33_BW1700_PA36_DG11_PF0_D1_S02_10__026_M_GA33_BW1700_PA40_DG11_PF0_D1_S04_11,COph100/patient/026,COph100,True,True,11125766.607773216,7.199957633201148e-06,97649853447.23456,False
20260923,sp_lg_h,4,train,3968ed21e45d9ba8,COph100/033/033_M_GA30_BW1250_PA31_DG0_PF0_D1_S01_2__033_M_GA30_BW1250_PA33_DG0_PF0_D1_S02_1,COph100/patient/033,COph100,True,False,97649853447.23456,7.199957633201148e-06,97649853447.23456,False
20260923,sp_lg_h,4,train,ce0f14b486d56040,COph100/055-1/055_M_GA38_BW3245_PA40_DG13_PF0_D1_S01_10__055_M_GA38_BW3245_PA44_DG13_PF0_D1_S05_6,COph100/patient/055,COph100,True,True,39281513.67231593,7.199957633201148e-06,97649853447.23456,False
20260923,sp_lg_h,4,train,da1b669d55ceeb70,COph100/055-1/055_M_GA38_BW3245_PA40_DG13_PF0_D1_S01_10__055_M_GA38_BW3245_PA53_DG13_PF0_D1_S08_2,COph100/patient/055,COph100,True,False,3044205911.3357058,7.199957633201148e-06,97649853447.23456,False
20260923,sp_lg_h,4,train,cf804c649b733cd6,COph100/055-1/055_M_GA38_BW3245_PA40_DG13_PF0_D1_S01_10__055_M_GA38_BW3245_PA78_DG13_PF0_D1_S09_16,COph100/patient/055,COph100,True,True,107062547.19021197,7.199957633201148e-06,97649853447.23456,False
20260923,sp_lg_h,4,train,8ed14fb063327bae,COph100/055/055_M_GA38_BW3245_PA40_DG13_PF0_D1_S01_3__055_M_GA38_BW3245_PA53_DG13_PF0_D1_S08_7,COph100/patient/055,COph100,True,False,2501044028.0221753,7.199957633201148e-06,97649853447.23456,False
20260923,sp_lg_h,4,train,2541e8913ecb495c,COph100/055/055_M_GA38_BW3245_PA43_DG13_PF0_D1_S04_13__055_M_GA38_BW3245_PA78_DG13_PF0_D1_S09_6,COph100/patient/055,COph100,True,False,138446249.6936386,7.199957633201148e-06,97649853447.23456,False
20260923,sp_lg_h,4,calibration,d9cae0da3a04d6af,COph100/052/052_M_GA26_BW820_PA31_DG1_PF0_D1_S01_3__052_M_GA26_BW820_PA46_DG2_PF0_D1_S07_6,COph100/patient/052,COph100,True,True,2220851.201832924,7.199957633201148e-06,97649853447.23456,False
20260923,sp_lg_h,4,calibration,77518ee0f8861b97,COph100/052/052_M_GA26_BW820_PA34_DG3_PF0_D1_S04_4__052_M_GA26_BW820_PA75_DG9_PF0_D1_S08_20,COph100/patient/052,COph100,True,True,20540791.656451978,7.199957633201148e-06,97649853447.23456,False
20260924,xfeat_h,0,test,a3b2e2934c364e2a,COph100/055-1/055_M_GA38_BW3245_PA42_DG13_PF0_D1_S03_2__055_M_GA38_BW3245_PA78_DG13_PF0_D1_S09_16,COph100/patient/055,COph100,True,False,8654742027.155737,4.519873533058088e-06,325.00934027783336,True
20260924,xfeat_h,0,test,11bcaf81af6206b4,COph100/055/055_M_GA38_BW3245_PA43_DG13_PF0_D1_S04_13__055_M_GA38_BW3245_PA78_DG13_PF0_D1_S09_6,COph100/patient/055,COph100,True,True,1045006731.0949349,4.519873533058088e-06,325.00934027783336,True
20260924,xfeat_h,1,train,a3b2e2934c364e2a,COph100/055-1/055_M_GA38_BW3245_PA42_DG13_PF0_D1_S03_2__055_M_GA38_BW3245_PA78_DG13_PF0_D1_S09_16,COph100/patient/055,COph100,True,False,8654742027.155737,4.519873533058088e-06,8654742027.155737,False
20260924,xfeat_h,1,train,11bcaf81af6206b4,COph100/055/055_M_GA38_BW3245_PA43_DG13_PF0_D1_S04_13__055_M_GA38_BW3245_PA78_DG13_PF0_D1_S09_6,COph100/patient/055,COph100,True,True,1045006731.0949349,4.519873533058088e-06,8654742027.155737,False
20260924,xfeat_h,2,train,a3b2e2934c364e2a,COph100/055-1/055_M_GA38_BW3245_PA42_DG13_PF0_D1_S03_2__055_M_GA38_BW3245_PA78_DG13_PF0_D1_S09_16,COph100/patient/055,COph100,True,False,8654742027.155737,4.519873533058088e-06,8654742027.155737,False
20260924,xfeat_h,2,train,11bcaf81af6206b4,COph100/055/055_M_GA38_BW3245_PA43_DG13_PF0_D1_S04_13__055_M_GA38_BW3245_PA78_DG13_PF0_D1_S09_6,COph100/patient/055,COph100,True,True,1045006731.0949349,4.519873533058088e-06,8654742027.155737,False
20260924,xfeat_h,3,train,a3b2e2934c364e2a,COph100/055-1/055_M_GA38_BW3245_PA42_DG13_PF0_D1_S03_2__055_M_GA38_BW3245_PA78_DG13_PF0_D1_S09_16,COph100/patient/055,COph100,True,False,8654742027.155737,0.00014467802307445814,8654742027.155737,False
20260924,xfeat_h,3,train,11bcaf81af6206b4,COph100/055/055_M_GA38_BW3245_PA43_DG13_PF0_D1_S04_13__055_M_GA38_BW3245_PA78_DG13_PF0_D1_S09_6,COph100/patient/055,COph100,True,True,1045006731.0949349,0.00014467802307445814,8654742027.155737,False
20260924,xfeat_h,4,calibration,a3b2e2934c364e2a,COph100/055-1/055_M_GA38_BW3245_PA42_DG13_PF0_D1_S03_2__055_M_GA38_BW3245_PA78_DG13_PF0_D1_S09_16,COph100/patient/055,COph100,True,False,8654742027.155737,0.0001457267406006129,325.00934027783336,True
20260924,xfeat_h,4,calibration,11bcaf81af6206b4,COph100/055/055_M_GA38_BW3245_PA43_DG13_PF0_D1_S04_13__055_M_GA38_BW3245_PA78_DG13_PF0_D1_S09_6,COph100/patient/055,COph100,True,True,1045006731.0949349,0.0001457267406006129,325.00934027783336,True
20260924,sp_lg_h,0,train,3968ed21e45d9ba8,COph100/033/033_M_GA30_BW1250_PA31_DG0_PF0_D1_S01_2__033_M_GA30_BW1250_PA33_DG0_PF0_D1_S02_1,COph100/patient/033,COph100,True,False,97649853447.23456,7.199957633201148e-06,97649853447.23456,False
20260924,sp_lg_h,0,train,d9cae0da3a04d6af,COph100/052/052_M_GA26_BW820_PA31_DG1_PF0_D1_S01_3__052_M_GA26_BW820_PA46_DG2_PF0_D1_S07_6,COph100/patient/052,COph100,True,True,2220851.201832924,7.199957633201148e-06,97649853447.23456,False
20260924,sp_lg_h,0,train,77518ee0f8861b97,COph100/052/052_M_GA26_BW820_PA34_DG3_PF0_D1_S04_4__052_M_GA26_BW820_PA75_DG9_PF0_D1_S08_20,COph100/patient/052,COph100,True,True,20540791.656451978,7.199957633201148e-06,97649853447.23456,False
20260924,sp_lg_h,0,test,e72ba4a2fa2829d4,COph100/026-1/026_M_GA33_BW1700_PA36_DG11_PF0_D1_S02_6__026_M_GA33_BW1700_PA42_DG11_PF0_D1_S05_6,COph100/patient/026,COph100,True,True,2202054258.7223964,7.199957633201148e-06,97649853447.23456,False
20260924,sp_lg_h,0,test,4cc4583374a7f846,COph100/026/026_M_GA33_BW1700_PA36_DG11_PF0_D1_S02_10__026_M_GA33_BW1700_PA40_DG11_PF0_D1_S04_11,COph100/patient/026,COph100,True,True,11125766.607773216,7.199957633201148e-06,97649853447.23456,False
20260924,sp_lg_h,0,test,ce0f14b486d56040,COph100/055-1/055_M_GA38_BW3245_PA40_DG13_PF0_D1_S01_10__055_M_GA38_BW3245_PA44_DG13_PF0_D1_S05_6,COph100/patient/055,COph100,True,True,39281513.67231593,7.199957633201148e-06,97649853447.23456,False
20260924,sp_lg_h,0,test,da1b669d55ceeb70,COph100/055-1/055_M_GA38_BW3245_PA40_DG13_PF0_D1_S01_10__055_M_GA38_BW3245_PA53_DG13_PF0_D1_S08_2,COph100/patient/055,COph100,True,False,3044205911.3357058,7.199957633201148e-06,97649853447.23456,False
20260924,sp_lg_h,0,test,cf804c649b733cd6,COph100/055-1/055_M_GA38_BW3245_PA40_DG13_PF0_D1_S01_10__055_M_GA38_BW3245_PA78_DG13_PF0_D1_S09_16,COph100/patient/055,COph100,True,True,107062547.19021197,7.199957633201148e-06,97649853447.23456,False
20260924,sp_lg_h,0,test,8ed14fb063327bae,COph100/055/055_M_GA38_BW3245_PA40_DG13_PF0_D1_S01_3__055_M_GA38_BW3245_PA53_DG13_PF0_D1_S08_7,COph100/patient/055,COph100,True,False,2501044028.0221753,7.199957633201148e-06,97649853447.23456,False
20260924,sp_lg_h,0,test,2541e8913ecb495c,COph100/055/055_M_GA38_BW3245_PA43_DG13_PF0_D1_S04_13__055_M_GA38_BW3245_PA78_DG13_PF0_D1_S09_6,COph100/patient/055,COph100,True,False,138446249.6936386,7.199957633201148e-06,97649853447.23456,False
20260924,sp_lg_h,1,train,e72ba4a2fa2829d4,COph100/026-1/026_M_GA33_BW1700_PA36_DG11_PF0_D1_S02_6__026_M_GA33_BW1700_PA42_DG11_PF0_D1_S05_6,COph100/patient/026,COph100,True,True,2202054258.7223964,7.199957633201148e-06,3044205911.3357058,False
20260924,sp_lg_h,1,train,4cc4583374a7f846,COph100/026/026_M_GA33_BW1700_PA36_DG11_PF0_D1_S02_10__026_M_GA33_BW1700_PA40_DG11_PF0_D1_S04_11,COph100/patient/026,COph100,True,True,11125766.607773216,7.199957633201148e-06,3044205911.3357058,False
20260924,sp_lg_h,1,train,d9cae0da3a04d6af,COph100/052/052_M_GA26_BW820_PA31_DG1_PF0_D1_S01_3__052_M_GA26_BW820_PA46_DG2_PF0_D1_S07_6,COph100/patient/052,COph100,True,True,2220851.201832924,7.199957633201148e-06,3044205911.3357058,False
20260924,sp_lg_h,1,train,77518ee0f8861b97,COph100/052/052_M_GA26_BW820_PA34_DG3_PF0_D1_S04_4__052_M_GA26_BW820_PA75_DG9_PF0_D1_S08_20,COph100/patient/052,COph100,True,True,20540791.656451978,7.199957633201148e-06,3044205911.3357058,False
20260924,sp_lg_h,1,train,ce0f14b486d56040,COph100/055-1/055_M_GA38_BW3245_PA40_DG13_PF0_D1_S01_10__055_M_GA38_BW3245_PA44_DG13_PF0_D1_S05_6,COph100/patient/055,COph100,True,True,39281513.67231593,7.199957633201148e-06,3044205911.3357058,False
20260924,sp_lg_h,1,train,da1b669d55ceeb70,COph100/055-1/055_M_GA38_BW3245_PA40_DG13_PF0_D1_S01_10__055_M_GA38_BW3245_PA53_DG13_PF0_D1_S08_2,COph100/patient/055,COph100,True,False,3044205911.3357058,7.199957633201148e-06,3044205911.3357058,False
20260924,sp_lg_h,1,train,cf804c649b733cd6,COph100/055-1/055_M_GA38_BW3245_PA40_DG13_PF0_D1_S01_10__055_M_GA38_BW3245_PA78_DG13_PF0_D1_S09_16,COph100/patient/055,COph100,True,True,107062547.19021197,7.199957633201148e-06,3044205911.3357058,False
20260924,sp_lg_h,1,train,8ed14fb063327bae,COph100/055/055_M_GA38_BW3245_PA40_DG13_PF0_D1_S01_3__055_M_GA38_BW3245_PA53_DG13_PF0_D1_S08_7,COph100/patient/055,COph100,True,False,2501044028.0221753,7.199957633201148e-06,3044205911.3357058,False
20260924,sp_lg_h,1,train,2541e8913ecb495c,COph100/055/055_M_GA38_BW3245_PA43_DG13_PF0_D1_S04_13__055_M_GA38_BW3245_PA78_DG13_PF0_D1_S09_6,COph100/patient/055,COph100,True,False,138446249.6936386,7.199957633201148e-06,3044205911.3357058,False
20260924,sp_lg_h,1,calibration,3968ed21e45d9ba8,COph100/033/033_M_GA30_BW1250_PA31_DG0_PF0_D1_S01_2__033_M_GA30_BW1250_PA33_DG0_PF0_D1_S02_1,COph100/patient/033,COph100,True,False,97649853447.23456,7.199957633201148e-06,3044205911.3357058,True
20260924,sp_lg_h,2,train,e72ba4a2fa2829d4,COph100/026-1/026_M_GA33_BW1700_PA36_DG11_PF0_D1_S02_6__026_M_GA33_BW1700_PA42_DG11_PF0_D1_S05_6,COph100/patient/026,COph100,True,True,2202054258.7223964,7.199957633201148e-06,3044205911.3357058,False
20260924,sp_lg_h,2,train,4cc4583374a7f846,COph100/026/026_M_GA33_BW1700_PA36_DG11_PF0_D1_S02_10__026_M_GA33_BW1700_PA40_DG11_PF0_D1_S04_11,COph100/patient/026,COph100,True,True,11125766.607773216,7.199957633201148e-06,3044205911.3357058,False
20260924,sp_lg_h,2,train,ce0f14b486d56040,COph100/055-1/055_M_GA38_BW3245_PA40_DG13_PF0_D1_S01_10__055_M_GA38_BW3245_PA44_DG13_PF0_D1_S05_6,COph100/patient/055,COph100,True,True,39281513.67231593,7.199957633201148e-06,3044205911.3357058,False
20260924,sp_lg_h,2,train,da1b669d55ceeb70,COph100/055-1/055_M_GA38_BW3245_PA40_DG13_PF0_D1_S01_10__055_M_GA38_BW3245_PA53_DG13_PF0_D1_S08_2,COph100/patient/055,COph100,True,False,3044205911.3357058,7.199957633201148e-06,3044205911.3357058,False
20260924,sp_lg_h,2,train,cf804c649b733cd6,COph100/055-1/055_M_GA38_BW3245_PA40_DG13_PF0_D1_S01_10__055_M_GA38_BW3245_PA78_DG13_PF0_D1_S09_16,COph100/patient/055,COph100,True,True,107062547.19021197,7.199957633201148e-06,3044205911.3357058,False
20260924,sp_lg_h,2,train,8ed14fb063327bae,COph100/055/055_M_GA38_BW3245_PA40_DG13_PF0_D1_S01_3__055_M_GA38_BW3245_PA53_DG13_PF0_D1_S08_7,COph100/patient/055,COph100,True,False,2501044028.0221753,7.199957633201148e-06,3044205911.3357058,False
20260924,sp_lg_h,2,train,2541e8913ecb495c,COph100/055/055_M_GA38_BW3245_PA43_DG13_PF0_D1_S04_13__055_M_GA38_BW3245_PA78_DG13_PF0_D1_S09_6,COph100/patient/055,COph100,True,False,138446249.6936386,7.199957633201148e-06,3044205911.3357058,False
20260924,sp_lg_h,2,calibration,d9cae0da3a04d6af,COph100/052/052_M_GA26_BW820_PA31_DG1_PF0_D1_S01_3__052_M_GA26_BW820_PA46_DG2_PF0_D1_S07_6,COph100/patient/052,COph100,True,True,2220851.201832924,7.199957633201148e-06,3044205911.3357058,False
20260924,sp_lg_h,2,calibration,77518ee0f8861b97,COph100/052/052_M_GA26_BW820_PA34_DG3_PF0_D1_S04_4__052_M_GA26_BW820_PA75_DG9_PF0_D1_S08_20,COph100/patient/052,COph100,True,True,20540791.656451978,7.199957633201148e-06,3044205911.3357058,False
20260924,sp_lg_h,2,test,3968ed21e45d9ba8,COph100/033/033_M_GA30_BW1250_PA31_DG0_PF0_D1_S01_2__033_M_GA30_BW1250_PA33_DG0_PF0_D1_S02_1,COph100/patient/033,COph100,True,False,97649853447.23456,7.199957633201148e-06,3044205911.3357058,True
20260924,sp_lg_h,3,train,e72ba4a2fa2829d4,COph100/026-1/026_M_GA33_BW1700_PA36_DG11_PF0_D1_S02_6__026_M_GA33_BW1700_PA42_DG11_PF0_D1_S05_6,COph100/patient/026,COph100,True,True,2202054258.7223964,0.0001103195129025508,97649853447.23456,False
20260924,sp_lg_h,3,train,4cc4583374a7f846,COph100/026/026_M_GA33_BW1700_PA36_DG11_PF0_D1_S02_10__026_M_GA33_BW1700_PA40_DG11_PF0_D1_S04_11,COph100/patient/026,COph100,True,True,11125766.607773216,0.0001103195129025508,97649853447.23456,False
20260924,sp_lg_h,3,train,3968ed21e45d9ba8,COph100/033/033_M_GA30_BW1250_PA31_DG0_PF0_D1_S01_2__033_M_GA30_BW1250_PA33_DG0_PF0_D1_S02_1,COph100/patient/033,COph100,True,False,97649853447.23456,0.0001103195129025508,97649853447.23456,False
20260924,sp_lg_h,3,train,ce0f14b486d56040,COph100/055-1/055_M_GA38_BW3245_PA40_DG13_PF0_D1_S01_10__055_M_GA38_BW3245_PA44_DG13_PF0_D1_S05_6,COph100/patient/055,COph100,True,True,39281513.67231593,0.0001103195129025508,97649853447.23456,False
20260924,sp_lg_h,3,train,da1b669d55ceeb70,COph100/055-1/055_M_GA38_BW3245_PA40_DG13_PF0_D1_S01_10__055_M_GA38_BW3245_PA53_DG13_PF0_D1_S08_2,COph100/patient/055,COph100,True,False,3044205911.3357058,0.0001103195129025508,97649853447.23456,False
20260924,sp_lg_h,3,train,cf804c649b733cd6,COph100/055-1/055_M_GA38_BW3245_PA40_DG13_PF0_D1_S01_10__055_M_GA38_BW3245_PA78_DG13_PF0_D1_S09_16,COph100/patient/055,COph100,True,True,107062547.19021197,0.0001103195129025508,97649853447.23456,False
20260924,sp_lg_h,3,train,8ed14fb063327bae,COph100/055/055_M_GA38_BW3245_PA40_DG13_PF0_D1_S01_3__055_M_GA38_BW3245_PA53_DG13_PF0_D1_S08_7,COph100/patient/055,COph100,True,False,2501044028.0221753,0.0001103195129025508,97649853447.23456,False
20260924,sp_lg_h,3,train,2541e8913ecb495c,COph100/055/055_M_GA38_BW3245_PA43_DG13_PF0_D1_S04_13__055_M_GA38_BW3245_PA78_DG13_PF0_D1_S09_6,COph100/patient/055,COph100,True,False,138446249.6936386,0.0001103195129025508,97649853447.23456,False
20260924,sp_lg_h,3,test,d9cae0da3a04d6af,COph100/052/052_M_GA26_BW820_PA31_DG1_PF0_D1_S01_3__052_M_GA26_BW820_PA46_DG2_PF0_D1_S07_6,COph100/patient/052,COph100,True,True,2220851.201832924,0.0001103195129025508,97649853447.23456,False
20260924,sp_lg_h,3,test,77518ee0f8861b97,COph100/052/052_M_GA26_BW820_PA34_DG3_PF0_D1_S04_4__052_M_GA26_BW820_PA75_DG9_PF0_D1_S08_20,COph100/patient/052,COph100,True,True,20540791.656451978,0.0001103195129025508,97649853447.23456,False
20260924,sp_lg_h,4,train,3968ed21e45d9ba8,COph100/033/033_M_GA30_BW1250_PA31_DG0_PF0_D1_S01_2__033_M_GA30_BW1250_PA33_DG0_PF0_D1_S02_1,COph100/patient/033,COph100,True,False,97649853447.23456,8.08405186319934e-05,97649853447.23456,False
20260924,sp_lg_h,4,train,d9cae0da3a04d6af,COph100/052/052_M_GA26_BW820_PA31_DG1_PF0_D1_S01_3__052_M_GA26_BW820_PA46_DG2_PF0_D1_S07_6,COph100/patient/052,COph100,True,True,2220851.201832924,8.08405186319934e-05,97649853447.23456,False
20260924,sp_lg_h,4,train,77518ee0f8861b97,COph100/052/052_M_GA26_BW820_PA34_DG3_PF0_D1_S04_4__052_M_GA26_BW820_PA75_DG9_PF0_D1_S08_20,COph100/patient/052,COph100,True,True,20540791.656451978,8.08405186319934e-05,97649853447.23456,False
20260924,sp_lg_h,4,calibration,e72ba4a2fa2829d4,COph100/026-1/026_M_GA33_BW1700_PA36_DG11_PF0_D1_S02_6__026_M_GA33_BW1700_PA42_DG11_PF0_D1_S05_6,COph100/patient/026,COph100,True,True,2202054258.7223964,8.08405186319934e-05,97649853447.23456,False
20260924,sp_lg_h,4,calibration,4cc4583374a7f846,COph100/026/026_M_GA33_BW1700_PA36_DG11_PF0_D1_S02_10__026_M_GA33_BW1700_PA40_DG11_PF0_D1_S04_11,COph100/patient/026,COph100,True,True,11125766.607773216,8.08405186319934e-05,97649853447.23456,False
20260924,sp_lg_h,4,calibration,ce0f14b486d56040,COph100/055-1/055_M_GA38_BW3245_PA40_DG13_PF0_D1_S01_10__055_M_GA38_BW3245_PA44_DG13_PF0_D1_S05_6,COph100/patient/055,COph100,True,True,39281513.67231593,8.08405186319934e-05,97649853447.23456,False
20260924,sp_lg_h,4,calibration,da1b669d55ceeb70,COph100/055-1/055_M_GA38_BW3245_PA40_DG13_PF0_D1_S01_10__055_M_GA38_BW3245_PA53_DG13_PF0_D1_S08_2,COph100/patient/055,COph100,True,False,3044205911.3357058,8.08405186319934e-05,97649853447.23456,False
20260924,sp_lg_h,4,calibration,cf804c649b733cd6,COph100/055-1/055_M_GA38_BW3245_PA40_DG13_PF0_D1_S01_10__055_M_GA38_BW3245_PA78_DG13_PF0_D1_S09_16,COph100/patient/055,COph100,True,True,107062547.19021197,8.08405186319934e-05,97649853447.23456,False
20260924,sp_lg_h,4,calibration,8ed14fb063327bae,COph100/055/055_M_GA38_BW3245_PA40_DG13_PF0_D1_S01_3__055_M_GA38_BW3245_PA53_DG13_PF0_D1_S08_7,COph100/patient/055,COph100,True,False,2501044028.0221753,8.08405186319934e-05,97649853447.23456,False
20260924,sp_lg_h,4,calibration,2541e8913ecb495c,COph100/055/055_M_GA38_BW3245_PA43_DG13_PF0_D1_S04_13__055_M_GA38_BW3245_PA78_DG13_PF0_D1_S09_6,COph100/patient/055,COph100,True,False,138446249.6936386,8.08405186319934e-05,97649853447.23456,False
20260925,xfeat_h,0,calibration,a3b2e2934c364e2a,COph100/055-1/055_M_GA38_BW3245_PA42_DG13_PF0_D1_S03_2__055_M_GA38_BW3245_PA78_DG13_PF0_D1_S09_16,COph100/patient/055,COph100,True,False,8654742027.155737,4.519873533058088e-06,30.598957301996208,True
20260925,xfeat_h,0,calibration,11bcaf81af6206b4,COph100/055/055_M_GA38_BW3245_PA43_DG13_PF0_D1_S04_13__055_M_GA38_BW3245_PA78_DG13_PF0_D1_S09_6,COph100/patient/055,COph100,True,True,1045006731.0949349,4.519873533058088e-06,30.598957301996208,True
20260925,xfeat_h,1,test,a3b2e2934c364e2a,COph100/055-1/055_M_GA38_BW3245_PA42_DG13_PF0_D1_S03_2__055_M_GA38_BW3245_PA78_DG13_PF0_D1_S09_16,COph100/patient/055,COph100,True,False,8654742027.155737,4.519873533058088e-06,17.473831965696593,True
20260925,xfeat_h,1,test,11bcaf81af6206b4,COph100/055/055_M_GA38_BW3245_PA43_DG13_PF0_D1_S04_13__055_M_GA38_BW3245_PA78_DG13_PF0_D1_S09_6,COph100/patient/055,COph100,True,True,1045006731.0949349,4.519873533058088e-06,17.473831965696593,True
20260925,xfeat_h,2,train,a3b2e2934c364e2a,COph100/055-1/055_M_GA38_BW3245_PA42_DG13_PF0_D1_S03_2__055_M_GA38_BW3245_PA78_DG13_PF0_D1_S09_16,COph100/patient/055,COph100,True,False,8654742027.155737,7.672406182586129e-05,8654742027.155737,False
20260925,xfeat_h,2,train,11bcaf81af6206b4,COph100/055/055_M_GA38_BW3245_PA43_DG13_PF0_D1_S04_13__055_M_GA38_BW3245_PA78_DG13_PF0_D1_S09_6,COph100/patient/055,COph100,True,True,1045006731.0949349,7.672406182586129e-05,8654742027.155737,False
20260925,xfeat_h,3,train,a3b2e2934c364e2a,COph100/055-1/055_M_GA38_BW3245_PA42_DG13_PF0_D1_S03_2__055_M_GA38_BW3245_PA78_DG13_PF0_D1_S09_16,COph100/patient/055,COph100,True,False,8654742027.155737,7.672406182586129e-05,8654742027.155737,False
20260925,xfeat_h,3,train,11bcaf81af6206b4,COph100/055/055_M_GA38_BW3245_PA43_DG13_PF0_D1_S04_13__055_M_GA38_BW3245_PA78_DG13_PF0_D1_S09_6,COph100/patient/055,COph100,True,True,1045006731.0949349,7.672406182586129e-05,8654742027.155737,False
20260925,xfeat_h,4,train,a3b2e2934c364e2a,COph100/055-1/055_M_GA38_BW3245_PA42_DG13_PF0_D1_S03_2__055_M_GA38_BW3245_PA78_DG13_PF0_D1_S09_16,COph100/patient/055,COph100,True,False,8654742027.155737,4.519873533058088e-06,8654742027.155737,False
20260925,xfeat_h,4,train,11bcaf81af6206b4,COph100/055/055_M_GA38_BW3245_PA43_DG13_PF0_D1_S04_13__055_M_GA38_BW3245_PA78_DG13_PF0_D1_S09_6,COph100/patient/055,COph100,True,True,1045006731.0949349,4.519873533058088e-06,8654742027.155737,False
20260925,sp_lg_h,0,train,e72ba4a2fa2829d4,COph100/026-1/026_M_GA33_BW1700_PA36_DG11_PF0_D1_S02_6__026_M_GA33_BW1700_PA42_DG11_PF0_D1_S05_6,COph100/patient/026,COph100,True,True,2202054258.7223964,7.199957633201148e-06,2202054258.7223964,False
20260925,sp_lg_h,0,train,4cc4583374a7f846,COph100/026/026_M_GA33_BW1700_PA36_DG11_PF0_D1_S02_10__026_M_GA33_BW1700_PA40_DG11_PF0_D1_S04_11,COph100/patient/026,COph100,True,True,11125766.607773216,7.199957633201148e-06,2202054258.7223964,False
20260925,sp_lg_h,0,train,d9cae0da3a04d6af,COph100/052/052_M_GA26_BW820_PA31_DG1_PF0_D1_S01_3__052_M_GA26_BW820_PA46_DG2_PF0_D1_S07_6,COph100/patient/052,COph100,True,True,2220851.201832924,7.199957633201148e-06,2202054258.7223964,False
20260925,sp_lg_h,0,train,77518ee0f8861b97,COph100/052/052_M_GA26_BW820_PA34_DG3_PF0_D1_S04_4__052_M_GA26_BW820_PA75_DG9_PF0_D1_S08_20,COph100/patient/052,COph100,True,True,20540791.656451978,7.199957633201148e-06,2202054258.7223964,False
20260925,sp_lg_h,0,calibration,3968ed21e45d9ba8,COph100/033/033_M_GA30_BW1250_PA31_DG0_PF0_D1_S01_2__033_M_GA30_BW1250_PA33_DG0_PF0_D1_S02_1,COph100/patient/033,COph100,True,False,97649853447.23456,7.199957633201148e-06,2202054258.7223964,True
20260925,sp_lg_h,0,calibration,ce0f14b486d56040,COph100/055-1/055_M_GA38_BW3245_PA40_DG13_PF0_D1_S01_10__055_M_GA38_BW3245_PA44_DG13_PF0_D1_S05_6,COph100/patient/055,COph100,True,True,39281513.67231593,7.199957633201148e-06,2202054258.7223964,False
20260925,sp_lg_h,0,calibration,da1b669d55ceeb70,COph100/055-1/055_M_GA38_BW3245_PA40_DG13_PF0_D1_S01_10__055_M_GA38_BW3245_PA53_DG13_PF0_D1_S08_2,COph100/patient/055,COph100,True,False,3044205911.3357058,7.199957633201148e-06,2202054258.7223964,True
20260925,sp_lg_h,0,calibration,cf804c649b733cd6,COph100/055-1/055_M_GA38_BW3245_PA40_DG13_PF0_D1_S01_10__055_M_GA38_BW3245_PA78_DG13_PF0_D1_S09_16,COph100/patient/055,COph100,True,True,107062547.19021197,7.199957633201148e-06,2202054258.7223964,False
20260925,sp_lg_h,0,calibration,8ed14fb063327bae,COph100/055/055_M_GA38_BW3245_PA40_DG13_PF0_D1_S01_3__055_M_GA38_BW3245_PA53_DG13_PF0_D1_S08_7,COph100/patient/055,COph100,True,False,2501044028.0221753,7.199957633201148e-06,2202054258.7223964,True
20260925,sp_lg_h,0,calibration,2541e8913ecb495c,COph100/055/055_M_GA38_BW3245_PA43_DG13_PF0_D1_S04_13__055_M_GA38_BW3245_PA78_DG13_PF0_D1_S09_6,COph100/patient/055,COph100,True,False,138446249.6936386,7.199957633201148e-06,2202054258.7223964,False
20260925,sp_lg_h,1,train,d9cae0da3a04d6af,COph100/052/052_M_GA26_BW820_PA31_DG1_PF0_D1_S01_3__052_M_GA26_BW820_PA46_DG2_PF0_D1_S07_6,COph100/patient/052,COph100,True,True,2220851.201832924,7.199957633201148e-06,20540791.656451978,False
20260925,sp_lg_h,1,train,77518ee0f8861b97,COph100/052/052_M_GA26_BW820_PA34_DG3_PF0_D1_S04_4__052_M_GA26_BW820_PA75_DG9_PF0_D1_S08_20,COph100/patient/052,COph100,True,True,20540791.656451978,7.199957633201148e-06,20540791.656451978,False
20260925,sp_lg_h,1,calibration,e72ba4a2fa2829d4,COph100/026-1/026_M_GA33_BW1700_PA36_DG11_PF0_D1_S02_6__026_M_GA33_BW1700_PA42_DG11_PF0_D1_S05_6,COph100/patient/026,COph100,True,True,2202054258.7223964,7.199957633201148e-06,20540791.656451978,True
20260925,sp_lg_h,1,calibration,4cc4583374a7f846,COph100/026/026_M_GA33_BW1700_PA36_DG11_PF0_D1_S02_10__026_M_GA33_BW1700_PA40_DG11_PF0_D1_S04_11,COph100/patient/026,COph100,True,True,11125766.607773216,7.199957633201148e-06,20540791.656451978,False
20260925,sp_lg_h,1,test,3968ed21e45d9ba8,COph100/033/033_M_GA30_BW1250_PA31_DG0_PF0_D1_S01_2__033_M_GA30_BW1250_PA33_DG0_PF0_D1_S02_1,COph100/patient/033,COph100,True,False,97649853447.23456,7.199957633201148e-06,20540791.656451978,True
20260925,sp_lg_h,1,test,ce0f14b486d56040,COph100/055-1/055_M_GA38_BW3245_PA40_DG13_PF0_D1_S01_10__055_M_GA38_BW3245_PA44_DG13_PF0_D1_S05_6,COph100/patient/055,COph100,True,True,39281513.67231593,7.199957633201148e-06,20540791.656451978,True
20260925,sp_lg_h,1,test,da1b669d55ceeb70,COph100/055-1/055_M_GA38_BW3245_PA40_DG13_PF0_D1_S01_10__055_M_GA38_BW3245_PA53_DG13_PF0_D1_S08_2,COph100/patient/055,COph100,True,False,3044205911.3357058,7.199957633201148e-06,20540791.656451978,True
20260925,sp_lg_h,1,test,cf804c649b733cd6,COph100/055-1/055_M_GA38_BW3245_PA40_DG13_PF0_D1_S01_10__055_M_GA38_BW3245_PA78_DG13_PF0_D1_S09_16,COph100/patient/055,COph100,True,True,107062547.19021197,7.199957633201148e-06,20540791.656451978,True
20260925,sp_lg_h,1,test,8ed14fb063327bae,COph100/055/055_M_GA38_BW3245_PA40_DG13_PF0_D1_S01_3__055_M_GA38_BW3245_PA53_DG13_PF0_D1_S08_7,COph100/patient/055,COph100,True,False,2501044028.0221753,7.199957633201148e-06,20540791.656451978,True
20260925,sp_lg_h,1,test,2541e8913ecb495c,COph100/055/055_M_GA38_BW3245_PA43_DG13_PF0_D1_S04_13__055_M_GA38_BW3245_PA78_DG13_PF0_D1_S09_6,COph100/patient/055,COph100,True,False,138446249.6936386,7.199957633201148e-06,20540791.656451978,True
20260925,sp_lg_h,2,train,3968ed21e45d9ba8,COph100/033/033_M_GA30_BW1250_PA31_DG0_PF0_D1_S01_2__033_M_GA30_BW1250_PA33_DG0_PF0_D1_S02_1,COph100/patient/033,COph100,True,False,97649853447.23456,8.08405186319934e-05,97649853447.23456,False
20260925,sp_lg_h,2,train,d9cae0da3a04d6af,COph100/052/052_M_GA26_BW820_PA31_DG1_PF0_D1_S01_3__052_M_GA26_BW820_PA46_DG2_PF0_D1_S07_6,COph100/patient/052,COph100,True,True,2220851.201832924,8.08405186319934e-05,97649853447.23456,False
20260925,sp_lg_h,2,train,77518ee0f8861b97,COph100/052/052_M_GA26_BW820_PA34_DG3_PF0_D1_S04_4__052_M_GA26_BW820_PA75_DG9_PF0_D1_S08_20,COph100/patient/052,COph100,True,True,20540791.656451978,8.08405186319934e-05,97649853447.23456,False
20260925,sp_lg_h,2,train,ce0f14b486d56040,COph100/055-1/055_M_GA38_BW3245_PA40_DG13_PF0_D1_S01_10__055_M_GA38_BW3245_PA44_DG13_PF0_D1_S05_6,COph100/patient/055,COph100,True,True,39281513.67231593,8.08405186319934e-05,97649853447.23456,False
20260925,sp_lg_h,2,train,da1b669d55ceeb70,COph100/055-1/055_M_GA38_BW3245_PA40_DG13_PF0_D1_S01_10__055_M_GA38_BW3245_PA53_DG13_PF0_D1_S08_2,COph100/patient/055,COph100,True,False,3044205911.3357058,8.08405186319934e-05,97649853447.23456,False
20260925,sp_lg_h,2,train,cf804c649b733cd6,COph100/055-1/055_M_GA38_BW3245_PA40_DG13_PF0_D1_S01_10__055_M_GA38_BW3245_PA78_DG13_PF0_D1_S09_16,COph100/patient/055,COph100,True,True,107062547.19021197,8.08405186319934e-05,97649853447.23456,False
20260925,sp_lg_h,2,train,8ed14fb063327bae,COph100/055/055_M_GA38_BW3245_PA40_DG13_PF0_D1_S01_3__055_M_GA38_BW3245_PA53_DG13_PF0_D1_S08_7,COph100/patient/055,COph100,True,False,2501044028.0221753,8.08405186319934e-05,97649853447.23456,False
20260925,sp_lg_h,2,train,2541e8913ecb495c,COph100/055/055_M_GA38_BW3245_PA43_DG13_PF0_D1_S04_13__055_M_GA38_BW3245_PA78_DG13_PF0_D1_S09_6,COph100/patient/055,COph100,True,False,138446249.6936386,8.08405186319934e-05,97649853447.23456,False
20260925,sp_lg_h,2,test,e72ba4a2fa2829d4,COph100/026-1/026_M_GA33_BW1700_PA36_DG11_PF0_D1_S02_6__026_M_GA33_BW1700_PA42_DG11_PF0_D1_S05_6,COph100/patient/026,COph100,True,True,2202054258.7223964,8.08405186319934e-05,97649853447.23456,False
20260925,sp_lg_h,2,test,4cc4583374a7f846,COph100/026/026_M_GA33_BW1700_PA36_DG11_PF0_D1_S02_10__026_M_GA33_BW1700_PA40_DG11_PF0_D1_S04_11,COph100/patient/026,COph100,True,True,11125766.607773216,8.08405186319934e-05,97649853447.23456,False
20260925,sp_lg_h,3,train,e72ba4a2fa2829d4,COph100/026-1/026_M_GA33_BW1700_PA36_DG11_PF0_D1_S02_6__026_M_GA33_BW1700_PA42_DG11_PF0_D1_S05_6,COph100/patient/026,COph100,True,True,2202054258.7223964,8.08405186319934e-05,97649853447.23456,False
20260925,sp_lg_h,3,train,4cc4583374a7f846,COph100/026/026_M_GA33_BW1700_PA36_DG11_PF0_D1_S02_10__026_M_GA33_BW1700_PA40_DG11_PF0_D1_S04_11,COph100/patient/026,COph100,True,True,11125766.607773216,8.08405186319934e-05,97649853447.23456,False
20260925,sp_lg_h,3,train,3968ed21e45d9ba8,COph100/033/033_M_GA30_BW1250_PA31_DG0_PF0_D1_S01_2__033_M_GA30_BW1250_PA33_DG0_PF0_D1_S02_1,COph100/patient/033,COph100,True,False,97649853447.23456,8.08405186319934e-05,97649853447.23456,False
20260925,sp_lg_h,3,train,ce0f14b486d56040,COph100/055-1/055_M_GA38_BW3245_PA40_DG13_PF0_D1_S01_10__055_M_GA38_BW3245_PA44_DG13_PF0_D1_S05_6,COph100/patient/055,COph100,True,True,39281513.67231593,8.08405186319934e-05,97649853447.23456,False
20260925,sp_lg_h,3,train,da1b669d55ceeb70,COph100/055-1/055_M_GA38_BW3245_PA40_DG13_PF0_D1_S01_10__055_M_GA38_BW3245_PA53_DG13_PF0_D1_S08_2,COph100/patient/055,COph100,True,False,3044205911.3357058,8.08405186319934e-05,97649853447.23456,False
20260925,sp_lg_h,3,train,cf804c649b733cd6,COph100/055-1/055_M_GA38_BW3245_PA40_DG13_PF0_D1_S01_10__055_M_GA38_BW3245_PA78_DG13_PF0_D1_S09_16,COph100/patient/055,COph100,True,True,107062547.19021197,8.08405186319934e-05,97649853447.23456,False
20260925,sp_lg_h,3,train,8ed14fb063327bae,COph100/055/055_M_GA38_BW3245_PA40_DG13_PF0_D1_S01_3__055_M_GA38_BW3245_PA53_DG13_PF0_D1_S08_7,COph100/patient/055,COph100,True,False,2501044028.0221753,8.08405186319934e-05,97649853447.23456,False
20260925,sp_lg_h,3,train,2541e8913ecb495c,COph100/055/055_M_GA38_BW3245_PA43_DG13_PF0_D1_S04_13__055_M_GA38_BW3245_PA78_DG13_PF0_D1_S09_6,COph100/patient/055,COph100,True,False,138446249.6936386,8.08405186319934e-05,97649853447.23456,False
20260925,sp_lg_h,3,calibration,d9cae0da3a04d6af,COph100/052/052_M_GA26_BW820_PA31_DG1_PF0_D1_S01_3__052_M_GA26_BW820_PA46_DG2_PF0_D1_S07_6,COph100/patient/052,COph100,True,True,2220851.201832924,8.08405186319934e-05,97649853447.23456,False
20260925,sp_lg_h,3,calibration,77518ee0f8861b97,COph100/052/052_M_GA26_BW820_PA34_DG3_PF0_D1_S04_4__052_M_GA26_BW820_PA75_DG9_PF0_D1_S08_20,COph100/patient/052,COph100,True,True,20540791.656451978,8.08405186319934e-05,97649853447.23456,False
20260925,sp_lg_h,4,train,e72ba4a2fa2829d4,COph100/026-1/026_M_GA33_BW1700_PA36_DG11_PF0_D1_S02_6__026_M_GA33_BW1700_PA42_DG11_PF0_D1_S05_6,COph100/patient/026,COph100,True,True,2202054258.7223964,7.199957633201148e-06,97649853447.23456,False
20260925,sp_lg_h,4,train,4cc4583374a7f846,COph100/026/026_M_GA33_BW1700_PA36_DG11_PF0_D1_S02_10__026_M_GA33_BW1700_PA40_DG11_PF0_D1_S04_11,COph100/patient/026,COph100,True,True,11125766.607773216,7.199957633201148e-06,97649853447.23456,False
20260925,sp_lg_h,4,train,3968ed21e45d9ba8,COph100/033/033_M_GA30_BW1250_PA31_DG0_PF0_D1_S01_2__033_M_GA30_BW1250_PA33_DG0_PF0_D1_S02_1,COph100/patient/033,COph100,True,False,97649853447.23456,7.199957633201148e-06,97649853447.23456,False
20260925,sp_lg_h,4,train,ce0f14b486d56040,COph100/055-1/055_M_GA38_BW3245_PA40_DG13_PF0_D1_S01_10__055_M_GA38_BW3245_PA44_DG13_PF0_D1_S05_6,COph100/patient/055,COph100,True,True,39281513.67231593,7.199957633201148e-06,97649853447.23456,False
20260925,sp_lg_h,4,train,da1b669d55ceeb70,COph100/055-1/055_M_GA38_BW3245_PA40_DG13_PF0_D1_S01_10__055_M_GA38_BW3245_PA53_DG13_PF0_D1_S08_2,COph100/patient/055,COph100,True,False,3044205911.3357058,7.199957633201148e-06,97649853447.23456,False
20260925,sp_lg_h,4,train,cf804c649b733cd6,COph100/055-1/055_M_GA38_BW3245_PA40_DG13_PF0_D1_S01_10__055_M_GA38_BW3245_PA78_DG13_PF0_D1_S09_16,COph100/patient/055,COph100,True,True,107062547.19021197,7.199957633201148e-06,97649853447.23456,False
20260925,sp_lg_h,4,train,8ed14fb063327bae,COph100/055/055_M_GA38_BW3245_PA40_DG13_PF0_D1_S01_3__055_M_GA38_BW3245_PA53_DG13_PF0_D1_S08_7,COph100/patient/055,COph100,True,False,2501044028.0221753,7.199957633201148e-06,97649853447.23456,False
20260925,sp_lg_h,4,train,2541e8913ecb495c,COph100/055/055_M_GA38_BW3245_PA43_DG13_PF0_D1_S04_13__055_M_GA38_BW3245_PA78_DG13_PF0_D1_S09_6,COph100/patient/055,COph100,True,False,138446249.6936386,7.199957633201148e-06,97649853447.23456,False
20260925,sp_lg_h,4,test,d9cae0da3a04d6af,COph100/052/052_M_GA26_BW820_PA31_DG1_PF0_D1_S01_3__052_M_GA26_BW820_PA46_DG2_PF0_D1_S07_6,COph100/patient/052,COph100,True,True,2220851.201832924,7.199957633201148e-06,97649853447.23456,False
20260925,sp_lg_h,4,test,77518ee0f8861b97,COph100/052/052_M_GA26_BW820_PA34_DG3_PF0_D1_S04_4__052_M_GA26_BW820_PA75_DG9_PF0_D1_S08_20,COph100/patient/052,COph100,True,True,20540791.656451978,7.199957633201148e-06,97649853447.23456,False
20260926,xfeat_h,0,train,a3b2e2934c364e2a,COph100/055-1/055_M_GA38_BW3245_PA42_DG13_PF0_D1_S03_2__055_M_GA38_BW3245_PA78_DG13_PF0_D1_S09_16,COph100/patient/055,COph100,True,False,8654742027.155737,0.0001457267406006129,8654742027.155737,False
20260926,xfeat_h,0,train,11bcaf81af6206b4,COph100/055/055_M_GA38_BW3245_PA43_DG13_PF0_D1_S04_13__055_M_GA38_BW3245_PA78_DG13_PF0_D1_S09_6,COph100/patient/055,COph100,True,True,1045006731.0949349,0.0001457267406006129,8654742027.155737,False
20260926,xfeat_h,1,train,a3b2e2934c364e2a,COph100/055-1/055_M_GA38_BW3245_PA42_DG13_PF0_D1_S03_2__055_M_GA38_BW3245_PA78_DG13_PF0_D1_S09_16,COph100/patient/055,COph100,True,False,8654742027.155737,4.519873533058088e-06,8654742027.155737,False
20260926,xfeat_h,1,train,11bcaf81af6206b4,COph100/055/055_M_GA38_BW3245_PA43_DG13_PF0_D1_S04_13__055_M_GA38_BW3245_PA78_DG13_PF0_D1_S09_6,COph100/patient/055,COph100,True,True,1045006731.0949349,4.519873533058088e-06,8654742027.155737,False
20260926,xfeat_h,2,calibration,a3b2e2934c364e2a,COph100/055-1/055_M_GA38_BW3245_PA42_DG13_PF0_D1_S03_2__055_M_GA38_BW3245_PA78_DG13_PF0_D1_S09_16,COph100/patient/055,COph100,True,False,8654742027.155737,4.519873533058088e-06,325.00934027783336,True
20260926,xfeat_h,2,calibration,11bcaf81af6206b4,COph100/055/055_M_GA38_BW3245_PA43_DG13_PF0_D1_S04_13__055_M_GA38_BW3245_PA78_DG13_PF0_D1_S09_6,COph100/patient/055,COph100,True,True,1045006731.0949349,4.519873533058088e-06,325.00934027783336,True
20260926,xfeat_h,3,test,a3b2e2934c364e2a,COph100/055-1/055_M_GA38_BW3245_PA42_DG13_PF0_D1_S03_2__055_M_GA38_BW3245_PA78_DG13_PF0_D1_S09_16,COph100/patient/055,COph100,True,False,8654742027.155737,4.519873533058088e-06,325.00934027783336,True
20260926,xfeat_h,3,test,11bcaf81af6206b4,COph100/055/055_M_GA38_BW3245_PA43_DG13_PF0_D1_S04_13__055_M_GA38_BW3245_PA78_DG13_PF0_D1_S09_6,COph100/patient/055,COph100,True,True,1045006731.0949349,4.519873533058088e-06,325.00934027783336,True
20260926,xfeat_h,4,train,a3b2e2934c364e2a,COph100/055-1/055_M_GA38_BW3245_PA42_DG13_PF0_D1_S03_2__055_M_GA38_BW3245_PA78_DG13_PF0_D1_S09_16,COph100/patient/055,COph100,True,False,8654742027.155737,0.00014467802307445814,8654742027.155737,False
20260926,xfeat_h,4,train,11bcaf81af6206b4,COph100/055/055_M_GA38_BW3245_PA43_DG13_PF0_D1_S04_13__055_M_GA38_BW3245_PA78_DG13_PF0_D1_S09_6,COph100/patient/055,COph100,True,True,1045006731.0949349,0.00014467802307445814,8654742027.155737,False
20260926,sp_lg_h,0,train,3968ed21e45d9ba8,COph100/033/033_M_GA30_BW1250_PA31_DG0_PF0_D1_S01_2__033_M_GA30_BW1250_PA33_DG0_PF0_D1_S02_1,COph100/patient/033,COph100,True,False,97649853447.23456,8.08405186319934e-05,97649853447.23456,False
20260926,sp_lg_h,0,train,d9cae0da3a04d6af,COph100/052/052_M_GA26_BW820_PA31_DG1_PF0_D1_S01_3__052_M_GA26_BW820_PA46_DG2_PF0_D1_S07_6,COph100/patient/052,COph100,True,True,2220851.201832924,8.08405186319934e-05,97649853447.23456,False
20260926,sp_lg_h,0,train,77518ee0f8861b97,COph100/052/052_M_GA26_BW820_PA34_DG3_PF0_D1_S04_4__052_M_GA26_BW820_PA75_DG9_PF0_D1_S08_20,COph100/patient/052,COph100,True,True,20540791.656451978,8.08405186319934e-05,97649853447.23456,False
20260926,sp_lg_h,0,train,ce0f14b486d56040,COph100/055-1/055_M_GA38_BW3245_PA40_DG13_PF0_D1_S01_10__055_M_GA38_BW3245_PA44_DG13_PF0_D1_S05_6,COph100/patient/055,COph100,True,True,39281513.67231593,8.08405186319934e-05,97649853447.23456,False
20260926,sp_lg_h,0,train,da1b669d55ceeb70,COph100/055-1/055_M_GA38_BW3245_PA40_DG13_PF0_D1_S01_10__055_M_GA38_BW3245_PA53_DG13_PF0_D1_S08_2,COph100/patient/055,COph100,True,False,3044205911.3357058,8.08405186319934e-05,97649853447.23456,False
20260926,sp_lg_h,0,train,cf804c649b733cd6,COph100/055-1/055_M_GA38_BW3245_PA40_DG13_PF0_D1_S01_10__055_M_GA38_BW3245_PA78_DG13_PF0_D1_S09_16,COph100/patient/055,COph100,True,True,107062547.19021197,8.08405186319934e-05,97649853447.23456,False
20260926,sp_lg_h,0,train,8ed14fb063327bae,COph100/055/055_M_GA38_BW3245_PA40_DG13_PF0_D1_S01_3__055_M_GA38_BW3245_PA53_DG13_PF0_D1_S08_7,COph100/patient/055,COph100,True,False,2501044028.0221753,8.08405186319934e-05,97649853447.23456,False
20260926,sp_lg_h,0,train,2541e8913ecb495c,COph100/055/055_M_GA38_BW3245_PA43_DG13_PF0_D1_S04_13__055_M_GA38_BW3245_PA78_DG13_PF0_D1_S09_6,COph100/patient/055,COph100,True,False,138446249.6936386,8.08405186319934e-05,97649853447.23456,False
20260926,sp_lg_h,0,calibration,e72ba4a2fa2829d4,COph100/026-1/026_M_GA33_BW1700_PA36_DG11_PF0_D1_S02_6__026_M_GA33_BW1700_PA42_DG11_PF0_D1_S05_6,COph100/patient/026,COph100,True,True,2202054258.7223964,8.08405186319934e-05,97649853447.23456,False
20260926,sp_lg_h,0,calibration,4cc4583374a7f846,COph100/026/026_M_GA33_BW1700_PA36_DG11_PF0_D1_S02_10__026_M_GA33_BW1700_PA40_DG11_PF0_D1_S04_11,COph100/patient/026,COph100,True,True,11125766.607773216,8.08405186319934e-05,97649853447.23456,False
20260926,sp_lg_h,1,train,3968ed21e45d9ba8,COph100/033/033_M_GA30_BW1250_PA31_DG0_PF0_D1_S01_2__033_M_GA30_BW1250_PA33_DG0_PF0_D1_S02_1,COph100/patient/033,COph100,True,False,97649853447.23456,7.199957633201148e-06,97649853447.23456,False
20260926,sp_lg_h,1,train,d9cae0da3a04d6af,COph100/052/052_M_GA26_BW820_PA31_DG1_PF0_D1_S01_3__052_M_GA26_BW820_PA46_DG2_PF0_D1_S07_6,COph100/patient/052,COph100,True,True,2220851.201832924,7.199957633201148e-06,97649853447.23456,False
20260926,sp_lg_h,1,train,77518ee0f8861b97,COph100/052/052_M_GA26_BW820_PA34_DG3_PF0_D1_S04_4__052_M_GA26_BW820_PA75_DG9_PF0_D1_S08_20,COph100/patient/052,COph100,True,True,20540791.656451978,7.199957633201148e-06,97649853447.23456,False
20260926,sp_lg_h,1,train,ce0f14b486d56040,COph100/055-1/055_M_GA38_BW3245_PA40_DG13_PF0_D1_S01_10__055_M_GA38_BW3245_PA44_DG13_PF0_D1_S05_6,COph100/patient/055,COph100,True,True,39281513.67231593,7.199957633201148e-06,97649853447.23456,False
20260926,sp_lg_h,1,train,da1b669d55ceeb70,COph100/055-1/055_M_GA38_BW3245_PA40_DG13_PF0_D1_S01_10__055_M_GA38_BW3245_PA53_DG13_PF0_D1_S08_2,COph100/patient/055,COph100,True,False,3044205911.3357058,7.199957633201148e-06,97649853447.23456,False
20260926,sp_lg_h,1,train,cf804c649b733cd6,COph100/055-1/055_M_GA38_BW3245_PA40_DG13_PF0_D1_S01_10__055_M_GA38_BW3245_PA78_DG13_PF0_D1_S09_16,COph100/patient/055,COph100,True,True,107062547.19021197,7.199957633201148e-06,97649853447.23456,False
20260926,sp_lg_h,1,train,8ed14fb063327bae,COph100/055/055_M_GA38_BW3245_PA40_DG13_PF0_D1_S01_3__055_M_GA38_BW3245_PA53_DG13_PF0_D1_S08_7,COph100/patient/055,COph100,True,False,2501044028.0221753,7.199957633201148e-06,97649853447.23456,False
20260926,sp_lg_h,1,train,2541e8913ecb495c,COph100/055/055_M_GA38_BW3245_PA43_DG13_PF0_D1_S04_13__055_M_GA38_BW3245_PA78_DG13_PF0_D1_S09_6,COph100/patient/055,COph100,True,False,138446249.6936386,7.199957633201148e-06,97649853447.23456,False
20260926,sp_lg_h,1,test,e72ba4a2fa2829d4,COph100/026-1/026_M_GA33_BW1700_PA36_DG11_PF0_D1_S02_6__026_M_GA33_BW1700_PA42_DG11_PF0_D1_S05_6,COph100/patient/026,COph100,True,True,2202054258.7223964,7.199957633201148e-06,97649853447.23456,False
20260926,sp_lg_h,1,test,4cc4583374a7f846,COph100/026/026_M_GA33_BW1700_PA36_DG11_PF0_D1_S02_10__026_M_GA33_BW1700_PA40_DG11_PF0_D1_S04_11,COph100/patient/026,COph100,True,True,11125766.607773216,7.199957633201148e-06,97649853447.23456,False
20260926,sp_lg_h,2,train,e72ba4a2fa2829d4,COph100/026-1/026_M_GA33_BW1700_PA36_DG11_PF0_D1_S02_6__026_M_GA33_BW1700_PA42_DG11_PF0_D1_S05_6,COph100/patient/026,COph100,True,True,2202054258.7223964,7.199957633201148e-06,2202054258.7223964,False
20260926,sp_lg_h,2,train,4cc4583374a7f846,COph100/026/026_M_GA33_BW1700_PA36_DG11_PF0_D1_S02_10__026_M_GA33_BW1700_PA40_DG11_PF0_D1_S04_11,COph100/patient/026,COph100,True,True,11125766.607773216,7.199957633201148e-06,2202054258.7223964,False
20260926,sp_lg_h,2,calibration,3968ed21e45d9ba8,COph100/033/033_M_GA30_BW1250_PA31_DG0_PF0_D1_S01_2__033_M_GA30_BW1250_PA33_DG0_PF0_D1_S02_1,COph100/patient/033,COph100,True,False,97649853447.23456,7.199957633201148e-06,2202054258.7223964,True
20260926,sp_lg_h,2,calibration,d9cae0da3a04d6af,COph100/052/052_M_GA26_BW820_PA31_DG1_PF0_D1_S01_3__052_M_GA26_BW820_PA46_DG2_PF0_D1_S07_6,COph100/patient/052,COph100,True,True,2220851.201832924,7.199957633201148e-06,2202054258.7223964,False
20260926,sp_lg_h,2,calibration,77518ee0f8861b97,COph100/052/052_M_GA26_BW820_PA34_DG3_PF0_D1_S04_4__052_M_GA26_BW820_PA75_DG9_PF0_D1_S08_20,COph100/patient/052,COph100,True,True,20540791.656451978,7.199957633201148e-06,2202054258.7223964,False
20260926,sp_lg_h,2,calibration,ce0f14b486d56040,COph100/055-1/055_M_GA38_BW3245_PA40_DG13_PF0_D1_S01_10__055_M_GA38_BW3245_PA44_DG13_PF0_D1_S05_6,COph100/patient/055,COph100,True,True,39281513.67231593,7.199957633201148e-06,2202054258.7223964,False
20260926,sp_lg_h,2,calibration,da1b669d55ceeb70,COph100/055-1/055_M_GA38_BW3245_PA40_DG13_PF0_D1_S01_10__055_M_GA38_BW3245_PA53_DG13_PF0_D1_S08_2,COph100/patient/055,COph100,True,False,3044205911.3357058,7.199957633201148e-06,2202054258.7223964,True
20260926,sp_lg_h,2,calibration,cf804c649b733cd6,COph100/055-1/055_M_GA38_BW3245_PA40_DG13_PF0_D1_S01_10__055_M_GA38_BW3245_PA78_DG13_PF0_D1_S09_16,COph100/patient/055,COph100,True,True,107062547.19021197,7.199957633201148e-06,2202054258.7223964,False
20260926,sp_lg_h,2,calibration,8ed14fb063327bae,COph100/055/055_M_GA38_BW3245_PA40_DG13_PF0_D1_S01_3__055_M_GA38_BW3245_PA53_DG13_PF0_D1_S08_7,COph100/patient/055,COph100,True,False,2501044028.0221753,7.199957633201148e-06,2202054258.7223964,True
20260926,sp_lg_h,2,calibration,2541e8913ecb495c,COph100/055/055_M_GA38_BW3245_PA43_DG13_PF0_D1_S04_13__055_M_GA38_BW3245_PA78_DG13_PF0_D1_S09_6,COph100/patient/055,COph100,True,False,138446249.6936386,7.199957633201148e-06,2202054258.7223964,False
20260926,sp_lg_h,3,train,e72ba4a2fa2829d4,COph100/026-1/026_M_GA33_BW1700_PA36_DG11_PF0_D1_S02_6__026_M_GA33_BW1700_PA42_DG11_PF0_D1_S05_6,COph100/patient/026,COph100,True,True,2202054258.7223964,7.199957633201148e-06,2202054258.7223964,False
20260926,sp_lg_h,3,train,4cc4583374a7f846,COph100/026/026_M_GA33_BW1700_PA36_DG11_PF0_D1_S02_10__026_M_GA33_BW1700_PA40_DG11_PF0_D1_S04_11,COph100/patient/026,COph100,True,True,11125766.607773216,7.199957633201148e-06,2202054258.7223964,False
20260926,sp_lg_h,3,test,3968ed21e45d9ba8,COph100/033/033_M_GA30_BW1250_PA31_DG0_PF0_D1_S01_2__033_M_GA30_BW1250_PA33_DG0_PF0_D1_S02_1,COph100/patient/033,COph100,True,False,97649853447.23456,7.199957633201148e-06,2202054258.7223964,True
20260926,sp_lg_h,3,test,d9cae0da3a04d6af,COph100/052/052_M_GA26_BW820_PA31_DG1_PF0_D1_S01_3__052_M_GA26_BW820_PA46_DG2_PF0_D1_S07_6,COph100/patient/052,COph100,True,True,2220851.201832924,7.199957633201148e-06,2202054258.7223964,False
20260926,sp_lg_h,3,test,77518ee0f8861b97,COph100/052/052_M_GA26_BW820_PA34_DG3_PF0_D1_S04_4__052_M_GA26_BW820_PA75_DG9_PF0_D1_S08_20,COph100/patient/052,COph100,True,True,20540791.656451978,7.199957633201148e-06,2202054258.7223964,False
20260926,sp_lg_h,3,test,ce0f14b486d56040,COph100/055-1/055_M_GA38_BW3245_PA40_DG13_PF0_D1_S01_10__055_M_GA38_BW3245_PA44_DG13_PF0_D1_S05_6,COph100/patient/055,COph100,True,True,39281513.67231593,7.199957633201148e-06,2202054258.7223964,False
20260926,sp_lg_h,3,test,da1b669d55ceeb70,COph100/055-1/055_M_GA38_BW3245_PA40_DG13_PF0_D1_S01_10__055_M_GA38_BW3245_PA53_DG13_PF0_D1_S08_2,COph100/patient/055,COph100,True,False,3044205911.3357058,7.199957633201148e-06,2202054258.7223964,True
20260926,sp_lg_h,3,test,cf804c649b733cd6,COph100/055-1/055_M_GA38_BW3245_PA40_DG13_PF0_D1_S01_10__055_M_GA38_BW3245_PA78_DG13_PF0_D1_S09_16,COph100/patient/055,COph100,True,True,107062547.19021197,7.199957633201148e-06,2202054258.7223964,False
20260926,sp_lg_h,3,test,8ed14fb063327bae,COph100/055/055_M_GA38_BW3245_PA40_DG13_PF0_D1_S01_3__055_M_GA38_BW3245_PA53_DG13_PF0_D1_S08_7,COph100/patient/055,COph100,True,False,2501044028.0221753,7.199957633201148e-06,2202054258.7223964,True
20260926,sp_lg_h,3,test,2541e8913ecb495c,COph100/055/055_M_GA38_BW3245_PA43_DG13_PF0_D1_S04_13__055_M_GA38_BW3245_PA78_DG13_PF0_D1_S09_6,COph100/patient/055,COph100,True,False,138446249.6936386,7.199957633201148e-06,2202054258.7223964,False
20260926,sp_lg_h,4,train,e72ba4a2fa2829d4,COph100/026-1/026_M_GA33_BW1700_PA36_DG11_PF0_D1_S02_6__026_M_GA33_BW1700_PA42_DG11_PF0_D1_S05_6,COph100/patient/026,COph100,True,True,2202054258.7223964,8.08405186319934e-05,97649853447.23456,False
20260926,sp_lg_h,4,train,4cc4583374a7f846,COph100/026/026_M_GA33_BW1700_PA36_DG11_PF0_D1_S02_10__026_M_GA33_BW1700_PA40_DG11_PF0_D1_S04_11,COph100/patient/026,COph100,True,True,11125766.607773216,8.08405186319934e-05,97649853447.23456,False
20260926,sp_lg_h,4,train,3968ed21e45d9ba8,COph100/033/033_M_GA30_BW1250_PA31_DG0_PF0_D1_S01_2__033_M_GA30_BW1250_PA33_DG0_PF0_D1_S02_1,COph100/patient/033,COph100,True,False,97649853447.23456,8.08405186319934e-05,97649853447.23456,False
20260926,sp_lg_h,4,train,d9cae0da3a04d6af,COph100/052/052_M_GA26_BW820_PA31_DG1_PF0_D1_S01_3__052_M_GA26_BW820_PA46_DG2_PF0_D1_S07_6,COph100/patient/052,COph100,True,True,2220851.201832924,8.08405186319934e-05,97649853447.23456,False
20260926,sp_lg_h,4,train,77518ee0f8861b97,COph100/052/052_M_GA26_BW820_PA34_DG3_PF0_D1_S04_4__052_M_GA26_BW820_PA75_DG9_PF0_D1_S08_20,COph100/patient/052,COph100,True,True,20540791.656451978,8.08405186319934e-05,97649853447.23456,False
20260926,sp_lg_h,4,train,ce0f14b486d56040,COph100/055-1/055_M_GA38_BW3245_PA40_DG13_PF0_D1_S01_10__055_M_GA38_BW3245_PA44_DG13_PF0_D1_S05_6,COph100/patient/055,COph100,True,True,39281513.67231593,8.08405186319934e-05,97649853447.23456,False
20260926,sp_lg_h,4,train,da1b669d55ceeb70,COph100/055-1/055_M_GA38_BW3245_PA40_DG13_PF0_D1_S01_10__055_M_GA38_BW3245_PA53_DG13_PF0_D1_S08_2,COph100/patient/055,COph100,True,False,3044205911.3357058,8.08405186319934e-05,97649853447.23456,False
20260926,sp_lg_h,4,train,cf804c649b733cd6,COph100/055-1/055_M_GA38_BW3245_PA40_DG13_PF0_D1_S01_10__055_M_GA38_BW3245_PA78_DG13_PF0_D1_S09_16,COph100/patient/055,COph100,True,True,107062547.19021197,8.08405186319934e-05,97649853447.23456,False
20260926,sp_lg_h,4,train,8ed14fb063327bae,COph100/055/055_M_GA38_BW3245_PA40_DG13_PF0_D1_S01_3__055_M_GA38_BW3245_PA53_DG13_PF0_D1_S08_7,COph100/patient/055,COph100,True,False,2501044028.0221753,8.08405186319934e-05,97649853447.23456,False
20260926,sp_lg_h,4,train,2541e8913ecb495c,COph100/055/055_M_GA38_BW3245_PA43_DG13_PF0_D1_S04_13__055_M_GA38_BW3245_PA78_DG13_PF0_D1_S09_6,COph100/patient/055,COph100,True,False,138446249.6936386,8.08405186319934e-05,97649853447.23456,False
20260927,xfeat_h,0,test,a3b2e2934c364e2a,COph100/055-1/055_M_GA38_BW3245_PA42_DG13_PF0_D1_S03_2__055_M_GA38_BW3245_PA78_DG13_PF0_D1_S09_16,COph100/patient/055,COph100,True,False,8654742027.155737,0.00020122895389845964,2.5687078104405834,True
20260927,xfeat_h,0,test,11bcaf81af6206b4,COph100/055/055_M_GA38_BW3245_PA43_DG13_PF0_D1_S04_13__055_M_GA38_BW3245_PA78_DG13_PF0_D1_S09_6,COph100/patient/055,COph100,True,True,1045006731.0949349,0.00020122895389845964,2.5687078104405834,True
20260927,xfeat_h,1,train,a3b2e2934c364e2a,COph100/055-1/055_M_GA38_BW3245_PA42_DG13_PF0_D1_S03_2__055_M_GA38_BW3245_PA78_DG13_PF0_D1_S09_16,COph100/patient/055,COph100,True,False,8654742027.155737,0.00014467802307445814,8654742027.155737,False
20260927,xfeat_h,1,train,11bcaf81af6206b4,COph100/055/055_M_GA38_BW3245_PA43_DG13_PF0_D1_S04_13__055_M_GA38_BW3245_PA78_DG13_PF0_D1_S09_6,COph100/patient/055,COph100,True,True,1045006731.0949349,0.00014467802307445814,8654742027.155737,False
20260927,xfeat_h,2,train,a3b2e2934c364e2a,COph100/055-1/055_M_GA38_BW3245_PA42_DG13_PF0_D1_S03_2__055_M_GA38_BW3245_PA78_DG13_PF0_D1_S09_16,COph100/patient/055,COph100,True,False,8654742027.155737,4.519873533058088e-06,8654742027.155737,False
20260927,xfeat_h,2,train,11bcaf81af6206b4,COph100/055/055_M_GA38_BW3245_PA43_DG13_PF0_D1_S04_13__055_M_GA38_BW3245_PA78_DG13_PF0_D1_S09_6,COph100/patient/055,COph100,True,True,1045006731.0949349,4.519873533058088e-06,8654742027.155737,False
20260927,xfeat_h,3,train,a3b2e2934c364e2a,COph100/055-1/055_M_GA38_BW3245_PA42_DG13_PF0_D1_S03_2__055_M_GA38_BW3245_PA78_DG13_PF0_D1_S09_16,COph100/patient/055,COph100,True,False,8654742027.155737,4.519873533058088e-06,8654742027.155737,False
20260927,xfeat_h,3,train,11bcaf81af6206b4,COph100/055/055_M_GA38_BW3245_PA43_DG13_PF0_D1_S04_13__055_M_GA38_BW3245_PA78_DG13_PF0_D1_S09_6,COph100/patient/055,COph100,True,True,1045006731.0949349,4.519873533058088e-06,8654742027.155737,False
20260927,xfeat_h,4,calibration,a3b2e2934c364e2a,COph100/055-1/055_M_GA38_BW3245_PA42_DG13_PF0_D1_S03_2__055_M_GA38_BW3245_PA78_DG13_PF0_D1_S09_16,COph100/patient/055,COph100,True,False,8654742027.155737,4.519873533058088e-06,325.00934027783336,True
20260927,xfeat_h,4,calibration,11bcaf81af6206b4,COph100/055/055_M_GA38_BW3245_PA43_DG13_PF0_D1_S04_13__055_M_GA38_BW3245_PA78_DG13_PF0_D1_S09_6,COph100/patient/055,COph100,True,True,1045006731.0949349,4.519873533058088e-06,325.00934027783336,True
20260927,sp_lg_h,0,train,e72ba4a2fa2829d4,COph100/026-1/026_M_GA33_BW1700_PA36_DG11_PF0_D1_S02_6__026_M_GA33_BW1700_PA42_DG11_PF0_D1_S05_6,COph100/patient/026,COph100,True,True,2202054258.7223964,8.08405186319934e-05,97649853447.23456,False
20260927,sp_lg_h,0,train,4cc4583374a7f846,COph100/026/026_M_GA33_BW1700_PA36_DG11_PF0_D1_S02_10__026_M_GA33_BW1700_PA40_DG11_PF0_D1_S04_11,COph100/patient/026,COph100,True,True,11125766.607773216,8.08405186319934e-05,97649853447.23456,False
20260927,sp_lg_h,0,train,3968ed21e45d9ba8,COph100/033/033_M_GA30_BW1250_PA31_DG0_PF0_D1_S01_2__033_M_GA30_BW1250_PA33_DG0_PF0_D1_S02_1,COph100/patient/033,COph100,True,False,97649853447.23456,8.08405186319934e-05,97649853447.23456,False
20260927,sp_lg_h,0,test,d9cae0da3a04d6af,COph100/052/052_M_GA26_BW820_PA31_DG1_PF0_D1_S01_3__052_M_GA26_BW820_PA46_DG2_PF0_D1_S07_6,COph100/patient/052,COph100,True,True,2220851.201832924,8.08405186319934e-05,97649853447.23456,False
20260927,sp_lg_h,0,test,77518ee0f8861b97,COph100/052/052_M_GA26_BW820_PA34_DG3_PF0_D1_S04_4__052_M_GA26_BW820_PA75_DG9_PF0_D1_S08_20,COph100/patient/052,COph100,True,True,20540791.656451978,8.08405186319934e-05,97649853447.23456,False
20260927,sp_lg_h,0,test,ce0f14b486d56040,COph100/055-1/055_M_GA38_BW3245_PA40_DG13_PF0_D1_S01_10__055_M_GA38_BW3245_PA44_DG13_PF0_D1_S05_6,COph100/patient/055,COph100,True,True,39281513.67231593,8.08405186319934e-05,97649853447.23456,False
20260927,sp_lg_h,0,test,da1b669d55ceeb70,COph100/055-1/055_M_GA38_BW3245_PA40_DG13_PF0_D1_S01_10__055_M_GA38_BW3245_PA53_DG13_PF0_D1_S08_2,COph100/patient/055,COph100,True,False,3044205911.3357058,8.08405186319934e-05,97649853447.23456,False
20260927,sp_lg_h,0,test,cf804c649b733cd6,COph100/055-1/055_M_GA38_BW3245_PA40_DG13_PF0_D1_S01_10__055_M_GA38_BW3245_PA78_DG13_PF0_D1_S09_16,COph100/patient/055,COph100,True,True,107062547.19021197,8.08405186319934e-05,97649853447.23456,False
20260927,sp_lg_h,0,test,8ed14fb063327bae,COph100/055/055_M_GA38_BW3245_PA40_DG13_PF0_D1_S01_3__055_M_GA38_BW3245_PA53_DG13_PF0_D1_S08_7,COph100/patient/055,COph100,True,False,2501044028.0221753,8.08405186319934e-05,97649853447.23456,False
20260927,sp_lg_h,0,test,2541e8913ecb495c,COph100/055/055_M_GA38_BW3245_PA43_DG13_PF0_D1_S04_13__055_M_GA38_BW3245_PA78_DG13_PF0_D1_S09_6,COph100/patient/055,COph100,True,False,138446249.6936386,8.08405186319934e-05,97649853447.23456,False
20260927,sp_lg_h,1,train,e72ba4a2fa2829d4,COph100/026-1/026_M_GA33_BW1700_PA36_DG11_PF0_D1_S02_6__026_M_GA33_BW1700_PA42_DG11_PF0_D1_S05_6,COph100/patient/026,COph100,True,True,2202054258.7223964,8.08405186319934e-05,97649853447.23456,False
20260927,sp_lg_h,1,train,4cc4583374a7f846,COph100/026/026_M_GA33_BW1700_PA36_DG11_PF0_D1_S02_10__026_M_GA33_BW1700_PA40_DG11_PF0_D1_S04_11,COph100/patient/026,COph100,True,True,11125766.607773216,8.08405186319934e-05,97649853447.23456,False
20260927,sp_lg_h,1,train,3968ed21e45d9ba8,COph100/033/033_M_GA30_BW1250_PA31_DG0_PF0_D1_S01_2__033_M_GA30_BW1250_PA33_DG0_PF0_D1_S02_1,COph100/patient/033,COph100,True,False,97649853447.23456,8.08405186319934e-05,97649853447.23456,False
20260927,sp_lg_h,1,train,d9cae0da3a04d6af,COph100/052/052_M_GA26_BW820_PA31_DG1_PF0_D1_S01_3__052_M_GA26_BW820_PA46_DG2_PF0_D1_S07_6,COph100/patient/052,COph100,True,True,2220851.201832924,8.08405186319934e-05,97649853447.23456,False
20260927,sp_lg_h,1,train,77518ee0f8861b97,COph100/052/052_M_GA26_BW820_PA34_DG3_PF0_D1_S04_4__052_M_GA26_BW820_PA75_DG9_PF0_D1_S08_20,COph100/patient/052,COph100,True,True,20540791.656451978,8.08405186319934e-05,97649853447.23456,False
20260927,sp_lg_h,1,train,ce0f14b486d56040,COph100/055-1/055_M_GA38_BW3245_PA40_DG13_PF0_D1_S01_10__055_M_GA38_BW3245_PA44_DG13_PF0_D1_S05_6,COph100/patient/055,COph100,True,True,39281513.67231593,8.08405186319934e-05,97649853447.23456,False
20260927,sp_lg_h,1,train,da1b669d55ceeb70,COph100/055-1/055_M_GA38_BW3245_PA40_DG13_PF0_D1_S01_10__055_M_GA38_BW3245_PA53_DG13_PF0_D1_S08_2,COph100/patient/055,COph100,True,False,3044205911.3357058,8.08405186319934e-05,97649853447.23456,False
20260927,sp_lg_h,1,train,cf804c649b733cd6,COph100/055-1/055_M_GA38_BW3245_PA40_DG13_PF0_D1_S01_10__055_M_GA38_BW3245_PA78_DG13_PF0_D1_S09_16,COph100/patient/055,COph100,True,True,107062547.19021197,8.08405186319934e-05,97649853447.23456,False
20260927,sp_lg_h,1,train,8ed14fb063327bae,COph100/055/055_M_GA38_BW3245_PA40_DG13_PF0_D1_S01_3__055_M_GA38_BW3245_PA53_DG13_PF0_D1_S08_7,COph100/patient/055,COph100,True,False,2501044028.0221753,8.08405186319934e-05,97649853447.23456,False
20260927,sp_lg_h,1,train,2541e8913ecb495c,COph100/055/055_M_GA38_BW3245_PA43_DG13_PF0_D1_S04_13__055_M_GA38_BW3245_PA78_DG13_PF0_D1_S09_6,COph100/patient/055,COph100,True,False,138446249.6936386,8.08405186319934e-05,97649853447.23456,False
20260927,sp_lg_h,2,train,d9cae0da3a04d6af,COph100/052/052_M_GA26_BW820_PA31_DG1_PF0_D1_S01_3__052_M_GA26_BW820_PA46_DG2_PF0_D1_S07_6,COph100/patient/052,COph100,True,True,2220851.201832924,7.199957633201148e-06,3044205911.3357058,False
20260927,sp_lg_h,2,train,77518ee0f8861b97,COph100/052/052_M_GA26_BW820_PA34_DG3_PF0_D1_S04_4__052_M_GA26_BW820_PA75_DG9_PF0_D1_S08_20,COph100/patient/052,COph100,True,True,20540791.656451978,7.199957633201148e-06,3044205911.3357058,False
20260927,sp_lg_h,2,train,ce0f14b486d56040,COph100/055-1/055_M_GA38_BW3245_PA40_DG13_PF0_D1_S01_10__055_M_GA38_BW3245_PA44_DG13_PF0_D1_S05_6,COph100/patient/055,COph100,True,True,39281513.67231593,7.199957633201148e-06,3044205911.3357058,False
20260927,sp_lg_h,2,train,da1b669d55ceeb70,COph100/055-1/055_M_GA38_BW3245_PA40_DG13_PF0_D1_S01_10__055_M_GA38_BW3245_PA53_DG13_PF0_D1_S08_2,COph100/patient/055,COph100,True,False,3044205911.3357058,7.199957633201148e-06,3044205911.3357058,False
20260927,sp_lg_h,2,train,cf804c649b733cd6,COph100/055-1/055_M_GA38_BW3245_PA40_DG13_PF0_D1_S01_10__055_M_GA38_BW3245_PA78_DG13_PF0_D1_S09_16,COph100/patient/055,COph100,True,True,107062547.19021197,7.199957633201148e-06,3044205911.3357058,False
20260927,sp_lg_h,2,train,8ed14fb063327bae,COph100/055/055_M_GA38_BW3245_PA40_DG13_PF0_D1_S01_3__055_M_GA38_BW3245_PA53_DG13_PF0_D1_S08_7,COph100/patient/055,COph100,True,False,2501044028.0221753,7.199957633201148e-06,3044205911.3357058,False
20260927,sp_lg_h,2,train,2541e8913ecb495c,COph100/055/055_M_GA38_BW3245_PA43_DG13_PF0_D1_S04_13__055_M_GA38_BW3245_PA78_DG13_PF0_D1_S09_6,COph100/patient/055,COph100,True,False,138446249.6936386,7.199957633201148e-06,3044205911.3357058,False
20260927,sp_lg_h,2,calibration,e72ba4a2fa2829d4,COph100/026-1/026_M_GA33_BW1700_PA36_DG11_PF0_D1_S02_6__026_M_GA33_BW1700_PA42_DG11_PF0_D1_S05_6,COph100/patient/026,COph100,True,True,2202054258.7223964,7.199957633201148e-06,3044205911.3357058,False
20260927,sp_lg_h,2,calibration,4cc4583374a7f846,COph100/026/026_M_GA33_BW1700_PA36_DG11_PF0_D1_S02_10__026_M_GA33_BW1700_PA40_DG11_PF0_D1_S04_11,COph100/patient/026,COph100,True,True,11125766.607773216,7.199957633201148e-06,3044205911.3357058,False
20260927,sp_lg_h,2,calibration,3968ed21e45d9ba8,COph100/033/033_M_GA30_BW1250_PA31_DG0_PF0_D1_S01_2__033_M_GA30_BW1250_PA33_DG0_PF0_D1_S02_1,COph100/patient/033,COph100,True,False,97649853447.23456,7.199957633201148e-06,3044205911.3357058,True
20260927,sp_lg_h,3,train,d9cae0da3a04d6af,COph100/052/052_M_GA26_BW820_PA31_DG1_PF0_D1_S01_3__052_M_GA26_BW820_PA46_DG2_PF0_D1_S07_6,COph100/patient/052,COph100,True,True,2220851.201832924,7.199957633201148e-06,3044205911.3357058,False
20260927,sp_lg_h,3,train,77518ee0f8861b97,COph100/052/052_M_GA26_BW820_PA34_DG3_PF0_D1_S04_4__052_M_GA26_BW820_PA75_DG9_PF0_D1_S08_20,COph100/patient/052,COph100,True,True,20540791.656451978,7.199957633201148e-06,3044205911.3357058,False
20260927,sp_lg_h,3,train,ce0f14b486d56040,COph100/055-1/055_M_GA38_BW3245_PA40_DG13_PF0_D1_S01_10__055_M_GA38_BW3245_PA44_DG13_PF0_D1_S05_6,COph100/patient/055,COph100,True,True,39281513.67231593,7.199957633201148e-06,3044205911.3357058,False
20260927,sp_lg_h,3,train,da1b669d55ceeb70,COph100/055-1/055_M_GA38_BW3245_PA40_DG13_PF0_D1_S01_10__055_M_GA38_BW3245_PA53_DG13_PF0_D1_S08_2,COph100/patient/055,COph100,True,False,3044205911.3357058,7.199957633201148e-06,3044205911.3357058,False
20260927,sp_lg_h,3,train,cf804c649b733cd6,COph100/055-1/055_M_GA38_BW3245_PA40_DG13_PF0_D1_S01_10__055_M_GA38_BW3245_PA78_DG13_PF0_D1_S09_16,COph100/patient/055,COph100,True,True,107062547.19021197,7.199957633201148e-06,3044205911.3357058,False
20260927,sp_lg_h,3,train,8ed14fb063327bae,COph100/055/055_M_GA38_BW3245_PA40_DG13_PF0_D1_S01_3__055_M_GA38_BW3245_PA53_DG13_PF0_D1_S08_7,COph100/patient/055,COph100,True,False,2501044028.0221753,7.199957633201148e-06,3044205911.3357058,False
20260927,sp_lg_h,3,train,2541e8913ecb495c,COph100/055/055_M_GA38_BW3245_PA43_DG13_PF0_D1_S04_13__055_M_GA38_BW3245_PA78_DG13_PF0_D1_S09_6,COph100/patient/055,COph100,True,False,138446249.6936386,7.199957633201148e-06,3044205911.3357058,False
20260927,sp_lg_h,3,test,e72ba4a2fa2829d4,COph100/026-1/026_M_GA33_BW1700_PA36_DG11_PF0_D1_S02_6__026_M_GA33_BW1700_PA42_DG11_PF0_D1_S05_6,COph100/patient/026,COph100,True,True,2202054258.7223964,7.199957633201148e-06,3044205911.3357058,False
20260927,sp_lg_h,3,test,4cc4583374a7f846,COph100/026/026_M_GA33_BW1700_PA36_DG11_PF0_D1_S02_10__026_M_GA33_BW1700_PA40_DG11_PF0_D1_S04_11,COph100/patient/026,COph100,True,True,11125766.607773216,7.199957633201148e-06,3044205911.3357058,False
20260927,sp_lg_h,3,test,3968ed21e45d9ba8,COph100/033/033_M_GA30_BW1250_PA31_DG0_PF0_D1_S01_2__033_M_GA30_BW1250_PA33_DG0_PF0_D1_S02_1,COph100/patient/033,COph100,True,False,97649853447.23456,7.199957633201148e-06,3044205911.3357058,True
20260927,sp_lg_h,4,train,e72ba4a2fa2829d4,COph100/026-1/026_M_GA33_BW1700_PA36_DG11_PF0_D1_S02_6__026_M_GA33_BW1700_PA42_DG11_PF0_D1_S05_6,COph100/patient/026,COph100,True,True,2202054258.7223964,7.199957633201148e-06,97649853447.23456,False
20260927,sp_lg_h,4,train,4cc4583374a7f846,COph100/026/026_M_GA33_BW1700_PA36_DG11_PF0_D1_S02_10__026_M_GA33_BW1700_PA40_DG11_PF0_D1_S04_11,COph100/patient/026,COph100,True,True,11125766.607773216,7.199957633201148e-06,97649853447.23456,False
20260927,sp_lg_h,4,train,3968ed21e45d9ba8,COph100/033/033_M_GA30_BW1250_PA31_DG0_PF0_D1_S01_2__033_M_GA30_BW1250_PA33_DG0_PF0_D1_S02_1,COph100/patient/033,COph100,True,False,97649853447.23456,7.199957633201148e-06,97649853447.23456,False
20260927,sp_lg_h,4,calibration,d9cae0da3a04d6af,COph100/052/052_M_GA26_BW820_PA31_DG1_PF0_D1_S01_3__052_M_GA26_BW820_PA46_DG2_PF0_D1_S07_6,COph100/patient/052,COph100,True,True,2220851.201832924,7.199957633201148e-06,97649853447.23456,False
20260927,sp_lg_h,4,calibration,77518ee0f8861b97,COph100/052/052_M_GA26_BW820_PA34_DG3_PF0_D1_S04_4__052_M_GA26_BW820_PA75_DG9_PF0_D1_S08_20,COph100/patient/052,COph100,True,True,20540791.656451978,7.199957633201148e-06,97649853447.23456,False
20260927,sp_lg_h,4,calibration,ce0f14b486d56040,COph100/055-1/055_M_GA38_BW3245_PA40_DG13_PF0_D1_S01_10__055_M_GA38_BW3245_PA44_DG13_PF0_D1_S05_6,COph100/patient/055,COph100,True,True,39281513.67231593,7.199957633201148e-06,97649853447.23456,False
20260927,sp_lg_h,4,calibration,da1b669d55ceeb70,COph100/055-1/055_M_GA38_BW3245_PA40_DG13_PF0_D1_S01_10__055_M_GA38_BW3245_PA53_DG13_PF0_D1_S08_2,COph100/patient/055,COph100,True,False,3044205911.3357058,7.199957633201148e-06,97649853447.23456,False
20260927,sp_lg_h,4,calibration,cf804c649b733cd6,COph100/055-1/055_M_GA38_BW3245_PA40_DG13_PF0_D1_S01_10__055_M_GA38_BW3245_PA78_DG13_PF0_D1_S09_16,COph100/patient/055,COph100,True,True,107062547.19021197,7.199957633201148e-06,97649853447.23456,False
20260927,sp_lg_h,4,calibration,8ed14fb063327bae,COph100/055/055_M_GA38_BW3245_PA40_DG13_PF0_D1_S01_3__055_M_GA38_BW3245_PA53_DG13_PF0_D1_S08_7,COph100/patient/055,COph100,True,False,2501044028.0221753,7.199957633201148e-06,97649853447.23456,False
20260927,sp_lg_h,4,calibration,2541e8913ecb495c,COph100/055/055_M_GA38_BW3245_PA43_DG13_PF0_D1_S04_13__055_M_GA38_BW3245_PA78_DG13_PF0_D1_S09_6,COph100/patient/055,COph100,True,False,138446249.6936386,7.199957633201148e-06,97649853447.23456,False
