job_id,pair_id,group_id,dataset_id,pipeline_id,operational_failure,pole_crosses_image,pole_clearance_diagonal_fraction,pole_crosses_inscribed_circle,D:bending_energy,moving_image_id,original_homography_json
5fa60dc6120fc7a1,COph100/001/001_F_GA41_BW2905_PA44_DG11_PF0_D1_S01_11__001_F_GA41_BW2905_PA47_DG11_PF0_D1_S02_3,COph100/patient/001,COph100,sift_h,True,True,0.0,False,0.4788643612163272,COph100/001/001_F_GA41_BW2905_PA44_DG11_PF0_D1_S01_11,"[[0.30062030611511364,-0.11760003659471781,33.70294651563197],[0.7041461182023535,-0.2753805992579367,78.93242805615532],[0.008930765796325289,-0.0034934027086150343,1.0010195055789457]]"
501757c32772c0e0,COph100/001/001_F_GA41_BW2905_PA47_DG11_PF0_D1_S02_3__001_F_GA41_BW2905_PA50_DG11_PF0_D1_S03_8,COph100/patient/001,COph100,sift_h,True,True,0.0,True,8950.94099695488,COph100/001/001_F_GA41_BW2905_PA47_DG11_PF0_D1_S02_3,"[[0.03356061379452784,-1.395007615709597,598.5796055044827],[0.005648005251322808,-0.18450265624612652,78.93111583473852],[6.036773479697157e-05,-0.002335088285655064,0.9995734898967141]]"
19c3c058ff428127,COph100/002-1/002_M_GA40_BW4040_PA41_DG11_PF0_D1_S01_6__002_M_GA40_BW4040_PA43_DG11_PF0_D1_S02_12,COph100/patient/002,COph100,sift_h,True,True,0.0,False,3384612.094310655,COph100/002-1/002_M_GA40_BW4040_PA41_DG11_PF0_D1_S01_6,"[[0.09970308787850123,0.06718848037460033,8.554106519984646],[1.3492515749997371,-0.28344852850839014,90.56967748470393],[0.0033220417928251826,-0.002737455727019331,1.0001096098873385]]"
fd0ede1ca9dd1eef,COph100/002-1/002_M_GA40_BW4040_PA41_DG11_PF0_D1_S01_6__002_M_GA40_BW4040_PA45_DG11_PF0_D1_S03_6,COph100/patient/002,COph100,sift_h,True,True,0.0,False,22757.83783953628,COph100/002-1/002_M_GA40_BW4040_PA41_DG11_PF0_D1_S01_6,"[[6.962120882102259,-2.655306608734185,620.6858680597591],[3.857094776709896,-1.564861432025516,369.9145053996379],[0.011226739328532735,-0.0043052940545650585,1.0012977709888689]]"
041bfdc888ac7aaa,COph100/002-1/002_M_GA40_BW4040_PA43_DG11_PF0_D1_S02_12__002_M_GA40_BW4040_PA45_DG11_PF0_D1_S03_6,COph100/patient/002,COph100,sift_h,True,True,0.0,False,1820.7233538155792,COph100/002-1/002_M_GA40_BW4040_PA43_DG11_PF0_D1_S02_12,"[[4.869562151905442,-2.164728473544122,631.066035900741],[0.9553608684263261,-0.4898088334226679,148.32210929917116],[0.007797678225148742,-0.0034377971229870028,1.0008174777066554]]"
3ef3d691a7faf7d9,COph100/002/002_M_GA40_BW4040_PA41_DG11_PF0_D1_S01_2__002_M_GA40_BW4040_PA43_DG11_PF0_D1_S02_2,COph100/patient/002,COph100,sift_h,True,True,0.0,True,97177540.92416494,COph100/002/002_M_GA40_BW4040_PA41_DG11_PF0_D1_S01_2,"[[-0.3573571388273199,2.1314958839852967,70.90062153661695],[-1.7887386288018357,22.76428391665337,-469.53740026443364],[-0.008764560076749106,0.06305582579055989,1.0101796123213396]]"
b79dd97561b73d50,COph100/002/002_M_GA40_BW4040_PA41_DG11_PF0_D1_S01_2__002_M_GA40_BW4040_PA45_DG11_PF0_D1_S03_10,COph100/patient/002,COph100,sift_h,True,True,0.0,False,76850.99896632174,COph100/002/002_M_GA40_BW4040_PA41_DG11_PF0_D1_S01_2,"[[0.13203868137386549,-0.048599874174501866,15.55752591663635],[1.3325812855552026,-0.9523228254469361,314.07606265407986],[0.0034225531540203803,-0.002895506641519335,1.000098821221094]]"
ed0546d48bfebed0,COph100/003-1/003_F_GA41_BW3950_PA42_DG11_PF0_D1_S01_1__003_F_GA41_BW3950_PA56_DG11_PF0_D1_S02_4,COph100/patient/003,COph100,sift_h,True,True,0.0,True,263817778.25410816,COph100/003-1/003_F_GA41_BW3950_PA42_DG11_PF0_D1_S01_1,"[[0.307048102295289,-0.026579793081000353,-190.90314630630792],[-0.47035789142109163,-0.9179087782947817,208.52420877166378],[-0.0019195018750711589,-0.003735673146847286,0.9989396546833903]]"
5225e189c9292551,COph100/003/003_F_GA41_BW3950_PA42_DG11_PF0_D1_S01_4__003_F_GA41_BW3950_PA56_DG11_PF0_D1_S02_5,COph100/patient/003,COph100,sift_h,True,True,0.0,True,1711452.722363307,COph100/003/003_F_GA41_BW3950_PA42_DG11_PF0_D1_S01_4,"[[0.2953058833888043,-0.4365576226638336,22.39703317884147],[0.6111562307667295,-1.1901752120356741,157.12529652413122],[0.008628557196087738,-0.014126201032204553,0.9989691917807281]]"
0aa3e2e44542437d,COph100/004/004_F_GA41_BW3760_PA42_DG11_PF0_D1_S01_1__004_F_GA41_BW3760_PA45_DG11_PF0_D1_S02_3,COph100/patient/004,COph100,sift_h,True,True,0.0,True,42141366.440987945,COph100/004/004_F_GA41_BW3760_PA42_DG11_PF0_D1_S01_1,"[[0.21687976079842627,0.07910546228645704,-112.90173691511919],[0.4943519898287585,-1.676615759432454,410.84900187653034],[0.0021478316902015563,-0.004089400423609608,0.999635955862486]]"
b85833b03d00f9dd,COph100/005-1/005_F_GA41_BW3400_PA45_DG11_PF0_D1_S01_1__005_F_GA41_BW3400_PA48_DG11_PF0_D1_S02_1,COph100/patient/005,COph100,sift_h,True,True,0.0,True,312014881.3608663,COph100/005-1/005_F_GA41_BW3400_PA45_DG11_PF0_D1_S01_1,"[[0.9223202290785433,-0.4897659693967895,-4.186700212208906],[0.1847436265745943,-0.6623161150904124,49.087403811870225],[0.0015419475748584804,-0.0090607957389503,0.9985902159692328]]"
b0547a370360e445,COph100/005-1/005_F_GA41_BW3400_PA45_DG11_PF0_D1_S01_1__005_F_GA41_BW3400_PA52_DG11_PF0_D1_S03_5,COph100/patient/005,COph100,sift_h,True,True,0.0,True,921533707.3746233,COph100/005-1/005_F_GA41_BW3400_PA45_DG11_PF0_D1_S01_1,"[[-0.031099613535037658,-0.05865366619628856,16.95563303681027],[-0.4823150330938254,-1.137911238996499,327.1431048292028],[-0.0014426148516169775,-0.003477189333812202,0.999077536715232]]"
2fc56eb99917bab8,COph100/005/005_F_GA41_BW3400_PA45_DG11_PF0_D1_S01_8__005_F_GA41_BW3400_PA48_DG11_PF0_D1_S02_9,COph100/patient/005,COph100,sift_h,True,True,0.0,True,39433.720775861184,COph100/005/005_F_GA41_BW3400_PA45_DG11_PF0_D1_S01_8,"[[-0.05426021783718571,-0.07272566557672287,36.96554520901994],[-0.5665376231339987,-0.7522486810080506,383.65228557919914],[-0.0014770386673469737,-0.0019565436569105848,0.9993562033142017]]"
8891fc34892fce91,COph100/005/005_F_GA41_BW3400_PA48_DG11_PF0_D1_S02_9__005_F_GA41_BW3400_PA52_DG11_PF0_D1_S03_2,COph100/patient/005,COph100,sift_h,True,True,0.0,False,1250363116.0611591,COph100/005/005_F_GA41_BW3400_PA48_DG11_PF0_D1_S02_9,"[[-12.186168490910369,0.6177910035049623,354.3037416439799],[-2.598731439487565,0.025727020051673002,209.88550542586037],[-0.019904099369152956,-9.384042873899778e-05,0.9962503862878953]]"
af15cf64ab5de7a6,COph100/008-1/008_F_GA39_BW2700_PA40_DG11_PF0_D1_S01_10__008_F_GA39_BW2700_PA41_DG11_PF0_D1_S02_17,COph100/patient/008,COph100,sift_h,True,True,0.0,False,2965.0697679282407,COph100/008-1/008_F_GA39_BW2700_PA40_DG11_PF0_D1_S01_10,"[[-0.8471586177072674,-0.1819058606435725,585.944243069936],[-0.06041469411266696,-0.011152994117063634,41.066120490394994],[-0.0014470329471068858,-0.0003063754476534812,0.9996712359259824]]"
d6170deb986733fd,COph100/008-1/008_F_GA39_BW2700_PA40_DG11_PF0_D1_S01_10__008_F_GA39_BW2700_PA43_DG11_PF0_D1_S03_8,COph100/patient/008,COph100,sift_h,True,True,0.0,True,45373010.657914005,COph100/008-1/008_F_GA39_BW2700_PA40_DG11_PF0_D1_S01_10,"[[0.3611162789508753,-0.13744978405228744,23.706856865081644],[0.602433489487882,-0.775357677746022,145.28105020956266],[0.008145403088865718,-0.005393732699503366,1.0005159381980055]]"
ea63169839a5659f,COph100/008-1/008_F_GA39_BW2700_PA40_DG11_PF0_D1_S01_10__008_F_GA39_BW2700_PA47_DG11_PF0_D1_S04_2,COph100/patient/008,COph100,sift_h,True,True,0.0,True,523956726.40919733,COph100/008-1/008_F_GA39_BW2700_PA40_DG11_PF0_D1_S01_10,"[[-0.07436710856317882,0.07354808948524759,8.555822163145796],[-0.9664848258453704,1.2639644089585327,-7.7172459750275],[-0.0025625918476163325,0.0010032094332525256,0.9997076157973068]]"
de8a3bb403c8fbcd,COph100/008-1/008_F_GA39_BW2700_PA41_DG11_PF0_D1_S02_17__008_F_GA39_BW2700_PA47_DG11_PF0_D1_S04_2,COph100/patient/008,COph100,sift_h,True,True,0.0,False,1355145.2100942938,COph100/008-1/008_F_GA39_BW2700_PA41_DG11_PF0_D1_S02_17,"[[6.776161682529914,12.787255250734379,-5694.959060632206],[-34.944711626810744,2.0373360619476713,-1148.681800061018],[-0.1014988538007911,-0.05952228854848937,0.9698085358095099]]"
b753c5b9c1f2474e,COph100/008/008_F_GA39_BW2700_PA41_DG11_PF0_D1_S02_28__008_F_GA39_BW2700_PA43_DG11_PF0_D1_S03_14,COph100/patient/008,COph100,sift_h,True,True,0.0,False,9778739.836030712,COph100/008/008_F_GA39_BW2700_PA41_DG11_PF0_D1_S02_28,"[[-8.739940514968199,-1.0800848764810782,585.2611268949792],[-7.348021769817814,-1.1274307682992608,495.8453964052829],[-0.015791798056532913,-0.0018088230393812064,0.9966998835445161]]"
cdc44a40147f2962,COph100/008/008_F_GA39_BW2700_PA41_DG11_PF0_D1_S02_28__008_F_GA39_BW2700_PA47_DG11_PF0_D1_S04_8,COph100/patient/008,COph100,sift_h,True,True,0.0,True,21362916.1427612,COph100/008/008_F_GA39_BW2700_PA41_DG11_PF0_D1_S02_28,"[[-1.1182766746798782,-1.0777235376993954,554.1510775130955],[-0.8418011305955745,-0.9851998913178526,491.02666547160743],[-0.002008037976949134,-0.0019511998092398162,0.9992576429150896]]"
b406577e094a92f3,COph100/008/008_F_GA39_BW2700_PA43_DG11_PF0_D1_S03_14__008_F_GA39_BW2700_PA47_DG11_PF0_D1_S04_8,COph100/patient/008,COph100,sift_h,True,True,0.0,False,5137312.180416885,COph100/008/008_F_GA39_BW2700_PA43_DG11_PF0_D1_S03_14,"[[-0.7474376301514365,-0.3151925238407668,504.1601169629486],[-0.7727568143095525,-0.23019491372642553,509.04068216752603],[-0.0015023368239994424,-0.0005324190565572676,0.9996184832723957]]"
906cf67b973818fe,COph100/009-1/009_M_GA38_BW2850_PA39_DG11_PF0_D1_S01_4__009_M_GA38_BW2850_PA42_DG11_PF0_D1_S02_1,COph100/patient/009,COph100,sift_h,True,True,0.0,True,25704120.388580114,COph100/009-1/009_M_GA38_BW2850_PA39_DG11_PF0_D1_S01_4,"[[-0.9218370645070562,-1.7421331568042584,604.9947745273843],[-0.7295254027487743,-1.3711653672546849,479.77390844573733],[-0.001499111021548305,-0.003178313663386575,0.9991229828715747]]"
d9824507715549e5,COph100/010/010_M_GA39_BW3550_PA39_DG11_PF0_D1_S01_2__010_M_GA39_BW3550_PA45_DG11_PF0_D1_S02_6,COph100/patient/010,COph100,sift_h,True,True,0.0,True,1972694505.390258,COph100/010/010_M_GA39_BW3550_PA39_DG11_PF0_D1_S01_2,"[[-0.48092927005050656,-3.2644473290977993,480.8286591206518],[-0.09460439149215571,-0.31988004862225494,91.14456442370171],[-0.0011160159936306625,-0.005616515178510516,0.9987376504052236]]"
8ba58f3bd0a35ed7,COph100/010/010_M_GA39_BW3550_PA39_DG11_PF0_D1_S01_2__010_M_GA39_BW3550_PA50_DG11_PF0_D1_S03_3,COph100/patient/010,COph100,sift_h,True,True,0.0,True,76330.51087756945,COph100/010/010_M_GA39_BW3550_PA39_DG11_PF0_D1_S01_2,"[[0.05618300227297314,-0.14662670033044625,48.94443370668609],[0.049931589685564305,-0.19354362288025023,65.50584287999797],[0.0009518583037403804,-0.0029664165346881127,0.9996222703316973]]"
9bba2e7efd3af6c6,COph100/010/010_M_GA39_BW3550_PA39_DG11_PF0_D1_S01_2__010_M_GA39_BW3550_PA53_DG11_PF0_D1_S04_7,COph100/patient/010,COph100,sift_h,True,True,0.0,True,270132247.9744861,COph100/010/010_M_GA39_BW3550_PA39_DG11_PF0_D1_S01_2,"[[0.4686904888470716,0.842486680223606,-386.9878327705879],[-0.3114824241091163,-2.3546210782756627,366.51216868028354],[-0.0008861055003833839,-0.006606290986423108,0.9985951756587238]]"
af4fd22fba04f3d7,COph100/010/010_M_GA39_BW3550_PA39_DG11_PF0_D1_S01_2__010_M_GA39_BW3550_PA60_DG11_PF0_D1_S05_3,COph100/patient/010,COph100,sift_h,True,True,0.0,False,3228.824464734698,COph100/010/010_M_GA39_BW3550_PA39_DG11_PF0_D1_S01_2,"[[-0.07389641181837626,0.09443321470172289,40.34635622224359],[-0.7146698814189336,0.9492090901833349,387.2758793074737],[-0.001849288611136952,0.002501139552065405,1.000122222051424]]"
fb1259e291bfb4a7,COph100/010/010_M_GA39_BW3550_PA50_DG11_PF0_D1_S03_3__010_M_GA39_BW3550_PA53_DG11_PF0_D1_S04_7,COph100/patient/010,COph100,sift_h,True,True,0.0,True,2853825.022519239,COph100/010/010_M_GA39_BW3550_PA50_DG11_PF0_D1_S03_3,"[[-0.006942307060430872,-0.12378552598951016,19.7957615470497],[-0.12199582720182126,-0.38549534774053756,135.99706850784378],[-0.000826436697440019,-0.00382929853589452,0.9991270496437498]]"
c8aef9b1f8ddb868,COph100/010/010_M_GA39_BW3550_PA50_DG11_PF0_D1_S03_3__010_M_GA39_BW3550_PA60_DG11_PF0_D1_S05_3,COph100/patient/010,COph100,sift_h,True,True,0.0,False,17058370.18829693,COph100/010/010_M_GA39_BW3550_PA50_DG11_PF0_D1_S03_3,"[[-0.1460621695285189,-0.060952736093147164,87.82757938262144],[-0.7101314065116163,0.11843116701989341,414.93851940482574],[-0.0017108389542210183,0.0002323136529131221,0.9997227765060047]]"
dc1407cd89bc417c,COph100/010/010_M_GA39_BW3550_PA53_DG11_PF0_D1_S04_7__010_M_GA39_BW3550_PA60_DG11_PF0_D1_S05_3,COph100/patient/010,COph100,sift_h,True,True,0.0,True,20.697925933240946,COph100/010/010_M_GA39_BW3550_PA53_DG11_PF0_D1_S04_7,"[[0.02991614520876657,-0.24723753870564713,76.02067831737065],[0.010916332887303615,-0.08883337266871205,27.223283684188544],[0.0003931356771860305,-0.0032501846793387434,0.9994643033120963]]"
6fc2500aa78a697b,COph100/011-1/011_M_GA40_BW3510_PA72_DG10_PF0_D1_S01_9__011_M_GA40_BW3510_PA113_DG10_PF0_D1_S03_12,COph100/patient/011,COph100,sift_h,True,True,0.0,False,35177.813727399836,COph100/011-1/011_M_GA40_BW3510_PA72_DG10_PF0_D1_S01_9,"[[-0.019368140539726034,-0.009377107830843435,13.692031067467953],[-0.41726210306357764,-0.09009117447568987,267.7354024809493],[-0.0015561176271337335,-0.0003341009558264937,0.9996455840156949]]"
17f852598213b731,COph100/011/011_M_GA40_BW3510_PA72_DG10_PF0_D1_S01_1__011_M_GA40_BW3510_PA113_DG10_PF0_D1_S03_2,COph100/patient/011,COph100,sift_h,True,True,0.0,False,4.540086557836264,COph100/011/011_M_GA40_BW3510_PA72_DG10_PF0_D1_S01_1,"[[0.24082592210219864,-0.1691900992930474,52.71242112805439],[0.22128178171822627,-0.1558928256291497,48.60367590062167],[0.004568483597225372,-0.0032101801125502235,1.0002546819033766]]"
a86181c3ab5202cd,COph100/011/011_M_GA40_BW3510_PA72_DG10_PF0_D1_S01_1__011_M_GA40_BW3510_PA89_DG10_PF0_D1_S02_14,COph100/patient/011,COph100,sift_h,True,True,0.0,False,537.1381642767751,COph100/011/011_M_GA40_BW3510_PA72_DG10_PF0_D1_S01_1,"[[-1.0518717382937122,0.042923369211328916,636.0041167304827],[-0.550858094513125,0.022509341485222944,333.1229708088208],[-0.0016531871352349508,6.732845285337522e-05,0.9997026514970535]]"
9eda4a657fdc90b8,COph100/012-1/012_M_GA36_BW2210_PA37_DG11_PF0_D1_S01_4__012_M_GA36_BW2210_PA41_DG11_PF0_D1_S02_7,COph100/patient/012,COph100,sift_h,True,True,0.0,True,21896418.314307652,COph100/012-1/012_M_GA36_BW2210_PA37_DG11_PF0_D1_S01_4,"[[0.031001672396835392,-0.1786945376118784,32.61613956622126],[0.41830218976374767,-1.1878429097701162,240.5957804235962],[0.0010173393281336148,-0.003975931315693768,0.9994452640023325]]"
382c1a81353af43a,COph100/013-1/013_F_GA39_BW3390_PA40_DG11_PF0_D1_S01_9__013_F_GA39_BW3390_PA42_DG11_PF0_D1_S02_6,COph100/patient/013,COph100,sift_h,True,True,0.0,False,1445.2507358735504,COph100/013-1/013_F_GA39_BW3390_PA40_DG11_PF0_D1_S01_9,"[[0.5143356986067719,-0.30084125432059977,95.8398040135046],[2.2714843072912134,-1.4339281430808744,462.7932072406007],[0.004884115926243826,-0.0030920740986735452,1.0003360078426695]]"
4eb84d46204a7a37,COph100/013/013_F_GA39_BW3390_PA40_DG11_PF0_D1_S01_4__013_F_GA39_BW3390_PA42_DG11_PF0_D1_S02_14,COph100/patient/013,COph100,sift_h,True,True,0.0,False,315454396918.07574,COph100/013/013_F_GA39_BW3390_PA40_DG11_PF0_D1_S01_4,"[[-0.6046433631915274,27.987588796266312,-15515.386699595716],[-52.111320023003636,-67.83528755456595,32964.28560811807],[-0.012210379980330777,-0.121553191450568,0.9749193303567065]]"
42cb6f847a602476,COph100/013/013_F_GA39_BW3390_PA42_DG11_PF0_D1_S02_14__013_F_GA39_BW3390_PA45_DG11_PF0_D1_S03_11,COph100/patient/013,COph100,sift_h,True,True,0.0,True,45981.26485400435,COph100/013/013_F_GA39_BW3390_PA42_DG11_PF0_D1_S02_14,"[[0.011595117933481655,-0.07942100743740055,24.795213461267668],[-0.025162315224809502,-0.22212855679904414,103.86782821027484],[-1.7526568394219283e-05,-0.0024546194391454213,0.9995364726235864]]"
25e5fb0d27749a8c,COph100/014-1/014_F_GA40_BW3700_PA41_DG11_PF0_D1_S01_3__014_F_GA40_BW3700_PA45_DG11_PF0_D1_S02_2,COph100/patient/014,COph100,sift_h,True,True,0.0,True,5071025.42110679,COph100/014-1/014_F_GA40_BW3700_PA41_DG11_PF0_D1_S01_3,"[[33.721781503076464,-57.482804515837486,778.4326367342395],[1.5265373809975336,-2.295084990653485,-1.4744728840796446],[0.05762832927452338,-0.0973765170159353,0.9925472147984853]]"
35ca24d91844e448,COph100/014/014_F_GA40_BW3700_PA41_DG11_PF0_D1_S01_6__014_F_GA40_BW3700_PA45_DG11_PF0_D1_S02_8,COph100/patient/014,COph100,sift_h,True,True,0.0,False,551106.9495907523,COph100/014/014_F_GA40_BW3700_PA41_DG11_PF0_D1_S01_6,"[[1.8527221881348659,-1.9395786905772097,619.1324936198305],[1.1835382808236123,-1.2140368303099798,384.1556944825851],[0.003609723004703592,-0.00319452102368443,1.0000778503714411]]"
42bcc03a28a55e5f,COph100/016/016_F_GA36_BW2960_PA36_DG11_PF0_D1_S01_4__016_F_GA36_BW2960_PA41_DG11_PF0_D1_S02_3,COph100/patient/016,COph100,sift_h,True,True,0.0,False,2994.3386787033683,COph100/016/016_F_GA36_BW2960_PA36_DG11_PF0_D1_S01_4,"[[-0.031846150312894006,0.013083496670219574,17.744409102771673],[-0.5762288857975439,0.2380729024853095,321.03634399981667],[-0.0017944991651296213,0.0007496796174099438,0.9998040963348026]]"
6d2bb2a6792a0a5b,COph100/017-1/017_M_GA31_BW1660_PA33_DG11_PF0_D1_S01_6__017_M_GA31_BW1660_PA37_DG11_PF0_D1_S02_16,COph100/patient/017,COph100,sift_h,True,True,0.0,False,1696.928845305975,COph100/017-1/017_M_GA31_BW1660_PA33_DG11_PF0_D1_S01_6,"[[-0.04822436796159422,-0.01068075650235627,33.611072022322865],[-0.09910146269873128,-0.02209576470692573,69.27256952834229],[-0.001432696199207292,-0.00031769398839448753,0.9996718018398246]]"
2ea209e03919ea4d,COph100/019/019_M_GA35_BW3050_PA38_DG11_PF0_D1_S01_2__019_M_GA35_BW3050_PA53_DG11_PF0_D1_S04_2,COph100/patient/019,COph100,sift_h,True,True,0.0,False,150060.03255510968,COph100/019/019_M_GA35_BW3050_PA38_DG11_PF0_D1_S01_2,"[[-0.050082863960687854,-0.003829981716132145,31.97378088306],[-0.12863889388467106,-0.018791510927399807,80.26479177422786],[-0.0015213552665118489,-0.00031698066359056034,0.9996553120131058]]"
010fea283a9f8542,COph100/020-1/020_F_GA39_BW3600_PA42_DG11_PF0_D1_S01_8__020_F_GA39_BW3600_PA54_DG11_PF0_D1_S03_7,COph100/patient/020,COph100,sift_h,True,True,0.0,True,56951544.35123639,COph100/020-1/020_F_GA39_BW3600_PA42_DG11_PF0_D1_S01_8,"[[0.23866788171420306,-0.2505372490396462,83.38810639195039],[-0.29402167116236944,3.4607581608684925,-60.255705992997036],[-0.0032109962531641912,0.011484306677457166,1.001551245704555]]"
7717dcef7cdcd403,COph100/020/020_F_GA39_BW3600_PA42_DG11_PF0_D1_S01_3__020_F_GA39_BW3600_PA47_DG11_PF0_D1_S02_1,COph100/patient/020,COph100,sift_h,True,True,0.0,True,1198153.7097384268,COph100/020/020_F_GA39_BW3600_PA42_DG11_PF0_D1_S01_3,"[[0.7829339228769808,-2.195538092032268,606.1533246117705],[0.46001595058200656,-1.3624516251325094,383.99507583529254],[0.0012213652777650743,-0.003536476368385227,0.9995659166705088]]"
b16df48de859d1d7,COph100/020/020_F_GA39_BW3600_PA42_DG11_PF0_D1_S01_3__020_F_GA39_BW3600_PA54_DG11_PF0_D1_S03_1,COph100/patient/020,COph100,sift_h,True,True,0.0,False,479129.4139345588,COph100/020/020_F_GA39_BW3600_PA42_DG11_PF0_D1_S01_3,"[[-0.034847817315990924,-0.10186507590418886,58.25101722445876],[-0.5213221077156938,0.06488516724840959,300.3636445809495],[-0.0016223041205110434,2.3223006739932374e-05,0.9997001722911679]]"
f32c63c36a33311d,COph100/020/020_F_GA39_BW3600_PA47_DG11_PF0_D1_S02_1__020_F_GA39_BW3600_PA54_DG11_PF0_D1_S03_1,COph100/patient/020,COph100,sift_h,True,True,0.0,False,651278.6785679866,COph100/020/020_F_GA39_BW3600_PA47_DG11_PF0_D1_S02_1,"[[-29.31493426322498,4.020281532953228,642.9740664096329],[-19.419871252847855,2.725956268430805,363.3293945162981],[-0.04934315112735718,0.006810904774924773,0.9920252038089189]]"
f7a20845e3fdb8d5,COph100/021-1/021_M_GA41_BW3670_PA42_DG11_PF0_D1_S01_7__021_M_GA41_BW3670_PA43_DG11_PF0_D1_S02_1,COph100/patient/021,COph100,sift_h,True,True,0.0,False,631882.5154445327,COph100/021-1/021_M_GA41_BW3670_PA42_DG11_PF0_D1_S01_7,"[[-0.9575481111355247,-0.21550504295838918,86.630399944401],[-4.407975302057795,-0.9796513014534386,415.9781008695199],[-0.01101535301232352,-0.0021115593812071082,0.997538703926213]]"
b5dc072dca70cae9,COph100/021-1/021_M_GA41_BW3670_PA42_DG11_PF0_D1_S01_7__021_M_GA41_BW3670_PA47_DG11_PF0_D1_S03_7,COph100/patient/021,COph100,sift_h,True,True,0.0,True,450555539.50724643,COph100/021-1/021_M_GA41_BW3670_PA42_DG11_PF0_D1_S01_7,"[[-1.0995626483228567,-0.09888131940254043,642.9425067544428],[-0.6904522304333333,-0.17412473357234892,179.70351965672603],[-0.0031480943426488075,0.0004400188833193036,0.9994922358513757]]"
c316ab3531e78d21,COph100/021-1/021_M_GA41_BW3670_PA43_DG11_PF0_D1_S02_1__021_M_GA41_BW3670_PA47_DG11_PF0_D1_S03_7,COph100/patient/021,COph100,sift_h,True,True,0.0,True,1138818520.8383164,COph100/021-1/021_M_GA41_BW3670_PA43_DG11_PF0_D1_S02_1,"[[-0.7184741037389687,-1.0773308153608412,565.1837542270873],[-0.620848293101393,-0.7518498013787992,406.26449894336434],[-0.0013052234034134924,-0.0019142585645835946,0.9993963471310006]]"
6a3bcb490bd9a274,COph100/021/021_M_GA41_BW3670_PA42_DG11_PF0_D1_S01_1__021_M_GA41_BW3670_PA43_DG11_PF0_D1_S02_10,COph100/patient/021,COph100,sift_h,True,True,0.0,True,734356.9152114043,COph100/021/021_M_GA41_BW3670_PA42_DG11_PF0_D1_S01_1,"[[0.14041726733086457,-1.436108862510799,605.1305929704065],[0.018411699881146087,-0.1476425583941294,60.00619788779174],[0.0002459450809866429,-0.0023743676260703527,0.9996009207727968]]"
f34a8fc5c3351e8e,COph100/021/021_M_GA41_BW3670_PA42_DG11_PF0_D1_S01_1__021_M_GA41_BW3670_PA47_DG11_PF0_D1_S03_13,COph100/patient/021,COph100,sift_h,True,True,0.0,False,7261.743257319,COph100/021/021_M_GA41_BW3670_PA42_DG11_PF0_D1_S01_1,"[[-0.10564903491611999,-0.13259778839556466,19.10100662585993],[-0.5606555092619184,-0.8038862313742963,112.77929163627101],[-0.004985314131844927,-0.007098855447447911,0.9977342182038826]]"
dd51b57d9f3c6f1b,COph100/022-1/022_M_GA40_BW3400_PA41_DG11_PF0_D1_S01_9__022_M_GA40_BW3400_PA44_DG11_PF0_D1_S02_3,COph100/patient/022,COph100,sift_h,True,True,0.0,False,91065.3443547208,COph100/022-1/022_M_GA40_BW3400_PA41_DG11_PF0_D1_S01_9,"[[1.1186034726300296,-0.18132586100436227,14.364533611867483],[22.1582171053369,-4.21201544398102,203.10867881159768],[0.06738501311212583,-0.013903551098923007,1.0100277741274755]]"
ae0aa69282bd76c1,COph100/022/022_M_GA40_BW3400_PA41_DG11_PF0_D1_S01_2__022_M_GA40_BW3400_PA44_DG11_PF0_D1_S02_8,COph100/patient/022,COph100,sift_h,True,True,0.0,False,6800091.188169112,COph100/022/022_M_GA40_BW3400_PA41_DG11_PF0_D1_S01_2,"[[-0.2870594523056158,-0.5129760175439293,398.0175627605876],[0.10819641252974443,0.03804690991196658,-55.48230698631944],[-0.0010271814749708626,-0.0008297000446792732,0.9996518347150656]]"
68d274dcd4e6ca63,COph100/023/023_M_GA39_BW3570_PA39_DG11_PF0_D1_S01_10__023_M_GA39_BW3570_PA43_DG11_PF0_D1_S02_3,COph100/patient/023,COph100,sift_h,True,True,0.0,False,17.830630082272048,COph100/023/023_M_GA39_BW3570_PA39_DG11_PF0_D1_S01_10,"[[-0.824668713811167,-0.27888583273327794,65.49636468516955],[-0.18424170106217289,-0.06644812590831299,14.821368616187922],[-0.012561511389724818,-0.004248414055745184,0.9968481389789744]]"
aef84672d6b59b4b,COph100/024-1/024_F_GA39_BW3290_PA39_DG11_PF0_D1_S01_10__024_F_GA39_BW3290_PA44_DG11_PF0_D1_S02_6,COph100/patient/024,COph100,sift_h,True,True,0.0,False,2133.7839691735544,COph100/024-1/024_F_GA39_BW3290_PA39_DG11_PF0_D1_S01_10,"[[-0.06237157541734598,-0.03445719514763139,49.599776348021564],[-0.46820246159723855,-0.25873638926778386,372.5362867589323],[-0.0012552570322498964,-0.0006941304407676817,0.9996344898488092]]"
22e8a82b695635bb,COph100/024/024_F_GA39_BW3290_PA39_DG11_PF0_D1_S01_3__024_F_GA39_BW3290_PA44_DG11_PF0_D1_S02_3,COph100/patient/024,COph100,sift_h,True,True,0.0,False,0.14014466863650377,COph100/024/024_F_GA39_BW3290_PA39_DG11_PF0_D1_S01_3,"[[-7.3919287420029836,-2.390813837303071,612.9222330207616],[-0.7841890821465246,-0.2535714292702216,65.00769833280661],[-0.012023274045078402,-0.0038888604481100023,0.9970164747825272]]"
7416e5b666233add,COph100/026-1/026_M_GA33_BW1700_PA34_DG11_PF0_D1_S01_10__026_M_GA33_BW1700_PA38_DG11_PF0_D1_S03_15,COph100/patient/026,COph100,sift_h,True,True,0.0,True,15745.123205113685,COph100/026-1/026_M_GA33_BW1700_PA34_DG11_PF0_D1_S01_10,"[[0.03847417440334026,-0.11613240758470152,32.61059886130719],[0.10627534412184869,-0.31035155614782456,86.77502462623947],[0.0011736412964355608,-0.0035649317325906755,0.9995516330432209]]"
b6c9558fcc11a868,COph100/026-1/026_M_GA33_BW1700_PA34_DG11_PF0_D1_S01_10__026_M_GA33_BW1700_PA40_DG11_PF0_D1_S04_1,COph100/patient/026,COph100,sift_h,True,True,0.0,True,395702266.16089815,COph100/026-1/026_M_GA33_BW1700_PA34_DG11_PF0_D1_S01_10,"[[-0.2690154461223404,-0.04240492161300655,16.827290369333305],[-0.46511691753159284,-0.8398486324968858,270.24645123831976],[-0.002128580553006694,-0.003216597753029182,0.9989977790676182]]"
66d256d8cc99fd49,COph100/026-1/026_M_GA33_BW1700_PA34_DG11_PF0_D1_S01_10__026_M_GA33_BW1700_PA42_DG11_PF0_D1_S05_6,COph100/patient/026,COph100,sift_h,True,True,0.0,False,8.073140168512595,COph100/026-1/026_M_GA33_BW1700_PA34_DG11_PF0_D1_S01_10,"[[0.6608961806106177,-0.19217946909701528,48.098993422208544],[1.3079265421255264,-0.380358424068286,95.21120304206526],[0.013759397945428496,-0.004003040454414442,1.0018293170295651]]"
2a45e9241d49606f,COph100/026-1/026_M_GA33_BW1700_PA36_DG11_PF0_D1_S02_6__026_M_GA33_BW1700_PA42_DG11_PF0_D1_S05_6,COph100/patient/026,COph100,sift_h,True,True,0.0,True,1318557.404756366,COph100/026-1/026_M_GA33_BW1700_PA36_DG11_PF0_D1_S02_6,"[[-0.011357441683562059,-0.10835957940468083,49.348244480436776],[-0.18512617370568304,-0.736407965779009,399.1276950034039],[-0.0005460286122168271,-0.0017085307826438653,0.9995772701134636]]"
e72ba4a2fa2829d4,COph100/026-1/026_M_GA33_BW1700_PA36_DG11_PF0_D1_S02_6__026_M_GA33_BW1700_PA42_DG11_PF0_D1_S05_6,COph100/patient/026,COph100,sp_lg_h,True,True,0.0,True,2202054258.7223964,COph100/026-1/026_M_GA33_BW1700_PA36_DG11_PF0_D1_S02_6,"[[19.923991452803094,-10.106905897401559,-4510.532334204227],[1.6750844745856917,6.000510794026798,109.32671094545557],[0.019691845612829505,-0.01907020399139086,1.0001165578040196]]"
ca22dc3301190049,COph100/026-1/026_M_GA33_BW1700_PA38_DG11_PF0_D1_S03_15__026_M_GA33_BW1700_PA40_DG11_PF0_D1_S04_1,COph100/patient/026,COph100,sift_h,True,True,0.0,False,24324.843371954146,COph100/026-1/026_M_GA33_BW1700_PA38_DG11_PF0_D1_S03_15,"[[-0.8157992440319708,-0.2112664313839675,53.690555888069305],[-5.496459448484252,-1.656338009968681,406.81113554621055],[-0.013257960093239672,-0.004026654349340044,0.9967591347920163]]"
6e2dfbcd21380d8f,COph100/026-1/026_M_GA33_BW1700_PA38_DG11_PF0_D1_S03_15__026_M_GA33_BW1700_PA42_DG11_PF0_D1_S05_6,COph100/patient/026,COph100,sift_h,True,True,0.0,True,8282255.945121776,COph100/026-1/026_M_GA33_BW1700_PA38_DG11_PF0_D1_S03_15,"[[1.453130018281267,-1.538202768704376,46.95851887093113],[2.873617338799165,-2.91744044896471,65.68913088107367],[0.03813085618809568,-0.03847392234786116,0.999935675095044]]"
610959c366c436db,COph100/026-1/026_M_GA33_BW1700_PA40_DG11_PF0_D1_S04_1__026_M_GA33_BW1700_PA42_DG11_PF0_D1_S05_6,COph100/patient/026,COph100,sift_h,True,True,0.0,False,56308319.850031495,COph100/026-1/026_M_GA33_BW1700_PA40_DG11_PF0_D1_S04_1,"[[-0.026688331658316456,0.001713675788306222,16.224407435321716],[-0.5320357789072057,0.007817527484976352,328.9434348512968],[-0.0016179179786761197,4.389571350136881e-05,0.9997048708252797]]"
103911dbba8689ed,COph100/026/026_M_GA33_BW1700_PA34_DG11_PF0_D1_S01_2__026_M_GA33_BW1700_PA36_DG11_PF0_D1_S02_10,COph100/patient/026,COph100,sift_h,True,True,0.0,False,3021.307557641506,COph100/026/026_M_GA33_BW1700_PA34_DG11_PF0_D1_S01_2,"[[-2.593008902548199,-0.16265942408248327,85.93473747545474],[-13.375554737941759,-0.951474883697803,456.5242367917332],[-0.029154164714431132,-0.0020689717378688413,0.9941456619151937]]"
10a93106d2985a9c,COph100/026/026_M_GA33_BW1700_PA34_DG11_PF0_D1_S01_2__026_M_GA33_BW1700_PA38_DG11_PF0_D1_S03_2,COph100/patient/026,COph100,sift_h,True,True,0.0,True,3387415.574528119,COph100/026/026_M_GA33_BW1700_PA34_DG11_PF0_D1_S01_2,"[[-1.1776495381184258,1.6161012844512959,108.67845758153989],[-5.639628291456791,8.152693917948149,458.2957432098077],[-0.012277562685225434,0.017097832653763963,1.000903800619101]]"
4eac0c087ac1bd49,COph100/026/026_M_GA33_BW1700_PA34_DG11_PF0_D1_S01_2__026_M_GA33_BW1700_PA40_DG11_PF0_D1_S04_11,COph100/patient/026,COph100,sift_h,True,True,0.0,True,2935.184786909179,COph100/026/026_M_GA33_BW1700_PA34_DG11_PF0_D1_S01_2,"[[-0.7295774760204006,-1.6962265446184013,605.0982783650823],[-0.4984313096346158,-1.1587217087415218,413.38299994462864],[-0.0012045949493583237,-0.0028010633984542695,0.9992489390597852]]"
837b96fdf0c04813,COph100/026/026_M_GA33_BW1700_PA34_DG11_PF0_D1_S01_2__026_M_GA33_BW1700_PA42_DG11_PF0_D1_S05_8,COph100/patient/026,COph100,sift_h,True,True,0.0,True,182786.99860869008,COph100/026/026_M_GA33_BW1700_PA34_DG11_PF0_D1_S01_2,"[[-0.011243515562721622,-0.21490982356856314,27.734817678594307],[-0.007181791168178359,-0.9372023443444368,121.3395125999284],[-0.0003537078611819229,-0.007652398473295394,0.9984988550622855]]"
d9f5821955098c23,COph100/026/026_M_GA33_BW1700_PA36_DG11_PF0_D1_S02_10__026_M_GA33_BW1700_PA40_DG11_PF0_D1_S04_11,COph100/patient/026,COph100,sift_h,True,True,0.0,False,2181.2435637549243,COph100/026/026_M_GA33_BW1700_PA36_DG11_PF0_D1_S02_10,"[[-0.2680424802097537,-0.10138133016394964,19.104763756070593],[-1.2516422464340322,-0.8722693708178622,120.64362518314726],[-0.011094236568047054,-0.006802097701478717,0.996644437324464]]"
4cc4583374a7f846,COph100/026/026_M_GA33_BW1700_PA36_DG11_PF0_D1_S02_10__026_M_GA33_BW1700_PA40_DG11_PF0_D1_S04_11,COph100/patient/026,COph100,sp_lg_h,True,True,0.0,True,11125766.607773216,COph100/026/026_M_GA33_BW1700_PA36_DG11_PF0_D1_S02_10,"[[-0.04923819168013107,-0.7171815914575755,254.84305737174228],[-0.025970443622843675,-1.336074930382863,465.9200773415352],[-4.725806054934086e-05,-0.0028874416213447458,0.9994497438096449]]"
2d1f3cefa8da74ef,COph100/026/026_M_GA33_BW1700_PA38_DG11_PF0_D1_S03_2__026_M_GA33_BW1700_PA40_DG11_PF0_D1_S04_11,COph100/patient/026,COph100,sift_h,True,True,0.0,False,1631085.7607717963,COph100/026/026_M_GA33_BW1700_PA38_DG11_PF0_D1_S03_2,"[[-0.04503048168467044,-0.003160838579645302,26.663140745491916],[-0.1298279306778677,-0.08928558156073287,107.88841328028168],[-0.0011720658613275196,-0.0008458870665119602,0.9996216338260301]]"
21191668f5ebc2e7,COph100/026/026_M_GA33_BW1700_PA40_DG11_PF0_D1_S04_11__026_M_GA33_BW1700_PA42_DG11_PF0_D1_S05_8,COph100/patient/026,COph100,sift_h,True,True,0.0,True,3217986.511372475,COph100/026/026_M_GA33_BW1700_PA40_DG11_PF0_D1_S04_11,"[[0.3665409481072537,-0.48343859912076725,19.649146421438015],[1.881702117931341,-3.0356862262695703,346.2439491474229],[0.004108627617405206,-0.007230812322901573,0.9994145903677194]]"
ec2f6996987ecf8c,COph100/027/027_F_GA31_BW1460_PA33_DG11_PF0_D1_S01_4__027_F_GA31_BW1460_PA37_DG11_PF0_D1_S03_5,COph100/patient/027,COph100,sift_h,True,True,0.0,True,11026.528038357805,COph100/027/027_F_GA31_BW1460_PA33_DG11_PF0_D1_S01_4,"[[-0.24739528361404917,-13.680057768351631,599.9986538446466],[-0.03197028244927985,-1.6172223284747511,71.12227326461418],[-0.00041554937769556956,-0.022723842142413193,0.9956613640899796]]"
aebf176415b63b6a,COph100/027/027_F_GA31_BW1460_PA33_DG11_PF0_D1_S01_4__027_F_GA31_BW1460_PA40_DG11_PF0_D1_S04_7,COph100/patient/027,COph100,sift_h,True,True,0.0,False,7.972709519989375,COph100/027/027_F_GA31_BW1460_PA33_DG11_PF0_D1_S01_4,"[[0.3685674732239589,-0.3179151693214073,110.83955963364193],[1.5373159023084495,-1.3262512829851831,462.50315765350683],[0.0033214980282324745,-0.0028672499838813194,1.0000851715083159]]"
2e51dc12e56ffe46,COph100/027/027_F_GA31_BW1460_PA35_DG11_PF0_D1_S02_2__027_F_GA31_BW1460_PA37_DG11_PF0_D1_S03_5,COph100/patient/027,COph100,sift_h,True,True,0.0,False,26365.8468633876,COph100/027/027_F_GA31_BW1460_PA35_DG11_PF0_D1_S02_2,"[[-0.9879689258634129,-0.1174596297660635,606.436314668837],[-0.6654089083669308,-0.07846138519205278,408.05290034848167],[-0.0016300222948160891,-0.00019332315091276955,0.9996581227289258]]"
f086aff5795672a6,COph100/027/027_F_GA31_BW1460_PA35_DG11_PF0_D1_S02_2__027_F_GA31_BW1460_PA40_DG11_PF0_D1_S04_7,COph100/patient/027,COph100,sift_h,True,True,0.0,False,185.43151544933124,COph100/027/027_F_GA31_BW1460_PA35_DG11_PF0_D1_S02_2,"[[-0.9024617144817313,0.0038899390151430654,572.2255561311939],[-0.7056410553564052,0.007547680776571405,446.5105346213267],[-0.0015797465473013717,1.4489688894050593e-05,0.9997065143390487]]"
6e9e7fe5afbe010f,COph100/027/027_F_GA31_BW1460_PA37_DG11_PF0_D1_S03_5__027_F_GA31_BW1460_PA40_DG11_PF0_D1_S04_7,COph100/patient/027,COph100,sift_h,True,True,0.0,False,1198.9416113131379,COph100/027/027_F_GA31_BW1460_PA37_DG11_PF0_D1_S03_5,"[[-0.02644016627158477,-0.0014261494979559172,16.62304577085532],[-0.5162889829366296,-0.027116295962795703,324.3182775266279],[-0.001591824035193363,-8.331272129407654e-05,0.9996859118581586]]"
529df8d48717356d,COph100/028-1/028_F_GA32_BW1760_PA38_DG0_PF0_D1_S02_7__028_F_GA32_BW1760_PA41_DG0_PF0_D1_S03_7,COph100/patient/028,COph100,sift_h,True,True,0.0,False,2339.1553528089235,COph100/028-1/028_F_GA32_BW1760_PA38_DG0_PF0_D1_S02_7,"[[-1.5289106091509503,-0.13964983601765446,101.13639813746087],[-6.9737205754588505,-0.5928870767313218,442.07419213398134],[-0.01580358964372593,-0.001329914947108395,0.9967874678892186]]"
09c593ff4776c729,COph100/028/028_F_GA32_BW1760_PA33_DG0_PF0_D1_S01_2__028_F_GA32_BW1760_PA38_DG0_PF0_D1_S02_3,COph100/patient/028,COph100,sift_h,True,True,0.0,False,312679.7457305179,COph100/028/028_F_GA32_BW1760_PA33_DG0_PF0_D1_S01_2,"[[-8.281238502974352,-0.9735183933668312,602.2785955761254],[-5.267712877547171,-0.5359097097311529,382.8019234777696],[-0.013723858808961842,-0.0015864202807459175,0.9971293226706798]]"
36a5d609f237f98b,COph100/028/028_F_GA32_BW1760_PA33_DG0_PF0_D1_S01_2__028_F_GA32_BW1760_PA41_DG0_PF0_D1_S03_2,COph100/patient/028,COph100,sift_h,True,True,0.0,False,8102912.4959916705,COph100/028/028_F_GA32_BW1760_PA33_DG0_PF0_D1_S01_2,"[[-0.44482476544381755,-0.7925215770310183,590.5291073241755],[0.06537609793755848,-0.25095822536782547,59.4863955900135],[-0.0007957955235468663,-0.0012948905618069076,0.9996079963589962]]"
77489fa3cfc93e98,COph100/031-1/031_M_GA25_BW910_PA32_DG2_PF0_D1_S01_6__031_M_GA25_BW910_PA35_DG3_PF0_D1_S04_7,COph100/patient/031,COph100,sift_h,True,True,0.0,False,1412.8519620092384,COph100/031-1/031_M_GA25_BW910_PA32_DG2_PF0_D1_S01_6,"[[0.3181940288862488,-0.08225477900731061,16.873837740627362],[5.649836128175195,-1.4075261936317842,286.16846649820116],[0.020081561939208122,-0.004924612435111853,1.002841928032018]]"
9fa9b244be9f9243,COph100/031-1/031_M_GA25_BW910_PA32_DG2_PF0_D1_S01_6__031_M_GA25_BW910_PA36_DG3_PF0_D1_S05_10,COph100/patient/031,COph100,sift_h,True,True,0.0,False,35658.75412184697,COph100/031-1/031_M_GA25_BW910_PA32_DG2_PF0_D1_S01_6,"[[-0.6274384559411421,-0.6602076554879424,70.22647505528798],[-4.163504168265869,-3.1899149451042277,424.5048611221231],[-0.010005669359683925,-0.006809097964286018,0.9968472311267557]]"
4b02f814429f08a8,COph100/031-1/031_M_GA25_BW910_PA33_DG3_PF0_D1_S02_8__031_M_GA25_BW910_PA37_DG3_PF0_D1_S06_10,COph100/patient/031,COph100,sift_h,True,True,0.0,True,2931274342.1230016,COph100/031-1/031_M_GA25_BW910_PA33_DG3_PF0_D1_S02_8,"[[0.45227431261222456,-0.23576205082278978,42.5486695922367],[-0.09158560138787042,-0.145857791744104,72.55353656550139],[-0.0006981140464822281,-0.0027156337225304307,0.9993599222933102]]"
222f9e8a6bcd064e,COph100/031-1/031_M_GA25_BW910_PA33_DG3_PF0_D1_S02_8__031_M_GA25_BW910_PA43_DG9_PF0_D1_S09_4,COph100/patient/031,COph100,sift_h,True,True,0.0,False,16797.701521262832,COph100/031-1/031_M_GA25_BW910_PA33_DG3_PF0_D1_S02_8,"[[-0.03396121271461291,-0.00039302170128156035,21.197109364506098],[-0.48481442073301245,0.012859630922272365,301.5490608347985],[-0.001603416837215551,1.6554635344965408e-05,0.9997024633371493]]"
49efae197ba429e1,COph100/031-1/031_M_GA25_BW910_PA34_DG3_PF0_D1_S03_4__031_M_GA25_BW910_PA38_DG3_PF0_D1_S07_3,COph100/patient/031,COph100,sift_h,True,True,0.0,False,20346.17755641204,COph100/031-1/031_M_GA25_BW910_PA34_DG3_PF0_D1_S03_4,"[[-0.025114927446322113,-0.025062172874389606,25.124531818141342],[-0.1125849926137214,-0.11227825292177561,112.58989585651375],[-0.000999284892990125,-0.0009968562196032912,0.9996257235413888]]"
a4e139d9c387cd3e,COph100/031-1/031_M_GA25_BW910_PA34_DG3_PF0_D1_S03_4__031_M_GA25_BW910_PA40_DG2_PF0_D1_S08_4,COph100/patient/031,COph100,sift_h,True,True,0.0,True,762434.7675868772,COph100/031-1/031_M_GA25_BW910_PA34_DG3_PF0_D1_S03_4,"[[-0.09602633652661507,-0.8482775762723893,90.59605509005087],[0.015790702801624673,-0.3517062239298969,-17.47453354898049],[-0.0008389792875336472,-0.01233732764819103,0.9975294424495517]]"
f2937941e934991a,COph100/031-1/031_M_GA25_BW910_PA34_DG3_PF0_D1_S03_4__031_M_GA25_BW910_PA43_DG9_PF0_D1_S09_4,COph100/patient/031,COph100,sift_h,True,True,0.0,False,11.760946386686001,COph100/031-1/031_M_GA25_BW910_PA34_DG3_PF0_D1_S03_4,"[[-0.40752858883398607,-1.7533749595957844,60.74267126658663],[-0.4341189895035295,-1.9354505021081367,65.93812884945993],[-0.006590569081647605,-0.029219196101586083,0.9932856690281436]]"
eaf325eea3104412,COph100/031-1/031_M_GA25_BW910_PA35_DG3_PF0_D1_S04_7__031_M_GA25_BW910_PA36_DG3_PF0_D1_S05_10,COph100/patient/031,COph100,sift_h,True,True,0.0,True,372.4649276763875,COph100/031-1/031_M_GA25_BW910_PA35_DG3_PF0_D1_S04_7,"[[-21.924828845531984,132.81734314413197,615.191477183798],[-1.2119084517953678,7.335931104086578,38.49290928125016],[-0.03711427850096223,0.22486565906174075,1.035203383855146]]"
b5d2b4e18caac09b,COph100/031-1/031_M_GA25_BW910_PA35_DG3_PF0_D1_S04_7__031_M_GA25_BW910_PA38_DG3_PF0_D1_S07_3,COph100/patient/031,COph100,sift_h,True,True,0.0,False,2232.650799272847,COph100/031-1/031_M_GA25_BW910_PA35_DG3_PF0_D1_S04_7,"[[-0.0580181372486462,0.027540561594401165,32.671177357018664],[-0.1578320078076162,0.0777793138237141,88.8117192845579],[-0.0017673980450415784,0.0007469128883808539,0.9998086590331261]]"
ab715cafd55ed6ce,COph100/031-1/031_M_GA25_BW910_PA35_DG3_PF0_D1_S04_7__031_M_GA25_BW910_PA43_DG9_PF0_D1_S09_4,COph100/patient/031,COph100,sift_h,True,True,0.0,False,32761.63447223788,COph100/031-1/031_M_GA25_BW910_PA35_DG3_PF0_D1_S04_7,"[[-0.8707249486251749,-0.9059822961103198,95.45857164001599],[0.06338447940686691,-0.3238090668381211,13.44718178408508],[-0.007494604271671314,-0.011425392664961783,0.9964525005743813]]"
6f537b6cede6cc67,COph100/031-1/031_M_GA25_BW910_PA36_DG3_PF0_D1_S05_10__031_M_GA25_BW910_PA37_DG3_PF0_D1_S06_10,COph100/patient/031,COph100,sift_h,True,True,0.0,True,180349136.97098306,COph100/031-1/031_M_GA25_BW910_PA36_DG3_PF0_D1_S05_10,"[[0.3998560411826407,-0.21641443105755692,32.489114093192015],[-0.10055674232589745,-0.23063770961095248,111.61640647838672],[-0.0009087456299272485,-0.0028192093546379527,0.999301008440394]]"
8e78de9dca28bc08,COph100/031-1/031_M_GA25_BW910_PA36_DG3_PF0_D1_S05_10__031_M_GA25_BW910_PA40_DG2_PF0_D1_S08_4,COph100/patient/031,COph100,sift_h,True,True,0.0,True,166951937.5271,COph100/031-1/031_M_GA25_BW910_PA36_DG3_PF0_D1_S05_10,"[[-0.06546266304708807,-0.05163171686327766,-15.524361191875768],[0.538372029385266,-3.2439428759685556,551.8594997193294],[0.0021104687397900334,-0.008135877213641942,0.9988702359111528]]"
4a4440f9de5a0601,COph100/031-1/031_M_GA25_BW910_PA36_DG3_PF0_D1_S05_10__031_M_GA25_BW910_PA43_DG9_PF0_D1_S09_4,COph100/patient/031,COph100,sift_h,True,True,0.0,True,17542040.967647165,COph100/031-1/031_M_GA25_BW910_PA36_DG3_PF0_D1_S05_10,"[[-0.05889218653148468,0.06339942814554002,10.344911372942656],[-0.724430098097411,0.0692094905316304,384.62400015449856],[-0.0025422013053943756,0.0011766365326069425,0.9997439566051024]]"
4dfedb342ea9cf7b,COph100/031-1/031_M_GA25_BW910_PA37_DG3_PF0_D1_S06_10__031_M_GA25_BW910_PA43_DG9_PF0_D1_S09_4,COph100/patient/031,COph100,sift_h,True,True,0.0,True,1234962497.6839273,COph100/031-1/031_M_GA25_BW910_PA37_DG3_PF0_D1_S06_10,"[[-1.1770120261127934,-0.35735548512436915,74.47056349484922],[0.3485246993292818,-3.216523229504211,394.77875832750084],[0.0002285775890400548,-0.007171146824178809,0.9986982682684115]]"
601255c2d1787137,COph100/031-1/031_M_GA25_BW910_PA38_DG3_PF0_D1_S07_3__031_M_GA25_BW910_PA43_DG9_PF0_D1_S09_4,COph100/patient/031,COph100,sift_h,True,True,0.0,False,34305.56633902594,COph100/031-1/031_M_GA25_BW910_PA38_DG3_PF0_D1_S07_3,"[[-0.07556672138387482,-0.05678126347732953,69.36188094242445],[-0.005825034424928736,-0.05935582240302193,32.95315953029185],[-0.0008701557510614298,-0.0011125787928584776,0.999628237273015]]"
735a3d2ae1536dd7,COph100/031/031_M_GA25_BW910_PA32_DG2_PF0_D1_S01_1__031_M_GA25_BW910_PA33_DG3_PF0_D1_S02_1,COph100/patient/031,COph100,sift_h,True,True,0.0,False,340.0258557431662,COph100/031/031_M_GA25_BW910_PA32_DG2_PF0_D1_S01_1,"[[12.593786507498995,-3.731191773270936,580.943141100095],[9.452872663317484,-2.798626765495654,436.0749359616682],[0.021732442467181905,-0.0064376287876221835,1.0028677775649175]]"
d4b7f5db7ea7842b,COph100/031/031_M_GA25_BW910_PA32_DG2_PF0_D1_S01_1__031_M_GA25_BW910_PA35_DG3_PF0_D1_S04_1,COph100/patient/031,COph100,sift_h,True,True,0.0,False,7.682046322961789,COph100/031/031_M_GA25_BW910_PA32_DG2_PF0_D1_S01_1,"[[3.652216337728276,-0.970124726184952,81.02385992427656],[20.944928429679685,-5.563330136724967,465.78715469681094],[0.04527193555873071,-0.012030127414133148,1.006232839027112]]"
84a44b5b4062db7e,COph100/031/031_M_GA25_BW910_PA32_DG2_PF0_D1_S01_1__031_M_GA25_BW910_PA37_DG3_PF0_D1_S06_3,COph100/patient/031,COph100,sift_h,True,True,0.0,True,1714789.1541105146,COph100/031/031_M_GA25_BW910_PA32_DG2_PF0_D1_S01_1,"[[0.5027167262622696,-2.6697717852427276,-11.890700931396305],[0.005836717353112445,-1.9223703221286756,213.13226552348576],[0.004105166260275276,-0.041717346522083545,0.9929477162009109]]"
163cfa18b61828d7,COph100/031/031_M_GA25_BW910_PA32_DG2_PF0_D1_S01_1__031_M_GA25_BW910_PA38_DG3_PF0_D1_S07_5,COph100/patient/031,COph100,sift_h,True,True,0.0,False,196.50805986729506,COph100/031/031_M_GA25_BW910_PA32_DG2_PF0_D1_S01_1,"[[-4.7049905430170496,-6.077335227068215,618.8317019590454],[-2.8766295777409936,-3.7360774876034584,380.13449708525695],[-0.007536830853194353,-0.009789058480230288,0.9967513957499828]]"
611f99c145e21b33,COph100/031/031_M_GA25_BW910_PA33_DG3_PF0_D1_S02_1__031_M_GA25_BW910_PA34_DG3_PF0_D1_S03_11,COph100/patient/031,COph100,sift_h,True,True,0.0,False,37631345.6114039,COph100/031/031_M_GA25_BW910_PA33_DG3_PF0_D1_S02_1,"[[0.05441376345583668,0.1334003734801823,-26.677804802670398],[-0.3846102511702754,0.019478503937087117,240.2028617662205],[-0.0011557027136048948,-0.0009369259540927324,0.9996076321248067]]"
21ead287b8a82ab3,COph100/031/031_M_GA25_BW910_PA33_DG3_PF0_D1_S02_1__031_M_GA25_BW910_PA35_DG3_PF0_D1_S04_1,COph100/patient/031,COph100,sift_h,True,True,0.0,False,322408.75646929664,COph100/031/031_M_GA25_BW910_PA33_DG3_PF0_D1_S02_1,"[[-0.120053443554134,0.00565698379030715,74.30542842852404],[-0.04445484959047204,0.003436332223341946,26.82184246842267],[-0.0016188525425106467,7.858033110284574e-05,0.9997111989603611]]"
95cf42ab392ce2f1,COph100/031/031_M_GA25_BW910_PA33_DG3_PF0_D1_S02_1__031_M_GA25_BW910_PA36_DG3_PF0_D1_S05_6,COph100/patient/031,COph100,sift_h,True,True,0.0,True,6.7550338140957,COph100/031/031_M_GA25_BW910_PA33_DG3_PF0_D1_S02_1,"[[0.058924247828448,-0.14515616982747512,16.605489666437887],[1.2432477252966165,-3.0608657288560956,350.0635027731821],[0.003547827110540568,-0.008734834100501418,0.9990274361893824]]"
8f84c3c390e84fa5,COph100/031/031_M_GA25_BW910_PA33_DG3_PF0_D1_S02_1__031_M_GA25_BW910_PA37_DG3_PF0_D1_S06_3,COph100/patient/031,COph100,sift_h,True,True,0.0,False,208.5195987127278,COph100/031/031_M_GA25_BW910_PA33_DG3_PF0_D1_S02_1,"[[3.1539113220280157,-1.7934402658569937,562.8579525472078],[2.5271871693589554,-1.4368076136589671,450.7367087861945],[0.005613625948738287,-0.0031886637865060317,1.0004546804054186]]"
c425d89ba1f5b45e,COph100/031/031_M_GA25_BW910_PA33_DG3_PF0_D1_S02_1__031_M_GA25_BW910_PA38_DG3_PF0_D1_S07_5,COph100/patient/031,COph100,sift_h,True,True,0.0,False,75068.83159739096,COph100/031/031_M_GA25_BW910_PA33_DG3_PF0_D1_S02_1,"[[-0.0762020407501019,-0.015489086127648025,49.506230639374614],[-0.5384354411001527,-0.13251340367538242,360.73216174960515],[-0.0014967644971210902,-0.00035493292853909427,0.9996528067326887]]"
f5aa015c566dec4e,COph100/031/031_M_GA25_BW910_PA33_DG3_PF0_D1_S02_1__031_M_GA25_BW910_PA43_DG9_PF0_D1_S09_8,COph100/patient/031,COph100,sift_h,True,True,0.0,True,29598.400405648605,COph100/031/031_M_GA25_BW910_PA33_DG3_PF0_D1_S02_1,"[[0.09616563803145152,-0.7200319219467697,56.245970767067014],[0.8546765720848782,-5.399391469136386,410.49313185170615],[0.002112386067657761,-0.01314998501891576,0.9979304501966392]]"
9e88a65e872e2a21,COph100/031/031_M_GA25_BW910_PA34_DG3_PF0_D1_S03_11__031_M_GA25_BW910_PA37_DG3_PF0_D1_S06_3,COph100/patient/031,COph100,sift_h,True,True,0.0,False,62.687842340212,COph100/031/031_M_GA25_BW910_PA34_DG3_PF0_D1_S03_11,"[[4.034644283813643,-2.0553918261059745,600.2638070880906],[0.5447135795008337,-0.27729228669022693,81.27743165636323],[0.006728251394837944,-0.003426841867946775,1.000619014286292]]"
0b312ba37dff8568,COph100/031/031_M_GA25_BW910_PA34_DG3_PF0_D1_S03_11__031_M_GA25_BW910_PA38_DG3_PF0_D1_S07_5,COph100/patient/031,COph100,sift_h,True,True,0.0,False,21702649.78174298,COph100/031/031_M_GA25_BW910_PA34_DG3_PF0_D1_S03_11,"[[-4.986854722421575,-1.5065108331689196,598.8694737664664],[-0.46539886824458643,-0.41412613971862344,151.13402188927125],[-0.008475355508391033,-0.0024790826957691386,0.99794604283672]]"
93fa6f759b2ca049,COph100/031/031_M_GA25_BW910_PA34_DG3_PF0_D1_S03_11__031_M_GA25_BW910_PA40_DG2_PF0_D1_S08_6,COph100/patient/031,COph100,sift_h,True,True,0.0,True,1147549.5893414733,COph100/031/031_M_GA25_BW910_PA34_DG3_PF0_D1_S03_11,"[[0.02539386250567955,-0.03648076798159793,11.731412005344838],[0.043287368648870915,-0.5005722947907518,211.58967827477898],[0.0002941323780152297,-0.0022905419950517056,0.9996256731968056]]"
17a56574ae45b974,COph100/031/031_M_GA25_BW910_PA35_DG3_PF0_D1_S04_1__031_M_GA25_BW910_PA37_DG3_PF0_D1_S06_3,COph100/patient/031,COph100,sift_h,True,True,0.0,False,6221.742709279004,COph100/031/031_M_GA25_BW910_PA35_DG3_PF0_D1_S04_1,"[[-1.2067950744277802,0.16043114605157038,24.540951361902614],[-0.23582902634906958,0.04876826083510463,-2.5111570011166293],[-0.013102338741756068,0.00013360293041039098,0.9975683620353727]]"
f2e87ea984c0b244,COph100/031/031_M_GA25_BW910_PA35_DG3_PF0_D1_S04_1__031_M_GA25_BW910_PA40_DG2_PF0_D1_S08_6,COph100/patient/031,COph100,sift_h,True,True,0.0,False,77643.81270923506,COph100/031/031_M_GA25_BW910_PA35_DG3_PF0_D1_S04_1,"[[2.897511116832785,-1.8790043739843079,603.8681446637112],[1.7825183597339274,-1.1858375893169921,386.04256778866517],[0.004734704289729938,-0.00309750775106272,1.000306974351]]"
45cddb83e18b9b17,COph100/031/031_M_GA25_BW910_PA36_DG3_PF0_D1_S05_6__031_M_GA25_BW910_PA37_DG3_PF0_D1_S06_3,COph100/patient/031,COph100,sift_h,True,True,0.0,True,461974939.7815839,COph100/031/031_M_GA25_BW910_PA36_DG3_PF0_D1_S05_6,"[[0.23128366114724389,0.45218266973546223,-307.89958673356546],[-0.2194129574664157,-0.7503013260954664,356.9576840929151],[0.00043011416896739834,-0.004330901479562297,0.9992686023792634]]"
ca3d69791f0b5894,COph100/031/031_M_GA25_BW910_PA36_DG3_PF0_D1_S05_6__031_M_GA25_BW910_PA38_DG3_PF0_D1_S07_5,COph100/patient/031,COph100,sift_h,True,True,0.0,False,2393.1261883756047,COph100/031/031_M_GA25_BW910_PA36_DG3_PF0_D1_S05_6,"[[-1.0900323153304379,-0.07493850604911709,42.09051710605926],[-10.590400165400807,-0.5433937258609428,388.0246001213113],[-0.0283614116274024,-0.0011317690218901092,0.9944700286282576]]"
2a7e9b64bca3f4b9,COph100/031/031_M_GA25_BW910_PA36_DG3_PF0_D1_S05_6__031_M_GA25_BW910_PA40_DG2_PF0_D1_S08_6,COph100/patient/031,COph100,sift_h,True,True,0.0,False,13377649.968996547,COph100/031/031_M_GA25_BW910_PA36_DG3_PF0_D1_S05_6,"[[0.6399930831313019,0.057100429506915164,-10.725650188241525],[0.3841482827552521,0.17967718611651814,86.8368130220368],[0.0019191938478824782,-0.002176248553310844,0.9999518022427322]]"
51f835e393d3c4f2,COph100/031/031_M_GA25_BW910_PA36_DG3_PF0_D1_S05_6__031_M_GA25_BW910_PA43_DG9_PF0_D1_S09_8,COph100/patient/031,COph100,sift_h,True,True,0.0,False,11299.238857450182,COph100/031/031_M_GA25_BW910_PA36_DG3_PF0_D1_S05_6,"[[-0.9798314436629474,0.630961071278182,554.3664783806558],[-0.8162486251720653,0.5139068842216314,461.84476304451505],[-0.0017643001616390133,0.0011083884848102129,0.9998770165605946]]"
9f879fe4db9372a2,COph100/031/031_M_GA25_BW910_PA37_DG3_PF0_D1_S06_3__031_M_GA25_BW910_PA38_DG3_PF0_D1_S07_5,COph100/patient/031,COph100,sift_h,True,True,0.0,False,41216304.31727991,COph100/031/031_M_GA25_BW910_PA37_DG3_PF0_D1_S06_3,"[[0.03873071533674706,0.1345578251119701,-35.72275535450736],[-0.6218872220489426,0.05160518948960623,372.83038284483376],[-0.001674874483091576,0.0001446741071110321,0.9997130874295036]]"
3623c2b590812eba,COph100/031/031_M_GA25_BW910_PA37_DG3_PF0_D1_S06_3__031_M_GA25_BW910_PA40_DG2_PF0_D1_S08_6,COph100/patient/031,COph100,sift_h,True,True,0.0,False,0.26523555810065064,COph100/031/031_M_GA25_BW910_PA37_DG3_PF0_D1_S06_3,"[[-0.1841315000811412,-0.05880239637061131,14.70488572213304],[-2.0638071278343006,-0.6580632280634025,164.8618898815085],[-0.012479027460216355,-0.003979610582250614,0.9969140053670374]]"
f17606873bcf6010,COph100/031/031_M_GA25_BW910_PA37_DG3_PF0_D1_S06_3__031_M_GA25_BW910_PA43_DG9_PF0_D1_S09_8,COph100/patient/031,COph100,sift_h,True,True,0.0,False,2687115.024244532,COph100/031/031_M_GA25_BW910_PA37_DG3_PF0_D1_S06_3,"[[0.010647200745431174,-0.08356373567431508,50.86031622204466],[-0.2973204165123477,-0.5172498027708955,406.3126425743952],[-0.00094012433489925,-0.0009697143348973717,0.9996419052494131]]"
ce0bf1b0d59c749f,COph100/031/031_M_GA25_BW910_PA38_DG3_PF0_D1_S07_5__031_M_GA25_BW910_PA40_DG2_PF0_D1_S08_6,COph100/patient/031,COph100,sift_h,True,True,0.0,False,77451.90552534284,COph100/031/031_M_GA25_BW910_PA38_DG3_PF0_D1_S07_5,"[[-0.8951443026929324,-0.20054955396173435,604.9796513534119],[-0.5672598709874198,-0.12835277972079007,383.91626575952586],[-0.001476537648707173,-0.0003393120030422408,0.999659528190297]]"
c015bc07147f15b5,COph100/031/031_M_GA25_BW910_PA40_DG2_PF0_D1_S08_6__031_M_GA25_BW910_PA43_DG9_PF0_D1_S09_8,COph100/patient/031,COph100,sift_h,True,True,0.0,True,5357849937.992642,COph100/031/031_M_GA25_BW910_PA40_DG2_PF0_D1_S08_6,"[[-1.0756653294547835,-0.9603634998588664,560.2366418090545],[-0.7456960971285342,-0.8177237789226451,464.3772237981468],[-0.0019139785422362264,-0.0016942433860657844,0.9993234583884434]]"
e64ce9ceb682ab40,COph100/033/033_M_GA30_BW1250_PA31_DG0_PF0_D1_S01_2__033_M_GA30_BW1250_PA33_DG0_PF0_D1_S02_1,COph100/patient/033,COph100,sift_h,True,True,0.0,False,1278.3262069222787,COph100/033/033_M_GA30_BW1250_PA31_DG0_PF0_D1_S01_2,"[[-0.15669834521758125,0.010507770323960441,96.64495105131964],[-0.7744764058191154,0.05241669630215543,477.12797722426893],[-0.001623822617956548,0.0001127099076887801,0.9997166663668248]]"
3968ed21e45d9ba8,COph100/033/033_M_GA30_BW1250_PA31_DG0_PF0_D1_S01_2__033_M_GA30_BW1250_PA33_DG0_PF0_D1_S02_1,COph100/patient/033,COph100,sp_lg_h,True,True,0.0,False,97649853447.23456,COph100/033/033_M_GA30_BW1250_PA31_DG0_PF0_D1_S01_2,"[[-9.305355270132798,-0.5026905457644892,1952.1384395119862],[-6.069935704485192,-7.027295239255906,2456.3957457440492],[-0.014622730952780405,-0.00524963269291211,0.9962739318164326]]"
98d5b13097e9faf9,COph100/033/033_M_GA30_BW1250_PA31_DG0_PF0_D1_S01_2__033_M_GA30_BW1250_PA36_DG0_PF0_D1_S03_7,COph100/patient/033,COph100,sift_h,True,True,0.0,False,552464.8183407849,COph100/033/033_M_GA30_BW1250_PA31_DG0_PF0_D1_S01_2,"[[0.22568835522960207,-0.1611590897229172,55.124667933478456],[1.1397681750850892,-1.094656165306994,409.4763770005026],[0.0023359367012043687,-0.0025909580739340975,0.9999521834926132]]"
92d6af325b54e7f4,COph100/033/033_M_GA30_BW1250_PA33_DG0_PF0_D1_S02_1__033_M_GA30_BW1250_PA36_DG0_PF0_D1_S03_7,COph100/patient/033,COph100,sift_h,True,True,0.0,False,1366937.6255987976,COph100/033/033_M_GA30_BW1250_PA33_DG0_PF0_D1_S02_1,"[[-1.0538581952238513,-44.24230295187315,617.9230499165625],[-8.323832983430227,-18.561952502033087,1144.9826126055427],[-0.004381908178675594,-0.0696453748815686,0.9861198844262042]]"
9be561bf0f77e6bc,COph100/036/036_M_GA27_BW960_PA32_DG0_PF0_D1_S01_2__036_M_GA27_BW960_PA34_DG0_PF0_D1_S02_3,COph100/patient/036,COph100,sift_h,True,True,0.0,False,113968.8522379074,COph100/036/036_M_GA27_BW960_PA32_DG0_PF0_D1_S01_2,"[[8.29533522852786,-0.46866591422572235,35.86319601150464],[46.1492413998618,-3.8971912564953772,397.7324882732738],[0.1023860066582716,-0.009587872398124976,1.0173996501737774]]"
3be601fb5aa086ad,COph100/040/040_M_GA32_BW1770_PA36_DG12_PF0_D1_S01_5__040_M_GA32_BW1770_PA40_DG12_PF0_D1_S03_3,COph100/patient/040,COph100,sift_h,True,True,0.0,False,0.002166849646754549,COph100/040/040_M_GA32_BW1770_PA36_DG12_PF0_D1_S01_5,"[[-0.8243495433641445,-0.34170851622839193,60.022024328206996],[-0.8833814535187865,-0.366165366857174,64.31703344235333],[-0.01368439033191469,-0.005672434477423801,0.996370595348249]]"
006c0381e646708a,COph100/040/040_M_GA32_BW1770_PA38_DG12_PF0_D1_S02_2__040_M_GA32_BW1770_PA55_DG12_PF0_D1_S04_2,COph100/patient/040,COph100,sift_h,True,True,0.0,True,6716.841870894992,COph100/040/040_M_GA32_BW1770_PA38_DG12_PF0_D1_S02_2,"[[2.604298854735843,-4.754976490865761,607.8658633376797],[0.20298409509131532,-0.36865369890186933,47.900023272646955],[0.0042823791052186404,-0.007812548991692867,0.9993380931462861]]"
7d426f8045d40d27,COph100/040/040_M_GA32_BW1770_PA40_DG12_PF0_D1_S03_3__040_M_GA32_BW1770_PA55_DG12_PF0_D1_S04_2,COph100/patient/040,COph100,sift_h,True,True,0.0,False,2758.2965882345275,COph100/040/040_M_GA32_BW1770_PA40_DG12_PF0_D1_S03_3,"[[-2.852148063889252,-5.513243396855115,555.6759609863909],[-2.1958490240042243,-4.394789124149959,439.81557963536363],[-0.005051607353236307,-0.009918019182181131,0.9971931950246092]]"
56d473274f709b89,COph100/041/041_M_GA32_BW1770_PA36_DG0_PF0_D1_S01_2__041_M_GA32_BW1770_PA38_DG0_PF0_D1_S02_6,COph100/patient/041,COph100,sift_h,True,True,0.0,False,4951.501915694689,COph100/041/041_M_GA32_BW1770_PA36_DG0_PF0_D1_S01_2,"[[-0.03935013782348133,0.003147556992843215,22.479517214121753],[-0.6197185419767681,0.049607607729815775,355.73877157349284],[-0.0017415750964527477,0.00014051727182284505,0.9996998016578819]]"
b9145df8f0a37a1e,COph100/041/041_M_GA32_BW1770_PA36_DG0_PF0_D1_S01_2__041_M_GA32_BW1770_PA40_DG0_PF0_D1_S03_2,COph100/patient/041,COph100,sift_h,True,True,0.0,False,2382010.1650079153,COph100/041/041_M_GA32_BW1770_PA36_DG0_PF0_D1_S01_2,"[[-0.8070329035130945,-0.17818545479309955,50.17426687816827],[-6.760235029931275,-0.5772809260423293,378.7472042997811],[-0.016656023580430657,-0.0017640038843685108,0.9965462448503501]]"
85614a766c0378ed,COph100/044-1/044_F_GA31_BW1370_PA34_DG0_PF0_D1_S01_5__044_F_GA31_BW1370_PA35_DG0_PF0_D1_S02_6,COph100/patient/044,COph100,sift_h,True,True,0.0,True,1383695.8913753317,COph100/044-1/044_F_GA31_BW1370_PA34_DG0_PF0_D1_S01_5,"[[-0.18146195016810002,-0.05736918373880759,32.82240632064599],[-1.4445911766430348,-0.5777902498094882,292.1669295977871],[-0.0092491327664125,-0.001126768022516039,0.998054518602076]]"
066d25616d2e2b8d,COph100/044-1/044_F_GA31_BW1370_PA35_DG0_PF0_D1_S02_6__044_F_GA31_BW1370_PA42_DG0_PF0_D1_S03_7,COph100/patient/044,COph100,sift_h,True,True,0.0,False,1105962.4721540385,COph100/044-1/044_F_GA31_BW1370_PA35_DG0_PF0_D1_S02_6,"[[-0.5727239594092322,0.05840119389935358,-7.975777091445014],[-4.7847372480050385,-1.428314081174449,251.5200979769256],[-0.032162977177324824,-0.0037958143230626424,0.9932577265936774]]"
567eb4c4f58b2a0a,COph100/045-1/045_M_GA29_BW1120_PA38_DG2_PF0_D1_S01_5__045_M_GA29_BW1120_PA42_DG9_PF0_D1_S02_6,COph100/patient/045,COph100,sift_h,True,True,0.0,True,24372109.11952863,COph100/045-1/045_M_GA29_BW1120_PA38_DG2_PF0_D1_S01_5,"[[-0.12885524324746023,-0.11479989669476127,88.63525316412337],[-0.6625979365131149,-0.9428370076542155,480.6874069750349],[-0.0013815669857675517,-0.0018747006795402155,0.9993894498127548]]"
0eece1dddc3af731,COph100/045/045_M_GA29_BW1120_PA38_DG2_PF0_D1_S01_2__045_M_GA29_BW1120_PA42_DG9_PF0_D1_S02_3,COph100/patient/045,COph100,sift_h,True,True,0.0,True,154841915.4529391,COph100/045/045_M_GA29_BW1120_PA38_DG2_PF0_D1_S01_2,"[[-0.09366739491534731,0.019527377420367583,40.54156193973994],[-0.7055958081794191,0.29730180620279817,127.27867751591053],[-0.0021305745078231465,-0.0008879736272278422,0.9994340222246779]]"
1321fecb98fae2a1,COph100/047-1/047_F_GA32_BW1730_PA33_DG0_PF0_D1_S01_6__047_F_GA32_BW1730_PA38_DG0_PF0_D1_S02_4,COph100/patient/047,COph100,sift_h,True,True,0.0,True,8331.569728184488,COph100/047-1/047_F_GA32_BW1730_PA33_DG0_PF0_D1_S01_6,"[[-0.19112067111921044,-1.4611110465325505,564.0129929088432],[-0.15286905190739433,-1.1701011413011093,451.5679490101167],[-0.0003384167273924586,-0.002589217950089234,0.9994510684979722]]"
5f134b9afa5fa1bd,COph100/047-1/047_F_GA32_BW1730_PA33_DG0_PF0_D1_S01_6__047_F_GA32_BW1730_PA40_DG0_PF0_D1_S03_9,COph100/patient/047,COph100,sift_h,True,True,0.0,True,2.809443598481559,COph100/047-1/047_F_GA32_BW1730_PA33_DG0_PF0_D1_S01_6,"[[-0.027953352921144793,-0.09056463840615109,27.12454576333272],[-0.110348081040749,-0.35787760207942876,107.1507266179064],[-0.0010293620337907463,-0.003336805289471067,0.9991813436268884]]"
13be8ef4f9484abf,COph100/047/047_F_GA32_BW1730_PA38_DG0_PF0_D1_S02_1__047_F_GA32_BW1730_PA40_DG0_PF0_D1_S03_7,COph100/patient/047,COph100,sift_h,True,True,0.0,False,6676318.55032852,COph100/047/047_F_GA32_BW1730_PA38_DG0_PF0_D1_S02_1,"[[0.4813011191914547,0.3718233140198544,10.000452372088578],[2.9141392387330645,-1.7001617756498537,484.7384702712649],[0.008764521534996739,-0.0033364568097405244,1.0010177621359855]]"
6edd5b7c19dd0fa0,COph100/048-1/048_F_GA32_BW1680_PA33_DG0_PF0_D1_S01_1__048_F_GA32_BW1680_PA38_DG0_PF0_D1_S02_2,COph100/patient/048,COph100,sift_h,True,True,0.0,False,99678.54775715237,COph100/048-1/048_F_GA32_BW1680_PA33_DG0_PF0_D1_S01_1,"[[-0.8105441449104968,-0.03206167881941902,25.11783300126648],[-1.7885140042358783,0.03417773362069681,60.75440946840826],[-0.024852181237429244,-0.001371493278519085,0.9950830610282597]]"
9bb5b3f73a2f03e6,COph100/048-1/048_F_GA32_BW1680_PA33_DG0_PF0_D1_S01_1__048_F_GA32_BW1680_PA40_DG0_PF0_D1_S03_2,COph100/patient/048,COph100,sift_h,True,True,0.0,True,49222359.42753069,COph100/048-1/048_F_GA32_BW1680_PA33_DG0_PF0_D1_S01_1,"[[-1.057458427791898,-1.1610534189064061,606.2171433498658],[-0.10756490712083822,-0.10612234752401778,67.64522952914044],[-0.0017575142817136365,-0.0019066891839224092,0.9993129618501932]]"
b59ab8449379ab9a,COph100/048-1/048_F_GA32_BW1680_PA38_DG0_PF0_D1_S02_2__048_F_GA32_BW1680_PA40_DG0_PF0_D1_S03_2,COph100/patient/048,COph100,sift_h,True,True,0.0,True,20105268.445325304,COph100/048-1/048_F_GA32_BW1680_PA38_DG0_PF0_D1_S02_2,"[[-0.4250965888900317,-1.703194256879979,598.0726282025944],[-0.055250211796246895,-0.17987745385956086,51.83623873325221],[-0.0006682388324952221,-0.002944038110087805,0.9993226980732657]]"
c2666f99bb0fa11b,COph100/048/048_F_GA32_BW1680_PA33_DG0_PF0_D1_S01_7__048_F_GA32_BW1680_PA38_DG0_PF0_D1_S02_8,COph100/patient/048,COph100,sift_h,True,True,0.0,True,279681.82107786904,COph100/048/048_F_GA32_BW1680_PA33_DG0_PF0_D1_S01_7,"[[-0.001818221984607983,-0.07602547385257599,26.113798887661133],[-0.000770125031846383,-0.30268628096291933,106.7970807712883],[3.0473333992601748e-05,-0.002879157413736581,0.999465871735048]]"
ab40bccb259c19ef,COph100/048/048_F_GA32_BW1680_PA33_DG0_PF0_D1_S01_7__048_F_GA32_BW1680_PA40_DG0_PF0_D1_S03_9,COph100/patient/048,COph100,sift_h,True,True,0.0,False,2.2108003595164067,COph100/048/048_F_GA32_BW1680_PA33_DG0_PF0_D1_S01_7,"[[-2.4414442840084947,-0.044478417303133545,54.46493059848131],[-18.172434363951165,-0.3652191209888888,419.6877539987123],[-0.04292266123128785,-0.0008590813447735716,0.9917909232669885]]"
7d53168f46b873cf,COph100/048/048_F_GA32_BW1680_PA38_DG0_PF0_D1_S02_8__048_F_GA32_BW1680_PA40_DG0_PF0_D1_S03_9,COph100/patient/048,COph100,sift_h,True,True,0.0,False,568337.8744534311,COph100/048/048_F_GA32_BW1680_PA38_DG0_PF0_D1_S02_8,"[[-2.288117362694731,0.1015341113506612,42.489898664505176],[-1.567569988222693,0.6473740903828692,-35.847002939718955],[-0.036572487599930335,0.0011743648113184185,0.9933628519771353]]"
b773b3ccd7e5d34f,COph100/049-1/049_F_GA30_BW1220_PA32_DG0_PF0_D1_S01_9__049_F_GA30_BW1220_PA34_DG0_PF0_D1_S02_6,COph100/patient/049,COph100,sift_h,True,True,0.0,False,68599.15940814302,COph100/049-1/049_F_GA30_BW1220_PA32_DG0_PF0_D1_S01_9,"[[-3.448093858764289,0.30541520376319753,36.67060630623483],[-70.40575274307632,6.60088453274766,339.38525343692396],[-0.2055235906573809,0.019136812273259002,0.9650524790529771]]"
525265fadb36ac9e,COph100/049-1/049_F_GA30_BW1220_PA32_DG0_PF0_D1_S01_9__049_F_GA30_BW1220_PA36_DG0_PF0_D1_S03_6,COph100/patient/049,COph100,sift_h,True,True,0.0,False,2144693.5525354017,COph100/049-1/049_F_GA30_BW1220_PA32_DG0_PF0_D1_S01_9,"[[-26.958767227662776,3.235222176966142,610.2322894363907],[-4.935294391062066,0.11800966374948081,165.71183338799722],[-0.043431900457188,0.005086366828699586,0.9928102124446584]]"
b03a05a54d4dd802,COph100/049/049_F_GA30_BW1220_PA32_DG0_PF0_D1_S01_4__049_F_GA30_BW1220_PA36_DG0_PF0_D1_S03_1,COph100/patient/049,COph100,sift_h,True,True,0.0,False,227.34571381268933,COph100/049/049_F_GA30_BW1220_PA32_DG0_PF0_D1_S01_4,"[[-0.1345131437800838,0.05134927518157606,-9.198239019797786],[-10.82433946873446,-0.2782462017884099,278.50235587380985],[-0.037861463422836306,-0.0010384296511703158,0.9927062700486238]]"
55f91cdc90d7b26a,COph100/049/049_F_GA30_BW1220_PA34_DG0_PF0_D1_S02_2__049_F_GA30_BW1220_PA36_DG0_PF0_D1_S03_1,COph100/patient/049,COph100,sift_h,True,True,0.0,False,1252563592.6957564,COph100/049/049_F_GA30_BW1220_PA34_DG0_PF0_D1_S02_2,"[[-0.03864653896069717,-0.05244136315598622,26.564596214369963],[-0.5858288543750491,-0.04320225634423371,350.98377182195907],[-0.0016622584556023068,-0.00011484911938352855,0.9996667923296901]]"
d6d3dc3fdc950609,COph100/050-1/050_M_GA32_BW1790_PA38_DG0_PF0_D1_S02_8__050_M_GA32_BW1790_PA41_DG0_PF0_D1_S03_3,COph100/patient/050,COph100,sift_h,True,True,0.0,False,1919976.22976245,COph100/050-1/050_M_GA32_BW1790_PA38_DG0_PF0_D1_S02_8,"[[-0.02418482808958922,-0.035055686614020254,25.64443431804739],[-0.14210097942239416,-0.04933365176840495,103.74924091372466],[-0.0012558416464371316,-0.0007169386462583594,0.9996301036951196]]"
328f32ef91a890ae,COph100/050/050_M_GA32_BW1790_PA33_DG0_PF0_D1_S01_6__050_M_GA32_BW1790_PA41_DG0_PF0_D1_S03_6,COph100/patient/050,COph100,sift_h,True,True,0.0,True,761.8726393846584,COph100/050/050_M_GA32_BW1790_PA33_DG0_PF0_D1_S01_6,"[[0.029681767422687695,-1.6233732082593861,621.9986572667895],[0.0038245135448440517,-0.21242963406540527,81.40657142384245],[4.279378009665536e-05,-0.0026082515177112183,0.9995189766741973]]"
d3793e981f543db1,COph100/051-1/051_F_GA24_BW600_PA35_DG3_PF0_D1_S01_10__051_F_GA24_BW600_PA36_DG3_PF0_D1_S02_11,COph100/patient/051,COph100,sift_h,True,True,0.0,True,10843726.87981093,COph100/051-1/051_F_GA24_BW600_PA35_DG3_PF0_D1_S01_10,"[[-0.16077501896813418,-0.4656421494167658,87.95043539182322],[-0.4141956699553421,1.9773421747064615,-24.19667147674638],[-0.002878871011914981,0.005806544899902862,1.0005489388539976]]"
277f71b15fa9a3c5,COph100/051-1/051_F_GA24_BW600_PA35_DG3_PF0_D1_S01_10__051_F_GA24_BW600_PA42_DG3_PF0_D1_S03_3,COph100/patient/051,COph100,sift_h,True,True,0.0,True,265433792.81635505,COph100/051-1/051_F_GA24_BW600_PA35_DG3_PF0_D1_S01_10,"[[-1.2412482425495774,-0.10032688504465809,101.02622759415699],[-0.5793735775245724,-1.3511278022177082,415.64302648821626],[-0.0033096933735369525,-0.0007218215255024641,0.9992440909564301]]"
732129d7189fbfa4,COph100/051-1/051_F_GA24_BW600_PA35_DG3_PF0_D1_S01_10__051_F_GA24_BW600_PA46_DG9_PF0_D1_S04_2,COph100/patient/051,COph100,sift_h,True,True,0.0,False,487870949.3535332,COph100/051-1/051_F_GA24_BW600_PA35_DG3_PF0_D1_S01_10,"[[-4.566173627703448,-0.6049525179886355,225.53122190042785],[-0.10182747623703259,-1.9912285200024806,8.931363974455858],[-0.03416672081827419,-0.008130132887910866,0.9920693399300903]]"
37add9b2e3e72fce,COph100/051-1/051_F_GA24_BW600_PA36_DG3_PF0_D1_S02_11__051_F_GA24_BW600_PA42_DG3_PF0_D1_S03_3,COph100/patient/051,COph100,sift_h,True,True,0.0,False,77998605.40507072,COph100/051-1/051_F_GA24_BW600_PA36_DG3_PF0_D1_S02_11,"[[-1.3100291070389072,0.1014272488687539,743.0521425205951],[-1.753592005760564,-0.11253521454035434,1095.9446784363763],[-0.001800313097591241,0.0001855102377224339,0.9996972244637746]]"
5a04f56c984f5039,COph100/051-1/051_F_GA24_BW600_PA42_DG3_PF0_D1_S03_3__051_F_GA24_BW600_PA46_DG9_PF0_D1_S04_2,COph100/patient/051,COph100,sift_h,True,True,0.0,False,3952292.3523491407,COph100/051-1/051_F_GA24_BW600_PA42_DG3_PF0_D1_S03_3,"[[-0.09119948776679397,0.003236375755630459,50.99728999564534],[-0.1439300921729433,0.0029027661031215237,83.94580806751725],[-0.0017685782341314482,3.4256201313769296e-05,0.9996748146188467]]"
ab33343ca63d1418,COph100/051/051_F_GA24_BW600_PA35_DG3_PF0_D1_S01_6__051_F_GA24_BW600_PA36_DG3_PF0_D1_S02_3,COph100/patient/051,COph100,sift_h,True,True,0.0,False,893194.3974070018,COph100/051/051_F_GA24_BW600_PA35_DG3_PF0_D1_S01_6,"[[0.08480809786900784,-0.25890967592953984,13.543649533800952],[-1.417760210566015,-1.116106222769363,148.60548349980388],[-0.00806999353282616,-0.008371374119922175,0.9969172435651097]]"
c05a3785670880ee,COph100/051/051_F_GA24_BW600_PA35_DG3_PF0_D1_S01_6__051_F_GA24_BW600_PA42_DG3_PF0_D1_S03_11,COph100/patient/051,COph100,sift_h,True,True,0.0,False,4464.018512812419,COph100/051/051_F_GA24_BW600_PA35_DG3_PF0_D1_S01_6,"[[-0.7100925226766306,-0.40018958580572817,594.1876633600656],[-0.44465268425590854,-0.25059392505656647,372.00998360588744],[-0.0011906995752135473,-0.0006797186900290194,0.999649296575267]]"
6c5ad832bf298d43,COph100/051/051_F_GA24_BW600_PA36_DG3_PF0_D1_S02_3__051_F_GA24_BW600_PA46_DG9_PF0_D1_S04_8,COph100/patient/051,COph100,sift_h,True,True,0.0,False,188914.5663640137,COph100/051/051_F_GA24_BW600_PA36_DG3_PF0_D1_S02_3,"[[-0.7495490804019056,-0.37064085914499767,65.67472575311183],[-4.978891054891339,-2.4157059330540958,411.75996117193824],[-0.011488832042763747,-0.005859688448718313,0.9967471524078471]]"
03306af7964d5271,COph100/051/051_F_GA24_BW600_PA42_DG3_PF0_D1_S03_11__051_F_GA24_BW600_PA46_DG9_PF0_D1_S04_8,COph100/patient/051,COph100,sift_h,True,True,0.0,False,26.900614049705773,COph100/051/051_F_GA24_BW600_PA42_DG3_PF0_D1_S03_11,"[[-1.1425860741539964,-0.4509301308613438,91.8562197789483],[-5.5629829667632515,-2.2010057506023086,448.8576316119275],[-0.012341100342407575,-0.00488509968752245,0.9967700874943881]]"
42c2109eeb8d3a73,COph100/052-1/052_M_GA26_BW820_PA31_DG1_PF0_D1_S01_6__052_M_GA26_BW820_PA32_DG2_PF0_D1_S02_7,COph100/patient/052,COph100,sift_h,True,True,0.0,True,654153.0891621128,COph100/052-1/052_M_GA26_BW820_PA31_DG1_PF0_D1_S01_6,"[[-0.3924351870101032,-0.1699756065068125,100.56143328094757],[-1.8252708976948502,-0.8400444404190784,472.5243431504194],[-0.0038494951506844854,-0.001792275688663276,0.9989421679676223]]"
21393afaa6681bda,COph100/052-1/052_M_GA26_BW820_PA31_DG1_PF0_D1_S01_6__052_M_GA26_BW820_PA34_DG3_PF0_D1_S04_7,COph100/patient/052,COph100,sift_h,True,True,0.0,False,82.85879966322943,COph100/052-1/052_M_GA26_BW820_PA31_DG1_PF0_D1_S01_6,"[[-0.361991485700939,-0.08462852986027324,33.167091552943006],[-0.9847861619706028,-0.2262779226321726,88.54766464187014],[-0.011076952111752155,-0.002548112730607132,0.9974453003420576]]"
081c235d561cab21,COph100/052-1/052_M_GA26_BW820_PA31_DG1_PF0_D1_S01_6__052_M_GA26_BW820_PA42_DG3_PF0_D1_S06_4,COph100/patient/052,COph100,sift_h,True,True,0.0,True,205694315.06806186,COph100/052-1/052_M_GA26_BW820_PA31_DG1_PF0_D1_S01_6,"[[0.4852886277787083,-0.07968252759256467,15.662248169438323],[-0.1791110812675802,0.6365858699697302,13.091929122908617],[-0.004051667371001224,-0.0015252774822596593,0.9989543228400136]]"
bbbdb37d44f5d49d,COph100/052-1/052_M_GA26_BW820_PA31_DG1_PF0_D1_S01_6__052_M_GA26_BW820_PA75_DG9_PF0_D1_S08_8,COph100/patient/052,COph100,sift_h,True,True,0.0,True,31111191.54101077,COph100/052-1/052_M_GA26_BW820_PA31_DG1_PF0_D1_S01_6,"[[-12.570779495915886,14.908792958365655,-1038.5932613201333],[-8.281321743094871,13.268510089573667,-745.5990218201542],[-0.057798936111118915,0.07028900240068446,1.0023418874292935]]"
eccb590e7b22c8b1,COph100/052-1/052_M_GA26_BW820_PA32_DG2_PF0_D1_S02_7__052_M_GA26_BW820_PA33_DG3_PF0_D1_S03_6,COph100/patient/052,COph100,sift_h,True,True,0.0,False,38845.902684868175,COph100/052-1/052_M_GA26_BW820_PA32_DG2_PF0_D1_S02_7,"[[-6.4660507527651605,-1.7684860111628522,562.9997009057633],[0.14110383819507888,-0.10832351772074558,26.592237912612703],[-0.01175358065005107,-0.0030827254330558795,0.9972181926094175]]"
2a5da6f751fb98fe,COph100/052-1/052_M_GA26_BW820_PA32_DG2_PF0_D1_S02_7__052_M_GA26_BW820_PA34_DG3_PF0_D1_S04_7,COph100/patient/052,COph100,sift_h,True,True,0.0,False,608641.0735905105,COph100/052-1/052_M_GA26_BW820_PA32_DG2_PF0_D1_S02_7,"[[15.710746095316166,-1.6077542911949796,-58.521269315690624],[-2.3809224341785926,0.40499845794474654,198.3970028582215],[0.012909170261352236,-0.0022591282399438964,1.001996882879014]]"
2a3146123dab3342,COph100/052-1/052_M_GA26_BW820_PA32_DG2_PF0_D1_S02_7__052_M_GA26_BW820_PA36_DG3_PF0_D1_S05_8,COph100/patient/052,COph100,sift_h,True,True,0.0,True,2575.2030653373745,COph100/052-1/052_M_GA26_BW820_PA32_DG2_PF0_D1_S02_7,"[[-0.03546373381965288,-0.22099948557960244,23.946581422526958],[-0.5399641641744118,-3.3046826713090542,363.04658201693053],[-0.0014868271809762952,-0.009081880138866362,0.9980183673775295]]"
2122d303129f4b65,COph100/052-1/052_M_GA26_BW820_PA33_DG3_PF0_D1_S03_6__052_M_GA26_BW820_PA34_DG3_PF0_D1_S04_7,COph100/patient/052,COph100,sift_h,True,True,0.0,False,6611.812888100752,COph100/052-1/052_M_GA26_BW820_PA33_DG3_PF0_D1_S03_6,"[[-10.774600737082025,-3.8960659075293678,618.996706891164],[-1.90803259931273,-0.6931525056258352,109.58149606622845],[-0.01723413724556021,-0.006319853142812571,0.9955836268021802]]"
7df59965bdb3defe,COph100/052-1/052_M_GA26_BW820_PA33_DG3_PF0_D1_S03_6__052_M_GA26_BW820_PA36_DG3_PF0_D1_S05_8,COph100/patient/052,COph100,sift_h,True,True,0.0,False,360023565.75090116,COph100/052-1/052_M_GA26_BW820_PA33_DG3_PF0_D1_S03_6,"[[-5.759915402087829,0.29111456259164015,235.65894562708618],[0.11641405155480954,0.4478826344096767,-28.026581719040546],[-0.04311303127634514,0.0076468984340288225,0.9933501000920657]]"
0aeb0cf18e533e35,COph100/052-1/052_M_GA26_BW820_PA33_DG3_PF0_D1_S03_6__052_M_GA26_BW820_PA46_DG2_PF0_D1_S07_2,COph100/patient/052,COph100,sift_h,True,True,0.0,True,513478749.25412285,COph100/052-1/052_M_GA26_BW820_PA33_DG3_PF0_D1_S03_6,"[[-0.815393950823851,-1.2266721227370898,604.0443742296334],[-0.6127607405240552,-0.11295853588220331,367.10079418554096],[-0.0016594672470667936,-0.0016288505012575132,0.9993834404221892]]"
dea98d0279a59b76,COph100/052-1/052_M_GA26_BW820_PA34_DG3_PF0_D1_S04_7__052_M_GA26_BW820_PA36_DG3_PF0_D1_S05_8,COph100/patient/052,COph100,sift_h,True,True,0.0,False,53331.77619278379,COph100/052-1/052_M_GA26_BW820_PA34_DG3_PF0_D1_S04_7,"[[-0.7294288899750243,-0.4092825768840032,607.0203630802121],[-0.07053749438279672,-0.04063121871748752,59.145000716171104],[-0.0012021112030517712,-0.0006723679986957141,0.9996485351496723]]"
eb1db0b32ad0d27e,COph100/052-1/052_M_GA26_BW820_PA34_DG3_PF0_D1_S04_7__052_M_GA26_BW820_PA75_DG9_PF0_D1_S08_8,COph100/patient/052,COph100,sift_h,True,True,0.0,False,0.011259893445692906,COph100/052-1/052_M_GA26_BW820_PA34_DG3_PF0_D1_S04_7,"[[0.15253673416201805,-0.0665975209320744,16.64087763785693],[1.1499819213789102,-0.501993467804492,125.43911673385728],[0.009176374468567785,-0.004005650782832841,1.0009695106910752]]"
6fd0e996b752adfd,COph100/052-1/052_M_GA26_BW820_PA36_DG3_PF0_D1_S05_8__052_M_GA26_BW820_PA46_DG2_PF0_D1_S07_2,COph100/patient/052,COph100,sift_h,True,True,0.0,False,1984.6639728748341,COph100/052-1/052_M_GA26_BW820_PA36_DG3_PF0_D1_S05_8,"[[-0.21423043622794302,-0.1534926608700507,22.844306493342234],[-1.3346016818495259,-0.8325260880710325,122.94756688612237],[-0.01085201293991082,-0.006799149012601644,0.9966904071339039]]"
589eda0958b3b814,COph100/052-1/052_M_GA26_BW820_PA42_DG3_PF0_D1_S06_4__052_M_GA26_BW820_PA46_DG2_PF0_D1_S07_2,COph100/patient/052,COph100,sift_h,True,True,0.0,True,5961691.625259959,COph100/052-1/052_M_GA26_BW820_PA42_DG3_PF0_D1_S06_4,"[[-1.1685777586995367,-0.2215824293939357,668.6968494374304],[-0.15812376503428255,0.026728200715741085,89.87328612951761],[-0.0017514575054125598,-0.00020919658437681604,0.9996323773581645]]"
052c73ea7ffa4225,COph100/052/052_M_GA26_BW820_PA31_DG1_PF0_D1_S01_3__052_M_GA26_BW820_PA32_DG2_PF0_D1_S02_3,COph100/patient/052,COph100,sift_h,True,True,0.0,False,726200.3367654459,COph100/052/052_M_GA26_BW820_PA31_DG1_PF0_D1_S01_3,"[[-0.034549199049652896,-0.014208185020094756,25.245686824913815],[-0.42521208546502376,-0.06419535923878618,278.8524507749365],[-0.0012033725246062311,-0.0007276879113794927,0.9996379261682526]]"
0d334087932bbab8,COph100/052/052_M_GA26_BW820_PA31_DG1_PF0_D1_S01_3__052_M_GA26_BW820_PA33_DG3_PF0_D1_S03_11,COph100/patient/052,COph100,sift_h,True,True,0.0,False,1328433.4490826712,COph100/052/052_M_GA26_BW820_PA31_DG1_PF0_D1_S01_3,"[[-0.2493836004271003,-0.06386596017838311,19.781118282449448],[-1.163563343926781,-0.210459966079095,90.64767128920255],[-0.012114970134025675,-0.003176859590823731,0.9971327819265907]]"
45aaa68fb35d78f1,COph100/052/052_M_GA26_BW820_PA31_DG1_PF0_D1_S01_3__052_M_GA26_BW820_PA46_DG2_PF0_D1_S07_6,COph100/patient/052,COph100,sift_h,True,True,0.0,False,23231.334967558458,COph100/052/052_M_GA26_BW820_PA31_DG1_PF0_D1_S01_3,"[[1.9720451922858826,-1.2111197164345997,529.8683787968695],[1.1428948538592054,-1.0548957303284139,476.54611730943805],[0.003227888774400129,-0.002276247062213513,1.000178432821035]]"
d9cae0da3a04d6af,COph100/052/052_M_GA26_BW820_PA31_DG1_PF0_D1_S01_3__052_M_GA26_BW820_PA46_DG2_PF0_D1_S07_6,COph100/patient/052,COph100,sp_lg_h,True,True,0.0,True,2220851.201832924,COph100/052/052_M_GA26_BW820_PA31_DG1_PF0_D1_S01_3,"[[0.21085459286810884,-2.865229536965146,277.7167865871176],[0.24775423993838502,-1.8754623080966248,138.49963220996037],[0.0010147412653171053,-0.011166216906579087,0.9980965983172634]]"
d96f0fc608d00fc9,COph100/052/052_M_GA26_BW820_PA32_DG2_PF0_D1_S02_3__052_M_GA26_BW820_PA42_DG3_PF0_D1_S06_14,COph100/patient/052,COph100,sift_h,True,True,0.0,True,9901127.280204928,COph100/052/052_M_GA26_BW820_PA32_DG2_PF0_D1_S02_3,"[[-0.026250081389897924,-0.06529892948699624,26.09778203593759],[-0.4992911131247899,-0.14671136888252864,333.4124153469898],[-0.0014026605484353982,-0.0009393870947421289,0.9995608660669042]]"
bc62488e8ab8434b,COph100/052/052_M_GA26_BW820_PA32_DG2_PF0_D1_S02_3__052_M_GA26_BW820_PA46_DG2_PF0_D1_S07_6,COph100/patient/052,COph100,sift_h,True,True,0.0,True,2860199.7295266455,COph100/052/052_M_GA26_BW820_PA32_DG2_PF0_D1_S02_3,"[[8.724493328867753,-6.127015971836213,622.0612612906748],[5.951592177761717,-3.8290424003538144,380.4360081287687],[0.014524076346256923,-0.009922997777878181,1.000862702231571]]"
4b4e5283e1e26fdd,COph100/052/052_M_GA26_BW820_PA32_DG2_PF0_D1_S02_3__052_M_GA26_BW820_PA75_DG9_PF0_D1_S08_20,COph100/patient/052,COph100,sift_h,True,True,0.0,False,2006.558174308809,COph100/052/052_M_GA26_BW820_PA32_DG2_PF0_D1_S02_3,"[[0.3013833567705665,-0.11965755008479834,34.68949673029057],[0.7932991366242201,-0.282143068154361,77.7979344888488],[0.009709139127387916,-0.0035707428084414345,1.0011509493098025]]"
89847dc988c8cb39,COph100/052/052_M_GA26_BW820_PA33_DG3_PF0_D1_S03_11__052_M_GA26_BW820_PA34_DG3_PF0_D1_S04_4,COph100/patient/052,COph100,sift_h,True,True,0.0,True,21671859.299311176,COph100/052/052_M_GA26_BW820_PA33_DG3_PF0_D1_S03_11,"[[-2.220896680751824,3.442972284322055,-303.7273042381314],[-0.686365552998115,1.660862440795433,-71.15173455234692],[-0.03516779976910438,0.008522259498718196,0.9950039611993026]]"
548eb6da97ff3ff6,COph100/052/052_M_GA26_BW820_PA33_DG3_PF0_D1_S03_11__052_M_GA26_BW820_PA36_DG3_PF0_D1_S05_1,COph100/patient/052,COph100,sift_h,True,True,0.0,False,15118.621457788016,COph100/052/052_M_GA26_BW820_PA33_DG3_PF0_D1_S03_11,"[[-14.305599003437742,1.6782767745420923,612.3700972895914],[-8.59501768863694,0.98272444869478,369.0058330781651],[-0.02356312006830029,0.0027868880214362004,0.9961044564912129]]"
50b3924517f16c9c,COph100/052/052_M_GA26_BW820_PA33_DG3_PF0_D1_S03_11__052_M_GA26_BW820_PA42_DG3_PF0_D1_S06_14,COph100/patient/052,COph100,sift_h,True,True,0.0,False,3.2483630459178996,COph100/052/052_M_GA26_BW820_PA33_DG3_PF0_D1_S03_11,"[[0.8215243026176904,-0.13159621370901955,22.48940240899643],[12.822369793368182,-2.0574366744160737,351.1633697506422],[0.03672446981609941,-0.005894254289369094,1.005780665411262]]"
f03e9fec19e633a6,COph100/052/052_M_GA26_BW820_PA33_DG3_PF0_D1_S03_11__052_M_GA26_BW820_PA46_DG2_PF0_D1_S07_6,COph100/patient/052,COph100,sift_h,True,True,0.0,False,80761.5603802233,COph100/052/052_M_GA26_BW820_PA33_DG3_PF0_D1_S03_11,"[[-6.993971252218215,-0.9510550160527198,583.6861058432132],[-4.545307764495333,-0.7398168323501652,425.6643956819248],[-0.01146982286417545,-0.0016684153012523934,0.9975365803439823]]"
8711445332cb238b,COph100/052/052_M_GA26_BW820_PA34_DG3_PF0_D1_S04_4__052_M_GA26_BW820_PA36_DG3_PF0_D1_S05_1,COph100/patient/052,COph100,sift_h,True,True,0.0,True,284699.0348799658,COph100/052/052_M_GA26_BW820_PA34_DG3_PF0_D1_S04_4,"[[-14.02268763353809,13.881688992428389,615.1828751785152],[-9.325770985586585,9.555516437790308,399.80427449773777],[-0.023029570241786035,0.023044219878256257,1.0000027468068382]]"
9831a3aeea779630,COph100/052/052_M_GA26_BW820_PA34_DG3_PF0_D1_S04_4__052_M_GA26_BW820_PA42_DG3_PF0_D1_S06_14,COph100/patient/052,COph100,sift_h,True,True,0.0,True,345267.1534072469,COph100/052/052_M_GA26_BW820_PA34_DG3_PF0_D1_S04_4,"[[1.3699988630891773,-3.8421968273131615,574.7752246686005],[0.013127414148018058,-0.04173764015248428,9.145966402524543],[0.0024081880235072533,-0.006687305210394125,0.9991976655274587]]"
b13115cae1db639e,COph100/052/052_M_GA26_BW820_PA34_DG3_PF0_D1_S04_4__052_M_GA26_BW820_PA46_DG2_PF0_D1_S07_6,COph100/patient/052,COph100,sift_h,True,True,0.0,True,198925537.2371954,COph100/052/052_M_GA26_BW820_PA34_DG3_PF0_D1_S04_4,"[[1.802780446304479,-9.165485087946717,609.8225546785043],[1.061053140953228,-0.697494861996709,-10.789767306694939],[0.0028029494442626964,-0.013916471886315784,0.9979162145421151]]"
a2c4a3bfd88ff883,COph100/052/052_M_GA26_BW820_PA34_DG3_PF0_D1_S04_4__052_M_GA26_BW820_PA75_DG9_PF0_D1_S08_20,COph100/patient/052,COph100,sift_h,True,True,0.0,False,13.363120804415358,COph100/052/052_M_GA26_BW820_PA34_DG3_PF0_D1_S04_4,"[[-0.3432526697733341,-0.29331408953770355,30.478394521449204],[-0.9079081794839227,-0.7777498303358434,81.77695460102402],[-0.011099131898700957,-0.009499064307658546,0.9961378382113076]]"
77518ee0f8861b97,COph100/052/052_M_GA26_BW820_PA34_DG3_PF0_D1_S04_4__052_M_GA26_BW820_PA75_DG9_PF0_D1_S08_20,COph100/patient/052,COph100,sp_lg_h,True,True,0.0,True,20540791.656451978,COph100/052/052_M_GA26_BW820_PA34_DG3_PF0_D1_S04_4,"[[-1.351389279879808,0.37054676180258606,656.2846066048061],[-0.15183506768883082,0.7070971914462119,-9.014271295195],[-0.0023897769632034442,0.0018735616556410169,0.999903209629832]]"
5125ccac7a6c20e7,COph100/052/052_M_GA26_BW820_PA36_DG3_PF0_D1_S05_1__052_M_GA26_BW820_PA46_DG2_PF0_D1_S07_6,COph100/patient/052,COph100,sift_h,True,True,0.0,False,18748.173109241077,COph100/052/052_M_GA26_BW820_PA36_DG3_PF0_D1_S05_1,"[[2.7538330066407415,-2.0954698066700055,621.1487600219676],[1.4445877281904274,-1.176162645773113,352.05411814977083],[0.004413760906184176,-0.0033704918443421177,1.0001956129490954]]"
54b745eed8ddcbca,COph100/052/052_M_GA26_BW820_PA36_DG3_PF0_D1_S05_1__052_M_GA26_BW820_PA75_DG9_PF0_D1_S08_20,COph100/patient/052,COph100,sift_h,True,True,0.0,True,109113125.96190761,COph100/052/052_M_GA26_BW820_PA36_DG3_PF0_D1_S05_1,"[[-0.08435299719687901,0.027774218254285526,-10.867633935565049],[-0.7014802711216603,-1.049345397195222,448.5233457990846],[-0.0015677607181059556,-0.0024868723706758596,0.9992397562958534]]"
69634af3c2dc41df,COph100/052/052_M_GA26_BW820_PA42_DG3_PF0_D1_S06_14__052_M_GA26_BW820_PA46_DG2_PF0_D1_S07_6,COph100/patient/052,COph100,sift_h,True,True,0.0,True,339603.8882896822,COph100/052/052_M_GA26_BW820_PA42_DG3_PF0_D1_S06_14,"[[-1.7681574839693557,1.5319591993019483,616.5845572656046],[-0.13341725510626976,0.19040062715320072,32.059956120317096],[-0.002925092457555302,0.0025910521423526504,0.9999373674408994]]"
6a7a162b4b190bc8,COph100/052/052_M_GA26_BW820_PA42_DG3_PF0_D1_S06_14__052_M_GA26_BW820_PA75_DG9_PF0_D1_S08_20,COph100/patient/052,COph100,sift_h,True,True,0.0,False,87192.65972372048,COph100/052/052_M_GA26_BW820_PA42_DG3_PF0_D1_S06_14,"[[-1.7826881957588556,0.07955180202411202,-2.504052078253149],[-2.1575126536142393,-0.25579161980174653,61.27492983139609],[-0.03435642965223171,-0.002665668630321874,0.9930583565720212]]"
2090023150121498,COph100/054-1/054_M_GA29_BW1410_PA37_DG0_PF0_D1_S01_3__054_M_GA29_BW1410_PA43_DG0_PF0_D1_S02_6,COph100/patient/054,COph100,sift_h,True,True,0.0,False,36871.97153314106,COph100/054-1/054_M_GA29_BW1410_PA37_DG0_PF0_D1_S01_3,"[[-0.031604003630205865,0.02313858148245247,17.808722064198758],[-0.23955159503734152,0.25280566379820874,131.97370936997382],[-0.001844389860784671,0.002247584919940704,1.0000755990735917]]"
afbf4f94d25b46a3,COph100/054/054_M_GA29_BW1410_PA37_DG0_PF0_D1_S01_8__054_M_GA29_BW1410_PA43_DG0_PF0_D1_S02_2,COph100/patient/054,COph100,sift_h,True,True,0.0,True,1567519.9154254699,COph100/054/054_M_GA29_BW1410_PA37_DG0_PF0_D1_S01_8,"[[-0.028323174421187272,-0.04007029570956503,17.82339311170598],[-0.49846461842562556,-0.730618826788709,325.6484317933831],[-0.0015883899060335658,-0.002236577558698501,0.9992828186003627]]"
c3ecd316eef21314,COph100/055-1/055_M_GA38_BW3245_PA40_DG13_PF0_D1_S01_10__055_M_GA38_BW3245_PA41_DG13_PF0_D1_S02_7,COph100/patient/055,COph100,sift_h,True,True,0.0,False,3679.4826145832894,COph100/055-1/055_M_GA38_BW3245_PA40_DG13_PF0_D1_S01_10,"[[0.7894136783922492,-0.36173867588489184,107.81588543137295],[0.33011759300457494,-0.06593354681095613,15.968939137898161],[0.010774841995368713,-0.0036627647912976175,1.0013335144757634]]"
aca6960bc47d7753,COph100/055-1/055_M_GA38_BW3245_PA40_DG13_PF0_D1_S01_10__055_M_GA38_BW3245_PA42_DG13_PF0_D1_S03_2,COph100/patient/055,COph100,sift_h,True,True,0.0,False,1.2273271452905,COph100/055-1/055_M_GA38_BW3245_PA40_DG13_PF0_D1_S01_10,"[[0.1802661148739134,-0.10834537434699872,33.77242871232531],[2.124772867898465,-1.2764882402517574,397.7643081157984],[0.0053458263171825855,-0.003210820216141686,1.0004003136439452]]"
4a5bd191bdc5d056,COph100/055-1/055_M_GA38_BW3245_PA40_DG13_PF0_D1_S01_10__055_M_GA38_BW3245_PA43_DG13_PF0_D1_S04_5,COph100/patient/055,COph100,sift_h,True,True,0.0,False,1143962622.8801563,COph100/055-1/055_M_GA38_BW3245_PA40_DG13_PF0_D1_S01_10,"[[-7.1693986618648085,-0.4661310550079838,621.2901629780606],[-2.2619870153088137,-0.18450519236738755,148.04135850128324],[-0.011741075040077986,-0.0007359065767814554,0.9976605659468388]]"
3e5128c3df31a86f,COph100/055-1/055_M_GA38_BW3245_PA40_DG13_PF0_D1_S01_10__055_M_GA38_BW3245_PA44_DG13_PF0_D1_S05_6,COph100/patient/055,COph100,sift_h,True,True,0.0,False,3079834.956163773,COph100/055-1/055_M_GA38_BW3245_PA40_DG13_PF0_D1_S01_10,"[[-7.563615157853507,-3.492701557397396,585.1293148903261],[-0.7245138146229309,-0.26786679144151143,44.15480634859141],[-0.014990887423672335,-0.0057243217286813645,0.9961158982839337]]"
ce0f14b486d56040,COph100/055-1/055_M_GA38_BW3245_PA40_DG13_PF0_D1_S01_10__055_M_GA38_BW3245_PA44_DG13_PF0_D1_S05_6,COph100/patient/055,COph100,sp_lg_h,True,True,0.0,True,39281513.67231593,COph100/055-1/055_M_GA38_BW3245_PA40_DG13_PF0_D1_S01_10,"[[-4.966675250849427,2.1362050552002296,432.9584937338777],[-4.150840112645499,2.7691042975278637,381.8864517765555],[-0.015080882410816536,0.009164499953878842,0.9988906782893242]]"
ad9964d787e3eb1e,COph100/055-1/055_M_GA38_BW3245_PA40_DG13_PF0_D1_S01_10__055_M_GA38_BW3245_PA45_DG13_PF0_D1_S06_6,COph100/patient/055,COph100,sift_h,True,True,0.0,True,439311.0745312936,COph100/055-1/055_M_GA38_BW3245_PA40_DG13_PF0_D1_S01_10,"[[-0.006522493770858498,-0.049575189770715775,15.464895679295827],[0.036426166266703745,-0.5820626120144633,170.5981263294313],[-5.700836900246467e-05,-0.003202813222511919,0.9993887834515911]]"
bceb1cce41f2a5a5,COph100/055-1/055_M_GA38_BW3245_PA40_DG13_PF0_D1_S01_10__055_M_GA38_BW3245_PA47_DG13_PF0_D1_S07_7,COph100/patient/055,COph100,sift_h,True,True,0.0,False,10961.86222479342,COph100/055-1/055_M_GA38_BW3245_PA40_DG13_PF0_D1_S01_10,"[[7.164333914776406,-1.2656766089612672,95.92487211728286],[39.106132623039386,-6.755137071840706,468.7860383996334],[0.08450682352283045,-0.014596054827586625,1.0131082691303581]]"
737ce1b034e571df,COph100/055-1/055_M_GA38_BW3245_PA40_DG13_PF0_D1_S01_10__055_M_GA38_BW3245_PA53_DG13_PF0_D1_S08_2,COph100/patient/055,COph100,sift_h,True,True,0.0,False,30268.34383691206,COph100/055-1/055_M_GA38_BW3245_PA40_DG13_PF0_D1_S01_10,"[[-5.6430408700119195,-4.2939149986652,617.2554362837925],[-0.9984605834749465,-0.6924198731420519,100.7934801626882],[-0.009148881224377238,-0.006907259802285612,0.9969894735575007]]"
da1b669d55ceeb70,COph100/055-1/055_M_GA38_BW3245_PA40_DG13_PF0_D1_S01_10__055_M_GA38_BW3245_PA53_DG13_PF0_D1_S08_2,COph100/patient/055,COph100,sp_lg_h,True,True,0.0,False,3044205911.3357058,COph100/055-1/055_M_GA38_BW3245_PA40_DG13_PF0_D1_S01_10,"[[0.4245832373486244,0.39110317125903976,-43.67706182617581],[-0.8590890472469918,1.3419645395923814,113.97784520044816],[-0.001864086264840437,0.0010641671042073604,0.9998500151573813]]"
4032dca03b837b09,COph100/055-1/055_M_GA38_BW3245_PA40_DG13_PF0_D1_S01_10__055_M_GA38_BW3245_PA78_DG13_PF0_D1_S09_16,COph100/patient/055,COph100,sift_h,True,True,0.0,True,60940715.346316546,COph100/055-1/055_M_GA38_BW3245_PA40_DG13_PF0_D1_S01_10,"[[-0.048754300173577264,-0.16857716796928307,96.67509676602062],[-0.6449225618762222,-0.1641249372542106,444.71845807926144],[-0.0018669483436875745,6.942788953381356e-05,0.9996629649148462]]"
cf804c649b733cd6,COph100/055-1/055_M_GA38_BW3245_PA40_DG13_PF0_D1_S01_10__055_M_GA38_BW3245_PA78_DG13_PF0_D1_S09_16,COph100/patient/055,COph100,sp_lg_h,True,True,0.0,True,107062547.19021197,COph100/055-1/055_M_GA38_BW3245_PA40_DG13_PF0_D1_S01_10,"[[-2.1774106645325464,-1.6070859128060981,509.9890610095073],[-0.5680502966072439,-1.5713631516254614,341.1256267892326],[-0.0038216265982124655,-0.0047450983719519784,0.9983937390680941]]"
32be50f809ad205a,COph100/055-1/055_M_GA38_BW3245_PA41_DG13_PF0_D1_S02_7__055_M_GA38_BW3245_PA42_DG13_PF0_D1_S03_2,COph100/patient/055,COph100,sift_h,True,True,0.0,False,2458298.1354922787,COph100/055-1/055_M_GA38_BW3245_PA41_DG13_PF0_D1_S02_7,"[[-16.35488856054172,-0.14036127051891736,554.4971341594991],[-9.220887222350532,-4.054767423210676,486.81133078121195],[-0.022744918073062007,-0.008275988059403546,0.9941835801001627]]"
2381c5c3a16fb874,COph100/055-1/055_M_GA38_BW3245_PA41_DG13_PF0_D1_S02_7__055_M_GA38_BW3245_PA43_DG13_PF0_D1_S04_5,COph100/patient/055,COph100,sift_h,True,True,0.0,True,272047.9020079654,COph100/055-1/055_M_GA38_BW3245_PA41_DG13_PF0_D1_S02_7,"[[-1.5932453641227589,1.8086091064375713,72.42058248217745],[-0.8075602680822641,0.7647870266895828,40.300350971670674],[-0.022509210788177757,0.025668670530472112,1.0005923987016803]]"
9682ae65cd8d3515,COph100/055-1/055_M_GA38_BW3245_PA41_DG13_PF0_D1_S02_7__055_M_GA38_BW3245_PA44_DG13_PF0_D1_S05_6,COph100/patient/055,COph100,sift_h,True,True,0.0,True,910102625.8655638,COph100/055-1/055_M_GA38_BW3245_PA41_DG13_PF0_D1_S02_7,"[[-0.8864938263731061,-0.27418004523037376,593.9267072566862],[0.6641593785773703,-3.4286158139918457,203.06566876656385],[0.000535070080386124,-0.004941200457530475,0.9991738505542854]]"
46288d81c8b3e35c,COph100/055-1/055_M_GA38_BW3245_PA41_DG13_PF0_D1_S02_7__055_M_GA38_BW3245_PA45_DG13_PF0_D1_S06_6,COph100/patient/055,COph100,sift_h,True,True,0.0,False,19841.7215664473,COph100/055-1/055_M_GA38_BW3245_PA41_DG13_PF0_D1_S02_7,"[[0.9787919419955817,-0.18467250522195924,29.21735572119717],[18.22466125288944,-2.629403069177491,307.1218552714905],[0.0520715804503927,-0.007908251629948041,1.0082806241538333]]"
7db123da8df7cfdc,COph100/055-1/055_M_GA38_BW3245_PA41_DG13_PF0_D1_S02_7__055_M_GA38_BW3245_PA47_DG13_PF0_D1_S07_7,COph100/patient/055,COph100,sift_h,True,True,0.0,False,53940.27434746526,COph100/055-1/055_M_GA38_BW3245_PA41_DG13_PF0_D1_S02_7,"[[-0.02389822409845474,-0.006278384779937431,16.573305174476076],[-0.18669044182799177,-0.05096902155544569,130.0546109824896],[-0.0014329987661016827,-0.0003886229143776987,0.9996584459349102]]"
dce91636a2782aee,COph100/055-1/055_M_GA38_BW3245_PA41_DG13_PF0_D1_S02_7__055_M_GA38_BW3245_PA78_DG13_PF0_D1_S09_16,COph100/patient/055,COph100,sift_h,True,True,0.0,False,52.297679685019,COph100/055-1/055_M_GA38_BW3245_PA41_DG13_PF0_D1_S02_7,"[[-1.1053787163647664,0.18200827846996404,31.85096971278447],[-4.400426893986719,0.7243121646531929,126.8747640872905],[-0.03447994788252228,0.005674225428596196,0.9945989270398888]]"
eff295226571f54c,COph100/055-1/055_M_GA38_BW3245_PA42_DG13_PF0_D1_S03_2__055_M_GA38_BW3245_PA43_DG13_PF0_D1_S04_5,COph100/patient/055,COph100,sift_h,True,True,0.0,True,1632200391.522571,COph100/055-1/055_M_GA38_BW3245_PA42_DG13_PF0_D1_S03_2,"[[-0.008639241695354129,0.1191393515672896,-21.633728575416605],[0.008924663782680607,-0.24875549962958587,110.63434607422798],[0.0016529501133230478,-0.0035224830599529314,0.9996494625725069]]"
358c5aaf0f4f9c8f,COph100/055-1/055_M_GA38_BW3245_PA42_DG13_PF0_D1_S03_2__055_M_GA38_BW3245_PA45_DG13_PF0_D1_S06_6,COph100/patient/055,COph100,sift_h,True,True,0.0,False,7225.984872265601,COph100/055-1/055_M_GA38_BW3245_PA42_DG13_PF0_D1_S03_2,"[[-0.04704419969210331,0.004961407978402149,26.821827160527516],[-0.6361053213756873,0.07413533944907717,361.3567098670553],[-0.001759478664751368,0.00020848459944470423,0.999709188612755]]"
7f8bb0b1332a2cf9,COph100/055-1/055_M_GA38_BW3245_PA42_DG13_PF0_D1_S03_2__055_M_GA38_BW3245_PA53_DG13_PF0_D1_S08_2,COph100/patient/055,COph100,sift_h,True,True,0.0,False,3383198.5897069965,COph100/055-1/055_M_GA38_BW3245_PA42_DG13_PF0_D1_S03_2,"[[-12.948574311197243,0.4585701240393998,745.0438474570187],[-7.770105126758853,0.9304819383848983,262.2639192777513],[-0.021179648525192864,0.0017809905915835396,0.9963627516374483]]"
a3b2e2934c364e2a,COph100/055-1/055_M_GA38_BW3245_PA42_DG13_PF0_D1_S03_2__055_M_GA38_BW3245_PA78_DG13_PF0_D1_S09_16,COph100/patient/055,COph100,xfeat_h,True,True,0.0,False,8654742027.155737,COph100/055-1/055_M_GA38_BW3245_PA42_DG13_PF0_D1_S03_2,"[[1.763027267404285,-0.9053974312963128,-10.867087735382555],[0.3081576715271945,0.7612571683870321,-122.87013716198715],[0.002028954079160535,-0.002228589627804915,0.9999625683346292]]"
f0d7e32ba7846351,COph100/055-1/055_M_GA38_BW3245_PA43_DG13_PF0_D1_S04_5__055_M_GA38_BW3245_PA45_DG13_PF0_D1_S06_6,COph100/patient/055,COph100,sift_h,True,True,0.0,True,58442860.91138315,COph100/055-1/055_M_GA38_BW3245_PA43_DG13_PF0_D1_S04_5,"[[-2.5844440806270854,-1.0860759608775068,606.4475581790641],[-0.19589155328805238,-0.14535485519691999,70.01422149069963],[-0.004362262567730137,-0.0017845832832877316,0.9988474664029342]]"
edaae844a0ca8663,COph100/055-1/055_M_GA38_BW3245_PA43_DG13_PF0_D1_S04_5__055_M_GA38_BW3245_PA47_DG13_PF0_D1_S07_7,COph100/patient/055,COph100,sift_h,True,True,0.0,False,445.6549523523598,COph100/055-1/055_M_GA38_BW3245_PA43_DG13_PF0_D1_S04_5,"[[-1.7456338679686798,-0.16972261968815056,84.70123851467163],[-9.534075862504698,-0.9264387226306646,461.13870686699903],[-0.020600406107270222,-0.002004708071286902,0.9957615410915205]]"
ba54527a27dc714f,COph100/055-1/055_M_GA38_BW3245_PA43_DG13_PF0_D1_S04_5__055_M_GA38_BW3245_PA78_DG13_PF0_D1_S09_16,COph100/patient/055,COph100,sift_h,True,True,0.0,True,32604.20213481674,COph100/055-1/055_M_GA38_BW3245_PA43_DG13_PF0_D1_S04_5,"[[0.038620599492018126,-0.08766404925499202,16.52684340857056],[0.638848895257007,-1.6914640113033164,320.5037042622037],[0.0019377753206832275,-0.0052695843876045395,0.9993752857999523]]"
15996807f38cfdc2,COph100/055-1/055_M_GA38_BW3245_PA44_DG13_PF0_D1_S05_6__055_M_GA38_BW3245_PA45_DG13_PF0_D1_S06_6,COph100/patient/055,COph100,sift_h,True,True,0.0,True,80022458.7196255,COph100/055-1/055_M_GA38_BW3245_PA44_DG13_PF0_D1_S05_6,"[[-0.1503823193377647,-0.31810685983859627,59.997837000620216],[0.02363416620863262,-0.4406975507279392,57.49651188544868],[0.001373804740935598,-0.006186017368877483,0.9990977101322609]]"
c0a6ec31337fd9af,COph100/055-1/055_M_GA38_BW3245_PA44_DG13_PF0_D1_S05_6__055_M_GA38_BW3245_PA47_DG13_PF0_D1_S07_7,COph100/patient/055,COph100,sift_h,True,True,0.0,False,5.412624685083252,COph100/055-1/055_M_GA38_BW3245_PA44_DG13_PF0_D1_S05_6,"[[-1.051165758758957,-0.13198370668409903,84.52015529115012],[-5.742144611648751,-0.7210775762258658,461.55957091957396],[-0.0124086282098879,-0.0015583922481240456,0.9973811836641228]]"
dc820436346ff359,COph100/055-1/055_M_GA38_BW3245_PA44_DG13_PF0_D1_S05_6__055_M_GA38_BW3245_PA53_DG13_PF0_D1_S08_2,COph100/patient/055,COph100,sift_h,True,True,0.0,True,212245781.0576278,COph100/055-1/055_M_GA38_BW3245_PA44_DG13_PF0_D1_S05_6,"[[3.6906305890706754,-6.31184613028448,701.8721641983173],[2.0936898663711436,-3.5206061843454517,389.54868352766596],[0.005452603482992455,-0.009111893778666651,0.999313883069561]]"
dc7840acd4a8f12e,COph100/055-1/055_M_GA38_BW3245_PA44_DG13_PF0_D1_S05_6__055_M_GA38_BW3245_PA78_DG13_PF0_D1_S09_16,COph100/patient/055,COph100,sift_h,True,True,0.0,False,283081.1007342188,COph100/055-1/055_M_GA38_BW3245_PA44_DG13_PF0_D1_S05_6,"[[-5.765008970432663,-2.3220065577487032,379.51002530222013],[-3.4491323978708586,-0.782411761500405,206.11099849721325],[-0.014685615019254148,-0.004824508166382989,0.9963418519026931]]"
8aa712cac5e2ea65,COph100/055-1/055_M_GA38_BW3245_PA45_DG13_PF0_D1_S06_6__055_M_GA38_BW3245_PA78_DG13_PF0_D1_S09_16,COph100/patient/055,COph100,sift_h,True,True,0.0,True,26769817.911819402,COph100/055-1/055_M_GA38_BW3245_PA45_DG13_PF0_D1_S06_6,"[[-0.02324212072249776,-0.008614044574647458,14.492086930278207],[-0.29824517982283977,-0.07112026104950679,183.9028151658006],[-0.0016188779054551055,-0.0004046643038501879,0.9996205858357553]]"
a840fd6f31f8b2a2,COph100/055-1/055_M_GA38_BW3245_PA47_DG13_PF0_D1_S07_7__055_M_GA38_BW3245_PA53_DG13_PF0_D1_S08_2,COph100/patient/055,COph100,sift_h,True,True,0.0,True,66520.73661671823,COph100/055-1/055_M_GA38_BW3245_PA47_DG13_PF0_D1_S07_7,"[[-0.7872975393652973,-1.5984712014067541,604.9688245858582],[-0.07844851488102261,-0.17089436459014617,62.988614098226144],[-0.0013012125745646948,-0.0026375889021150556,0.9992614747231225]]"
09c80097db76d1fe,COph100/055-1/055_M_GA38_BW3245_PA47_DG13_PF0_D1_S07_7__055_M_GA38_BW3245_PA78_DG13_PF0_D1_S09_16,COph100/patient/055,COph100,sift_h,True,True,0.0,True,2050542.4800847871,COph100/055-1/055_M_GA38_BW3245_PA47_DG13_PF0_D1_S07_7,"[[0.05761497473543155,-0.16207900085593552,25.015550981016222],[0.6442547867348201,-1.9700690068213913,338.3392604943914],[0.0018357411413788432,-0.0056989728905861405,0.9992756440470236]]"
f078a03bbc9e253d,COph100/055-1/055_M_GA38_BW3245_PA53_DG13_PF0_D1_S08_2__055_M_GA38_BW3245_PA78_DG13_PF0_D1_S09_16,COph100/patient/055,COph100,sift_h,True,True,0.0,False,1.3220876749993273,COph100/055-1/055_M_GA38_BW3245_PA53_DG13_PF0_D1_S08_2,"[[-0.6626986975706075,-0.4759206957099556,68.62691754982916],[-0.36056875090885293,-0.2585770604064099,37.192571197690086],[-0.009640799453696204,-0.006918872022861811,0.9968950615981453]]"
4a57f88164929bf0,COph100/055/055_M_GA38_BW3245_PA40_DG13_PF0_D1_S01_3__055_M_GA38_BW3245_PA41_DG13_PF0_D1_S02_1,COph100/patient/055,COph100,sift_h,True,True,0.0,False,164.9755981521436,COph100/055/055_M_GA38_BW3245_PA40_DG13_PF0_D1_S01_3,"[[-1.9849753455578452,-0.044947877851184696,38.75305446868396],[-5.97420323032043,-0.061640750397345526,110.47962645662135],[-0.05352384106190183,-0.0008070516155461601,0.9898129576229785]]"
4b5c1f67ca363e22,COph100/055/055_M_GA38_BW3245_PA40_DG13_PF0_D1_S01_3__055_M_GA38_BW3245_PA43_DG13_PF0_D1_S04_13,COph100/patient/055,COph100,sift_h,True,True,0.0,True,145118416.8618646,COph100/055/055_M_GA38_BW3245_PA40_DG13_PF0_D1_S01_3,"[[-0.15056608571200236,-1.2941095892281276,607.5567847519966],[-0.11998180143122322,-0.8159673068200992,393.02268627267813],[-0.00012234999238838352,-0.002126771920598195,0.999578289641315]]"
f60688f895ac3ded,COph100/055/055_M_GA38_BW3245_PA40_DG13_PF0_D1_S01_3__055_M_GA38_BW3245_PA44_DG13_PF0_D1_S05_1,COph100/patient/055,COph100,sift_h,True,True,0.0,True,1102805.931770397,COph100/055/055_M_GA38_BW3245_PA40_DG13_PF0_D1_S01_3,"[[-0.01267625252383233,-0.20057065201755142,68.40918905850947],[0.010685838348024964,-0.12802890452704405,28.99205074170514],[0.0005975266146695556,-0.0044630135883389375,0.999275221192437]]"
4e03c1425b26cfa0,COph100/055/055_M_GA38_BW3245_PA40_DG13_PF0_D1_S01_3__055_M_GA38_BW3245_PA47_DG13_PF0_D1_S07_4,COph100/patient/055,COph100,sift_h,True,True,0.0,False,29153.885407510494,COph100/055/055_M_GA38_BW3245_PA40_DG13_PF0_D1_S01_3,"[[-0.7232916731579647,-0.36659950920683365,68.0169059385288],[-0.5047914900478558,-0.2437550548276459,61.7109609244433],[-0.010425285250837251,-0.00554888411572536,0.9970048432437695]]"
038f31fa88fe1d88,COph100/055/055_M_GA38_BW3245_PA40_DG13_PF0_D1_S01_3__055_M_GA38_BW3245_PA53_DG13_PF0_D1_S08_7,COph100/patient/055,COph100,sift_h,True,True,0.0,True,122213.04671778096,COph100/055/055_M_GA38_BW3245_PA40_DG13_PF0_D1_S01_3,"[[-7.174389057762075,15.617079691156304,566.8538702816326],[-1.2782837522299555,2.6879103648521157,122.52710883197916],[-0.01186664792955705,0.02556284702175786,1.0025680373297876]]"
8ed14fb063327bae,COph100/055/055_M_GA38_BW3245_PA40_DG13_PF0_D1_S01_3__055_M_GA38_BW3245_PA53_DG13_PF0_D1_S08_7,COph100/patient/055,COph100,sp_lg_h,True,True,0.0,False,2501044028.0221753,COph100/055/055_M_GA38_BW3245_PA40_DG13_PF0_D1_S01_3,"[[-22.893278077883036,-5.373962837241751,5987.616633108381],[-5.636733569366388,-11.342682056752356,2709.7125806149315],[-0.023398065018966623,-0.0043594457764378446,0.9947954667258616]]"
f5dedac9e2cd3e39,COph100/055/055_M_GA38_BW3245_PA40_DG13_PF0_D1_S01_3__055_M_GA38_BW3245_PA78_DG13_PF0_D1_S09_6,COph100/patient/055,COph100,sift_h,True,True,0.0,True,2165976254.544706,COph100/055/055_M_GA38_BW3245_PA40_DG13_PF0_D1_S01_3,"[[-1.4611587895849587,-1.5696563676984487,888.4500838066226],[-0.22729947251269272,-0.2589926930307169,129.56395782331342],[-0.002265220979007179,-0.001423242359793869,0.9993084131239748]]"
7c27ebb4f1375a90,COph100/055/055_M_GA38_BW3245_PA41_DG13_PF0_D1_S02_1__055_M_GA38_BW3245_PA44_DG13_PF0_D1_S05_1,COph100/patient/055,COph100,sift_h,True,True,0.0,True,103359064.34435952,COph100/055/055_M_GA38_BW3245_PA41_DG13_PF0_D1_S02_1,"[[1.6694348195800874,-1.721566735784827,591.2270266066266],[0.41544768845499025,-1.6159809823353848,480.6258991777576],[0.003409240870829046,-0.0038506905191868185,0.9999172281909329]]"
9722e642b2fcfe00,COph100/055/055_M_GA38_BW3245_PA41_DG13_PF0_D1_S02_1__055_M_GA38_BW3245_PA45_DG13_PF0_D1_S06_7,COph100/patient/055,COph100,sift_h,True,True,0.0,True,4068996685.6999054,COph100/055/055_M_GA38_BW3245_PA41_DG13_PF0_D1_S02_1,"[[-1.2206417879071487,-0.5940761568867824,162.23056641818698],[1.6360357956671525,-5.252106465641792,1097.9927690761267],[0.0017473425930398653,-0.008148806888827234,0.9987997254445399]]"
1da1deaa60e01285,COph100/055/055_M_GA38_BW3245_PA41_DG13_PF0_D1_S02_1__055_M_GA38_BW3245_PA47_DG13_PF0_D1_S07_4,COph100/patient/055,COph100,sift_h,True,True,0.0,False,85.77413673929722,COph100/055/055_M_GA38_BW3245_PA41_DG13_PF0_D1_S02_1,"[[-0.21924112597102605,-0.11259200326186528,16.63759783557801],[-4.302047080409284,-2.2089277188801897,325.87002438729866],[-0.013179125264834592,-0.006768861948152304,0.9962597523975649]]"
6007c26fad128816,COph100/055/055_M_GA38_BW3245_PA41_DG13_PF0_D1_S02_1__055_M_GA38_BW3245_PA53_DG13_PF0_D1_S08_7,COph100/patient/055,COph100,sift_h,True,True,0.0,False,112653.65147585009,COph100/055/055_M_GA38_BW3245_PA41_DG13_PF0_D1_S02_1,"[[-0.29237253824382786,0.00878270024618886,12.583509215943117],[-2.0933044216772876,-0.06536072553824876,137.05777056430048],[-0.016093676198430315,-0.0010210253224536678,0.9967909934648342]]"
79f9a5edbb719afb,COph100/055/055_M_GA38_BW3245_PA42_DG13_PF0_D1_S03_6__055_M_GA38_BW3245_PA44_DG13_PF0_D1_S05_1,COph100/patient/055,COph100,sift_h,True,True,0.0,False,78981.53777376589,COph100/055/055_M_GA38_BW3245_PA42_DG13_PF0_D1_S03_6,"[[0.8737819441029848,-0.27802224704731854,75.52101509144393],[0.8410854088077635,-0.18383062227672609,39.83178291904867],[0.017105618298209276,-0.004214121716498625,1.0024171556090709]]"
55aba4fbd7d7ce31,COph100/055/055_M_GA38_BW3245_PA42_DG13_PF0_D1_S03_6__055_M_GA38_BW3245_PA45_DG13_PF0_D1_S06_7,COph100/patient/055,COph100,sift_h,True,True,0.0,False,53302975.7386993,COph100/055/055_M_GA38_BW3245_PA42_DG13_PF0_D1_S03_6,"[[1.9093842310865565,-0.27994903247032626,48.98493701329877],[9.954751395089904,-1.7926982553112425,370.5670647842432],[0.022702122410110534,-0.004507277931540711,1.0034115333397318]]"
d92271b9a30533c6,COph100/055/055_M_GA38_BW3245_PA43_DG13_PF0_D1_S04_13__055_M_GA38_BW3245_PA44_DG13_PF0_D1_S05_1,COph100/patient/055,COph100,sift_h,True,True,0.0,True,601358058.0644069,COph100/055/055_M_GA38_BW3245_PA43_DG13_PF0_D1_S04_13,"[[-2.086806870553502,14.026594123624523,-315.05319925227593],[-6.149347461209524,53.48692732107628,17.63651748109381],[-0.06642187264351522,0.4159532833189532,1.0655371395016446]]"
0d5c4689904553cc,COph100/055/055_M_GA38_BW3245_PA43_DG13_PF0_D1_S04_13__055_M_GA38_BW3245_PA45_DG13_PF0_D1_S06_7,COph100/patient/055,COph100,sift_h,True,True,0.0,False,77.92031451022348,COph100/055/055_M_GA38_BW3245_PA43_DG13_PF0_D1_S04_13,"[[-4.505379246983675,-0.00601144216654444,60.82884610237696],[-29.84553492206488,0.17702116153562214,423.2261026418458],[-0.06902073813249429,0.0004035030244772876,0.9871342684172468]]"
4c820063a7146ed0,COph100/055/055_M_GA38_BW3245_PA43_DG13_PF0_D1_S04_13__055_M_GA38_BW3245_PA47_DG13_PF0_D1_S07_4,COph100/patient/055,COph100,sift_h,True,True,0.0,True,2451.797384163397,COph100/055/055_M_GA38_BW3245_PA43_DG13_PF0_D1_S04_13,"[[-33.851117584128595,165.87030894930257,623.5683284036254],[-27.861234096459476,136.58825027193603,513.167846997791],[-0.06034845068748762,0.29605441596233417,1.0441948684890336]]"
51b04d8a34e043e3,COph100/055/055_M_GA38_BW3245_PA43_DG13_PF0_D1_S04_13__055_M_GA38_BW3245_PA53_DG13_PF0_D1_S08_7,COph100/patient/055,COph100,sift_h,True,True,0.0,False,0.002047684874160281,COph100/055/055_M_GA38_BW3245_PA43_DG13_PF0_D1_S04_13,"[[-1.4464031924056897,0.01938204382715207,17.408232372605934],[-10.34059661087781,0.1372832990148617,124.82749482991646],[-0.08155278146261515,0.001082578457943058,0.984911836936624]]"
f298d1cf8e736564,COph100/055/055_M_GA38_BW3245_PA43_DG13_PF0_D1_S04_13__055_M_GA38_BW3245_PA78_DG13_PF0_D1_S09_6,COph100/patient/055,COph100,sift_h,True,True,0.0,False,11.381949717696024,COph100/055/055_M_GA38_BW3245_PA43_DG13_PF0_D1_S04_13,"[[2.9962499089944665,-1.9240227182095009,609.0459656438452],[0.24487610469575946,-0.15729713539969578,49.78626241554136],[0.004921130328842612,-0.0031598091967250095,1.000330247712272]]"
2541e8913ecb495c,COph100/055/055_M_GA38_BW3245_PA43_DG13_PF0_D1_S04_13__055_M_GA38_BW3245_PA78_DG13_PF0_D1_S09_6,COph100/patient/055,COph100,sp_lg_h,True,True,0.0,False,138446249.6936386,COph100/055/055_M_GA38_BW3245_PA43_DG13_PF0_D1_S04_13,"[[-0.3241899141255808,-0.7972274374563673,483.47287059303136],[-0.4488742841344573,-0.10599768748707586,296.5782559067351],[-0.0008630209046061375,-0.0013846771754220163,0.9995785566099947]]"
11bcaf81af6206b4,COph100/055/055_M_GA38_BW3245_PA43_DG13_PF0_D1_S04_13__055_M_GA38_BW3245_PA78_DG13_PF0_D1_S09_6,COph100/patient/055,COph100,xfeat_h,True,True,0.0,True,1045006731.0949349,COph100/055/055_M_GA38_BW3245_PA43_DG13_PF0_D1_S04_13,"[[10.653260699929467,-5.105817617899568,-1127.1553035389384],[2.6669329228598406,1.991276677198333,-473.5703907562476],[0.012787734371169876,-0.008940780192842977,1.0007213039084364]]"
a0d6235bebd30380,COph100/055/055_M_GA38_BW3245_PA44_DG13_PF0_D1_S05_1__055_M_GA38_BW3245_PA45_DG13_PF0_D1_S06_7,COph100/patient/055,COph100,sift_h,True,True,0.0,True,2175706.1898430465,COph100/055/055_M_GA38_BW3245_PA44_DG13_PF0_D1_S05_1,"[[-0.8287735201561616,-0.9971536284971049,547.6576679951087],[-0.6868325121159852,-0.8011002905298847,452.702960546424],[-0.001518054750074219,-0.001767301178657153,0.9993839957633629]]"
6d9114badcefb68d,COph100/055/055_M_GA38_BW3245_PA44_DG13_PF0_D1_S05_1__055_M_GA38_BW3245_PA47_DG13_PF0_D1_S07_4,COph100/patient/055,COph100,sift_h,True,True,0.0,False,1252938.3890448797,COph100/055/055_M_GA38_BW3245_PA44_DG13_PF0_D1_S05_1,"[[2.926743306719752,-1.9273718228593655,614.5614969607325],[2.4432766703436655,-1.3683131124854946,401.40555468704827],[0.0052964582860324195,-0.003309824915048003,1.0003724937570595]]"
49744132650422f6,COph100/055/055_M_GA38_BW3245_PA44_DG13_PF0_D1_S05_1__055_M_GA38_BW3245_PA78_DG13_PF0_D1_S09_6,COph100/patient/055,COph100,sift_h,True,True,0.0,False,32589.40929500715,COph100/055/055_M_GA38_BW3245_PA44_DG13_PF0_D1_S05_1,"[[-9.648549077651317,-0.7933044296268887,547.3343718283869],[-7.992140692672151,-0.667924458759072,453.71189581065767],[-0.017549950104594324,-0.001476599780459028,0.9964325218965525]]"
947480f529c51dfc,COph100/055/055_M_GA38_BW3245_PA45_DG13_PF0_D1_S06_7__055_M_GA38_BW3245_PA47_DG13_PF0_D1_S07_4,COph100/patient/055,COph100,sift_h,True,True,0.0,False,189861420279.09775,COph100/055/055_M_GA38_BW3245_PA45_DG13_PF0_D1_S06_7,"[[-0.40602415071628384,-0.1015504140689604,39.87967652960668],[-0.7716743317775996,-0.20309255466019654,125.54856221522479],[-0.009209908938906473,-0.001913535797311049,0.9979143541119592]]"
d502344f990a1329,COph100/055/055_M_GA38_BW3245_PA45_DG13_PF0_D1_S06_7__055_M_GA38_BW3245_PA53_DG13_PF0_D1_S08_7,COph100/patient/055,COph100,sift_h,True,True,0.0,False,239602.77676251743,COph100/055/055_M_GA38_BW3245_PA45_DG13_PF0_D1_S06_7,"[[-0.02949053678027859,0.021231029031679866,16.660120273796476],[-0.21756948120626138,0.14587360981955996,121.74930906321137],[-0.0017682830223907935,0.0010554305766191225,0.9998663401664178]]"
c8a62a7a90617fca,COph100/055/055_M_GA38_BW3245_PA45_DG13_PF0_D1_S06_7__055_M_GA38_BW3245_PA78_DG13_PF0_D1_S09_6,COph100/patient/055,COph100,sift_h,True,True,0.0,True,38930575.62966975,COph100/055/055_M_GA38_BW3245_PA45_DG13_PF0_D1_S06_7,"[[0.08562665379744394,-0.5516508111229704,32.171975759092014],[0.9631219202766902,-2.7078800025367133,132.3250682447477],[0.003446759026744343,-0.01746210511780688,0.9973721226079257]]"
4dabed3c32891c8b,COph100/055/055_M_GA38_BW3245_PA47_DG13_PF0_D1_S07_4__055_M_GA38_BW3245_PA78_DG13_PF0_D1_S09_6,COph100/patient/055,COph100,sift_h,True,True,0.0,False,2812.9879038256863,COph100/055/055_M_GA38_BW3245_PA47_DG13_PF0_D1_S07_4,"[[-0.02736938746388101,0.020958928950414558,14.825081658323658],[-0.5919953905758527,0.3432213771590191,332.6380465331671],[-0.0017745886438138077,0.0010147947788564197,0.9998575386503205]]"
3c7481ebbbadc13a,COph100/055/055_M_GA38_BW3245_PA53_DG13_PF0_D1_S08_7__055_M_GA38_BW3245_PA78_DG13_PF0_D1_S09_6,COph100/patient/055,COph100,sift_h,True,True,0.0,False,16.881264360695734,COph100/055/055_M_GA38_BW3245_PA53_DG13_PF0_D1_S08_7,"[[-0.0734325997098092,0.048187024739977984,40.30496316951716],[-0.7137430212081745,0.468403171783993,392.47730862690133],[-0.0018187369725816912,0.001193181929938945,0.9998827084295044]]"
d55f012b946d56de,COph100/056-1/056_F_GA33_BW1180_PA35_DG0_PF0_D1_S01_7__056_F_GA33_BW1180_PA38_DG0_PF0_D1_S02_1,COph100/patient/056,COph100,sift_h,True,True,0.0,False,85424.85680091145,COph100/056-1/056_F_GA33_BW1180_PA35_DG0_PF0_D1_S01_7,"[[-0.9817830366851406,0.0371474646455212,606.6016485128264],[-0.6618889459066164,0.0233445238109109,408.5219268577754],[-0.0016200791246395035,6.455311917875235e-05,0.9997083388739761]]"
9403d0e8b6d0fd6f,COph100/056-1/056_F_GA33_BW1180_PA35_DG0_PF0_D1_S01_7__056_F_GA33_BW1180_PA42_DG0_PF0_D1_S03_7,COph100/patient/056,COph100,sift_h,True,True,0.0,True,21460953.4177336,COph100/056-1/056_F_GA33_BW1180_PA35_DG0_PF0_D1_S01_7,"[[0.057793849936925906,-0.02662710471417421,20.27071804314419],[-2.516840632021239,0.0675259292335996,235.06051491097014],[-0.006752583829672422,-0.0007291938178103966,0.998597166691097]]"
1f8437eab6a008e9,COph100/056-1/056_F_GA33_BW1180_PA38_DG0_PF0_D1_S02_1__056_F_GA33_BW1180_PA42_DG0_PF0_D1_S03_7,COph100/patient/056,COph100,sift_h,True,True,0.0,True,428599.4973315505,COph100/056-1/056_F_GA33_BW1180_PA38_DG0_PF0_D1_S02_1,"[[0.03469505262524083,-0.15229813342272644,54.632047574632615],[0.03719020321036902,-0.14040179932175498,47.18404833404553],[0.0007239182471308226,-0.0029779662531460808,0.9995773659988721]]"
61287c89f15ee8c8,COph100/056/056_F_GA33_BW1180_PA35_DG0_PF0_D1_S01_1__056_F_GA33_BW1180_PA42_DG0_PF0_D1_S03_3,COph100/patient/056,COph100,sift_h,True,True,0.0,True,1948301835.159755,COph100/056/056_F_GA33_BW1180_PA35_DG0_PF0_D1_S01_1,"[[-1.2733072115531858,-0.11147465751923032,150.09422625547444],[-0.6660655109216196,-0.15761311758222907,116.142123814507],[-0.0012961885409310126,-0.0028359697789848122,0.9992252203150158]]"
3c4b39ab0e45362b,COph100/056/056_F_GA33_BW1180_PA38_DG0_PF0_D1_S02_3__056_F_GA33_BW1180_PA42_DG0_PF0_D1_S03_3,COph100/patient/056,COph100,sift_h,True,True,0.0,False,11280135.656751469,COph100/056/056_F_GA33_BW1180_PA38_DG0_PF0_D1_S02_3,"[[0.5652796326117263,0.3422403883933645,-58.788572979602314],[4.111340766098826,-0.8531609329579264,192.49662451838105],[0.009427206564216755,-0.0033413596908602214,1.0011410962887544]]"
5b42cd9ecf57c4f0,COph100/057/057_M_GA30_BW1180_PA33_DG0_PF0_D1_S01_1__057_M_GA30_BW1180_PA39_DG0_PF0_D1_S03_2,COph100/patient/057,COph100,sift_h,True,True,0.0,True,16074451.76405202,COph100/057/057_M_GA30_BW1180_PA33_DG0_PF0_D1_S01_1,"[[0.263385787689381,-0.5014148877555297,83.82715151156195],[2.813913396591555,-4.763195565706141,512.6520439799588],[0.01012587504771479,-0.015233952763205577,0.9990422354283455]]"
29e23fa43704a94e,COph100/058-1/058_M_GA30_BW1490_PA33_DG0_PF0_D1_S01_5__058_M_GA30_BW1490_PA35_DG0_PF0_D1_S02_5,COph100/patient/058,COph100,sift_h,True,True,0.0,False,16327.071889521892,COph100/058-1/058_M_GA30_BW1490_PA33_DG0_PF0_D1_S01_5,"[[-0.02470403238930458,0.003329093702978279,14.09985842001348],[-0.3006187318621992,0.03861445607208627,172.66693105343066],[-0.0017406775063382443,0.00022057878029591588,0.9997149814888671]]"
6a44cc209be96b47,COph100/058-1/058_M_GA30_BW1490_PA33_DG0_PF0_D1_S01_5__058_M_GA30_BW1490_PA38_DG0_PF0_D1_S03_3,COph100/patient/058,COph100,sift_h,True,True,0.0,False,9364.170219927513,COph100/058-1/058_M_GA30_BW1490_PA33_DG0_PF0_D1_S01_5,"[[0.13547596544926374,-0.10479200937956079,35.72242793940052],[1.5222969392435939,-0.9417289963353466,309.3757673220827],[0.004783042065700149,-0.0030180421760322763,1.0003309374793128]]"
957c15e75313ceff,COph100/058-1/058_M_GA30_BW1490_PA35_DG0_PF0_D1_S02_5__058_M_GA30_BW1490_PA38_DG0_PF0_D1_S03_3,COph100/patient/058,COph100,sift_h,True,True,0.0,False,209782.50520015223,COph100/058-1/058_M_GA30_BW1490_PA35_DG0_PF0_D1_S02_5,"[[-0.029327671550627134,-0.028597480105425302,28.90462037831138],[-0.051282427195792006,-0.2429038998558101,130.72905683137702],[-0.0008169255073846836,-0.001230743183968634,0.9996160621203712]]"
e7618755cdf851da,COph100/058/058_M_GA30_BW1490_PA33_DG0_PF0_D1_S01_2__058_M_GA30_BW1490_PA35_DG0_PF0_D1_S02_3,COph100/patient/058,COph100,sift_h,True,True,0.0,True,7452076.358662669,COph100/058/058_M_GA30_BW1490_PA33_DG0_PF0_D1_S01_2,"[[-0.6864049700230468,-1.2301401043544251,575.8545727260238],[-0.4727062014343375,-0.754821055786614,368.45620330613644],[-0.001133180402501048,-0.0021418337905407016,0.9993859348388047]]"
21b5664b5bd7c953,COph100/059-1/059_M_GA40_BW3680_PA61_DG12_PF0_D1_S01_1__059_M_GA40_BW3680_PA112_DG12_PF0_D1_S03_1,COph100/patient/059,COph100,sift_h,True,True,0.0,False,231.17590179692075,COph100/059-1/059_M_GA40_BW3680_PA61_DG12_PF0_D1_S01_1,"[[17.56427202607932,-3.205723126550001,637.2682271468445],[3.5990471505502692,-0.6511919531901007,128.79360427651474],[0.027591181151223804,-0.005046183996836132,1.0042271869664476]]"
819402485382357e,COph100/059-1/059_M_GA40_BW3680_PA61_DG12_PF0_D1_S01_1__059_M_GA40_BW3680_PA85_DG12_PF0_D1_S02_2,COph100/patient/059,COph100,sift_h,True,True,0.0,True,9532.604221842146,COph100/059-1/059_M_GA40_BW3680_PA61_DG12_PF0_D1_S01_1,"[[0.00970078882881032,0.004235890034095172,-4.265800018038908],[-0.14637286495818422,-0.2916187702832943,114.85376116567262],[-0.0012699665042727485,-0.0025409639105966626,0.999285450547212]]"
71ca6859a68ff4f2,COph100/059-1/059_M_GA40_BW3680_PA85_DG12_PF0_D1_S02_2__059_M_GA40_BW3680_PA112_DG12_PF0_D1_S03_1,COph100/patient/059,COph100,sift_h,True,True,0.0,True,631578.586001523,COph100/059-1/059_M_GA40_BW3680_PA85_DG12_PF0_D1_S02_2,"[[-0.13721264553670046,-0.06694209567863726,90.86333223306077],[-0.6776529394333344,-0.35044487664535007,446.19962937616464],[-0.0014966737549854518,-0.0008218716870787898,0.9995652727296129]]"
8ddbb955528d5881,COph100/059/059_M_GA40_BW3680_PA61_DG12_PF0_D1_S01_5__059_M_GA40_BW3680_PA112_DG12_PF0_D1_S03_3,COph100/patient/059,COph100,sift_h,True,True,0.0,False,125.71575948221145,COph100/059/059_M_GA40_BW3680_PA61_DG12_PF0_D1_S01_5,"[[-6.041072546877434,-4.663298741909164,600.1070530917921],[-0.8685173176471722,-0.6351361337214982,84.80943504126463],[-0.010037889681183073,-0.0077341911881395504,0.996667734837002]]"
92008279d3f59629,COph100/059/059_M_GA40_BW3680_PA61_DG12_PF0_D1_S01_5__059_M_GA40_BW3680_PA85_DG12_PF0_D1_S02_4,COph100/patient/059,COph100,sift_h,True,True,0.0,False,112455.2227460443,COph100/059/059_M_GA40_BW3680_PA61_DG12_PF0_D1_S01_5,"[[0.5915714483296304,-0.23563564817522642,77.06521218854648],[0.09796650477804052,0.0021681127310688953,2.5499995947958847],[0.006916963266041962,-0.0033039885046748057,1.0006774327677563]]"
97bfd50d6e3a5dd4,COph100/059/059_M_GA40_BW3680_PA85_DG12_PF0_D1_S02_4__059_M_GA40_BW3680_PA112_DG12_PF0_D1_S03_3,COph100/patient/059,COph100,sift_h,True,True,0.0,False,0.019321601481480263,COph100/059/059_M_GA40_BW3680_PA85_DG12_PF0_D1_S02_4,"[[-0.9131623569301017,-0.5000051997575761,80.29148183046375],[-0.09996771332866214,-0.05480731595969164,8.800006925731083],[-0.011338778317875114,-0.0062072219461361605,0.9967101249504979]]"
cc8ac7507bbd4ecb,COph100/061-1/061_M_GA26_BW880_PA32_DG0_PF0_D1_S01_6__061_M_GA26_BW880_PA38_DG0_PF0_D1_S02_7,COph100/patient/061,COph100,sift_h,True,True,0.0,False,113273.94671163306,COph100/061-1/061_M_GA26_BW880_PA32_DG0_PF0_D1_S01_6,"[[23.52538797620278,-5.510331798724099,650.4463060224999],[3.800523427801939,-0.9765557642811485,142.16871167339772],[0.037353623382867185,-0.008714784992822076,1.0053697821981336]]"
5bc1cd99f184c638,COph100/061-1/061_M_GA26_BW880_PA38_DG0_PF0_D1_S02_7__061_M_GA26_BW880_PA42_DG0_PF0_D1_S03_2,COph100/patient/061,COph100,sift_h,True,True,0.0,True,1083547.5718427647,COph100/061-1/061_M_GA26_BW880_PA38_DG0_PF0_D1_S02_7,"[[-0.6487133348691294,-1.5379244044464135,540.6824296247598],[-0.5215831996229716,-1.4148454388264406,453.40687503016767],[-0.0011481636908825582,-0.003111795117380173,0.9992012577234507]]"
bf50840c43fe7c44,COph100/061/061_M_GA26_BW880_PA32_DG0_PF0_D1_S01_2__061_M_GA26_BW880_PA38_DG0_PF0_D1_S02_2,COph100/patient/061,COph100,sift_h,True,True,0.0,True,7512.6695707462495,COph100/061/061_M_GA26_BW880_PA32_DG0_PF0_D1_S01_2,"[[1.0308122421560098,-9.90812803882185,620.1115529477211],[0.5456282902586171,-5.281722547690413,333.96059840379735],[0.0016588869654335999,-0.015938602758645767,0.9973225532887727]]"
e5492773d64ce838,COph100/061/061_M_GA26_BW880_PA32_DG0_PF0_D1_S01_2__061_M_GA26_BW880_PA42_DG0_PF0_D1_S03_7,COph100/patient/061,COph100,sift_h,True,True,0.0,True,3125617.1330545386,COph100/061/061_M_GA26_BW880_PA32_DG0_PF0_D1_S01_2,"[[-0.013170812966886061,-0.05570809082135519,16.99792984185501],[-0.49221221479202354,-1.1261348452200488,352.4748570513232],[-0.0013784115308462556,-0.003200089644224561,0.9991415310296742]]"
1b08cd8ed2f1c22d,COph100/062-1/062_F_GA27_BW900_PA35_DG0_PF0_D1_S01_7__062_F_GA27_BW900_PA39_DG0_PF0_D1_S02_7,COph100/patient/062,COph100,sift_h,True,True,0.0,True,2674.923910877637,COph100/062-1/062_F_GA27_BW900_PA35_DG0_PF0_D1_S01_7,"[[0.28695225102151206,-0.6960194767511716,77.6862011998102],[1.6174366993473666,-3.919883501339081,436.3569532248886],[0.0037330008990288433,-0.009014264722271353,0.999009763033142]]"
d3e88b83d3857674,COph100/062/062_F_GA27_BW900_PA35_DG0_PF0_D1_S01_3__062_F_GA27_BW900_PA39_DG0_PF0_D1_S02_3,COph100/patient/062,COph100,sift_h,True,True,0.0,False,25.040405759087747,COph100/062/062_F_GA27_BW900_PA35_DG0_PF0_D1_S01_3,"[[-14.791970499649683,-0.9661805099925227,563.3112162111327],[-10.635111276693497,-0.6945332893040744,405.00815049136327],[-0.026122655658657835,-0.001705036309019254,0.9947823077560606]]"
e93fd72df3738307,COph100/064-1/064_M_GA30_BW990_PA33_DG0_PF0_D1_S01_6__064_M_GA30_BW990_PA37_DG0_PF0_D1_S02_8,COph100/patient/064,COph100,sift_h,True,True,0.0,False,10159.615566826506,COph100/064-1/064_M_GA30_BW990_PA33_DG0_PF0_D1_S01_6,"[[-0.6574347204316066,-0.03045875029573793,24.077270077252688],[-9.688215450116722,-0.458167951446434,350.5710574743665],[-0.02747637754912338,-0.0012988939349927258,0.9946046365967283]]"
f472556693730bde,COph100/064-1/064_M_GA30_BW990_PA33_DG0_PF0_D1_S01_6__064_M_GA30_BW990_PA40_DG0_PF0_D1_S03_3,COph100/patient/064,COph100,sift_h,True,True,0.0,False,64773929.75217965,COph100/064-1/064_M_GA30_BW990_PA33_DG0_PF0_D1_S01_6,"[[2.84781189619251,-0.3596184302654495,88.76407343460535],[-0.2942126008775918,0.652296700861508,-95.18340585397925],[0.004841022309102657,-0.002297862876625245,1.0004768423935895]]"
6942a827a4da3148,COph100/064-1/064_M_GA30_BW990_PA37_DG0_PF0_D1_S02_8__064_M_GA30_BW990_PA40_DG0_PF0_D1_S03_3,COph100/patient/064,COph100,sift_h,True,True,0.0,True,104776859.9142634,COph100/064-1/064_M_GA30_BW990_PA37_DG0_PF0_D1_S02_8,"[[-0.9406875716572842,-1.336100584504938,594.7950217118103],[-0.37480640742072674,-0.16804155712691904,86.24742494350879],[-0.0026114809562931725,-0.002128290878435176,0.9991112927809884]]"
ceddebe098576bb6,COph100/064/064_M_GA30_BW990_PA33_DG0_PF0_D1_S01_4__064_M_GA30_BW990_PA40_DG0_PF0_D1_S03_6,COph100/patient/064,COph100,sift_h,True,True,0.0,False,7.052614929519966,COph100/064/064_M_GA30_BW990_PA33_DG0_PF0_D1_S01_4,"[[0.1404137212959438,-0.06131394527210724,15.335064576099818],[3.1302809467502333,-1.3429017604900122,329.5680731354268],[0.00949593086497177,-0.0040759574620092024,1.0010162450130555]]"
5822c753e769ad75,COph100/064/064_M_GA30_BW990_PA37_DG0_PF0_D1_S02_4__064_M_GA30_BW990_PA40_DG0_PF0_D1_S03_6,COph100/patient/064,COph100,sift_h,True,True,0.0,True,936684167.9423175,COph100/064/064_M_GA30_BW990_PA37_DG0_PF0_D1_S02_4,"[[2.6319956791712467,-3.9037139114567445,641.9983924646478],[4.254951766514159,-1.0466017379265622,99.88053063756713],[0.013140969242261106,-0.0076751872541051085,1.0010248341227792]]"
f51d3707a93c4b45,COph100/065-1/065_M_GA27_BW950_PA32_DG0_PF0_D1_S01_8__065_M_GA27_BW950_PA34_DG0_PF0_D1_S02_7,COph100/patient/065,COph100,sift_h,True,True,0.0,False,146.23257011243894,COph100/065-1/065_M_GA27_BW950_PA32_DG0_PF0_D1_S01_8,"[[-12.391398892113742,2.4009545679246282,48.6196871994654],[-99.7846799964082,19.323455132972306,400.53073592780675],[-0.2440812696693828,0.0472896918502506,0.9631015791589127]]"
0c8857945b9d254b,COph100/065-1/065_M_GA27_BW950_PA32_DG0_PF0_D1_S01_8__065_M_GA27_BW950_PA36_DG0_PF0_D1_S03_4,COph100/patient/065,COph100,sift_h,True,True,0.0,True,295253521547646.7,COph100/065-1/065_M_GA27_BW950_PA32_DG0_PF0_D1_S01_8,"[[11.784665773339686,-0.727980328883466,-7233.377279293602],[-0.049164866631250234,8.644438499507745,-4324.169045488925],[0.003564263798905452,-0.03621420251816148,0.9938781364901395]]"
ca27b3d58cf420fd,COph100/065-1/065_M_GA27_BW950_PA34_DG0_PF0_D1_S02_7__065_M_GA27_BW950_PA36_DG0_PF0_D1_S03_4,COph100/patient/065,COph100,sift_h,True,True,0.0,False,5543755.0826602895,COph100/065-1/065_M_GA27_BW950_PA34_DG0_PF0_D1_S02_7,"[[-0.10413327125645298,0.014296610544741063,50.44881403229082],[-0.08424928090063444,-0.09012531749756386,59.46430023679774],[-0.0016017316109211554,-0.0003106953948074329,0.9996414199364259]]"
8d88100eb043ad31,COph100/065/065_M_GA27_BW950_PA32_DG0_PF0_D1_S01_6__065_M_GA27_BW950_PA34_DG0_PF0_D1_S02_1,COph100/patient/065,COph100,sift_h,True,True,0.0,False,616766.0974932207,COph100/065/065_M_GA27_BW950_PA32_DG0_PF0_D1_S01_6,"[[-0.8546944254514859,-0.5513687176203919,77.75783759503982],[-0.18507796270535173,-0.16534269988000866,58.34830926856874],[-0.010682355584626123,-0.006523055136871145,0.9967739854897193]]"
fa60e2b53578b4ab,COph100/065/065_M_GA27_BW950_PA32_DG0_PF0_D1_S01_6__065_M_GA27_BW950_PA36_DG0_PF0_D1_S03_1,COph100/patient/065,COph100,sift_h,True,True,0.0,True,7964.281426572266,COph100/065/065_M_GA27_BW950_PA32_DG0_PF0_D1_S01_6,"[[-6.886377339193166,0.046665531040530936,561.1080503779692],[-0.6079261093204773,-0.07151051268856164,80.79952907517846],[-0.011520164647924169,-0.00012877064515093596,0.9978158246325484]]"
7c63ad1e67527451,COph100/066-1/066_F_GA26_BW810_PA34_DG3_PF0_D1_S03_2__066_F_GA26_BW810_PA40_DG3_PF0_D1_S05_3,COph100/patient/066,COph100,sift_h,True,True,0.0,False,18802982.3504108,COph100/066-1/066_F_GA26_BW810_PA34_DG3_PF0_D1_S03_2,"[[-0.06570600685826428,-0.01272169523025167,44.41964064939454],[-0.15293746937921138,0.003236192685342365,93.24400907983458],[-0.0016972930243937243,9.971426313556897e-05,0.9997004539822641]]"
92a8ea99cb5d05b9,COph100/066-1/066_F_GA26_BW810_PA34_DG3_PF0_D1_S03_2__066_F_GA26_BW810_PA42_DG3_PF0_D1_S06_1,COph100/patient/066,COph100,sift_h,True,True,0.0,False,7389.271276090497,COph100/066-1/066_F_GA26_BW810_PA34_DG3_PF0_D1_S03_2,"[[0.20759066810660426,-0.21960789766932273,78.63923351081458],[1.0234399516024888,-1.2210759729772498,444.03361964230527],[0.0022228271677439677,-0.002737306312288272,0.999903535160398]]"
6f8a4ca623cde3ac,COph100/066-1/066_F_GA26_BW810_PA36_DG3_PF0_D1_S04_3__066_F_GA26_BW810_PA40_DG3_PF0_D1_S05_3,COph100/patient/066,COph100,sift_h,True,True,0.0,False,82316.64370766438,COph100/066-1/066_F_GA26_BW810_PA36_DG3_PF0_D1_S04_3,"[[2.227239355228471,-1.8229160290131021,586.4914236212664],[1.8148799062758556,-1.3075554318366125,412.6360910206496],[0.003974777523203038,-0.003127212299383108,1.0001589184794661]]"
cde36f977be2fbe3,COph100/066-1/066_F_GA26_BW810_PA40_DG3_PF0_D1_S05_3__066_F_GA26_BW810_PA42_DG3_PF0_D1_S06_1,COph100/patient/066,COph100,sift_h,True,True,0.0,True,8688.203147080088,COph100/066-1/066_F_GA26_BW810_PA40_DG3_PF0_D1_S05_3,"[[0.003709915281530772,-0.04131441626394069,16.670464264019316],[0.03838615129476386,-0.29925800623437543,120.7645320392095],[0.0003230421758617309,-0.002482684462593156,0.9995950670712379]]"
0350947c881f4354,COph100/066/066_F_GA26_BW810_PA31_DG1_PF0_D1_S01_5__066_F_GA26_BW810_PA36_DG3_PF0_D1_S04_7,COph100/patient/066,COph100,sift_h,True,True,0.0,True,0.03331634941475412,COph100/066/066_F_GA26_BW810_PA31_DG1_PF0_D1_S01_5,"[[-0.1952256650291489,-0.0021612889950417954,16.55453365652272],[-3.847579881958047,-0.04481673656252066,327.9060267988933],[-0.011706992313927723,-0.00013613354667759767,0.9977794139011364]]"
c801870b60af4d4c,COph100/066/066_F_GA26_BW810_PA31_DG1_PF0_D1_S01_5__066_F_GA26_BW810_PA40_DG3_PF0_D1_S05_9,COph100/patient/066,COph100,sift_h,True,True,0.0,False,28.080932099547685,COph100/066/066_F_GA26_BW810_PA31_DG1_PF0_D1_S01_5,"[[-0.06426194435418119,0.0012010808952897423,39.408937637994924],[-0.6244634924272819,0.01747758025909744,382.2096332210283],[-0.0016338752530761513,4.6775992481373166e-05,0.9997024188886385]]"
17887d1a00a880d1,COph100/066/066_F_GA26_BW810_PA31_DG1_PF0_D1_S01_5__066_F_GA26_BW810_PA42_DG3_PF0_D1_S06_12,COph100/patient/066,COph100,sift_h,True,True,0.0,False,8907.935863758052,COph100/066/066_F_GA26_BW810_PA31_DG1_PF0_D1_S01_5,"[[3.1363144265568135,-1.9507666719744527,628.8852817907192],[0.9314841146532337,-0.523066415006383,165.47184957423244],[0.004980600492275601,-0.0031008789195701297,1.0003524477948822]]"
773c08aca62a7632,COph100/066/066_F_GA26_BW810_PA32_DG2_PF0_D1_S02_15__066_F_GA26_BW810_PA36_DG3_PF0_D1_S04_7,COph100/patient/066,COph100,sift_h,True,True,0.0,False,164.80219061735164,COph100/066/066_F_GA26_BW810_PA32_DG2_PF0_D1_S02_15,"[[-0.17030399708006427,-0.010295514377755118,9.720815955300601],[-4.143117256122866,-0.2600186225800602,235.65221312262034],[-0.017467911695110035,-0.0010996620907074756,0.9965185799151592]]"
2413dec40a15370b,COph100/066/066_F_GA26_BW810_PA32_DG2_PF0_D1_S02_15__066_F_GA26_BW810_PA40_DG3_PF0_D1_S05_9,COph100/patient/066,COph100,sift_h,True,True,0.0,True,6398.4403167539185,COph100/066/066_F_GA26_BW810_PA32_DG2_PF0_D1_S02_15,"[[0.7681614084237288,-1.1092690403178638,97.1249821414082],[3.6735728651832917,-5.281190897580967,462.10217466960313],[0.007932904659341548,-0.011409369117267514,0.9993481629141389]]"
677b80f654dd9210,COph100/066/066_F_GA26_BW810_PA32_DG2_PF0_D1_S02_15__066_F_GA26_BW810_PA42_DG3_PF0_D1_S06_12,COph100/patient/066,COph100,sift_h,True,True,0.0,True,2625106.8079645224,COph100/066/066_F_GA26_BW810_PA32_DG2_PF0_D1_S02_15,"[[-0.06545443397122036,-0.16208445880471692,70.38408104612886],[-0.09085223271554893,-0.2381306877483016,91.23665786409862],[-0.00114270802879051,-0.0022497310126703028,0.9993639176797261]]"
e773f7be244d205a,COph100/066/066_F_GA26_BW810_PA36_DG3_PF0_D1_S04_7__066_F_GA26_BW810_PA40_DG3_PF0_D1_S05_9,COph100/patient/066,COph100,sift_h,True,True,0.0,True,9318904.30201281,COph100/066/066_F_GA26_BW810_PA36_DG3_PF0_D1_S04_7,"[[0.05842358233841574,-0.09473413970397587,39.648484283201356],[-0.1776742686469316,-0.7850022413182806,381.59244683560877],[-0.00036496254851550464,-0.002078412665468657,0.9995418671473779]]"
1d5e8050c1e3f2dc,COph100/066/066_F_GA26_BW810_PA36_DG3_PF0_D1_S04_7__066_F_GA26_BW810_PA42_DG3_PF0_D1_S06_12,COph100/patient/066,COph100,sift_h,True,True,0.0,True,55835257.61722336,COph100/066/066_F_GA26_BW810_PA36_DG3_PF0_D1_S04_7,"[[-0.04419874684301661,-0.12860164179064282,49.625949668243756],[-0.30357423215129226,-1.0938021102041178,419.81541115985743],[-0.001013410149463363,-0.0025782111421747862,0.9993265710078179]]"
ca4ea74d6d7579f8,COph100/067/067_F_GA32_BW2100_PA33_DG0_PF0_D1_S01_2__067_F_GA32_BW2100_PA40_DG0_PF0_D1_S02_11,COph100/patient/067,COph100,sift_h,True,True,0.0,True,5188.733578718957,COph100/067/067_F_GA32_BW2100_PA33_DG0_PF0_D1_S01_2,"[[-0.13152692216787998,-1.5213195337667764,604.7114284192928],[-0.08536430095299606,-0.9989759020340507,397.1298545941153],[-0.0002179253805916745,-0.0025138044865897465,0.9994878006499035]]"
aeb8df1496527651,COph100/068/068_M_GA35_BW2210_PA38_DG0_PF0_D1_S01_1__068_M_GA35_BW2210_PA42_DG0_PF0_D1_S02_1,COph100/patient/068,COph100,sift_h,True,True,0.0,True,22263.971550718812,COph100/068/068_M_GA35_BW2210_PA38_DG0_PF0_D1_S01_1,"[[-0.6316387631107779,-3.359761280751076,608.1646870331733],[-0.0781180449522797,-0.4169940232534639,74.14433870453902],[-0.0010419658540641676,-0.005512208910728242,0.9987710922316014]]"
4fccf0581dea4cc9,COph100/069-1/069_M_GA30_BW1100_PA32_DG1_PF0_D1_S01_6__069_M_GA30_BW1100_PA34_DG1_PF0_D1_S02_6,COph100/patient/069,COph100,sift_h,True,True,0.0,False,10059646.928906007,COph100/069-1/069_M_GA30_BW1100_PA32_DG1_PF0_D1_S01_6,"[[-0.004216514851570729,-0.002860688450489694,7.604693545224269],[-0.15718243112756547,-0.663325977272959,357.9092505746674],[-0.0006738595526345575,-0.0012648084830971977,0.9996364997433003]]"
d5f678748f4e02bf,COph100/069-1/069_M_GA30_BW1100_PA32_DG1_PF0_D1_S01_6__069_M_GA30_BW1100_PA36_DG2_PF0_D1_S03_8,COph100/patient/069,COph100,sift_h,True,True,0.0,True,666415063066.3644,COph100/069-1/069_M_GA30_BW1100_PA32_DG1_PF0_D1_S01_6,"[[-6.282048087674077,1.5549050301747736,-204.52481640000792],[-2.8866207502727455,0.06932485882127494,165.2185899247444],[-0.010760495080398008,-0.000520554389291593,0.9978848032244332]]"
9d843d214f034b68,COph100/069-1/069_M_GA30_BW1100_PA32_DG1_PF0_D1_S01_6__069_M_GA30_BW1100_PA43_DG9_PF0_D1_S04_4,COph100/patient/069,COph100,sift_h,True,True,0.0,False,478838.3028166831,COph100/069-1/069_M_GA30_BW1100_PA32_DG1_PF0_D1_S01_6,"[[-20.249375697581673,1.7839071704632066,520.7195395700872],[-13.92259029679041,1.2017097880369738,367.2051631881452],[-0.0338800639926411,0.0026962454655172843,0.9941530340261643]]"
c4fe2fb6bb9c24cb,COph100/069-1/069_M_GA30_BW1100_PA36_DG2_PF0_D1_S03_8__069_M_GA30_BW1100_PA43_DG9_PF0_D1_S04_4,COph100/patient/069,COph100,sift_h,True,True,0.0,True,18967304172.109566,COph100/069-1/069_M_GA30_BW1100_PA36_DG2_PF0_D1_S03_8,"[[-0.4535922197581808,-0.9637930336600656,564.9841022361041],[-0.058547544555461954,-0.8326683030782869,309.95299667244234],[-0.0007173266942893553,-0.0018240869336449855,0.9995234849447623]]"
01d172c05035a68f,COph100/069/069_M_GA30_BW1100_PA32_DG1_PF0_D1_S01_1__069_M_GA30_BW1100_PA34_DG1_PF0_D1_S02_2,COph100/patient/069,COph100,sift_h,True,True,0.0,False,13456.658367394892,COph100/069/069_M_GA30_BW1100_PA32_DG1_PF0_D1_S01_1,"[[-0.6226017766548971,-0.056878845577274996,53.16468116721799],[-1.0579840075938998,-0.059965254959146744,72.87543722720943],[-0.014413549033066953,-0.0007375029344052943,0.997159177756099]]"
124bbba982fbd2d8,COph100/069/069_M_GA30_BW1100_PA32_DG1_PF0_D1_S01_1__069_M_GA30_BW1100_PA36_DG2_PF0_D1_S03_1,COph100/patient/069,COph100,sift_h,True,True,0.0,True,211520155.74084318,COph100/069/069_M_GA30_BW1100_PA32_DG1_PF0_D1_S01_1,"[[-0.03746050592898506,-1.6605106354447157,636.7832422931948],[-0.3263462990378117,-0.9318748409573621,367.96937662409346],[-2.00294902973441e-05,-0.0025807239095072326,0.9995123587375366]]"
2a95705a0cf56a0f,COph100/069/069_M_GA30_BW1100_PA32_DG1_PF0_D1_S01_1__069_M_GA30_BW1100_PA43_DG9_PF0_D1_S04_1,COph100/patient/069,COph100,sift_h,True,True,0.0,False,505.24983360049754,COph100/069/069_M_GA30_BW1100_PA32_DG1_PF0_D1_S01_1,"[[-0.07700832345260156,-0.04758721591501611,6.880769001946112],[-2.791183445817188,-1.7506187551064933,248.86204579906925],[-0.011209725961925505,-0.006964063506720498,0.9965924144746289]]"
d147084935e50fc4,COph100/069/069_M_GA30_BW1100_PA36_DG2_PF0_D1_S03_1__069_M_GA30_BW1100_PA43_DG9_PF0_D1_S04_1,COph100/patient/069,COph100,sift_h,True,True,0.0,False,4683.174712018075,COph100/069/069_M_GA30_BW1100_PA36_DG2_PF0_D1_S03_1,"[[13.822405446320431,-2.737149170274522,607.5043360305214],[8.75889306403202,-1.746604480736699,393.8747014561696],[0.02285564691759184,-0.004512769271870132,1.0034392895585729]]"
78e5e303f273e5ae,COph100/070-1/070_M_GA32_BW1830_PA33_DG0_PF0_D1_S01_3__070_M_GA32_BW1830_PA35_DG0_PF0_D1_S02_5,COph100/patient/070,COph100,sift_h,True,True,0.0,True,202.69599185511447,COph100/070-1/070_M_GA32_BW1830_PA33_DG0_PF0_D1_S01_3,"[[-0.049620302001152805,-0.059927561477808394,32.93340302471529],[-0.5784494576105006,-0.6955715417632133,382.4349225305216],[-0.001511514269721584,-0.0018174246233154227,0.9993758239575555]]"
8e3e1f3c49ff4b8d,COph100/070-1/070_M_GA32_BW1830_PA33_DG0_PF0_D1_S01_3__070_M_GA32_BW1830_PA37_DG0_PF0_D1_S03_8,COph100/patient/070,COph100,sift_h,True,True,0.0,True,0.18769140664577966,COph100/070-1/070_M_GA32_BW1830_PA33_DG0_PF0_D1_S01_3,"[[-0.4056857823226149,-0.000990642754064383,32.79375305572412],[-4.6436962642343955,0.0020733741248040297,373.3015211302198],[-0.012404131329577149,4.298609392092565e-06,0.9976750313649653]]"
75ec49c07aa704b6,COph100/070-1/070_M_GA32_BW1830_PA35_DG0_PF0_D1_S02_5__070_M_GA32_BW1830_PA37_DG0_PF0_D1_S03_8,COph100/patient/070,COph100,sift_h,True,True,0.0,False,165306.58961344545,COph100/070-1/070_M_GA32_BW1830_PA35_DG0_PF0_D1_S02_5,"[[-0.7098757380207669,0.23150667000880767,-120.8923812403251],[-23.17650296844114,-1.7529019715682823,778.1750025278221],[-0.09345751854612777,0.0009211992913844543,0.9826494401397357]]"
e0ea4297be38112f,COph100/070-1/070_M_GA32_BW1830_PA35_DG0_PF0_D1_S02_5__070_M_GA32_BW1830_PA40_DG0_PF0_D1_S04_7,COph100/patient/070,COph100,sift_h,True,True,0.0,False,68286.62204119956,COph100/070-1/070_M_GA32_BW1830_PA35_DG0_PF0_D1_S02_5,"[[-9.418571782432943,0.8693064189039819,74.15799901098657],[-70.35418890992423,6.769859854891945,410.3764973959837],[-0.16892193885434792,0.016217624457429882,0.9713679410505779]]"
b19c4f90fe8fbf82,COph100/070/070_M_GA32_BW1830_PA33_DG0_PF0_D1_S01_1__070_M_GA32_BW1830_PA35_DG0_PF0_D1_S02_1,COph100/patient/070,COph100,sift_h,True,True,0.0,False,2388.395237412662,COph100/070/070_M_GA32_BW1830_PA33_DG0_PF0_D1_S01_1,"[[-1.5015712914209822,0.05584562146545096,62.045299585859695],[-8.578346247002095,0.04505727003447731,435.9660871223662],[-0.017965049078505584,-9.119773349184201e-05,0.9966144537227505]]"
e9429f4527d792f8,COph100/070/070_M_GA32_BW1830_PA33_DG0_PF0_D1_S01_1__070_M_GA32_BW1830_PA37_DG0_PF0_D1_S03_3,COph100/patient/070,COph100,sift_h,True,True,0.0,True,250696167.0162927,COph100/070/070_M_GA32_BW1830_PA33_DG0_PF0_D1_S01_1,"[[-1.2392132389707464,-1.6685404345525268,747.7959437484266],[-0.9730686974163565,-1.2989764536897983,572.0594386326695],[-0.002271557054667509,-0.002079753169215922,0.9991841293330218]]"
5f3a5ddd8cf5a8e7,COph100/070/070_M_GA32_BW1830_PA33_DG0_PF0_D1_S01_1__070_M_GA32_BW1830_PA40_DG0_PF0_D1_S04_2,COph100/patient/070,COph100,sift_h,True,True,0.0,False,7.400442116892286e-07,COph100/070/070_M_GA32_BW1830_PA33_DG0_PF0_D1_S01_1,"[[-2.4839573512549578,-0.0006629775207343764,41.382562645103974],[-3.8027714637140875,-0.0010076967249530375,63.35359575939805],[-0.059356422442125495,-1.577707454043415e-05,0.9888677125906251]]"
f746b91bf69bdaf2,COph100/070/070_M_GA32_BW1830_PA35_DG0_PF0_D1_S02_1__070_M_GA32_BW1830_PA37_DG0_PF0_D1_S03_3,COph100/patient/070,COph100,sift_h,True,True,0.0,False,5963.902778229509,COph100/070/070_M_GA32_BW1830_PA35_DG0_PF0_D1_S02_1,"[[-0.5696587443118332,-0.5836789441577411,556.1725812365157],[-0.4745551339088868,-0.48536977279944343,462.4731961362135],[-0.0010243659883372332,-0.0010495099654891265,0.9996111482586576]]"
c82da48c941bc2cb,COph100/070/070_M_GA32_BW1830_PA35_DG0_PF0_D1_S02_1__070_M_GA32_BW1830_PA40_DG0_PF0_D1_S04_2,COph100/patient/070,COph100,sift_h,True,True,0.0,True,99824688.1322937,COph100/070/070_M_GA32_BW1830_PA35_DG0_PF0_D1_S02_1,"[[0.9437708119818492,-0.006493442651368088,-11.856367151851028],[0.012036302450415936,-0.0325072657583791,27.29515406115248],[0.00084303282909862,-0.006770852110073271,0.9988885338848172]]"
77647cc32536b97e,COph100/070/070_M_GA32_BW1830_PA37_DG0_PF0_D1_S03_3__070_M_GA32_BW1830_PA40_DG0_PF0_D1_S04_2,COph100/patient/070,COph100,sift_h,True,True,0.0,False,3480.1914084992964,COph100/070/070_M_GA32_BW1830_PA37_DG0_PF0_D1_S03_3,"[[5.97957560008221,-2.159663571481069,581.6352149337933],[4.5254947072883045,-1.6165713261757828,431.74827245483704],[0.010295485427427578,-0.003718234557660516,1.0012332345380812]]"
3a8673fa7abbe407,COph100/071-1/071_F_GA32_BW1660_PA33_DG0_PF0_D1_S01_7__071_F_GA32_BW1660_PA37_DG0_PF0_D1_S03_7,COph100/patient/071,COph100,sift_h,True,True,0.0,True,8780.121538438723,COph100/071-1/071_F_GA32_BW1660_PA33_DG0_PF0_D1_S01_7,"[[-1.011344514053073,-1.691588589236242,600.9386084977912],[-0.081215893810471,-0.14297896316952877,49.60278334920885],[-0.0016842872485745295,-0.0028036970756678097,0.9991585029392046]]"
70e5fbb422b2652e,COph100/071-1/071_F_GA32_BW1660_PA33_DG0_PF0_D1_S01_7__071_F_GA32_BW1660_PA40_DG0_PF0_D1_S04_8,COph100/patient/071,COph100,sift_h,True,True,0.0,False,3.410519604908171,COph100/071-1/071_F_GA32_BW1660_PA33_DG0_PF0_D1_S01_7,"[[-7.369115526935381,-4.148807518817224,591.0138703417059],[-4.635782382701322,-2.6100219767792425,371.81973820856905],[-0.012420022069940933,-0.006992895315941471,0.996360077990147]]"
6ebee7c21242a06a,COph100/071-1/071_F_GA32_BW1660_PA35_DG0_PF0_D1_S02_6__071_F_GA32_BW1660_PA37_DG0_PF0_D1_S03_7,COph100/patient/071,COph100,sift_h,True,True,0.0,False,9322.905921059737,COph100/071-1/071_F_GA32_BW1660_PA35_DG0_PF0_D1_S02_6,"[[-0.03207311872461077,-0.032246775806817105,32.26744741797119],[-0.07064895079634358,-0.06776466843152985,69.88198891439184],[-0.0010005562280658246,-0.0009846715190865065,0.999627769797409]]"
7bef6088c5a1b6e4,COph100/071-1/071_F_GA32_BW1660_PA37_DG0_PF0_D1_S03_7__071_F_GA32_BW1660_PA40_DG0_PF0_D1_S04_8,COph100/patient/071,COph100,sift_h,True,True,0.0,False,59135.09280446638,COph100/071-1/071_F_GA32_BW1660_PA37_DG0_PF0_D1_S03_7,"[[-0.0781748104454807,-0.007928759256875629,48.160940076096566],[-0.6354724264364852,-0.014777478929608442,388.87919904851947],[-0.001635241326703459,-2.8839012084125495e-05,0.9996879849364774]]"
1916f2b022f6ba7f,COph100/071/071_F_GA32_BW1660_PA33_DG0_PF0_D1_S01_2__071_F_GA32_BW1660_PA35_DG0_PF0_D1_S02_2,COph100/patient/071,COph100,sift_h,True,True,0.0,True,15637964.543600954,COph100/071/071_F_GA32_BW1660_PA33_DG0_PF0_D1_S01_2,"[[0.030492369204553185,-0.31315753824731496,84.60573558671501],[0.8429001981786559,-2.0487605291061644,454.35788932653463],[0.0021875030749172438,-0.0049900470566829535,0.9994745230034189]]"
a4cad0d3834e05fe,COph100/071/071_F_GA32_BW1660_PA33_DG0_PF0_D1_S01_2__071_F_GA32_BW1660_PA40_DG0_PF0_D1_S04_2,COph100/patient/071,COph100,sift_h,True,True,0.0,False,680979.5119596364,COph100/071/071_F_GA32_BW1660_PA33_DG0_PF0_D1_S01_2,"[[0.8013736086967036,-0.08361127511279781,20.684516866144307],[0.7582174949086609,-0.4051172149491833,138.26900399309108],[0.0157757368885584,-0.0035587761187159195,1.0022906801443454]]"
5daa776bd9294f27,COph100/076-1/076_M_GA33_BW1470_PA35_DG0_PF0_D1_S01_10__076_M_GA33_BW1470_PA37_DG0_PF0_D1_S02_13,COph100/patient/076,COph100,sift_h,True,True,0.0,False,234.71413677668934,COph100/076-1/076_M_GA33_BW1470_PA35_DG0_PF0_D1_S01_10,"[[-0.056185659361278645,0.0035951949914096227,32.661342339622564],[-0.15296354458150624,0.009657940858190224,88.88415835840901],[-0.001719791151071589,0.00010876685301802703,0.9996979329441149]]"
795ae18c0cfa9aa0,COph100/076-1/076_M_GA33_BW1470_PA35_DG0_PF0_D1_S01_10__076_M_GA33_BW1470_PA40_DG0_PF0_D1_S03_3,COph100/patient/076,COph100,sift_h,True,True,0.0,True,23573.148212286414,COph100/076-1/076_M_GA33_BW1470_PA35_DG0_PF0_D1_S01_10,"[[0.1897218219538458,-1.520874540390165,590.4376577907151],[0.010501856380175648,-0.08510433573729866,33.02829053718389],[0.0003219601785423928,-0.0025748622386987455,0.9995775808637207]]"
16199f563ed03073,COph100/076/076_M_GA33_BW1470_PA35_DG0_PF0_D1_S01_4__076_M_GA33_BW1470_PA37_DG0_PF0_D1_S02_2,COph100/patient/076,COph100,sift_h,True,True,0.0,False,621618.9477220557,COph100/076/076_M_GA33_BW1470_PA35_DG0_PF0_D1_S01_4,"[[-7.996895255464814,-3.2708544375634427,566.9527318847371],[-6.345273166273855,-2.2090333079229567,429.585117945874],[-0.014340340758145876,-0.005454800801437271,0.9962884109575781]]"
50c7f9c8cf7427dd,COph100/076/076_M_GA33_BW1470_PA37_DG0_PF0_D1_S02_2__076_M_GA33_BW1470_PA40_DG0_PF0_D1_S03_8,COph100/patient/076,COph100,sift_h,True,True,0.0,False,13619.807150758736,COph100/076/076_M_GA33_BW1470_PA37_DG0_PF0_D1_S02_2,"[[1.945994955490718,-0.6018688815976414,65.17848638360861],[12.980458685836679,-3.9827606410300613,427.0386596925363],[0.031112665594072532,-0.009497005592076663,1.0040529362503743]]"
42a902c65db73bba,FIRE/A02,FIRE/image_component/cc0001,FIRE,sift_h,True,True,0.0,True,1.444940763043822,FIRE/A02_1,"[[-0.8438772869368151,1.5449886252408704,1294.1191580987684],[-0.05629649841695296,0.10315752102685852,86.34077512511756],[-0.0006517070048721673,0.0011927676726025405,0.999501209696936]]"
03d0f3867b9a85ff,FIRE/A03,FIRE/image_component/cc0001,FIRE,sift_h,True,True,0.0,True,2914.2783542660236,FIRE/A03_1,"[[-0.3283055319187541,-0.5816326849526926,1481.3342657245857],[-0.6264802165554885,-1.1086827922954825,2823.810768098355],[-0.0002219207174736733,-0.0003929202375096715,1.0005668065053752]]"
f18ced4c137f2bec,FIRE/A11,FIRE/image_component/cc0003,FIRE,sift_h,True,True,0.0,True,828.9400919317301,FIRE/A11_1,"[[0.038282192136169284,-0.055864546163064986,111.60813705361866],[0.5558670523221572,-0.7776542233226439,1557.1867118375446],[0.00035786503604909775,-0.0004993335381847764,1.0001304162754063]]"
ca16868d77588217,FIRE/A13,FIRE/image_component/cc0004,FIRE,sift_h,True,True,0.0,True,1680.040394472934,FIRE/A13_1,"[[-1.4029029559825896,-1.8758599356705938,1786.7340478323235],[-2.2285200175103026,-2.9358262389635184,2804.754596085881],[-0.0007926675463976954,-0.0010521749373867044,1.0017007141647387]]"
4f76963fe05f6190,FIRE/P02,FIRE/image_component/cc0006,FIRE,sift_h,True,True,0.0,True,92.81075490712954,FIRE/P02_1,"[[-0.6287332253410668,0.3344919092515601,1384.1017556509705],[-0.03092798297600835,0.016273635251124494,68.41097143973604],[-0.00045418486976264195,0.00024156998075349634,1.0001960043508054]]"
83488dec1f30f6db,FIRE/P06,FIRE/image_component/cc0009,FIRE,sift_h,True,True,0.0,True,1259937532.491297,FIRE/P06_1,"[[0.26521100841645623,-0.5824055473538994,-589.9297949131886],[-1.8915710153649483,-5.740186220403886,2753.762808185299],[-0.0005023627593183403,-0.005212717277271548,1.0052685894087312]]"
ad42977d5a31cdaf,FIRE/P07,FIRE/image_component/cc0009,FIRE,sift_h,True,True,0.0,True,61874361.62670156,FIRE/P07_1,"[[-0.163785798661009,-0.6170614819009966,579.0804970066675],[-0.036808459052722904,-0.24244689796667046,185.2628369359808],[-0.0002275498272789806,-0.000907906772368969,1.0010467490528006]]"
812320217de89969,FIRE/P11,FIRE/image_component/cc0011,FIRE,sift_h,True,True,0.0,True,20500290.250170767,FIRE/P11_1,"[[-0.10327250145186033,-0.07053636850184568,337.24756368428785],[-0.01934199316214099,-0.24212483032474028,659.8800116079759],[-0.0002885436471650355,-0.00018858954186922898,1.000439857158641]]"
5bfe383b3c611399,FIRE/P14,FIRE/image_component/cc0011,FIRE,sift_h,True,True,0.0,True,37120554.35764087,FIRE/P14_1,"[[-0.5511260530505349,-0.44128795862456455,1780.0576962078087],[-0.8344422564852694,-0.6568166126025861,2736.609866616207],[-0.00031800598171469446,-0.0002096977695250027,1.000486476895674]]"
0c97b267bb2bffb6,FIRE/P17,FIRE/image_component/cc0013,FIRE,sift_h,True,True,0.0,False,287348826.4293893,FIRE/P17_1,"[[-0.15018878843701386,-0.3913078986757381,1408.5819616340912],[0.005669703880908635,0.11199988972291257,94.57479692132021],[-0.00024464349522497204,-0.00010803907552871913,1.0003251292449136]]"
dfb335ea384aed5d,FIRE/P19,FIRE/image_component/cc0014,FIRE,sift_h,True,True,0.0,True,301758791.4274511,FIRE/P19_1,"[[-1.633490206343683,-2.245947495813908,3709.2571052802537],[-1.1294906911339577,-2.7358866906661254,3799.908987872288],[-0.0004611368986372363,-0.0008989525846310713,1.0012538324923879]]"
967908a83b559376,FIRE/P20,FIRE/image_component/cc0015,FIRE,sift_h,True,True,0.0,True,77988348.01081114,FIRE/P20_1,"[[-0.5091445100892114,-1.8559296553639095,2265.969709535109],[-0.5939089823543547,-2.1092488634429745,2488.2081387789144],[-0.00022367546028220837,-0.0008340976982643883,1.0009751346305351]]"
66df112faba0e98a,FIRE/P21,FIRE/image_component/cc0016,FIRE,sift_h,True,True,0.0,True,5002.121226058954,FIRE/P21_1,"[[3.8574670995811835,-26.01824224564,1826.0505937700225],[5.806698452133689,-39.35552972550442,2740.1576731950536],[0.0020976363792981675,-0.014201560778818706,1.011158305305808]]"
def5ac9deab0ba0f,FIRE/P26,FIRE/image_component/cc0020,FIRE,sift_h,True,True,0.0,True,32995.39153914684,FIRE/P26_1,"[[-0.02455409550997421,-0.03239791494493598,132.9932357740505],[-0.3176029485694483,-0.4251121668739946,1729.4520579783753],[-0.00018282907145383443,-0.00024625993542857783,1.0003955664282198]]"
c9cf17d0e56eb998,FIRE/P27,FIRE/image_component/cc0020,FIRE,sift_h,True,True,0.0,True,32995.39153914684,FIRE/P27_1,"[[-0.02455409550997421,-0.03239791494493598,132.9932357740505],[-0.3176029485694483,-0.4251121668739946,1729.4520579783753],[-0.00018282907145383443,-0.00024625993542857783,1.0003955664282198]]"
254d3aa6e7e2b680,FIRE/P30,FIRE/image_component/cc0023,FIRE,sift_h,True,True,0.0,True,21847012.876491256,FIRE/P30_1,"[[0.8923163095519869,-1.1545289702140709,1928.9503236364606],[0.27561107772497173,-0.1814135001990031,157.0658418866938],[0.0002735915437063861,-0.0004956098438165036,1.000204673120414]]"
c2440bc8587cbf1c,FIRE/P33,FIRE/image_component/cc0025,FIRE,sift_h,True,True,0.0,True,1267674.7160371274,FIRE/P33_1,"[[-0.2971851483164507,-1.1343721031682596,1436.8189517264007],[0.0007280106600862798,-0.07188808029251895,64.66485679610089],[-0.00022950952495884742,-0.0007778095668115421,1.0009286222877258]]"
6b196a5159a197ec,FIRE/P36,FIRE/image_component/cc0028,FIRE,sift_h,True,True,0.0,True,467860.4427921681,FIRE/P36_1,"[[-0.024004588320314383,-0.06694368507792292,139.68117822841762],[-0.14836502392152984,-0.5234783863754398,1140.5923987784813],[-0.00013130894653814266,-0.0004654363918644196,1.00055012460884]]"
3255cdb7ffef8945,FIRE/P42,FIRE/image_component/cc0031,FIRE,sift_h,True,True,0.0,True,3569351976.7039385,FIRE/P42_1,"[[-1.8485986905331881,-0.5807798784418826,2473.942613508763],[-0.9445156898456171,-0.9990652428473588,2314.386163860606],[-0.0007466158820679756,-0.0002771749155795821,1.0009438071415813]]"
5ddb5399570eafbb,FIRE/P44,FIRE/image_component/cc0031,FIRE,sift_h,True,True,0.0,True,7.932799872987823,FIRE/P44_1,"[[0.832517872382147,-0.605009797791154,1060.2702057913446],[0.11022710489571087,-0.08000146986714983,139.78944031864614],[0.0007853786491135225,-0.000570695709446617,0.9998020891649946]]"
469666844aee7c07,FIRE/P45,FIRE/image_component/cc0031,FIRE,sift_h,True,True,0.0,True,1121.955565027961,FIRE/P45_1,"[[-0.8166655342438246,0.1267330672402844,2096.3679575976566],[-0.09810089611633577,0.014608320747375902,252.87903968139744],[-0.0003893462809989863,5.984845314836887e-05,1.0003037558100498]]"
556199f23500c582,FIRE/P48,FIRE/image_component/cc0031,FIRE,sift_h,True,True,0.0,True,68.42789464276541,FIRE/P48_1,"[[-0.37540056286231943,-1.3258136893587111,1667.2979081363044],[-0.6350270806233499,-2.2459164733299493,2822.160462207742],[-0.000225171796443321,-0.0007965961333630401,1.0009419423102903]]"
dc6364d56f5299ca,FIRE/P49,FIRE/image_component/cc0013,FIRE,sift_h,True,True,0.0,True,0.038960238695146164,FIRE/P49_1,"[[31.8715550013684,-3.742306236936596,2571.571118302019],[8.55873957021043,-1.0048941924008818,690.5211674405138],[0.012270383490139373,-0.0014407898687083768,0.9900164683802433]]"
73427af38874600d,FIRE/S03,FIRE/image_component/cc0032,FIRE,sift_h,True,True,0.0,True,4622809.782769403,FIRE/S03_1,"[[0.008113296193130011,-0.1462860286295286,75.82369846210516],[-0.2802032295700629,-0.8617061842007239,1106.2139264216241],[-0.00022980877089911523,-0.0008861941708368359,1.001028815211913]]"
03f39e8d4e6da391,FIRE/S04,FIRE/image_component/cc0033,FIRE,sift_h,True,True,0.0,True,3.2273025108639275,FIRE/S04_1,"[[1.0852221043443244,-47.34584745623721,2646.843488820418],[0.2908365507741998,-12.660167882697946,713.5847610054783],[0.00041735377540201015,-0.018212848599204787,1.0164052217906931]]"
39d5c1be7bda3fdb,FIRE/S05,FIRE/image_component/cc0033,FIRE,sift_h,True,True,0.0,True,1289.7405150191614,FIRE/S05_1,"[[-0.04238730400552599,0.0037790674512699226,107.0396533198577],[-0.4846585644399194,0.03489204335307492,1228.5599291201406],[-0.0003945909173781373,2.8488026527099865e-05,1.0003375011025033]]"
cc31da9fc0be8378,FIRE/S06,FIRE/image_component/cc0033,FIRE,sift_h,True,True,0.0,True,243611867.79352185,FIRE/S06_1,"[[2.1022080006318986,0.2527434524463034,-365.39318957409597],[-0.19954873274987922,-0.25038346633593556,1536.8473028451172],[0.001785210704241118,-0.0006446809950712405,0.998948574174359]]"
7645e344567a4b53,FIRE/S07,FIRE/image_component/cc0034,FIRE,sift_h,True,True,0.0,True,92583.98845083932,FIRE/S07_1,"[[1.9285243785922008,-1.2218846666632468,2044.6376689659883],[0.3106774772752594,-0.16647213288492832,271.48995926278815],[0.0008327050239025952,-0.0005719757488494049,0.9997596401995603]]"
7c7cdd5aa1e5077c,FIRE/S08,FIRE/image_component/cc0034,FIRE,sift_h,True,True,0.0,True,348.0467283738711,FIRE/S08_1,"[[-1.7035162405628965,5.681320404545832,2270.3411114196906],[-0.24906690605083215,0.8337030460404673,335.40531918191465],[-0.0007475691829538438,0.0024946882982130707,0.9983893745656204]]"
73d136b80c6d90cc,FIRE/S10,FIRE/image_component/cc0034,FIRE,sift_h,True,True,0.0,True,1173.1563403569653,FIRE/S10_1,"[[-0.07970795600386656,0.0794334293126108,124.60414582579219],[-0.7243538337359504,0.7290044970787568,1136.4702279814212],[-0.0006318635021305779,0.000622090786205177,1.0000090092224938]]"
bcaaa04ba58d662f,FIRE/S11,FIRE/image_component/cc0034,FIRE,sift_h,True,True,0.0,True,2043.2879833499946,FIRE/S11_1,"[[-0.05215802691294951,0.02009599065741879,119.45382456677109],[-0.5096504333920133,0.21290173474540777,1159.8687785538627],[-0.00044071867519827575,0.00018962429243684216,1.0002314776341081]]"
126f9668c9cd74ad,FIRE/S12,FIRE/image_component/cc0034,FIRE,sift_h,True,True,0.0,True,23.014118073563324,FIRE/S12_1,"[[-0.1117217806306833,0.12710450659035688,122.04066801771917],[-1.6004180876736858,1.8214430319605954,1750.526379393937],[-0.0009146703062120175,0.001041283175711636,0.9998832787609301]]"
44d0068162b5fcd8,FIRE/S13,FIRE/image_component/cc0034,FIRE,sift_h,True,True,0.0,True,385784.9690742228,FIRE/S13_1,"[[0.05183240139234552,-0.8814715584800134,2244.1960801031196],[0.03219581063724905,-0.13698843904852434,340.62416241070844],[1.1769076421274237e-05,-0.0003893915857766298,1.000348120750812]]"
59c81dbdae328fe6,FIRE/S14,FIRE/image_component/cc0034,FIRE,sift_h,True,True,0.0,True,4051529.10338734,FIRE/S14_1,"[[0.4289003965544501,-1.1879248725939602,2347.873653921033],[0.0819547581337763,-0.22338324729642683,410.8156678042321],[0.00019394700296951448,-0.0005089975107024396,1.0002904371868162]]"
7466e19005042508,FIRE/S15,FIRE/image_component/cc0034,FIRE,sift_h,True,True,0.0,True,2.8676640622791347,FIRE/S15_1,"[[-1.9929999394677458,-1.3888311531254065,1772.2569821990814],[-0.13560395737793163,-0.09448609652261497,120.47979083141902],[-0.001126676410058133,-0.0007852071407719618,1.0017625176484215]]"
38a89bd769500366,FIRE/S16,FIRE/image_component/cc0034,FIRE,sift_h,True,True,0.0,False,11206002878.864822,FIRE/S16_1,"[[-0.25354261205056927,0.09752189477519675,735.4671784342917],[-1.528755133410259,0.7355709684956517,3411.1333894631634],[-0.000431623093758408,0.0002976337479879225,1.000123521428132]]"
9384c9e5365a41bc,FIRE/S17,FIRE/image_component/cc0034,FIRE,sift_h,True,True,0.0,True,2.6744880985772586,FIRE/S17_1,"[[-0.3421890013158512,-0.02556636759413545,125.65363560499732],[-3.1299694203101995,-0.23439518354348593,1150.9137225698614],[-0.0027280012401339213,-0.00020417117105706826,1.0027030964415666]]"
bf389bfb24e77819,FIRE/S24,FIRE/image_component/cc0034,FIRE,sift_h,True,True,0.0,False,308308248.8916838,FIRE/S24_1,"[[0.4187016045014932,0.014971244231462871,-2063.2820931920014],[-3.38156921727714,-4.26825260833462,3562.305514110984],[-0.0008897647614784391,-0.004263178414281647,1.0047503694901538]]"
1df2734d679b82f7,FIRE/S26,FIRE/image_component/cc0034,FIRE,sift_h,True,True,0.0,True,105.99090349951513,FIRE/S26_1,"[[-1.6672995710466754,2.496197841471705,2146.972189306559],[-0.21632322625760067,0.32651040980636464,279.1825715479287],[-0.0007763070413986607,0.0011620771183344755,0.9996443682103248]]"
23a85a08fdb9e9c0,FIRE/S27,FIRE/image_component/cc0034,FIRE,sift_h,True,True,0.0,True,94.53646682780081,FIRE/S27_1,"[[2.5489526398273106,-2.97416399567091,901.9455284925843],[7.688643331447217,-8.971172797567439,2718.4208139851785],[0.002834501315957079,-0.0033067195287820577,1.0004353261649481]]"
808bc02d57dde170,FIRE/S34,FIRE/image_component/cc0034,FIRE,sift_h,True,True,0.0,True,29.80260249615374,FIRE/S34_1,"[[0.05670312297564994,-0.5383004990978986,304.01176548625557],[0.4033629182939631,-3.8374615770037406,2168.4976237380183],[0.00018660441985599051,-0.0017727431458757464,1.0014622216380495]]"
0e5fa62c336a42a2,FIRE/S35,FIRE/image_component/cc0034,FIRE,sift_h,True,True,0.0,True,219423282.79006857,FIRE/S35_1,"[[0.7129871050697173,-2.063080935800749,3386.0552977161246],[1.0309994838493934,-0.7351043780810942,-1408.107714370686],[0.0005142695788524728,-0.0010928441850797613,1.0005333734651158]]"
3f0a7b954b85f62d,FIRE/S36,FIRE/image_component/cc0034,FIRE,sift_h,True,True,0.0,True,336994235.0115674,FIRE/S36_1,"[[-0.22883677624331167,-1.977095475509539,2074.410894133788],[-0.1218713670160854,-2.461970800439946,2805.4876512730148],[-2.5171496030337915e-05,-0.0009555972927266493,1.0009041462271353]]"
e8b903bc1a63bb8c,FIRE/S37,FIRE/image_component/cc0034,FIRE,sift_h,True,True,0.0,True,8532555.063761843,FIRE/S37_1,"[[235.61044498803335,-1329.116969984491,-14579.184955592385],[241.97138299523644,-1279.8075830866308,-38644.68333132733],[0.09410960327417524,-0.5438018542194007,1.4145600438401298]]"
f79c65943473c042,FIRE/S38,FIRE/image_component/cc0034,FIRE,sift_h,True,True,0.0,True,43288.678717400166,FIRE/S38_1,"[[-0.7561213245420578,-1.2308298941376876,2466.7051442044326],[-0.15618322010524882,-0.2492370615423729,506.77874431910635],[-0.00030672667371289006,-0.0004990307559350618,1.0007428076304568]]"
1f757ff854583970,FIRE/S39,FIRE/image_component/cc0034,FIRE,sift_h,True,True,0.0,True,62290912.74136887,FIRE/S39_1,"[[1.3452191499222539,-3.1289085532480625,738.0329936866343],[0.5511249706513851,-0.79916086646553,-439.2886013896792],[0.00027169889627401796,-0.0013271784581020732,1.0009730202210603]]"
168cbefc1485e031,FIRE/S40,FIRE/image_component/cc0034,FIRE,sift_h,True,True,0.0,True,538860.1310340369,FIRE/S40_1,"[[0.09082467777900005,-1.0118791707080843,2162.45138431173],[0.027157848356220517,-0.13126418342683405,249.29514338707568],[4.544010241891853e-05,-0.00047243168913441375,1.0003936328690033]]"
7b7df3954844c985,FIRE/S41,FIRE/image_component/cc0034,FIRE,sift_h,True,True,0.0,True,134734030.36674714,FIRE/S41_1,"[[25.692903906876328,-43.44232344900793,11678.467480195895],[10.185131644633799,-11.820045324545154,-9291.746235864422],[0.01599061463054199,-0.03939158564288212,1.021572770152001]]"
76246f8d2d76ddfe,FIRE/S47,FIRE/image_component/cc0036,FIRE,sift_h,True,True,0.0,True,1782.0845766957145,FIRE/S47_1,"[[-0.03020476477035238,-0.054130704265592106,206.67511473257028],[-0.2761251040283153,-0.5505129692354335,2030.7032352343329],[-0.0001333568387021513,-0.0002734498097540071,1.0003750248790455]]"
3e8b3b73e0dcc6f6,FIRE/S48,FIRE/image_component/cc0036,FIRE,sift_h,True,True,0.0,True,584.9520409439126,FIRE/S48_1,"[[0.46167782869384866,-0.5249648324968768,867.9647895457956],[1.404433526721337,-1.5938736612213378,2633.091639814413],[0.0005327995226291697,-0.0006050906675195022,1.0000666433991958]]"
5ea35bbcd123dd56,FIRE/S49,FIRE/image_component/cc0036,FIRE,sift_h,True,True,0.0,True,864.8125000327663,FIRE/S49_1,"[[0.3201529070553859,-0.1893720674287118,316.17992033288937],[2.262384808937698,-1.3428282796781488,2213.938843976937],[0.0010218782485014353,-0.0006071377424023295,0.9996176610959399]]"
d26408409c13323f,FIRE/S50,FIRE/image_component/cc0036,FIRE,sift_h,True,True,0.0,True,1594421.0827184012,FIRE/S50_1,"[[-0.45164871251573585,0.19815265337389906,1038.9976085538724],[-1.2891548986714854,0.6195954055220166,2837.587514382785],[-0.00045395918629723977,0.0002430299304794198,1.0001944504077072]]"
0fc7d9c4f3289072,FIRE/S53,FIRE/image_component/cc0037,FIRE,sift_h,True,True,0.0,True,62231.41156860166,FIRE/S53_1,"[[-3.7628215096652413,27.564117587385134,3052.0343918795165],[-1.1784271735445049,5.728330369566145,1395.6505581367064],[-0.0013622004274555027,0.01101038990960875,0.99110557532114]]"
2f4788759ff42db9,FIRE/S54,FIRE/image_component/cc0006,FIRE,sift_h,True,True,0.0,True,377.06321478185805,FIRE/S54_1,"[[-1.5404592913987005,0.02153725671414745,127.00220281257295],[-12.182699459920688,0.18168851963837127,1114.1123137191516],[-0.011255389784783291,0.00016329234914533013,1.0102255273234788]]"
c40650a2bcdec630,FIRE/S58,FIRE/image_component/cc0038,FIRE,sift_h,True,True,0.0,True,138446681.49122846,FIRE/S58_1,"[[-0.022112957091157143,-0.060138662401523345,68.31771902367352],[-0.502587636856467,-0.5806530221821231,1412.1902750053662],[-0.00034302414675001447,-0.0004904611920740012,1.0007683692967284]]"
420ab3b38ae225ca,FIRE/S60,FIRE/image_component/cc0038,FIRE,sift_h,True,True,0.0,True,1012011.1746196001,FIRE/S60_1,"[[-0.9469787517108694,-1.5512181191699457,2694.9502370292944],[-0.6458021137126064,-1.0445037014918839,1871.8618720839804],[-0.0003468329346847408,-0.0005674256234783279,1.0008428321083065]]"
65112839ce539dda,FIRE/S63,FIRE/image_component/cc0040,FIRE,sift_h,True,True,0.0,True,23111143.321948987,FIRE/S63_1,"[[1.4218585386270732,-20.502705571115957,1278.6715851496856],[0.7991311925473695,-5.857811985187069,-150.6475190868709],[0.00028985113348132033,-0.007953074986945504,1.0070645344899123]]"
51fb20cd38c644f7,FIRE/S66,FIRE/image_component/cc0041,FIRE,sift_h,True,True,0.0,True,36209352.63326278,FIRE/S66_1,"[[-0.09438039425557154,-0.2584980314228916,162.63025417532492],[-0.07980181677985296,-1.670297163084834,962.6618186721313],[-0.0001080996993094631,-0.0016930975148893468,1.0016604786818395]]"
db1da4ac7dd46499,FIRE/S67,FIRE/image_component/cc0041,FIRE,sift_h,True,True,0.0,True,12267.534430169195,FIRE/S67_1,"[[0.22528524276780645,-0.9616682588988655,2134.8450593503244],[0.027681768114721745,-0.12011262779865671,267.191264171247],[0.00010668677072575602,-0.0004512599655779282,1.0003176534140044]]"
be049971696e0f0a,FIRE/S69,FIRE/image_component/cc0009,FIRE,sift_h,True,True,0.0,True,21839.29635425118,FIRE/S69_1,"[[-0.576681471732718,-0.17027316783853522,1902.324039825382],[-0.8157418196741782,-0.26157820871618354,2724.9845558393035],[-0.00030052796931186946,-9.435855051644744e-05,1.0003640360104666]]"
b714eb0973fdf4f9,FIRE/S70,FIRE/image_component/cc0009,FIRE,sift_h,True,True,0.0,True,193361.55232593886,FIRE/S70_1,"[[-1.5103899603201674,-0.5694278243702309,1657.611394397723],[-0.08067462355478264,-0.021997275184490832,69.44015289148285],[-0.0009132980908059452,-0.0003433453457683721,1.0011584681680918]]"
