job_id,pair_id,group_id,dataset_id,pipeline_id,status,operational_failure,pole_crosses_image,pole_crosses_inscribed_circle,pole_clearance_diagonal_fraction,clearance_score,D:bending_energy,D:folding_fraction
5fa60dc6120fc7a1,COph100/001/001_F_GA41_BW2905_PA44_DG11_PF0_D1_S01_11__001_F_GA41_BW2905_PA47_DG11_PF0_D1_S02_3,COph100/patient/001,COph100,sift_h,ok,True,True,False,0.0,3.0,0.4788643612163272,0.974609375
cf1577f4f0fb815f,COph100/001/001_F_GA41_BW2905_PA44_DG11_PF0_D1_S01_11__001_F_GA41_BW2905_PA47_DG11_PF0_D1_S02_3,COph100/patient/001,COph100,sp_lg_h,ok,False,False,False,21.545320547674358,-1.3333529598330924,0.005740857292191141,0.0
9518d06740e42499,COph100/001/001_F_GA41_BW2905_PA44_DG11_PF0_D1_S01_11__001_F_GA41_BW2905_PA47_DG11_PF0_D1_S02_3,COph100/patient/001,COph100,xfeat_h,ok,False,False,False,16.108347100006302,-1.2070509791420798,0.01010998362954662,0.0
6294fbc5f701c1ac,COph100/001/001_F_GA41_BW2905_PA44_DG11_PF0_D1_S01_11__001_F_GA41_BW2905_PA47_DG11_PF0_D1_S02_3,COph100/patient/001,COph100,xfeat_tps,ok,False,False,False,,3.0,6.929552888456882,0.0
2a43058df3ec5f2b,COph100/001/001_F_GA41_BW2905_PA44_DG11_PF0_D1_S01_11__001_F_GA41_BW2905_PA50_DG11_PF0_D1_S03_8,COph100/patient/001,COph100,sift_h,invalid_transform,True,False,False,,3.0,,
96f7a3bc86dc4efc,COph100/001/001_F_GA41_BW2905_PA44_DG11_PF0_D1_S01_11__001_F_GA41_BW2905_PA50_DG11_PF0_D1_S03_8,COph100/patient/001,COph100,sp_lg_h,ok,False,False,False,10.172431804262551,-1.007424787035351,0.02440383561868393,0.0
23dc96d564814c14,COph100/001/001_F_GA41_BW2905_PA44_DG11_PF0_D1_S01_11__001_F_GA41_BW2905_PA50_DG11_PF0_D1_S03_8,COph100/patient/001,COph100,xfeat_h,ok,False,False,False,21.00593284094626,-1.3223419726476253,0.0060559605305417295,0.0
b3d5b68281b39152,COph100/001/001_F_GA41_BW2905_PA44_DG11_PF0_D1_S01_11__001_F_GA41_BW2905_PA50_DG11_PF0_D1_S03_8,COph100/patient/001,COph100,xfeat_tps,ok,False,False,False,,3.0,13.84610028402747,0.0
501757c32772c0e0,COph100/001/001_F_GA41_BW2905_PA47_DG11_PF0_D1_S02_3__001_F_GA41_BW2905_PA50_DG11_PF0_D1_S03_8,COph100/patient/001,COph100,sift_h,ok,True,True,True,0.0,3.0,8950.94099695488,0.9111328125
2e938502a7f27973,COph100/001/001_F_GA41_BW2905_PA47_DG11_PF0_D1_S02_3__001_F_GA41_BW2905_PA50_DG11_PF0_D1_S03_8,COph100/patient/001,COph100,sp_lg_h,ok,False,False,False,22.31607725673913,-1.3486178562388431,0.005500212541187224,0.0
323ae4a1811c1de6,COph100/001/001_F_GA41_BW2905_PA47_DG11_PF0_D1_S02_3__001_F_GA41_BW2905_PA50_DG11_PF0_D1_S03_8,COph100/patient/001,COph100,xfeat_h,ok,False,False,False,85.50742777235929,-1.9320038422186392,0.00038571622214299164,0.0
e9c0e5aec0199653,COph100/001/001_F_GA41_BW2905_PA47_DG11_PF0_D1_S02_3__001_F_GA41_BW2905_PA50_DG11_PF0_D1_S03_8,COph100/patient/001,COph100,xfeat_tps,ok,False,False,False,,3.0,9.224474314360094,0.0
19c3c058ff428127,COph100/002-1/002_M_GA40_BW4040_PA41_DG11_PF0_D1_S01_6__002_M_GA40_BW4040_PA43_DG11_PF0_D1_S02_12,COph100/patient/002,COph100,sift_h,ok,True,True,False,0.0,3.0,3384612.094310655,0.98046875
5b2f0627ddf8b0b4,COph100/002-1/002_M_GA40_BW4040_PA41_DG11_PF0_D1_S01_6__002_M_GA40_BW4040_PA43_DG11_PF0_D1_S02_12,COph100/patient/002,COph100,sp_lg_h,ok,False,False,False,152.54060289854567,-2.1833854585532464,0.0001230987216158705,0.0
0663f3ba21a58e56,COph100/002-1/002_M_GA40_BW4040_PA41_DG11_PF0_D1_S01_6__002_M_GA40_BW4040_PA43_DG11_PF0_D1_S02_12,COph100/patient/002,COph100,xfeat_h,ok,False,False,False,61.447059591109884,-1.788501105547793,0.0007438578764006996,0.0
ee268e0626a3d5fc,COph100/002-1/002_M_GA40_BW4040_PA41_DG11_PF0_D1_S01_6__002_M_GA40_BW4040_PA43_DG11_PF0_D1_S02_12,COph100/patient/002,COph100,xfeat_tps,ok,False,False,False,,3.0,11.805677925108753,0.0
fd0ede1ca9dd1eef,COph100/002-1/002_M_GA40_BW4040_PA41_DG11_PF0_D1_S01_6__002_M_GA40_BW4040_PA45_DG11_PF0_D1_S03_6,COph100/patient/002,COph100,sift_h,ok,True,True,False,0.0,3.0,22757.83783953628,0.0400390625
8d485bff2b17244c,COph100/002-1/002_M_GA40_BW4040_PA41_DG11_PF0_D1_S01_6__002_M_GA40_BW4040_PA45_DG11_PF0_D1_S03_6,COph100/patient/002,COph100,sp_lg_h,ok,True,False,False,1.9318942425781798,-0.28598334820687615,0.5487576492420189,0.0
22aedf2b7ca52186,COph100/002-1/002_M_GA40_BW4040_PA41_DG11_PF0_D1_S01_6__002_M_GA40_BW4040_PA45_DG11_PF0_D1_S03_6,COph100/patient/002,COph100,xfeat_h,ok,True,False,False,5.4114714109557305,-0.7333153683918541,0.07778834037115227,0.0
634e8f0d1c123e34,COph100/002-1/002_M_GA40_BW4040_PA41_DG11_PF0_D1_S01_6__002_M_GA40_BW4040_PA45_DG11_PF0_D1_S03_6,COph100/patient/002,COph100,xfeat_tps,ok,True,False,False,,3.0,6.3499799172951334,0.0
041bfdc888ac7aaa,COph100/002-1/002_M_GA40_BW4040_PA43_DG11_PF0_D1_S02_12__002_M_GA40_BW4040_PA45_DG11_PF0_D1_S03_6,COph100/patient/002,COph100,sift_h,ok,True,True,False,0.0,3.0,1820.7233538155792,0.97265625
5e4ceed786408fc4,COph100/002-1/002_M_GA40_BW4040_PA43_DG11_PF0_D1_S02_12__002_M_GA40_BW4040_PA45_DG11_PF0_D1_S03_6,COph100/patient/002,COph100,sp_lg_h,ok,False,False,False,9.627589039038984,-0.9835175438083488,0.027080861823014637,0.0
486464928d4f9638,COph100/002-1/002_M_GA40_BW4040_PA43_DG11_PF0_D1_S02_12__002_M_GA40_BW4040_PA45_DG11_PF0_D1_S03_6,COph100/patient/002,COph100,xfeat_h,ok,False,False,False,5.552720099093306,-0.7445057821556239,0.07733766539733522,0.0
988ef03393cc9fb8,COph100/002-1/002_M_GA40_BW4040_PA43_DG11_PF0_D1_S02_12__002_M_GA40_BW4040_PA45_DG11_PF0_D1_S03_6,COph100/patient/002,COph100,xfeat_tps,ok,False,False,False,,3.0,6.4790550088021925,0.0
3ef3d691a7faf7d9,COph100/002/002_M_GA40_BW4040_PA41_DG11_PF0_D1_S01_2__002_M_GA40_BW4040_PA43_DG11_PF0_D1_S02_2,COph100/patient/002,COph100,sift_h,ok,True,True,True,0.0,3.0,97177540.92416494,0.9345703125
e3e77b52ba144d5e,COph100/002/002_M_GA40_BW4040_PA41_DG11_PF0_D1_S01_2__002_M_GA40_BW4040_PA43_DG11_PF0_D1_S02_2,COph100/patient/002,COph100,sp_lg_h,ok,False,False,False,31.459300462527462,-1.4977490613056428,0.002745250550934903,0.0
97e86a5d82de2dbf,COph100/002/002_M_GA40_BW4040_PA41_DG11_PF0_D1_S01_2__002_M_GA40_BW4040_PA43_DG11_PF0_D1_S02_2,COph100/patient/002,COph100,xfeat_h,ok,False,False,False,11.484949985578007,-1.0601291082785607,0.01982061407974673,0.0
fa66ea4bfdc01cdf,COph100/002/002_M_GA40_BW4040_PA41_DG11_PF0_D1_S01_2__002_M_GA40_BW4040_PA43_DG11_PF0_D1_S02_2,COph100/patient/002,COph100,xfeat_tps,ok,False,False,False,,3.0,12.061702712018697,0.0
b79dd97561b73d50,COph100/002/002_M_GA40_BW4040_PA41_DG11_PF0_D1_S01_2__002_M_GA40_BW4040_PA45_DG11_PF0_D1_S03_10,COph100/patient/002,COph100,sift_h,ok,True,True,False,0.0,3.0,76850.99896632174,0.9736328125
b9c46ae435929ea7,COph100/002/002_M_GA40_BW4040_PA41_DG11_PF0_D1_S01_2__002_M_GA40_BW4040_PA45_DG11_PF0_D1_S03_10,COph100/patient/002,COph100,sp_lg_h,ok,False,False,False,14.106749792810522,-1.14942696346053,0.013582814717105963,0.0
41d702cb808e5d72,COph100/002/002_M_GA40_BW4040_PA41_DG11_PF0_D1_S01_2__002_M_GA40_BW4040_PA45_DG11_PF0_D1_S03_10,COph100/patient/002,COph100,xfeat_h,ok,False,False,False,54.667020726710994,-1.7377254061175276,0.000942063413733355,0.0
bc5e8d367abf3a27,COph100/002/002_M_GA40_BW4040_PA41_DG11_PF0_D1_S01_2__002_M_GA40_BW4040_PA45_DG11_PF0_D1_S03_10,COph100/patient/002,COph100,xfeat_tps,ok,False,False,False,,3.0,9.609719458987922,0.0
906f75e67577907b,COph100/002/002_M_GA40_BW4040_PA43_DG11_PF0_D1_S02_2__002_M_GA40_BW4040_PA45_DG11_PF0_D1_S03_10,COph100/patient/002,COph100,sift_h,degenerate_fit,True,False,False,,3.0,,
b9590323225fc58c,COph100/002/002_M_GA40_BW4040_PA43_DG11_PF0_D1_S02_2__002_M_GA40_BW4040_PA45_DG11_PF0_D1_S03_10,COph100/patient/002,COph100,sp_lg_h,ok,False,False,False,14.619699889445652,-1.164938457594792,0.012745005840635718,0.0
59b1722de5fbb864,COph100/002/002_M_GA40_BW4040_PA43_DG11_PF0_D1_S02_2__002_M_GA40_BW4040_PA45_DG11_PF0_D1_S03_10,COph100/patient/002,COph100,xfeat_h,ok,False,False,False,12.439899745021002,-1.0948168803258924,0.01730979352973564,0.0
c5ca4745cb0f14cb,COph100/002/002_M_GA40_BW4040_PA43_DG11_PF0_D1_S02_2__002_M_GA40_BW4040_PA45_DG11_PF0_D1_S03_10,COph100/patient/002,COph100,xfeat_tps,ok,False,False,False,,3.0,6.624191006339155,0.0
ed0546d48bfebed0,COph100/003-1/003_F_GA41_BW3950_PA42_DG11_PF0_D1_S01_1__003_F_GA41_BW3950_PA56_DG11_PF0_D1_S02_4,COph100/patient/003,COph100,sift_h,ok,True,True,True,0.0,3.0,263817778.25410816,0.2294921875
9817e69be263308d,COph100/003-1/003_F_GA41_BW3950_PA42_DG11_PF0_D1_S01_1__003_F_GA41_BW3950_PA56_DG11_PF0_D1_S02_4,COph100/patient/003,COph100,sp_lg_h,ok,True,False,False,1.9593233089084026,-0.2921061050552597,0.6103844524674373,0.0
0be009f7654d4637,COph100/003-1/003_F_GA41_BW3950_PA42_DG11_PF0_D1_S01_1__003_F_GA41_BW3950_PA56_DG11_PF0_D1_S02_4,COph100/patient/003,COph100,xfeat_h,ok,True,False,False,25.292858104454794,-1.4029979075911174,0.004372720344067178,0.0
d84a693b5702abbe,COph100/003-1/003_F_GA41_BW3950_PA42_DG11_PF0_D1_S01_1__003_F_GA41_BW3950_PA56_DG11_PF0_D1_S02_4,COph100/patient/003,COph100,xfeat_tps,ok,True,False,False,,3.0,7.622042673042776,0.0
5225e189c9292551,COph100/003/003_F_GA41_BW3950_PA42_DG11_PF0_D1_S01_4__003_F_GA41_BW3950_PA56_DG11_PF0_D1_S02_5,COph100/patient/003,COph100,sift_h,ok,True,True,True,0.0,3.0,1711452.722363307,0.4453125
6c475c700e881086,COph100/003/003_F_GA41_BW3950_PA42_DG11_PF0_D1_S01_4__003_F_GA41_BW3950_PA56_DG11_PF0_D1_S02_5,COph100/patient/003,COph100,sp_lg_h,ok,True,False,False,0.17584363308016518,0.7548733519316839,366.23265676029445,0.0
72fc130bcfd38313,COph100/003/003_F_GA41_BW3950_PA42_DG11_PF0_D1_S01_4__003_F_GA41_BW3950_PA56_DG11_PF0_D1_S02_5,COph100/patient/003,COph100,xfeat_h,ok,True,False,False,16.80184687808832,-1.2253570224923882,0.009815016867077819,0.0
b2f4dd5772936037,COph100/003/003_F_GA41_BW3950_PA42_DG11_PF0_D1_S01_4__003_F_GA41_BW3950_PA56_DG11_PF0_D1_S02_5,COph100/patient/003,COph100,xfeat_tps,ok,True,False,False,,3.0,3.6080634122204316,0.0
0aa3e2e44542437d,COph100/004/004_F_GA41_BW3760_PA42_DG11_PF0_D1_S01_1__004_F_GA41_BW3760_PA45_DG11_PF0_D1_S02_3,COph100/patient/004,COph100,sift_h,ok,True,True,True,0.0,3.0,42141366.440987945,0.826171875
146605e13ade689f,COph100/004/004_F_GA41_BW3760_PA42_DG11_PF0_D1_S01_1__004_F_GA41_BW3760_PA45_DG11_PF0_D1_S02_3,COph100/patient/004,COph100,sp_lg_h,ok,False,False,False,14.473201110221046,-1.1605645968240947,0.012651673914100126,0.0
804bded351873ca9,COph100/004/004_F_GA41_BW3760_PA42_DG11_PF0_D1_S01_1__004_F_GA41_BW3760_PA45_DG11_PF0_D1_S02_3,COph100/patient/004,COph100,xfeat_h,ok,True,False,False,9.492051577230187,-0.9773600893899711,0.02971370580207218,0.0
f55a19975126f761,COph100/004/004_F_GA41_BW3760_PA42_DG11_PF0_D1_S01_1__004_F_GA41_BW3760_PA45_DG11_PF0_D1_S02_3,COph100/patient/004,COph100,xfeat_tps,ok,False,False,False,,3.0,6.910734174550168,0.0
b85833b03d00f9dd,COph100/005-1/005_F_GA41_BW3400_PA45_DG11_PF0_D1_S01_1__005_F_GA41_BW3400_PA48_DG11_PF0_D1_S02_1,COph100/patient/005,COph100,sift_h,ok,True,True,True,0.0,3.0,312014881.3608663,0.34375
f9758d389b15bfc7,COph100/005-1/005_F_GA41_BW3400_PA45_DG11_PF0_D1_S01_1__005_F_GA41_BW3400_PA48_DG11_PF0_D1_S02_1,COph100/patient/005,COph100,sp_lg_h,ok,False,False,False,11.946881190196377,-1.077254544725954,0.01800493171267868,0.0
095b0881a5b451aa,COph100/005-1/005_F_GA41_BW3400_PA45_DG11_PF0_D1_S01_1__005_F_GA41_BW3400_PA48_DG11_PF0_D1_S02_1,COph100/patient/005,COph100,xfeat_h,ok,False,False,False,4.169182524460637,-0.6200509087100963,0.13993427923520002,0.0
acc3488d221341f6,COph100/005-1/005_F_GA41_BW3400_PA45_DG11_PF0_D1_S01_1__005_F_GA41_BW3400_PA48_DG11_PF0_D1_S02_1,COph100/patient/005,COph100,xfeat_tps,ok,False,False,False,,3.0,10.578946269075216,0.0
b0547a370360e445,COph100/005-1/005_F_GA41_BW3400_PA45_DG11_PF0_D1_S01_1__005_F_GA41_BW3400_PA52_DG11_PF0_D1_S03_5,COph100/patient/005,COph100,sift_h,ok,True,True,True,0.0,3.0,921533707.3746233,0.32421875
61539f825b896c1d,COph100/005-1/005_F_GA41_BW3400_PA45_DG11_PF0_D1_S01_1__005_F_GA41_BW3400_PA52_DG11_PF0_D1_S03_5,COph100/patient/005,COph100,sp_lg_h,ok,True,False,False,0.9552267214229611,0.019893537131560245,1.303924746701802,0.0
d92c4ffe76afe050,COph100/005-1/005_F_GA41_BW3400_PA45_DG11_PF0_D1_S01_1__005_F_GA41_BW3400_PA52_DG11_PF0_D1_S03_5,COph100/patient/005,COph100,xfeat_h,ok,True,False,False,2.9274313548706745,-0.4664867201234255,0.31756145518344336,0.0
cc0e29a6c519a756,COph100/005-1/005_F_GA41_BW3400_PA45_DG11_PF0_D1_S01_1__005_F_GA41_BW3400_PA52_DG11_PF0_D1_S03_5,COph100/patient/005,COph100,xfeat_tps,ok,True,False,False,,3.0,2.6136349109440045,0.0
eff2f1ca5614dd3f,COph100/005-1/005_F_GA41_BW3400_PA48_DG11_PF0_D1_S02_1__005_F_GA41_BW3400_PA52_DG11_PF0_D1_S03_5,COph100/patient/005,COph100,sift_h,ok,True,False,False,5.734131509813208,-0.7584676490798143,0.06620990315887904,0.0
0d91409050e13588,COph100/005-1/005_F_GA41_BW3400_PA48_DG11_PF0_D1_S02_1__005_F_GA41_BW3400_PA52_DG11_PF0_D1_S03_5,COph100/patient/005,COph100,sp_lg_h,ok,True,False,False,0.6386984938764059,0.19470410795652449,8.787188518972966,0.0
0373c729f79b6b29,COph100/005-1/005_F_GA41_BW3400_PA48_DG11_PF0_D1_S02_1__005_F_GA41_BW3400_PA52_DG11_PF0_D1_S03_5,COph100/patient/005,COph100,xfeat_h,ok,True,False,False,16.0501931614183,-1.2054802634345536,0.01086307518411988,0.0
0d4eb00d27b198dc,COph100/005-1/005_F_GA41_BW3400_PA48_DG11_PF0_D1_S02_1__005_F_GA41_BW3400_PA52_DG11_PF0_D1_S03_5,COph100/patient/005,COph100,xfeat_tps,ok,True,False,False,,3.0,2.1569845393483393,0.0
2fc56eb99917bab8,COph100/005/005_F_GA41_BW3400_PA45_DG11_PF0_D1_S01_8__005_F_GA41_BW3400_PA48_DG11_PF0_D1_S02_9,COph100/patient/005,COph100,sift_h,ok,True,True,True,0.0,3.0,39433.720775861184,0.55859375
84cd45f3f54eabc2,COph100/005/005_F_GA41_BW3400_PA45_DG11_PF0_D1_S01_8__005_F_GA41_BW3400_PA48_DG11_PF0_D1_S02_9,COph100/patient/005,COph100,sp_lg_h,ok,False,False,False,8.126320351078105,-0.9098939388325256,0.04011764753934791,0.0
ab2c25ba15e83013,COph100/005/005_F_GA41_BW3400_PA45_DG11_PF0_D1_S01_8__005_F_GA41_BW3400_PA48_DG11_PF0_D1_S02_9,COph100/patient/005,COph100,xfeat_h,ok,False,False,False,78.90777277188678,-1.8971197852838766,0.0004584538386808942,0.0
578e1b13e578b322,COph100/005/005_F_GA41_BW3400_PA45_DG11_PF0_D1_S01_8__005_F_GA41_BW3400_PA48_DG11_PF0_D1_S02_9,COph100/patient/005,COph100,xfeat_tps,ok,False,False,False,,3.0,7.746691710052685,0.0
55119f59dd616be5,COph100/005/005_F_GA41_BW3400_PA45_DG11_PF0_D1_S01_8__005_F_GA41_BW3400_PA52_DG11_PF0_D1_S03_2,COph100/patient/005,COph100,sift_h,ok,True,False,False,233.44460837598007,-2.3681838479408435,5.223768309041101e-05,0.0
5b2ec9c7a9c9621a,COph100/005/005_F_GA41_BW3400_PA45_DG11_PF0_D1_S01_8__005_F_GA41_BW3400_PA52_DG11_PF0_D1_S03_2,COph100/patient/005,COph100,sp_lg_h,ok,True,False,False,2.1133323516723768,-0.3249678014286149,0.5723367129720394,0.0
9285f645c7accfc3,COph100/005/005_F_GA41_BW3400_PA45_DG11_PF0_D1_S01_8__005_F_GA41_BW3400_PA52_DG11_PF0_D1_S03_2,COph100/patient/005,COph100,xfeat_h,ok,True,False,False,28.576987863787053,-1.45601645037951,0.0033947583355449324,0.0
46b099cb84c2874b,COph100/005/005_F_GA41_BW3400_PA45_DG11_PF0_D1_S01_8__005_F_GA41_BW3400_PA52_DG11_PF0_D1_S03_2,COph100/patient/005,COph100,xfeat_tps,ok,True,False,False,,3.0,8.090483161538513,0.0
8891fc34892fce91,COph100/005/005_F_GA41_BW3400_PA48_DG11_PF0_D1_S02_9__005_F_GA41_BW3400_PA52_DG11_PF0_D1_S03_2,COph100/patient/005,COph100,sift_h,ok,True,True,False,0.0,3.0,1250363116.0611591,0.0703125
8a3e0cb62b2c5fd1,COph100/005/005_F_GA41_BW3400_PA48_DG11_PF0_D1_S02_9__005_F_GA41_BW3400_PA52_DG11_PF0_D1_S03_2,COph100/patient/005,COph100,sp_lg_h,ok,True,False,False,13.203513560686076,-1.1206895158247905,0.015119306809969844,0.0
1b9ba2649343a9ef,COph100/005/005_F_GA41_BW3400_PA48_DG11_PF0_D1_S02_9__005_F_GA41_BW3400_PA52_DG11_PF0_D1_S03_2,COph100/patient/005,COph100,xfeat_h,ok,False,False,False,48.44986003563693,-1.6852925267771175,0.0011715506053273407,0.0
06ca3115dde4d770,COph100/005/005_F_GA41_BW3400_PA48_DG11_PF0_D1_S02_9__005_F_GA41_BW3400_PA52_DG11_PF0_D1_S03_2,COph100/patient/005,COph100,xfeat_tps,ok,True,False,False,,3.0,7.773709590335944,0.0
09eb771419d695a2,COph100/007/007_F_GA31_BW950_PA33_DG11_PF0_D1_S01_1__007_F_GA31_BW950_PA35_DG11_PF0_D1_S02_6,COph100/patient/007,COph100,sift_h,ok,True,False,False,6.892234236101975,-0.8383600287466672,0.056733539968609324,0.0
6861d0b19385ee2a,COph100/007/007_F_GA31_BW950_PA33_DG11_PF0_D1_S01_1__007_F_GA31_BW950_PA35_DG11_PF0_D1_S02_6,COph100/patient/007,COph100,sp_lg_h,ok,True,False,False,14.466316906277326,-1.160357974734553,0.012815574479449268,0.0
5dd0f4949ed950da,COph100/007/007_F_GA31_BW950_PA33_DG11_PF0_D1_S01_1__007_F_GA31_BW950_PA35_DG11_PF0_D1_S02_6,COph100/patient/007,COph100,xfeat_h,ok,False,False,False,8.734734047686286,-0.9412496862644958,0.033900811925766286,0.0
dd73ef62aa8de426,COph100/007/007_F_GA31_BW950_PA33_DG11_PF0_D1_S01_1__007_F_GA31_BW950_PA35_DG11_PF0_D1_S02_6,COph100/patient/007,COph100,xfeat_tps,ok,False,False,False,,3.0,6.990657742315337,0.0
712e19196fb66eee,COph100/007/007_F_GA31_BW950_PA33_DG11_PF0_D1_S01_1__007_F_GA31_BW950_PA37_DG11_PF0_D1_S03_5,COph100/patient/007,COph100,sift_h,ok,True,False,False,64.8414358435669,-1.8118526232652141,0.0006866908700537311,0.0
8450b8aef384ca97,COph100/007/007_F_GA31_BW950_PA33_DG11_PF0_D1_S01_1__007_F_GA31_BW950_PA37_DG11_PF0_D1_S03_5,COph100/patient/007,COph100,sp_lg_h,ok,True,False,False,5.430199207931545,-0.7348157620600244,0.08300418900745332,0.0
29f8ecaa2851dc3a,COph100/007/007_F_GA31_BW950_PA33_DG11_PF0_D1_S01_1__007_F_GA31_BW950_PA37_DG11_PF0_D1_S03_5,COph100/patient/007,COph100,xfeat_h,ok,True,False,False,1.6723307996406305,-0.22332218832348077,0.6374481145976066,0.0
7854cea96d164ba9,COph100/007/007_F_GA31_BW950_PA33_DG11_PF0_D1_S01_1__007_F_GA31_BW950_PA37_DG11_PF0_D1_S03_5,COph100/patient/007,COph100,xfeat_tps,ok,True,False,False,,3.0,5.137283613077598,0.0
51d2a1653847f8fa,COph100/007/007_F_GA31_BW950_PA35_DG11_PF0_D1_S02_6__007_F_GA31_BW950_PA37_DG11_PF0_D1_S03_5,COph100/patient/007,COph100,sift_h,ok,True,False,False,2.790825977220191,-0.4457327567719471,0.34661879828993647,0.0
94fb53082ecfa718,COph100/007/007_F_GA31_BW950_PA35_DG11_PF0_D1_S02_6__007_F_GA31_BW950_PA37_DG11_PF0_D1_S03_5,COph100/patient/007,COph100,sp_lg_h,ok,False,False,False,14.88530576835343,-1.1727577601883015,0.012258813026266802,0.0
cf17e111b9acbfde,COph100/007/007_F_GA31_BW950_PA35_DG11_PF0_D1_S02_6__007_F_GA31_BW950_PA37_DG11_PF0_D1_S03_5,COph100/patient/007,COph100,xfeat_h,ok,True,False,False,6.144899126144644,-0.7885147579599295,0.06751914520252467,0.0
98ec56938a8b16d2,COph100/007/007_F_GA31_BW950_PA35_DG11_PF0_D1_S02_6__007_F_GA31_BW950_PA37_DG11_PF0_D1_S03_5,COph100/patient/007,COph100,xfeat_tps,ok,False,False,False,,3.0,7.7142741458230315,0.0
af15cf64ab5de7a6,COph100/008-1/008_F_GA39_BW2700_PA40_DG11_PF0_D1_S01_10__008_F_GA39_BW2700_PA41_DG11_PF0_D1_S02_17,COph100/patient/008,COph100,sift_h,ok,True,True,False,0.0,3.0,2965.0697679282407,0.9794921875
0100c50c62ce4b5e,COph100/008-1/008_F_GA39_BW2700_PA40_DG11_PF0_D1_S01_10__008_F_GA39_BW2700_PA41_DG11_PF0_D1_S02_17,COph100/patient/008,COph100,sp_lg_h,ok,False,False,False,34.09120376891151,-1.5326423365461608,0.0023914758105362194,0.0
d392b9c2dc56edc9,COph100/008-1/008_F_GA39_BW2700_PA40_DG11_PF0_D1_S01_10__008_F_GA39_BW2700_PA41_DG11_PF0_D1_S02_17,COph100/patient/008,COph100,xfeat_h,ok,False,False,False,10.508338718380834,-1.0215340630817595,0.023994343914443772,0.0
4aec84e7b5f0dfab,COph100/008-1/008_F_GA39_BW2700_PA40_DG11_PF0_D1_S01_10__008_F_GA39_BW2700_PA41_DG11_PF0_D1_S02_17,COph100/patient/008,COph100,xfeat_tps,ok,False,False,False,,3.0,8.741899006821896,0.0
d6170deb986733fd,COph100/008-1/008_F_GA39_BW2700_PA40_DG11_PF0_D1_S01_10__008_F_GA39_BW2700_PA43_DG11_PF0_D1_S03_8,COph100/patient/008,COph100,sift_h,ok,True,True,True,0.0,3.0,45373010.657914005,0.900390625
02e7f9cd1531bae4,COph100/008-1/008_F_GA39_BW2700_PA40_DG11_PF0_D1_S01_10__008_F_GA39_BW2700_PA43_DG11_PF0_D1_S03_8,COph100/patient/008,COph100,sp_lg_h,ok,True,False,False,2.656435788112965,-0.4242993225212115,0.22008027020889562,0.0
a9bb8e3c1033e494,COph100/008-1/008_F_GA39_BW2700_PA40_DG11_PF0_D1_S01_10__008_F_GA39_BW2700_PA43_DG11_PF0_D1_S03_8,COph100/patient/008,COph100,xfeat_h,ok,True,False,False,2.500910909140698,-0.39809822097570907,0.42001480110463985,0.0
c5bbb88c2da60ed6,COph100/008-1/008_F_GA39_BW2700_PA40_DG11_PF0_D1_S01_10__008_F_GA39_BW2700_PA43_DG11_PF0_D1_S03_8,COph100/patient/008,COph100,xfeat_tps,ok,False,False,False,,3.0,4.047533594491533,0.0
ea63169839a5659f,COph100/008-1/008_F_GA39_BW2700_PA40_DG11_PF0_D1_S01_10__008_F_GA39_BW2700_PA47_DG11_PF0_D1_S04_2,COph100/patient/008,COph100,sift_h,ok,True,True,True,0.0,3.0,523956726.40919733,0.7568359375
b7ee2cdbff430f78,COph100/008-1/008_F_GA39_BW2700_PA40_DG11_PF0_D1_S01_10__008_F_GA39_BW2700_PA47_DG11_PF0_D1_S04_2,COph100/patient/008,COph100,sp_lg_h,ok,False,False,False,7.469309453130374,-0.8732804526108953,0.04465010647386545,0.0
8b27f28f22fe7ba3,COph100/008-1/008_F_GA39_BW2700_PA40_DG11_PF0_D1_S01_10__008_F_GA39_BW2700_PA47_DG11_PF0_D1_S04_2,COph100/patient/008,COph100,xfeat_h,ok,True,False,False,3.548488816572452,-0.5500434408433258,0.18547090382388948,0.0
ad909d02cfc11f85,COph100/008-1/008_F_GA39_BW2700_PA40_DG11_PF0_D1_S01_10__008_F_GA39_BW2700_PA47_DG11_PF0_D1_S04_2,COph100/patient/008,COph100,xfeat_tps,ok,False,False,False,,3.0,6.355561744673596,0.0
1919023ce03c7403,COph100/008-1/008_F_GA39_BW2700_PA41_DG11_PF0_D1_S02_17__008_F_GA39_BW2700_PA43_DG11_PF0_D1_S03_8,COph100/patient/008,COph100,sift_h,invalid_transform,True,False,False,,3.0,,
f25865706953abbd,COph100/008-1/008_F_GA39_BW2700_PA41_DG11_PF0_D1_S02_17__008_F_GA39_BW2700_PA43_DG11_PF0_D1_S03_8,COph100/patient/008,COph100,sp_lg_h,ok,True,False,False,8.460741069640248,-0.9274084042163392,0.03177247034040298,0.0
b2b13cfec5f81a2b,COph100/008-1/008_F_GA39_BW2700_PA41_DG11_PF0_D1_S02_17__008_F_GA39_BW2700_PA43_DG11_PF0_D1_S03_8,COph100/patient/008,COph100,xfeat_h,ok,True,False,False,3.201010893274119,-0.5052871520825234,0.275761600225728,0.0
757fb5c60a23827f,COph100/008-1/008_F_GA39_BW2700_PA41_DG11_PF0_D1_S02_17__008_F_GA39_BW2700_PA43_DG11_PF0_D1_S03_8,COph100/patient/008,COph100,xfeat_tps,ok,True,False,False,,3.0,3.569201438973396,0.0
de8a3bb403c8fbcd,COph100/008-1/008_F_GA39_BW2700_PA41_DG11_PF0_D1_S02_17__008_F_GA39_BW2700_PA47_DG11_PF0_D1_S04_2,COph100/patient/008,COph100,sift_h,ok,True,True,False,0.0,3.0,1355145.2100942938,0.0
3a8dc3833e474f67,COph100/008-1/008_F_GA39_BW2700_PA41_DG11_PF0_D1_S02_17__008_F_GA39_BW2700_PA47_DG11_PF0_D1_S04_2,COph100/patient/008,COph100,sp_lg_h,ok,False,False,False,24.050250870043353,-1.3811196108931045,0.004320949778832542,0.0
1540f55f8f923502,COph100/008-1/008_F_GA39_BW2700_PA41_DG11_PF0_D1_S02_17__008_F_GA39_BW2700_PA47_DG11_PF0_D1_S04_2,COph100/patient/008,COph100,xfeat_h,ok,True,False,False,1.9169043034563562,-0.28260043237820615,0.6687782649966829,0.0
0f69f167027d5be2,COph100/008-1/008_F_GA39_BW2700_PA41_DG11_PF0_D1_S02_17__008_F_GA39_BW2700_PA47_DG11_PF0_D1_S04_2,COph100/patient/008,COph100,xfeat_tps,ok,False,False,False,,3.0,10.131028394094795,0.0
405e70508489c616,COph100/008-1/008_F_GA39_BW2700_PA43_DG11_PF0_D1_S03_8__008_F_GA39_BW2700_PA47_DG11_PF0_D1_S04_2,COph100/patient/008,COph100,sift_h,ok,True,False,False,4.99010235004019,-0.6981094533592266,0.09957188645455031,0.0
7823dd0e65f1da9b,COph100/008-1/008_F_GA39_BW2700_PA43_DG11_PF0_D1_S03_8__008_F_GA39_BW2700_PA47_DG11_PF0_D1_S04_2,COph100/patient/008,COph100,sp_lg_h,ok,True,False,False,0.7450023702739157,0.12784234551312376,6.870634904269586,0.0
238f476cc28d4e14,COph100/008-1/008_F_GA39_BW2700_PA43_DG11_PF0_D1_S03_8__008_F_GA39_BW2700_PA47_DG11_PF0_D1_S04_2,COph100/patient/008,COph100,xfeat_h,ok,True,False,False,1.5275023784255168,-0.18398189514128474,1.076510880078493,0.0
43630ee52bda3eb7,COph100/008-1/008_F_GA39_BW2700_PA43_DG11_PF0_D1_S03_8__008_F_GA39_BW2700_PA47_DG11_PF0_D1_S04_2,COph100/patient/008,COph100,xfeat_tps,ok,False,False,False,,3.0,3.4195159026181017,0.0
d572fc77b918217e,COph100/008/008_F_GA39_BW2700_PA40_DG11_PF0_D1_S01_6__008_F_GA39_BW2700_PA41_DG11_PF0_D1_S02_28,COph100/patient/008,COph100,sift_h,ok,True,False,False,7.763976235587864,-0.890084197405551,0.03968038481150057,0.0
80014d25261e3d63,COph100/008/008_F_GA39_BW2700_PA40_DG11_PF0_D1_S01_6__008_F_GA39_BW2700_PA41_DG11_PF0_D1_S02_28,COph100/patient/008,COph100,sp_lg_h,ok,False,False,False,16.2769332888279,-1.2115725835262678,0.00933920368581479,0.0
b16749ebf60f7cdf,COph100/008/008_F_GA39_BW2700_PA40_DG11_PF0_D1_S01_6__008_F_GA39_BW2700_PA41_DG11_PF0_D1_S02_28,COph100/patient/008,COph100,xfeat_h,ok,False,False,False,34.66777243866354,-1.5399259371661649,0.002165580743131121,0.0
1ddeffdb121e7afa,COph100/008/008_F_GA39_BW2700_PA40_DG11_PF0_D1_S01_6__008_F_GA39_BW2700_PA41_DG11_PF0_D1_S02_28,COph100/patient/008,COph100,xfeat_tps,ok,False,False,False,,3.0,12.013116089404509,0.0
d80cdc01d8bb24a2,COph100/008/008_F_GA39_BW2700_PA40_DG11_PF0_D1_S01_6__008_F_GA39_BW2700_PA43_DG11_PF0_D1_S03_14,COph100/patient/008,COph100,sift_h,invalid_transform,True,False,False,,3.0,,
427004123fa0e25a,COph100/008/008_F_GA39_BW2700_PA40_DG11_PF0_D1_S01_6__008_F_GA39_BW2700_PA43_DG11_PF0_D1_S03_14,COph100/patient/008,COph100,sp_lg_h,ok,False,False,False,34.3777318864823,-1.5362772201788808,0.0020834403734265004,0.0
bfae1b5f236a6663,COph100/008/008_F_GA39_BW2700_PA40_DG11_PF0_D1_S01_6__008_F_GA39_BW2700_PA43_DG11_PF0_D1_S03_14,COph100/patient/008,COph100,xfeat_h,ok,False,False,False,6.996214651408894,-0.8448631256340154,0.04371133785964905,0.0
5b62649afa1e8028,COph100/008/008_F_GA39_BW2700_PA40_DG11_PF0_D1_S01_6__008_F_GA39_BW2700_PA43_DG11_PF0_D1_S03_14,COph100/patient/008,COph100,xfeat_tps,ok,False,False,False,,3.0,11.653481833988907,0.0
89d7dd949b6e5626,COph100/008/008_F_GA39_BW2700_PA40_DG11_PF0_D1_S01_6__008_F_GA39_BW2700_PA47_DG11_PF0_D1_S04_8,COph100/patient/008,COph100,sift_h,invalid_transform,True,False,False,,3.0,,
faa2153b022e2117,COph100/008/008_F_GA39_BW2700_PA40_DG11_PF0_D1_S01_6__008_F_GA39_BW2700_PA47_DG11_PF0_D1_S04_8,COph100/patient/008,COph100,sp_lg_h,ok,True,False,False,2.5905687974109917,-0.4133951302804347,0.2278575686484377,0.0
ff9474f5963f3e0d,COph100/008/008_F_GA39_BW2700_PA40_DG11_PF0_D1_S01_6__008_F_GA39_BW2700_PA47_DG11_PF0_D1_S04_8,COph100/patient/008,COph100,xfeat_h,ok,True,False,False,3.9668547672810806,-0.5984463005691798,0.14030053294823752,0.0
062ebc83b92f5d52,COph100/008/008_F_GA39_BW2700_PA40_DG11_PF0_D1_S01_6__008_F_GA39_BW2700_PA47_DG11_PF0_D1_S04_8,COph100/patient/008,COph100,xfeat_tps,ok,True,False,False,,3.0,5.801310574088715,0.0
b753c5b9c1f2474e,COph100/008/008_F_GA39_BW2700_PA41_DG11_PF0_D1_S02_28__008_F_GA39_BW2700_PA43_DG11_PF0_D1_S03_14,COph100/patient/008,COph100,sift_h,ok,True,True,False,0.0,3.0,9778739.836030712,0.0595703125
bfb4d2f2c306f2cc,COph100/008/008_F_GA39_BW2700_PA41_DG11_PF0_D1_S02_28__008_F_GA39_BW2700_PA43_DG11_PF0_D1_S03_14,COph100/patient/008,COph100,sp_lg_h,ok,False,False,False,76.17261019472477,-1.8817988377483421,0.0004883621100149488,0.0
4afb6446ed747439,COph100/008/008_F_GA39_BW2700_PA41_DG11_PF0_D1_S02_28__008_F_GA39_BW2700_PA43_DG11_PF0_D1_S03_14,COph100/patient/008,COph100,xfeat_h,ok,False,False,False,13.242962274644416,-1.121985141873681,0.015623151640721743,0.0
f82f1dd08bfccdce,COph100/008/008_F_GA39_BW2700_PA41_DG11_PF0_D1_S02_28__008_F_GA39_BW2700_PA43_DG11_PF0_D1_S03_14,COph100/patient/008,COph100,xfeat_tps,ok,False,False,False,,3.0,10.214230546843964,0.0
cdc44a40147f2962,COph100/008/008_F_GA39_BW2700_PA41_DG11_PF0_D1_S02_28__008_F_GA39_BW2700_PA47_DG11_PF0_D1_S04_8,COph100/patient/008,COph100,sift_h,ok,True,True,True,0.0,3.0,21362916.1427612,0.4150390625
3bcea9ccde8044b6,COph100/008/008_F_GA39_BW2700_PA41_DG11_PF0_D1_S02_28__008_F_GA39_BW2700_PA47_DG11_PF0_D1_S04_8,COph100/patient/008,COph100,sp_lg_h,ok,False,False,False,7.8988912482095435,-0.8975661345083963,0.035261135653319176,0.0
659ab6c25952cb2a,COph100/008/008_F_GA39_BW2700_PA41_DG11_PF0_D1_S02_28__008_F_GA39_BW2700_PA47_DG11_PF0_D1_S04_8,COph100/patient/008,COph100,xfeat_h,ok,False,False,False,6.646548117141934,-0.8225961531380847,0.04734764848605395,0.0
39a055b13f983927,COph100/008/008_F_GA39_BW2700_PA41_DG11_PF0_D1_S02_28__008_F_GA39_BW2700_PA47_DG11_PF0_D1_S04_8,COph100/patient/008,COph100,xfeat_tps,ok,False,False,False,,3.0,11.33676734816024,0.0
b406577e094a92f3,COph100/008/008_F_GA39_BW2700_PA43_DG11_PF0_D1_S03_14__008_F_GA39_BW2700_PA47_DG11_PF0_D1_S04_8,COph100/patient/008,COph100,sift_h,ok,True,True,False,0.0,3.0,5137312.180416885,0.0966796875
87745d6255eb3d56,COph100/008/008_F_GA39_BW2700_PA43_DG11_PF0_D1_S03_14__008_F_GA39_BW2700_PA47_DG11_PF0_D1_S04_8,COph100/patient/008,COph100,sp_lg_h,ok,False,False,False,10.530246230053136,-1.0224385264659321,0.022931265612545403,0.0
43c9fe72a488e18d,COph100/008/008_F_GA39_BW2700_PA43_DG11_PF0_D1_S03_14__008_F_GA39_BW2700_PA47_DG11_PF0_D1_S04_8,COph100/patient/008,COph100,xfeat_h,ok,False,False,False,3.8545829317003792,-0.5859773939926921,0.1287188136593903,0.0
496416208138ef55,COph100/008/008_F_GA39_BW2700_PA43_DG11_PF0_D1_S03_14__008_F_GA39_BW2700_PA47_DG11_PF0_D1_S04_8,COph100/patient/008,COph100,xfeat_tps,ok,False,False,False,,3.0,9.626170201344305,0.0
906cf67b973818fe,COph100/009-1/009_M_GA38_BW2850_PA39_DG11_PF0_D1_S01_4__009_M_GA38_BW2850_PA42_DG11_PF0_D1_S02_1,COph100/patient/009,COph100,sift_h,ok,True,True,True,0.0,3.0,25704120.388580114,0.341796875
ef2751e8e57aa35e,COph100/009-1/009_M_GA38_BW2850_PA39_DG11_PF0_D1_S01_4__009_M_GA38_BW2850_PA42_DG11_PF0_D1_S02_1,COph100/patient/009,COph100,sp_lg_h,ok,True,False,False,10.563173296539341,-1.0237944047650813,0.0234579428745227,0.0
b976c4dfb6c55cd3,COph100/009-1/009_M_GA38_BW2850_PA39_DG11_PF0_D1_S01_4__009_M_GA38_BW2850_PA42_DG11_PF0_D1_S02_1,COph100/patient/009,COph100,xfeat_h,ok,True,False,False,7.346517479674988,-0.8660815162570294,0.047648798317508914,0.0
eddef5580941843b,COph100/009-1/009_M_GA38_BW2850_PA39_DG11_PF0_D1_S01_4__009_M_GA38_BW2850_PA42_DG11_PF0_D1_S02_1,COph100/patient/009,COph100,xfeat_tps,ok,True,False,False,,3.0,8.78027448655506,0.0
1c02e6df58b8973c,COph100/009/009_M_GA38_BW2850_PA39_DG11_PF0_D1_S01_7__009_M_GA38_BW2850_PA42_DG11_PF0_D1_S02_2,COph100/patient/009,COph100,sift_h,invalid_transform,True,False,False,,3.0,,
700371e1de67e334,COph100/009/009_M_GA38_BW2850_PA39_DG11_PF0_D1_S01_7__009_M_GA38_BW2850_PA42_DG11_PF0_D1_S02_2,COph100/patient/009,COph100,sp_lg_h,ok,False,False,False,74.17897789928058,-1.870280844956995,0.00046942543876255785,0.0
a4e9ee14d78da81b,COph100/009/009_M_GA38_BW2850_PA39_DG11_PF0_D1_S01_7__009_M_GA38_BW2850_PA42_DG11_PF0_D1_S02_2,COph100/patient/009,COph100,xfeat_h,ok,False,False,False,63.26482172747032,-1.8011622885887555,0.0006379252054773008,0.0
ab6e1ce012928eae,COph100/009/009_M_GA38_BW2850_PA39_DG11_PF0_D1_S01_7__009_M_GA38_BW2850_PA42_DG11_PF0_D1_S02_2,COph100/patient/009,COph100,xfeat_tps,ok,True,False,False,,3.0,10.691747923217948,0.0
d9824507715549e5,COph100/010/010_M_GA39_BW3550_PA39_DG11_PF0_D1_S01_2__010_M_GA39_BW3550_PA45_DG11_PF0_D1_S02_6,COph100/patient/010,COph100,sift_h,ok,True,True,True,0.0,3.0,1972694505.390258,0.7607421875
0f251146c0826970,COph100/010/010_M_GA39_BW3550_PA39_DG11_PF0_D1_S01_2__010_M_GA39_BW3550_PA45_DG11_PF0_D1_S02_6,COph100/patient/010,COph100,sp_lg_h,ok,True,False,False,1.6744981198131534,-0.2238846642346609,0.5480964347463924,0.0
cf7d6f73391165ea,COph100/010/010_M_GA39_BW3550_PA39_DG11_PF0_D1_S01_2__010_M_GA39_BW3550_PA45_DG11_PF0_D1_S02_6,COph100/patient/010,COph100,xfeat_h,ok,True,False,False,5.336731331747008,-0.7272753395701717,0.07570481991930811,0.0
0b3f83f8aa90d6b8,COph100/010/010_M_GA39_BW3550_PA39_DG11_PF0_D1_S01_2__010_M_GA39_BW3550_PA45_DG11_PF0_D1_S02_6,COph100/patient/010,COph100,xfeat_tps,ok,True,False,False,,3.0,7.356505423183917,0.0
8ba58f3bd0a35ed7,COph100/010/010_M_GA39_BW3550_PA39_DG11_PF0_D1_S01_2__010_M_GA39_BW3550_PA50_DG11_PF0_D1_S03_3,COph100/patient/010,COph100,sift_h,ok,True,True,True,0.0,3.0,76330.51087756945,0.8955078125
7ef4425a67b8409b,COph100/010/010_M_GA39_BW3550_PA39_DG11_PF0_D1_S01_2__010_M_GA39_BW3550_PA50_DG11_PF0_D1_S03_3,COph100/patient/010,COph100,sp_lg_h,ok,True,False,False,0.03100472622084264,1.5085720992243765,11710.516661217052,0.0
3b33044a00dd0745,COph100/010/010_M_GA39_BW3550_PA39_DG11_PF0_D1_S01_2__010_M_GA39_BW3550_PA50_DG11_PF0_D1_S03_3,COph100/patient/010,COph100,xfeat_h,ok,True,False,False,0.5924063003633101,0.22738033131479027,5.419484692087181,0.0
b0d96dd7a6f513de,COph100/010/010_M_GA39_BW3550_PA39_DG11_PF0_D1_S01_2__010_M_GA39_BW3550_PA50_DG11_PF0_D1_S03_3,COph100/patient/010,COph100,xfeat_tps,ok,True,False,False,,3.0,5.317713340193108,0.0
9bba2e7efd3af6c6,COph100/010/010_M_GA39_BW3550_PA39_DG11_PF0_D1_S01_2__010_M_GA39_BW3550_PA53_DG11_PF0_D1_S04_7,COph100/patient/010,COph100,sift_h,ok,True,True,True,0.0,3.0,270132247.9744861,0.7734375
1480f8697b390969,COph100/010/010_M_GA39_BW3550_PA39_DG11_PF0_D1_S01_2__010_M_GA39_BW3550_PA53_DG11_PF0_D1_S04_7,COph100/patient/010,COph100,sp_lg_h,ok,True,False,False,2.363029143434523,-0.3734690778552839,0.24872613488483053,0.0
06336669fc2cbb48,COph100/010/010_M_GA39_BW3550_PA39_DG11_PF0_D1_S01_2__010_M_GA39_BW3550_PA53_DG11_PF0_D1_S04_7,COph100/patient/010,COph100,xfeat_h,ok,True,False,False,1.2802775922660485,-0.10730414442813475,1.2713443753974363,0.0
f53f42cf6f7b64f3,COph100/010/010_M_GA39_BW3550_PA39_DG11_PF0_D1_S01_2__010_M_GA39_BW3550_PA53_DG11_PF0_D1_S04_7,COph100/patient/010,COph100,xfeat_tps,ok,True,False,False,,3.0,7.571201637249076,0.0
af4fd22fba04f3d7,COph100/010/010_M_GA39_BW3550_PA39_DG11_PF0_D1_S01_2__010_M_GA39_BW3550_PA60_DG11_PF0_D1_S05_3,COph100/patient/010,COph100,sift_h,ok,True,True,False,0.0,3.0,3228.824464734698,0.98828125
8f703cb5253b179e,COph100/010/010_M_GA39_BW3550_PA39_DG11_PF0_D1_S01_2__010_M_GA39_BW3550_PA60_DG11_PF0_D1_S05_3,COph100/patient/010,COph100,sp_lg_h,ok,True,False,False,1.3663256376746085,-0.1355542174942306,0.6931674892357194,0.0
bfb344badca19656,COph100/010/010_M_GA39_BW3550_PA39_DG11_PF0_D1_S01_2__010_M_GA39_BW3550_PA60_DG11_PF0_D1_S05_3,COph100/patient/010,COph100,xfeat_h,ok,True,False,False,1.0253532144836988,-0.010873497271424415,1.500097390913054,0.0
e70e960bf224ae57,COph100/010/010_M_GA39_BW3550_PA39_DG11_PF0_D1_S01_2__010_M_GA39_BW3550_PA60_DG11_PF0_D1_S05_3,COph100/patient/010,COph100,xfeat_tps,ok,True,False,False,,3.0,6.290201334807599,0.0
2673d7071d871350,COph100/010/010_M_GA39_BW3550_PA45_DG11_PF0_D1_S02_6__010_M_GA39_BW3550_PA50_DG11_PF0_D1_S03_3,COph100/patient/010,COph100,sift_h,invalid_transform,True,False,False,,3.0,,
e8a81d96e0f69117,COph100/010/010_M_GA39_BW3550_PA45_DG11_PF0_D1_S02_6__010_M_GA39_BW3550_PA50_DG11_PF0_D1_S03_3,COph100/patient/010,COph100,sp_lg_h,ok,True,False,False,19.93748692141271,-1.2996704155129728,0.006306739690396295,0.0
6aa684880cb0c176,COph100/010/010_M_GA39_BW3550_PA45_DG11_PF0_D1_S02_6__010_M_GA39_BW3550_PA50_DG11_PF0_D1_S03_3,COph100/patient/010,COph100,xfeat_h,ok,True,False,False,1.4843176118144668,-0.17152684049798553,1.0093381406124258,0.0
3cef292b69e17efd,COph100/010/010_M_GA39_BW3550_PA45_DG11_PF0_D1_S02_6__010_M_GA39_BW3550_PA50_DG11_PF0_D1_S03_3,COph100/patient/010,COph100,xfeat_tps,ok,False,False,False,,3.0,4.094480598433135,0.0
94037c6d2e604476,COph100/010/010_M_GA39_BW3550_PA45_DG11_PF0_D1_S02_6__010_M_GA39_BW3550_PA53_DG11_PF0_D1_S04_7,COph100/patient/010,COph100,sift_h,ok,True,False,False,0.13691842460800574,0.8635381065250023,4.037940193639257,1.0
6f0344273ab80079,COph100/010/010_M_GA39_BW3550_PA45_DG11_PF0_D1_S02_6__010_M_GA39_BW3550_PA53_DG11_PF0_D1_S04_7,COph100/patient/010,COph100,sp_lg_h,ok,False,False,False,9.53415510755574,-0.9792822130208124,0.026659738354231084,0.0
a1fa12d16fe795e0,COph100/010/010_M_GA39_BW3550_PA45_DG11_PF0_D1_S02_6__010_M_GA39_BW3550_PA53_DG11_PF0_D1_S04_7,COph100/patient/010,COph100,xfeat_h,ok,False,False,False,19.79931005783616,-1.2966500567617716,0.006379559593521304,0.0
dab63cdee221cfdb,COph100/010/010_M_GA39_BW3550_PA45_DG11_PF0_D1_S02_6__010_M_GA39_BW3550_PA53_DG11_PF0_D1_S04_7,COph100/patient/010,COph100,xfeat_tps,ok,False,False,False,,3.0,11.560736767759295,0.0
17b712435ba7352b,COph100/010/010_M_GA39_BW3550_PA45_DG11_PF0_D1_S02_6__010_M_GA39_BW3550_PA60_DG11_PF0_D1_S05_3,COph100/patient/010,COph100,sift_h,invalid_transform,True,False,False,,3.0,,
92ea04ef575e3b06,COph100/010/010_M_GA39_BW3550_PA45_DG11_PF0_D1_S02_6__010_M_GA39_BW3550_PA60_DG11_PF0_D1_S05_3,COph100/patient/010,COph100,sp_lg_h,ok,True,False,False,2.7916426190439503,-0.4458598199283856,0.2413974161000882,0.0
0bbbae40d740dfd4,COph100/010/010_M_GA39_BW3550_PA45_DG11_PF0_D1_S02_6__010_M_GA39_BW3550_PA60_DG11_PF0_D1_S05_3,COph100/patient/010,COph100,xfeat_h,ok,True,False,False,2.4691173223755665,-0.3925417263230893,0.32739563886777623,0.0
a767c3d3bbf68918,COph100/010/010_M_GA39_BW3550_PA45_DG11_PF0_D1_S02_6__010_M_GA39_BW3550_PA60_DG11_PF0_D1_S05_3,COph100/patient/010,COph100,xfeat_tps,ok,False,False,False,,3.0,6.035844969509677,0.0
fb1259e291bfb4a7,COph100/010/010_M_GA39_BW3550_PA50_DG11_PF0_D1_S03_3__010_M_GA39_BW3550_PA53_DG11_PF0_D1_S04_7,COph100/patient/010,COph100,sift_h,ok,True,True,True,0.0,3.0,2853825.022519239,0.5986328125
64736ec741616fea,COph100/010/010_M_GA39_BW3550_PA50_DG11_PF0_D1_S03_3__010_M_GA39_BW3550_PA53_DG11_PF0_D1_S04_7,COph100/patient/010,COph100,sp_lg_h,ok,False,False,False,30.93883323862048,-1.490503931613402,0.0028099267354585074,0.0
f62cb67c09abf33b,COph100/010/010_M_GA39_BW3550_PA50_DG11_PF0_D1_S03_3__010_M_GA39_BW3550_PA53_DG11_PF0_D1_S04_7,COph100/patient/010,COph100,xfeat_h,ok,True,False,False,5.069944677643209,-0.7050032204131457,0.08487478397666423,0.0
56267865cec48122,COph100/010/010_M_GA39_BW3550_PA50_DG11_PF0_D1_S03_3__010_M_GA39_BW3550_PA53_DG11_PF0_D1_S04_7,COph100/patient/010,COph100,xfeat_tps,ok,False,False,False,,3.0,4.346299951225419,0.0
c8aef9b1f8ddb868,COph100/010/010_M_GA39_BW3550_PA50_DG11_PF0_D1_S03_3__010_M_GA39_BW3550_PA60_DG11_PF0_D1_S05_3,COph100/patient/010,COph100,sift_h,ok,True,True,False,0.0,3.0,17058370.18829693,0.0380859375
3310eb9feb37baa9,COph100/010/010_M_GA39_BW3550_PA50_DG11_PF0_D1_S03_3__010_M_GA39_BW3550_PA60_DG11_PF0_D1_S05_3,COph100/patient/010,COph100,sp_lg_h,ok,True,False,False,3.4468706150283213,-0.5374249816284725,0.19847992794085273,0.0
ad2242592db4ceae,COph100/010/010_M_GA39_BW3550_PA50_DG11_PF0_D1_S03_3__010_M_GA39_BW3550_PA60_DG11_PF0_D1_S05_3,COph100/patient/010,COph100,xfeat_h,ok,True,False,False,0.8945412875189303,0.048399609788798745,2.999654028014208,0.0
1be9fd223ca67ea7,COph100/010/010_M_GA39_BW3550_PA50_DG11_PF0_D1_S03_3__010_M_GA39_BW3550_PA60_DG11_PF0_D1_S05_3,COph100/patient/010,COph100,xfeat_tps,ok,False,False,False,,3.0,2.886446145844818,0.0
dc1407cd89bc417c,COph100/010/010_M_GA39_BW3550_PA53_DG11_PF0_D1_S04_7__010_M_GA39_BW3550_PA60_DG11_PF0_D1_S05_3,COph100/patient/010,COph100,sift_h,ok,True,True,True,0.0,3.0,20.697925933240946,0.27734375
326a0eef546e789b,COph100/010/010_M_GA39_BW3550_PA53_DG11_PF0_D1_S04_7__010_M_GA39_BW3550_PA60_DG11_PF0_D1_S05_3,COph100/patient/010,COph100,sp_lg_h,ok,True,False,False,2.934093078880109,-0.46747388694517195,0.2732724016576856,0.0
c7234f0c4cd6a42a,COph100/010/010_M_GA39_BW3550_PA53_DG11_PF0_D1_S04_7__010_M_GA39_BW3550_PA60_DG11_PF0_D1_S05_3,COph100/patient/010,COph100,xfeat_h,ok,False,False,False,5.135646102813275,-0.7105950888748909,0.08785764053762204,0.0
8ce916c8d7a5e212,COph100/010/010_M_GA39_BW3550_PA53_DG11_PF0_D1_S04_7__010_M_GA39_BW3550_PA60_DG11_PF0_D1_S05_3,COph100/patient/010,COph100,xfeat_tps,ok,False,False,False,,3.0,5.097254221361835,0.0
6fc2500aa78a697b,COph100/011-1/011_M_GA40_BW3510_PA72_DG10_PF0_D1_S01_9__011_M_GA40_BW3510_PA113_DG10_PF0_D1_S03_12,COph100/patient/011,COph100,sift_h,ok,True,True,False,0.0,3.0,35177.813727399836,0.921875
e0f78ad675942e83,COph100/011-1/011_M_GA40_BW3510_PA72_DG10_PF0_D1_S01_9__011_M_GA40_BW3510_PA113_DG10_PF0_D1_S03_12,COph100/patient/011,COph100,sp_lg_h,ok,False,False,False,3.311717171163426,-0.5200532398737321,0.24489755600722532,0.0
76268f3a56ca872e,COph100/011-1/011_M_GA40_BW3510_PA72_DG10_PF0_D1_S01_9__011_M_GA40_BW3510_PA113_DG10_PF0_D1_S03_12,COph100/patient/011,COph100,xfeat_h,ok,True,False,False,4.747898026412037,-0.6765013827673612,0.11122644996022077,0.0
9968b3caad961edc,COph100/011-1/011_M_GA40_BW3510_PA72_DG10_PF0_D1_S01_9__011_M_GA40_BW3510_PA113_DG10_PF0_D1_S03_12,COph100/patient/011,COph100,xfeat_tps,ok,False,False,False,,3.0,3.513219347398243,0.0
3431233924bab717,COph100/011-1/011_M_GA40_BW3510_PA72_DG10_PF0_D1_S01_9__011_M_GA40_BW3510_PA89_DG10_PF0_D1_S02_3,COph100/patient/011,COph100,sift_h,ok,True,False,False,3.0070685066037957,-0.47814332224787254,0.2462354159023673,0.0
a40ea95a0804d276,COph100/011-1/011_M_GA40_BW3510_PA72_DG10_PF0_D1_S01_9__011_M_GA40_BW3510_PA89_DG10_PF0_D1_S02_3,COph100/patient/011,COph100,sp_lg_h,ok,False,False,False,7.942287832976119,-0.8999456220892464,0.043545455336205324,0.0
dcab660c26ac83fb,COph100/011-1/011_M_GA40_BW3510_PA72_DG10_PF0_D1_S01_9__011_M_GA40_BW3510_PA89_DG10_PF0_D1_S02_3,COph100/patient/011,COph100,xfeat_h,ok,True,False,False,0.1510099002821047,0.8209945792171544,325.00934027783336,0.0
b08fcada045d4fe6,COph100/011-1/011_M_GA40_BW3510_PA72_DG10_PF0_D1_S01_9__011_M_GA40_BW3510_PA89_DG10_PF0_D1_S02_3,COph100/patient/011,COph100,xfeat_tps,ok,True,False,False,,3.0,1.574444463804844,0.0
43967e55ca6c9551,COph100/011-1/011_M_GA40_BW3510_PA89_DG10_PF0_D1_S02_3__011_M_GA40_BW3510_PA113_DG10_PF0_D1_S03_12,COph100/patient/011,COph100,sift_h,ok,True,False,False,0.2538741873928365,0.5953814536860905,31.94930805655944,0.0
1d9f5258120662f9,COph100/011-1/011_M_GA40_BW3510_PA89_DG10_PF0_D1_S02_3__011_M_GA40_BW3510_PA113_DG10_PF0_D1_S03_12,COph100/patient/011,COph100,sp_lg_h,ok,False,False,False,3.0886603670923187,-0.4897701553694141,0.27323468490455993,0.0
3d3af9678d4d2e64,COph100/011-1/011_M_GA40_BW3510_PA89_DG10_PF0_D1_S02_3__011_M_GA40_BW3510_PA113_DG10_PF0_D1_S03_12,COph100/patient/011,COph100,xfeat_h,ok,True,False,False,2.4838220230026757,-0.395120473470314,0.42223321330820063,0.0
b6971dff3266a243,COph100/011-1/011_M_GA40_BW3510_PA89_DG10_PF0_D1_S02_3__011_M_GA40_BW3510_PA113_DG10_PF0_D1_S03_12,COph100/patient/011,COph100,xfeat_tps,ok,False,False,False,,3.0,4.386905594236873,0.0
17f852598213b731,COph100/011/011_M_GA40_BW3510_PA72_DG10_PF0_D1_S01_1__011_M_GA40_BW3510_PA113_DG10_PF0_D1_S03_2,COph100/patient/011,COph100,sift_h,ok,True,True,False,0.0,3.0,4.540086557836264,0.9658203125
af22fbea237ac856,COph100/011/011_M_GA40_BW3510_PA72_DG10_PF0_D1_S01_1__011_M_GA40_BW3510_PA113_DG10_PF0_D1_S03_2,COph100/patient/011,COph100,sp_lg_h,ok,True,False,False,1.8388738107078937,-0.2645519276102462,0.7503959105425888,0.0
31b79da57feeb50a,COph100/011/011_M_GA40_BW3510_PA72_DG10_PF0_D1_S01_1__011_M_GA40_BW3510_PA113_DG10_PF0_D1_S03_2,COph100/patient/011,COph100,xfeat_h,ok,True,False,False,2.149761795559258,-0.33239034056425343,0.4829014587099367,0.0
275bfa894f144ea3,COph100/011/011_M_GA40_BW3510_PA72_DG10_PF0_D1_S01_1__011_M_GA40_BW3510_PA113_DG10_PF0_D1_S03_2,COph100/patient/011,COph100,xfeat_tps,ok,False,False,False,,3.0,3.0266464224418157,0.0
a86181c3ab5202cd,COph100/011/011_M_GA40_BW3510_PA72_DG10_PF0_D1_S01_1__011_M_GA40_BW3510_PA89_DG10_PF0_D1_S02_14,COph100/patient/011,COph100,sift_h,ok,True,True,False,0.0,3.0,537.1381642767751,0.9609375
4064f95e3781b157,COph100/011/011_M_GA40_BW3510_PA72_DG10_PF0_D1_S01_1__011_M_GA40_BW3510_PA89_DG10_PF0_D1_S02_14,COph100/patient/011,COph100,sp_lg_h,ok,True,False,False,3.621398743770885,-0.5588763466024974,0.18462869745494215,0.0
d0530e865361a543,COph100/011/011_M_GA40_BW3510_PA72_DG10_PF0_D1_S01_1__011_M_GA40_BW3510_PA89_DG10_PF0_D1_S02_14,COph100/patient/011,COph100,xfeat_h,ok,True,False,False,0.42287817200368844,0.3737847315544641,16.27559565901869,0.0
1da211ab20cdfe31,COph100/011/011_M_GA40_BW3510_PA72_DG10_PF0_D1_S01_1__011_M_GA40_BW3510_PA89_DG10_PF0_D1_S02_14,COph100/patient/011,COph100,xfeat_tps,ok,True,False,False,,3.0,1.7045420365077804,0.0
e8e0df2565197a1e,COph100/011/011_M_GA40_BW3510_PA89_DG10_PF0_D1_S02_14__011_M_GA40_BW3510_PA113_DG10_PF0_D1_S03_2,COph100/patient/011,COph100,sift_h,invalid_transform,True,False,False,,3.0,,
0c000ca026f94145,COph100/011/011_M_GA40_BW3510_PA89_DG10_PF0_D1_S02_14__011_M_GA40_BW3510_PA113_DG10_PF0_D1_S03_2,COph100/patient/011,COph100,sp_lg_h,ok,True,False,False,4.9734606114864865,-0.6966586827921101,0.08847033387878558,0.0
d97e7d2eaea28599,COph100/011/011_M_GA40_BW3510_PA89_DG10_PF0_D1_S02_14__011_M_GA40_BW3510_PA113_DG10_PF0_D1_S03_2,COph100/patient/011,COph100,xfeat_h,ok,True,False,False,4.731218441917931,-0.6749730000311258,0.11241906730698688,0.0
2bbc90ee656d3db3,COph100/011/011_M_GA40_BW3510_PA89_DG10_PF0_D1_S02_14__011_M_GA40_BW3510_PA113_DG10_PF0_D1_S03_2,COph100/patient/011,COph100,xfeat_tps,ok,True,False,False,,3.0,5.966285061090725,0.0
9eda4a657fdc90b8,COph100/012-1/012_M_GA36_BW2210_PA37_DG11_PF0_D1_S01_4__012_M_GA36_BW2210_PA41_DG11_PF0_D1_S02_7,COph100/patient/012,COph100,sift_h,ok,True,True,True,0.0,3.0,21896418.314307652,0.3056640625
a716b96f1597c4d7,COph100/012-1/012_M_GA36_BW2210_PA37_DG11_PF0_D1_S01_4__012_M_GA36_BW2210_PA41_DG11_PF0_D1_S02_7,COph100/patient/012,COph100,sp_lg_h,ok,True,False,False,1.558696795012398,-0.19276164241161273,0.7687649711740088,0.0
f083e7b639ebae54,COph100/012-1/012_M_GA36_BW2210_PA37_DG11_PF0_D1_S01_4__012_M_GA36_BW2210_PA41_DG11_PF0_D1_S02_7,COph100/patient/012,COph100,xfeat_h,ok,True,False,False,1.956026653778609,-0.2913747684015336,0.5100902879374749,0.0
43b5b6b5839b140e,COph100/012-1/012_M_GA36_BW2210_PA37_DG11_PF0_D1_S01_4__012_M_GA36_BW2210_PA41_DG11_PF0_D1_S02_7,COph100/patient/012,COph100,xfeat_tps,ok,False,False,False,,3.0,7.301525495925867,0.0
5923793fea20b594,COph100/012/012_M_GA36_BW2210_PA37_DG11_PF0_D1_S01_1__012_M_GA36_BW2210_PA41_DG11_PF0_D1_S02_2,COph100/patient/012,COph100,sift_h,ok,True,False,False,7.323181696769008,-0.8646998096284839,0.09805230303417412,0.0
0ac2c481de20449f,COph100/012/012_M_GA36_BW2210_PA37_DG11_PF0_D1_S01_1__012_M_GA36_BW2210_PA41_DG11_PF0_D1_S02_2,COph100/patient/012,COph100,sp_lg_h,ok,False,False,False,43.935533717057744,-1.6428159064619916,0.0012697627774313235,0.0
39f75e88f1e7637d,COph100/012/012_M_GA36_BW2210_PA37_DG11_PF0_D1_S01_1__012_M_GA36_BW2210_PA41_DG11_PF0_D1_S02_2,COph100/patient/012,COph100,xfeat_h,ok,True,False,False,9.367192831613345,-0.9716094606425302,0.026120153856483756,0.0
29070e3f2e5b8e58,COph100/012/012_M_GA36_BW2210_PA37_DG11_PF0_D1_S01_1__012_M_GA36_BW2210_PA41_DG11_PF0_D1_S02_2,COph100/patient/012,COph100,xfeat_tps,ok,False,False,False,,3.0,11.66257252476552,0.0
382c1a81353af43a,COph100/013-1/013_F_GA39_BW3390_PA40_DG11_PF0_D1_S01_9__013_F_GA39_BW3390_PA42_DG11_PF0_D1_S02_6,COph100/patient/013,COph100,sift_h,ok,True,True,False,0.0,3.0,1445.2507358735504,0.9736328125
320b19d82e51363c,COph100/013-1/013_F_GA39_BW3390_PA40_DG11_PF0_D1_S01_9__013_F_GA39_BW3390_PA42_DG11_PF0_D1_S02_6,COph100/patient/013,COph100,sp_lg_h,ok,True,False,False,10.559262824779957,-1.023633599797663,0.023179513650829372,0.0
6ce2a681a021980e,COph100/013-1/013_F_GA39_BW3390_PA40_DG11_PF0_D1_S01_9__013_F_GA39_BW3390_PA42_DG11_PF0_D1_S02_6,COph100/patient/013,COph100,xfeat_h,ok,True,False,False,2.172779394099265,-0.3370156339187902,0.5824852203342612,0.0
e51ca7d985025248,COph100/013-1/013_F_GA39_BW3390_PA40_DG11_PF0_D1_S01_9__013_F_GA39_BW3390_PA42_DG11_PF0_D1_S02_6,COph100/patient/013,COph100,xfeat_tps,ok,True,False,False,,3.0,4.369218432761338,0.0
9fbd397d8dd1f5c7,COph100/013-1/013_F_GA39_BW3390_PA40_DG11_PF0_D1_S01_9__013_F_GA39_BW3390_PA45_DG11_PF0_D1_S03_19,COph100/patient/013,COph100,sift_h,invalid_transform,True,False,False,,3.0,,
431d314c703234d3,COph100/013-1/013_F_GA39_BW3390_PA40_DG11_PF0_D1_S01_9__013_F_GA39_BW3390_PA45_DG11_PF0_D1_S03_19,COph100/patient/013,COph100,sp_lg_h,ok,True,False,False,20.248663484521256,-1.3063963628369577,0.0068365444571112065,0.0
b356e3b617a5e7bf,COph100/013-1/013_F_GA39_BW3390_PA40_DG11_PF0_D1_S01_9__013_F_GA39_BW3390_PA45_DG11_PF0_D1_S03_19,COph100/patient/013,COph100,xfeat_h,ok,False,False,False,1.9411002008487401,-0.28804795452926496,0.6157232786303459,0.0
01ffc6d23edfc12a,COph100/013-1/013_F_GA39_BW3390_PA40_DG11_PF0_D1_S01_9__013_F_GA39_BW3390_PA45_DG11_PF0_D1_S03_19,COph100/patient/013,COph100,xfeat_tps,ok,True,False,False,,3.0,4.205683470725868,0.0
ae8f27b41a2c1758,COph100/013-1/013_F_GA39_BW3390_PA42_DG11_PF0_D1_S02_6__013_F_GA39_BW3390_PA45_DG11_PF0_D1_S03_19,COph100/patient/013,COph100,sift_h,invalid_transform,True,False,False,,3.0,,
cc0b109114b1c565,COph100/013-1/013_F_GA39_BW3390_PA42_DG11_PF0_D1_S02_6__013_F_GA39_BW3390_PA45_DG11_PF0_D1_S03_19,COph100/patient/013,COph100,sp_lg_h,ok,False,False,False,4.518678094590225,-0.6550114037957516,0.10956271318850357,0.0
291ecd7075033eb8,COph100/013-1/013_F_GA39_BW3390_PA42_DG11_PF0_D1_S02_6__013_F_GA39_BW3390_PA45_DG11_PF0_D1_S03_19,COph100/patient/013,COph100,xfeat_h,ok,False,False,False,7.808157309843395,-0.8925485544164129,0.041869028439917466,0.0
299f5c242054b2a8,COph100/013-1/013_F_GA39_BW3390_PA42_DG11_PF0_D1_S02_6__013_F_GA39_BW3390_PA45_DG11_PF0_D1_S03_19,COph100/patient/013,COph100,xfeat_tps,ok,False,False,False,,3.0,5.808795286932723,0.0
4eb84d46204a7a37,COph100/013/013_F_GA39_BW3390_PA40_DG11_PF0_D1_S01_4__013_F_GA39_BW3390_PA42_DG11_PF0_D1_S02_14,COph100/patient/013,COph100,sift_h,ok,True,True,False,0.0,3.0,315454396918.07574,0.0029296875
3360167c3322046c,COph100/013/013_F_GA39_BW3390_PA40_DG11_PF0_D1_S01_4__013_F_GA39_BW3390_PA42_DG11_PF0_D1_S02_14,COph100/patient/013,COph100,sp_lg_h,ok,False,False,False,59.16606245332527,-1.7720726676090293,0.0007842675571424165,0.0
9ac06ba8afe5c71e,COph100/013/013_F_GA39_BW3390_PA40_DG11_PF0_D1_S01_4__013_F_GA39_BW3390_PA42_DG11_PF0_D1_S02_14,COph100/patient/013,COph100,xfeat_h,ok,True,False,False,14.937191344800642,-1.1742689443250278,0.01231542389053875,0.0
7ef94cb556f8e920,COph100/013/013_F_GA39_BW3390_PA40_DG11_PF0_D1_S01_4__013_F_GA39_BW3390_PA42_DG11_PF0_D1_S02_14,COph100/patient/013,COph100,xfeat_tps,ok,False,False,False,,3.0,6.170760037924923,0.0
9ba142476897b2d0,COph100/013/013_F_GA39_BW3390_PA40_DG11_PF0_D1_S01_4__013_F_GA39_BW3390_PA45_DG11_PF0_D1_S03_11,COph100/patient/013,COph100,sift_h,invalid_transform,True,False,False,,3.0,,
461237c8651338d4,COph100/013/013_F_GA39_BW3390_PA40_DG11_PF0_D1_S01_4__013_F_GA39_BW3390_PA45_DG11_PF0_D1_S03_11,COph100/patient/013,COph100,sp_lg_h,ok,True,False,False,6.332258423662736,-0.8015586303976079,0.06438277252143446,0.0
31a45b7a5b10a19a,COph100/013/013_F_GA39_BW3390_PA40_DG11_PF0_D1_S01_4__013_F_GA39_BW3390_PA45_DG11_PF0_D1_S03_11,COph100/patient/013,COph100,xfeat_h,ok,False,False,False,6.396933046945532,-0.805971805228385,0.061296417705860695,0.0
820d5e9022796fa8,COph100/013/013_F_GA39_BW3390_PA40_DG11_PF0_D1_S01_4__013_F_GA39_BW3390_PA45_DG11_PF0_D1_S03_11,COph100/patient/013,COph100,xfeat_tps,ok,False,False,False,,3.0,7.3539844299183486,0.0
42cb6f847a602476,COph100/013/013_F_GA39_BW3390_PA42_DG11_PF0_D1_S02_14__013_F_GA39_BW3390_PA45_DG11_PF0_D1_S03_11,COph100/patient/013,COph100,sift_h,ok,True,True,True,0.0,3.0,45981.26485400435,0.84375
5cc2d8a9f3fd71c3,COph100/013/013_F_GA39_BW3390_PA42_DG11_PF0_D1_S02_14__013_F_GA39_BW3390_PA45_DG11_PF0_D1_S03_11,COph100/patient/013,COph100,sp_lg_h,ok,True,False,False,4.449495771297619,-0.6483107983628411,0.12278197939871757,0.0
b2b144ea18c9bbd9,COph100/013/013_F_GA39_BW3390_PA42_DG11_PF0_D1_S02_14__013_F_GA39_BW3390_PA45_DG11_PF0_D1_S03_11,COph100/patient/013,COph100,xfeat_h,ok,True,False,False,5.848286548727188,-0.7670286436150244,0.07398199514719926,0.0
2309cef4dbe2cc7b,COph100/013/013_F_GA39_BW3390_PA42_DG11_PF0_D1_S02_14__013_F_GA39_BW3390_PA45_DG11_PF0_D1_S03_11,COph100/patient/013,COph100,xfeat_tps,ok,False,False,False,,3.0,3.3491500456086367,0.0
25e5fb0d27749a8c,COph100/014-1/014_F_GA40_BW3700_PA41_DG11_PF0_D1_S01_3__014_F_GA40_BW3700_PA45_DG11_PF0_D1_S02_2,COph100/patient/014,COph100,sift_h,ok,True,True,True,0.0,3.0,5071025.42110679,0.4169921875
bba853a41ce857f8,COph100/014-1/014_F_GA40_BW3700_PA41_DG11_PF0_D1_S01_3__014_F_GA40_BW3700_PA45_DG11_PF0_D1_S02_2,COph100/patient/014,COph100,sp_lg_h,ok,False,False,False,29.775936929914717,-1.4738654358841186,0.003151167906670091,0.0
0eb20487fae28af8,COph100/014-1/014_F_GA40_BW3700_PA41_DG11_PF0_D1_S01_3__014_F_GA40_BW3700_PA45_DG11_PF0_D1_S02_2,COph100/patient/014,COph100,xfeat_h,ok,False,False,False,6.985407276862653,-0.8441917322737671,0.04827647002943488,0.0
dba06954c4fbfb01,COph100/014-1/014_F_GA40_BW3700_PA41_DG11_PF0_D1_S01_3__014_F_GA40_BW3700_PA45_DG11_PF0_D1_S02_2,COph100/patient/014,COph100,xfeat_tps,ok,False,False,False,,3.0,11.841841419356989,0.0
35ca24d91844e448,COph100/014/014_F_GA40_BW3700_PA41_DG11_PF0_D1_S01_6__014_F_GA40_BW3700_PA45_DG11_PF0_D1_S02_8,COph100/patient/014,COph100,sift_h,ok,True,True,False,0.0,3.0,551106.9495907523,0.041015625
23c98ca2ac02c2d6,COph100/014/014_F_GA40_BW3700_PA41_DG11_PF0_D1_S01_6__014_F_GA40_BW3700_PA45_DG11_PF0_D1_S02_8,COph100/patient/014,COph100,sp_lg_h,ok,True,False,False,6.108773601303878,-0.7859540299402576,0.06865522299491494,0.0
fb196b6915dfea35,COph100/014/014_F_GA40_BW3700_PA41_DG11_PF0_D1_S01_6__014_F_GA40_BW3700_PA45_DG11_PF0_D1_S02_8,COph100/patient/014,COph100,xfeat_h,ok,True,False,False,29.80322962372437,-1.4742633289005054,0.0031824080593735138,0.0
82b23199d7d77341,COph100/014/014_F_GA40_BW3700_PA41_DG11_PF0_D1_S01_6__014_F_GA40_BW3700_PA45_DG11_PF0_D1_S02_8,COph100/patient/014,COph100,xfeat_tps,ok,False,False,False,,3.0,10.2717395709757,0.0
42bcc03a28a55e5f,COph100/016/016_F_GA36_BW2960_PA36_DG11_PF0_D1_S01_4__016_F_GA36_BW2960_PA41_DG11_PF0_D1_S02_3,COph100/patient/016,COph100,sift_h,ok,True,True,False,0.0,3.0,2994.3386787033683,0.9716796875
14c802e4f2a8b954,COph100/016/016_F_GA36_BW2960_PA36_DG11_PF0_D1_S01_4__016_F_GA36_BW2960_PA41_DG11_PF0_D1_S02_3,COph100/patient/016,COph100,sp_lg_h,ok,True,False,False,9.668551010426919,-0.985361392870168,0.026178041993739562,0.0
00985ed9b0e41121,COph100/016/016_F_GA36_BW2960_PA36_DG11_PF0_D1_S01_4__016_F_GA36_BW2960_PA41_DG11_PF0_D1_S02_3,COph100/patient/016,COph100,xfeat_h,ok,True,False,False,4.503660795840356,-0.6535656731305218,0.11845967883843553,0.0
4a19cc5ad3015316,COph100/016/016_F_GA36_BW2960_PA36_DG11_PF0_D1_S01_4__016_F_GA36_BW2960_PA41_DG11_PF0_D1_S02_3,COph100/patient/016,COph100,xfeat_tps,ok,True,False,False,,3.0,11.151054142891951,0.0
6d2bb2a6792a0a5b,COph100/017-1/017_M_GA31_BW1660_PA33_DG11_PF0_D1_S01_6__017_M_GA31_BW1660_PA37_DG11_PF0_D1_S02_16,COph100/patient/017,COph100,sift_h,ok,True,True,False,0.0,3.0,1696.928845305975,0.017578125
233029ee5e34b708,COph100/017-1/017_M_GA31_BW1660_PA33_DG11_PF0_D1_S01_6__017_M_GA31_BW1660_PA37_DG11_PF0_D1_S02_16,COph100/patient/017,COph100,sp_lg_h,ok,True,False,False,3.113827036467703,-0.49329448517690855,0.19172277516849834,0.0
ee76805c96f88e9e,COph100/017-1/017_M_GA31_BW1660_PA33_DG11_PF0_D1_S01_6__017_M_GA31_BW1660_PA37_DG11_PF0_D1_S02_16,COph100/patient/017,COph100,xfeat_h,ok,True,False,False,7.867853154603534,-0.8958562456625871,0.042398157979015354,0.0
5bfd8ccb3b569e9a,COph100/017-1/017_M_GA31_BW1660_PA33_DG11_PF0_D1_S01_6__017_M_GA31_BW1660_PA37_DG11_PF0_D1_S02_16,COph100/patient/017,COph100,xfeat_tps,ok,True,False,False,,3.0,12.185929126233692,0.0
450e56b6ec2338e9,COph100/017/017_M_GA31_BW1660_PA33_DG11_PF0_D1_S01_10__017_M_GA31_BW1660_PA37_DG11_PF0_D1_S02_7,COph100/patient/017,COph100,sift_h,ok,True,False,False,1.9573834391596718,-0.2916759095616667,0.5566418772487047,0.0
27a68ca587eed37e,COph100/017/017_M_GA31_BW1660_PA33_DG11_PF0_D1_S01_10__017_M_GA31_BW1660_PA37_DG11_PF0_D1_S02_7,COph100/patient/017,COph100,sp_lg_h,ok,True,False,False,4.973309258869414,-0.6966454661182998,0.08925434519693823,0.0
33f5aaf759ed97ea,COph100/017/017_M_GA31_BW1660_PA33_DG11_PF0_D1_S01_10__017_M_GA31_BW1660_PA37_DG11_PF0_D1_S02_7,COph100/patient/017,COph100,xfeat_h,ok,True,False,False,7.461007135274331,-0.8727974553238415,0.04408097752554849,0.0
b7e3e5a52ce847da,COph100/017/017_M_GA31_BW1660_PA33_DG11_PF0_D1_S01_10__017_M_GA31_BW1660_PA37_DG11_PF0_D1_S02_7,COph100/patient/017,COph100,xfeat_tps,ok,True,False,False,,3.0,6.448316500823474,0.0
f803d33b7157a4c5,COph100/019/019_M_GA35_BW3050_PA38_DG11_PF0_D1_S01_2__019_M_GA35_BW3050_PA41_DG11_PF0_D1_S02_8,COph100/patient/019,COph100,sift_h,ok,True,False,False,0.7519783745455704,0.1237946487043304,4.303197082313455,0.0
15e1f673d2240887,COph100/019/019_M_GA35_BW3050_PA38_DG11_PF0_D1_S01_2__019_M_GA35_BW3050_PA41_DG11_PF0_D1_S02_8,COph100/patient/019,COph100,sp_lg_h,ok,True,False,False,4.546288117519677,-0.6576569553405383,0.10969835434606304,0.0
c8f81e562de806ac,COph100/019/019_M_GA35_BW3050_PA38_DG11_PF0_D1_S01_2__019_M_GA35_BW3050_PA41_DG11_PF0_D1_S02_8,COph100/patient/019,COph100,xfeat_h,ok,True,False,False,12.904806116256118,-1.1107514840234265,0.015344155727796363,0.0
ad5b2f799371fb69,COph100/019/019_M_GA35_BW3050_PA38_DG11_PF0_D1_S01_2__019_M_GA35_BW3050_PA41_DG11_PF0_D1_S02_8,COph100/patient/019,COph100,xfeat_tps,ok,True,False,False,,3.0,5.925577678269088,0.0
2ea209e03919ea4d,COph100/019/019_M_GA35_BW3050_PA38_DG11_PF0_D1_S01_2__019_M_GA35_BW3050_PA53_DG11_PF0_D1_S04_2,COph100/patient/019,COph100,sift_h,ok,True,True,False,0.0,3.0,150060.03255510968,0.0546875
44d4eaf62ae2d4e5,COph100/019/019_M_GA35_BW3050_PA38_DG11_PF0_D1_S01_2__019_M_GA35_BW3050_PA53_DG11_PF0_D1_S04_2,COph100/patient/019,COph100,sp_lg_h,ok,True,False,False,3.1074765773244395,-0.4924078638214589,0.21379491362378816,0.0
471368ff01ab00aa,COph100/019/019_M_GA35_BW3050_PA38_DG11_PF0_D1_S01_2__019_M_GA35_BW3050_PA53_DG11_PF0_D1_S04_2,COph100/patient/019,COph100,xfeat_h,ok,True,False,False,5.536820612485485,-0.7432604530279677,0.07057983842401352,0.0
9246cd62fd35200c,COph100/019/019_M_GA35_BW3050_PA38_DG11_PF0_D1_S01_2__019_M_GA35_BW3050_PA53_DG11_PF0_D1_S04_2,COph100/patient/019,COph100,xfeat_tps,ok,True,False,False,,3.0,14.180717905649889,0.0
a705d0b5e454e5f3,COph100/019/019_M_GA35_BW3050_PA41_DG11_PF0_D1_S02_8__019_M_GA35_BW3050_PA53_DG11_PF0_D1_S04_2,COph100/patient/019,COph100,sift_h,ok,True,False,False,4.8937996380326885,-0.6896461844930755,0.09221305581510394,0.0
289a2e806c262f36,COph100/019/019_M_GA35_BW3050_PA41_DG11_PF0_D1_S02_8__019_M_GA35_BW3050_PA53_DG11_PF0_D1_S04_2,COph100/patient/019,COph100,sp_lg_h,ok,True,False,False,10.767742364741418,-1.0321246558221655,0.021280957832560343,0.0
54f56368ccbb0dd9,COph100/019/019_M_GA35_BW3050_PA41_DG11_PF0_D1_S02_8__019_M_GA35_BW3050_PA53_DG11_PF0_D1_S04_2,COph100/patient/019,COph100,xfeat_h,ok,True,False,False,17.410364175808972,-1.2408078554303779,0.008314024581373772,0.0
7785a4ffc60c9199,COph100/019/019_M_GA35_BW3050_PA41_DG11_PF0_D1_S02_8__019_M_GA35_BW3050_PA53_DG11_PF0_D1_S04_2,COph100/patient/019,COph100,xfeat_tps,ok,True,False,False,,3.0,8.856591290750925,0.0
010fea283a9f8542,COph100/020-1/020_F_GA39_BW3600_PA42_DG11_PF0_D1_S01_8__020_F_GA39_BW3600_PA54_DG11_PF0_D1_S03_7,COph100/patient/020,COph100,sift_h,ok,True,True,True,0.0,3.0,56951544.35123639,0.05078125
cefe21d1fa04807a,COph100/020-1/020_F_GA39_BW3600_PA42_DG11_PF0_D1_S01_8__020_F_GA39_BW3600_PA54_DG11_PF0_D1_S03_7,COph100/patient/020,COph100,sp_lg_h,ok,True,False,False,1.7586589177026442,-0.24518161858014123,0.434976077886002,0.0
451dd92ebe0c09d0,COph100/020-1/020_F_GA39_BW3600_PA42_DG11_PF0_D1_S01_8__020_F_GA39_BW3600_PA54_DG11_PF0_D1_S03_7,COph100/patient/020,COph100,xfeat_h,ok,True,False,False,0.8394750511950113,0.07599220636255248,1.61045778639066,0.0
d81e8fdb4eee44e5,COph100/020-1/020_F_GA39_BW3600_PA42_DG11_PF0_D1_S01_8__020_F_GA39_BW3600_PA54_DG11_PF0_D1_S03_7,COph100/patient/020,COph100,xfeat_tps,ok,True,False,False,,3.0,6.853404168894624,0.0
7717dcef7cdcd403,COph100/020/020_F_GA39_BW3600_PA42_DG11_PF0_D1_S01_3__020_F_GA39_BW3600_PA47_DG11_PF0_D1_S02_1,COph100/patient/020,COph100,sift_h,ok,True,True,True,0.0,3.0,1198153.7097384268,0.8154296875
4237df729881b659,COph100/020/020_F_GA39_BW3600_PA42_DG11_PF0_D1_S01_3__020_F_GA39_BW3600_PA47_DG11_PF0_D1_S02_1,COph100/patient/020,COph100,sp_lg_h,ok,False,False,False,9.852334790136664,-0.9935391610881537,0.026410204895789408,0.0
44907ef7bf2804e1,COph100/020/020_F_GA39_BW3600_PA42_DG11_PF0_D1_S01_3__020_F_GA39_BW3600_PA47_DG11_PF0_D1_S02_1,COph100/patient/020,COph100,xfeat_h,ok,False,False,False,14.529647113061301,-1.1622550665546423,0.01276870609607666,0.0
60b79657efd4ed19,COph100/020/020_F_GA39_BW3600_PA42_DG11_PF0_D1_S01_3__020_F_GA39_BW3600_PA47_DG11_PF0_D1_S02_1,COph100/patient/020,COph100,xfeat_tps,ok,False,False,False,,3.0,9.380680470152926,0.0
b16df48de859d1d7,COph100/020/020_F_GA39_BW3600_PA42_DG11_PF0_D1_S01_3__020_F_GA39_BW3600_PA54_DG11_PF0_D1_S03_1,COph100/patient/020,COph100,sift_h,ok,True,True,False,0.0,3.0,479129.4139345588,0.96875
278d4681f53975e0,COph100/020/020_F_GA39_BW3600_PA42_DG11_PF0_D1_S01_3__020_F_GA39_BW3600_PA54_DG11_PF0_D1_S03_1,COph100/patient/020,COph100,sp_lg_h,ok,True,False,False,15.998334648960002,-1.2040747770053377,0.009667652838486368,0.0
e0d773643c32c27b,COph100/020/020_F_GA39_BW3600_PA42_DG11_PF0_D1_S01_3__020_F_GA39_BW3600_PA54_DG11_PF0_D1_S03_1,COph100/patient/020,COph100,xfeat_h,ok,True,False,False,5.112367714241926,-0.7086220835155352,0.0923812452590129,0.0
422c776cb47a6913,COph100/020/020_F_GA39_BW3600_PA42_DG11_PF0_D1_S01_3__020_F_GA39_BW3600_PA54_DG11_PF0_D1_S03_1,COph100/patient/020,COph100,xfeat_tps,ok,True,False,False,,3.0,6.539834905436363,0.0
f32c63c36a33311d,COph100/020/020_F_GA39_BW3600_PA47_DG11_PF0_D1_S02_1__020_F_GA39_BW3600_PA54_DG11_PF0_D1_S03_1,COph100/patient/020,COph100,sift_h,ok,True,True,False,0.0,3.0,651278.6785679866,0.9169921875
b7600d9048fd08ae,COph100/020/020_F_GA39_BW3600_PA47_DG11_PF0_D1_S02_1__020_F_GA39_BW3600_PA54_DG11_PF0_D1_S03_1,COph100/patient/020,COph100,sp_lg_h,ok,True,False,False,1.8301491854419143,-0.26248649288530485,0.531359974944391,0.0
d4a2bb5125299fb5,COph100/020/020_F_GA39_BW3600_PA47_DG11_PF0_D1_S02_1__020_F_GA39_BW3600_PA54_DG11_PF0_D1_S03_1,COph100/patient/020,COph100,xfeat_h,ok,False,False,False,6.4887426817285245,-0.8121605520719627,0.057316010659870784,0.0
cfcacdb09ad31693,COph100/020/020_F_GA39_BW3600_PA47_DG11_PF0_D1_S02_1__020_F_GA39_BW3600_PA54_DG11_PF0_D1_S03_1,COph100/patient/020,COph100,xfeat_tps,ok,False,False,False,,3.0,8.497426335849235,0.0
f7a20845e3fdb8d5,COph100/021-1/021_M_GA41_BW3670_PA42_DG11_PF0_D1_S01_7__021_M_GA41_BW3670_PA43_DG11_PF0_D1_S02_1,COph100/patient/021,COph100,sift_h,ok,True,True,False,0.0,3.0,631882.5154445327,0.9296875
874d3e2c9cf1d4d3,COph100/021-1/021_M_GA41_BW3670_PA42_DG11_PF0_D1_S01_7__021_M_GA41_BW3670_PA43_DG11_PF0_D1_S02_1,COph100/patient/021,COph100,sp_lg_h,ok,True,False,False,6.020771794817346,-0.7796521664647806,0.06804109952537482,0.0
35448405e34fa99d,COph100/021-1/021_M_GA41_BW3670_PA42_DG11_PF0_D1_S01_7__021_M_GA41_BW3670_PA43_DG11_PF0_D1_S02_1,COph100/patient/021,COph100,xfeat_h,ok,True,False,False,5.591252887782695,-0.7475091354861488,0.07851908498807242,0.0
18453651ea8abf1f,COph100/021-1/021_M_GA41_BW3670_PA42_DG11_PF0_D1_S01_7__021_M_GA41_BW3670_PA43_DG11_PF0_D1_S02_1,COph100/patient/021,COph100,xfeat_tps,ok,False,False,False,,3.0,7.119158599946174,0.0
b5dc072dca70cae9,COph100/021-1/021_M_GA41_BW3670_PA42_DG11_PF0_D1_S01_7__021_M_GA41_BW3670_PA47_DG11_PF0_D1_S03_7,COph100/patient/021,COph100,sift_h,ok,True,True,True,0.0,3.0,450555539.50724643,0.548828125
fe295b4fc7e2af68,COph100/021-1/021_M_GA41_BW3670_PA42_DG11_PF0_D1_S01_7__021_M_GA41_BW3670_PA47_DG11_PF0_D1_S03_7,COph100/patient/021,COph100,sp_lg_h,ok,False,False,False,15.42239726096855,-1.1881518857960265,0.010923329403642316,0.0
01473aed134cd963,COph100/021-1/021_M_GA41_BW3670_PA42_DG11_PF0_D1_S01_7__021_M_GA41_BW3670_PA47_DG11_PF0_D1_S03_7,COph100/patient/021,COph100,xfeat_h,ok,False,False,False,6.021535889310076,-0.7797072791609507,0.06756897606358193,0.0
6c882a9865c7a2a1,COph100/021-1/021_M_GA41_BW3670_PA42_DG11_PF0_D1_S01_7__021_M_GA41_BW3670_PA47_DG11_PF0_D1_S03_7,COph100/patient/021,COph100,xfeat_tps,ok,False,False,False,,3.0,12.598945602981793,0.0
c316ab3531e78d21,COph100/021-1/021_M_GA41_BW3670_PA43_DG11_PF0_D1_S02_1__021_M_GA41_BW3670_PA47_DG11_PF0_D1_S03_7,COph100/patient/021,COph100,sift_h,ok,True,True,True,0.0,3.0,1138818520.8383164,0.3720703125
073454860dd836f9,COph100/021-1/021_M_GA41_BW3670_PA43_DG11_PF0_D1_S02_1__021_M_GA41_BW3670_PA47_DG11_PF0_D1_S03_7,COph100/patient/021,COph100,sp_lg_h,ok,True,False,False,3.314198645457026,-0.5203785354775117,0.19997743977573587,0.0
14ea0b8ee87542ff,COph100/021-1/021_M_GA41_BW3670_PA43_DG11_PF0_D1_S02_1__021_M_GA41_BW3670_PA47_DG11_PF0_D1_S03_7,COph100/patient/021,COph100,xfeat_h,ok,True,False,False,5.453844494106817,-0.7367027507097321,0.07774323826897969,0.0
c71ec16aaa336760,COph100/021-1/021_M_GA41_BW3670_PA43_DG11_PF0_D1_S02_1__021_M_GA41_BW3670_PA47_DG11_PF0_D1_S03_7,COph100/patient/021,COph100,xfeat_tps,ok,True,False,False,,3.0,6.519811350619457,0.0
6a3bcb490bd9a274,COph100/021/021_M_GA41_BW3670_PA42_DG11_PF0_D1_S01_1__021_M_GA41_BW3670_PA43_DG11_PF0_D1_S02_10,COph100/patient/021,COph100,sift_h,ok,True,True,True,0.0,3.0,734356.9152114043,0.0556640625
7727244917813b26,COph100/021/021_M_GA41_BW3670_PA42_DG11_PF0_D1_S01_1__021_M_GA41_BW3670_PA43_DG11_PF0_D1_S02_10,COph100/patient/021,COph100,sp_lg_h,ok,False,False,False,22.06699568280799,-1.3437432100446323,0.005363514375870937,0.0
d0850a9f70fd169b,COph100/021/021_M_GA41_BW3670_PA42_DG11_PF0_D1_S01_1__021_M_GA41_BW3670_PA43_DG11_PF0_D1_S02_10,COph100/patient/021,COph100,xfeat_h,ok,False,False,False,48.635800333956205,-1.6869560668705121,0.001135765991020748,0.0
bde1a981fbfd1cb8,COph100/021/021_M_GA41_BW3670_PA42_DG11_PF0_D1_S01_1__021_M_GA41_BW3670_PA43_DG11_PF0_D1_S02_10,COph100/patient/021,COph100,xfeat_tps,ok,False,False,False,,3.0,8.025756924434173,0.0
f34a8fc5c3351e8e,COph100/021/021_M_GA41_BW3670_PA42_DG11_PF0_D1_S01_1__021_M_GA41_BW3670_PA47_DG11_PF0_D1_S03_13,COph100/patient/021,COph100,sift_h,ok,True,True,False,0.0,3.0,7261.743257319,0.953125
8a8c700ba5575d24,COph100/021/021_M_GA41_BW3670_PA42_DG11_PF0_D1_S01_1__021_M_GA41_BW3670_PA47_DG11_PF0_D1_S03_13,COph100/patient/021,COph100,sp_lg_h,ok,False,False,False,19.24079899980351,-1.2842231027330189,0.007114691040593124,0.0
aaee2f314382767e,COph100/021/021_M_GA41_BW3670_PA42_DG11_PF0_D1_S01_1__021_M_GA41_BW3670_PA47_DG11_PF0_D1_S03_13,COph100/patient/021,COph100,xfeat_h,ok,False,False,False,8.810945415593602,-0.9450225107669292,0.03319377626603312,0.0
f68278edea88b3d5,COph100/021/021_M_GA41_BW3670_PA42_DG11_PF0_D1_S01_1__021_M_GA41_BW3670_PA47_DG11_PF0_D1_S03_13,COph100/patient/021,COph100,xfeat_tps,ok,False,False,False,,3.0,10.66800340771424,0.0
74801dc6be255d38,COph100/021/021_M_GA41_BW3670_PA43_DG11_PF0_D1_S02_10__021_M_GA41_BW3670_PA47_DG11_PF0_D1_S03_13,COph100/patient/021,COph100,sift_h,ok,True,False,False,1.7839728920832556,-0.2513882508763694,0.6341541824013166,0.0
6d0615b7c122039d,COph100/021/021_M_GA41_BW3670_PA43_DG11_PF0_D1_S02_10__021_M_GA41_BW3670_PA47_DG11_PF0_D1_S03_13,COph100/patient/021,COph100,sp_lg_h,ok,False,False,False,15.055964400841706,-1.1777085792144062,0.012309323596092861,0.0
6d6473c304cad573,COph100/021/021_M_GA41_BW3670_PA43_DG11_PF0_D1_S02_10__021_M_GA41_BW3670_PA47_DG11_PF0_D1_S03_13,COph100/patient/021,COph100,xfeat_h,ok,False,False,False,12.316630649908017,-1.0904919180326376,0.01840189024770303,0.0
4aef3c8fb90491c5,COph100/021/021_M_GA41_BW3670_PA43_DG11_PF0_D1_S02_10__021_M_GA41_BW3670_PA47_DG11_PF0_D1_S03_13,COph100/patient/021,COph100,xfeat_tps,ok,False,False,False,,3.0,10.346780205989065,0.0
dd51b57d9f3c6f1b,COph100/022-1/022_M_GA40_BW3400_PA41_DG11_PF0_D1_S01_9__022_M_GA40_BW3400_PA44_DG11_PF0_D1_S02_3,COph100/patient/022,COph100,sift_h,ok,True,True,False,0.0,3.0,91065.3443547208,0.94140625
7afad84ad9f547f3,COph100/022-1/022_M_GA40_BW3400_PA41_DG11_PF0_D1_S01_9__022_M_GA40_BW3400_PA44_DG11_PF0_D1_S02_3,COph100/patient/022,COph100,sp_lg_h,ok,False,False,False,65.24541026885046,-1.8145499663548421,0.0005666950557668673,0.0
f69e64681698201a,COph100/022-1/022_M_GA40_BW3400_PA41_DG11_PF0_D1_S01_9__022_M_GA40_BW3400_PA44_DG11_PF0_D1_S02_3,COph100/patient/022,COph100,xfeat_h,ok,False,False,False,24.420543274914117,-1.38775532130718,0.003970750613934302,0.0
191876ba14eb6a8f,COph100/022-1/022_M_GA40_BW3400_PA41_DG11_PF0_D1_S01_9__022_M_GA40_BW3400_PA44_DG11_PF0_D1_S02_3,COph100/patient/022,COph100,xfeat_tps,ok,False,False,False,,3.0,11.962793908870065,0.0
ae0aa69282bd76c1,COph100/022/022_M_GA40_BW3400_PA41_DG11_PF0_D1_S01_2__022_M_GA40_BW3400_PA44_DG11_PF0_D1_S02_8,COph100/patient/022,COph100,sift_h,ok,True,True,False,0.0,3.0,6800091.188169112,0.0078125
8c1b8cb918c77430,COph100/022/022_M_GA40_BW3400_PA41_DG11_PF0_D1_S01_2__022_M_GA40_BW3400_PA44_DG11_PF0_D1_S02_8,COph100/patient/022,COph100,sp_lg_h,ok,False,False,False,9.27611312125025,-0.9673660361750067,0.026785567563029168,0.0
a4a39381958e95fd,COph100/022/022_M_GA40_BW3400_PA41_DG11_PF0_D1_S01_2__022_M_GA40_BW3400_PA44_DG11_PF0_D1_S02_8,COph100/patient/022,COph100,xfeat_h,ok,False,False,False,3.1774733883078903,-0.502081921976814,0.1906311404099552,0.0
2ed2231b596dc719,COph100/022/022_M_GA40_BW3400_PA41_DG11_PF0_D1_S01_2__022_M_GA40_BW3400_PA44_DG11_PF0_D1_S02_8,COph100/patient/022,COph100,xfeat_tps,ok,False,False,False,,3.0,9.672730129571221,0.0
68d274dcd4e6ca63,COph100/023/023_M_GA39_BW3570_PA39_DG11_PF0_D1_S01_10__023_M_GA39_BW3570_PA43_DG11_PF0_D1_S02_3,COph100/patient/023,COph100,sift_h,ok,True,True,False,0.0,3.0,17.830630082272048,0.033203125
2d26286d0c0d9cd8,COph100/023/023_M_GA39_BW3570_PA39_DG11_PF0_D1_S01_10__023_M_GA39_BW3570_PA43_DG11_PF0_D1_S02_3,COph100/patient/023,COph100,sp_lg_h,ok,True,False,False,7.135314711251371,-0.8534131329300859,0.04743483405111919,0.0
97cdcd8550c87743,COph100/023/023_M_GA39_BW3570_PA39_DG11_PF0_D1_S01_10__023_M_GA39_BW3570_PA43_DG11_PF0_D1_S02_3,COph100/patient/023,COph100,xfeat_h,ok,True,False,False,7.784330501495907,-0.8912212666139488,0.03977775472841333,0.0
fc097d68e81dc61e,COph100/023/023_M_GA39_BW3570_PA39_DG11_PF0_D1_S01_10__023_M_GA39_BW3570_PA43_DG11_PF0_D1_S02_3,COph100/patient/023,COph100,xfeat_tps,ok,False,False,False,,3.0,9.128770793045907,0.0
aef84672d6b59b4b,COph100/024-1/024_F_GA39_BW3290_PA39_DG11_PF0_D1_S01_10__024_F_GA39_BW3290_PA44_DG11_PF0_D1_S02_6,COph100/patient/024,COph100,sift_h,ok,True,True,False,0.0,3.0,2133.7839691735544,0.9638671875
4324be623f49dfd2,COph100/024-1/024_F_GA39_BW3290_PA39_DG11_PF0_D1_S01_10__024_F_GA39_BW3290_PA44_DG11_PF0_D1_S02_6,COph100/patient/024,COph100,sp_lg_h,ok,True,False,False,0.13180251410483246,0.8800763055884272,269.54364732340883,0.0
9f33defe4c91e083,COph100/024-1/024_F_GA39_BW3290_PA39_DG11_PF0_D1_S01_10__024_F_GA39_BW3290_PA44_DG11_PF0_D1_S02_6,COph100/patient/024,COph100,xfeat_h,ok,False,False,False,5.176366260620428,-0.7140249978265698,0.08591343222449413,0.0
f54f6e6f6cdb273c,COph100/024-1/024_F_GA39_BW3290_PA39_DG11_PF0_D1_S01_10__024_F_GA39_BW3290_PA44_DG11_PF0_D1_S02_6,COph100/patient/024,COph100,xfeat_tps,ok,False,False,False,,3.0,5.9019882878605365,0.0
22e8a82b695635bb,COph100/024/024_F_GA39_BW3290_PA39_DG11_PF0_D1_S01_3__024_F_GA39_BW3290_PA44_DG11_PF0_D1_S02_3,COph100/patient/024,COph100,sift_h,ok,True,True,False,0.0,3.0,0.14014466863650377,0.037109375
40cd05398d3bb8f5,COph100/024/024_F_GA39_BW3290_PA39_DG11_PF0_D1_S01_3__024_F_GA39_BW3290_PA44_DG11_PF0_D1_S02_3,COph100/patient/024,COph100,sp_lg_h,ok,True,False,False,4.918254644927771,-0.6918110107841499,0.08670831382467517,0.0
14b212533d4e0d92,COph100/024/024_F_GA39_BW3290_PA39_DG11_PF0_D1_S01_3__024_F_GA39_BW3290_PA44_DG11_PF0_D1_S02_3,COph100/patient/024,COph100,xfeat_h,ok,True,False,False,0.7689154161250256,0.11412143175975012,2.4520477417495417,0.0
cd24309df66c5ffc,COph100/024/024_F_GA39_BW3290_PA39_DG11_PF0_D1_S01_3__024_F_GA39_BW3290_PA44_DG11_PF0_D1_S02_3,COph100/patient/024,COph100,xfeat_tps,ok,True,False,False,,3.0,7.932907413736333,0.0
a2c6d09bc5869804,COph100/025-1/025_F_GA35_BW2370_PA36_DG11_PF0_D1_S01_5__025_F_GA35_BW2370_PA41_DG11_PF0_D1_S02_5,COph100/patient/025,COph100,sift_h,invalid_transform,True,False,False,,3.0,,
e78702e04cb43f90,COph100/025-1/025_F_GA35_BW2370_PA36_DG11_PF0_D1_S01_5__025_F_GA35_BW2370_PA41_DG11_PF0_D1_S02_5,COph100/patient/025,COph100,sp_lg_h,ok,True,False,False,2.6999215490496744,-0.431351145155352,0.39933300972031754,0.0
9feb36b01db4a8e8,COph100/025-1/025_F_GA35_BW2370_PA36_DG11_PF0_D1_S01_5__025_F_GA35_BW2370_PA41_DG11_PF0_D1_S02_5,COph100/patient/025,COph100,xfeat_h,ok,True,False,False,67.37765442776083,-1.8285158881112444,0.0006195310063229992,0.0
90d7afa1c1c054c8,COph100/025-1/025_F_GA35_BW2370_PA36_DG11_PF0_D1_S01_5__025_F_GA35_BW2370_PA41_DG11_PF0_D1_S02_5,COph100/patient/025,COph100,xfeat_tps,ok,True,False,False,,3.0,4.43151998359977,0.0
b3802007d7b3a41d,COph100/025/025_F_GA35_BW2370_PA36_DG11_PF0_D1_S01_2__025_F_GA35_BW2370_PA41_DG11_PF0_D1_S02_2,COph100/patient/025,COph100,sift_h,invalid_transform,True,False,False,,3.0,,
6cd49853663e1577,COph100/025/025_F_GA35_BW2370_PA36_DG11_PF0_D1_S01_2__025_F_GA35_BW2370_PA41_DG11_PF0_D1_S02_2,COph100/patient/025,COph100,sp_lg_h,ok,False,False,False,5.726986363420017,-0.7579261490119691,0.07072984839732221,0.0
b606e8ea5ebb967f,COph100/025/025_F_GA35_BW2370_PA36_DG11_PF0_D1_S01_2__025_F_GA35_BW2370_PA41_DG11_PF0_D1_S02_2,COph100/patient/025,COph100,xfeat_h,ok,True,False,False,6.291013716706071,-0.7987206321065231,0.058080443794391756,0.0
038d422c3d6df006,COph100/025/025_F_GA35_BW2370_PA36_DG11_PF0_D1_S01_2__025_F_GA35_BW2370_PA41_DG11_PF0_D1_S02_2,COph100/patient/025,COph100,xfeat_tps,ok,False,False,False,,3.0,10.887354495143851,0.0
ebbf2c595787ae7f,COph100/026-1/026_M_GA33_BW1700_PA34_DG11_PF0_D1_S01_10__026_M_GA33_BW1700_PA36_DG11_PF0_D1_S02_6,COph100/patient/026,COph100,sift_h,ok,True,False,False,3.216446010694052,-0.5073762659946055,0.25903594930940077,0.0
48d1f1b58049a2cc,COph100/026-1/026_M_GA33_BW1700_PA34_DG11_PF0_D1_S01_10__026_M_GA33_BW1700_PA36_DG11_PF0_D1_S02_6,COph100/patient/026,COph100,sp_lg_h,ok,False,False,False,19.45944421369461,-1.289130432110519,0.007021293353870445,0.0
f57dc389a4033cb9,COph100/026-1/026_M_GA33_BW1700_PA34_DG11_PF0_D1_S01_10__026_M_GA33_BW1700_PA36_DG11_PF0_D1_S02_6,COph100/patient/026,COph100,xfeat_h,ok,False,False,False,10.290981171707907,-1.0124567836199905,0.02440951388417764,0.0
f99cc3f1c2d8b22b,COph100/026-1/026_M_GA33_BW1700_PA34_DG11_PF0_D1_S01_10__026_M_GA33_BW1700_PA36_DG11_PF0_D1_S02_6,COph100/patient/026,COph100,xfeat_tps,ok,False,False,False,,3.0,7.306348831979102,0.0
7416e5b666233add,COph100/026-1/026_M_GA33_BW1700_PA34_DG11_PF0_D1_S01_10__026_M_GA33_BW1700_PA38_DG11_PF0_D1_S03_15,COph100/patient/026,COph100,sift_h,ok,True,True,True,0.0,3.0,15745.123205113685,0.8017578125
4a144ac202f43aad,COph100/026-1/026_M_GA33_BW1700_PA34_DG11_PF0_D1_S01_10__026_M_GA33_BW1700_PA38_DG11_PF0_D1_S03_15,COph100/patient/026,COph100,sp_lg_h,ok,True,False,False,2.6558746046601156,-0.4242075662570646,0.2954316655659992,0.0
08ac9e837906afa0,COph100/026-1/026_M_GA33_BW1700_PA34_DG11_PF0_D1_S01_10__026_M_GA33_BW1700_PA38_DG11_PF0_D1_S03_15,COph100/patient/026,COph100,xfeat_h,ok,True,False,False,3.5839857344323116,-0.5543662723434195,0.19045917491219944,0.0
7796e983e9b559ec,COph100/026-1/026_M_GA33_BW1700_PA34_DG11_PF0_D1_S01_10__026_M_GA33_BW1700_PA38_DG11_PF0_D1_S03_15,COph100/patient/026,COph100,xfeat_tps,ok,True,False,False,,3.0,6.639855834767107,0.0
b6c9558fcc11a868,COph100/026-1/026_M_GA33_BW1700_PA34_DG11_PF0_D1_S01_10__026_M_GA33_BW1700_PA40_DG11_PF0_D1_S04_1,COph100/patient/026,COph100,sift_h,ok,True,True,True,0.0,3.0,395702266.16089815,0.240234375
e78486fb0389fdb7,COph100/026-1/026_M_GA33_BW1700_PA34_DG11_PF0_D1_S01_10__026_M_GA33_BW1700_PA40_DG11_PF0_D1_S04_1,COph100/patient/026,COph100,sp_lg_h,no_matches,True,False,False,,3.0,,
cd02ae844dea42fa,COph100/026-1/026_M_GA33_BW1700_PA34_DG11_PF0_D1_S01_10__026_M_GA33_BW1700_PA40_DG11_PF0_D1_S04_1,COph100/patient/026,COph100,xfeat_h,ok,True,False,False,3.6518306349314402,-0.5625106275642515,0.1865938651092749,0.0
162f787639a9aaf0,COph100/026-1/026_M_GA33_BW1700_PA34_DG11_PF0_D1_S01_10__026_M_GA33_BW1700_PA40_DG11_PF0_D1_S04_1,COph100/patient/026,COph100,xfeat_tps,ok,True,False,False,,3.0,6.04990209392209,0.0
66d256d8cc99fd49,COph100/026-1/026_M_GA33_BW1700_PA34_DG11_PF0_D1_S01_10__026_M_GA33_BW1700_PA42_DG11_PF0_D1_S05_6,COph100/patient/026,COph100,sift_h,ok,True,True,False,0.0,3.0,8.073140168512595,0.02734375
b433cf2c27a2ef00,COph100/026-1/026_M_GA33_BW1700_PA34_DG11_PF0_D1_S01_10__026_M_GA33_BW1700_PA42_DG11_PF0_D1_S05_6,COph100/patient/026,COph100,sp_lg_h,no_matches,True,False,False,,3.0,,
f9a666e7eb5c66e1,COph100/026-1/026_M_GA33_BW1700_PA34_DG11_PF0_D1_S01_10__026_M_GA33_BW1700_PA42_DG11_PF0_D1_S05_6,COph100/patient/026,COph100,xfeat_h,ok,True,False,False,1.225777311874084,-0.08841157865822048,0.8976747726358467,0.0
98fc8170a498dc8a,COph100/026-1/026_M_GA33_BW1700_PA34_DG11_PF0_D1_S01_10__026_M_GA33_BW1700_PA42_DG11_PF0_D1_S05_6,COph100/patient/026,COph100,xfeat_tps,ok,True,False,False,,3.0,5.187791678588853,0.0
77a25bfd9a024f2d,COph100/026-1/026_M_GA33_BW1700_PA36_DG11_PF0_D1_S02_6__026_M_GA33_BW1700_PA38_DG11_PF0_D1_S03_15,COph100/patient/026,COph100,sift_h,ok,True,False,False,3.405693733455447,-0.5322055902352862,0.19733940282837686,0.0
52bf279b0635cbd0,COph100/026-1/026_M_GA33_BW1700_PA36_DG11_PF0_D1_S02_6__026_M_GA33_BW1700_PA38_DG11_PF0_D1_S03_15,COph100/patient/026,COph100,sp_lg_h,ok,False,False,False,9.20170416322288,-0.9638682664917898,0.032679032690570126,0.0
0fe0e3e6db655448,COph100/026-1/026_M_GA33_BW1700_PA36_DG11_PF0_D1_S02_6__026_M_GA33_BW1700_PA38_DG11_PF0_D1_S03_15,COph100/patient/026,COph100,xfeat_h,ok,True,False,False,6.735098275949141,-0.8283439371623488,0.05989731150050092,0.0
58ac05f949dcfffd,COph100/026-1/026_M_GA33_BW1700_PA36_DG11_PF0_D1_S02_6__026_M_GA33_BW1700_PA38_DG11_PF0_D1_S03_15,COph100/patient/026,COph100,xfeat_tps,ok,False,False,False,,3.0,7.97918014875501,0.0
80137797c9e4ae99,COph100/026-1/026_M_GA33_BW1700_PA36_DG11_PF0_D1_S02_6__026_M_GA33_BW1700_PA40_DG11_PF0_D1_S04_1,COph100/patient/026,COph100,sift_h,invalid_transform,True,False,False,,3.0,,
aab84705dfd8eea9,COph100/026-1/026_M_GA33_BW1700_PA36_DG11_PF0_D1_S02_6__026_M_GA33_BW1700_PA40_DG11_PF0_D1_S04_1,COph100/patient/026,COph100,sp_lg_h,ok,True,False,False,0.9743262013617405,0.011295618343318103,1.1245121310188018,0.0
3dd93aac5f79cb09,COph100/026-1/026_M_GA33_BW1700_PA36_DG11_PF0_D1_S02_6__026_M_GA33_BW1700_PA40_DG11_PF0_D1_S04_1,COph100/patient/026,COph100,xfeat_h,ok,True,False,False,74.42922141375466,-1.8717434759651537,0.0005117644551673699,0.0
61a5c37657071614,COph100/026-1/026_M_GA33_BW1700_PA36_DG11_PF0_D1_S02_6__026_M_GA33_BW1700_PA40_DG11_PF0_D1_S04_1,COph100/patient/026,COph100,xfeat_tps,ok,True,False,False,,3.0,5.911854977743515,0.0
2a45e9241d49606f,COph100/026-1/026_M_GA33_BW1700_PA36_DG11_PF0_D1_S02_6__026_M_GA33_BW1700_PA42_DG11_PF0_D1_S05_6,COph100/patient/026,COph100,sift_h,ok,True,True,True,0.0,3.0,1318557.404756366,0.9482421875
e72ba4a2fa2829d4,COph100/026-1/026_M_GA33_BW1700_PA36_DG11_PF0_D1_S02_6__026_M_GA33_BW1700_PA42_DG11_PF0_D1_S05_6,COph100/patient/026,COph100,sp_lg_h,ok,True,True,True,0.0,3.0,2202054258.7223964,0.2900390625
b8b76d9f015611dc,COph100/026-1/026_M_GA33_BW1700_PA36_DG11_PF0_D1_S02_6__026_M_GA33_BW1700_PA42_DG11_PF0_D1_S05_6,COph100/patient/026,COph100,xfeat_h,ok,True,False,False,13.246209272770715,-1.1220916120495068,0.015268873970843921,0.0
dccd07d7c9afe879,COph100/026-1/026_M_GA33_BW1700_PA36_DG11_PF0_D1_S02_6__026_M_GA33_BW1700_PA42_DG11_PF0_D1_S05_6,COph100/patient/026,COph100,xfeat_tps,ok,True,False,False,,3.0,6.832460851255272,0.0
ca22dc3301190049,COph100/026-1/026_M_GA33_BW1700_PA38_DG11_PF0_D1_S03_15__026_M_GA33_BW1700_PA40_DG11_PF0_D1_S04_1,COph100/patient/026,COph100,sift_h,ok,True,True,False,0.0,3.0,24324.843371954146,0.9677734375
cb30e48e831caaef,COph100/026-1/026_M_GA33_BW1700_PA38_DG11_PF0_D1_S03_15__026_M_GA33_BW1700_PA40_DG11_PF0_D1_S04_1,COph100/patient/026,COph100,sp_lg_h,ok,True,False,False,7.210843139955327,-0.8579860483007958,0.044304096713596516,0.0
9a51aeb3d3526064,COph100/026-1/026_M_GA33_BW1700_PA38_DG11_PF0_D1_S03_15__026_M_GA33_BW1700_PA40_DG11_PF0_D1_S04_1,COph100/patient/026,COph100,xfeat_h,ok,True,False,False,5.904745219679906,-0.7712011632409378,0.06799655769345665,0.0
52117b6c4eda23a0,COph100/026-1/026_M_GA33_BW1700_PA38_DG11_PF0_D1_S03_15__026_M_GA33_BW1700_PA40_DG11_PF0_D1_S04_1,COph100/patient/026,COph100,xfeat_tps,ok,True,False,False,,3.0,5.5331542336333435,0.0
6e2dfbcd21380d8f,COph100/026-1/026_M_GA33_BW1700_PA38_DG11_PF0_D1_S03_15__026_M_GA33_BW1700_PA42_DG11_PF0_D1_S05_6,COph100/patient/026,COph100,sift_h,ok,True,True,True,0.0,3.0,8282255.945121776,0.33984375
0ae086b23d1318a0,COph100/026-1/026_M_GA33_BW1700_PA38_DG11_PF0_D1_S03_15__026_M_GA33_BW1700_PA42_DG11_PF0_D1_S05_6,COph100/patient/026,COph100,sp_lg_h,ok,False,False,False,34.694902714948576,-1.5402656740594685,0.0019717573134113145,0.0
dd16b2a7b0c4592c,COph100/026-1/026_M_GA33_BW1700_PA38_DG11_PF0_D1_S03_15__026_M_GA33_BW1700_PA42_DG11_PF0_D1_S05_6,COph100/patient/026,COph100,xfeat_h,ok,False,False,False,3.7253848732903805,-0.5711711468056041,0.1319244838558713,0.0
175cd67da398f396,COph100/026-1/026_M_GA33_BW1700_PA38_DG11_PF0_D1_S03_15__026_M_GA33_BW1700_PA42_DG11_PF0_D1_S05_6,COph100/patient/026,COph100,xfeat_tps,ok,False,False,False,,3.0,9.758834825421932,0.0
610959c366c436db,COph100/026-1/026_M_GA33_BW1700_PA40_DG11_PF0_D1_S04_1__026_M_GA33_BW1700_PA42_DG11_PF0_D1_S05_6,COph100/patient/026,COph100,sift_h,ok,True,True,False,0.0,3.0,56308319.850031495,0.0302734375
ea6624724501c8b8,COph100/026-1/026_M_GA33_BW1700_PA40_DG11_PF0_D1_S04_1__026_M_GA33_BW1700_PA42_DG11_PF0_D1_S05_6,COph100/patient/026,COph100,sp_lg_h,ok,True,False,False,0.5589485309172848,0.2526281809646006,2.7237579643053467,0.0
8f251599b160f8ff,COph100/026-1/026_M_GA33_BW1700_PA40_DG11_PF0_D1_S04_1__026_M_GA33_BW1700_PA42_DG11_PF0_D1_S05_6,COph100/patient/026,COph100,xfeat_h,ok,True,False,False,4.878847693870475,-0.6883172606734348,0.08760070854753244,0.0
114a299e117fc443,COph100/026-1/026_M_GA33_BW1700_PA40_DG11_PF0_D1_S04_1__026_M_GA33_BW1700_PA42_DG11_PF0_D1_S05_6,COph100/patient/026,COph100,xfeat_tps,ok,True,False,False,,3.0,5.524867796462272,0.0
103911dbba8689ed,COph100/026/026_M_GA33_BW1700_PA34_DG11_PF0_D1_S01_2__026_M_GA33_BW1700_PA36_DG11_PF0_D1_S02_10,COph100/patient/026,COph100,sift_h,ok,True,True,False,0.0,3.0,3021.307557641506,0.0283203125
c62e3cc1ddc1f053,COph100/026/026_M_GA33_BW1700_PA34_DG11_PF0_D1_S01_2__026_M_GA33_BW1700_PA36_DG11_PF0_D1_S02_10,COph100/patient/026,COph100,sp_lg_h,ok,False,False,False,9.880191195115938,-0.9947653488568987,0.02665500441885399,0.0
a3f886d6ad430bdf,COph100/026/026_M_GA33_BW1700_PA34_DG11_PF0_D1_S01_2__026_M_GA33_BW1700_PA36_DG11_PF0_D1_S02_10,COph100/patient/026,COph100,xfeat_h,ok,True,False,False,26.70615849742424,-1.4266114221525916,0.003969792769081283,0.0
c05703ee5b6a2771,COph100/026/026_M_GA33_BW1700_PA34_DG11_PF0_D1_S01_2__026_M_GA33_BW1700_PA36_DG11_PF0_D1_S02_10,COph100/patient/026,COph100,xfeat_tps,ok,False,False,False,,3.0,11.432097521052281,0.0
10a93106d2985a9c,COph100/026/026_M_GA33_BW1700_PA34_DG11_PF0_D1_S01_2__026_M_GA33_BW1700_PA38_DG11_PF0_D1_S03_2,COph100/patient/026,COph100,sift_h,ok,True,True,True,0.0,3.0,3387415.574528119,0.365234375
eacf7f2b73a54856,COph100/026/026_M_GA33_BW1700_PA34_DG11_PF0_D1_S01_2__026_M_GA33_BW1700_PA38_DG11_PF0_D1_S03_2,COph100/patient/026,COph100,sp_lg_h,ok,True,False,False,0.5878115403378168,0.23076189179890444,6.6094032310825055,0.0
39ada814997ad535,COph100/026/026_M_GA33_BW1700_PA34_DG11_PF0_D1_S01_2__026_M_GA33_BW1700_PA38_DG11_PF0_D1_S03_2,COph100/patient/026,COph100,xfeat_h,ok,True,False,False,6.79662293340038,-0.8322931765743192,0.05880232873586188,0.0
c9c57371971401f4,COph100/026/026_M_GA33_BW1700_PA34_DG11_PF0_D1_S01_2__026_M_GA33_BW1700_PA38_DG11_PF0_D1_S03_2,COph100/patient/026,COph100,xfeat_tps,ok,True,False,False,,3.0,6.4305021661365,0.0
4eac0c087ac1bd49,COph100/026/026_M_GA33_BW1700_PA34_DG11_PF0_D1_S01_2__026_M_GA33_BW1700_PA40_DG11_PF0_D1_S04_11,COph100/patient/026,COph100,sift_h,ok,True,True,True,0.0,3.0,2935.184786909179,0.458984375
44c072ff2bc82345,COph100/026/026_M_GA33_BW1700_PA34_DG11_PF0_D1_S01_2__026_M_GA33_BW1700_PA40_DG11_PF0_D1_S04_11,COph100/patient/026,COph100,sp_lg_h,no_matches,True,False,False,,3.0,,
34dc783b12d0ec8e,COph100/026/026_M_GA33_BW1700_PA34_DG11_PF0_D1_S01_2__026_M_GA33_BW1700_PA40_DG11_PF0_D1_S04_11,COph100/patient/026,COph100,xfeat_h,ok,True,False,False,4.552239179843311,-0.6582250723143528,0.09100664531510477,0.0
906d56199c834588,COph100/026/026_M_GA33_BW1700_PA34_DG11_PF0_D1_S01_2__026_M_GA33_BW1700_PA40_DG11_PF0_D1_S04_11,COph100/patient/026,COph100,xfeat_tps,ok,True,False,False,,3.0,3.360141604718401,0.0
837b96fdf0c04813,COph100/026/026_M_GA33_BW1700_PA34_DG11_PF0_D1_S01_2__026_M_GA33_BW1700_PA42_DG11_PF0_D1_S05_8,COph100/patient/026,COph100,sift_h,ok,True,True,True,0.0,3.0,182786.99860869008,0.7578125
19fe5b808ddb8318,COph100/026/026_M_GA33_BW1700_PA34_DG11_PF0_D1_S01_2__026_M_GA33_BW1700_PA42_DG11_PF0_D1_S05_8,COph100/patient/026,COph100,sp_lg_h,ok,True,False,False,0.24194026836883348,0.616291841952605,6.848520535641996,0.0
2ad1096093c21e11,COph100/026/026_M_GA33_BW1700_PA34_DG11_PF0_D1_S01_2__026_M_GA33_BW1700_PA42_DG11_PF0_D1_S05_8,COph100/patient/026,COph100,xfeat_h,ok,True,False,False,3.6419528901133895,-0.5613343237499163,0.18986224509558397,0.0
b9de83037b951e61,COph100/026/026_M_GA33_BW1700_PA34_DG11_PF0_D1_S01_2__026_M_GA33_BW1700_PA42_DG11_PF0_D1_S05_8,COph100/patient/026,COph100,xfeat_tps,ok,True,False,False,,3.0,6.419124842670023,0.0
ca1455a476bc6ba2,COph100/026/026_M_GA33_BW1700_PA36_DG11_PF0_D1_S02_10__026_M_GA33_BW1700_PA38_DG11_PF0_D1_S03_2,COph100/patient/026,COph100,sift_h,invalid_transform,True,False,False,,3.0,,
f3917b38f4443a68,COph100/026/026_M_GA33_BW1700_PA36_DG11_PF0_D1_S02_10__026_M_GA33_BW1700_PA38_DG11_PF0_D1_S03_2,COph100/patient/026,COph100,sp_lg_h,ok,False,False,False,19.029975011803597,-1.2794382180167663,0.0073185335584994154,0.0
7d46e8fcf66c96b2,COph100/026/026_M_GA33_BW1700_PA36_DG11_PF0_D1_S02_10__026_M_GA33_BW1700_PA38_DG11_PF0_D1_S03_2,COph100/patient/026,COph100,xfeat_h,ok,True,False,False,13.316053155750902,-1.1243755201286085,0.015788698493171403,0.0
526ebc9d353cf6a6,COph100/026/026_M_GA33_BW1700_PA36_DG11_PF0_D1_S02_10__026_M_GA33_BW1700_PA38_DG11_PF0_D1_S03_2,COph100/patient/026,COph100,xfeat_tps,ok,True,False,False,,3.0,11.159592672786458,0.0
d9f5821955098c23,COph100/026/026_M_GA33_BW1700_PA36_DG11_PF0_D1_S02_10__026_M_GA33_BW1700_PA40_DG11_PF0_D1_S04_11,COph100/patient/026,COph100,sift_h,ok,True,True,False,0.0,3.0,2181.2435637549243,0.9765625
4cc4583374a7f846,COph100/026/026_M_GA33_BW1700_PA36_DG11_PF0_D1_S02_10__026_M_GA33_BW1700_PA40_DG11_PF0_D1_S04_11,COph100/patient/026,COph100,sp_lg_h,ok,True,True,True,0.0,3.0,11125766.607773216,0.71484375
6db19094a6599fb9,COph100/026/026_M_GA33_BW1700_PA36_DG11_PF0_D1_S02_10__026_M_GA33_BW1700_PA40_DG11_PF0_D1_S04_11,COph100/patient/026,COph100,xfeat_h,ok,True,False,False,3.119504261268849,-0.4940855832166731,0.19159137015149327,0.0
8f101e2f3e5aa73e,COph100/026/026_M_GA33_BW1700_PA36_DG11_PF0_D1_S02_10__026_M_GA33_BW1700_PA40_DG11_PF0_D1_S04_11,COph100/patient/026,COph100,xfeat_tps,ok,True,False,False,,3.0,6.65176053500315,0.0
8443f3da82558523,COph100/026/026_M_GA33_BW1700_PA36_DG11_PF0_D1_S02_10__026_M_GA33_BW1700_PA42_DG11_PF0_D1_S05_8,COph100/patient/026,COph100,sift_h,invalid_transform,True,False,False,,3.0,,
b5dc259f8f7c1085,COph100/026/026_M_GA33_BW1700_PA36_DG11_PF0_D1_S02_10__026_M_GA33_BW1700_PA42_DG11_PF0_D1_S05_8,COph100/patient/026,COph100,sp_lg_h,ok,True,False,False,4.097981110953691,-0.61256995225271,0.15299259843628465,0.0
65bf4676ede7f818,COph100/026/026_M_GA33_BW1700_PA36_DG11_PF0_D1_S02_10__026_M_GA33_BW1700_PA42_DG11_PF0_D1_S05_8,COph100/patient/026,COph100,xfeat_h,ok,True,False,False,12.93210845552049,-1.1116693381786593,0.016045368200539034,0.0
fc9caea3d7753777,COph100/026/026_M_GA33_BW1700_PA36_DG11_PF0_D1_S02_10__026_M_GA33_BW1700_PA42_DG11_PF0_D1_S05_8,COph100/patient/026,COph100,xfeat_tps,ok,True,False,False,,3.0,11.988301941940357,0.0
2d1f3cefa8da74ef,COph100/026/026_M_GA33_BW1700_PA38_DG11_PF0_D1_S03_2__026_M_GA33_BW1700_PA40_DG11_PF0_D1_S04_11,COph100/patient/026,COph100,sift_h,ok,True,True,False,0.0,3.0,1631085.7607717963,0.041015625
ee1b915b972ab4ef,COph100/026/026_M_GA33_BW1700_PA38_DG11_PF0_D1_S03_2__026_M_GA33_BW1700_PA40_DG11_PF0_D1_S04_11,COph100/patient/026,COph100,sp_lg_h,ok,True,False,False,1.32254639458287,-0.12141091591169763,1.7392387507786928,0.0
31aa346f0de81b7e,COph100/026/026_M_GA33_BW1700_PA38_DG11_PF0_D1_S03_2__026_M_GA33_BW1700_PA40_DG11_PF0_D1_S04_11,COph100/patient/026,COph100,xfeat_h,ok,True,False,False,3.2008941586344415,-0.5052713139188977,0.21465185168041878,0.0
fd7cbcf19df9e53d,COph100/026/026_M_GA33_BW1700_PA38_DG11_PF0_D1_S03_2__026_M_GA33_BW1700_PA40_DG11_PF0_D1_S04_11,COph100/patient/026,COph100,xfeat_tps,ok,True,False,False,,3.0,5.912796902709397,0.0
8d97f87f52cd4a9a,COph100/026/026_M_GA33_BW1700_PA38_DG11_PF0_D1_S03_2__026_M_GA33_BW1700_PA42_DG11_PF0_D1_S05_8,COph100/patient/026,COph100,sift_h,ok,True,False,False,5.415846488560243,-0.7336663458329131,0.0829437911268972,0.0
7007d5728b40c30d,COph100/026/026_M_GA33_BW1700_PA38_DG11_PF0_D1_S03_2__026_M_GA33_BW1700_PA42_DG11_PF0_D1_S05_8,COph100/patient/026,COph100,sp_lg_h,ok,False,False,False,4.563791750599069,-0.6593258190000963,0.09924038496622614,0.0
22d2acf30727160a,COph100/026/026_M_GA33_BW1700_PA38_DG11_PF0_D1_S03_2__026_M_GA33_BW1700_PA42_DG11_PF0_D1_S05_8,COph100/patient/026,COph100,xfeat_h,ok,True,False,False,19.425308018056946,-1.2883679139327657,0.007031129999484926,0.0
4b4e3fc7f1b869a3,COph100/026/026_M_GA33_BW1700_PA38_DG11_PF0_D1_S03_2__026_M_GA33_BW1700_PA42_DG11_PF0_D1_S05_8,COph100/patient/026,COph100,xfeat_tps,ok,True,False,False,,3.0,11.249684357947501,0.0
21191668f5ebc2e7,COph100/026/026_M_GA33_BW1700_PA40_DG11_PF0_D1_S04_11__026_M_GA33_BW1700_PA42_DG11_PF0_D1_S05_8,COph100/patient/026,COph100,sift_h,ok,True,True,True,0.0,3.0,3217986.511372475,0.3359375
a0b710c438d8f94e,COph100/026/026_M_GA33_BW1700_PA40_DG11_PF0_D1_S04_11__026_M_GA33_BW1700_PA42_DG11_PF0_D1_S05_8,COph100/patient/026,COph100,sp_lg_h,ok,True,False,False,6.814292159658186,-0.8334207498082181,0.052414506882474066,0.0
429f67141582d06a,COph100/026/026_M_GA33_BW1700_PA40_DG11_PF0_D1_S04_11__026_M_GA33_BW1700_PA42_DG11_PF0_D1_S05_8,COph100/patient/026,COph100,xfeat_h,ok,True,False,False,3.0055288604990333,-0.4779209026241486,0.2249891009846385,0.0
12f04bc25ba3d97c,COph100/026/026_M_GA33_BW1700_PA40_DG11_PF0_D1_S04_11__026_M_GA33_BW1700_PA42_DG11_PF0_D1_S05_8,COph100/patient/026,COph100,xfeat_tps,ok,True,False,False,,3.0,6.565400836864625,0.0
2926d413cc36170c,COph100/027/027_F_GA31_BW1460_PA33_DG11_PF0_D1_S01_4__027_F_GA31_BW1460_PA35_DG11_PF0_D1_S02_2,COph100/patient/027,COph100,sift_h,ok,True,False,False,1.2514743860291528,-0.09742196531456926,1.7078767429094577,1.0
b39be848519dd8cf,COph100/027/027_F_GA31_BW1460_PA33_DG11_PF0_D1_S01_4__027_F_GA31_BW1460_PA35_DG11_PF0_D1_S02_2,COph100/patient/027,COph100,sp_lg_h,ok,False,False,False,9.363660279287071,-0.9714456487764672,0.028580937327046516,0.0
581f56feff558c93,COph100/027/027_F_GA31_BW1460_PA33_DG11_PF0_D1_S01_4__027_F_GA31_BW1460_PA35_DG11_PF0_D1_S02_2,COph100/patient/027,COph100,xfeat_h,ok,False,False,False,9.437709017007242,-0.9748665830666661,0.02779552278276967,0.0
6eee1750ebaae950,COph100/027/027_F_GA31_BW1460_PA33_DG11_PF0_D1_S01_4__027_F_GA31_BW1460_PA35_DG11_PF0_D1_S02_2,COph100/patient/027,COph100,xfeat_tps,ok,False,False,False,,3.0,19.321797730416687,0.0
ec2f6996987ecf8c,COph100/027/027_F_GA31_BW1460_PA33_DG11_PF0_D1_S01_4__027_F_GA31_BW1460_PA37_DG11_PF0_D1_S03_5,COph100/patient/027,COph100,sift_h,ok,True,True,True,0.0,3.0,11026.528038357805,0.9189453125
14f2f3a852da6972,COph100/027/027_F_GA31_BW1460_PA33_DG11_PF0_D1_S01_4__027_F_GA31_BW1460_PA37_DG11_PF0_D1_S03_5,COph100/patient/027,COph100,sp_lg_h,ok,False,False,False,4.963361272201088,-0.6957758876924088,0.09248164839867991,0.0
3585412721dde77c,COph100/027/027_F_GA31_BW1460_PA33_DG11_PF0_D1_S01_4__027_F_GA31_BW1460_PA37_DG11_PF0_D1_S03_5,COph100/patient/027,COph100,xfeat_h,ok,True,False,False,2.915474712074767,-0.46470927883748975,0.2710152942375626,0.0
9ac6a9a24a045081,COph100/027/027_F_GA31_BW1460_PA33_DG11_PF0_D1_S01_4__027_F_GA31_BW1460_PA37_DG11_PF0_D1_S03_5,COph100/patient/027,COph100,xfeat_tps,ok,True,False,False,,3.0,14.289285006210346,0.0
aebf176415b63b6a,COph100/027/027_F_GA31_BW1460_PA33_DG11_PF0_D1_S01_4__027_F_GA31_BW1460_PA40_DG11_PF0_D1_S04_7,COph100/patient/027,COph100,sift_h,ok,True,True,False,0.0,3.0,7.972709519989375,0.025390625
c91bf0f15ee5f5b8,COph100/027/027_F_GA31_BW1460_PA33_DG11_PF0_D1_S01_4__027_F_GA31_BW1460_PA40_DG11_PF0_D1_S04_7,COph100/patient/027,COph100,sp_lg_h,ok,True,False,False,1.4615294496419071,-0.16480757076298433,0.938688251167508,0.0
496dbbb409f01f0a,COph100/027/027_F_GA31_BW1460_PA33_DG11_PF0_D1_S01_4__027_F_GA31_BW1460_PA40_DG11_PF0_D1_S04_7,COph100/patient/027,COph100,xfeat_h,ok,True,False,False,1.8134863742021867,-0.25851429681690363,0.5302167593258199,0.0
2b9ad9424b9222f7,COph100/027/027_F_GA31_BW1460_PA33_DG11_PF0_D1_S01_4__027_F_GA31_BW1460_PA40_DG11_PF0_D1_S04_7,COph100/patient/027,COph100,xfeat_tps,ok,True,False,False,,3.0,10.315670114224478,0.0
2e51dc12e56ffe46,COph100/027/027_F_GA31_BW1460_PA35_DG11_PF0_D1_S02_2__027_F_GA31_BW1460_PA37_DG11_PF0_D1_S03_5,COph100/patient/027,COph100,sift_h,ok,True,True,False,0.0,3.0,26365.8468633876,0.0859375
ef5a15a140ce96f6,COph100/027/027_F_GA31_BW1460_PA35_DG11_PF0_D1_S02_2__027_F_GA31_BW1460_PA37_DG11_PF0_D1_S03_5,COph100/patient/027,COph100,sp_lg_h,ok,False,False,False,14.905755086068508,-1.1733539811339464,0.011154680094427358,0.0
11ccd02387b3c3b1,COph100/027/027_F_GA31_BW1460_PA35_DG11_PF0_D1_S02_2__027_F_GA31_BW1460_PA37_DG11_PF0_D1_S03_5,COph100/patient/027,COph100,xfeat_h,ok,False,False,False,10.507538846037798,-1.0215010042533657,0.0237265439383091,0.0
48a16b926edd1731,COph100/027/027_F_GA31_BW1460_PA35_DG11_PF0_D1_S02_2__027_F_GA31_BW1460_PA37_DG11_PF0_D1_S03_5,COph100/patient/027,COph100,xfeat_tps,ok,True,False,False,,3.0,10.410701404427591,0.0
f086aff5795672a6,COph100/027/027_F_GA31_BW1460_PA35_DG11_PF0_D1_S02_2__027_F_GA31_BW1460_PA40_DG11_PF0_D1_S04_7,COph100/patient/027,COph100,sift_h,ok,True,True,False,0.0,3.0,185.43151544933124,0.0
e1e4b3b2ff1731c7,COph100/027/027_F_GA31_BW1460_PA35_DG11_PF0_D1_S02_2__027_F_GA31_BW1460_PA40_DG11_PF0_D1_S04_7,COph100/patient/027,COph100,sp_lg_h,ok,True,False,False,3.6102430035951043,-0.5575364350271537,0.16360555651360964,0.0
6ea624adebf0ebbc,COph100/027/027_F_GA31_BW1460_PA35_DG11_PF0_D1_S02_2__027_F_GA31_BW1460_PA40_DG11_PF0_D1_S04_7,COph100/patient/027,COph100,xfeat_h,ok,True,False,False,2.473123465169152,-0.3932457980852003,0.3169425425033187,0.0
86f398ca48fff32e,COph100/027/027_F_GA31_BW1460_PA35_DG11_PF0_D1_S02_2__027_F_GA31_BW1460_PA40_DG11_PF0_D1_S04_7,COph100/patient/027,COph100,xfeat_tps,ok,True,False,False,,3.0,8.089802056911774,0.0
6e9e7fe5afbe010f,COph100/027/027_F_GA31_BW1460_PA37_DG11_PF0_D1_S03_5__027_F_GA31_BW1460_PA40_DG11_PF0_D1_S04_7,COph100/patient/027,COph100,sift_h,ok,True,True,False,0.0,3.0,1198.9416113131379,0.0390625
3bf777b60f326659,COph100/027/027_F_GA31_BW1460_PA37_DG11_PF0_D1_S03_5__027_F_GA31_BW1460_PA40_DG11_PF0_D1_S04_7,COph100/patient/027,COph100,sp_lg_h,ok,False,False,False,7.223076256326443,-0.8587221998702552,0.04650702745765377,0.0
c34d68bbfa2b1657,COph100/027/027_F_GA31_BW1460_PA37_DG11_PF0_D1_S03_5__027_F_GA31_BW1460_PA40_DG11_PF0_D1_S04_7,COph100/patient/027,COph100,xfeat_h,ok,True,False,False,9.928727577597185,-0.9968935947756965,0.026034566787361074,0.0
306f7ee4089d39fb,COph100/027/027_F_GA31_BW1460_PA37_DG11_PF0_D1_S03_5__027_F_GA31_BW1460_PA40_DG11_PF0_D1_S04_7,COph100/patient/027,COph100,xfeat_tps,ok,False,False,False,,3.0,9.40218114944812,0.0
ebaac453d046e307,COph100/028-1/028_F_GA32_BW1760_PA33_DG0_PF0_D1_S01_6__028_F_GA32_BW1760_PA38_DG0_PF0_D1_S02_7,COph100/patient/028,COph100,sift_h,ok,True,False,False,5.9209118908615626,-0.7723885983903366,0.06445497045789719,0.0
f234b8f385443c8b,COph100/028-1/028_F_GA32_BW1760_PA33_DG0_PF0_D1_S01_6__028_F_GA32_BW1760_PA38_DG0_PF0_D1_S02_7,COph100/patient/028,COph100,sp_lg_h,ok,True,False,False,3.3776785459604457,-0.5286183153479268,0.1758639943180139,0.0
5ae4e7982f259364,COph100/028-1/028_F_GA32_BW1760_PA33_DG0_PF0_D1_S01_6__028_F_GA32_BW1760_PA38_DG0_PF0_D1_S02_7,COph100/patient/028,COph100,xfeat_h,ok,True,False,False,5.590318753423497,-0.747436571554795,0.07293690106426964,0.0
8fcd877d979b4ae5,COph100/028-1/028_F_GA32_BW1760_PA33_DG0_PF0_D1_S01_6__028_F_GA32_BW1760_PA38_DG0_PF0_D1_S02_7,COph100/patient/028,COph100,xfeat_tps,ok,False,False,False,,3.0,10.65593687265391,0.0
ea3f102b87f3bda1,COph100/028-1/028_F_GA32_BW1760_PA33_DG0_PF0_D1_S01_6__028_F_GA32_BW1760_PA41_DG0_PF0_D1_S03_7,COph100/patient/028,COph100,sift_h,ok,True,False,False,0.2655066349283853,0.5759246215626206,29.070328806259752,0.0
e5eda665cc226152,COph100/028-1/028_F_GA32_BW1760_PA33_DG0_PF0_D1_S01_6__028_F_GA32_BW1760_PA41_DG0_PF0_D1_S03_7,COph100/patient/028,COph100,sp_lg_h,ok,True,False,False,25.929472359369893,-1.4137936793707562,0.0036124099275509636,0.0
bf86db2f99b598ef,COph100/028-1/028_F_GA32_BW1760_PA33_DG0_PF0_D1_S01_6__028_F_GA32_BW1760_PA41_DG0_PF0_D1_S03_7,COph100/patient/028,COph100,xfeat_h,ok,True,False,False,1.6123874739057322,-0.20746941560681917,0.7171092634521348,0.0
1b2cc4332af4a8fc,COph100/028-1/028_F_GA32_BW1760_PA33_DG0_PF0_D1_S01_6__028_F_GA32_BW1760_PA41_DG0_PF0_D1_S03_7,COph100/patient/028,COph100,xfeat_tps,ok,True,False,False,,3.0,7.46317410273208,0.0
529df8d48717356d,COph100/028-1/028_F_GA32_BW1760_PA38_DG0_PF0_D1_S02_7__028_F_GA32_BW1760_PA41_DG0_PF0_D1_S03_7,COph100/patient/028,COph100,sift_h,ok,True,True,False,0.0,3.0,2339.1553528089235,0.068359375
bac5d25d8149809c,COph100/028-1/028_F_GA32_BW1760_PA38_DG0_PF0_D1_S02_7__028_F_GA32_BW1760_PA41_DG0_PF0_D1_S03_7,COph100/patient/028,COph100,sp_lg_h,ok,False,False,False,31.28969438668467,-1.4954013213173463,0.002738897870575165,0.0
dd92e19658b47b9f,COph100/028-1/028_F_GA32_BW1760_PA38_DG0_PF0_D1_S02_7__028_F_GA32_BW1760_PA41_DG0_PF0_D1_S03_7,COph100/patient/028,COph100,xfeat_h,ok,False,False,False,10.576841712312431,-1.0243560049693687,0.022732761423018936,0.0
5767a5fc41a196ed,COph100/028-1/028_F_GA32_BW1760_PA38_DG0_PF0_D1_S02_7__028_F_GA32_BW1760_PA41_DG0_PF0_D1_S03_7,COph100/patient/028,COph100,xfeat_tps,ok,False,False,False,,3.0,10.107673458512387,0.0
09c593ff4776c729,COph100/028/028_F_GA32_BW1760_PA33_DG0_PF0_D1_S01_2__028_F_GA32_BW1760_PA38_DG0_PF0_D1_S02_3,COph100/patient/028,COph100,sift_h,ok,True,True,False,0.0,3.0,312679.7457305179,0.9296875
ca98afbf7a20b7f8,COph100/028/028_F_GA32_BW1760_PA33_DG0_PF0_D1_S01_2__028_F_GA32_BW1760_PA38_DG0_PF0_D1_S02_3,COph100/patient/028,COph100,sp_lg_h,ok,False,False,False,10.15575632153065,-1.0067122718113524,0.023753428696790996,0.0
357d6359c73b952d,COph100/028/028_F_GA32_BW1760_PA33_DG0_PF0_D1_S01_2__028_F_GA32_BW1760_PA38_DG0_PF0_D1_S02_3,COph100/patient/028,COph100,xfeat_h,ok,True,False,False,9.869951744678168,-0.9943150293594822,0.02530993103408833,0.0
2eaa9e5f5c2fd45e,COph100/028/028_F_GA32_BW1760_PA33_DG0_PF0_D1_S01_2__028_F_GA32_BW1760_PA38_DG0_PF0_D1_S02_3,COph100/patient/028,COph100,xfeat_tps,ok,True,False,False,,3.0,13.007437249972682,0.0
36a5d609f237f98b,COph100/028/028_F_GA32_BW1760_PA33_DG0_PF0_D1_S01_2__028_F_GA32_BW1760_PA41_DG0_PF0_D1_S03_2,COph100/patient/028,COph100,sift_h,ok,True,True,False,0.0,3.0,8102912.4959916705,0.9716796875
683aad45393dc0fa,COph100/028/028_F_GA32_BW1760_PA33_DG0_PF0_D1_S01_2__028_F_GA32_BW1760_PA41_DG0_PF0_D1_S03_2,COph100/patient/028,COph100,sp_lg_h,ok,True,False,False,2.6499906388743315,-0.42324433978873127,0.2975891286276433,0.0
d7fff446eda4d3eb,COph100/028/028_F_GA32_BW1760_PA33_DG0_PF0_D1_S01_2__028_F_GA32_BW1760_PA41_DG0_PF0_D1_S03_2,COph100/patient/028,COph100,xfeat_h,ok,True,False,False,2.7141022121934624,-0.43362619901853533,0.31852304743701376,0.0
4d1622959123ed08,COph100/028/028_F_GA32_BW1760_PA33_DG0_PF0_D1_S01_2__028_F_GA32_BW1760_PA41_DG0_PF0_D1_S03_2,COph100/patient/028,COph100,xfeat_tps,ok,True,False,False,,3.0,6.303447839073702,0.0
691105a58c1b082d,COph100/028/028_F_GA32_BW1760_PA38_DG0_PF0_D1_S02_3__028_F_GA32_BW1760_PA41_DG0_PF0_D1_S03_2,COph100/patient/028,COph100,sift_h,ok,True,False,False,1.8040995032365856,-0.2562604869281265,0.6731511837636948,0.0
94ac0928bc1e9063,COph100/028/028_F_GA32_BW1760_PA38_DG0_PF0_D1_S02_3__028_F_GA32_BW1760_PA41_DG0_PF0_D1_S03_2,COph100/patient/028,COph100,sp_lg_h,ok,False,False,False,25.352316871872304,-1.4040176543475011,0.004189223699981967,0.0
ac715a44363ef230,COph100/028/028_F_GA32_BW1760_PA38_DG0_PF0_D1_S02_3__028_F_GA32_BW1760_PA41_DG0_PF0_D1_S03_2,COph100/patient/028,COph100,xfeat_h,ok,False,False,False,19.302127034923245,-1.2856051695585708,0.007056610185704748,0.0
dc5aea3ea4864718,COph100/028/028_F_GA32_BW1760_PA38_DG0_PF0_D1_S02_3__028_F_GA32_BW1760_PA41_DG0_PF0_D1_S03_2,COph100/patient/028,COph100,xfeat_tps,ok,False,False,False,,3.0,7.133586538387583,0.0
020ce9a918cdfea6,COph100/031-1/031_M_GA25_BW910_PA32_DG2_PF0_D1_S01_6__031_M_GA25_BW910_PA33_DG3_PF0_D1_S02_8,COph100/patient/031,COph100,sift_h,ok,True,False,False,5.052105353601682,-0.7034723984966715,0.11531775303455943,0.0
ac3854fbb5bf0657,COph100/031-1/031_M_GA25_BW910_PA32_DG2_PF0_D1_S01_6__031_M_GA25_BW910_PA33_DG3_PF0_D1_S02_8,COph100/patient/031,COph100,sp_lg_h,ok,True,False,False,6.63730074152908,-0.8219914963263101,0.05479250977432724,0.0
dad056bcfd20094c,COph100/031-1/031_M_GA25_BW910_PA32_DG2_PF0_D1_S01_6__031_M_GA25_BW910_PA33_DG3_PF0_D1_S02_8,COph100/patient/031,COph100,xfeat_h,ok,False,False,False,4.966281975315895,-0.6960313742695196,0.08970716288012226,0.0
1ccc0aa8b0be4d74,COph100/031-1/031_M_GA25_BW910_PA32_DG2_PF0_D1_S01_6__031_M_GA25_BW910_PA33_DG3_PF0_D1_S02_8,COph100/patient/031,COph100,xfeat_tps,ok,True,False,False,,3.0,3.171652004522773,0.0
ffbdba3b190f77a5,COph100/031-1/031_M_GA25_BW910_PA32_DG2_PF0_D1_S01_6__031_M_GA25_BW910_PA34_DG3_PF0_D1_S03_4,COph100/patient/031,COph100,sift_h,invalid_transform,True,False,False,,3.0,,
6634015b511f8554,COph100/031-1/031_M_GA25_BW910_PA32_DG2_PF0_D1_S01_6__031_M_GA25_BW910_PA34_DG3_PF0_D1_S03_4,COph100/patient/031,COph100,sp_lg_h,ok,False,False,False,11.31552774248265,-1.0536748137307204,0.019841465576449717,0.0
9298dede3236df30,COph100/031-1/031_M_GA25_BW910_PA32_DG2_PF0_D1_S01_6__031_M_GA25_BW910_PA34_DG3_PF0_D1_S03_4,COph100/patient/031,COph100,xfeat_h,ok,False,False,False,14.197278415282554,-1.1522050991360189,0.012617047310200013,0.0
8aa9ece53f276d8b,COph100/031-1/031_M_GA25_BW910_PA32_DG2_PF0_D1_S01_6__031_M_GA25_BW910_PA34_DG3_PF0_D1_S03_4,COph100/patient/031,COph100,xfeat_tps,ok,False,False,False,,3.0,8.588525295822588,0.0
77489fa3cfc93e98,COph100/031-1/031_M_GA25_BW910_PA32_DG2_PF0_D1_S01_6__031_M_GA25_BW910_PA35_DG3_PF0_D1_S04_7,COph100/patient/031,COph100,sift_h,ok,True,True,False,0.0,3.0,1412.8519620092384,0.0322265625
db97d529476568f6,COph100/031-1/031_M_GA25_BW910_PA32_DG2_PF0_D1_S01_6__031_M_GA25_BW910_PA35_DG3_PF0_D1_S04_7,COph100/patient/031,COph100,sp_lg_h,ok,False,False,False,5.023380945318192,-0.7009961138904514,0.09902653223438795,0.0
587cf0bd8a972d7e,COph100/031-1/031_M_GA25_BW910_PA32_DG2_PF0_D1_S01_6__031_M_GA25_BW910_PA35_DG3_PF0_D1_S04_7,COph100/patient/031,COph100,xfeat_h,ok,False,False,False,8.997077046637612,-0.9541014395840347,0.029955104941535683,0.0
554b0b113dad30d1,COph100/031-1/031_M_GA25_BW910_PA32_DG2_PF0_D1_S01_6__031_M_GA25_BW910_PA35_DG3_PF0_D1_S04_7,COph100/patient/031,COph100,xfeat_tps,ok,False,False,False,,3.0,12.04183849937002,0.0
9fa9b244be9f9243,COph100/031-1/031_M_GA25_BW910_PA32_DG2_PF0_D1_S01_6__031_M_GA25_BW910_PA36_DG3_PF0_D1_S05_10,COph100/patient/031,COph100,sift_h,ok,True,True,False,0.0,3.0,35658.75412184697,0.0263671875
e8e0f206823f09c1,COph100/031-1/031_M_GA25_BW910_PA32_DG2_PF0_D1_S01_6__031_M_GA25_BW910_PA36_DG3_PF0_D1_S05_10,COph100/patient/031,COph100,sp_lg_h,ok,False,False,False,14.697705594316652,-1.1672495438978765,0.01215060518981493,0.0
8b25afb5193d0eef,COph100/031-1/031_M_GA25_BW910_PA32_DG2_PF0_D1_S01_6__031_M_GA25_BW910_PA36_DG3_PF0_D1_S05_10,COph100/patient/031,COph100,xfeat_h,ok,False,False,False,4.420393832784052,-0.6454609643231518,0.1267057575065242,0.0
a15d4a800e415c88,COph100/031-1/031_M_GA25_BW910_PA32_DG2_PF0_D1_S01_6__031_M_GA25_BW910_PA36_DG3_PF0_D1_S05_10,COph100/patient/031,COph100,xfeat_tps,ok,True,False,False,,3.0,6.7840612286704935,0.0
36eef06367517358,COph100/031-1/031_M_GA25_BW910_PA32_DG2_PF0_D1_S01_6__031_M_GA25_BW910_PA37_DG3_PF0_D1_S06_10,COph100/patient/031,COph100,sift_h,invalid_transform,True,False,False,,3.0,,
06a7e90d4c3d8701,COph100/031-1/031_M_GA25_BW910_PA32_DG2_PF0_D1_S01_6__031_M_GA25_BW910_PA37_DG3_PF0_D1_S06_10,COph100/patient/031,COph100,sp_lg_h,invalid_transform,True,False,False,,3.0,,
7162899149b4729a,COph100/031-1/031_M_GA25_BW910_PA32_DG2_PF0_D1_S01_6__031_M_GA25_BW910_PA37_DG3_PF0_D1_S06_10,COph100/patient/031,COph100,xfeat_h,ok,True,False,False,2.054521327228143,-0.3127106538721283,0.35918505386429617,0.0
364068896dbbaf25,COph100/031-1/031_M_GA25_BW910_PA32_DG2_PF0_D1_S01_6__031_M_GA25_BW910_PA37_DG3_PF0_D1_S06_10,COph100/patient/031,COph100,xfeat_tps,ok,True,False,False,,3.0,1.592546070926898,0.0
c3bbe478d2ea7d4f,COph100/031-1/031_M_GA25_BW910_PA32_DG2_PF0_D1_S01_6__031_M_GA25_BW910_PA38_DG3_PF0_D1_S07_3,COph100/patient/031,COph100,sift_h,ok,True,False,False,0.8696022153773935,0.06067936252232332,2.122194492016353,0.0
8f9a81b81ffa05cb,COph100/031-1/031_M_GA25_BW910_PA32_DG2_PF0_D1_S01_6__031_M_GA25_BW910_PA38_DG3_PF0_D1_S07_3,COph100/patient/031,COph100,sp_lg_h,ok,False,False,False,23.128498670997693,-1.364147442538762,0.004679383509801498,0.0
a1225cf635012dc0,COph100/031-1/031_M_GA25_BW910_PA32_DG2_PF0_D1_S01_6__031_M_GA25_BW910_PA38_DG3_PF0_D1_S07_3,COph100/patient/031,COph100,xfeat_h,ok,True,False,False,7.718744438535211,-0.8875466620245417,0.041952645080329934,0.0
a564b847f6eac7a1,COph100/031-1/031_M_GA25_BW910_PA32_DG2_PF0_D1_S01_6__031_M_GA25_BW910_PA38_DG3_PF0_D1_S07_3,COph100/patient/031,COph100,xfeat_tps,ok,False,False,False,,3.0,7.693018704011484,0.0
050b2ecd242517c0,COph100/031-1/031_M_GA25_BW910_PA32_DG2_PF0_D1_S01_6__031_M_GA25_BW910_PA40_DG2_PF0_D1_S08_4,COph100/patient/031,COph100,sift_h,invalid_transform,True,False,False,,3.0,,
8865e66931594c8c,COph100/031-1/031_M_GA25_BW910_PA32_DG2_PF0_D1_S01_6__031_M_GA25_BW910_PA40_DG2_PF0_D1_S08_4,COph100/patient/031,COph100,sp_lg_h,ok,False,False,False,6.948743001147274,-0.8419062496205111,0.04434681367047754,0.0
e64dc350ae345dfb,COph100/031-1/031_M_GA25_BW910_PA32_DG2_PF0_D1_S01_6__031_M_GA25_BW910_PA40_DG2_PF0_D1_S08_4,COph100/patient/031,COph100,xfeat_h,ok,False,False,False,2.6282717044399346,-0.4196702595329093,0.30342622096259453,0.0
2ec63fa9d25f17ae,COph100/031-1/031_M_GA25_BW910_PA32_DG2_PF0_D1_S01_6__031_M_GA25_BW910_PA40_DG2_PF0_D1_S08_4,COph100/patient/031,COph100,xfeat_tps,ok,False,False,False,,3.0,7.679683316865971,0.0
d6125de12dca0232,COph100/031-1/031_M_GA25_BW910_PA32_DG2_PF0_D1_S01_6__031_M_GA25_BW910_PA43_DG9_PF0_D1_S09_4,COph100/patient/031,COph100,sift_h,invalid_transform,True,False,False,,3.0,,
35077f99b6b40a36,COph100/031-1/031_M_GA25_BW910_PA32_DG2_PF0_D1_S01_6__031_M_GA25_BW910_PA43_DG9_PF0_D1_S09_4,COph100/patient/031,COph100,sp_lg_h,ok,True,False,False,1.3174025257904016,-0.11971849175752342,1.0877016348026087,0.0
ff09bbdea693bf9d,COph100/031-1/031_M_GA25_BW910_PA32_DG2_PF0_D1_S01_6__031_M_GA25_BW910_PA43_DG9_PF0_D1_S09_4,COph100/patient/031,COph100,xfeat_h,ok,True,False,False,0.20299001905942665,0.6925253156531931,30.598957301996208,0.0
629e67a251062283,COph100/031-1/031_M_GA25_BW910_PA32_DG2_PF0_D1_S01_6__031_M_GA25_BW910_PA43_DG9_PF0_D1_S09_4,COph100/patient/031,COph100,xfeat_tps,ok,True,False,False,,3.0,3.738524163593426,0.0
8ee89595d933457b,COph100/031-1/031_M_GA25_BW910_PA33_DG3_PF0_D1_S02_8__031_M_GA25_BW910_PA34_DG3_PF0_D1_S03_4,COph100/patient/031,COph100,sift_h,ok,True,False,False,17.160234897206617,-1.2345232283764649,0.008656191191173836,0.0
e350f2847530ec18,COph100/031-1/031_M_GA25_BW910_PA33_DG3_PF0_D1_S02_8__031_M_GA25_BW910_PA34_DG3_PF0_D1_S03_4,COph100/patient/031,COph100,sp_lg_h,ok,False,False,False,17.845998665385668,-1.251540856171234,0.008049201746670637,0.0
e22c05ac679b9a25,COph100/031-1/031_M_GA25_BW910_PA33_DG3_PF0_D1_S02_8__031_M_GA25_BW910_PA34_DG3_PF0_D1_S03_4,COph100/patient/031,COph100,xfeat_h,ok,False,False,False,11.536956456856792,-1.062091253505396,0.02012950671413819,0.0
3f14e267529d3465,COph100/031-1/031_M_GA25_BW910_PA33_DG3_PF0_D1_S02_8__031_M_GA25_BW910_PA34_DG3_PF0_D1_S03_4,COph100/patient/031,COph100,xfeat_tps,ok,False,False,False,,3.0,5.209760950497148,0.0
1ed4b159bdbf5ee8,COph100/031-1/031_M_GA25_BW910_PA33_DG3_PF0_D1_S02_8__031_M_GA25_BW910_PA35_DG3_PF0_D1_S04_7,COph100/patient/031,COph100,sift_h,ok,True,False,False,0.45316656541027805,0.3437421398357075,12.45207806474906,0.0
1efbe71326823b3e,COph100/031-1/031_M_GA25_BW910_PA33_DG3_PF0_D1_S02_8__031_M_GA25_BW910_PA35_DG3_PF0_D1_S04_7,COph100/patient/031,COph100,sp_lg_h,ok,False,False,False,8.893782654182864,-0.9490865119756984,0.0337182529200057,0.0
136a4a71bc13f9df,COph100/031-1/031_M_GA25_BW910_PA33_DG3_PF0_D1_S02_8__031_M_GA25_BW910_PA35_DG3_PF0_D1_S04_7,COph100/patient/031,COph100,xfeat_h,ok,False,False,False,22.90500897109944,-1.3599304662102565,0.005261897454905278,0.0
91049b5742f1427a,COph100/031-1/031_M_GA25_BW910_PA33_DG3_PF0_D1_S02_8__031_M_GA25_BW910_PA35_DG3_PF0_D1_S04_7,COph100/patient/031,COph100,xfeat_tps,ok,False,False,False,,3.0,7.94120570581101,0.0
7874a6d77a2a1f26,COph100/031-1/031_M_GA25_BW910_PA33_DG3_PF0_D1_S02_8__031_M_GA25_BW910_PA36_DG3_PF0_D1_S05_10,COph100/patient/031,COph100,sift_h,ok,True,False,False,11.825845627288269,-1.0728322054888568,0.019908314906175652,0.0
d4571f2cea334c1a,COph100/031-1/031_M_GA25_BW910_PA33_DG3_PF0_D1_S02_8__031_M_GA25_BW910_PA36_DG3_PF0_D1_S05_10,COph100/patient/031,COph100,sp_lg_h,ok,False,False,False,3.465107638023546,-0.5397167298204395,0.16831335843766532,0.0
016798737f691cb4,COph100/031-1/031_M_GA25_BW910_PA33_DG3_PF0_D1_S02_8__031_M_GA25_BW910_PA36_DG3_PF0_D1_S05_10,COph100/patient/031,COph100,xfeat_h,ok,False,False,False,4.928258268971356,-0.692693459272038,0.09307825322425307,0.0
d9eed2daea096430,COph100/031-1/031_M_GA25_BW910_PA33_DG3_PF0_D1_S02_8__031_M_GA25_BW910_PA36_DG3_PF0_D1_S05_10,COph100/patient/031,COph100,xfeat_tps,ok,False,False,False,,3.0,6.587133899585657,0.0
4b02f814429f08a8,COph100/031-1/031_M_GA25_BW910_PA33_DG3_PF0_D1_S02_8__031_M_GA25_BW910_PA37_DG3_PF0_D1_S06_10,COph100/patient/031,COph100,sift_h,ok,True,True,True,0.0,3.0,2931274342.1230016,0.4033203125
9145e15b74c36c09,COph100/031-1/031_M_GA25_BW910_PA33_DG3_PF0_D1_S02_8__031_M_GA25_BW910_PA37_DG3_PF0_D1_S06_10,COph100/patient/031,COph100,sp_lg_h,ok,False,False,False,10.998423273841537,-1.0413304294717387,0.021436998362344372,0.0
cd30a9dff6218cb1,COph100/031-1/031_M_GA25_BW910_PA33_DG3_PF0_D1_S02_8__031_M_GA25_BW910_PA37_DG3_PF0_D1_S06_10,COph100/patient/031,COph100,xfeat_h,ok,True,False,False,3.8370852479242434,-0.5840014479582397,0.17040431579653761,0.0
e4cffe3b0cdcfe55,COph100/031-1/031_M_GA25_BW910_PA33_DG3_PF0_D1_S02_8__031_M_GA25_BW910_PA37_DG3_PF0_D1_S06_10,COph100/patient/031,COph100,xfeat_tps,ok,True,False,False,,3.0,5.212072160086866,0.0
49831437acd8c682,COph100/031-1/031_M_GA25_BW910_PA33_DG3_PF0_D1_S02_8__031_M_GA25_BW910_PA38_DG3_PF0_D1_S07_3,COph100/patient/031,COph100,sift_h,ok,True,False,False,8.397270992382175,-0.9241381687386618,0.03765159027966232,0.0
69a1c6535729faf3,COph100/031-1/031_M_GA25_BW910_PA33_DG3_PF0_D1_S02_8__031_M_GA25_BW910_PA38_DG3_PF0_D1_S07_3,COph100/patient/031,COph100,sp_lg_h,ok,False,False,False,5.071549120635257,-0.7051406362135492,0.07977270707596251,0.0
8a73f4b2ac4b15dc,COph100/031-1/031_M_GA25_BW910_PA33_DG3_PF0_D1_S02_8__031_M_GA25_BW910_PA38_DG3_PF0_D1_S07_3,COph100/patient/031,COph100,xfeat_h,ok,False,False,False,5.998386999855201,-0.7780344818436018,0.061640522598257946,0.0
07b0dbdb84fd9a99,COph100/031-1/031_M_GA25_BW910_PA33_DG3_PF0_D1_S02_8__031_M_GA25_BW910_PA38_DG3_PF0_D1_S07_3,COph100/patient/031,COph100,xfeat_tps,ok,False,False,False,,3.0,6.472960433401032,0.0
630a6792d15f5817,COph100/031-1/031_M_GA25_BW910_PA33_DG3_PF0_D1_S02_8__031_M_GA25_BW910_PA40_DG2_PF0_D1_S08_4,COph100/patient/031,COph100,sift_h,ok,True,False,False,1.1039843991813096,-0.04296293625790593,1.3290625009861134,0.0
2b5885648b6b6112,COph100/031-1/031_M_GA25_BW910_PA33_DG3_PF0_D1_S02_8__031_M_GA25_BW910_PA40_DG2_PF0_D1_S08_4,COph100/patient/031,COph100,sp_lg_h,ok,False,False,False,3.453554779376825,-0.5382663490615512,0.20446215832995132,0.0
81150837f1268b86,COph100/031-1/031_M_GA25_BW910_PA33_DG3_PF0_D1_S02_8__031_M_GA25_BW910_PA40_DG2_PF0_D1_S08_4,COph100/patient/031,COph100,xfeat_h,ok,False,False,False,4.626792964512837,-0.6652800665236044,0.09235475299237461,0.0
ecba07e3e8d36eb4,COph100/031-1/031_M_GA25_BW910_PA33_DG3_PF0_D1_S02_8__031_M_GA25_BW910_PA40_DG2_PF0_D1_S08_4,COph100/patient/031,COph100,xfeat_tps,ok,False,False,False,,3.0,6.358920590980878,0.0
222f9e8a6bcd064e,COph100/031-1/031_M_GA25_BW910_PA33_DG3_PF0_D1_S02_8__031_M_GA25_BW910_PA43_DG9_PF0_D1_S09_4,COph100/patient/031,COph100,sift_h,ok,True,True,False,0.0,3.0,16797.701521262832,0.96875
39f3835014aee014,COph100/031-1/031_M_GA25_BW910_PA33_DG3_PF0_D1_S02_8__031_M_GA25_BW910_PA43_DG9_PF0_D1_S09_4,COph100/patient/031,COph100,sp_lg_h,ok,True,False,False,4.494209938004079,-0.6526533557527037,0.11833907311569766,0.0
19e7a568a9a0d695,COph100/031-1/031_M_GA25_BW910_PA33_DG3_PF0_D1_S02_8__031_M_GA25_BW910_PA43_DG9_PF0_D1_S09_4,COph100/patient/031,COph100,xfeat_h,ok,True,False,False,28.082399753996338,-1.4484342172536073,0.003180235457691716,0.0
cc120e441ed60030,COph100/031-1/031_M_GA25_BW910_PA33_DG3_PF0_D1_S02_8__031_M_GA25_BW910_PA43_DG9_PF0_D1_S09_4,COph100/patient/031,COph100,xfeat_tps,ok,True,False,False,,3.0,6.04895189502108,0.0
8b1a8e1ea55f52cf,COph100/031-1/031_M_GA25_BW910_PA34_DG3_PF0_D1_S03_4__031_M_GA25_BW910_PA35_DG3_PF0_D1_S04_7,COph100/patient/031,COph100,sift_h,ok,True,False,False,4.110060550332282,-0.6138482200467461,0.14087857445677263,0.0
154021d747670535,COph100/031-1/031_M_GA25_BW910_PA34_DG3_PF0_D1_S03_4__031_M_GA25_BW910_PA35_DG3_PF0_D1_S04_7,COph100/patient/031,COph100,sp_lg_h,ok,False,False,False,50.34696724233084,-1.7019733150169587,0.0011145940850149012,0.0
114aa7d01b6d7e5b,COph100/031-1/031_M_GA25_BW910_PA34_DG3_PF0_D1_S03_4__031_M_GA25_BW910_PA35_DG3_PF0_D1_S04_7,COph100/patient/031,COph100,xfeat_h,ok,False,False,False,45.723962329591856,-1.6601438582786703,0.0013443480878990932,0.0
5e6b87c537947549,COph100/031-1/031_M_GA25_BW910_PA34_DG3_PF0_D1_S03_4__031_M_GA25_BW910_PA35_DG3_PF0_D1_S04_7,COph100/patient/031,COph100,xfeat_tps,ok,False,False,False,,3.0,9.348484888133523,0.0
8abfc828cf4457c4,COph100/031-1/031_M_GA25_BW910_PA34_DG3_PF0_D1_S03_4__031_M_GA25_BW910_PA36_DG3_PF0_D1_S05_10,COph100/patient/031,COph100,sift_h,invalid_transform,True,False,False,,3.0,,
e12a5f3d732c2adc,COph100/031-1/031_M_GA25_BW910_PA34_DG3_PF0_D1_S03_4__031_M_GA25_BW910_PA36_DG3_PF0_D1_S05_10,COph100/patient/031,COph100,sp_lg_h,ok,True,False,False,20.595585388772314,-1.313774140429389,0.006440248347210324,0.0
f41ea506eddab589,COph100/031-1/031_M_GA25_BW910_PA34_DG3_PF0_D1_S03_4__031_M_GA25_BW910_PA36_DG3_PF0_D1_S05_10,COph100/patient/031,COph100,xfeat_h,ok,False,False,False,9.97088326206636,-0.9987336316166447,0.027246298551727017,0.0
093128cb9c4a767d,COph100/031-1/031_M_GA25_BW910_PA34_DG3_PF0_D1_S03_4__031_M_GA25_BW910_PA36_DG3_PF0_D1_S05_10,COph100/patient/031,COph100,xfeat_tps,ok,False,False,False,,3.0,9.258883022499592,0.0
a508c15668fc8789,COph100/031-1/031_M_GA25_BW910_PA34_DG3_PF0_D1_S03_4__031_M_GA25_BW910_PA37_DG3_PF0_D1_S06_10,COph100/patient/031,COph100,sift_h,ok,True,False,False,0.8247741332485631,0.08366496795195288,2.3135238036534895,0.0
cb4687e6954b1826,COph100/031-1/031_M_GA25_BW910_PA34_DG3_PF0_D1_S03_4__031_M_GA25_BW910_PA37_DG3_PF0_D1_S06_10,COph100/patient/031,COph100,sp_lg_h,ok,False,False,False,20.997666853535208,-1.3221710409754566,0.005909618624718154,0.0
3cc4d4a7e816959a,COph100/031-1/031_M_GA25_BW910_PA34_DG3_PF0_D1_S03_4__031_M_GA25_BW910_PA37_DG3_PF0_D1_S06_10,COph100/patient/031,COph100,xfeat_h,ok,False,False,False,3.77713220786282,-0.5771621863473589,0.15673783081485732,0.0
9787f01609b53a75,COph100/031-1/031_M_GA25_BW910_PA34_DG3_PF0_D1_S03_4__031_M_GA25_BW910_PA37_DG3_PF0_D1_S06_10,COph100/patient/031,COph100,xfeat_tps,ok,False,False,False,,3.0,10.820483075877751,0.0
49efae197ba429e1,COph100/031-1/031_M_GA25_BW910_PA34_DG3_PF0_D1_S03_4__031_M_GA25_BW910_PA38_DG3_PF0_D1_S07_3,COph100/patient/031,COph100,sift_h,ok,True,True,False,0.0,3.0,20346.17755641204,0.974609375
960d009dc35a21ad,COph100/031-1/031_M_GA25_BW910_PA34_DG3_PF0_D1_S03_4__031_M_GA25_BW910_PA38_DG3_PF0_D1_S07_3,COph100/patient/031,COph100,sp_lg_h,ok,False,False,False,104.36307378386536,-2.0185468618014335,0.00024647946069643035,0.0
cfa9d441f22a58f3,COph100/031-1/031_M_GA25_BW910_PA34_DG3_PF0_D1_S03_4__031_M_GA25_BW910_PA38_DG3_PF0_D1_S07_3,COph100/patient/031,COph100,xfeat_h,ok,False,False,False,5.887919394147173,-0.7699618558612508,0.07359954297747293,0.0
46b24620ac87d455,COph100/031-1/031_M_GA25_BW910_PA34_DG3_PF0_D1_S03_4__031_M_GA25_BW910_PA38_DG3_PF0_D1_S07_3,COph100/patient/031,COph100,xfeat_tps,ok,False,False,False,,3.0,16.813089938664575,0.0
a4e139d9c387cd3e,COph100/031-1/031_M_GA25_BW910_PA34_DG3_PF0_D1_S03_4__031_M_GA25_BW910_PA40_DG2_PF0_D1_S08_4,COph100/patient/031,COph100,sift_h,ok,True,True,True,0.0,3.0,762434.7675868772,0.8759765625
3d3c72ef3b5e119e,COph100/031-1/031_M_GA25_BW910_PA34_DG3_PF0_D1_S03_4__031_M_GA25_BW910_PA40_DG2_PF0_D1_S08_4,COph100/patient/031,COph100,sp_lg_h,ok,False,False,False,6.457481354831496,-0.8100631608762513,0.05619978623893519,0.0
3f4c6351bcf84062,COph100/031-1/031_M_GA25_BW910_PA34_DG3_PF0_D1_S03_4__031_M_GA25_BW910_PA40_DG2_PF0_D1_S08_4,COph100/patient/031,COph100,xfeat_h,ok,False,False,False,6.175730573612265,-0.7906883409310119,0.06421793623744372,0.0
5694760613cc787b,COph100/031-1/031_M_GA25_BW910_PA34_DG3_PF0_D1_S03_4__031_M_GA25_BW910_PA40_DG2_PF0_D1_S08_4,COph100/patient/031,COph100,xfeat_tps,ok,False,False,False,,3.0,9.055084796008316,0.0
f2937941e934991a,COph100/031-1/031_M_GA25_BW910_PA34_DG3_PF0_D1_S03_4__031_M_GA25_BW910_PA43_DG9_PF0_D1_S09_4,COph100/patient/031,COph100,sift_h,ok,True,True,False,0.0,3.0,11.760946386686001,0.0107421875
4b4a4c227fe3ff40,COph100/031-1/031_M_GA25_BW910_PA34_DG3_PF0_D1_S03_4__031_M_GA25_BW910_PA43_DG9_PF0_D1_S09_4,COph100/patient/031,COph100,sp_lg_h,ok,False,False,False,2.2437867894942647,-0.35098158674395014,0.37957111760684364,0.0
043dcc090c3ed9d9,COph100/031-1/031_M_GA25_BW910_PA34_DG3_PF0_D1_S03_4__031_M_GA25_BW910_PA43_DG9_PF0_D1_S09_4,COph100/patient/031,COph100,xfeat_h,ok,False,False,False,2.5138285652196597,-0.40033565691486317,0.30670625698733217,0.0
c5c5d75d96150854,COph100/031-1/031_M_GA25_BW910_PA34_DG3_PF0_D1_S03_4__031_M_GA25_BW910_PA43_DG9_PF0_D1_S09_4,COph100/patient/031,COph100,xfeat_tps,ok,False,False,False,,3.0,9.375546319290576,0.0
eaf325eea3104412,COph100/031-1/031_M_GA25_BW910_PA35_DG3_PF0_D1_S04_7__031_M_GA25_BW910_PA36_DG3_PF0_D1_S05_10,COph100/patient/031,COph100,sift_h,ok,True,True,True,0.0,3.0,372.4649276763875,0.1025390625
8c681511a9708593,COph100/031-1/031_M_GA25_BW910_PA35_DG3_PF0_D1_S04_7__031_M_GA25_BW910_PA36_DG3_PF0_D1_S05_10,COph100/patient/031,COph100,sp_lg_h,ok,False,False,False,9.510902407838001,-0.9782217253655275,0.03016160433032801,0.0
8c8d5a10c72915ae,COph100/031-1/031_M_GA25_BW910_PA35_DG3_PF0_D1_S04_7__031_M_GA25_BW910_PA36_DG3_PF0_D1_S05_10,COph100/patient/031,COph100,xfeat_h,ok,True,False,False,6.194971302278767,-0.7920392988814379,0.06769499388584319,0.0
3d19b7ad5952c349,COph100/031-1/031_M_GA25_BW910_PA35_DG3_PF0_D1_S04_7__031_M_GA25_BW910_PA36_DG3_PF0_D1_S05_10,COph100/patient/031,COph100,xfeat_tps,ok,True,False,False,,3.0,6.231327508117081,0.0
d4afb00193bcd10c,COph100/031-1/031_M_GA25_BW910_PA35_DG3_PF0_D1_S04_7__031_M_GA25_BW910_PA37_DG3_PF0_D1_S06_10,COph100/patient/031,COph100,sift_h,ok,True,False,False,3.576390409793872,-0.5534449216351689,0.12949694547155605,0.0
0a27f1cc2c47dbd8,COph100/031-1/031_M_GA25_BW910_PA35_DG3_PF0_D1_S04_7__031_M_GA25_BW910_PA37_DG3_PF0_D1_S06_10,COph100/patient/031,COph100,sp_lg_h,ok,False,False,False,18.78721339313125,-1.273862368299901,0.0073419263304703025,0.0
dc1134407d69bda5,COph100/031-1/031_M_GA25_BW910_PA35_DG3_PF0_D1_S04_7__031_M_GA25_BW910_PA37_DG3_PF0_D1_S06_10,COph100/patient/031,COph100,xfeat_h,ok,True,False,False,4.533694616294488,-0.6564522632706842,0.1143880022395806,0.0
a492a70219441a97,COph100/031-1/031_M_GA25_BW910_PA35_DG3_PF0_D1_S04_7__031_M_GA25_BW910_PA37_DG3_PF0_D1_S06_10,COph100/patient/031,COph100,xfeat_tps,ok,True,False,False,,3.0,9.501628904322255,0.0
b5d2b4e18caac09b,COph100/031-1/031_M_GA25_BW910_PA35_DG3_PF0_D1_S04_7__031_M_GA25_BW910_PA38_DG3_PF0_D1_S07_3,COph100/patient/031,COph100,sift_h,ok,True,True,False,0.0,3.0,2232.650799272847,0.9765625
b323528b67436d86,COph100/031-1/031_M_GA25_BW910_PA35_DG3_PF0_D1_S04_7__031_M_GA25_BW910_PA38_DG3_PF0_D1_S07_3,COph100/patient/031,COph100,sp_lg_h,ok,False,False,False,37.44478716489834,-1.5733913664120946,0.0018651659775421815,0.0
eeeaf15494d210a7,COph100/031-1/031_M_GA25_BW910_PA35_DG3_PF0_D1_S04_7__031_M_GA25_BW910_PA38_DG3_PF0_D1_S07_3,COph100/patient/031,COph100,xfeat_h,ok,False,False,False,12.258459412601683,-1.0884358934575213,0.017009920063073863,0.0
0cdb27e3ab8a93c3,COph100/031-1/031_M_GA25_BW910_PA35_DG3_PF0_D1_S04_7__031_M_GA25_BW910_PA38_DG3_PF0_D1_S07_3,COph100/patient/031,COph100,xfeat_tps,ok,False,False,False,,3.0,13.381539840169815,0.0
3e5379596050156a,COph100/031-1/031_M_GA25_BW910_PA35_DG3_PF0_D1_S04_7__031_M_GA25_BW910_PA40_DG2_PF0_D1_S08_4,COph100/patient/031,COph100,sift_h,invalid_transform,True,False,False,,3.0,,
9acc042d65bc3423,COph100/031-1/031_M_GA25_BW910_PA35_DG3_PF0_D1_S04_7__031_M_GA25_BW910_PA40_DG2_PF0_D1_S08_4,COph100/patient/031,COph100,sp_lg_h,ok,False,False,False,6.257305779257084,-0.7963873784071547,0.05608941035880852,0.0
791301c506cda68c,COph100/031-1/031_M_GA25_BW910_PA35_DG3_PF0_D1_S04_7__031_M_GA25_BW910_PA40_DG2_PF0_D1_S08_4,COph100/patient/031,COph100,xfeat_h,ok,False,False,False,8.726602270593148,-0.9408451827247263,0.03156140509604115,0.0
3d88322fd29a6898,COph100/031-1/031_M_GA25_BW910_PA35_DG3_PF0_D1_S04_7__031_M_GA25_BW910_PA40_DG2_PF0_D1_S08_4,COph100/patient/031,COph100,xfeat_tps,ok,False,False,False,,3.0,16.885389145531157,0.0
ab715cafd55ed6ce,COph100/031-1/031_M_GA25_BW910_PA35_DG3_PF0_D1_S04_7__031_M_GA25_BW910_PA43_DG9_PF0_D1_S09_4,COph100/patient/031,COph100,sift_h,ok,True,True,False,0.0,3.0,32761.63447223788,0.021484375
bace230a3f39722f,COph100/031-1/031_M_GA25_BW910_PA35_DG3_PF0_D1_S04_7__031_M_GA25_BW910_PA43_DG9_PF0_D1_S09_4,COph100/patient/031,COph100,sp_lg_h,ok,True,False,False,3.8621424553584722,-0.5868282887170925,0.14967552781448998,0.0
50dc29b37705cbb6,COph100/031-1/031_M_GA25_BW910_PA35_DG3_PF0_D1_S04_7__031_M_GA25_BW910_PA43_DG9_PF0_D1_S09_4,COph100/patient/031,COph100,xfeat_h,ok,True,False,False,3.0398843763721475,-0.4828570653000322,0.23847065588696562,0.0
523a6755584ddc40,COph100/031-1/031_M_GA25_BW910_PA35_DG3_PF0_D1_S04_7__031_M_GA25_BW910_PA43_DG9_PF0_D1_S09_4,COph100/patient/031,COph100,xfeat_tps,ok,True,False,False,,3.0,10.790580702030635,0.0
6f537b6cede6cc67,COph100/031-1/031_M_GA25_BW910_PA36_DG3_PF0_D1_S05_10__031_M_GA25_BW910_PA37_DG3_PF0_D1_S06_10,COph100/patient/031,COph100,sift_h,ok,True,True,True,0.0,3.0,180349136.97098306,0.4755859375
3c91c5b167e8c35c,COph100/031-1/031_M_GA25_BW910_PA36_DG3_PF0_D1_S05_10__031_M_GA25_BW910_PA37_DG3_PF0_D1_S06_10,COph100/patient/031,COph100,sp_lg_h,ok,False,False,False,8.110786240957287,-0.9090629557596742,0.03887905906377827,0.0
2584fbef6b0da16e,COph100/031-1/031_M_GA25_BW910_PA36_DG3_PF0_D1_S05_10__031_M_GA25_BW910_PA37_DG3_PF0_D1_S06_10,COph100/patient/031,COph100,xfeat_h,ok,False,False,False,9.543868970212475,-0.9797244681827885,0.027612112010845787,0.0
c83ddf5be92e5c82,COph100/031-1/031_M_GA25_BW910_PA36_DG3_PF0_D1_S05_10__031_M_GA25_BW910_PA37_DG3_PF0_D1_S06_10,COph100/patient/031,COph100,xfeat_tps,ok,False,False,False,,3.0,9.347062891847703,0.0
609fc678b8f6d637,COph100/031-1/031_M_GA25_BW910_PA36_DG3_PF0_D1_S05_10__031_M_GA25_BW910_PA38_DG3_PF0_D1_S07_3,COph100/patient/031,COph100,sift_h,invalid_transform,True,False,False,,3.0,,
2ddf3ef8c313afb9,COph100/031-1/031_M_GA25_BW910_PA36_DG3_PF0_D1_S05_10__031_M_GA25_BW910_PA38_DG3_PF0_D1_S07_3,COph100/patient/031,COph100,sp_lg_h,ok,True,False,False,3.5086830325158203,-0.5451441366830677,0.19019644023063115,0.0
bfb064b6dbd711e9,COph100/031-1/031_M_GA25_BW910_PA36_DG3_PF0_D1_S05_10__031_M_GA25_BW910_PA38_DG3_PF0_D1_S07_3,COph100/patient/031,COph100,xfeat_h,ok,False,False,False,8.399710550804556,-0.9242643207816162,0.03592977809497504,0.0
7c97ae54473c4ee1,COph100/031-1/031_M_GA25_BW910_PA36_DG3_PF0_D1_S05_10__031_M_GA25_BW910_PA38_DG3_PF0_D1_S07_3,COph100/patient/031,COph100,xfeat_tps,ok,False,False,False,,3.0,8.120066028184414,0.0
8e78de9dca28bc08,COph100/031-1/031_M_GA25_BW910_PA36_DG3_PF0_D1_S05_10__031_M_GA25_BW910_PA40_DG2_PF0_D1_S08_4,COph100/patient/031,COph100,sift_h,ok,True,True,True,0.0,3.0,166951937.5271,0.4287109375
6a44fd51a8e3a6e3,COph100/031-1/031_M_GA25_BW910_PA36_DG3_PF0_D1_S05_10__031_M_GA25_BW910_PA40_DG2_PF0_D1_S08_4,COph100/patient/031,COph100,sp_lg_h,ok,False,False,False,20.674520247300652,-1.3154354405284578,0.005446279749015388,0.0
bff238a0ffff747d,COph100/031-1/031_M_GA25_BW910_PA36_DG3_PF0_D1_S05_10__031_M_GA25_BW910_PA40_DG2_PF0_D1_S08_4,COph100/patient/031,COph100,xfeat_h,ok,False,False,False,6.4987888636454745,-0.8128324275897503,0.056981575230213334,0.0
60e6c1df436c10d8,COph100/031-1/031_M_GA25_BW910_PA36_DG3_PF0_D1_S05_10__031_M_GA25_BW910_PA40_DG2_PF0_D1_S08_4,COph100/patient/031,COph100,xfeat_tps,ok,False,False,False,,3.0,10.61945801474617,0.0
4a4440f9de5a0601,COph100/031-1/031_M_GA25_BW910_PA36_DG3_PF0_D1_S05_10__031_M_GA25_BW910_PA43_DG9_PF0_D1_S09_4,COph100/patient/031,COph100,sift_h,ok,True,True,True,0.0,3.0,17542040.967647165,0.7890625
63251799a70598ca,COph100/031-1/031_M_GA25_BW910_PA36_DG3_PF0_D1_S05_10__031_M_GA25_BW910_PA43_DG9_PF0_D1_S09_4,COph100/patient/031,COph100,sp_lg_h,ok,False,False,False,20.648220362401425,-1.3148826264478755,0.005543860091080186,0.0
2a74f2045c2a737e,COph100/031-1/031_M_GA25_BW910_PA36_DG3_PF0_D1_S05_10__031_M_GA25_BW910_PA43_DG9_PF0_D1_S09_4,COph100/patient/031,COph100,xfeat_h,ok,True,False,False,1.9129534877276382,-0.28170441055588913,0.5693431465780873,0.0
dd9e69d173dbc7b8,COph100/031-1/031_M_GA25_BW910_PA36_DG3_PF0_D1_S05_10__031_M_GA25_BW910_PA43_DG9_PF0_D1_S09_4,COph100/patient/031,COph100,xfeat_tps,ok,True,False,False,,3.0,9.96483965167847,0.0
941b9b69af12b68b,COph100/031-1/031_M_GA25_BW910_PA37_DG3_PF0_D1_S06_10__031_M_GA25_BW910_PA38_DG3_PF0_D1_S07_3,COph100/patient/031,COph100,sift_h,ok,True,False,False,3.0552177409974663,-0.48504216722796534,0.21374581149298705,0.0
919b7dafa6b5d950,COph100/031-1/031_M_GA25_BW910_PA37_DG3_PF0_D1_S06_10__031_M_GA25_BW910_PA38_DG3_PF0_D1_S07_3,COph100/patient/031,COph100,sp_lg_h,ok,False,False,False,71.97204948800596,-1.8571638699052024,0.0005485367183273793,0.0
380fb50cc96f323e,COph100/031-1/031_M_GA25_BW910_PA37_DG3_PF0_D1_S06_10__031_M_GA25_BW910_PA38_DG3_PF0_D1_S07_3,COph100/patient/031,COph100,xfeat_h,ok,False,False,False,38.91150492761227,-1.5900780277484523,0.0018656934393554401,0.0
e0c1e0b404ad6354,COph100/031-1/031_M_GA25_BW910_PA37_DG3_PF0_D1_S06_10__031_M_GA25_BW910_PA38_DG3_PF0_D1_S07_3,COph100/patient/031,COph100,xfeat_tps,ok,False,False,False,,3.0,9.340965001438711,0.0
015028b378902392,COph100/031-1/031_M_GA25_BW910_PA37_DG3_PF0_D1_S06_10__031_M_GA25_BW910_PA40_DG2_PF0_D1_S08_4,COph100/patient/031,COph100,sift_h,ok,True,False,False,6.822541028129245,-0.8339461560292273,0.057975571708088425,0.0
ebab92808ea02ae9,COph100/031-1/031_M_GA25_BW910_PA37_DG3_PF0_D1_S06_10__031_M_GA25_BW910_PA40_DG2_PF0_D1_S08_4,COph100/patient/031,COph100,sp_lg_h,ok,False,False,False,16.000583335602208,-1.2041358160818663,0.009809301519191809,0.0
22ca293e2206020e,COph100/031-1/031_M_GA25_BW910_PA37_DG3_PF0_D1_S06_10__031_M_GA25_BW910_PA40_DG2_PF0_D1_S08_4,COph100/patient/031,COph100,xfeat_h,ok,False,False,False,6.979290542963187,-0.8438112780764806,0.05039882550530597,0.0
966bbe4bcc33b4eb,COph100/031-1/031_M_GA25_BW910_PA37_DG3_PF0_D1_S06_10__031_M_GA25_BW910_PA40_DG2_PF0_D1_S08_4,COph100/patient/031,COph100,xfeat_tps,ok,False,False,False,,3.0,12.856893113890095,0.0
4dfedb342ea9cf7b,COph100/031-1/031_M_GA25_BW910_PA37_DG3_PF0_D1_S06_10__031_M_GA25_BW910_PA43_DG9_PF0_D1_S09_4,COph100/patient/031,COph100,sift_h,ok,True,True,True,0.0,3.0,1234962497.6839273,0.6875
0f9447f02854c0c7,COph100/031-1/031_M_GA25_BW910_PA37_DG3_PF0_D1_S06_10__031_M_GA25_BW910_PA43_DG9_PF0_D1_S09_4,COph100/patient/031,COph100,sp_lg_h,ok,True,False,False,2.735662480831462,-0.4370625141904162,0.3199881845074121,0.0
49b799497db39447,COph100/031-1/031_M_GA25_BW910_PA37_DG3_PF0_D1_S06_10__031_M_GA25_BW910_PA43_DG9_PF0_D1_S09_4,COph100/patient/031,COph100,xfeat_h,ok,False,False,False,2.75132592911669,-0.4395420410739429,0.30325524514207214,0.0
4841f1ba74ebba13,COph100/031-1/031_M_GA25_BW910_PA37_DG3_PF0_D1_S06_10__031_M_GA25_BW910_PA43_DG9_PF0_D1_S09_4,COph100/patient/031,COph100,xfeat_tps,ok,False,False,False,,3.0,6.931140609854479,0.0
d0229d7b0137bfe0,COph100/031-1/031_M_GA25_BW910_PA38_DG3_PF0_D1_S07_3__031_M_GA25_BW910_PA40_DG2_PF0_D1_S08_4,COph100/patient/031,COph100,sift_h,ok,True,False,False,14.536495939575957,-1.1624597313161478,0.011649438347967132,0.0
7eacd620117b3dc4,COph100/031-1/031_M_GA25_BW910_PA38_DG3_PF0_D1_S07_3__031_M_GA25_BW910_PA40_DG2_PF0_D1_S08_4,COph100/patient/031,COph100,sp_lg_h,ok,False,False,False,40.14028311910758,-1.6035804313460984,0.0016206698404981476,0.0
d1234734c29f2b3d,COph100/031-1/031_M_GA25_BW910_PA38_DG3_PF0_D1_S07_3__031_M_GA25_BW910_PA40_DG2_PF0_D1_S08_4,COph100/patient/031,COph100,xfeat_h,ok,False,False,False,29.250190872027378,-1.4661287044147044,0.003051917673434713,0.0
f44e99e2f4853f33,COph100/031-1/031_M_GA25_BW910_PA38_DG3_PF0_D1_S07_3__031_M_GA25_BW910_PA40_DG2_PF0_D1_S08_4,COph100/patient/031,COph100,xfeat_tps,ok,False,False,False,,3.0,11.990060625896835,0.0
601255c2d1787137,COph100/031-1/031_M_GA25_BW910_PA38_DG3_PF0_D1_S07_3__031_M_GA25_BW910_PA43_DG9_PF0_D1_S09_4,COph100/patient/031,COph100,sift_h,ok,True,True,False,0.0,3.0,34305.56633902594,0.9833984375
480f9e0a83deba40,COph100/031-1/031_M_GA25_BW910_PA38_DG3_PF0_D1_S07_3__031_M_GA25_BW910_PA43_DG9_PF0_D1_S09_4,COph100/patient/031,COph100,sp_lg_h,ok,True,False,False,2.785763284245492,-0.44494421018067415,0.31336427507672193,0.0
6ce6f43359fc4b4d,COph100/031-1/031_M_GA25_BW910_PA38_DG3_PF0_D1_S07_3__031_M_GA25_BW910_PA43_DG9_PF0_D1_S09_4,COph100/patient/031,COph100,xfeat_h,ok,True,False,False,3.4463687871391753,-0.5373617483441512,0.20761574408683017,0.0
9ded059f8d2ea8ba,COph100/031-1/031_M_GA25_BW910_PA38_DG3_PF0_D1_S07_3__031_M_GA25_BW910_PA43_DG9_PF0_D1_S09_4,COph100/patient/031,COph100,xfeat_tps,ok,False,False,False,,3.0,7.290580953003865,0.0
192610bd1e503bba,COph100/031-1/031_M_GA25_BW910_PA40_DG2_PF0_D1_S08_4__031_M_GA25_BW910_PA43_DG9_PF0_D1_S09_4,COph100/patient/031,COph100,sift_h,ok,True,False,False,0.5894293676840491,0.22956822969174215,5.56468745721508,0.0
c56320dfc6a1445d,COph100/031-1/031_M_GA25_BW910_PA40_DG2_PF0_D1_S08_4__031_M_GA25_BW910_PA43_DG9_PF0_D1_S09_4,COph100/patient/031,COph100,sp_lg_h,ok,False,False,False,11.414427945087334,-1.0574541509101496,0.021196929863123236,0.0
88f36089eb17e9f4,COph100/031-1/031_M_GA25_BW910_PA40_DG2_PF0_D1_S08_4__031_M_GA25_BW910_PA43_DG9_PF0_D1_S09_4,COph100/patient/031,COph100,xfeat_h,ok,False,False,False,4.438342523769413,-0.6472208153459195,0.12195108431373664,0.0
9f17705637f71c3e,COph100/031-1/031_M_GA25_BW910_PA40_DG2_PF0_D1_S08_4__031_M_GA25_BW910_PA43_DG9_PF0_D1_S09_4,COph100/patient/031,COph100,xfeat_tps,ok,False,False,False,,3.0,6.334567932594882,0.0
735a3d2ae1536dd7,COph100/031/031_M_GA25_BW910_PA32_DG2_PF0_D1_S01_1__031_M_GA25_BW910_PA33_DG3_PF0_D1_S02_1,COph100/patient/031,COph100,sift_h,ok,True,True,False,0.0,3.0,340.0258557431662,0.0517578125
1e5de5fe3e13fd53,COph100/031/031_M_GA25_BW910_PA32_DG2_PF0_D1_S01_1__031_M_GA25_BW910_PA33_DG3_PF0_D1_S02_1,COph100/patient/031,COph100,sp_lg_h,ok,True,False,False,3.50232099213981,-0.5443559472090296,0.21254547399274043,0.0
3ebeb722e8faa3ac,COph100/031/031_M_GA25_BW910_PA32_DG2_PF0_D1_S01_1__031_M_GA25_BW910_PA33_DG3_PF0_D1_S02_1,COph100/patient/031,COph100,xfeat_h,ok,True,False,False,2.862223927816578,-0.4567036080438676,0.3127984788415924,0.0
eaf49b63b1137aa1,COph100/031/031_M_GA25_BW910_PA32_DG2_PF0_D1_S01_1__031_M_GA25_BW910_PA33_DG3_PF0_D1_S02_1,COph100/patient/031,COph100,xfeat_tps,ok,False,False,False,,3.0,6.3486880055603745,0.0
813856ed1f444942,COph100/031/031_M_GA25_BW910_PA32_DG2_PF0_D1_S01_1__031_M_GA25_BW910_PA34_DG3_PF0_D1_S03_11,COph100/patient/031,COph100,sift_h,invalid_transform,True,False,False,,3.0,,
f8af5cd21fe32e0f,COph100/031/031_M_GA25_BW910_PA32_DG2_PF0_D1_S01_1__031_M_GA25_BW910_PA34_DG3_PF0_D1_S03_11,COph100/patient/031,COph100,sp_lg_h,ok,False,False,False,10.611138674184339,-1.0257619902520188,0.023394097153089047,0.0
846434e8c1cff944,COph100/031/031_M_GA25_BW910_PA32_DG2_PF0_D1_S01_1__031_M_GA25_BW910_PA34_DG3_PF0_D1_S03_11,COph100/patient/031,COph100,xfeat_h,ok,True,False,False,2.892725879619079,-0.4613072810004578,0.27894327947216024,0.0
0a0460056ea6d5ce,COph100/031/031_M_GA25_BW910_PA32_DG2_PF0_D1_S01_1__031_M_GA25_BW910_PA34_DG3_PF0_D1_S03_11,COph100/patient/031,COph100,xfeat_tps,ok,False,False,False,,3.0,7.752205603713592,0.0
d4b7f5db7ea7842b,COph100/031/031_M_GA25_BW910_PA32_DG2_PF0_D1_S01_1__031_M_GA25_BW910_PA35_DG3_PF0_D1_S04_1,COph100/patient/031,COph100,sift_h,ok,True,True,False,0.0,3.0,7.682046322961789,0.0703125
b06272c42230a494,COph100/031/031_M_GA25_BW910_PA32_DG2_PF0_D1_S01_1__031_M_GA25_BW910_PA35_DG3_PF0_D1_S04_1,COph100/patient/031,COph100,sp_lg_h,ok,True,False,False,110.94725347877572,-2.0451165556552198,0.000221744371570856,0.0
9d2b7b9929c4283c,COph100/031/031_M_GA25_BW910_PA32_DG2_PF0_D1_S01_1__031_M_GA25_BW910_PA35_DG3_PF0_D1_S04_1,COph100/patient/031,COph100,xfeat_h,ok,True,False,False,9.063590637132403,-0.9573002821102727,0.031954311772461316,0.0
4e358048c6893ebb,COph100/031/031_M_GA25_BW910_PA32_DG2_PF0_D1_S01_1__031_M_GA25_BW910_PA35_DG3_PF0_D1_S04_1,COph100/patient/031,COph100,xfeat_tps,ok,True,False,False,,3.0,7.958710708906218,0.0
deac2bfa6ecd90ef,COph100/031/031_M_GA25_BW910_PA32_DG2_PF0_D1_S01_1__031_M_GA25_BW910_PA36_DG3_PF0_D1_S05_6,COph100/patient/031,COph100,sift_h,ok,True,False,False,9.032699242987167,-0.9558175499993223,0.036590406284777485,0.0
794dcd36c0a18a40,COph100/031/031_M_GA25_BW910_PA32_DG2_PF0_D1_S01_1__031_M_GA25_BW910_PA36_DG3_PF0_D1_S05_6,COph100/patient/031,COph100,sp_lg_h,ok,False,False,False,18.575465427273027,-1.2689397042610955,0.007701580594954852,0.0
7a4ddb87e49decaf,COph100/031/031_M_GA25_BW910_PA32_DG2_PF0_D1_S01_1__031_M_GA25_BW910_PA36_DG3_PF0_D1_S05_6,COph100/patient/031,COph100,xfeat_h,ok,False,False,False,7.86705596706133,-0.8958122397966186,0.039161547463494685,0.0
7d6979397dc348c3,COph100/031/031_M_GA25_BW910_PA32_DG2_PF0_D1_S01_1__031_M_GA25_BW910_PA36_DG3_PF0_D1_S05_6,COph100/patient/031,COph100,xfeat_tps,ok,False,False,False,,3.0,8.148350086282987,0.0
84a44b5b4062db7e,COph100/031/031_M_GA25_BW910_PA32_DG2_PF0_D1_S01_1__031_M_GA25_BW910_PA37_DG3_PF0_D1_S06_3,COph100/patient/031,COph100,sift_h,ok,True,True,True,0.0,3.0,1714789.1541105146,0.8837890625
e6ef7ec7778adc90,COph100/031/031_M_GA25_BW910_PA32_DG2_PF0_D1_S01_1__031_M_GA25_BW910_PA37_DG3_PF0_D1_S06_3,COph100/patient/031,COph100,sp_lg_h,ok,False,False,False,10.80751050751445,-1.0337256664451828,0.021192164395691833,0.0
17647d20a5eb65b6,COph100/031/031_M_GA25_BW910_PA32_DG2_PF0_D1_S01_1__031_M_GA25_BW910_PA37_DG3_PF0_D1_S06_3,COph100/patient/031,COph100,xfeat_h,ok,True,False,False,5.57097652378147,-0.7459313283367277,0.07907613994011331,0.0
53696c25f5bedfa3,COph100/031/031_M_GA25_BW910_PA32_DG2_PF0_D1_S01_1__031_M_GA25_BW910_PA37_DG3_PF0_D1_S06_3,COph100/patient/031,COph100,xfeat_tps,ok,True,False,False,,3.0,9.157874746334654,0.0
163cfa18b61828d7,COph100/031/031_M_GA25_BW910_PA32_DG2_PF0_D1_S01_1__031_M_GA25_BW910_PA38_DG3_PF0_D1_S07_5,COph100/patient/031,COph100,sift_h,ok,True,True,False,0.0,3.0,196.50805986729506,0.9775390625
1778a8074bf44961,COph100/031/031_M_GA25_BW910_PA32_DG2_PF0_D1_S01_1__031_M_GA25_BW910_PA38_DG3_PF0_D1_S07_5,COph100/patient/031,COph100,sp_lg_h,ok,True,False,False,4.142612207323948,-0.6172742806065575,0.1385806116360792,0.0
de2e647045348e05,COph100/031/031_M_GA25_BW910_PA32_DG2_PF0_D1_S01_1__031_M_GA25_BW910_PA38_DG3_PF0_D1_S07_5,COph100/patient/031,COph100,xfeat_h,ok,True,False,False,4.804982668229969,-0.681691825489338,0.0985774279360806,0.0
e0faacd2206b800c,COph100/031/031_M_GA25_BW910_PA32_DG2_PF0_D1_S01_1__031_M_GA25_BW910_PA38_DG3_PF0_D1_S07_5,COph100/patient/031,COph100,xfeat_tps,ok,True,False,False,,3.0,9.200163163820026,0.0
a4fa457d3102fc71,COph100/031/031_M_GA25_BW910_PA32_DG2_PF0_D1_S01_1__031_M_GA25_BW910_PA40_DG2_PF0_D1_S08_6,COph100/patient/031,COph100,sift_h,ok,True,False,False,7.073269409424842,-0.8496201999739111,0.04861212701617344,0.0
3e813b78fa7d8203,COph100/031/031_M_GA25_BW910_PA32_DG2_PF0_D1_S01_1__031_M_GA25_BW910_PA40_DG2_PF0_D1_S08_6,COph100/patient/031,COph100,sp_lg_h,ok,False,False,False,150.58808443681997,-2.1777906088629035,0.00010651545309688562,0.0
fbda0cf8c8d9f85e,COph100/031/031_M_GA25_BW910_PA32_DG2_PF0_D1_S01_1__031_M_GA25_BW910_PA40_DG2_PF0_D1_S08_6,COph100/patient/031,COph100,xfeat_h,ok,True,False,False,114.33982136963225,-2.0581975093909035,0.0002184272222717521,0.0
c76f7085136c169b,COph100/031/031_M_GA25_BW910_PA32_DG2_PF0_D1_S01_1__031_M_GA25_BW910_PA40_DG2_PF0_D1_S08_6,COph100/patient/031,COph100,xfeat_tps,ok,True,False,False,,3.0,5.393746946057478,0.0
e218498f200ab34b,COph100/031/031_M_GA25_BW910_PA32_DG2_PF0_D1_S01_1__031_M_GA25_BW910_PA43_DG9_PF0_D1_S09_8,COph100/patient/031,COph100,sift_h,invalid_transform,True,False,False,,3.0,,
fc3911bea4506072,COph100/031/031_M_GA25_BW910_PA32_DG2_PF0_D1_S01_1__031_M_GA25_BW910_PA43_DG9_PF0_D1_S09_8,COph100/patient/031,COph100,sp_lg_h,ok,False,False,False,9.316721370562323,-0.9692631075060292,0.022955081609004738,0.0
712d46d6c3bfe596,COph100/031/031_M_GA25_BW910_PA32_DG2_PF0_D1_S01_1__031_M_GA25_BW910_PA43_DG9_PF0_D1_S09_8,COph100/patient/031,COph100,xfeat_h,ok,True,False,False,3.7827938409486364,-0.5778126732572924,0.13632477105080926,0.0
02eb343692995b53,COph100/031/031_M_GA25_BW910_PA32_DG2_PF0_D1_S01_1__031_M_GA25_BW910_PA43_DG9_PF0_D1_S09_8,COph100/patient/031,COph100,xfeat_tps,ok,False,False,False,,3.0,10.625507686989607,0.0
611f99c145e21b33,COph100/031/031_M_GA25_BW910_PA33_DG3_PF0_D1_S02_1__031_M_GA25_BW910_PA34_DG3_PF0_D1_S03_11,COph100/patient/031,COph100,sift_h,ok,True,True,False,0.0,3.0,37631345.6114039,0.0556640625
93ebf3426deb32f8,COph100/031/031_M_GA25_BW910_PA33_DG3_PF0_D1_S02_1__031_M_GA25_BW910_PA34_DG3_PF0_D1_S03_11,COph100/patient/031,COph100,sp_lg_h,ok,True,False,False,0.9612566712896013,0.017160633100310078,2.1637473767527613,0.0
f6b2730048d82b59,COph100/031/031_M_GA25_BW910_PA33_DG3_PF0_D1_S02_1__031_M_GA25_BW910_PA34_DG3_PF0_D1_S03_11,COph100/patient/031,COph100,xfeat_h,ok,True,False,False,2.247225041072188,-0.35164656561096574,0.46621085994544104,0.0
cd108a20074b4468,COph100/031/031_M_GA25_BW910_PA33_DG3_PF0_D1_S02_1__031_M_GA25_BW910_PA34_DG3_PF0_D1_S03_11,COph100/patient/031,COph100,xfeat_tps,ok,False,False,False,,3.0,3.729512139627063,0.0
21ead287b8a82ab3,COph100/031/031_M_GA25_BW910_PA33_DG3_PF0_D1_S02_1__031_M_GA25_BW910_PA35_DG3_PF0_D1_S04_1,COph100/patient/031,COph100,sift_h,ok,True,True,False,0.0,3.0,322408.75646929664,0.017578125
82758d6a98412a2e,COph100/031/031_M_GA25_BW910_PA33_DG3_PF0_D1_S02_1__031_M_GA25_BW910_PA35_DG3_PF0_D1_S04_1,COph100/patient/031,COph100,sp_lg_h,ok,True,False,False,2.6545842608548194,-0.4239965151145482,0.3446075561132235,0.0
0e4be98a9b962ed6,COph100/031/031_M_GA25_BW910_PA33_DG3_PF0_D1_S02_1__031_M_GA25_BW910_PA35_DG3_PF0_D1_S04_1,COph100/patient/031,COph100,xfeat_h,ok,True,False,False,5.873352832930238,-0.7688860912212834,0.0729343847258899,0.0
93067e99ebfb5c7a,COph100/031/031_M_GA25_BW910_PA33_DG3_PF0_D1_S02_1__031_M_GA25_BW910_PA35_DG3_PF0_D1_S04_1,COph100/patient/031,COph100,xfeat_tps,ok,True,False,False,,3.0,3.157612506748075,0.0
95cf42ab392ce2f1,COph100/031/031_M_GA25_BW910_PA33_DG3_PF0_D1_S02_1__031_M_GA25_BW910_PA36_DG3_PF0_D1_S05_6,COph100/patient/031,COph100,sift_h,ok,True,True,True,0.0,3.0,6.7550338140957,0.490234375
a9fe50796cd3bbd4,COph100/031/031_M_GA25_BW910_PA33_DG3_PF0_D1_S02_1__031_M_GA25_BW910_PA36_DG3_PF0_D1_S05_6,COph100/patient/031,COph100,sp_lg_h,ok,True,False,False,2.3467830754463925,-0.37047294750630844,0.39810738400217316,0.0
798a2e6bc36dd95e,COph100/031/031_M_GA25_BW910_PA33_DG3_PF0_D1_S02_1__031_M_GA25_BW910_PA36_DG3_PF0_D1_S05_6,COph100/patient/031,COph100,xfeat_h,ok,True,False,False,13.90858841699558,-1.1432830556701645,0.013529573106790352,0.0
b84521d6084b40b2,COph100/031/031_M_GA25_BW910_PA33_DG3_PF0_D1_S02_1__031_M_GA25_BW910_PA36_DG3_PF0_D1_S05_6,COph100/patient/031,COph100,xfeat_tps,ok,True,False,False,,3.0,3.35939628931208,0.0
8f84c3c390e84fa5,COph100/031/031_M_GA25_BW910_PA33_DG3_PF0_D1_S02_1__031_M_GA25_BW910_PA37_DG3_PF0_D1_S06_3,COph100/patient/031,COph100,sift_h,ok,True,True,False,0.0,3.0,208.5195987127278,0.0283203125
0a1ba76629129ff2,COph100/031/031_M_GA25_BW910_PA33_DG3_PF0_D1_S02_1__031_M_GA25_BW910_PA37_DG3_PF0_D1_S06_3,COph100/patient/031,COph100,sp_lg_h,ok,True,False,False,3.143056146086767,-0.49735213912062504,0.21058550069681364,0.0
0172a99aadf2eb06,COph100/031/031_M_GA25_BW910_PA33_DG3_PF0_D1_S02_1__031_M_GA25_BW910_PA37_DG3_PF0_D1_S06_3,COph100/patient/031,COph100,xfeat_h,ok,True,False,False,2.807055261517504,-0.44825096252253127,0.3272441715439248,0.0
ec969bddd78bb8d7,COph100/031/031_M_GA25_BW910_PA33_DG3_PF0_D1_S02_1__031_M_GA25_BW910_PA37_DG3_PF0_D1_S06_3,COph100/patient/031,COph100,xfeat_tps,ok,True,False,False,,3.0,3.8203660136516984,0.0
c425d89ba1f5b45e,COph100/031/031_M_GA25_BW910_PA33_DG3_PF0_D1_S02_1__031_M_GA25_BW910_PA38_DG3_PF0_D1_S07_5,COph100/patient/031,COph100,sift_h,ok,True,True,False,0.0,3.0,75068.83159739096,0.0517578125
7df4ad2d7a62855e,COph100/031/031_M_GA25_BW910_PA33_DG3_PF0_D1_S02_1__031_M_GA25_BW910_PA38_DG3_PF0_D1_S07_5,COph100/patient/031,COph100,sp_lg_h,ok,True,False,False,4.022879429281022,-0.6045370164184851,0.13236120154409464,0.0
79a138eb5b574da4,COph100/031/031_M_GA25_BW910_PA33_DG3_PF0_D1_S02_1__031_M_GA25_BW910_PA38_DG3_PF0_D1_S07_5,COph100/patient/031,COph100,xfeat_h,ok,True,False,False,1.9914461108329333,-0.2991685587571242,0.6602661348033079,0.0
54a6600e4f7a0cba,COph100/031/031_M_GA25_BW910_PA33_DG3_PF0_D1_S02_1__031_M_GA25_BW910_PA38_DG3_PF0_D1_S07_5,COph100/patient/031,COph100,xfeat_tps,ok,True,False,False,,3.0,4.696271972523113,0.0
bec2fdace2567854,COph100/031/031_M_GA25_BW910_PA33_DG3_PF0_D1_S02_1__031_M_GA25_BW910_PA40_DG2_PF0_D1_S08_6,COph100/patient/031,COph100,sift_h,ok,True,False,False,0.1723485597755206,0.7635923414069329,56.60814580971577,0.0
7b69aa0c2a807e63,COph100/031/031_M_GA25_BW910_PA33_DG3_PF0_D1_S02_1__031_M_GA25_BW910_PA40_DG2_PF0_D1_S08_6,COph100/patient/031,COph100,sp_lg_h,ok,True,False,False,6.288620996167648,-0.7985554213730124,0.05459143258604596,0.0
e9c03cb3f43f1349,COph100/031/031_M_GA25_BW910_PA33_DG3_PF0_D1_S02_1__031_M_GA25_BW910_PA40_DG2_PF0_D1_S08_6,COph100/patient/031,COph100,xfeat_h,ok,True,False,False,11.45516263014497,-1.0590012592934812,0.018923381787297473,0.0
e4d79d3e317c8829,COph100/031/031_M_GA25_BW910_PA33_DG3_PF0_D1_S02_1__031_M_GA25_BW910_PA40_DG2_PF0_D1_S08_6,COph100/patient/031,COph100,xfeat_tps,ok,True,False,False,,3.0,5.261114359665115,0.0
f5aa015c566dec4e,COph100/031/031_M_GA25_BW910_PA33_DG3_PF0_D1_S02_1__031_M_GA25_BW910_PA43_DG9_PF0_D1_S09_8,COph100/patient/031,COph100,sift_h,ok,True,True,True,0.0,3.0,29598.400405648605,0.734375
09db17ff762d9853,COph100/031/031_M_GA25_BW910_PA33_DG3_PF0_D1_S02_1__031_M_GA25_BW910_PA43_DG9_PF0_D1_S09_8,COph100/patient/031,COph100,sp_lg_h,ok,True,False,False,3.1947989785163364,-0.5044435369020422,0.27243309841131613,0.0
8ca96c1f78b02c06,COph100/031/031_M_GA25_BW910_PA33_DG3_PF0_D1_S02_1__031_M_GA25_BW910_PA43_DG9_PF0_D1_S09_8,COph100/patient/031,COph100,xfeat_h,ok,True,False,False,0.5575097206509204,0.2537475559241941,8.820806924444492,0.0
b3c263f47db652e4,COph100/031/031_M_GA25_BW910_PA33_DG3_PF0_D1_S02_1__031_M_GA25_BW910_PA43_DG9_PF0_D1_S09_8,COph100/patient/031,COph100,xfeat_tps,ok,True,False,False,,3.0,4.441805331049514,0.0
306658a77ce8d609,COph100/031/031_M_GA25_BW910_PA34_DG3_PF0_D1_S03_11__031_M_GA25_BW910_PA35_DG3_PF0_D1_S04_1,COph100/patient/031,COph100,sift_h,ok,True,False,False,0.23764394628177174,0.6240732444027085,25.989133143458176,0.0
8b8b8d1df92be8f4,COph100/031/031_M_GA25_BW910_PA34_DG3_PF0_D1_S03_11__031_M_GA25_BW910_PA35_DG3_PF0_D1_S04_1,COph100/patient/031,COph100,sp_lg_h,ok,False,False,False,25.25989027494418,-1.4024314597153622,0.0042880347555133095,0.0
afa1c9b1e82334ba,COph100/031/031_M_GA25_BW910_PA34_DG3_PF0_D1_S03_11__031_M_GA25_BW910_PA35_DG3_PF0_D1_S04_1,COph100/patient/031,COph100,xfeat_h,ok,False,False,False,17.634332753480145,-1.2463590315133504,0.008593676800776842,0.0
0e4bf10720285e6a,COph100/031/031_M_GA25_BW910_PA34_DG3_PF0_D1_S03_11__031_M_GA25_BW910_PA35_DG3_PF0_D1_S04_1,COph100/patient/031,COph100,xfeat_tps,ok,False,False,False,,3.0,9.187583919690008,0.0
0757515250a4b443,COph100/031/031_M_GA25_BW910_PA34_DG3_PF0_D1_S03_11__031_M_GA25_BW910_PA36_DG3_PF0_D1_S05_6,COph100/patient/031,COph100,sift_h,ok,True,False,False,3.9076044905357525,-0.591910600013387,0.12221572709814668,0.0
c72cb4af6dafc051,COph100/031/031_M_GA25_BW910_PA34_DG3_PF0_D1_S03_11__031_M_GA25_BW910_PA36_DG3_PF0_D1_S05_6,COph100/patient/031,COph100,sp_lg_h,ok,False,False,False,4.729592060396137,-0.674823683325719,0.11719406083685047,0.0
cc92aa157a3be641,COph100/031/031_M_GA25_BW910_PA34_DG3_PF0_D1_S03_11__031_M_GA25_BW910_PA36_DG3_PF0_D1_S05_6,COph100/patient/031,COph100,xfeat_h,ok,False,False,False,13.216339683266197,-1.1211111922547796,0.01532881331893418,0.0
6f207a6104734fbb,COph100/031/031_M_GA25_BW910_PA34_DG3_PF0_D1_S03_11__031_M_GA25_BW910_PA36_DG3_PF0_D1_S05_6,COph100/patient/031,COph100,xfeat_tps,ok,False,False,False,,3.0,7.087503866186584,0.0
9e88a65e872e2a21,COph100/031/031_M_GA25_BW910_PA34_DG3_PF0_D1_S03_11__031_M_GA25_BW910_PA37_DG3_PF0_D1_S06_3,COph100/patient/031,COph100,sift_h,ok,True,True,False,0.0,3.0,62.687842340212,0.96875
df45f0cc54e4bcb1,COph100/031/031_M_GA25_BW910_PA34_DG3_PF0_D1_S03_11__031_M_GA25_BW910_PA37_DG3_PF0_D1_S06_3,COph100/patient/031,COph100,sp_lg_h,ok,False,False,False,11.025955204357922,-1.04241622371919,0.020568408260204826,0.0
fea3488faaf9b0ae,COph100/031/031_M_GA25_BW910_PA34_DG3_PF0_D1_S03_11__031_M_GA25_BW910_PA37_DG3_PF0_D1_S06_3,COph100/patient/031,COph100,xfeat_h,ok,False,False,False,8.525250120266513,-0.9307071295129892,0.0337610199275891,0.0
75541f82f74e08d2,COph100/031/031_M_GA25_BW910_PA34_DG3_PF0_D1_S03_11__031_M_GA25_BW910_PA37_DG3_PF0_D1_S06_3,COph100/patient/031,COph100,xfeat_tps,ok,False,False,False,,3.0,8.974940865844538,0.0
0b312ba37dff8568,COph100/031/031_M_GA25_BW910_PA34_DG3_PF0_D1_S03_11__031_M_GA25_BW910_PA38_DG3_PF0_D1_S07_5,COph100/patient/031,COph100,sift_h,ok,True,True,False,0.0,3.0,21702649.78174298,0.919921875
4e1405488ac7b5c2,COph100/031/031_M_GA25_BW910_PA34_DG3_PF0_D1_S03_11__031_M_GA25_BW910_PA38_DG3_PF0_D1_S07_5,COph100/patient/031,COph100,sp_lg_h,ok,False,False,False,7.040009388754005,-0.8475732383298022,0.048662042063814,0.0
0290204465e93151,COph100/031/031_M_GA25_BW910_PA34_DG3_PF0_D1_S03_11__031_M_GA25_BW910_PA38_DG3_PF0_D1_S07_5,COph100/patient/031,COph100,xfeat_h,ok,True,False,False,4.753977191509446,-0.6770570937519952,0.10398797093000134,0.0
f302cb3f50bc8eaf,COph100/031/031_M_GA25_BW910_PA34_DG3_PF0_D1_S03_11__031_M_GA25_BW910_PA38_DG3_PF0_D1_S07_5,COph100/patient/031,COph100,xfeat_tps,ok,False,False,False,,3.0,12.041766814018263,0.0
93fa6f759b2ca049,COph100/031/031_M_GA25_BW910_PA34_DG3_PF0_D1_S03_11__031_M_GA25_BW910_PA40_DG2_PF0_D1_S08_6,COph100/patient/031,COph100,sift_h,ok,True,True,True,0.0,3.0,1147549.5893414733,0.974609375
f642f8a887681168,COph100/031/031_M_GA25_BW910_PA34_DG3_PF0_D1_S03_11__031_M_GA25_BW910_PA40_DG2_PF0_D1_S08_6,COph100/patient/031,COph100,sp_lg_h,ok,False,False,False,2.7750306736046193,-0.4432677879284617,0.2777829507808729,0.0
ab7019abdb0276c3,COph100/031/031_M_GA25_BW910_PA34_DG3_PF0_D1_S03_11__031_M_GA25_BW910_PA40_DG2_PF0_D1_S08_6,COph100/patient/031,COph100,xfeat_h,ok,True,False,False,4.002378397951842,-0.6023181458628526,0.13975560665244963,0.0
8666d85f28cf7d77,COph100/031/031_M_GA25_BW910_PA34_DG3_PF0_D1_S03_11__031_M_GA25_BW910_PA40_DG2_PF0_D1_S08_6,COph100/patient/031,COph100,xfeat_tps,ok,False,False,False,,3.0,11.992112297498995,0.0
d9bc96a163f39cdc,COph100/031/031_M_GA25_BW910_PA34_DG3_PF0_D1_S03_11__031_M_GA25_BW910_PA43_DG9_PF0_D1_S09_8,COph100/patient/031,COph100,sift_h,invalid_transform,True,False,False,,3.0,,
072fede45f0515b9,COph100/031/031_M_GA25_BW910_PA34_DG3_PF0_D1_S03_11__031_M_GA25_BW910_PA43_DG9_PF0_D1_S09_8,COph100/patient/031,COph100,sp_lg_h,ok,True,False,False,0.9662283875125794,0.01492020721488721,1.7128790279601591,0.0
b6651f6bb135032d,COph100/031/031_M_GA25_BW910_PA34_DG3_PF0_D1_S03_11__031_M_GA25_BW910_PA43_DG9_PF0_D1_S09_8,COph100/patient/031,COph100,xfeat_h,ok,True,False,False,1.0009237943068503,-0.0004010135713570775,1.7248906007128662,0.0
6054670c641b639b,COph100/031/031_M_GA25_BW910_PA34_DG3_PF0_D1_S03_11__031_M_GA25_BW910_PA43_DG9_PF0_D1_S09_8,COph100/patient/031,COph100,xfeat_tps,ok,True,False,False,,3.0,7.732986897222496,0.0
f031977158dc2808,COph100/031/031_M_GA25_BW910_PA35_DG3_PF0_D1_S04_1__031_M_GA25_BW910_PA36_DG3_PF0_D1_S05_6,COph100/patient/031,COph100,sift_h,ok,True,False,False,1.8685486551889023,-0.27150441093863614,0.6286567348267675,0.0
59037aff5bbb98d1,COph100/031/031_M_GA25_BW910_PA35_DG3_PF0_D1_S04_1__031_M_GA25_BW910_PA36_DG3_PF0_D1_S05_6,COph100/patient/031,COph100,sp_lg_h,ok,False,False,False,9.845060952702585,-0.9932184092847459,0.02787979441347446,0.0
604b6742caea2c0b,COph100/031/031_M_GA25_BW910_PA35_DG3_PF0_D1_S04_1__031_M_GA25_BW910_PA36_DG3_PF0_D1_S05_6,COph100/patient/031,COph100,xfeat_h,ok,False,False,False,10.315225327131877,-1.0134787191982808,0.02540188654895168,0.0
4b74d52efde32ef9,COph100/031/031_M_GA25_BW910_PA35_DG3_PF0_D1_S04_1__031_M_GA25_BW910_PA36_DG3_PF0_D1_S05_6,COph100/patient/031,COph100,xfeat_tps,ok,False,False,False,,3.0,7.403317181681265,0.0
17a56574ae45b974,COph100/031/031_M_GA25_BW910_PA35_DG3_PF0_D1_S04_1__031_M_GA25_BW910_PA37_DG3_PF0_D1_S06_3,COph100/patient/031,COph100,sift_h,ok,True,True,False,0.0,3.0,6221.742709279004,0.125
2b2cd34bd79cc843,COph100/031/031_M_GA25_BW910_PA35_DG3_PF0_D1_S04_1__031_M_GA25_BW910_PA37_DG3_PF0_D1_S06_3,COph100/patient/031,COph100,sp_lg_h,ok,False,False,False,26.43003834127455,-1.4220977931503214,0.0038052628675872705,0.0
188308c025718933,COph100/031/031_M_GA25_BW910_PA35_DG3_PF0_D1_S04_1__031_M_GA25_BW910_PA37_DG3_PF0_D1_S06_3,COph100/patient/031,COph100,xfeat_h,ok,False,False,False,49.16140572642779,-1.6916242926542504,0.001124280469631474,0.0
6ba7f01bcc47c2d1,COph100/031/031_M_GA25_BW910_PA35_DG3_PF0_D1_S04_1__031_M_GA25_BW910_PA37_DG3_PF0_D1_S06_3,COph100/patient/031,COph100,xfeat_tps,ok,False,False,False,,3.0,11.152705213151272,0.0
84e41c64eaf10154,COph100/031/031_M_GA25_BW910_PA35_DG3_PF0_D1_S04_1__031_M_GA25_BW910_PA38_DG3_PF0_D1_S07_5,COph100/patient/031,COph100,sift_h,ok,True,False,False,0.7113099826938591,0.14794109626709362,2.575017034458612,0.0
76dffc57088e78af,COph100/031/031_M_GA25_BW910_PA35_DG3_PF0_D1_S04_1__031_M_GA25_BW910_PA38_DG3_PF0_D1_S07_5,COph100/patient/031,COph100,sp_lg_h,ok,False,False,False,27.94341777522562,-1.446279523830529,0.003317231536720564,0.0
96a2f4172f0dba0a,COph100/031/031_M_GA25_BW910_PA35_DG3_PF0_D1_S04_1__031_M_GA25_BW910_PA38_DG3_PF0_D1_S07_5,COph100/patient/031,COph100,xfeat_h,ok,False,False,False,9.032386236380244,-0.9558025003011236,0.030691789636457172,0.0
09c865b494e4722b,COph100/031/031_M_GA25_BW910_PA35_DG3_PF0_D1_S04_1__031_M_GA25_BW910_PA38_DG3_PF0_D1_S07_5,COph100/patient/031,COph100,xfeat_tps,ok,False,False,False,,3.0,13.638577790492207,0.0
f2e87ea984c0b244,COph100/031/031_M_GA25_BW910_PA35_DG3_PF0_D1_S04_1__031_M_GA25_BW910_PA40_DG2_PF0_D1_S08_6,COph100/patient/031,COph100,sift_h,ok,True,True,False,0.0,3.0,77643.81270923506,0.9736328125
e62a730a240f2fae,COph100/031/031_M_GA25_BW910_PA35_DG3_PF0_D1_S04_1__031_M_GA25_BW910_PA40_DG2_PF0_D1_S08_6,COph100/patient/031,COph100,sp_lg_h,ok,False,False,False,6.3040714543353165,-0.7996211270778926,0.05929151394375319,0.0
62041f2bff8aa8db,COph100/031/031_M_GA25_BW910_PA35_DG3_PF0_D1_S04_1__031_M_GA25_BW910_PA40_DG2_PF0_D1_S08_6,COph100/patient/031,COph100,xfeat_h,ok,True,False,False,4.9391565399363095,-0.6936527907602904,0.0947818469415606,0.0
903d8aada7f1b48d,COph100/031/031_M_GA25_BW910_PA35_DG3_PF0_D1_S04_1__031_M_GA25_BW910_PA40_DG2_PF0_D1_S08_6,COph100/patient/031,COph100,xfeat_tps,ok,False,False,False,,3.0,11.48121264859202,0.0
ca52e674adc22829,COph100/031/031_M_GA25_BW910_PA35_DG3_PF0_D1_S04_1__031_M_GA25_BW910_PA43_DG9_PF0_D1_S09_8,COph100/patient/031,COph100,sift_h,invalid_transform,True,False,False,,3.0,,
ed78ad4c6b342eb0,COph100/031/031_M_GA25_BW910_PA35_DG3_PF0_D1_S04_1__031_M_GA25_BW910_PA43_DG9_PF0_D1_S09_8,COph100/patient/031,COph100,sp_lg_h,ok,False,False,False,46.42003093142099,-1.666705425506822,0.001066492598112276,0.0
c61904211ec8402a,COph100/031/031_M_GA25_BW910_PA35_DG3_PF0_D1_S04_1__031_M_GA25_BW910_PA43_DG9_PF0_D1_S09_8,COph100/patient/031,COph100,xfeat_h,ok,False,False,False,23.67307833960995,-1.374254735283526,0.004043386244849633,0.0
90842894069c7336,COph100/031/031_M_GA25_BW910_PA35_DG3_PF0_D1_S04_1__031_M_GA25_BW910_PA43_DG9_PF0_D1_S09_8,COph100/patient/031,COph100,xfeat_tps,ok,True,False,False,,3.0,12.53320479771795,0.0
45cddb83e18b9b17,COph100/031/031_M_GA25_BW910_PA36_DG3_PF0_D1_S05_6__031_M_GA25_BW910_PA37_DG3_PF0_D1_S06_3,COph100/patient/031,COph100,sift_h,ok,True,True,True,0.0,3.0,461974939.7815839,0.5478515625
9624a6da517ddaf8,COph100/031/031_M_GA25_BW910_PA36_DG3_PF0_D1_S05_6__031_M_GA25_BW910_PA37_DG3_PF0_D1_S06_3,COph100/patient/031,COph100,sp_lg_h,ok,False,False,False,9.299092076680818,-0.9684405479801652,0.027966077678919316,0.0
ce67aadb8382ce5b,COph100/031/031_M_GA25_BW910_PA36_DG3_PF0_D1_S05_6__031_M_GA25_BW910_PA37_DG3_PF0_D1_S06_3,COph100/patient/031,COph100,xfeat_h,ok,False,False,False,10.085604867514006,-1.0037019494249606,0.024880321590269698,0.0
23ce82662ceb16a1,COph100/031/031_M_GA25_BW910_PA36_DG3_PF0_D1_S05_6__031_M_GA25_BW910_PA37_DG3_PF0_D1_S06_3,COph100/patient/031,COph100,xfeat_tps,ok,False,False,False,,3.0,9.845122181679818,0.0
ca3d69791f0b5894,COph100/031/031_M_GA25_BW910_PA36_DG3_PF0_D1_S05_6__031_M_GA25_BW910_PA38_DG3_PF0_D1_S07_5,COph100/patient/031,COph100,sift_h,ok,True,True,False,0.0,3.0,2393.1261883756047,0.9599609375
c294119273cc98cc,COph100/031/031_M_GA25_BW910_PA36_DG3_PF0_D1_S05_6__031_M_GA25_BW910_PA38_DG3_PF0_D1_S07_5,COph100/patient/031,COph100,sp_lg_h,ok,False,False,False,26.97748753497802,-1.431001500543303,0.0035598563902672076,0.0
fd533f7cd4df67d5,COph100/031/031_M_GA25_BW910_PA36_DG3_PF0_D1_S05_6__031_M_GA25_BW910_PA38_DG3_PF0_D1_S07_5,COph100/patient/031,COph100,xfeat_h,ok,False,False,False,23.12238486684772,-1.3640326256436832,0.004884105900160287,0.0
c734b0aa71ef5f65,COph100/031/031_M_GA25_BW910_PA36_DG3_PF0_D1_S05_6__031_M_GA25_BW910_PA38_DG3_PF0_D1_S07_5,COph100/patient/031,COph100,xfeat_tps,ok,False,False,False,,3.0,6.9700691436317825,0.0
2a7e9b64bca3f4b9,COph100/031/031_M_GA25_BW910_PA36_DG3_PF0_D1_S05_6__031_M_GA25_BW910_PA40_DG2_PF0_D1_S08_6,COph100/patient/031,COph100,sift_h,ok,True,True,False,0.0,3.0,13377649.968996547,0.0029296875
869b0fe06cbd429e,COph100/031/031_M_GA25_BW910_PA36_DG3_PF0_D1_S05_6__031_M_GA25_BW910_PA40_DG2_PF0_D1_S08_6,COph100/patient/031,COph100,sp_lg_h,ok,False,False,False,10.07977309768278,-1.003450755965318,0.0240742771020169,0.0
a9cdda21c0fd348b,COph100/031/031_M_GA25_BW910_PA36_DG3_PF0_D1_S05_6__031_M_GA25_BW910_PA40_DG2_PF0_D1_S08_6,COph100/patient/031,COph100,xfeat_h,ok,True,False,False,11.152909737030901,-1.0473881873732194,0.019876094334877054,0.0
fa9a7ad088b1ad0f,COph100/031/031_M_GA25_BW910_PA36_DG3_PF0_D1_S05_6__031_M_GA25_BW910_PA40_DG2_PF0_D1_S08_6,COph100/patient/031,COph100,xfeat_tps,ok,False,False,False,,3.0,10.797016322191192,0.0
51f835e393d3c4f2,COph100/031/031_M_GA25_BW910_PA36_DG3_PF0_D1_S05_6__031_M_GA25_BW910_PA43_DG9_PF0_D1_S09_8,COph100/patient/031,COph100,sift_h,ok,True,True,False,0.0,3.0,11299.238857450182,0.015625
ba28fb655aad10ce,COph100/031/031_M_GA25_BW910_PA36_DG3_PF0_D1_S05_6__031_M_GA25_BW910_PA43_DG9_PF0_D1_S09_8,COph100/patient/031,COph100,sp_lg_h,ok,False,False,False,7.764802678156566,-0.8901304237636606,0.035546774620647294,0.0
444dae39101d00af,COph100/031/031_M_GA25_BW910_PA36_DG3_PF0_D1_S05_6__031_M_GA25_BW910_PA43_DG9_PF0_D1_S09_8,COph100/patient/031,COph100,xfeat_h,ok,False,False,False,8.358278726125082,-0.9221168496025018,0.029857930190945296,0.0
20aaae3f31796ef1,COph100/031/031_M_GA25_BW910_PA36_DG3_PF0_D1_S05_6__031_M_GA25_BW910_PA43_DG9_PF0_D1_S09_8,COph100/patient/031,COph100,xfeat_tps,ok,False,False,False,,3.0,11.225743581887905,0.0
9f879fe4db9372a2,COph100/031/031_M_GA25_BW910_PA37_DG3_PF0_D1_S06_3__031_M_GA25_BW910_PA38_DG3_PF0_D1_S07_5,COph100/patient/031,COph100,sift_h,ok,True,True,False,0.0,3.0,41216304.31727991,0.9638671875
1f174f4dc96c474a,COph100/031/031_M_GA25_BW910_PA37_DG3_PF0_D1_S06_3__031_M_GA25_BW910_PA38_DG3_PF0_D1_S07_5,COph100/patient/031,COph100,sp_lg_h,ok,False,False,False,14.22370974779358,-1.1530128814061054,0.013223646588846963,0.0
b2cd489234b6480f,COph100/031/031_M_GA25_BW910_PA37_DG3_PF0_D1_S06_3__031_M_GA25_BW910_PA38_DG3_PF0_D1_S07_5,COph100/patient/031,COph100,xfeat_h,ok,False,False,False,14.4037184427234,-1.1584746233930352,0.012840472096340963,0.0
2aa321a0c1510239,COph100/031/031_M_GA25_BW910_PA37_DG3_PF0_D1_S06_3__031_M_GA25_BW910_PA38_DG3_PF0_D1_S07_5,COph100/patient/031,COph100,xfeat_tps,ok,False,False,False,,3.0,6.684175049915787,0.0
3623c2b590812eba,COph100/031/031_M_GA25_BW910_PA37_DG3_PF0_D1_S06_3__031_M_GA25_BW910_PA40_DG2_PF0_D1_S08_6,COph100/patient/031,COph100,sift_h,ok,True,True,False,0.0,3.0,0.26523555810065064,0.03515625
406ea6a734b3b746,COph100/031/031_M_GA25_BW910_PA37_DG3_PF0_D1_S06_3__031_M_GA25_BW910_PA40_DG2_PF0_D1_S08_6,COph100/patient/031,COph100,sp_lg_h,ok,False,False,False,31.843417645287893,-1.5030196729109915,0.0026048243895287594,0.0
9723222ee7aee694,COph100/031/031_M_GA25_BW910_PA37_DG3_PF0_D1_S06_3__031_M_GA25_BW910_PA40_DG2_PF0_D1_S08_6,COph100/patient/031,COph100,xfeat_h,ok,False,False,False,3.954505998318562,-0.5970922386290993,0.15432198825952143,0.0
1c193ff9cba5e821,COph100/031/031_M_GA25_BW910_PA37_DG3_PF0_D1_S06_3__031_M_GA25_BW910_PA40_DG2_PF0_D1_S08_6,COph100/patient/031,COph100,xfeat_tps,ok,False,False,False,,3.0,10.665640170266865,0.0
f17606873bcf6010,COph100/031/031_M_GA25_BW910_PA37_DG3_PF0_D1_S06_3__031_M_GA25_BW910_PA43_DG9_PF0_D1_S09_8,COph100/patient/031,COph100,sift_h,ok,True,True,False,0.0,3.0,2687115.024244532,0.990234375
93a0640b1bb0d9a7,COph100/031/031_M_GA25_BW910_PA37_DG3_PF0_D1_S06_3__031_M_GA25_BW910_PA43_DG9_PF0_D1_S09_8,COph100/patient/031,COph100,sp_lg_h,ok,False,False,False,6.979738719938182,-0.8438391655152927,0.045576103354746704,0.0
6ca920fecbc367a4,COph100/031/031_M_GA25_BW910_PA37_DG3_PF0_D1_S06_3__031_M_GA25_BW910_PA43_DG9_PF0_D1_S09_8,COph100/patient/031,COph100,xfeat_h,ok,False,False,False,4.314538166829689,-0.6349343151539513,0.11439755031780814,0.0
b45f99a2cd45e8cc,COph100/031/031_M_GA25_BW910_PA37_DG3_PF0_D1_S06_3__031_M_GA25_BW910_PA43_DG9_PF0_D1_S09_8,COph100/patient/031,COph100,xfeat_tps,ok,False,False,False,,3.0,13.674640453750719,0.0
ce0bf1b0d59c749f,COph100/031/031_M_GA25_BW910_PA38_DG3_PF0_D1_S07_5__031_M_GA25_BW910_PA40_DG2_PF0_D1_S08_6,COph100/patient/031,COph100,sift_h,ok,True,True,False,0.0,3.0,77451.90552534284,0.9609375
9c90545cd2e4d715,COph100/031/031_M_GA25_BW910_PA38_DG3_PF0_D1_S07_5__031_M_GA25_BW910_PA40_DG2_PF0_D1_S08_6,COph100/patient/031,COph100,sp_lg_h,ok,False,False,False,9.091943313049123,-0.9586567192981258,0.031461842378341945,0.0
a9a1d4a2d7e41dfd,COph100/031/031_M_GA25_BW910_PA38_DG3_PF0_D1_S07_5__031_M_GA25_BW910_PA40_DG2_PF0_D1_S08_6,COph100/patient/031,COph100,xfeat_h,ok,False,False,False,7.718602960264669,-0.8875387016890488,0.043692779851234986,0.0
8a32bf2d15546165,COph100/031/031_M_GA25_BW910_PA38_DG3_PF0_D1_S07_5__031_M_GA25_BW910_PA40_DG2_PF0_D1_S08_6,COph100/patient/031,COph100,xfeat_tps,ok,False,False,False,,3.0,6.429383721830648,0.0
fc73398b6390655f,COph100/031/031_M_GA25_BW910_PA38_DG3_PF0_D1_S07_5__031_M_GA25_BW910_PA43_DG9_PF0_D1_S09_8,COph100/patient/031,COph100,sift_h,ok,True,False,False,18.516189510959887,-1.2675516170850092,0.007939119379644782,0.0
6d43422c06100f8f,COph100/031/031_M_GA25_BW910_PA38_DG3_PF0_D1_S07_5__031_M_GA25_BW910_PA43_DG9_PF0_D1_S09_8,COph100/patient/031,COph100,sp_lg_h,ok,False,False,False,14.896850926144467,-1.1730944717719483,0.010791266380430726,0.0
3d7b3fd66f2fef81,COph100/031/031_M_GA25_BW910_PA38_DG3_PF0_D1_S07_5__031_M_GA25_BW910_PA43_DG9_PF0_D1_S09_8,COph100/patient/031,COph100,xfeat_h,ok,True,False,False,8.749903018816966,-0.94200323946505,0.0315110958299792,0.0
19be319ac19e2809,COph100/031/031_M_GA25_BW910_PA38_DG3_PF0_D1_S07_5__031_M_GA25_BW910_PA43_DG9_PF0_D1_S09_8,COph100/patient/031,COph100,xfeat_tps,ok,False,False,False,,3.0,11.988996956020284,0.0
c015bc07147f15b5,COph100/031/031_M_GA25_BW910_PA40_DG2_PF0_D1_S08_6__031_M_GA25_BW910_PA43_DG9_PF0_D1_S09_8,COph100/patient/031,COph100,sift_h,ok,True,True,True,0.0,3.0,5357849937.992642,0.51171875
70317b910c660a4c,COph100/031/031_M_GA25_BW910_PA40_DG2_PF0_D1_S08_6__031_M_GA25_BW910_PA43_DG9_PF0_D1_S09_8,COph100/patient/031,COph100,sp_lg_h,ok,False,False,False,35.303081338358325,-1.547812613315391,0.0020639571800973853,0.0
1ab86eeec0f35413,COph100/031/031_M_GA25_BW910_PA40_DG2_PF0_D1_S08_6__031_M_GA25_BW910_PA43_DG9_PF0_D1_S09_8,COph100/patient/031,COph100,xfeat_h,ok,False,False,False,28.57248812783777,-1.4559480609336606,0.0031646739162090164,0.0
0fcf3512c3ab52eb,COph100/031/031_M_GA25_BW910_PA40_DG2_PF0_D1_S08_6__031_M_GA25_BW910_PA43_DG9_PF0_D1_S09_8,COph100/patient/031,COph100,xfeat_tps,ok,False,False,False,,3.0,13.964348753783021,0.0
e64ce9ceb682ab40,COph100/033/033_M_GA30_BW1250_PA31_DG0_PF0_D1_S01_2__033_M_GA30_BW1250_PA33_DG0_PF0_D1_S02_1,COph100/patient/033,COph100,sift_h,ok,True,True,False,0.0,3.0,1278.3262069222787,0.9853515625
3968ed21e45d9ba8,COph100/033/033_M_GA30_BW1250_PA31_DG0_PF0_D1_S01_2__033_M_GA30_BW1250_PA33_DG0_PF0_D1_S02_1,COph100/patient/033,COph100,sp_lg_h,ok,True,True,False,0.0,3.0,97649853447.23456,0.0224609375
03ff9aab22587efa,COph100/033/033_M_GA30_BW1250_PA31_DG0_PF0_D1_S01_2__033_M_GA30_BW1250_PA33_DG0_PF0_D1_S02_1,COph100/patient/033,COph100,xfeat_h,ok,True,False,False,3.170318251599294,-0.5011028609483078,0.22262551441918296,0.0
ff12639599f09b98,COph100/033/033_M_GA30_BW1250_PA31_DG0_PF0_D1_S01_2__033_M_GA30_BW1250_PA33_DG0_PF0_D1_S02_1,COph100/patient/033,COph100,xfeat_tps,ok,True,False,False,,3.0,5.571412226340072,0.0
98d5b13097e9faf9,COph100/033/033_M_GA30_BW1250_PA31_DG0_PF0_D1_S01_2__033_M_GA30_BW1250_PA36_DG0_PF0_D1_S03_7,COph100/patient/033,COph100,sift_h,ok,True,True,False,0.0,3.0,552464.8183407849,0.017578125
25cb724ff0aef9ce,COph100/033/033_M_GA30_BW1250_PA31_DG0_PF0_D1_S01_2__033_M_GA30_BW1250_PA36_DG0_PF0_D1_S03_7,COph100/patient/033,COph100,sp_lg_h,ok,True,False,False,2.39672468596452,-0.3796181490801516,0.4428954007405962,0.0
b560bec2454944b3,COph100/033/033_M_GA30_BW1250_PA31_DG0_PF0_D1_S01_2__033_M_GA30_BW1250_PA36_DG0_PF0_D1_S03_7,COph100/patient/033,COph100,xfeat_h,ok,True,False,False,1.5816311240206473,-0.19910520262416945,0.940717367030638,0.0
9a39a69150d953b7,COph100/033/033_M_GA30_BW1250_PA31_DG0_PF0_D1_S01_2__033_M_GA30_BW1250_PA36_DG0_PF0_D1_S03_7,COph100/patient/033,COph100,xfeat_tps,ok,True,False,False,,3.0,8.331008760034786,0.0
92d6af325b54e7f4,COph100/033/033_M_GA30_BW1250_PA33_DG0_PF0_D1_S02_1__033_M_GA30_BW1250_PA36_DG0_PF0_D1_S03_7,COph100/patient/033,COph100,sift_h,ok,True,True,False,0.0,3.0,1366937.6255987976,0.9921875
22f43c590d72b843,COph100/033/033_M_GA30_BW1250_PA33_DG0_PF0_D1_S02_1__033_M_GA30_BW1250_PA36_DG0_PF0_D1_S03_7,COph100/patient/033,COph100,sp_lg_h,ok,True,False,False,6.741347881999401,-0.8287467391450752,0.0545656296254224,0.0
b68702bc559ee797,COph100/033/033_M_GA30_BW1250_PA33_DG0_PF0_D1_S02_1__033_M_GA30_BW1250_PA36_DG0_PF0_D1_S03_7,COph100/patient/033,COph100,xfeat_h,ok,False,False,False,13.779476882530187,-1.1392327305365648,0.014050362655577213,0.0
fdbea892333bd134,COph100/033/033_M_GA30_BW1250_PA33_DG0_PF0_D1_S02_1__033_M_GA30_BW1250_PA36_DG0_PF0_D1_S03_7,COph100/patient/033,COph100,xfeat_tps,ok,True,False,False,,3.0,9.13144097941026,0.0
177c47bb6bdecfb3,COph100/036-1/036_M_GA27_BW960_PA32_DG0_PF0_D1_S01_8__036_M_GA27_BW960_PA34_DG0_PF0_D1_S02_6,COph100/patient/036,COph100,sift_h,ok,True,False,False,9.002817504437518,-0.9543784466768868,0.03267785761510085,0.0
c70c4a01e5369691,COph100/036-1/036_M_GA27_BW960_PA32_DG0_PF0_D1_S01_8__036_M_GA27_BW960_PA34_DG0_PF0_D1_S02_6,COph100/patient/036,COph100,sp_lg_h,ok,True,False,False,8.146325190546275,-0.910961742558345,0.0374879234132646,0.0
3acbf79489151f87,COph100/036-1/036_M_GA27_BW960_PA32_DG0_PF0_D1_S01_8__036_M_GA27_BW960_PA34_DG0_PF0_D1_S02_6,COph100/patient/036,COph100,xfeat_h,ok,False,False,False,113.36668697741788,-2.0544854550211724,0.00020122895389845964,0.0
e11c921fc7fbea89,COph100/036-1/036_M_GA27_BW960_PA32_DG0_PF0_D1_S01_8__036_M_GA27_BW960_PA34_DG0_PF0_D1_S02_6,COph100/patient/036,COph100,xfeat_tps,ok,False,False,False,,3.0,10.880634140637044,0.0
9be561bf0f77e6bc,COph100/036/036_M_GA27_BW960_PA32_DG0_PF0_D1_S01_2__036_M_GA27_BW960_PA34_DG0_PF0_D1_S02_3,COph100/patient/036,COph100,sift_h,ok,True,True,False,0.0,3.0,113968.8522379074,0.0234375
a6d76c8b44cbb5ba,COph100/036/036_M_GA27_BW960_PA32_DG0_PF0_D1_S01_2__036_M_GA27_BW960_PA34_DG0_PF0_D1_S02_3,COph100/patient/036,COph100,sp_lg_h,ok,True,False,False,4.311448073178502,-0.6346231598515101,0.1277445730830884,0.0
5abde0a7d3b4430e,COph100/036/036_M_GA27_BW960_PA32_DG0_PF0_D1_S01_2__036_M_GA27_BW960_PA34_DG0_PF0_D1_S02_3,COph100/patient/036,COph100,xfeat_h,ok,True,False,False,3.898633903340609,-0.5909124551869998,0.14936415415389687,0.0
2833b81d7f93d252,COph100/036/036_M_GA27_BW960_PA32_DG0_PF0_D1_S01_2__036_M_GA27_BW960_PA34_DG0_PF0_D1_S02_3,COph100/patient/036,COph100,xfeat_tps,ok,True,False,False,,3.0,6.8307710417104985,0.0
374fd05396dce1bd,COph100/040/040_M_GA32_BW1770_PA36_DG12_PF0_D1_S01_5__040_M_GA32_BW1770_PA38_DG12_PF0_D1_S02_2,COph100/patient/040,COph100,sift_h,invalid_transform,True,False,False,,3.0,,
ebe162036bc702b0,COph100/040/040_M_GA32_BW1770_PA36_DG12_PF0_D1_S01_5__040_M_GA32_BW1770_PA38_DG12_PF0_D1_S02_2,COph100/patient/040,COph100,sp_lg_h,ok,False,False,False,24.419178532772225,-1.3877310500804139,0.004444206759371351,0.0
c04f5f82f70ddac2,COph100/040/040_M_GA32_BW1770_PA36_DG12_PF0_D1_S01_5__040_M_GA32_BW1770_PA38_DG12_PF0_D1_S02_2,COph100/patient/040,COph100,xfeat_h,ok,True,False,False,4.414810808637236,-0.6449120971490614,0.1257737103404954,0.0
79e723e23bb78cad,COph100/040/040_M_GA32_BW1770_PA36_DG12_PF0_D1_S01_5__040_M_GA32_BW1770_PA38_DG12_PF0_D1_S02_2,COph100/patient/040,COph100,xfeat_tps,ok,False,False,False,,3.0,12.864710223001723,0.0
3be601fb5aa086ad,COph100/040/040_M_GA32_BW1770_PA36_DG12_PF0_D1_S01_5__040_M_GA32_BW1770_PA40_DG12_PF0_D1_S03_3,COph100/patient/040,COph100,sift_h,ok,True,True,False,0.0,3.0,0.002166849646754549,0.9765625
d07759da4415ac31,COph100/040/040_M_GA32_BW1770_PA36_DG12_PF0_D1_S01_5__040_M_GA32_BW1770_PA40_DG12_PF0_D1_S03_3,COph100/patient/040,COph100,sp_lg_h,ok,False,False,False,4.06001045119888,-0.6085271515309283,0.13207045401666295,0.0
80da2c75cd330025,COph100/040/040_M_GA32_BW1770_PA36_DG12_PF0_D1_S01_5__040_M_GA32_BW1770_PA40_DG12_PF0_D1_S03_3,COph100/patient/040,COph100,xfeat_h,ok,False,False,False,18.204665736654857,-1.2601827090838027,0.007631089839080537,0.0
ce6ff6a580988bcb,COph100/040/040_M_GA32_BW1770_PA36_DG12_PF0_D1_S01_5__040_M_GA32_BW1770_PA40_DG12_PF0_D1_S03_3,COph100/patient/040,COph100,xfeat_tps,ok,False,False,False,,3.0,13.764740108884657,0.0
212499f19bb60310,COph100/040/040_M_GA32_BW1770_PA36_DG12_PF0_D1_S01_5__040_M_GA32_BW1770_PA55_DG12_PF0_D1_S04_2,COph100/patient/040,COph100,sift_h,ok,True,False,False,3.874244228100865,-0.5881869946931824,0.15960888726817848,0.0
7fba5a2c74d370c8,COph100/040/040_M_GA32_BW1770_PA36_DG12_PF0_D1_S01_5__040_M_GA32_BW1770_PA55_DG12_PF0_D1_S04_2,COph100/patient/040,COph100,sp_lg_h,ok,True,False,False,1.6489528512926557,-0.21720823798765515,0.5982802869897392,0.0
ac2547d047424886,COph100/040/040_M_GA32_BW1770_PA36_DG12_PF0_D1_S01_5__040_M_GA32_BW1770_PA55_DG12_PF0_D1_S04_2,COph100/patient/040,COph100,xfeat_h,ok,True,False,False,1.7931795939851496,-0.25362378804002234,0.5579686787811606,0.0
a7361b8ccacc24ad,COph100/040/040_M_GA32_BW1770_PA36_DG12_PF0_D1_S01_5__040_M_GA32_BW1770_PA55_DG12_PF0_D1_S04_2,COph100/patient/040,COph100,xfeat_tps,ok,False,False,False,,3.0,10.729802601925766,0.0
40b206894ce80052,COph100/040/040_M_GA32_BW1770_PA38_DG12_PF0_D1_S02_2__040_M_GA32_BW1770_PA40_DG12_PF0_D1_S03_3,COph100/patient/040,COph100,sift_h,ok,True,False,False,5.3644999325376,-0.7295292441656127,0.07307154850471201,0.0
0cc4e175890ba4f2,COph100/040/040_M_GA32_BW1770_PA38_DG12_PF0_D1_S02_2__040_M_GA32_BW1770_PA40_DG12_PF0_D1_S03_3,COph100/patient/040,COph100,sp_lg_h,ok,False,False,False,22.795895099483186,-1.3578566498011602,0.004953247172745302,0.0
636964e79c55fccf,COph100/040/040_M_GA32_BW1770_PA38_DG12_PF0_D1_S02_2__040_M_GA32_BW1770_PA40_DG12_PF0_D1_S03_3,COph100/patient/040,COph100,xfeat_h,ok,False,False,False,23.736582079081085,-1.3754181834028771,0.004746183304545352,0.0
a975988b02348edd,COph100/040/040_M_GA32_BW1770_PA38_DG12_PF0_D1_S02_2__040_M_GA32_BW1770_PA40_DG12_PF0_D1_S03_3,COph100/patient/040,COph100,xfeat_tps,ok,False,False,False,,3.0,8.938128377604222,0.0
006c0381e646708a,COph100/040/040_M_GA32_BW1770_PA38_DG12_PF0_D1_S02_2__040_M_GA32_BW1770_PA55_DG12_PF0_D1_S04_2,COph100/patient/040,COph100,sift_h,ok,True,True,True,0.0,3.0,6716.841870894992,0.630859375
6afcd8cfdb96855b,COph100/040/040_M_GA32_BW1770_PA38_DG12_PF0_D1_S02_2__040_M_GA32_BW1770_PA55_DG12_PF0_D1_S04_2,COph100/patient/040,COph100,sp_lg_h,ok,False,False,False,5.550814592905497,-0.7443567213648619,0.06489835716231007,0.0
aff0c4edc19c4582,COph100/040/040_M_GA32_BW1770_PA38_DG12_PF0_D1_S02_2__040_M_GA32_BW1770_PA55_DG12_PF0_D1_S04_2,COph100/patient/040,COph100,xfeat_h,ok,True,False,False,13.39586709347077,-1.126970830054856,0.014087231684399952,0.0
ca4be1148d7e76cc,COph100/040/040_M_GA32_BW1770_PA38_DG12_PF0_D1_S02_2__040_M_GA32_BW1770_PA55_DG12_PF0_D1_S04_2,COph100/patient/040,COph100,xfeat_tps,ok,True,False,False,,3.0,10.421328464010937,0.0
7d426f8045d40d27,COph100/040/040_M_GA32_BW1770_PA40_DG12_PF0_D1_S03_3__040_M_GA32_BW1770_PA55_DG12_PF0_D1_S04_2,COph100/patient/040,COph100,sift_h,ok,True,True,False,0.0,3.0,2758.2965882345275,0.9658203125
28e698a03b3dba18,COph100/040/040_M_GA32_BW1770_PA40_DG12_PF0_D1_S03_3__040_M_GA32_BW1770_PA55_DG12_PF0_D1_S04_2,COph100/patient/040,COph100,sp_lg_h,ok,False,False,False,6.423835784188324,-0.8077944303197506,0.048931352703460856,0.0
d69e80d671f37a04,COph100/040/040_M_GA32_BW1770_PA40_DG12_PF0_D1_S03_3__040_M_GA32_BW1770_PA55_DG12_PF0_D1_S04_2,COph100/patient/040,COph100,xfeat_h,ok,True,False,False,7.569466848679816,-0.8790652912793929,0.03937627110929079,0.0
a94a7b8e0d533468,COph100/040/040_M_GA32_BW1770_PA40_DG12_PF0_D1_S03_3__040_M_GA32_BW1770_PA55_DG12_PF0_D1_S04_2,COph100/patient/040,COph100,xfeat_tps,ok,True,False,False,,3.0,12.944721497751573,0.0
56d473274f709b89,COph100/041/041_M_GA32_BW1770_PA36_DG0_PF0_D1_S01_2__041_M_GA32_BW1770_PA38_DG0_PF0_D1_S02_6,COph100/patient/041,COph100,sift_h,ok,True,True,False,0.0,3.0,4951.501915694689,0.072265625
e003340b0366c198,COph100/041/041_M_GA32_BW1770_PA36_DG0_PF0_D1_S01_2__041_M_GA32_BW1770_PA38_DG0_PF0_D1_S02_6,COph100/patient/041,COph100,sp_lg_h,ok,True,False,False,3.417250187715269,-0.5336767760380342,0.19162931815900855,0.0
daf222db7b78f2ee,COph100/041/041_M_GA32_BW1770_PA36_DG0_PF0_D1_S01_2__041_M_GA32_BW1770_PA38_DG0_PF0_D1_S02_6,COph100/patient/041,COph100,xfeat_h,ok,True,False,False,8.716649285220381,-0.9403495724789955,0.03282361087248989,0.0
18e5fcb2273d8b57,COph100/041/041_M_GA32_BW1770_PA36_DG0_PF0_D1_S01_2__041_M_GA32_BW1770_PA38_DG0_PF0_D1_S02_6,COph100/patient/041,COph100,xfeat_tps,ok,True,False,False,,3.0,7.9876910780351436,0.0
b9145df8f0a37a1e,COph100/041/041_M_GA32_BW1770_PA36_DG0_PF0_D1_S01_2__041_M_GA32_BW1770_PA40_DG0_PF0_D1_S03_2,COph100/patient/041,COph100,sift_h,ok,True,True,False,0.0,3.0,2382010.1650079153,0.056640625
e993bb44c80c6264,COph100/041/041_M_GA32_BW1770_PA36_DG0_PF0_D1_S01_2__041_M_GA32_BW1770_PA40_DG0_PF0_D1_S03_2,COph100/patient/041,COph100,sp_lg_h,ok,True,False,False,2.1349105061010585,-0.3293796744331293,0.4960858460299089,0.0
bf748b531fdeae13,COph100/041/041_M_GA32_BW1770_PA36_DG0_PF0_D1_S01_2__041_M_GA32_BW1770_PA40_DG0_PF0_D1_S03_2,COph100/patient/041,COph100,xfeat_h,ok,True,False,False,4.230784226363751,-0.6264208765037952,0.13312004787360893,0.0
96eecd8f204070ad,COph100/041/041_M_GA32_BW1770_PA36_DG0_PF0_D1_S01_2__041_M_GA32_BW1770_PA40_DG0_PF0_D1_S03_2,COph100/patient/041,COph100,xfeat_tps,ok,True,False,False,,3.0,4.959771338430658,0.0
389b93a5e96ace7c,COph100/041/041_M_GA32_BW1770_PA36_DG0_PF0_D1_S01_2__041_M_GA32_BW1770_PA55_DG0_PF0_D1_S04_4,COph100/patient/041,COph100,sift_h,ok,True,False,False,0.1586703028107017,0.799504349441215,72.46367141146452,0.0
d8ecd49f68996561,COph100/041/041_M_GA32_BW1770_PA36_DG0_PF0_D1_S01_2__041_M_GA32_BW1770_PA55_DG0_PF0_D1_S04_4,COph100/patient/041,COph100,sp_lg_h,ok,True,False,False,1.7654494918806332,-0.24685529725379926,0.48906937803729156,0.0
2c8a088ecf8aedc0,COph100/041/041_M_GA32_BW1770_PA36_DG0_PF0_D1_S01_2__041_M_GA32_BW1770_PA55_DG0_PF0_D1_S04_4,COph100/patient/041,COph100,xfeat_h,ok,True,False,False,1.7723327988686213,-0.24854527462868378,0.5712668640956566,0.0
9932d781cec64425,COph100/041/041_M_GA32_BW1770_PA36_DG0_PF0_D1_S01_2__041_M_GA32_BW1770_PA55_DG0_PF0_D1_S04_4,COph100/patient/041,COph100,xfeat_tps,ok,True,False,False,,3.0,8.668542504006645,0.0
8a0c011a0a6dc497,COph100/041/041_M_GA32_BW1770_PA38_DG0_PF0_D1_S02_6__041_M_GA32_BW1770_PA40_DG0_PF0_D1_S03_2,COph100/patient/041,COph100,sift_h,invalid_transform,True,False,False,,3.0,,
da20d0aa0416999d,COph100/041/041_M_GA32_BW1770_PA38_DG0_PF0_D1_S02_6__041_M_GA32_BW1770_PA40_DG0_PF0_D1_S03_2,COph100/patient/041,COph100,sp_lg_h,ok,True,False,False,15.028206085020555,-1.1769071420057702,0.012439552893927773,0.0
29e64be65a01cb92,COph100/041/041_M_GA32_BW1770_PA38_DG0_PF0_D1_S02_6__041_M_GA32_BW1770_PA40_DG0_PF0_D1_S03_2,COph100/patient/041,COph100,xfeat_h,ok,True,False,False,7.570400781056479,-0.8791188718902794,0.04455320005353454,0.0
23e8504d99e9d014,COph100/041/041_M_GA32_BW1770_PA38_DG0_PF0_D1_S02_6__041_M_GA32_BW1770_PA40_DG0_PF0_D1_S03_2,COph100/patient/041,COph100,xfeat_tps,ok,True,False,False,,3.0,7.066113880985366,0.0
464dbb292a88ed20,COph100/041/041_M_GA32_BW1770_PA38_DG0_PF0_D1_S02_6__041_M_GA32_BW1770_PA55_DG0_PF0_D1_S04_4,COph100/patient/041,COph100,sift_h,invalid_transform,True,False,False,,3.0,,
a9f397f289b09326,COph100/041/041_M_GA32_BW1770_PA38_DG0_PF0_D1_S02_6__041_M_GA32_BW1770_PA55_DG0_PF0_D1_S04_4,COph100/patient/041,COph100,sp_lg_h,ok,True,False,False,0.21221386460682803,0.6732262456677657,156.12673305890587,0.0
708d25fd001863a9,COph100/041/041_M_GA32_BW1770_PA38_DG0_PF0_D1_S02_6__041_M_GA32_BW1770_PA55_DG0_PF0_D1_S04_4,COph100/patient/041,COph100,xfeat_h,ok,True,False,False,2.5600475709213653,-0.40824803546680904,0.29783087217288384,0.0
7c9f8f334bafe806,COph100/041/041_M_GA32_BW1770_PA38_DG0_PF0_D1_S02_6__041_M_GA32_BW1770_PA55_DG0_PF0_D1_S04_4,COph100/patient/041,COph100,xfeat_tps,ok,True,False,False,,3.0,8.850362698583254,0.0
a490b1f35c4567ab,COph100/041/041_M_GA32_BW1770_PA40_DG0_PF0_D1_S03_2__041_M_GA32_BW1770_PA55_DG0_PF0_D1_S04_4,COph100/patient/041,COph100,sift_h,invalid_transform,True,False,False,,3.0,,
b4a4d18b7c8b7521,COph100/041/041_M_GA32_BW1770_PA40_DG0_PF0_D1_S03_2__041_M_GA32_BW1770_PA55_DG0_PF0_D1_S04_4,COph100/patient/041,COph100,sp_lg_h,ok,True,False,False,11.61799465498093,-1.0651311723370749,0.015886807763471178,0.0
8926125043f00562,COph100/041/041_M_GA32_BW1770_PA40_DG0_PF0_D1_S03_2__041_M_GA32_BW1770_PA55_DG0_PF0_D1_S04_4,COph100/patient/041,COph100,xfeat_h,ok,True,False,False,3.90681605353272,-0.5918229636137394,0.14610600257838469,0.0
5c7d3bb0369c61dd,COph100/041/041_M_GA32_BW1770_PA40_DG0_PF0_D1_S03_2__041_M_GA32_BW1770_PA55_DG0_PF0_D1_S04_4,COph100/patient/041,COph100,xfeat_tps,ok,True,False,False,,3.0,7.957970453351624,0.0
85614a766c0378ed,COph100/044-1/044_F_GA31_BW1370_PA34_DG0_PF0_D1_S01_5__044_F_GA31_BW1370_PA35_DG0_PF0_D1_S02_6,COph100/patient/044,COph100,sift_h,ok,True,True,True,0.0,3.0,1383695.8913753317,0.1240234375
bd4b6205d83e4f55,COph100/044-1/044_F_GA31_BW1370_PA34_DG0_PF0_D1_S01_5__044_F_GA31_BW1370_PA35_DG0_PF0_D1_S02_6,COph100/patient/044,COph100,sp_lg_h,ok,False,False,False,17.07732501504623,-1.232419843976734,0.00947698964281131,0.0
4120100dfdebc319,COph100/044-1/044_F_GA31_BW1370_PA34_DG0_PF0_D1_S01_5__044_F_GA31_BW1370_PA35_DG0_PF0_D1_S02_6,COph100/patient/044,COph100,xfeat_h,ok,True,False,False,26.684960494504374,-1.4262665641929526,0.003879755568589871,0.0
ea95b996e4220ce2,COph100/044-1/044_F_GA31_BW1370_PA34_DG0_PF0_D1_S01_5__044_F_GA31_BW1370_PA35_DG0_PF0_D1_S02_6,COph100/patient/044,COph100,xfeat_tps,ok,False,False,False,,3.0,9.549348721078246,0.0
02d875a7b3d9d0be,COph100/044-1/044_F_GA31_BW1370_PA34_DG0_PF0_D1_S01_5__044_F_GA31_BW1370_PA42_DG0_PF0_D1_S03_7,COph100/patient/044,COph100,sift_h,invalid_transform,True,False,False,,3.0,,
91acf55ad3c38b7e,COph100/044-1/044_F_GA31_BW1370_PA34_DG0_PF0_D1_S01_5__044_F_GA31_BW1370_PA42_DG0_PF0_D1_S03_7,COph100/patient/044,COph100,sp_lg_h,ok,True,False,False,5.153697830831091,-0.712118951613081,0.08327142157679157,0.0
c555d4f5681931e9,COph100/044-1/044_F_GA31_BW1370_PA34_DG0_PF0_D1_S01_5__044_F_GA31_BW1370_PA42_DG0_PF0_D1_S03_7,COph100/patient/044,COph100,xfeat_h,ok,True,False,False,13.045073377162138,-1.1154465263037743,0.015511605439270094,0.0
348769562c8c9887,COph100/044-1/044_F_GA31_BW1370_PA34_DG0_PF0_D1_S01_5__044_F_GA31_BW1370_PA42_DG0_PF0_D1_S03_7,COph100/patient/044,COph100,xfeat_tps,ok,True,False,False,,3.0,8.431012669957191,0.0
066d25616d2e2b8d,COph100/044-1/044_F_GA31_BW1370_PA35_DG0_PF0_D1_S02_6__044_F_GA31_BW1370_PA42_DG0_PF0_D1_S03_7,COph100/patient/044,COph100,sift_h,ok,True,True,False,0.0,3.0,1105962.4721540385,0.9853515625
b63e4c22715a02e0,COph100/044-1/044_F_GA31_BW1370_PA35_DG0_PF0_D1_S02_6__044_F_GA31_BW1370_PA42_DG0_PF0_D1_S03_7,COph100/patient/044,COph100,sp_lg_h,ok,True,False,False,11.479503214600953,-1.0599230940004707,0.01761813537181906,0.0
718dd7f2105ccee0,COph100/044-1/044_F_GA31_BW1370_PA35_DG0_PF0_D1_S02_6__044_F_GA31_BW1370_PA42_DG0_PF0_D1_S03_7,COph100/patient/044,COph100,xfeat_h,ok,True,False,False,28.982012087462866,-1.462128533245171,0.0030141433193734734,0.0
1dfbe713a45084e8,COph100/044-1/044_F_GA31_BW1370_PA35_DG0_PF0_D1_S02_6__044_F_GA31_BW1370_PA42_DG0_PF0_D1_S03_7,COph100/patient/044,COph100,xfeat_tps,ok,True,False,False,,3.0,11.725399079074688,0.0
be3b541c153b52e1,COph100/044/044_F_GA31_BW1370_PA34_DG0_PF0_D1_S01_1__044_F_GA31_BW1370_PA35_DG0_PF0_D1_S02_3,COph100/patient/044,COph100,sift_h,ok,True,False,False,11.13806328149584,-1.046809681027827,0.0188505875989156,0.0
24597ecfc7d2c770,COph100/044/044_F_GA31_BW1370_PA34_DG0_PF0_D1_S01_1__044_F_GA31_BW1370_PA35_DG0_PF0_D1_S02_3,COph100/patient/044,COph100,sp_lg_h,ok,False,False,False,14.614076187308367,-1.164771367114944,0.01226766810928976,0.0
13f621b40c3a87c5,COph100/044/044_F_GA31_BW1370_PA34_DG0_PF0_D1_S01_1__044_F_GA31_BW1370_PA35_DG0_PF0_D1_S02_3,COph100/patient/044,COph100,xfeat_h,ok,False,False,False,24.33611380924851,-1.38625122771702,0.004499011365471668,0.0
f6930e11c6c2fc07,COph100/044/044_F_GA31_BW1370_PA34_DG0_PF0_D1_S01_1__044_F_GA31_BW1370_PA35_DG0_PF0_D1_S02_3,COph100/patient/044,COph100,xfeat_tps,ok,False,False,False,,3.0,12.899203056376406,0.0
ec141787a91a310c,COph100/044/044_F_GA31_BW1370_PA34_DG0_PF0_D1_S01_1__044_F_GA31_BW1370_PA42_DG0_PF0_D1_S03_3,COph100/patient/044,COph100,sift_h,invalid_transform,True,False,False,,3.0,,
98fb00af6caa8d49,COph100/044/044_F_GA31_BW1370_PA34_DG0_PF0_D1_S01_1__044_F_GA31_BW1370_PA42_DG0_PF0_D1_S03_3,COph100/patient/044,COph100,sp_lg_h,ok,False,False,False,3.184425963671026,-0.5030311562071069,0.19560673528424924,0.0
40083676f7a21e6a,COph100/044/044_F_GA31_BW1370_PA34_DG0_PF0_D1_S01_1__044_F_GA31_BW1370_PA42_DG0_PF0_D1_S03_3,COph100/patient/044,COph100,xfeat_h,ok,False,False,False,11.839857283531542,-1.0733464674757285,0.01671170109639331,0.0
7ebb58765a117fb9,COph100/044/044_F_GA31_BW1370_PA34_DG0_PF0_D1_S01_1__044_F_GA31_BW1370_PA42_DG0_PF0_D1_S03_3,COph100/patient/044,COph100,xfeat_tps,ok,True,False,False,,3.0,6.034920343354398,0.0
c989fa5645d39ce6,COph100/044/044_F_GA31_BW1370_PA35_DG0_PF0_D1_S02_3__044_F_GA31_BW1370_PA42_DG0_PF0_D1_S03_3,COph100/patient/044,COph100,sift_h,invalid_transform,True,False,False,,3.0,,
0c828c9c40610231,COph100/044/044_F_GA31_BW1370_PA35_DG0_PF0_D1_S02_3__044_F_GA31_BW1370_PA42_DG0_PF0_D1_S03_3,COph100/patient/044,COph100,sp_lg_h,ok,False,False,False,4.365860970447146,-0.6400699016138434,0.11098821449410375,0.0
9c4bc84cbc9bd68c,COph100/044/044_F_GA31_BW1370_PA35_DG0_PF0_D1_S02_3__044_F_GA31_BW1370_PA42_DG0_PF0_D1_S03_3,COph100/patient/044,COph100,xfeat_h,ok,False,False,False,13.25979914242741,-1.122536945486846,0.014210669127088644,0.0
03d3aec1fc6f7438,COph100/044/044_F_GA31_BW1370_PA35_DG0_PF0_D1_S02_3__044_F_GA31_BW1370_PA42_DG0_PF0_D1_S03_3,COph100/patient/044,COph100,xfeat_tps,ok,False,False,False,,3.0,8.485557627344363,0.0
567eb4c4f58b2a0a,COph100/045-1/045_M_GA29_BW1120_PA38_DG2_PF0_D1_S01_5__045_M_GA29_BW1120_PA42_DG9_PF0_D1_S02_6,COph100/patient/045,COph100,sift_h,ok,True,True,True,0.0,3.0,24372109.11952863,0.3896484375
9f6519a6d3fc26af,COph100/045-1/045_M_GA29_BW1120_PA38_DG2_PF0_D1_S01_5__045_M_GA29_BW1120_PA42_DG9_PF0_D1_S02_6,COph100/patient/045,COph100,sp_lg_h,ok,False,False,False,31.55648961442238,-1.4990886857326124,0.0026031606967301694,0.0
9f7c4e90ffce6f02,COph100/045-1/045_M_GA29_BW1120_PA38_DG2_PF0_D1_S01_5__045_M_GA29_BW1120_PA42_DG9_PF0_D1_S02_6,COph100/patient/045,COph100,xfeat_h,ok,True,False,False,4.1124037722909135,-0.6140957488542004,0.1466383848645037,0.0
0ade098d122611fb,COph100/045-1/045_M_GA29_BW1120_PA38_DG2_PF0_D1_S01_5__045_M_GA29_BW1120_PA42_DG9_PF0_D1_S02_6,COph100/patient/045,COph100,xfeat_tps,ok,False,False,False,,3.0,11.878277795699978,0.0
0eece1dddc3af731,COph100/045/045_M_GA29_BW1120_PA38_DG2_PF0_D1_S01_2__045_M_GA29_BW1120_PA42_DG9_PF0_D1_S02_3,COph100/patient/045,COph100,sift_h,ok,True,True,True,0.0,3.0,154841915.4529391,0.421875
1c10e88568c380cc,COph100/045/045_M_GA29_BW1120_PA38_DG2_PF0_D1_S01_2__045_M_GA29_BW1120_PA42_DG9_PF0_D1_S02_3,COph100/patient/045,COph100,sp_lg_h,ok,False,False,False,27.528705470213332,-1.4397857892951966,0.0036004679469295526,0.0
d099db3a61e2003d,COph100/045/045_M_GA29_BW1120_PA38_DG2_PF0_D1_S01_2__045_M_GA29_BW1120_PA42_DG9_PF0_D1_S02_3,COph100/patient/045,COph100,xfeat_h,ok,True,False,False,6.364243207139476,-0.803746767690513,0.06471767068459927,0.0
d63d5f8b04b654cf,COph100/045/045_M_GA29_BW1120_PA38_DG2_PF0_D1_S01_2__045_M_GA29_BW1120_PA42_DG9_PF0_D1_S02_3,COph100/patient/045,COph100,xfeat_tps,ok,False,False,False,,3.0,11.028973344535611,0.0
1321fecb98fae2a1,COph100/047-1/047_F_GA32_BW1730_PA33_DG0_PF0_D1_S01_6__047_F_GA32_BW1730_PA38_DG0_PF0_D1_S02_4,COph100/patient/047,COph100,sift_h,ok,True,True,True,0.0,3.0,8331.569728184488,0.28125
32d7be9f8b6b5701,COph100/047-1/047_F_GA32_BW1730_PA33_DG0_PF0_D1_S01_6__047_F_GA32_BW1730_PA38_DG0_PF0_D1_S02_4,COph100/patient/047,COph100,sp_lg_h,ok,True,False,False,6.24857619040277,-0.7957810696488157,0.05532270407659323,0.0
fe1084dbada0070d,COph100/047-1/047_F_GA32_BW1730_PA33_DG0_PF0_D1_S01_6__047_F_GA32_BW1730_PA38_DG0_PF0_D1_S02_4,COph100/patient/047,COph100,xfeat_h,ok,True,False,False,16.919558231950013,-1.2283890194635805,0.008945638371408405,0.0
e11de1d436568084,COph100/047-1/047_F_GA32_BW1730_PA33_DG0_PF0_D1_S01_6__047_F_GA32_BW1730_PA38_DG0_PF0_D1_S02_4,COph100/patient/047,COph100,xfeat_tps,ok,True,False,False,,3.0,8.89648731069001,0.0
5f134b9afa5fa1bd,COph100/047-1/047_F_GA32_BW1730_PA33_DG0_PF0_D1_S01_6__047_F_GA32_BW1730_PA40_DG0_PF0_D1_S03_9,COph100/patient/047,COph100,sift_h,ok,True,True,True,0.0,3.0,2.809443598481559,0.419921875
a62a722fda4c4c6a,COph100/047-1/047_F_GA32_BW1730_PA33_DG0_PF0_D1_S01_6__047_F_GA32_BW1730_PA40_DG0_PF0_D1_S03_9,COph100/patient/047,COph100,sp_lg_h,ok,True,False,False,5.2932294460062925,-0.7237207197941566,0.07657557996563727,0.0
d243fe6f815eff96,COph100/047-1/047_F_GA32_BW1730_PA33_DG0_PF0_D1_S01_6__047_F_GA32_BW1730_PA40_DG0_PF0_D1_S03_9,COph100/patient/047,COph100,xfeat_h,ok,True,False,False,36.8469903904765,-1.5664020210909575,0.001948163252363176,0.0
4ca0df4236be88c7,COph100/047-1/047_F_GA32_BW1730_PA33_DG0_PF0_D1_S01_6__047_F_GA32_BW1730_PA40_DG0_PF0_D1_S03_9,COph100/patient/047,COph100,xfeat_tps,ok,True,False,False,,3.0,11.734816141390016,0.0
ac8fc63ef15b53f5,COph100/047-1/047_F_GA32_BW1730_PA38_DG0_PF0_D1_S02_4__047_F_GA32_BW1730_PA40_DG0_PF0_D1_S03_9,COph100/patient/047,COph100,sift_h,invalid_transform,True,False,False,,3.0,,
4674f19f881fca9e,COph100/047-1/047_F_GA32_BW1730_PA38_DG0_PF0_D1_S02_4__047_F_GA32_BW1730_PA40_DG0_PF0_D1_S03_9,COph100/patient/047,COph100,sp_lg_h,ok,True,False,False,16.187038655133076,-1.2091674038262448,0.010289802767952976,0.0
cba507696259ed48,COph100/047-1/047_F_GA32_BW1730_PA38_DG0_PF0_D1_S02_4__047_F_GA32_BW1730_PA40_DG0_PF0_D1_S03_9,COph100/patient/047,COph100,xfeat_h,ok,True,False,False,7.653830676911218,-0.883878850245873,0.047402226414287055,0.0
93d30f98fa1a8b49,COph100/047-1/047_F_GA32_BW1730_PA38_DG0_PF0_D1_S02_4__047_F_GA32_BW1730_PA40_DG0_PF0_D1_S03_9,COph100/patient/047,COph100,xfeat_tps,ok,False,False,False,,3.0,8.549366982325218,0.0
251c35a56b66d146,COph100/047/047_F_GA32_BW1730_PA33_DG0_PF0_D1_S01_1__047_F_GA32_BW1730_PA38_DG0_PF0_D1_S02_1,COph100/patient/047,COph100,sift_h,invalid_transform,True,False,False,,3.0,,
b77066bb3c0e466c,COph100/047/047_F_GA32_BW1730_PA33_DG0_PF0_D1_S01_1__047_F_GA32_BW1730_PA38_DG0_PF0_D1_S02_1,COph100/patient/047,COph100,sp_lg_h,ok,True,False,False,10.597756045748104,-1.0252139180840611,0.02221884400993836,0.0
c15f8efce0559dc2,COph100/047/047_F_GA32_BW1730_PA33_DG0_PF0_D1_S01_1__047_F_GA32_BW1730_PA38_DG0_PF0_D1_S02_1,COph100/patient/047,COph100,xfeat_h,ok,True,False,False,4.086281093330805,-0.6113282382346454,0.13085289328141736,0.0
ca9f67f41221e4fe,COph100/047/047_F_GA32_BW1730_PA33_DG0_PF0_D1_S01_1__047_F_GA32_BW1730_PA38_DG0_PF0_D1_S02_1,COph100/patient/047,COph100,xfeat_tps,ok,True,False,False,,3.0,9.094707800942325,0.0
c770be5852ab5f4a,COph100/047/047_F_GA32_BW1730_PA33_DG0_PF0_D1_S01_1__047_F_GA32_BW1730_PA40_DG0_PF0_D1_S03_7,COph100/patient/047,COph100,sift_h,ok,True,False,False,3.9577332833353087,-0.5974465232006693,0.1632089939539368,0.0
3c814dc8a3eabfb9,COph100/047/047_F_GA32_BW1730_PA33_DG0_PF0_D1_S01_1__047_F_GA32_BW1730_PA40_DG0_PF0_D1_S03_7,COph100/patient/047,COph100,sp_lg_h,ok,True,False,False,30.007179209192923,-1.4772251719839926,0.002838657277452595,0.0
6b6398f99b317a29,COph100/047/047_F_GA32_BW1730_PA33_DG0_PF0_D1_S01_1__047_F_GA32_BW1730_PA40_DG0_PF0_D1_S03_7,COph100/patient/047,COph100,xfeat_h,ok,True,False,False,3.6871883386755715,-0.5666953215926899,0.17034597975591664,0.0
11f86f4dac5f0e00,COph100/047/047_F_GA32_BW1730_PA33_DG0_PF0_D1_S01_1__047_F_GA32_BW1730_PA40_DG0_PF0_D1_S03_7,COph100/patient/047,COph100,xfeat_tps,ok,True,False,False,,3.0,11.687314346519562,0.0
13be8ef4f9484abf,COph100/047/047_F_GA32_BW1730_PA38_DG0_PF0_D1_S02_1__047_F_GA32_BW1730_PA40_DG0_PF0_D1_S03_7,COph100/patient/047,COph100,sift_h,ok,True,True,False,0.0,3.0,6676318.55032852,0.021484375
a303e01c96ee5190,COph100/047/047_F_GA32_BW1730_PA38_DG0_PF0_D1_S02_1__047_F_GA32_BW1730_PA40_DG0_PF0_D1_S03_7,COph100/patient/047,COph100,sp_lg_h,ok,False,False,False,24.62971538903348,-1.3914593933378279,0.0045058043221429785,0.0
2c18edea522e032f,COph100/047/047_F_GA32_BW1730_PA38_DG0_PF0_D1_S02_1__047_F_GA32_BW1730_PA40_DG0_PF0_D1_S03_7,COph100/patient/047,COph100,xfeat_h,ok,False,False,False,35.20935658833529,-1.546658088896123,0.0022579789622728043,0.0
98a394491ad371cb,COph100/047/047_F_GA32_BW1730_PA38_DG0_PF0_D1_S02_1__047_F_GA32_BW1730_PA40_DG0_PF0_D1_S03_7,COph100/patient/047,COph100,xfeat_tps,ok,False,False,False,,3.0,14.029260520693725,0.0
6edd5b7c19dd0fa0,COph100/048-1/048_F_GA32_BW1680_PA33_DG0_PF0_D1_S01_1__048_F_GA32_BW1680_PA38_DG0_PF0_D1_S02_2,COph100/patient/048,COph100,sift_h,ok,True,True,False,0.0,3.0,99678.54775715237,0.0439453125
1ac3bb32bc4907d6,COph100/048-1/048_F_GA32_BW1680_PA33_DG0_PF0_D1_S01_1__048_F_GA32_BW1680_PA38_DG0_PF0_D1_S02_2,COph100/patient/048,COph100,sp_lg_h,ok,True,False,False,2.3093967605238013,-0.36349855227773914,0.4135750237778584,0.0
81537b9d9bdbc9e0,COph100/048-1/048_F_GA32_BW1680_PA33_DG0_PF0_D1_S01_1__048_F_GA32_BW1680_PA38_DG0_PF0_D1_S02_2,COph100/patient/048,COph100,xfeat_h,ok,True,False,False,7.414741607718899,-0.8700960211368697,0.046815836498278536,0.0
9387e030fbff1dce,COph100/048-1/048_F_GA32_BW1680_PA33_DG0_PF0_D1_S01_1__048_F_GA32_BW1680_PA38_DG0_PF0_D1_S02_2,COph100/patient/048,COph100,xfeat_tps,ok,True,False,False,,3.0,9.033501153330235,0.0
9bb5b3f73a2f03e6,COph100/048-1/048_F_GA32_BW1680_PA33_DG0_PF0_D1_S01_1__048_F_GA32_BW1680_PA40_DG0_PF0_D1_S03_2,COph100/patient/048,COph100,sift_h,ok,True,True,True,0.0,3.0,49222359.42753069,0.517578125
6454465744de1a79,COph100/048-1/048_F_GA32_BW1680_PA33_DG0_PF0_D1_S01_1__048_F_GA32_BW1680_PA40_DG0_PF0_D1_S03_2,COph100/patient/048,COph100,sp_lg_h,ok,True,False,False,2.377061814872734,-0.3760404755897979,0.37358016001437566,0.0
d1b85ea8e3c313aa,COph100/048-1/048_F_GA32_BW1680_PA33_DG0_PF0_D1_S01_1__048_F_GA32_BW1680_PA40_DG0_PF0_D1_S03_2,COph100/patient/048,COph100,xfeat_h,ok,True,False,False,2.3407978294579195,-0.3693639060749449,0.38200245327866333,0.0
f907a8c375a65cab,COph100/048-1/048_F_GA32_BW1680_PA33_DG0_PF0_D1_S01_1__048_F_GA32_BW1680_PA40_DG0_PF0_D1_S03_2,COph100/patient/048,COph100,xfeat_tps,ok,True,False,False,,3.0,7.916019836071515,0.0
b59ab8449379ab9a,COph100/048-1/048_F_GA32_BW1680_PA38_DG0_PF0_D1_S02_2__048_F_GA32_BW1680_PA40_DG0_PF0_D1_S03_2,COph100/patient/048,COph100,sift_h,ok,True,True,True,0.0,3.0,20105268.445325304,0.443359375
3db92d7da46403ac,COph100/048-1/048_F_GA32_BW1680_PA38_DG0_PF0_D1_S02_2__048_F_GA32_BW1680_PA40_DG0_PF0_D1_S03_2,COph100/patient/048,COph100,sp_lg_h,ok,False,False,False,31.9534896942575,-1.5045182951140872,0.0026693380705043344,0.0
5c6e9ff0e8e977a8,COph100/048-1/048_F_GA32_BW1680_PA38_DG0_PF0_D1_S02_2__048_F_GA32_BW1680_PA40_DG0_PF0_D1_S03_2,COph100/patient/048,COph100,xfeat_h,ok,False,False,False,65.70395722813421,-1.8175915271029643,0.000649151004376287,0.0
c5bc6845c64b91b6,COph100/048-1/048_F_GA32_BW1680_PA38_DG0_PF0_D1_S02_2__048_F_GA32_BW1680_PA40_DG0_PF0_D1_S03_2,COph100/patient/048,COph100,xfeat_tps,ok,False,False,False,,3.0,11.490006116894428,0.0
c2666f99bb0fa11b,COph100/048/048_F_GA32_BW1680_PA33_DG0_PF0_D1_S01_7__048_F_GA32_BW1680_PA38_DG0_PF0_D1_S02_8,COph100/patient/048,COph100,sift_h,ok,True,True,True,0.0,3.0,279681.82107786904,0.7275390625
d9097ef8457ddb76,COph100/048/048_F_GA32_BW1680_PA33_DG0_PF0_D1_S01_7__048_F_GA32_BW1680_PA38_DG0_PF0_D1_S02_8,COph100/patient/048,COph100,sp_lg_h,ok,True,False,False,36.716908176552295,-1.564866103400779,0.001793671707121111,0.0
c3b90e42da5df167,COph100/048/048_F_GA32_BW1680_PA33_DG0_PF0_D1_S01_7__048_F_GA32_BW1680_PA38_DG0_PF0_D1_S02_8,COph100/patient/048,COph100,xfeat_h,ok,True,False,False,5.813817148428731,-0.7644613685632035,0.06789589360918727,0.0
178e0ed72d219187,COph100/048/048_F_GA32_BW1680_PA33_DG0_PF0_D1_S01_7__048_F_GA32_BW1680_PA38_DG0_PF0_D1_S02_8,COph100/patient/048,COph100,xfeat_tps,ok,True,False,False,,3.0,9.032015781732783,0.0
ab40bccb259c19ef,COph100/048/048_F_GA32_BW1680_PA33_DG0_PF0_D1_S01_7__048_F_GA32_BW1680_PA40_DG0_PF0_D1_S03_9,COph100/patient/048,COph100,sift_h,ok,True,True,False,0.0,3.0,2.2108003595164067,0.96875
0940766f38eb0018,COph100/048/048_F_GA32_BW1680_PA33_DG0_PF0_D1_S01_7__048_F_GA32_BW1680_PA40_DG0_PF0_D1_S03_9,COph100/patient/048,COph100,sp_lg_h,ok,True,False,False,7.3390916967993185,-0.86564231393824,0.04010078570720914,0.0
01f4733adc8b685a,COph100/048/048_F_GA32_BW1680_PA33_DG0_PF0_D1_S01_7__048_F_GA32_BW1680_PA40_DG0_PF0_D1_S03_9,COph100/patient/048,COph100,xfeat_h,ok,True,False,False,20.03132084121806,-1.3017095870938602,0.006661932758723243,0.0
b16f45a7c27c8c94,COph100/048/048_F_GA32_BW1680_PA33_DG0_PF0_D1_S01_7__048_F_GA32_BW1680_PA40_DG0_PF0_D1_S03_9,COph100/patient/048,COph100,xfeat_tps,ok,True,False,False,,3.0,11.756475217752554,0.0
7d53168f46b873cf,COph100/048/048_F_GA32_BW1680_PA38_DG0_PF0_D1_S02_8__048_F_GA32_BW1680_PA40_DG0_PF0_D1_S03_9,COph100/patient/048,COph100,sift_h,ok,True,True,False,0.0,3.0,568337.8744534311,0.0576171875
d0ae1ea85ae2294a,COph100/048/048_F_GA32_BW1680_PA38_DG0_PF0_D1_S02_8__048_F_GA32_BW1680_PA40_DG0_PF0_D1_S03_9,COph100/patient/048,COph100,sp_lg_h,ok,False,False,False,15.476000623311693,-1.1896587385408603,0.011504090598567673,0.0
287ceadbbcd2dda7,COph100/048/048_F_GA32_BW1680_PA38_DG0_PF0_D1_S02_8__048_F_GA32_BW1680_PA40_DG0_PF0_D1_S03_9,COph100/patient/048,COph100,xfeat_h,ok,False,False,False,34.75167443607683,-1.540975734993152,0.002380642337977864,0.0
6d399c6432eb72de,COph100/048/048_F_GA32_BW1680_PA38_DG0_PF0_D1_S02_8__048_F_GA32_BW1680_PA40_DG0_PF0_D1_S03_9,COph100/patient/048,COph100,xfeat_tps,ok,False,False,False,,3.0,11.870514043601874,0.0
b773b3ccd7e5d34f,COph100/049-1/049_F_GA30_BW1220_PA32_DG0_PF0_D1_S01_9__049_F_GA30_BW1220_PA34_DG0_PF0_D1_S02_6,COph100/patient/049,COph100,sift_h,ok,True,True,False,0.0,3.0,68599.15940814302,0.9560546875
005bf5c200ec2ea6,COph100/049-1/049_F_GA30_BW1220_PA32_DG0_PF0_D1_S01_9__049_F_GA30_BW1220_PA34_DG0_PF0_D1_S02_6,COph100/patient/049,COph100,sp_lg_h,ok,False,False,False,14.858499852267967,-1.171974964285276,0.011759829684896798,0.0
0b377ff465dabd85,COph100/049-1/049_F_GA30_BW1220_PA32_DG0_PF0_D1_S01_9__049_F_GA30_BW1220_PA34_DG0_PF0_D1_S02_6,COph100/patient/049,COph100,xfeat_h,ok,True,False,False,8.332433045347974,-0.9207718326052662,0.037005447389701365,0.0
20388a7882de766c,COph100/049-1/049_F_GA30_BW1220_PA32_DG0_PF0_D1_S01_9__049_F_GA30_BW1220_PA34_DG0_PF0_D1_S02_6,COph100/patient/049,COph100,xfeat_tps,ok,True,False,False,,3.0,12.140106037563697,0.0
525265fadb36ac9e,COph100/049-1/049_F_GA30_BW1220_PA32_DG0_PF0_D1_S01_9__049_F_GA30_BW1220_PA36_DG0_PF0_D1_S03_6,COph100/patient/049,COph100,sift_h,ok,True,True,False,0.0,3.0,2144693.5525354017,0.080078125
05d8989dbb27d49e,COph100/049-1/049_F_GA30_BW1220_PA32_DG0_PF0_D1_S01_9__049_F_GA30_BW1220_PA36_DG0_PF0_D1_S03_6,COph100/patient/049,COph100,sp_lg_h,ok,True,False,False,6.028321369870489,-0.7801963965027668,0.06734702591208863,0.0
6171600d6f446ac7,COph100/049-1/049_F_GA30_BW1220_PA32_DG0_PF0_D1_S01_9__049_F_GA30_BW1220_PA36_DG0_PF0_D1_S03_6,COph100/patient/049,COph100,xfeat_h,ok,True,False,False,15.096362968083357,-1.178872329203818,0.011917168084485546,0.0
e7dc31c4c6345bc3,COph100/049-1/049_F_GA30_BW1220_PA32_DG0_PF0_D1_S01_9__049_F_GA30_BW1220_PA36_DG0_PF0_D1_S03_6,COph100/patient/049,COph100,xfeat_tps,ok,True,False,False,,3.0,14.882338668110602,0.0
950cedcbfe205202,COph100/049-1/049_F_GA30_BW1220_PA34_DG0_PF0_D1_S02_6__049_F_GA30_BW1220_PA36_DG0_PF0_D1_S03_6,COph100/patient/049,COph100,sift_h,invalid_transform,True,False,False,,3.0,,
e856b2d0047f108e,COph100/049-1/049_F_GA30_BW1220_PA34_DG0_PF0_D1_S02_6__049_F_GA30_BW1220_PA36_DG0_PF0_D1_S03_6,COph100/patient/049,COph100,sp_lg_h,ok,False,False,False,26.750999400469947,-1.4273400116283346,0.0038363959368537762,0.0
e2ed7febfa2e4e25,COph100/049-1/049_F_GA30_BW1220_PA34_DG0_PF0_D1_S02_6__049_F_GA30_BW1220_PA36_DG0_PF0_D1_S03_6,COph100/patient/049,COph100,xfeat_h,ok,False,False,False,10.601244852266639,-1.0253568653333582,0.023053017246930815,0.0
e194fde4233ab863,COph100/049-1/049_F_GA30_BW1220_PA34_DG0_PF0_D1_S02_6__049_F_GA30_BW1220_PA36_DG0_PF0_D1_S03_6,COph100/patient/049,COph100,xfeat_tps,ok,False,False,False,,3.0,12.919047258371805,0.0
652b303c65b7a05b,COph100/049/049_F_GA30_BW1220_PA32_DG0_PF0_D1_S01_4__049_F_GA30_BW1220_PA34_DG0_PF0_D1_S02_2,COph100/patient/049,COph100,sift_h,ok,True,False,False,18.079113073190765,-1.2571771210028828,0.008353896267242599,0.0
4b6c4b01608745a3,COph100/049/049_F_GA30_BW1220_PA32_DG0_PF0_D1_S01_4__049_F_GA30_BW1220_PA34_DG0_PF0_D1_S02_2,COph100/patient/049,COph100,sp_lg_h,ok,False,False,False,14.369633896286091,-1.1574457034962182,0.012897507040128337,0.0
84cb028a05aec7d7,COph100/049/049_F_GA30_BW1220_PA32_DG0_PF0_D1_S01_4__049_F_GA30_BW1220_PA34_DG0_PF0_D1_S02_2,COph100/patient/049,COph100,xfeat_h,ok,False,False,False,9.802550297564613,-0.9913390793730322,0.027223599259497896,0.0
11b2be73a0b01dd4,COph100/049/049_F_GA30_BW1220_PA32_DG0_PF0_D1_S01_4__049_F_GA30_BW1220_PA34_DG0_PF0_D1_S02_2,COph100/patient/049,COph100,xfeat_tps,ok,False,False,False,,3.0,13.865799225676607,0.0
b03a05a54d4dd802,COph100/049/049_F_GA30_BW1220_PA32_DG0_PF0_D1_S01_4__049_F_GA30_BW1220_PA36_DG0_PF0_D1_S03_1,COph100/patient/049,COph100,sift_h,ok,True,True,False,0.0,3.0,227.34571381268933,0.96875
d7be77ea8dd6ee00,COph100/049/049_F_GA30_BW1220_PA32_DG0_PF0_D1_S01_4__049_F_GA30_BW1220_PA36_DG0_PF0_D1_S03_1,COph100/patient/049,COph100,sp_lg_h,ok,True,False,False,6.818281571652421,-0.8336749321363303,0.052948671689468374,0.0
dec1abfe27b8dc38,COph100/049/049_F_GA30_BW1220_PA32_DG0_PF0_D1_S01_4__049_F_GA30_BW1220_PA36_DG0_PF0_D1_S03_1,COph100/patient/049,COph100,xfeat_h,ok,True,False,False,6.217139510597552,-0.793590612905052,0.06329700510214273,0.0
8d3eb7a8c3064456,COph100/049/049_F_GA30_BW1220_PA32_DG0_PF0_D1_S01_4__049_F_GA30_BW1220_PA36_DG0_PF0_D1_S03_1,COph100/patient/049,COph100,xfeat_tps,ok,False,False,False,,3.0,9.059536356697315,0.0
55f91cdc90d7b26a,COph100/049/049_F_GA30_BW1220_PA34_DG0_PF0_D1_S02_2__049_F_GA30_BW1220_PA36_DG0_PF0_D1_S03_1,COph100/patient/049,COph100,sift_h,ok,True,True,False,0.0,3.0,1252563592.6957564,0.9169921875
04c9f9c1e06ed2fb,COph100/049/049_F_GA30_BW1220_PA34_DG0_PF0_D1_S02_2__049_F_GA30_BW1220_PA36_DG0_PF0_D1_S03_1,COph100/patient/049,COph100,sp_lg_h,ok,False,False,False,17.047279746233855,-1.2316550879940316,0.008862844399039406,0.0
48708ad0398537b2,COph100/049/049_F_GA30_BW1220_PA34_DG0_PF0_D1_S02_2__049_F_GA30_BW1220_PA36_DG0_PF0_D1_S03_1,COph100/patient/049,COph100,xfeat_h,ok,False,False,False,19.927594705100955,-1.2994548817741276,0.006668957916688272,0.0
19a7c1037c9f4428,COph100/049/049_F_GA30_BW1220_PA34_DG0_PF0_D1_S02_2__049_F_GA30_BW1220_PA36_DG0_PF0_D1_S03_1,COph100/patient/049,COph100,xfeat_tps,ok,False,False,False,,3.0,13.037000042240182,0.0
050f78b23b88dcef,COph100/050-1/050_M_GA32_BW1790_PA33_DG0_PF0_D1_S01_2__050_M_GA32_BW1790_PA38_DG0_PF0_D1_S02_8,COph100/patient/050,COph100,sift_h,ok,True,False,False,65.594224720993,-1.8168656033662454,0.000656927585223369,0.0
74a39c0d53e95cfb,COph100/050-1/050_M_GA32_BW1790_PA33_DG0_PF0_D1_S01_2__050_M_GA32_BW1790_PA38_DG0_PF0_D1_S02_8,COph100/patient/050,COph100,sp_lg_h,ok,True,False,False,4.312531826216522,-0.6347323131594088,0.13043783929010574,0.0
34f5173e3ec2c463,COph100/050-1/050_M_GA32_BW1790_PA33_DG0_PF0_D1_S01_2__050_M_GA32_BW1790_PA38_DG0_PF0_D1_S02_8,COph100/patient/050,COph100,xfeat_h,ok,True,False,False,6.198243474314752,-0.7922686318378508,0.07021483879117302,0.0
517f43de317337fc,COph100/050-1/050_M_GA32_BW1790_PA33_DG0_PF0_D1_S01_2__050_M_GA32_BW1790_PA38_DG0_PF0_D1_S02_8,COph100/patient/050,COph100,xfeat_tps,ok,True,False,False,,3.0,11.172910711446244,0.0
a5f5cf6e6a80f064,COph100/050-1/050_M_GA32_BW1790_PA33_DG0_PF0_D1_S01_2__050_M_GA32_BW1790_PA41_DG0_PF0_D1_S03_3,COph100/patient/050,COph100,sift_h,invalid_transform,True,False,False,,3.0,,
6e5e42ee3e9f4403,COph100/050-1/050_M_GA32_BW1790_PA33_DG0_PF0_D1_S01_2__050_M_GA32_BW1790_PA41_DG0_PF0_D1_S03_3,COph100/patient/050,COph100,sp_lg_h,ok,True,False,False,2.1368689919303523,-0.32977789707010513,0.4604120900662682,0.0
36e638a771fc2a8b,COph100/050-1/050_M_GA32_BW1790_PA33_DG0_PF0_D1_S01_2__050_M_GA32_BW1790_PA41_DG0_PF0_D1_S03_3,COph100/patient/050,COph100,xfeat_h,ok,True,False,False,11.518323082044374,-1.061389256064109,0.020288427981520796,0.0
bc3d5fbcaa3c835a,COph100/050-1/050_M_GA32_BW1790_PA33_DG0_PF0_D1_S01_2__050_M_GA32_BW1790_PA41_DG0_PF0_D1_S03_3,COph100/patient/050,COph100,xfeat_tps,ok,True,False,False,,3.0,8.056590673888373,0.0
d6d3dc3fdc950609,COph100/050-1/050_M_GA32_BW1790_PA38_DG0_PF0_D1_S02_8__050_M_GA32_BW1790_PA41_DG0_PF0_D1_S03_3,COph100/patient/050,COph100,sift_h,ok,True,True,False,0.0,3.0,1919976.22976245,0.0419921875
2598de2d587b1f0b,COph100/050-1/050_M_GA32_BW1790_PA38_DG0_PF0_D1_S02_8__050_M_GA32_BW1790_PA41_DG0_PF0_D1_S03_3,COph100/patient/050,COph100,sp_lg_h,ok,True,False,False,5.469682526452584,-0.7379621195672383,0.08464148533960048,0.0
3d5de51f0bfe096a,COph100/050-1/050_M_GA32_BW1790_PA38_DG0_PF0_D1_S02_8__050_M_GA32_BW1790_PA41_DG0_PF0_D1_S03_3,COph100/patient/050,COph100,xfeat_h,ok,True,False,False,9.854298607477542,-0.9936257182407859,0.026759365770590404,0.0
0ad275ebc32ff75f,COph100/050-1/050_M_GA32_BW1790_PA38_DG0_PF0_D1_S02_8__050_M_GA32_BW1790_PA41_DG0_PF0_D1_S03_3,COph100/patient/050,COph100,xfeat_tps,ok,False,False,False,,3.0,6.59073672284139,0.0
088cba93e493bfd9,COph100/050/050_M_GA32_BW1790_PA33_DG0_PF0_D1_S01_6__050_M_GA32_BW1790_PA38_DG0_PF0_D1_S02_2,COph100/patient/050,COph100,sift_h,invalid_transform,True,False,False,,3.0,,
ccee32fe6c463443,COph100/050/050_M_GA32_BW1790_PA33_DG0_PF0_D1_S01_6__050_M_GA32_BW1790_PA38_DG0_PF0_D1_S02_2,COph100/patient/050,COph100,sp_lg_h,ok,False,False,False,3.6421848430552863,-0.561361982722454,0.166600482189691,0.0
3fe9570cb6c4ab0d,COph100/050/050_M_GA32_BW1790_PA33_DG0_PF0_D1_S01_6__050_M_GA32_BW1790_PA38_DG0_PF0_D1_S02_2,COph100/patient/050,COph100,xfeat_h,ok,True,False,False,7.6826826728104844,-0.8855128953651762,0.04187086888393493,0.0
37db0db2a356450b,COph100/050/050_M_GA32_BW1790_PA33_DG0_PF0_D1_S01_6__050_M_GA32_BW1790_PA38_DG0_PF0_D1_S02_2,COph100/patient/050,COph100,xfeat_tps,ok,True,False,False,,3.0,7.339102249577192,0.0
328f32ef91a890ae,COph100/050/050_M_GA32_BW1790_PA33_DG0_PF0_D1_S01_6__050_M_GA32_BW1790_PA41_DG0_PF0_D1_S03_6,COph100/patient/050,COph100,sift_h,ok,True,True,True,0.0,3.0,761.8726393846584,0.1875
47368b1119b09ada,COph100/050/050_M_GA32_BW1790_PA33_DG0_PF0_D1_S01_6__050_M_GA32_BW1790_PA41_DG0_PF0_D1_S03_6,COph100/patient/050,COph100,sp_lg_h,ok,True,False,False,1.2314806042349344,-0.09042757611010002,1.0381716175971532,0.0
174e7462492ccffe,COph100/050/050_M_GA32_BW1790_PA33_DG0_PF0_D1_S01_6__050_M_GA32_BW1790_PA41_DG0_PF0_D1_S03_6,COph100/patient/050,COph100,xfeat_h,ok,True,False,False,29.7631695925523,-1.473679178999394,0.0029949929066618525,0.0
f1f9e1bf114d1f9c,COph100/050/050_M_GA32_BW1790_PA33_DG0_PF0_D1_S01_6__050_M_GA32_BW1790_PA41_DG0_PF0_D1_S03_6,COph100/patient/050,COph100,xfeat_tps,ok,True,False,False,,3.0,9.223930813002186,0.0
a0098c955a939574,COph100/050/050_M_GA32_BW1790_PA38_DG0_PF0_D1_S02_2__050_M_GA32_BW1790_PA41_DG0_PF0_D1_S03_6,COph100/patient/050,COph100,sift_h,ok,True,False,False,4.3185675630263765,-0.6353397184272236,0.13334941171163553,0.0
d6b5e7902a5be15b,COph100/050/050_M_GA32_BW1790_PA38_DG0_PF0_D1_S02_2__050_M_GA32_BW1790_PA41_DG0_PF0_D1_S03_6,COph100/patient/050,COph100,sp_lg_h,ok,True,False,False,2.9162497577446724,-0.46482471572460154,0.2796874117251859,0.0
1a755c54d06e2744,COph100/050/050_M_GA32_BW1790_PA38_DG0_PF0_D1_S02_2__050_M_GA32_BW1790_PA41_DG0_PF0_D1_S03_6,COph100/patient/050,COph100,xfeat_h,ok,True,False,False,11.426911911961923,-1.0579288794943469,0.019906004904090766,0.0
ec12942ea100864d,COph100/050/050_M_GA32_BW1790_PA38_DG0_PF0_D1_S02_2__050_M_GA32_BW1790_PA41_DG0_PF0_D1_S03_6,COph100/patient/050,COph100,xfeat_tps,ok,False,False,False,,3.0,7.117855376551287,0.0
d3793e981f543db1,COph100/051-1/051_F_GA24_BW600_PA35_DG3_PF0_D1_S01_10__051_F_GA24_BW600_PA36_DG3_PF0_D1_S02_11,COph100/patient/051,COph100,sift_h,ok,True,True,True,0.0,3.0,10843726.87981093,0.9296875
73b47c930480f33c,COph100/051-1/051_F_GA24_BW600_PA35_DG3_PF0_D1_S01_10__051_F_GA24_BW600_PA36_DG3_PF0_D1_S02_11,COph100/patient/051,COph100,sp_lg_h,ok,False,False,False,70.12691324503966,-1.8458847231116822,0.0005771310261660063,0.0
8ec0433953590045,COph100/051-1/051_F_GA24_BW600_PA35_DG3_PF0_D1_S01_10__051_F_GA24_BW600_PA36_DG3_PF0_D1_S02_11,COph100/patient/051,COph100,xfeat_h,ok,False,False,False,35.389444403829074,-1.5488737444898666,0.0022567814954924086,0.0
980f78ee3656a001,COph100/051-1/051_F_GA24_BW600_PA35_DG3_PF0_D1_S01_10__051_F_GA24_BW600_PA36_DG3_PF0_D1_S02_11,COph100/patient/051,COph100,xfeat_tps,ok,False,False,False,,3.0,9.527766011022337,0.0
277f71b15fa9a3c5,COph100/051-1/051_F_GA24_BW600_PA35_DG3_PF0_D1_S01_10__051_F_GA24_BW600_PA42_DG3_PF0_D1_S03_3,COph100/patient/051,COph100,sift_h,ok,True,True,True,0.0,3.0,265433792.81635505,0.609375
3f4436e1760f41ad,COph100/051-1/051_F_GA24_BW600_PA35_DG3_PF0_D1_S01_10__051_F_GA24_BW600_PA42_DG3_PF0_D1_S03_3,COph100/patient/051,COph100,sp_lg_h,ok,False,False,False,18.047501463288423,-1.256417085697904,0.007713450253374854,0.0
aa744c10ce1af9c5,COph100/051-1/051_F_GA24_BW600_PA35_DG3_PF0_D1_S01_10__051_F_GA24_BW600_PA42_DG3_PF0_D1_S03_3,COph100/patient/051,COph100,xfeat_h,ok,True,False,False,4.22408644067974,-0.6257327969135655,0.12296727050883574,0.0
f6dd82d02bdd6116,COph100/051-1/051_F_GA24_BW600_PA35_DG3_PF0_D1_S01_10__051_F_GA24_BW600_PA42_DG3_PF0_D1_S03_3,COph100/patient/051,COph100,xfeat_tps,ok,True,False,False,,3.0,12.823523654483012,0.0
732129d7189fbfa4,COph100/051-1/051_F_GA24_BW600_PA35_DG3_PF0_D1_S01_10__051_F_GA24_BW600_PA46_DG9_PF0_D1_S04_2,COph100/patient/051,COph100,sift_h,ok,True,True,False,0.0,3.0,487870949.3535332,0.0078125
a54a1e7067d0ee9e,COph100/051-1/051_F_GA24_BW600_PA35_DG3_PF0_D1_S01_10__051_F_GA24_BW600_PA46_DG9_PF0_D1_S04_2,COph100/patient/051,COph100,sp_lg_h,ok,True,False,False,0.47158294633889625,0.32644190850660854,7.870245621356658,0.0
b0ec18a095aa3811,COph100/051-1/051_F_GA24_BW600_PA35_DG3_PF0_D1_S01_10__051_F_GA24_BW600_PA46_DG9_PF0_D1_S04_2,COph100/patient/051,COph100,xfeat_h,ok,True,False,False,0.8135228821712258,0.08963022704065987,2.5687078104405834,0.0
44f40ddabece96bb,COph100/051-1/051_F_GA24_BW600_PA35_DG3_PF0_D1_S01_10__051_F_GA24_BW600_PA46_DG9_PF0_D1_S04_2,COph100/patient/051,COph100,xfeat_tps,ok,True,False,False,,3.0,7.520319504981083,0.0
37add9b2e3e72fce,COph100/051-1/051_F_GA24_BW600_PA36_DG3_PF0_D1_S02_11__051_F_GA24_BW600_PA42_DG3_PF0_D1_S03_3,COph100/patient/051,COph100,sift_h,ok,True,True,False,0.0,3.0,77998605.40507072,0.9072265625
a9ebc7032078a387,COph100/051-1/051_F_GA24_BW600_PA36_DG3_PF0_D1_S02_11__051_F_GA24_BW600_PA42_DG3_PF0_D1_S03_3,COph100/patient/051,COph100,sp_lg_h,ok,False,False,False,21.81747509242931,-1.338804488833709,0.005105550610215202,0.0
06ec74d49a4543a0,COph100/051-1/051_F_GA24_BW600_PA36_DG3_PF0_D1_S02_11__051_F_GA24_BW600_PA42_DG3_PF0_D1_S03_3,COph100/patient/051,COph100,xfeat_h,ok,True,False,False,15.98532332943459,-1.2037214250161619,0.009700838948627596,0.0
fba1ed79c2f60e73,COph100/051-1/051_F_GA24_BW600_PA36_DG3_PF0_D1_S02_11__051_F_GA24_BW600_PA42_DG3_PF0_D1_S03_3,COph100/patient/051,COph100,xfeat_tps,ok,False,False,False,,3.0,9.932806435150644,0.0
e50c51367c185f7d,COph100/051-1/051_F_GA24_BW600_PA36_DG3_PF0_D1_S02_11__051_F_GA24_BW600_PA46_DG9_PF0_D1_S04_2,COph100/patient/051,COph100,sift_h,ok,True,False,False,0.39417142403246785,0.404314863655908,10.293938517780486,0.0
e5cd661fb370d477,COph100/051-1/051_F_GA24_BW600_PA36_DG3_PF0_D1_S02_11__051_F_GA24_BW600_PA46_DG9_PF0_D1_S04_2,COph100/patient/051,COph100,sp_lg_h,ok,True,False,False,0.9511935180225602,0.021731117910628175,2.0775333914364165,0.0
9256c0b8bb836ede,COph100/051-1/051_F_GA24_BW600_PA36_DG3_PF0_D1_S02_11__051_F_GA24_BW600_PA46_DG9_PF0_D1_S04_2,COph100/patient/051,COph100,xfeat_h,ok,True,False,False,1.0090392058049693,-0.00390804089891898,1.9170987311241883,0.0
6fba97f1e46e8e20,COph100/051-1/051_F_GA24_BW600_PA36_DG3_PF0_D1_S02_11__051_F_GA24_BW600_PA46_DG9_PF0_D1_S04_2,COph100/patient/051,COph100,xfeat_tps,ok,True,False,False,,3.0,7.557425174661319,0.0
5a04f56c984f5039,COph100/051-1/051_F_GA24_BW600_PA42_DG3_PF0_D1_S03_3__051_F_GA24_BW600_PA46_DG9_PF0_D1_S04_2,COph100/patient/051,COph100,sift_h,ok,True,True,False,0.0,3.0,3952292.3523491407,0.8916015625
9bdef00640b93e7f,COph100/051-1/051_F_GA24_BW600_PA42_DG3_PF0_D1_S03_3__051_F_GA24_BW600_PA46_DG9_PF0_D1_S04_2,COph100/patient/051,COph100,sp_lg_h,ok,True,False,False,3.3706946497042036,-0.527719411685917,0.22283381863430557,0.0
85f327f64f532a58,COph100/051-1/051_F_GA24_BW600_PA42_DG3_PF0_D1_S03_3__051_F_GA24_BW600_PA46_DG9_PF0_D1_S04_2,COph100/patient/051,COph100,xfeat_h,ok,True,False,False,4.087905796437789,-0.6115008791622144,0.15344998062172305,0.0
3635c6fd4ac8847f,COph100/051-1/051_F_GA24_BW600_PA42_DG3_PF0_D1_S03_3__051_F_GA24_BW600_PA46_DG9_PF0_D1_S04_2,COph100/patient/051,COph100,xfeat_tps,ok,True,False,False,,3.0,8.731476764361279,0.0
ab33343ca63d1418,COph100/051/051_F_GA24_BW600_PA35_DG3_PF0_D1_S01_6__051_F_GA24_BW600_PA36_DG3_PF0_D1_S02_3,COph100/patient/051,COph100,sift_h,ok,True,True,False,0.0,3.0,893194.3974070018,0.0263671875
e0ccb67e25035f89,COph100/051/051_F_GA24_BW600_PA35_DG3_PF0_D1_S01_6__051_F_GA24_BW600_PA36_DG3_PF0_D1_S02_3,COph100/patient/051,COph100,sp_lg_h,ok,False,False,False,27.664805750111555,-1.4419276251393331,0.0037923617718527256,0.0
825247351dca4a59,COph100/051/051_F_GA24_BW600_PA35_DG3_PF0_D1_S01_6__051_F_GA24_BW600_PA36_DG3_PF0_D1_S02_3,COph100/patient/051,COph100,xfeat_h,ok,False,False,False,12.270476006869037,-1.0888614105792251,0.01922418041868748,0.0
f7ca7bdb5a371d0a,COph100/051/051_F_GA24_BW600_PA35_DG3_PF0_D1_S01_6__051_F_GA24_BW600_PA36_DG3_PF0_D1_S02_3,COph100/patient/051,COph100,xfeat_tps,ok,False,False,False,,3.0,10.292689962500088,0.0
c05a3785670880ee,COph100/051/051_F_GA24_BW600_PA35_DG3_PF0_D1_S01_6__051_F_GA24_BW600_PA42_DG3_PF0_D1_S03_11,COph100/patient/051,COph100,sift_h,ok,True,True,False,0.0,3.0,4464.018512812419,0.0166015625
04b9de9c7c4712f0,COph100/051/051_F_GA24_BW600_PA35_DG3_PF0_D1_S01_6__051_F_GA24_BW600_PA42_DG3_PF0_D1_S03_11,COph100/patient/051,COph100,sp_lg_h,ok,False,False,False,12.812604920222507,-1.1076374347773599,0.015198026974594818,0.0
c830092c767c42c1,COph100/051/051_F_GA24_BW600_PA35_DG3_PF0_D1_S01_6__051_F_GA24_BW600_PA42_DG3_PF0_D1_S03_11,COph100/patient/051,COph100,xfeat_h,ok,True,False,False,3.6445345048387936,-0.5616420662919082,0.17339888340114087,0.0
0bf20a8ea745160a,COph100/051/051_F_GA24_BW600_PA35_DG3_PF0_D1_S01_6__051_F_GA24_BW600_PA42_DG3_PF0_D1_S03_11,COph100/patient/051,COph100,xfeat_tps,ok,False,False,False,,3.0,10.62019850538573,0.0
82154587fb3ef5ac,COph100/051/051_F_GA24_BW600_PA35_DG3_PF0_D1_S01_6__051_F_GA24_BW600_PA46_DG9_PF0_D1_S04_8,COph100/patient/051,COph100,sift_h,invalid_transform,True,False,False,,3.0,,
75730be1d687ca71,COph100/051/051_F_GA24_BW600_PA35_DG3_PF0_D1_S01_6__051_F_GA24_BW600_PA46_DG9_PF0_D1_S04_8,COph100/patient/051,COph100,sp_lg_h,ok,False,False,False,6.153323976870168,-0.7891097816023956,0.05742552279253607,0.0
da2a8dc9c67e1d7b,COph100/051/051_F_GA24_BW600_PA35_DG3_PF0_D1_S01_6__051_F_GA24_BW600_PA46_DG9_PF0_D1_S04_8,COph100/patient/051,COph100,xfeat_h,ok,False,False,False,7.051076792919927,-0.8482554445819868,0.04402386766472392,0.0
8c8a4e1ea3ea4713,COph100/051/051_F_GA24_BW600_PA35_DG3_PF0_D1_S01_6__051_F_GA24_BW600_PA46_DG9_PF0_D1_S04_8,COph100/patient/051,COph100,xfeat_tps,ok,True,False,False,,3.0,9.185025506593302,0.0
b7ffdcdaf04ce0f8,COph100/051/051_F_GA24_BW600_PA36_DG3_PF0_D1_S02_3__051_F_GA24_BW600_PA42_DG3_PF0_D1_S03_11,COph100/patient/051,COph100,sift_h,ok,True,False,False,0.6989161487812333,0.15557492483515337,4.142886071437072,0.0
0ba3565fe86ec0e2,COph100/051/051_F_GA24_BW600_PA36_DG3_PF0_D1_S02_3__051_F_GA24_BW600_PA42_DG3_PF0_D1_S03_11,COph100/patient/051,COph100,sp_lg_h,ok,False,False,False,6.409339527494895,-0.806813278451252,0.05662609217846315,0.0
e691dc8d56e3d998,COph100/051/051_F_GA24_BW600_PA36_DG3_PF0_D1_S02_3__051_F_GA24_BW600_PA42_DG3_PF0_D1_S03_11,COph100/patient/051,COph100,xfeat_h,ok,False,False,False,11.287158436491504,-1.052584621227086,0.019219769427688285,0.0
5d89ecbd095b1d58,COph100/051/051_F_GA24_BW600_PA36_DG3_PF0_D1_S02_3__051_F_GA24_BW600_PA42_DG3_PF0_D1_S03_11,COph100/patient/051,COph100,xfeat_tps,ok,False,False,False,,3.0,13.56493424054209,0.0
6c5ad832bf298d43,COph100/051/051_F_GA24_BW600_PA36_DG3_PF0_D1_S02_3__051_F_GA24_BW600_PA46_DG9_PF0_D1_S04_8,COph100/patient/051,COph100,sift_h,ok,True,True,False,0.0,3.0,188914.5663640137,0.9736328125
22650d84d3cfe50f,COph100/051/051_F_GA24_BW600_PA36_DG3_PF0_D1_S02_3__051_F_GA24_BW600_PA46_DG9_PF0_D1_S04_8,COph100/patient/051,COph100,sp_lg_h,ok,False,False,False,4.591686761102281,-0.6619722533958281,0.10247868577656186,0.0
c311a9de46e51131,COph100/051/051_F_GA24_BW600_PA36_DG3_PF0_D1_S02_3__051_F_GA24_BW600_PA46_DG9_PF0_D1_S04_8,COph100/patient/051,COph100,xfeat_h,ok,True,False,False,4.06476618778149,-0.6090355692962082,0.1322825641113479,0.0
847a04dc8a20d8a6,COph100/051/051_F_GA24_BW600_PA36_DG3_PF0_D1_S02_3__051_F_GA24_BW600_PA46_DG9_PF0_D1_S04_8,COph100/patient/051,COph100,xfeat_tps,ok,True,False,False,,3.0,13.337986294639935,0.0
03306af7964d5271,COph100/051/051_F_GA24_BW600_PA42_DG3_PF0_D1_S03_11__051_F_GA24_BW600_PA46_DG9_PF0_D1_S04_8,COph100/patient/051,COph100,sift_h,ok,True,True,False,0.0,3.0,26.900614049705773,0.970703125
179378b05e17f163,COph100/051/051_F_GA24_BW600_PA42_DG3_PF0_D1_S03_11__051_F_GA24_BW600_PA46_DG9_PF0_D1_S04_8,COph100/patient/051,COph100,sp_lg_h,ok,False,False,False,14.41249282390174,-1.1587391040640285,0.012412757415745896,0.0
c7d194cac8e79888,COph100/051/051_F_GA24_BW600_PA42_DG3_PF0_D1_S03_11__051_F_GA24_BW600_PA46_DG9_PF0_D1_S04_8,COph100/patient/051,COph100,xfeat_h,ok,False,False,False,79.87680230723893,-1.902420670518668,0.0004169298992161638,0.0
6f7bd7a76f4cc42a,COph100/051/051_F_GA24_BW600_PA42_DG3_PF0_D1_S03_11__051_F_GA24_BW600_PA46_DG9_PF0_D1_S04_8,COph100/patient/051,COph100,xfeat_tps,ok,False,False,False,,3.0,16.152560818800143,0.0
42c2109eeb8d3a73,COph100/052-1/052_M_GA26_BW820_PA31_DG1_PF0_D1_S01_6__052_M_GA26_BW820_PA32_DG2_PF0_D1_S02_7,COph100/patient/052,COph100,sift_h,ok,True,True,True,0.0,3.0,654153.0891621128,0.7685546875
e73f2f8ed4ab1f63,COph100/052-1/052_M_GA26_BW820_PA31_DG1_PF0_D1_S01_6__052_M_GA26_BW820_PA32_DG2_PF0_D1_S02_7,COph100/patient/052,COph100,sp_lg_h,ok,False,False,False,19.19794445574155,-1.2832547308223605,0.007227042338199446,0.0
2011694072a63e78,COph100/052-1/052_M_GA26_BW820_PA31_DG1_PF0_D1_S01_6__052_M_GA26_BW820_PA32_DG2_PF0_D1_S02_7,COph100/patient/052,COph100,xfeat_h,ok,True,False,False,13.310070229125007,-1.1241803469878977,0.015376607947883496,0.0
91ba1da14a9f02c7,COph100/052-1/052_M_GA26_BW820_PA31_DG1_PF0_D1_S01_6__052_M_GA26_BW820_PA32_DG2_PF0_D1_S02_7,COph100/patient/052,COph100,xfeat_tps,ok,False,False,False,,3.0,12.127387552656328,0.0
7f6dfd3b09805a38,COph100/052-1/052_M_GA26_BW820_PA31_DG1_PF0_D1_S01_6__052_M_GA26_BW820_PA33_DG3_PF0_D1_S03_6,COph100/patient/052,COph100,sift_h,ok,True,False,False,2.4757028769271785,-0.3936985213440389,0.3549484979541604,0.0
cd32b685872104de,COph100/052-1/052_M_GA26_BW820_PA31_DG1_PF0_D1_S01_6__052_M_GA26_BW820_PA33_DG3_PF0_D1_S03_6,COph100/patient/052,COph100,sp_lg_h,ok,True,False,False,10.075860270671122,-1.0032821361883955,0.0245475623008322,0.0
14d3d524c4a267d5,COph100/052-1/052_M_GA26_BW820_PA31_DG1_PF0_D1_S01_6__052_M_GA26_BW820_PA33_DG3_PF0_D1_S03_6,COph100/patient/052,COph100,xfeat_h,ok,True,False,False,12.579610540566037,-1.0996671957434854,0.016538659458132952,0.0
55c803eb2207ddbf,COph100/052-1/052_M_GA26_BW820_PA31_DG1_PF0_D1_S01_6__052_M_GA26_BW820_PA33_DG3_PF0_D1_S03_6,COph100/patient/052,COph100,xfeat_tps,ok,True,False,False,,3.0,13.019273384628306,0.0
21393afaa6681bda,COph100/052-1/052_M_GA26_BW820_PA31_DG1_PF0_D1_S01_6__052_M_GA26_BW820_PA34_DG3_PF0_D1_S04_7,COph100/patient/052,COph100,sift_h,ok,True,True,False,0.0,3.0,82.85879966322943,0.0595703125
23ac13aa76153ca4,COph100/052-1/052_M_GA26_BW820_PA31_DG1_PF0_D1_S01_6__052_M_GA26_BW820_PA34_DG3_PF0_D1_S04_7,COph100/patient/052,COph100,sp_lg_h,ok,True,False,False,5.176571218482685,-0.7140421933459655,0.08847738366797014,0.0
99af0a6caafad405,COph100/052-1/052_M_GA26_BW820_PA31_DG1_PF0_D1_S01_6__052_M_GA26_BW820_PA34_DG3_PF0_D1_S04_7,COph100/patient/052,COph100,xfeat_h,ok,True,False,False,23.15529977594076,-1.3646504078820232,0.004797182845734486,0.0
8565310d77a171f4,COph100/052-1/052_M_GA26_BW820_PA31_DG1_PF0_D1_S01_6__052_M_GA26_BW820_PA34_DG3_PF0_D1_S04_7,COph100/patient/052,COph100,xfeat_tps,ok,False,False,False,,3.0,13.021109441990598,0.0
f73d54d6bdad7a62,COph100/052-1/052_M_GA26_BW820_PA31_DG1_PF0_D1_S01_6__052_M_GA26_BW820_PA36_DG3_PF0_D1_S05_8,COph100/patient/052,COph100,sift_h,ok,True,False,False,13.754436026987268,-1.1384427877181602,0.014559368449803808,0.0
4d90bb452c647ad9,COph100/052-1/052_M_GA26_BW820_PA31_DG1_PF0_D1_S01_6__052_M_GA26_BW820_PA36_DG3_PF0_D1_S05_8,COph100/patient/052,COph100,sp_lg_h,ok,True,False,False,7.119397083573032,-0.8524432163385058,0.04694092812219329,0.0
e0067b6c8064267a,COph100/052-1/052_M_GA26_BW820_PA31_DG1_PF0_D1_S01_6__052_M_GA26_BW820_PA36_DG3_PF0_D1_S05_8,COph100/patient/052,COph100,xfeat_h,ok,True,False,False,32.31344338837298,-1.5093832398154696,0.002537864425736855,0.0
25204325d24ed7ad,COph100/052-1/052_M_GA26_BW820_PA31_DG1_PF0_D1_S01_6__052_M_GA26_BW820_PA36_DG3_PF0_D1_S05_8,COph100/patient/052,COph100,xfeat_tps,ok,True,False,False,,3.0,17.24199036788128,0.0
081c235d561cab21,COph100/052-1/052_M_GA26_BW820_PA31_DG1_PF0_D1_S01_6__052_M_GA26_BW820_PA42_DG3_PF0_D1_S06_4,COph100/patient/052,COph100,sift_h,ok,True,True,True,0.0,3.0,205694315.06806186,0.7548828125
3eb64b37c1723958,COph100/052-1/052_M_GA26_BW820_PA31_DG1_PF0_D1_S01_6__052_M_GA26_BW820_PA42_DG3_PF0_D1_S06_4,COph100/patient/052,COph100,sp_lg_h,ok,True,False,False,1.0723421429261746,-0.03033337404849612,1.9686827231820592,0.0
00f52430f9357e57,COph100/052-1/052_M_GA26_BW820_PA31_DG1_PF0_D1_S01_6__052_M_GA26_BW820_PA42_DG3_PF0_D1_S06_4,COph100/patient/052,COph100,xfeat_h,ok,True,False,False,4.289890871724849,-0.6324462445365832,0.109435308869517,0.0
daf9eafa01d2ae68,COph100/052-1/052_M_GA26_BW820_PA31_DG1_PF0_D1_S01_6__052_M_GA26_BW820_PA42_DG3_PF0_D1_S06_4,COph100/patient/052,COph100,xfeat_tps,ok,True,False,False,,3.0,10.01596133105995,0.0
c2d3f70c51078052,COph100/052-1/052_M_GA26_BW820_PA31_DG1_PF0_D1_S01_6__052_M_GA26_BW820_PA46_DG2_PF0_D1_S07_2,COph100/patient/052,COph100,sift_h,ok,True,False,False,5.296206754502496,-0.7239649308475901,0.07994297912962355,0.0
88ff28f3abfe04f0,COph100/052-1/052_M_GA26_BW820_PA31_DG1_PF0_D1_S01_6__052_M_GA26_BW820_PA46_DG2_PF0_D1_S07_2,COph100/patient/052,COph100,sp_lg_h,ok,True,False,False,8.558324201526887,-0.9323887341539067,0.0304583568967024,0.0
b13cc4712a0e9ca4,COph100/052-1/052_M_GA26_BW820_PA31_DG1_PF0_D1_S01_6__052_M_GA26_BW820_PA46_DG2_PF0_D1_S07_2,COph100/patient/052,COph100,xfeat_h,ok,True,False,False,7.333887369788869,-0.8653342359961694,0.040740086430939675,0.0
370d41d090829448,COph100/052-1/052_M_GA26_BW820_PA31_DG1_PF0_D1_S01_6__052_M_GA26_BW820_PA46_DG2_PF0_D1_S07_2,COph100/patient/052,COph100,xfeat_tps,ok,True,False,False,,3.0,8.61350329099072,0.0
bbbdb37d44f5d49d,COph100/052-1/052_M_GA26_BW820_PA31_DG1_PF0_D1_S01_6__052_M_GA26_BW820_PA75_DG9_PF0_D1_S08_8,COph100/patient/052,COph100,sift_h,ok,True,True,True,0.0,3.0,31111191.54101077,0.4833984375
ae6684c0ced7279a,COph100/052-1/052_M_GA26_BW820_PA31_DG1_PF0_D1_S01_6__052_M_GA26_BW820_PA75_DG9_PF0_D1_S08_8,COph100/patient/052,COph100,sp_lg_h,ok,True,False,False,2.848388256699878,-0.45459918659749604,0.2015402026909707,0.0
29a1335780e54d91,COph100/052-1/052_M_GA26_BW820_PA31_DG1_PF0_D1_S01_6__052_M_GA26_BW820_PA75_DG9_PF0_D1_S08_8,COph100/patient/052,COph100,xfeat_h,ok,True,False,False,0.3560962067259345,0.4484326525733434,17.473831965696593,0.0
97b2c3282056753a,COph100/052-1/052_M_GA26_BW820_PA31_DG1_PF0_D1_S01_6__052_M_GA26_BW820_PA75_DG9_PF0_D1_S08_8,COph100/patient/052,COph100,xfeat_tps,ok,True,False,False,,3.0,7.081582736091746,0.0
eccb590e7b22c8b1,COph100/052-1/052_M_GA26_BW820_PA32_DG2_PF0_D1_S02_7__052_M_GA26_BW820_PA33_DG3_PF0_D1_S03_6,COph100/patient/052,COph100,sift_h,ok,True,True,False,0.0,3.0,38845.902684868175,0.953125
790900f781379a22,COph100/052-1/052_M_GA26_BW820_PA32_DG2_PF0_D1_S02_7__052_M_GA26_BW820_PA33_DG3_PF0_D1_S03_6,COph100/patient/052,COph100,sp_lg_h,ok,False,False,False,4.685877179912991,-0.670790901250895,0.10735962544439304,0.0
3a74b85077d53609,COph100/052-1/052_M_GA26_BW820_PA32_DG2_PF0_D1_S02_7__052_M_GA26_BW820_PA33_DG3_PF0_D1_S03_6,COph100/patient/052,COph100,xfeat_h,ok,True,False,False,6.293640348489258,-0.7989019214292307,0.06579405782152536,0.0
2b83b5ffca9fb2e0,COph100/052-1/052_M_GA26_BW820_PA32_DG2_PF0_D1_S02_7__052_M_GA26_BW820_PA33_DG3_PF0_D1_S03_6,COph100/patient/052,COph100,xfeat_tps,ok,False,False,False,,3.0,8.662269922536293,0.0
2a5da6f751fb98fe,COph100/052-1/052_M_GA26_BW820_PA32_DG2_PF0_D1_S02_7__052_M_GA26_BW820_PA34_DG3_PF0_D1_S04_7,COph100/patient/052,COph100,sift_h,ok,True,True,False,0.0,3.0,608641.0735905105,0.0
8021bac3ea474b27,COph100/052-1/052_M_GA26_BW820_PA32_DG2_PF0_D1_S02_7__052_M_GA26_BW820_PA34_DG3_PF0_D1_S04_7,COph100/patient/052,COph100,sp_lg_h,ok,True,False,False,70.55896504451363,-1.8485522019600278,0.0005204494374747761,0.0
f13c528ff7a7c7af,COph100/052-1/052_M_GA26_BW820_PA32_DG2_PF0_D1_S02_7__052_M_GA26_BW820_PA34_DG3_PF0_D1_S04_7,COph100/patient/052,COph100,xfeat_h,ok,True,False,False,6.301900655661655,-0.7994715525926587,0.06156815739303646,0.0
4133853ae4de370f,COph100/052-1/052_M_GA26_BW820_PA32_DG2_PF0_D1_S02_7__052_M_GA26_BW820_PA34_DG3_PF0_D1_S04_7,COph100/patient/052,COph100,xfeat_tps,ok,True,False,False,,3.0,8.650251752321843,0.0
2a3146123dab3342,COph100/052-1/052_M_GA26_BW820_PA32_DG2_PF0_D1_S02_7__052_M_GA26_BW820_PA36_DG3_PF0_D1_S05_8,COph100/patient/052,COph100,sift_h,ok,True,True,True,0.0,3.0,2575.2030653373745,0.876953125
04f8a5467270f09c,COph100/052-1/052_M_GA26_BW820_PA32_DG2_PF0_D1_S02_7__052_M_GA26_BW820_PA36_DG3_PF0_D1_S05_8,COph100/patient/052,COph100,sp_lg_h,ok,True,False,False,6.047305071190801,-0.7815618782128189,0.06615507076367977,0.0
0ab20275eadc2378,COph100/052-1/052_M_GA26_BW820_PA32_DG2_PF0_D1_S02_7__052_M_GA26_BW820_PA36_DG3_PF0_D1_S05_8,COph100/patient/052,COph100,xfeat_h,ok,True,False,False,3.9109920233933986,-0.5922869301940729,0.15431972746429645,0.0
9446a509792385e3,COph100/052-1/052_M_GA26_BW820_PA32_DG2_PF0_D1_S02_7__052_M_GA26_BW820_PA36_DG3_PF0_D1_S05_8,COph100/patient/052,COph100,xfeat_tps,ok,False,False,False,,3.0,11.040612280593319,0.0
b2b0cd385863366f,COph100/052-1/052_M_GA26_BW820_PA32_DG2_PF0_D1_S02_7__052_M_GA26_BW820_PA42_DG3_PF0_D1_S06_4,COph100/patient/052,COph100,sift_h,ok,True,False,False,1.7267244265562274,-0.23722303265979255,0.5978151209933213,0.0
b0edb8bea4721ff3,COph100/052-1/052_M_GA26_BW820_PA32_DG2_PF0_D1_S02_7__052_M_GA26_BW820_PA42_DG3_PF0_D1_S06_4,COph100/patient/052,COph100,sp_lg_h,ok,True,False,False,3.573357005720147,-0.5530764077134637,0.1524510903982978,0.0
24cfb7937b63443e,COph100/052-1/052_M_GA26_BW820_PA32_DG2_PF0_D1_S02_7__052_M_GA26_BW820_PA42_DG3_PF0_D1_S06_4,COph100/patient/052,COph100,xfeat_h,ok,True,False,False,3.1165306952771545,-0.4936714086943546,0.2003750217532107,0.0
22b19efbf25e7d14,COph100/052-1/052_M_GA26_BW820_PA32_DG2_PF0_D1_S02_7__052_M_GA26_BW820_PA42_DG3_PF0_D1_S06_4,COph100/patient/052,COph100,xfeat_tps,ok,True,False,False,,3.0,9.082650141790797,0.0
dba70bad2161db4e,COph100/052-1/052_M_GA26_BW820_PA32_DG2_PF0_D1_S02_7__052_M_GA26_BW820_PA46_DG2_PF0_D1_S07_2,COph100/patient/052,COph100,sift_h,ok,True,False,False,12.265923650015388,-1.088700257067583,0.017943121505617284,0.0
1153cf3f93b08446,COph100/052-1/052_M_GA26_BW820_PA32_DG2_PF0_D1_S02_7__052_M_GA26_BW820_PA46_DG2_PF0_D1_S07_2,COph100/patient/052,COph100,sp_lg_h,ok,True,False,False,3.1407092699460524,-0.4970277363660559,0.19610012115848213,0.0
5505b1a857b5e2e9,COph100/052-1/052_M_GA26_BW820_PA32_DG2_PF0_D1_S02_7__052_M_GA26_BW820_PA46_DG2_PF0_D1_S07_2,COph100/patient/052,COph100,xfeat_h,ok,True,False,False,1.2286125948913431,-0.08941496309470649,0.9202146505291435,0.0
a7f4ab6575f51e25,COph100/052-1/052_M_GA26_BW820_PA32_DG2_PF0_D1_S02_7__052_M_GA26_BW820_PA46_DG2_PF0_D1_S07_2,COph100/patient/052,COph100,xfeat_tps,ok,True,False,False,,3.0,10.593797592054962,0.0
c32ef8d7b835a098,COph100/052-1/052_M_GA26_BW820_PA32_DG2_PF0_D1_S02_7__052_M_GA26_BW820_PA75_DG9_PF0_D1_S08_8,COph100/patient/052,COph100,sift_h,ok,True,False,False,2.6117841712109966,-0.41693728549549847,0.29073607943319624,0.0
1c0cb2af55ea5c47,COph100/052-1/052_M_GA26_BW820_PA32_DG2_PF0_D1_S02_7__052_M_GA26_BW820_PA75_DG9_PF0_D1_S08_8,COph100/patient/052,COph100,sp_lg_h,ok,True,False,False,2.3283099948428503,-0.3670408024756641,0.2912568989304784,0.0
12ee153137b47a20,COph100/052-1/052_M_GA26_BW820_PA32_DG2_PF0_D1_S02_7__052_M_GA26_BW820_PA75_DG9_PF0_D1_S08_8,COph100/patient/052,COph100,xfeat_h,ok,True,False,False,2.147704784646698,-0.3319745846577945,0.3815939449153411,0.0
9153a950b6b7c776,COph100/052-1/052_M_GA26_BW820_PA32_DG2_PF0_D1_S02_7__052_M_GA26_BW820_PA75_DG9_PF0_D1_S08_8,COph100/patient/052,COph100,xfeat_tps,ok,True,False,False,,3.0,5.891077738918833,0.0
2122d303129f4b65,COph100/052-1/052_M_GA26_BW820_PA33_DG3_PF0_D1_S03_6__052_M_GA26_BW820_PA34_DG3_PF0_D1_S04_7,COph100/patient/052,COph100,sift_h,ok,True,True,False,0.0,3.0,6611.812888100752,0.982421875
a7ce986b70e35582,COph100/052-1/052_M_GA26_BW820_PA33_DG3_PF0_D1_S03_6__052_M_GA26_BW820_PA34_DG3_PF0_D1_S04_7,COph100/patient/052,COph100,sp_lg_h,ok,False,False,False,14.07009610651335,-1.148297063915618,0.012700747420255353,0.0
ed548f285ec5aee4,COph100/052-1/052_M_GA26_BW820_PA33_DG3_PF0_D1_S03_6__052_M_GA26_BW820_PA34_DG3_PF0_D1_S04_7,COph100/patient/052,COph100,xfeat_h,ok,False,False,False,10.17273050216438,-1.007437539241362,0.02465692791107655,0.0
f44f76f7b979a74a,COph100/052-1/052_M_GA26_BW820_PA33_DG3_PF0_D1_S03_6__052_M_GA26_BW820_PA34_DG3_PF0_D1_S04_7,COph100/patient/052,COph100,xfeat_tps,ok,False,False,False,,3.0,7.291468676727062,0.0
7df59965bdb3defe,COph100/052-1/052_M_GA26_BW820_PA33_DG3_PF0_D1_S03_6__052_M_GA26_BW820_PA36_DG3_PF0_D1_S05_8,COph100/patient/052,COph100,sift_h,ok,True,True,False,0.0,3.0,360023565.75090116,0.896484375
dff3e1f7c3ddd5c5,COph100/052-1/052_M_GA26_BW820_PA33_DG3_PF0_D1_S03_6__052_M_GA26_BW820_PA36_DG3_PF0_D1_S05_8,COph100/patient/052,COph100,sp_lg_h,ok,False,False,False,6.658237836330415,-0.8233593043624126,0.0528596716953213,0.0
c087e6a6d724de78,COph100/052-1/052_M_GA26_BW820_PA33_DG3_PF0_D1_S03_6__052_M_GA26_BW820_PA36_DG3_PF0_D1_S05_8,COph100/patient/052,COph100,xfeat_h,ok,True,False,False,5.2758338994679885,-0.7222911140767483,0.08661891134390694,0.0
dd85adb3ee150e8f,COph100/052-1/052_M_GA26_BW820_PA33_DG3_PF0_D1_S03_6__052_M_GA26_BW820_PA36_DG3_PF0_D1_S05_8,COph100/patient/052,COph100,xfeat_tps,ok,False,False,False,,3.0,12.416015830099933,0.0
1ffe25ad3760b40d,COph100/052-1/052_M_GA26_BW820_PA33_DG3_PF0_D1_S03_6__052_M_GA26_BW820_PA42_DG3_PF0_D1_S06_4,COph100/patient/052,COph100,sift_h,invalid_transform,True,False,False,,3.0,,
5ff25dcd9c8e4fe4,COph100/052-1/052_M_GA26_BW820_PA33_DG3_PF0_D1_S03_6__052_M_GA26_BW820_PA42_DG3_PF0_D1_S06_4,COph100/patient/052,COph100,sp_lg_h,ok,True,False,False,2.169792076740869,-0.33641811898653967,0.35944627652245587,0.0
b3b44f0d030e486d,COph100/052-1/052_M_GA26_BW820_PA33_DG3_PF0_D1_S03_6__052_M_GA26_BW820_PA42_DG3_PF0_D1_S06_4,COph100/patient/052,COph100,xfeat_h,ok,True,False,False,1.4252372072581214,-0.15388715152346627,0.8750429405050584,0.0
76a77dbcc3ab0aa2,COph100/052-1/052_M_GA26_BW820_PA33_DG3_PF0_D1_S03_6__052_M_GA26_BW820_PA42_DG3_PF0_D1_S06_4,COph100/patient/052,COph100,xfeat_tps,ok,True,False,False,,3.0,10.249436485574005,0.0
0aeb0cf18e533e35,COph100/052-1/052_M_GA26_BW820_PA33_DG3_PF0_D1_S03_6__052_M_GA26_BW820_PA46_DG2_PF0_D1_S07_2,COph100/patient/052,COph100,sift_h,ok,True,True,True,0.0,3.0,513478749.25412285,0.42578125
eb9fffb2d4927a11,COph100/052-1/052_M_GA26_BW820_PA33_DG3_PF0_D1_S03_6__052_M_GA26_BW820_PA46_DG2_PF0_D1_S07_2,COph100/patient/052,COph100,sp_lg_h,ok,True,False,False,5.598738423736349,-0.7480901774821933,0.0590292261832257,0.0
f538ea073f091e94,COph100/052-1/052_M_GA26_BW820_PA33_DG3_PF0_D1_S03_6__052_M_GA26_BW820_PA46_DG2_PF0_D1_S07_2,COph100/patient/052,COph100,xfeat_h,ok,True,False,False,7.166788418760787,-0.8553245832164303,0.04475658543128253,0.0
3cbbdb6af0506a50,COph100/052-1/052_M_GA26_BW820_PA33_DG3_PF0_D1_S03_6__052_M_GA26_BW820_PA46_DG2_PF0_D1_S07_2,COph100/patient/052,COph100,xfeat_tps,ok,True,False,False,,3.0,6.930442498294708,0.0
636ebcd69732a137,COph100/052-1/052_M_GA26_BW820_PA33_DG3_PF0_D1_S03_6__052_M_GA26_BW820_PA75_DG9_PF0_D1_S08_8,COph100/patient/052,COph100,sift_h,ok,True,False,False,3.6827750907396073,-0.5661751970430073,0.16275331286254624,0.0
4926061cc06554e7,COph100/052-1/052_M_GA26_BW820_PA33_DG3_PF0_D1_S03_6__052_M_GA26_BW820_PA75_DG9_PF0_D1_S08_8,COph100/patient/052,COph100,sp_lg_h,ok,True,False,False,1.4278824098097862,-0.15469244352313347,0.8111619123683103,0.0
38555c0ad40941fd,COph100/052-1/052_M_GA26_BW820_PA33_DG3_PF0_D1_S03_6__052_M_GA26_BW820_PA75_DG9_PF0_D1_S08_8,COph100/patient/052,COph100,xfeat_h,ok,True,False,False,1.2195516196823948,-0.08620018732196848,1.069208177162102,0.0
4f1fbbaec998a8c4,COph100/052-1/052_M_GA26_BW820_PA33_DG3_PF0_D1_S03_6__052_M_GA26_BW820_PA75_DG9_PF0_D1_S08_8,COph100/patient/052,COph100,xfeat_tps,ok,True,False,False,,3.0,6.886366857227486,0.0
dea98d0279a59b76,COph100/052-1/052_M_GA26_BW820_PA34_DG3_PF0_D1_S04_7__052_M_GA26_BW820_PA36_DG3_PF0_D1_S05_8,COph100/patient/052,COph100,sift_h,ok,True,True,False,0.0,3.0,53331.77619278379,0.0185546875
63d0291c6c32f9fb,COph100/052-1/052_M_GA26_BW820_PA34_DG3_PF0_D1_S04_7__052_M_GA26_BW820_PA36_DG3_PF0_D1_S05_8,COph100/patient/052,COph100,sp_lg_h,ok,False,False,False,27.848101656999738,-1.4447955956322163,0.0035279003872889115,0.0
7d65a217a95a40f7,COph100/052-1/052_M_GA26_BW820_PA34_DG3_PF0_D1_S04_7__052_M_GA26_BW820_PA36_DG3_PF0_D1_S05_8,COph100/patient/052,COph100,xfeat_h,ok,False,False,False,139.55594905116476,-2.144748354511675,0.0001457267406006129,0.0
b92711302b4c28b5,COph100/052-1/052_M_GA26_BW820_PA34_DG3_PF0_D1_S04_7__052_M_GA26_BW820_PA36_DG3_PF0_D1_S05_8,COph100/patient/052,COph100,xfeat_tps,ok,False,False,False,,3.0,10.897076031966325,0.0
8057cf4a6dc5140e,COph100/052-1/052_M_GA26_BW820_PA34_DG3_PF0_D1_S04_7__052_M_GA26_BW820_PA42_DG3_PF0_D1_S06_4,COph100/patient/052,COph100,sift_h,ok,True,False,False,11.66652044865039,-1.0669413465955653,0.01967934100904841,0.0
46db1d66583e559f,COph100/052-1/052_M_GA26_BW820_PA34_DG3_PF0_D1_S04_7__052_M_GA26_BW820_PA42_DG3_PF0_D1_S06_4,COph100/patient/052,COph100,sp_lg_h,ok,True,False,False,5.57112657888146,-0.7459430259671141,0.07335186767725993,0.0
e090dcbb4742b376,COph100/052-1/052_M_GA26_BW820_PA34_DG3_PF0_D1_S04_7__052_M_GA26_BW820_PA42_DG3_PF0_D1_S06_4,COph100/patient/052,COph100,xfeat_h,ok,True,False,False,8.760457316912458,-0.9425267779748737,0.03221165863899693,0.0
3a52340875c471f8,COph100/052-1/052_M_GA26_BW820_PA34_DG3_PF0_D1_S04_7__052_M_GA26_BW820_PA42_DG3_PF0_D1_S06_4,COph100/patient/052,COph100,xfeat_tps,ok,True,False,False,,3.0,11.116057032017844,0.0
707b5f4901b75151,COph100/052-1/052_M_GA26_BW820_PA34_DG3_PF0_D1_S04_7__052_M_GA26_BW820_PA46_DG2_PF0_D1_S07_2,COph100/patient/052,COph100,sift_h,ok,True,False,False,0.8090825025394602,0.09200719090843612,2.21487026179354,0.0
448d9620ca138536,COph100/052-1/052_M_GA26_BW820_PA34_DG3_PF0_D1_S04_7__052_M_GA26_BW820_PA46_DG2_PF0_D1_S07_2,COph100/patient/052,COph100,sp_lg_h,ok,True,False,False,3.5327350199841283,-0.5481110635105655,0.1867055667983839,0.0
4b26df8597cda255,COph100/052-1/052_M_GA26_BW820_PA34_DG3_PF0_D1_S04_7__052_M_GA26_BW820_PA46_DG2_PF0_D1_S07_2,COph100/patient/052,COph100,xfeat_h,ok,True,False,False,5.818656564371427,-0.7648227245073804,0.07169830913824556,0.0
6cd8d8375f00379b,COph100/052-1/052_M_GA26_BW820_PA34_DG3_PF0_D1_S04_7__052_M_GA26_BW820_PA46_DG2_PF0_D1_S07_2,COph100/patient/052,COph100,xfeat_tps,ok,True,False,False,,3.0,10.638574970806516,0.0
eb1db0b32ad0d27e,COph100/052-1/052_M_GA26_BW820_PA34_DG3_PF0_D1_S04_7__052_M_GA26_BW820_PA75_DG9_PF0_D1_S08_8,COph100/patient/052,COph100,sift_h,ok,True,True,False,0.0,3.0,0.011259893445692906,0.041015625
89bff71cfb18cf35,COph100/052-1/052_M_GA26_BW820_PA34_DG3_PF0_D1_S04_7__052_M_GA26_BW820_PA75_DG9_PF0_D1_S08_8,COph100/patient/052,COph100,sp_lg_h,ok,True,False,False,3.6450293281606694,-0.561701027031799,0.14230635712796552,0.0
1a83bf776ad95fbc,COph100/052-1/052_M_GA26_BW820_PA34_DG3_PF0_D1_S04_7__052_M_GA26_BW820_PA75_DG9_PF0_D1_S08_8,COph100/patient/052,COph100,xfeat_h,ok,True,False,False,1.353976479575884,-0.13161112012524992,1.0076805016446313,0.0
fc54dbec535f8d8a,COph100/052-1/052_M_GA26_BW820_PA34_DG3_PF0_D1_S04_7__052_M_GA26_BW820_PA75_DG9_PF0_D1_S08_8,COph100/patient/052,COph100,xfeat_tps,ok,True,False,False,,3.0,8.287485281203665,0.0
3237e18b694de4b8,COph100/052-1/052_M_GA26_BW820_PA36_DG3_PF0_D1_S05_8__052_M_GA26_BW820_PA42_DG3_PF0_D1_S06_4,COph100/patient/052,COph100,sift_h,invalid_transform,True,False,False,,3.0,,
3b02597337162cdd,COph100/052-1/052_M_GA26_BW820_PA36_DG3_PF0_D1_S05_8__052_M_GA26_BW820_PA42_DG3_PF0_D1_S06_4,COph100/patient/052,COph100,sp_lg_h,ok,True,False,False,8.457445083533191,-0.9272391864782349,0.034021805486028865,0.0
978b8cb004111954,COph100/052-1/052_M_GA26_BW820_PA36_DG3_PF0_D1_S05_8__052_M_GA26_BW820_PA42_DG3_PF0_D1_S06_4,COph100/patient/052,COph100,xfeat_h,ok,True,False,False,16.32187447511072,-1.212770033550768,0.009363905198697267,0.0
a21c202233fa39cd,COph100/052-1/052_M_GA26_BW820_PA36_DG3_PF0_D1_S05_8__052_M_GA26_BW820_PA42_DG3_PF0_D1_S06_4,COph100/patient/052,COph100,xfeat_tps,ok,True,False,False,,3.0,12.539437194871883,0.0
6fd0e996b752adfd,COph100/052-1/052_M_GA26_BW820_PA36_DG3_PF0_D1_S05_8__052_M_GA26_BW820_PA46_DG2_PF0_D1_S07_2,COph100/patient/052,COph100,sift_h,ok,True,True,False,0.0,3.0,1984.6639728748341,0.9755859375
4aa5c3287d08a99e,COph100/052-1/052_M_GA26_BW820_PA36_DG3_PF0_D1_S05_8__052_M_GA26_BW820_PA46_DG2_PF0_D1_S07_2,COph100/patient/052,COph100,sp_lg_h,ok,True,False,False,11.076561905162293,-1.0444049790454988,0.020936608257208302,0.0
0af8684e274755a9,COph100/052-1/052_M_GA26_BW820_PA36_DG3_PF0_D1_S05_8__052_M_GA26_BW820_PA46_DG2_PF0_D1_S07_2,COph100/patient/052,COph100,xfeat_h,ok,True,False,False,7.99691425928959,-0.9029224396564994,0.038414384034372064,0.0
6eab8006deb6aea5,COph100/052-1/052_M_GA26_BW820_PA36_DG3_PF0_D1_S05_8__052_M_GA26_BW820_PA46_DG2_PF0_D1_S07_2,COph100/patient/052,COph100,xfeat_tps,ok,True,False,False,,3.0,12.38434561289764,0.0
5461a98036b7ad25,COph100/052-1/052_M_GA26_BW820_PA36_DG3_PF0_D1_S05_8__052_M_GA26_BW820_PA75_DG9_PF0_D1_S08_8,COph100/patient/052,COph100,sift_h,ok,True,False,False,3.7634484570174407,-0.5755859724531419,0.1399857082687776,0.0
a19d449ca9386c15,COph100/052-1/052_M_GA26_BW820_PA36_DG3_PF0_D1_S05_8__052_M_GA26_BW820_PA75_DG9_PF0_D1_S08_8,COph100/patient/052,COph100,sp_lg_h,ok,True,False,False,7.140307050938915,-0.8537168879191983,0.04283334993493436,0.0
6794fe38fd56fbc9,COph100/052-1/052_M_GA26_BW820_PA36_DG3_PF0_D1_S05_8__052_M_GA26_BW820_PA75_DG9_PF0_D1_S08_8,COph100/patient/052,COph100,xfeat_h,ok,True,False,False,1.4966860238476576,-0.17513070320739732,0.8733910459453023,0.0
78c765fb3688a91a,COph100/052-1/052_M_GA26_BW820_PA36_DG3_PF0_D1_S05_8__052_M_GA26_BW820_PA75_DG9_PF0_D1_S08_8,COph100/patient/052,COph100,xfeat_tps,ok,True,False,False,,3.0,9.483664498424725,0.0
589eda0958b3b814,COph100/052-1/052_M_GA26_BW820_PA42_DG3_PF0_D1_S06_4__052_M_GA26_BW820_PA46_DG2_PF0_D1_S07_2,COph100/patient/052,COph100,sift_h,ok,True,True,True,0.0,3.0,5961691.625259959,0.15234375
340f02bb5b6924d9,COph100/052-1/052_M_GA26_BW820_PA42_DG3_PF0_D1_S06_4__052_M_GA26_BW820_PA46_DG2_PF0_D1_S07_2,COph100/patient/052,COph100,sp_lg_h,ok,False,False,False,18.679502684889886,-1.271365309576989,0.0080102370131404,0.0
fd14164fb1d182d0,COph100/052-1/052_M_GA26_BW820_PA42_DG3_PF0_D1_S06_4__052_M_GA26_BW820_PA46_DG2_PF0_D1_S07_2,COph100/patient/052,COph100,xfeat_h,ok,False,False,False,19.555740426402917,-1.2912742640116677,0.007406924668127805,0.0
a7e5046f6bbe9777,COph100/052-1/052_M_GA26_BW820_PA42_DG3_PF0_D1_S06_4__052_M_GA26_BW820_PA46_DG2_PF0_D1_S07_2,COph100/patient/052,COph100,xfeat_tps,ok,False,False,False,,3.0,12.116163568605021,0.0
4d11ea08a7303260,COph100/052-1/052_M_GA26_BW820_PA42_DG3_PF0_D1_S06_4__052_M_GA26_BW820_PA75_DG9_PF0_D1_S08_8,COph100/patient/052,COph100,sift_h,ok,True,False,False,1.55710937122191,-0.19231911844476868,0.8554191363919865,0.0
ea00f67ddf1195af,COph100/052-1/052_M_GA26_BW820_PA42_DG3_PF0_D1_S06_4__052_M_GA26_BW820_PA75_DG9_PF0_D1_S08_8,COph100/patient/052,COph100,sp_lg_h,ok,True,False,False,9.598279044084952,-0.9821933717210836,0.025350370682791952,0.0
5b9d5c1327fb1de5,COph100/052-1/052_M_GA26_BW820_PA42_DG3_PF0_D1_S06_4__052_M_GA26_BW820_PA75_DG9_PF0_D1_S08_8,COph100/patient/052,COph100,xfeat_h,ok,True,False,False,8.236062093872455,-0.9157196122204608,0.03741042073101723,0.0
3b4d4e2501f14040,COph100/052-1/052_M_GA26_BW820_PA42_DG3_PF0_D1_S06_4__052_M_GA26_BW820_PA75_DG9_PF0_D1_S08_8,COph100/patient/052,COph100,xfeat_tps,ok,True,False,False,,3.0,7.681760287548183,0.0
3e00f9913a970927,COph100/052-1/052_M_GA26_BW820_PA46_DG2_PF0_D1_S07_2__052_M_GA26_BW820_PA75_DG9_PF0_D1_S08_8,COph100/patient/052,COph100,sift_h,ok,True,False,False,5.988291736322628,-0.7773029500525743,0.07337610389676417,0.0
52f5fd0f69e8dba8,COph100/052-1/052_M_GA26_BW820_PA46_DG2_PF0_D1_S07_2__052_M_GA26_BW820_PA75_DG9_PF0_D1_S08_8,COph100/patient/052,COph100,sp_lg_h,ok,True,False,False,4.521348546884256,-0.6552679877141877,0.109681740775936,0.0
727f876ac2bb4129,COph100/052-1/052_M_GA26_BW820_PA46_DG2_PF0_D1_S07_2__052_M_GA26_BW820_PA75_DG9_PF0_D1_S08_8,COph100/patient/052,COph100,xfeat_h,ok,True,False,False,24.096244725874126,-1.3819493653172945,0.0043147717618512195,0.0
6e25e57cff9ceb82,COph100/052-1/052_M_GA26_BW820_PA46_DG2_PF0_D1_S07_2__052_M_GA26_BW820_PA75_DG9_PF0_D1_S08_8,COph100/patient/052,COph100,xfeat_tps,ok,False,False,False,,3.0,7.207039360887734,0.0
052c73ea7ffa4225,COph100/052/052_M_GA26_BW820_PA31_DG1_PF0_D1_S01_3__052_M_GA26_BW820_PA32_DG2_PF0_D1_S02_3,COph100/patient/052,COph100,sift_h,ok,True,True,False,0.0,3.0,726200.3367654459,0.9716796875
9a5b8619dafcf5ad,COph100/052/052_M_GA26_BW820_PA31_DG1_PF0_D1_S01_3__052_M_GA26_BW820_PA32_DG2_PF0_D1_S02_3,COph100/patient/052,COph100,sp_lg_h,ok,False,False,False,8.407132187912199,-0.9246478760158918,0.03518871961021677,0.0
cbaa10a03247e25c,COph100/052/052_M_GA26_BW820_PA31_DG1_PF0_D1_S01_3__052_M_GA26_BW820_PA32_DG2_PF0_D1_S02_3,COph100/patient/052,COph100,xfeat_h,ok,False,False,False,16.441517626336566,-1.2159419023964781,0.009646936361495355,0.0
6e9ef54307405b51,COph100/052/052_M_GA26_BW820_PA31_DG1_PF0_D1_S01_3__052_M_GA26_BW820_PA32_DG2_PF0_D1_S02_3,COph100/patient/052,COph100,xfeat_tps,ok,False,False,False,,3.0,10.173093376539875,0.0
0d334087932bbab8,COph100/052/052_M_GA26_BW820_PA31_DG1_PF0_D1_S01_3__052_M_GA26_BW820_PA33_DG3_PF0_D1_S03_11,COph100/patient/052,COph100,sift_h,ok,True,True,False,0.0,3.0,1328433.4490826712,0.0439453125
d54c9dd8f3a6db69,COph100/052/052_M_GA26_BW820_PA31_DG1_PF0_D1_S01_3__052_M_GA26_BW820_PA33_DG3_PF0_D1_S03_11,COph100/patient/052,COph100,sp_lg_h,ok,False,False,False,17.048633599816952,-1.2316895772382286,0.008705528484567647,0.0
403e30504c3a3a5b,COph100/052/052_M_GA26_BW820_PA31_DG1_PF0_D1_S01_3__052_M_GA26_BW820_PA33_DG3_PF0_D1_S03_11,COph100/patient/052,COph100,xfeat_h,ok,True,False,False,11.809093778121653,-1.0722165714270797,0.01795211238556571,0.0
dcd4c31a2df7795a,COph100/052/052_M_GA26_BW820_PA31_DG1_PF0_D1_S01_3__052_M_GA26_BW820_PA33_DG3_PF0_D1_S03_11,COph100/patient/052,COph100,xfeat_tps,ok,False,False,False,,3.0,9.207710634877351,0.0
8c8853370b04f6f4,COph100/052/052_M_GA26_BW820_PA31_DG1_PF0_D1_S01_3__052_M_GA26_BW820_PA34_DG3_PF0_D1_S04_4,COph100/patient/052,COph100,sift_h,ok,True,False,False,0.9668075191582021,0.014659980610045937,0.9603453438341826,0.0
811fc12c731a1366,COph100/052/052_M_GA26_BW820_PA31_DG1_PF0_D1_S01_3__052_M_GA26_BW820_PA34_DG3_PF0_D1_S04_4,COph100/patient/052,COph100,sp_lg_h,ok,False,False,False,8.215254308259846,-0.9146210118324919,0.03715409273245927,0.0
5cdc4b35313f0fbb,COph100/052/052_M_GA26_BW820_PA31_DG1_PF0_D1_S01_3__052_M_GA26_BW820_PA34_DG3_PF0_D1_S04_4,COph100/patient/052,COph100,xfeat_h,ok,True,False,False,13.416667776413474,-1.1276446659064778,0.01412985087992592,0.0
03a9a1110e28506a,COph100/052/052_M_GA26_BW820_PA31_DG1_PF0_D1_S01_3__052_M_GA26_BW820_PA34_DG3_PF0_D1_S04_4,COph100/patient/052,COph100,xfeat_tps,ok,True,False,False,,3.0,10.397002289116662,0.0
28b189a6e6b124c8,COph100/052/052_M_GA26_BW820_PA31_DG1_PF0_D1_S01_3__052_M_GA26_BW820_PA36_DG3_PF0_D1_S05_1,COph100/patient/052,COph100,sift_h,invalid_transform,True,False,False,,3.0,,
5d20c83a7ab6d18f,COph100/052/052_M_GA26_BW820_PA31_DG1_PF0_D1_S01_3__052_M_GA26_BW820_PA36_DG3_PF0_D1_S05_1,COph100/patient/052,COph100,sp_lg_h,ok,True,False,False,6.454258359966595,-0.8098463459550991,0.05139409769078712,0.0
2435f642d66c6694,COph100/052/052_M_GA26_BW820_PA31_DG1_PF0_D1_S01_3__052_M_GA26_BW820_PA36_DG3_PF0_D1_S05_1,COph100/patient/052,COph100,xfeat_h,ok,True,False,False,20.344478542647987,-1.3084465627588384,0.005981744095796285,0.0
70bbeeae831a794d,COph100/052/052_M_GA26_BW820_PA31_DG1_PF0_D1_S01_3__052_M_GA26_BW820_PA36_DG3_PF0_D1_S05_1,COph100/patient/052,COph100,xfeat_tps,ok,True,False,False,,3.0,9.979010778574006,0.0
d43c8fade6fca237,COph100/052/052_M_GA26_BW820_PA31_DG1_PF0_D1_S01_3__052_M_GA26_BW820_PA42_DG3_PF0_D1_S06_14,COph100/patient/052,COph100,sift_h,ok,True,False,False,8.432171013489793,-0.925939405916598,0.034734128859961286,0.0
7e1d9aea2b7d69ba,COph100/052/052_M_GA26_BW820_PA31_DG1_PF0_D1_S01_3__052_M_GA26_BW820_PA42_DG3_PF0_D1_S06_14,COph100/patient/052,COph100,sp_lg_h,ok,True,False,False,0.07008169062664085,1.1543954299426462,141.83113829038584,0.0
4f0838f78af56267,COph100/052/052_M_GA26_BW820_PA31_DG1_PF0_D1_S01_3__052_M_GA26_BW820_PA42_DG3_PF0_D1_S06_14,COph100/patient/052,COph100,xfeat_h,ok,True,False,False,4.475139946437736,-0.6508066211078721,0.08744213686709487,0.0
5bba67da52df4190,COph100/052/052_M_GA26_BW820_PA31_DG1_PF0_D1_S01_3__052_M_GA26_BW820_PA42_DG3_PF0_D1_S06_14,COph100/patient/052,COph100,xfeat_tps,ok,True,False,False,,3.0,8.804694608265233,0.0
45aaa68fb35d78f1,COph100/052/052_M_GA26_BW820_PA31_DG1_PF0_D1_S01_3__052_M_GA26_BW820_PA46_DG2_PF0_D1_S07_6,COph100/patient/052,COph100,sift_h,ok,True,True,False,0.0,3.0,23231.334967558458,0.00390625
d9cae0da3a04d6af,COph100/052/052_M_GA26_BW820_PA31_DG1_PF0_D1_S01_3__052_M_GA26_BW820_PA46_DG2_PF0_D1_S07_6,COph100/patient/052,COph100,sp_lg_h,ok,True,True,True,0.0,3.0,2220851.201832924,0.248046875
7c5132ec1af46801,COph100/052/052_M_GA26_BW820_PA31_DG1_PF0_D1_S01_3__052_M_GA26_BW820_PA46_DG2_PF0_D1_S07_6,COph100/patient/052,COph100,xfeat_h,ok,True,False,False,1.6820231091077982,-0.22583195822114152,0.47512849548816216,0.0
51ccfe7603ee4688,COph100/052/052_M_GA26_BW820_PA31_DG1_PF0_D1_S01_3__052_M_GA26_BW820_PA46_DG2_PF0_D1_S07_6,COph100/patient/052,COph100,xfeat_tps,ok,True,False,False,,3.0,5.849805042494291,0.0
a59226c47dcafd2c,COph100/052/052_M_GA26_BW820_PA31_DG1_PF0_D1_S01_3__052_M_GA26_BW820_PA75_DG9_PF0_D1_S08_20,COph100/patient/052,COph100,sift_h,invalid_transform,True,False,False,,3.0,,
661062460f685cfc,COph100/052/052_M_GA26_BW820_PA31_DG1_PF0_D1_S01_3__052_M_GA26_BW820_PA75_DG9_PF0_D1_S08_20,COph100/patient/052,COph100,sp_lg_h,ok,True,False,False,0.21347994713626833,0.6706429134121535,36.8987187059226,0.0
39005284e3674671,COph100/052/052_M_GA26_BW820_PA31_DG1_PF0_D1_S01_3__052_M_GA26_BW820_PA75_DG9_PF0_D1_S08_20,COph100/patient/052,COph100,xfeat_h,ok,True,False,False,1.2495100729004953,-0.09673976153287214,1.077064702344385,0.0
80042c95664e4100,COph100/052/052_M_GA26_BW820_PA31_DG1_PF0_D1_S01_3__052_M_GA26_BW820_PA75_DG9_PF0_D1_S08_20,COph100/patient/052,COph100,xfeat_tps,ok,True,False,False,,3.0,5.617299744107095,0.0
8243107958be1a70,COph100/052/052_M_GA26_BW820_PA32_DG2_PF0_D1_S02_3__052_M_GA26_BW820_PA33_DG3_PF0_D1_S03_11,COph100/patient/052,COph100,sift_h,ok,True,False,False,0.709956572903019,0.1487682156828927,3.360938166320608,0.0
1c4cd49ad27c7306,COph100/052/052_M_GA26_BW820_PA32_DG2_PF0_D1_S02_3__052_M_GA26_BW820_PA33_DG3_PF0_D1_S03_11,COph100/patient/052,COph100,sp_lg_h,ok,False,False,False,13.438763038139466,-1.1283592962153537,0.014469178748261305,0.0
2861864b17e0dd51,COph100/052/052_M_GA26_BW820_PA32_DG2_PF0_D1_S02_3__052_M_GA26_BW820_PA33_DG3_PF0_D1_S03_11,COph100/patient/052,COph100,xfeat_h,ok,False,False,False,37.89405260754051,-1.5785710537040039,0.0019425046532390502,0.0
4230c8aaef611851,COph100/052/052_M_GA26_BW820_PA32_DG2_PF0_D1_S02_3__052_M_GA26_BW820_PA33_DG3_PF0_D1_S03_11,COph100/patient/052,COph100,xfeat_tps,ok,False,False,False,,3.0,8.172294494255016,0.0
9ad2e92440b5b141,COph100/052/052_M_GA26_BW820_PA32_DG2_PF0_D1_S02_3__052_M_GA26_BW820_PA34_DG3_PF0_D1_S04_4,COph100/patient/052,COph100,sift_h,ok,True,False,False,3.5677935144295105,-0.5523997116965781,0.19145026895385858,0.0
59bc1bed0e1bb266,COph100/052/052_M_GA26_BW820_PA32_DG2_PF0_D1_S02_3__052_M_GA26_BW820_PA34_DG3_PF0_D1_S04_4,COph100/patient/052,COph100,sp_lg_h,ok,False,False,False,98.45879028259841,-1.993254495495038,0.00028281814546951545,0.0
db193c1492a0f6c5,COph100/052/052_M_GA26_BW820_PA32_DG2_PF0_D1_S02_3__052_M_GA26_BW820_PA34_DG3_PF0_D1_S04_4,COph100/patient/052,COph100,xfeat_h,ok,False,False,False,6.189907537974955,-0.791684161775017,0.06618475314810637,0.0
dd68150b76055f0d,COph100/052/052_M_GA26_BW820_PA32_DG2_PF0_D1_S02_3__052_M_GA26_BW820_PA34_DG3_PF0_D1_S04_4,COph100/patient/052,COph100,xfeat_tps,ok,True,False,False,,3.0,8.725163990674027,0.0
1d2babc2d1369272,COph100/052/052_M_GA26_BW820_PA32_DG2_PF0_D1_S02_3__052_M_GA26_BW820_PA36_DG3_PF0_D1_S05_1,COph100/patient/052,COph100,sift_h,ok,True,False,False,3.7495892948365226,-0.5739837005932122,0.15946454702179574,0.0
fd71c4d1ec408d24,COph100/052/052_M_GA26_BW820_PA32_DG2_PF0_D1_S02_3__052_M_GA26_BW820_PA36_DG3_PF0_D1_S05_1,COph100/patient/052,COph100,sp_lg_h,ok,True,False,False,3.940668343629405,-0.5955698851085104,0.13936973756479465,0.0
cc89ec76eaafb2c2,COph100/052/052_M_GA26_BW820_PA32_DG2_PF0_D1_S02_3__052_M_GA26_BW820_PA36_DG3_PF0_D1_S05_1,COph100/patient/052,COph100,xfeat_h,ok,False,False,False,10.520223907039151,-1.0220249832166495,0.022706700285464534,0.0
945d10a76840a27c,COph100/052/052_M_GA26_BW820_PA32_DG2_PF0_D1_S02_3__052_M_GA26_BW820_PA36_DG3_PF0_D1_S05_1,COph100/patient/052,COph100,xfeat_tps,ok,False,False,False,,3.0,11.95371345307824,0.0
d96f0fc608d00fc9,COph100/052/052_M_GA26_BW820_PA32_DG2_PF0_D1_S02_3__052_M_GA26_BW820_PA42_DG3_PF0_D1_S06_14,COph100/patient/052,COph100,sift_h,ok,True,True,True,0.0,3.0,9901127.280204928,0.154296875
905b8ca5c64aa7f2,COph100/052/052_M_GA26_BW820_PA32_DG2_PF0_D1_S02_3__052_M_GA26_BW820_PA42_DG3_PF0_D1_S06_14,COph100/patient/052,COph100,sp_lg_h,ok,True,False,False,7.36031276564222,-0.8668962694334915,0.03618647525074285,0.0
2e10bd7986531c24,COph100/052/052_M_GA26_BW820_PA32_DG2_PF0_D1_S02_3__052_M_GA26_BW820_PA42_DG3_PF0_D1_S06_14,COph100/patient/052,COph100,xfeat_h,ok,True,False,False,5.2306698789851565,-0.7185573114517855,0.08286099723927197,0.0
fe92be8cf31376d7,COph100/052/052_M_GA26_BW820_PA32_DG2_PF0_D1_S02_3__052_M_GA26_BW820_PA42_DG3_PF0_D1_S06_14,COph100/patient/052,COph100,xfeat_tps,ok,True,False,False,,3.0,8.1496110890562,0.0
bc62488e8ab8434b,COph100/052/052_M_GA26_BW820_PA32_DG2_PF0_D1_S02_3__052_M_GA26_BW820_PA46_DG2_PF0_D1_S07_6,COph100/patient/052,COph100,sift_h,ok,True,True,True,0.0,3.0,2860199.7295266455,0.8369140625
570ffb2ccf454041,COph100/052/052_M_GA26_BW820_PA32_DG2_PF0_D1_S02_3__052_M_GA26_BW820_PA46_DG2_PF0_D1_S07_6,COph100/patient/052,COph100,sp_lg_h,ok,True,False,False,4.381022278865387,-0.6415754617067532,0.08468193114320591,0.0
26e282caa48afb02,COph100/052/052_M_GA26_BW820_PA32_DG2_PF0_D1_S02_3__052_M_GA26_BW820_PA46_DG2_PF0_D1_S07_6,COph100/patient/052,COph100,xfeat_h,ok,True,False,False,0.43438330633000266,0.36212687335491756,6.8069228352544755,0.0
7d1281dfa0ab2f42,COph100/052/052_M_GA26_BW820_PA32_DG2_PF0_D1_S02_3__052_M_GA26_BW820_PA46_DG2_PF0_D1_S07_6,COph100/patient/052,COph100,xfeat_tps,ok,True,False,False,,3.0,4.894833910976438,0.0
4b4e5283e1e26fdd,COph100/052/052_M_GA26_BW820_PA32_DG2_PF0_D1_S02_3__052_M_GA26_BW820_PA75_DG9_PF0_D1_S08_20,COph100/patient/052,COph100,sift_h,ok,True,True,False,0.0,3.0,2006.558174308809,0.0263671875
2c328f17aa99c44f,COph100/052/052_M_GA26_BW820_PA32_DG2_PF0_D1_S02_3__052_M_GA26_BW820_PA75_DG9_PF0_D1_S08_20,COph100/patient/052,COph100,sp_lg_h,ok,True,False,False,0.4947623793955632,0.3056033305507285,9.461071884229062,0.0
79a245e527b707d2,COph100/052/052_M_GA26_BW820_PA32_DG2_PF0_D1_S02_3__052_M_GA26_BW820_PA75_DG9_PF0_D1_S08_20,COph100/patient/052,COph100,xfeat_h,ok,True,False,False,0.7930357987027384,0.10070720760277069,3.0796643977487186,0.0
90b9dab08066424c,COph100/052/052_M_GA26_BW820_PA32_DG2_PF0_D1_S02_3__052_M_GA26_BW820_PA75_DG9_PF0_D1_S08_20,COph100/patient/052,COph100,xfeat_tps,ok,True,False,False,,3.0,4.8920292483984,0.0
89847dc988c8cb39,COph100/052/052_M_GA26_BW820_PA33_DG3_PF0_D1_S03_11__052_M_GA26_BW820_PA34_DG3_PF0_D1_S04_4,COph100/patient/052,COph100,sift_h,ok,True,True,True,0.0,3.0,21671859.299311176,0.13671875
f75bea6a54a4253d,COph100/052/052_M_GA26_BW820_PA33_DG3_PF0_D1_S03_11__052_M_GA26_BW820_PA34_DG3_PF0_D1_S04_4,COph100/patient/052,COph100,sp_lg_h,ok,False,False,False,68.65402063653828,-1.8366659762287252,0.0005788099580660919,0.0
632ba0d9a7fd36b8,COph100/052/052_M_GA26_BW820_PA33_DG3_PF0_D1_S03_11__052_M_GA26_BW820_PA34_DG3_PF0_D1_S04_4,COph100/patient/052,COph100,xfeat_h,ok,False,False,False,19.335667591910017,-1.2863591713135307,0.007225409054632287,0.0
35994aa813c67f1d,COph100/052/052_M_GA26_BW820_PA33_DG3_PF0_D1_S03_11__052_M_GA26_BW820_PA34_DG3_PF0_D1_S04_4,COph100/patient/052,COph100,xfeat_tps,ok,False,False,False,,3.0,6.616798128569396,0.0
548eb6da97ff3ff6,COph100/052/052_M_GA26_BW820_PA33_DG3_PF0_D1_S03_11__052_M_GA26_BW820_PA36_DG3_PF0_D1_S05_1,COph100/patient/052,COph100,sift_h,ok,True,True,False,0.0,3.0,15118.621457788016,0.111328125
7f56c2389623cd04,COph100/052/052_M_GA26_BW820_PA33_DG3_PF0_D1_S03_11__052_M_GA26_BW820_PA36_DG3_PF0_D1_S05_1,COph100/patient/052,COph100,sp_lg_h,ok,False,False,False,42.88597031006496,-1.63231524058925,0.00134504227015094,0.0
04e9dfdf551362c2,COph100/052/052_M_GA26_BW820_PA33_DG3_PF0_D1_S03_11__052_M_GA26_BW820_PA36_DG3_PF0_D1_S05_1,COph100/patient/052,COph100,xfeat_h,ok,False,False,False,8.023033336126026,-0.9043385967226873,0.036430453558461806,0.0
ba8c4530dceabf32,COph100/052/052_M_GA26_BW820_PA33_DG3_PF0_D1_S03_11__052_M_GA26_BW820_PA36_DG3_PF0_D1_S05_1,COph100/patient/052,COph100,xfeat_tps,ok,False,False,False,,3.0,9.563073655889886,0.0
50b3924517f16c9c,COph100/052/052_M_GA26_BW820_PA33_DG3_PF0_D1_S03_11__052_M_GA26_BW820_PA42_DG3_PF0_D1_S06_14,COph100/patient/052,COph100,sift_h,ok,True,True,False,0.0,3.0,3.2483630459178996,0.0263671875
5acb35bb2e516b40,COph100/052/052_M_GA26_BW820_PA33_DG3_PF0_D1_S03_11__052_M_GA26_BW820_PA42_DG3_PF0_D1_S06_14,COph100/patient/052,COph100,sp_lg_h,ok,True,False,False,6.31226143746386,-0.8001849779226252,0.050326839518967874,0.0
28dbaf3455d1060c,COph100/052/052_M_GA26_BW820_PA33_DG3_PF0_D1_S03_11__052_M_GA26_BW820_PA42_DG3_PF0_D1_S06_14,COph100/patient/052,COph100,xfeat_h,ok,True,False,False,3.175488515318355,-0.5018105463798062,0.1829448341228362,0.0
01333216a1429bd2,COph100/052/052_M_GA26_BW820_PA33_DG3_PF0_D1_S03_11__052_M_GA26_BW820_PA42_DG3_PF0_D1_S06_14,COph100/patient/052,COph100,xfeat_tps,ok,True,False,False,,3.0,9.936495336269275,0.0
f03e9fec19e633a6,COph100/052/052_M_GA26_BW820_PA33_DG3_PF0_D1_S03_11__052_M_GA26_BW820_PA46_DG2_PF0_D1_S07_6,COph100/patient/052,COph100,sift_h,ok,True,True,False,0.0,3.0,80761.5603802233,0.0810546875
8f30703ecc1b2b84,COph100/052/052_M_GA26_BW820_PA33_DG3_PF0_D1_S03_11__052_M_GA26_BW820_PA46_DG2_PF0_D1_S07_6,COph100/patient/052,COph100,sp_lg_h,ok,True,False,False,0.7637042836104264,0.11707477343674466,2.464989039046208,0.0
8f7ca79c66d2177f,COph100/052/052_M_GA26_BW820_PA33_DG3_PF0_D1_S03_11__052_M_GA26_BW820_PA46_DG2_PF0_D1_S07_6,COph100/patient/052,COph100,xfeat_h,ok,True,False,False,10.026802504393501,-1.001162460827827,0.018565086298068197,0.0
3818aa97574ebc1c,COph100/052/052_M_GA26_BW820_PA33_DG3_PF0_D1_S03_11__052_M_GA26_BW820_PA46_DG2_PF0_D1_S07_6,COph100/patient/052,COph100,xfeat_tps,ok,True,False,False,,3.0,9.039635654882497,0.0
9f1d8836dff85e77,COph100/052/052_M_GA26_BW820_PA33_DG3_PF0_D1_S03_11__052_M_GA26_BW820_PA75_DG9_PF0_D1_S08_20,COph100/patient/052,COph100,sift_h,invalid_transform,True,False,False,,3.0,,
1d8544304e730e93,COph100/052/052_M_GA26_BW820_PA33_DG3_PF0_D1_S03_11__052_M_GA26_BW820_PA75_DG9_PF0_D1_S08_20,COph100/patient/052,COph100,sp_lg_h,ok,True,False,False,0.47434366315388743,0.32390689686612156,5.331415107083617,0.0
4c8b6f4b0ccccdfe,COph100/052/052_M_GA26_BW820_PA33_DG3_PF0_D1_S03_11__052_M_GA26_BW820_PA75_DG9_PF0_D1_S08_20,COph100/patient/052,COph100,xfeat_h,ok,True,False,False,1.4848389310408299,-0.17167934580538732,0.6274829258295072,0.0
1032d8ab9aa16648,COph100/052/052_M_GA26_BW820_PA33_DG3_PF0_D1_S03_11__052_M_GA26_BW820_PA75_DG9_PF0_D1_S08_20,COph100/patient/052,COph100,xfeat_tps,ok,True,False,False,,3.0,6.556410032949456,0.0
8711445332cb238b,COph100/052/052_M_GA26_BW820_PA34_DG3_PF0_D1_S04_4__052_M_GA26_BW820_PA36_DG3_PF0_D1_S05_1,COph100/patient/052,COph100,sift_h,ok,True,True,True,0.0,3.0,284699.0348799658,0.5546875
670e901c74cbe559,COph100/052/052_M_GA26_BW820_PA34_DG3_PF0_D1_S04_4__052_M_GA26_BW820_PA36_DG3_PF0_D1_S05_1,COph100/patient/052,COph100,sp_lg_h,ok,False,False,False,13.823050948576796,-1.1406039087325501,0.013055454109433155,0.0
48f2cc7ae09a0ffb,COph100/052/052_M_GA26_BW820_PA34_DG3_PF0_D1_S04_4__052_M_GA26_BW820_PA36_DG3_PF0_D1_S05_1,COph100/patient/052,COph100,xfeat_h,ok,False,False,False,18.03909335223208,-1.2562147060430906,0.0077472433585954875,0.0
358de47925b7c445,COph100/052/052_M_GA26_BW820_PA34_DG3_PF0_D1_S04_4__052_M_GA26_BW820_PA36_DG3_PF0_D1_S05_1,COph100/patient/052,COph100,xfeat_tps,ok,False,False,False,,3.0,7.356063900100008,0.0
9831a3aeea779630,COph100/052/052_M_GA26_BW820_PA34_DG3_PF0_D1_S04_4__052_M_GA26_BW820_PA42_DG3_PF0_D1_S06_14,COph100/patient/052,COph100,sift_h,ok,True,True,True,0.0,3.0,345267.1534072469,0.552734375
51333f5c6a714c8c,COph100/052/052_M_GA26_BW820_PA34_DG3_PF0_D1_S04_4__052_M_GA26_BW820_PA42_DG3_PF0_D1_S06_14,COph100/patient/052,COph100,sp_lg_h,ok,True,False,False,7.564047806323159,-0.8787542650112805,0.036789835683888154,0.0
c0bf94c0e03d2c75,COph100/052/052_M_GA26_BW820_PA34_DG3_PF0_D1_S04_4__052_M_GA26_BW820_PA42_DG3_PF0_D1_S06_14,COph100/patient/052,COph100,xfeat_h,ok,True,False,False,22.328028615196658,-1.3488503800648655,0.004515395988834913,0.0
91f62fb12deba713,COph100/052/052_M_GA26_BW820_PA34_DG3_PF0_D1_S04_4__052_M_GA26_BW820_PA42_DG3_PF0_D1_S06_14,COph100/patient/052,COph100,xfeat_tps,ok,False,False,False,,3.0,9.11728518247023,0.0
b13115cae1db639e,COph100/052/052_M_GA26_BW820_PA34_DG3_PF0_D1_S04_4__052_M_GA26_BW820_PA46_DG2_PF0_D1_S07_6,COph100/patient/052,COph100,sift_h,ok,True,True,True,0.0,3.0,198925537.2371954,0.7158203125
e59fa811f25a8e31,COph100/052/052_M_GA26_BW820_PA34_DG3_PF0_D1_S04_4__052_M_GA26_BW820_PA46_DG2_PF0_D1_S07_6,COph100/patient/052,COph100,sp_lg_h,ok,True,False,False,10.394212760638725,-1.016791602214152,0.01869210226898908,0.0
17d83c36a163c55a,COph100/052/052_M_GA26_BW820_PA34_DG3_PF0_D1_S04_4__052_M_GA26_BW820_PA46_DG2_PF0_D1_S07_6,COph100/patient/052,COph100,xfeat_h,ok,True,False,False,19.65982814719772,-1.2935797172067003,0.006268441119857034,0.0
47fe322de5426947,COph100/052/052_M_GA26_BW820_PA34_DG3_PF0_D1_S04_4__052_M_GA26_BW820_PA46_DG2_PF0_D1_S07_6,COph100/patient/052,COph100,xfeat_tps,ok,True,False,False,,3.0,9.175711113311587,0.0
a2c4a3bfd88ff883,COph100/052/052_M_GA26_BW820_PA34_DG3_PF0_D1_S04_4__052_M_GA26_BW820_PA75_DG9_PF0_D1_S08_20,COph100/patient/052,COph100,sift_h,ok,True,True,False,0.0,3.0,13.363120804415358,0.982421875
77518ee0f8861b97,COph100/052/052_M_GA26_BW820_PA34_DG3_PF0_D1_S04_4__052_M_GA26_BW820_PA75_DG9_PF0_D1_S08_20,COph100/patient/052,COph100,sp_lg_h,ok,True,True,True,0.0,3.0,20540791.656451978,0.103515625
ba20d3eeb87425f7,COph100/052/052_M_GA26_BW820_PA34_DG3_PF0_D1_S04_4__052_M_GA26_BW820_PA75_DG9_PF0_D1_S08_20,COph100/patient/052,COph100,xfeat_h,ok,True,False,False,5.688992647821429,-0.7550353725069794,0.05752547659790661,0.0
ef4a10b8e628f9d7,COph100/052/052_M_GA26_BW820_PA34_DG3_PF0_D1_S04_4__052_M_GA26_BW820_PA75_DG9_PF0_D1_S08_20,COph100/patient/052,COph100,xfeat_tps,ok,True,False,False,,3.0,8.43667873101245,0.0
c7842338b3b4b746,COph100/052/052_M_GA26_BW820_PA36_DG3_PF0_D1_S05_1__052_M_GA26_BW820_PA42_DG3_PF0_D1_S06_14,COph100/patient/052,COph100,sift_h,ok,True,False,False,2.340808676244543,-0.36936591850361494,0.416426703974733,0.0
0863090345d40120,COph100/052/052_M_GA26_BW820_PA36_DG3_PF0_D1_S05_1__052_M_GA26_BW820_PA42_DG3_PF0_D1_S06_14,COph100/patient/052,COph100,sp_lg_h,ok,False,False,False,15.95008725545471,-1.2027630632213406,0.009339574664760668,0.0
ceae09ba26a41d6a,COph100/052/052_M_GA26_BW820_PA36_DG3_PF0_D1_S05_1__052_M_GA26_BW820_PA42_DG3_PF0_D1_S06_14,COph100/patient/052,COph100,xfeat_h,ok,True,False,False,10.621522575860443,-1.0261867765286876,0.021773637711024516,0.0
57a8c59557c0789f,COph100/052/052_M_GA26_BW820_PA36_DG3_PF0_D1_S05_1__052_M_GA26_BW820_PA42_DG3_PF0_D1_S06_14,COph100/patient/052,COph100,xfeat_tps,ok,False,False,False,,3.0,12.313077440880175,0.0
5125ccac7a6c20e7,COph100/052/052_M_GA26_BW820_PA36_DG3_PF0_D1_S05_1__052_M_GA26_BW820_PA46_DG2_PF0_D1_S07_6,COph100/patient/052,COph100,sift_h,ok,True,True,False,0.0,3.0,18748.173109241077,0.9560546875
e70daf63dcc41797,COph100/052/052_M_GA26_BW820_PA36_DG3_PF0_D1_S05_1__052_M_GA26_BW820_PA46_DG2_PF0_D1_S07_6,COph100/patient/052,COph100,sp_lg_h,ok,True,False,False,5.1098377783418485,-0.7084071128373965,0.08353717256025042,0.0
5ddf45d3da8157d0,COph100/052/052_M_GA26_BW820_PA36_DG3_PF0_D1_S05_1__052_M_GA26_BW820_PA46_DG2_PF0_D1_S07_6,COph100/patient/052,COph100,xfeat_h,ok,True,False,False,9.686380451753653,-0.9861615228204079,0.026132298654911228,0.0
e0bec7113df9b5fc,COph100/052/052_M_GA26_BW820_PA36_DG3_PF0_D1_S05_1__052_M_GA26_BW820_PA46_DG2_PF0_D1_S07_6,COph100/patient/052,COph100,xfeat_tps,ok,True,False,False,,3.0,11.589269549090348,0.0
54b745eed8ddcbca,COph100/052/052_M_GA26_BW820_PA36_DG3_PF0_D1_S05_1__052_M_GA26_BW820_PA75_DG9_PF0_D1_S08_20,COph100/patient/052,COph100,sift_h,ok,True,True,True,0.0,3.0,109113125.96190761,0.419921875
2fbcc0befd69dd07,COph100/052/052_M_GA26_BW820_PA36_DG3_PF0_D1_S05_1__052_M_GA26_BW820_PA75_DG9_PF0_D1_S08_20,COph100/patient/052,COph100,sp_lg_h,ok,True,False,False,8.370670051124252,-0.9227602235677708,0.02739638377058569,0.0
a8c8215460e281aa,COph100/052/052_M_GA26_BW820_PA36_DG3_PF0_D1_S05_1__052_M_GA26_BW820_PA75_DG9_PF0_D1_S08_20,COph100/patient/052,COph100,xfeat_h,ok,True,False,False,1.5074025523447232,-0.17822924628689923,0.7522713374495016,0.0
36df6ef5e3385ea6,COph100/052/052_M_GA26_BW820_PA36_DG3_PF0_D1_S05_1__052_M_GA26_BW820_PA75_DG9_PF0_D1_S08_20,COph100/patient/052,COph100,xfeat_tps,ok,True,False,False,,3.0,9.719125976026579,0.0
69634af3c2dc41df,COph100/052/052_M_GA26_BW820_PA42_DG3_PF0_D1_S06_14__052_M_GA26_BW820_PA46_DG2_PF0_D1_S07_6,COph100/patient/052,COph100,sift_h,ok,True,True,True,0.0,3.0,339603.8882896822,0.1669921875
195f52166620dd25,COph100/052/052_M_GA26_BW820_PA42_DG3_PF0_D1_S06_14__052_M_GA26_BW820_PA46_DG2_PF0_D1_S07_6,COph100/patient/052,COph100,sp_lg_h,ok,True,False,False,9.715770676668217,-0.9874772555121664,0.026883233213797215,0.0
11874152af928391,COph100/052/052_M_GA26_BW820_PA42_DG3_PF0_D1_S06_14__052_M_GA26_BW820_PA46_DG2_PF0_D1_S07_6,COph100/patient/052,COph100,xfeat_h,ok,True,False,False,8.665361676550111,-0.9377866940957414,0.03303643203116586,0.0
0e238b143991efa9,COph100/052/052_M_GA26_BW820_PA42_DG3_PF0_D1_S06_14__052_M_GA26_BW820_PA46_DG2_PF0_D1_S07_6,COph100/patient/052,COph100,xfeat_tps,ok,False,False,False,,3.0,7.8856287942243695,0.0
6a7a162b4b190bc8,COph100/052/052_M_GA26_BW820_PA42_DG3_PF0_D1_S06_14__052_M_GA26_BW820_PA75_DG9_PF0_D1_S08_20,COph100/patient/052,COph100,sift_h,ok,True,True,False,0.0,3.0,87192.65972372048,0.9814453125
498654de669adbe9,COph100/052/052_M_GA26_BW820_PA42_DG3_PF0_D1_S06_14__052_M_GA26_BW820_PA75_DG9_PF0_D1_S08_20,COph100/patient/052,COph100,sp_lg_h,ok,False,False,False,15.599828208901839,-1.1931198157687708,0.009395642395128493,0.0
1a44fec086b6c467,COph100/052/052_M_GA26_BW820_PA42_DG3_PF0_D1_S06_14__052_M_GA26_BW820_PA75_DG9_PF0_D1_S08_20,COph100/patient/052,COph100,xfeat_h,ok,False,False,False,5.3469311065414304,-0.7281045883940286,0.06995767748619594,0.0
caf8adb6fb6b09c8,COph100/052/052_M_GA26_BW820_PA42_DG3_PF0_D1_S06_14__052_M_GA26_BW820_PA75_DG9_PF0_D1_S08_20,COph100/patient/052,COph100,xfeat_tps,ok,False,False,False,,3.0,11.438752278184708,0.0
13f5930071d8a0bc,COph100/052/052_M_GA26_BW820_PA46_DG2_PF0_D1_S07_6__052_M_GA26_BW820_PA75_DG9_PF0_D1_S08_20,COph100/patient/052,COph100,sift_h,ok,True,False,False,1.2430958781735164,-0.09450462643396995,1.8663283082645363,0.0
b5f4556c837a7835,COph100/052/052_M_GA26_BW820_PA46_DG2_PF0_D1_S07_6__052_M_GA26_BW820_PA75_DG9_PF0_D1_S08_20,COph100/patient/052,COph100,sp_lg_h,ok,True,False,False,2.9637176389885336,-0.47183682492451945,0.24942713118328702,0.0
0044bb85de605993,COph100/052/052_M_GA26_BW820_PA46_DG2_PF0_D1_S07_6__052_M_GA26_BW820_PA75_DG9_PF0_D1_S08_20,COph100/patient/052,COph100,xfeat_h,ok,True,False,False,1.9278585408261943,-0.28507516380307846,0.5706890345722531,0.0
b48b9d1d143c0137,COph100/052/052_M_GA26_BW820_PA46_DG2_PF0_D1_S07_6__052_M_GA26_BW820_PA75_DG9_PF0_D1_S08_20,COph100/patient/052,COph100,xfeat_tps,ok,False,False,False,,3.0,8.560490193568079,0.0
2090023150121498,COph100/054-1/054_M_GA29_BW1410_PA37_DG0_PF0_D1_S01_3__054_M_GA29_BW1410_PA43_DG0_PF0_D1_S02_6,COph100/patient/054,COph100,sift_h,ok,True,True,False,0.0,3.0,36871.97153314106,0.015625
88be5a0d4bd765d2,COph100/054-1/054_M_GA29_BW1410_PA37_DG0_PF0_D1_S01_3__054_M_GA29_BW1410_PA43_DG0_PF0_D1_S02_6,COph100/patient/054,COph100,sp_lg_h,ok,False,False,False,10.692323108941915,-1.0290720741314776,0.02223561382047461,0.0
0118658c75374552,COph100/054-1/054_M_GA29_BW1410_PA37_DG0_PF0_D1_S01_3__054_M_GA29_BW1410_PA43_DG0_PF0_D1_S02_6,COph100/patient/054,COph100,xfeat_h,ok,True,False,False,5.567022372072217,-0.7456229666002723,0.07811872883044976,0.0
5ca834b0f08085c1,COph100/054-1/054_M_GA29_BW1410_PA37_DG0_PF0_D1_S01_3__054_M_GA29_BW1410_PA43_DG0_PF0_D1_S02_6,COph100/patient/054,COph100,xfeat_tps,ok,True,False,False,,3.0,9.266593629972467,0.0
afbf4f94d25b46a3,COph100/054/054_M_GA29_BW1410_PA37_DG0_PF0_D1_S01_8__054_M_GA29_BW1410_PA43_DG0_PF0_D1_S02_2,COph100/patient/054,COph100,sift_h,ok,True,True,True,0.0,3.0,1567519.9154254699,0.5380859375
17019334ee9259af,COph100/054/054_M_GA29_BW1410_PA37_DG0_PF0_D1_S01_8__054_M_GA29_BW1410_PA43_DG0_PF0_D1_S02_2,COph100/patient/054,COph100,sp_lg_h,ok,False,False,False,36.23835817860615,-1.5591685132287325,0.0018774109988604771,0.0
fcccfdf6acd4c8a4,COph100/054/054_M_GA29_BW1410_PA37_DG0_PF0_D1_S01_8__054_M_GA29_BW1410_PA43_DG0_PF0_D1_S02_2,COph100/patient/054,COph100,xfeat_h,ok,True,False,False,6.5345347569670915,-0.815214672303007,0.05458832778452369,0.0
f1ddd5887a7fb5fe,COph100/054/054_M_GA29_BW1410_PA37_DG0_PF0_D1_S01_8__054_M_GA29_BW1410_PA43_DG0_PF0_D1_S02_2,COph100/patient/054,COph100,xfeat_tps,ok,False,False,False,,3.0,12.78574769487182,0.0
c3ecd316eef21314,COph100/055-1/055_M_GA38_BW3245_PA40_DG13_PF0_D1_S01_10__055_M_GA38_BW3245_PA41_DG13_PF0_D1_S02_7,COph100/patient/055,COph100,sift_h,ok,True,True,False,0.0,3.0,3679.4826145832894,0.974609375
b17b008059ac5cfe,COph100/055-1/055_M_GA38_BW3245_PA40_DG13_PF0_D1_S01_10__055_M_GA38_BW3245_PA41_DG13_PF0_D1_S02_7,COph100/patient/055,COph100,sp_lg_h,ok,True,False,False,10.926282815403816,-1.038472437582523,0.022657291948569785,0.0
a4c40750a69d1cb3,COph100/055-1/055_M_GA38_BW3245_PA40_DG13_PF0_D1_S01_10__055_M_GA38_BW3245_PA41_DG13_PF0_D1_S02_7,COph100/patient/055,COph100,xfeat_h,ok,True,False,False,4.23039938475199,-0.6263813703079267,0.12180497898921648,0.0
198f7462e514c32e,COph100/055-1/055_M_GA38_BW3245_PA40_DG13_PF0_D1_S01_10__055_M_GA38_BW3245_PA41_DG13_PF0_D1_S02_7,COph100/patient/055,COph100,xfeat_tps,ok,False,False,False,,3.0,5.858310249300196,0.0
aca6960bc47d7753,COph100/055-1/055_M_GA38_BW3245_PA40_DG13_PF0_D1_S01_10__055_M_GA38_BW3245_PA42_DG13_PF0_D1_S03_2,COph100/patient/055,COph100,sift_h,ok,True,True,False,0.0,3.0,1.2273271452905,0.029296875
bb23b95e23a8924e,COph100/055-1/055_M_GA38_BW3245_PA40_DG13_PF0_D1_S01_10__055_M_GA38_BW3245_PA42_DG13_PF0_D1_S03_2,COph100/patient/055,COph100,sp_lg_h,ok,False,False,False,9.054524998678845,-0.9568656721140651,0.030161528225847837,0.0
0c432e92e2ed5bdd,COph100/055-1/055_M_GA38_BW3245_PA40_DG13_PF0_D1_S01_10__055_M_GA38_BW3245_PA42_DG13_PF0_D1_S03_2,COph100/patient/055,COph100,xfeat_h,ok,False,False,False,9.132767874089696,-0.9606024194038392,0.03046743911487846,0.0
ee1a924c5654f319,COph100/055-1/055_M_GA38_BW3245_PA40_DG13_PF0_D1_S01_10__055_M_GA38_BW3245_PA42_DG13_PF0_D1_S03_2,COph100/patient/055,COph100,xfeat_tps,ok,False,False,False,,3.0,7.588689528577664,0.0
4a5bd191bdc5d056,COph100/055-1/055_M_GA38_BW3245_PA40_DG13_PF0_D1_S01_10__055_M_GA38_BW3245_PA43_DG13_PF0_D1_S04_5,COph100/patient/055,COph100,sift_h,ok,True,True,False,0.0,3.0,1143962622.8801563,0.109375
97f544bb446b5f49,COph100/055-1/055_M_GA38_BW3245_PA40_DG13_PF0_D1_S01_10__055_M_GA38_BW3245_PA43_DG13_PF0_D1_S04_5,COph100/patient/055,COph100,sp_lg_h,ok,True,False,False,3.928173048901129,-0.5941906116320814,0.1410329930701426,0.0
6d8b9bce64d4bb31,COph100/055-1/055_M_GA38_BW3245_PA40_DG13_PF0_D1_S01_10__055_M_GA38_BW3245_PA43_DG13_PF0_D1_S04_5,COph100/patient/055,COph100,xfeat_h,ok,True,False,False,20.254533743838834,-1.3065222502444354,0.006760725572626583,0.0
a51c03b3dd5e3d1c,COph100/055-1/055_M_GA38_BW3245_PA40_DG13_PF0_D1_S01_10__055_M_GA38_BW3245_PA43_DG13_PF0_D1_S04_5,COph100/patient/055,COph100,xfeat_tps,ok,True,False,False,,3.0,5.00756600685763,0.0
3e5128c3df31a86f,COph100/055-1/055_M_GA38_BW3245_PA40_DG13_PF0_D1_S01_10__055_M_GA38_BW3245_PA44_DG13_PF0_D1_S05_6,COph100/patient/055,COph100,sift_h,ok,True,True,False,0.0,3.0,3079834.956163773,0.0205078125
ce0f14b486d56040,COph100/055-1/055_M_GA38_BW3245_PA40_DG13_PF0_D1_S01_10__055_M_GA38_BW3245_PA44_DG13_PF0_D1_S05_6,COph100/patient/055,COph100,sp_lg_h,ok,True,True,True,0.0,3.0,39281513.67231593,0.6689453125
2d170c11094313fc,COph100/055-1/055_M_GA38_BW3245_PA40_DG13_PF0_D1_S01_10__055_M_GA38_BW3245_PA44_DG13_PF0_D1_S05_6,COph100/patient/055,COph100,xfeat_h,ok,True,False,False,5.767421495854971,-0.760981691767205,0.06636926810365334,0.0
91464eb37e684424,COph100/055-1/055_M_GA38_BW3245_PA40_DG13_PF0_D1_S01_10__055_M_GA38_BW3245_PA44_DG13_PF0_D1_S05_6,COph100/patient/055,COph100,xfeat_tps,ok,True,False,False,,3.0,10.120440990880159,0.0
ad9964d787e3eb1e,COph100/055-1/055_M_GA38_BW3245_PA40_DG13_PF0_D1_S01_10__055_M_GA38_BW3245_PA45_DG13_PF0_D1_S06_6,COph100/patient/055,COph100,sift_h,ok,True,True,True,0.0,3.0,439311.0745312936,0.361328125
2311a923598d6e64,COph100/055-1/055_M_GA38_BW3245_PA40_DG13_PF0_D1_S01_10__055_M_GA38_BW3245_PA45_DG13_PF0_D1_S06_6,COph100/patient/055,COph100,sp_lg_h,ok,True,False,False,1.9574401276982487,-0.2916884871499398,0.49196897956249636,0.0
a0311d1b2e1653ac,COph100/055-1/055_M_GA38_BW3245_PA40_DG13_PF0_D1_S01_10__055_M_GA38_BW3245_PA45_DG13_PF0_D1_S06_6,COph100/patient/055,COph100,xfeat_h,ok,True,False,False,4.574802099480757,-0.6603723117440122,0.10402424697222817,0.0
68ff7f9ddffa3d63,COph100/055-1/055_M_GA38_BW3245_PA40_DG13_PF0_D1_S01_10__055_M_GA38_BW3245_PA45_DG13_PF0_D1_S06_6,COph100/patient/055,COph100,xfeat_tps,ok,True,False,False,,3.0,4.680231333916493,0.0
bceb1cce41f2a5a5,COph100/055-1/055_M_GA38_BW3245_PA40_DG13_PF0_D1_S01_10__055_M_GA38_BW3245_PA47_DG13_PF0_D1_S07_7,COph100/patient/055,COph100,sift_h,ok,True,True,False,0.0,3.0,10961.86222479342,0.0498046875
a84002b0b7ab96d2,COph100/055-1/055_M_GA38_BW3245_PA40_DG13_PF0_D1_S01_10__055_M_GA38_BW3245_PA47_DG13_PF0_D1_S07_7,COph100/patient/055,COph100,sp_lg_h,ok,True,False,False,2.865407917808239,-0.4571864566149777,0.23958259180068897,0.0
a7c4ba03edb3609e,COph100/055-1/055_M_GA38_BW3245_PA40_DG13_PF0_D1_S01_10__055_M_GA38_BW3245_PA47_DG13_PF0_D1_S07_7,COph100/patient/055,COph100,xfeat_h,ok,True,False,False,13.712533348957672,-1.1371176967906569,0.014500729642020694,0.0
f4f4017d9bf11ed3,COph100/055-1/055_M_GA38_BW3245_PA40_DG13_PF0_D1_S01_10__055_M_GA38_BW3245_PA47_DG13_PF0_D1_S07_7,COph100/patient/055,COph100,xfeat_tps,ok,True,False,False,,3.0,3.173808985227388,0.0
737ce1b034e571df,COph100/055-1/055_M_GA38_BW3245_PA40_DG13_PF0_D1_S01_10__055_M_GA38_BW3245_PA53_DG13_PF0_D1_S08_2,COph100/patient/055,COph100,sift_h,ok,True,True,False,0.0,3.0,30268.34383691206,0.0283203125
da1b669d55ceeb70,COph100/055-1/055_M_GA38_BW3245_PA40_DG13_PF0_D1_S01_10__055_M_GA38_BW3245_PA53_DG13_PF0_D1_S08_2,COph100/patient/055,COph100,sp_lg_h,ok,True,True,False,0.0,3.0,3044205911.3357058,0.033203125
351556d8f34cce4b,COph100/055-1/055_M_GA38_BW3245_PA40_DG13_PF0_D1_S01_10__055_M_GA38_BW3245_PA53_DG13_PF0_D1_S08_2,COph100/patient/055,COph100,xfeat_h,ok,True,False,False,4.109469635154102,-0.6137857757960876,0.09498519013281871,0.0
7d464198f1152103,COph100/055-1/055_M_GA38_BW3245_PA40_DG13_PF0_D1_S01_10__055_M_GA38_BW3245_PA53_DG13_PF0_D1_S08_2,COph100/patient/055,COph100,xfeat_tps,ok,True,False,False,,3.0,5.90332927219306,0.0
4032dca03b837b09,COph100/055-1/055_M_GA38_BW3245_PA40_DG13_PF0_D1_S01_10__055_M_GA38_BW3245_PA78_DG13_PF0_D1_S09_16,COph100/patient/055,COph100,sift_h,ok,True,True,True,0.0,3.0,60940715.346316546,0.1494140625
cf804c649b733cd6,COph100/055-1/055_M_GA38_BW3245_PA40_DG13_PF0_D1_S01_10__055_M_GA38_BW3245_PA78_DG13_PF0_D1_S09_16,COph100/patient/055,COph100,sp_lg_h,ok,True,True,True,0.0,3.0,107062547.19021197,0.091796875
d32c93a4f70270c3,COph100/055-1/055_M_GA38_BW3245_PA40_DG13_PF0_D1_S01_10__055_M_GA38_BW3245_PA78_DG13_PF0_D1_S09_16,COph100/patient/055,COph100,xfeat_h,ok,True,False,False,14.009887805860433,-1.1464346573777935,0.013545821290180698,0.0
49aac1694fc71764,COph100/055-1/055_M_GA38_BW3245_PA40_DG13_PF0_D1_S01_10__055_M_GA38_BW3245_PA78_DG13_PF0_D1_S09_16,COph100/patient/055,COph100,xfeat_tps,ok,True,False,False,,3.0,2.614064064718788,0.0
32be50f809ad205a,COph100/055-1/055_M_GA38_BW3245_PA41_DG13_PF0_D1_S02_7__055_M_GA38_BW3245_PA42_DG13_PF0_D1_S03_2,COph100/patient/055,COph100,sift_h,ok,True,True,False,0.0,3.0,2458298.1354922787,0.0107421875
dfa495ad36451d64,COph100/055-1/055_M_GA38_BW3245_PA41_DG13_PF0_D1_S02_7__055_M_GA38_BW3245_PA42_DG13_PF0_D1_S03_2,COph100/patient/055,COph100,sp_lg_h,ok,True,False,False,5.888131335392312,-0.7699774884218393,0.07201520808382705,0.0
4e4fb38067cbd753,COph100/055-1/055_M_GA38_BW3245_PA41_DG13_PF0_D1_S02_7__055_M_GA38_BW3245_PA42_DG13_PF0_D1_S03_2,COph100/patient/055,COph100,xfeat_h,ok,False,False,False,8.290259431340179,-0.9185681213628839,0.035616261930155144,0.0
f9dee68f52267d03,COph100/055-1/055_M_GA38_BW3245_PA41_DG13_PF0_D1_S02_7__055_M_GA38_BW3245_PA42_DG13_PF0_D1_S03_2,COph100/patient/055,COph100,xfeat_tps,ok,False,False,False,,3.0,9.789637622027659,0.0
2381c5c3a16fb874,COph100/055-1/055_M_GA38_BW3245_PA41_DG13_PF0_D1_S02_7__055_M_GA38_BW3245_PA43_DG13_PF0_D1_S04_5,COph100/patient/055,COph100,sift_h,ok,True,True,True,0.0,3.0,272047.9020079654,0.49609375
7ea7f29d8d65ab40,COph100/055-1/055_M_GA38_BW3245_PA41_DG13_PF0_D1_S02_7__055_M_GA38_BW3245_PA43_DG13_PF0_D1_S04_5,COph100/patient/055,COph100,sp_lg_h,ok,False,False,False,29.864107831037924,-1.4751495450383996,0.002956293634907543,0.0
7897126fcd9bf20e,COph100/055-1/055_M_GA38_BW3245_PA41_DG13_PF0_D1_S02_7__055_M_GA38_BW3245_PA43_DG13_PF0_D1_S04_5,COph100/patient/055,COph100,xfeat_h,ok,False,False,False,13.139941473147587,-1.1185934308291157,0.01556446108304086,0.0
63b021bcc3828144,COph100/055-1/055_M_GA38_BW3245_PA41_DG13_PF0_D1_S02_7__055_M_GA38_BW3245_PA43_DG13_PF0_D1_S04_5,COph100/patient/055,COph100,xfeat_tps,ok,False,False,False,,3.0,10.284942445348474,0.0
9682ae65cd8d3515,COph100/055-1/055_M_GA38_BW3245_PA41_DG13_PF0_D1_S02_7__055_M_GA38_BW3245_PA44_DG13_PF0_D1_S05_6,COph100/patient/055,COph100,sift_h,ok,True,True,True,0.0,3.0,910102625.8655638,0.505859375
c670ba8f5a682660,COph100/055-1/055_M_GA38_BW3245_PA41_DG13_PF0_D1_S02_7__055_M_GA38_BW3245_PA44_DG13_PF0_D1_S05_6,COph100/patient/055,COph100,sp_lg_h,ok,True,False,False,13.076233525691759,-1.1164826679509818,0.014899444844898921,0.0
63d981cd96049d6a,COph100/055-1/055_M_GA38_BW3245_PA41_DG13_PF0_D1_S02_7__055_M_GA38_BW3245_PA44_DG13_PF0_D1_S05_6,COph100/patient/055,COph100,xfeat_h,ok,True,False,False,5.01834395872396,-0.7005604246662062,0.09453187532144686,0.0
e26b819223683786,COph100/055-1/055_M_GA38_BW3245_PA41_DG13_PF0_D1_S02_7__055_M_GA38_BW3245_PA44_DG13_PF0_D1_S05_6,COph100/patient/055,COph100,xfeat_tps,ok,True,False,False,,3.0,10.081016933742099,0.0
46288d81c8b3e35c,COph100/055-1/055_M_GA38_BW3245_PA41_DG13_PF0_D1_S02_7__055_M_GA38_BW3245_PA45_DG13_PF0_D1_S06_6,COph100/patient/055,COph100,sift_h,ok,True,True,False,0.0,3.0,19841.7215664473,0.033203125
3eaa310e81ed3517,COph100/055-1/055_M_GA38_BW3245_PA41_DG13_PF0_D1_S02_7__055_M_GA38_BW3245_PA45_DG13_PF0_D1_S06_6,COph100/patient/055,COph100,sp_lg_h,ok,True,False,False,3.4521654015547774,-0.5380915956357748,0.21373824074423797,0.0
d961448fa8d14ef6,COph100/055-1/055_M_GA38_BW3245_PA41_DG13_PF0_D1_S02_7__055_M_GA38_BW3245_PA45_DG13_PF0_D1_S06_6,COph100/patient/055,COph100,xfeat_h,ok,True,False,False,5.263994399140725,-0.7213154185193544,0.08753710495421528,0.0
2706457bca9c9615,COph100/055-1/055_M_GA38_BW3245_PA41_DG13_PF0_D1_S02_7__055_M_GA38_BW3245_PA45_DG13_PF0_D1_S06_6,COph100/patient/055,COph100,xfeat_tps,ok,False,False,False,,3.0,6.188671894262309,0.0
7db123da8df7cfdc,COph100/055-1/055_M_GA38_BW3245_PA41_DG13_PF0_D1_S02_7__055_M_GA38_BW3245_PA47_DG13_PF0_D1_S07_7,COph100/patient/055,COph100,sift_h,ok,True,True,False,0.0,3.0,53940.27434746526,0.03125
9996eac6be53fb75,COph100/055-1/055_M_GA38_BW3245_PA41_DG13_PF0_D1_S02_7__055_M_GA38_BW3245_PA47_DG13_PF0_D1_S07_7,COph100/patient/055,COph100,sp_lg_h,ok,True,False,False,2.1509724516129616,-0.3326348482353982,0.4747015882097772,0.0
358b21714e7446db,COph100/055-1/055_M_GA38_BW3245_PA41_DG13_PF0_D1_S02_7__055_M_GA38_BW3245_PA47_DG13_PF0_D1_S07_7,COph100/patient/055,COph100,xfeat_h,ok,True,False,False,1.7656918217205684,-0.24691490546718015,0.6837321839125541,0.0
d93877abbe6d0818,COph100/055-1/055_M_GA38_BW3245_PA41_DG13_PF0_D1_S02_7__055_M_GA38_BW3245_PA47_DG13_PF0_D1_S07_7,COph100/patient/055,COph100,xfeat_tps,ok,False,False,False,,3.0,6.433446317884349,0.0
9c361d6e14728958,COph100/055-1/055_M_GA38_BW3245_PA41_DG13_PF0_D1_S02_7__055_M_GA38_BW3245_PA53_DG13_PF0_D1_S08_2,COph100/patient/055,COph100,sift_h,invalid_transform,True,False,False,,3.0,,
430176e8023846b6,COph100/055-1/055_M_GA38_BW3245_PA41_DG13_PF0_D1_S02_7__055_M_GA38_BW3245_PA53_DG13_PF0_D1_S08_2,COph100/patient/055,COph100,sp_lg_h,ok,True,False,False,1.9273730618389122,-0.28496578472130013,0.5310525522040797,0.0
9df14fc82a1c4771,COph100/055-1/055_M_GA38_BW3245_PA41_DG13_PF0_D1_S02_7__055_M_GA38_BW3245_PA53_DG13_PF0_D1_S08_2,COph100/patient/055,COph100,xfeat_h,ok,True,False,False,1.4422650003629938,-0.15904506455928166,0.8200353112017623,0.0
7184e1b775ffa741,COph100/055-1/055_M_GA38_BW3245_PA41_DG13_PF0_D1_S02_7__055_M_GA38_BW3245_PA53_DG13_PF0_D1_S08_2,COph100/patient/055,COph100,xfeat_tps,ok,False,False,False,,3.0,6.015047526026182,0.0
dce91636a2782aee,COph100/055-1/055_M_GA38_BW3245_PA41_DG13_PF0_D1_S02_7__055_M_GA38_BW3245_PA78_DG13_PF0_D1_S09_16,COph100/patient/055,COph100,sift_h,ok,True,True,False,0.0,3.0,52.297679685019,0.892578125
349f4875de1bd5e0,COph100/055-1/055_M_GA38_BW3245_PA41_DG13_PF0_D1_S02_7__055_M_GA38_BW3245_PA78_DG13_PF0_D1_S09_16,COph100/patient/055,COph100,sp_lg_h,ok,True,False,False,1.1379336655719234,-0.05611694614012397,1.4024348944527767,0.0
59d159126e4afddf,COph100/055-1/055_M_GA38_BW3245_PA41_DG13_PF0_D1_S02_7__055_M_GA38_BW3245_PA78_DG13_PF0_D1_S09_16,COph100/patient/055,COph100,xfeat_h,ok,True,False,False,2.1557922950105564,-0.33360691538475923,0.45287725071243234,0.0
af36876bd665e679,COph100/055-1/055_M_GA38_BW3245_PA41_DG13_PF0_D1_S02_7__055_M_GA38_BW3245_PA78_DG13_PF0_D1_S09_16,COph100/patient/055,COph100,xfeat_tps,ok,True,False,False,,3.0,5.152898666160999,0.0
eff295226571f54c,COph100/055-1/055_M_GA38_BW3245_PA42_DG13_PF0_D1_S03_2__055_M_GA38_BW3245_PA43_DG13_PF0_D1_S04_5,COph100/patient/055,COph100,sift_h,ok,True,True,True,0.0,3.0,1632200391.522571,0.1337890625
62ca43fcc14ccae6,COph100/055-1/055_M_GA38_BW3245_PA42_DG13_PF0_D1_S03_2__055_M_GA38_BW3245_PA43_DG13_PF0_D1_S04_5,COph100/patient/055,COph100,sp_lg_h,ok,False,False,False,5.519245531085253,-0.7418797146710933,0.08583905098625881,0.0
9b594b815f8fb179,COph100/055-1/055_M_GA38_BW3245_PA42_DG13_PF0_D1_S03_2__055_M_GA38_BW3245_PA43_DG13_PF0_D1_S04_5,COph100/patient/055,COph100,xfeat_h,ok,False,False,False,9.00390529224898,-0.954430918217645,0.02902399122543787,0.0
26e0c87aaef4bd02,COph100/055-1/055_M_GA38_BW3245_PA42_DG13_PF0_D1_S03_2__055_M_GA38_BW3245_PA43_DG13_PF0_D1_S04_5,COph100/patient/055,COph100,xfeat_tps,ok,False,False,False,,3.0,8.385164426112878,0.0
c32b8ca54a611d8c,COph100/055-1/055_M_GA38_BW3245_PA42_DG13_PF0_D1_S03_2__055_M_GA38_BW3245_PA44_DG13_PF0_D1_S05_6,COph100/patient/055,COph100,sift_h,invalid_transform,True,False,False,,3.0,,
2ba1c3fbb2745f9a,COph100/055-1/055_M_GA38_BW3245_PA42_DG13_PF0_D1_S03_2__055_M_GA38_BW3245_PA44_DG13_PF0_D1_S05_6,COph100/patient/055,COph100,sp_lg_h,ok,False,False,False,5.847945386042875,-0.7670033080929355,0.07397931951310759,0.0
99b72bc0008cf428,COph100/055-1/055_M_GA38_BW3245_PA42_DG13_PF0_D1_S03_2__055_M_GA38_BW3245_PA44_DG13_PF0_D1_S05_6,COph100/patient/055,COph100,xfeat_h,ok,True,False,False,7.228031017629039,-0.8590200075795735,0.04865432710176734,0.0
53928d79f35661ce,COph100/055-1/055_M_GA38_BW3245_PA42_DG13_PF0_D1_S03_2__055_M_GA38_BW3245_PA44_DG13_PF0_D1_S05_6,COph100/patient/055,COph100,xfeat_tps,ok,True,False,False,,3.0,6.849349571693628,0.0
358c5aaf0f4f9c8f,COph100/055-1/055_M_GA38_BW3245_PA42_DG13_PF0_D1_S03_2__055_M_GA38_BW3245_PA45_DG13_PF0_D1_S06_6,COph100/patient/055,COph100,sift_h,ok,True,True,False,0.0,3.0,7225.984872265601,0.93359375
12fed34f1ae45d70,COph100/055-1/055_M_GA38_BW3245_PA42_DG13_PF0_D1_S03_2__055_M_GA38_BW3245_PA45_DG13_PF0_D1_S06_6,COph100/patient/055,COph100,sp_lg_h,ok,True,False,False,4.5099101504438295,-0.6541678896484379,0.1319839866870091,0.0
75f8c4121df37b7e,COph100/055-1/055_M_GA38_BW3245_PA42_DG13_PF0_D1_S03_2__055_M_GA38_BW3245_PA45_DG13_PF0_D1_S06_6,COph100/patient/055,COph100,xfeat_h,ok,True,False,False,4.036719852877262,-0.6060286105519462,0.1649694119928122,0.0
2dd86c0b5e225f63,COph100/055-1/055_M_GA38_BW3245_PA42_DG13_PF0_D1_S03_2__055_M_GA38_BW3245_PA45_DG13_PF0_D1_S06_6,COph100/patient/055,COph100,xfeat_tps,ok,False,False,False,,3.0,3.4194222978032798,0.0
2b123c0facbfe0e3,COph100/055-1/055_M_GA38_BW3245_PA42_DG13_PF0_D1_S03_2__055_M_GA38_BW3245_PA47_DG13_PF0_D1_S07_7,COph100/patient/055,COph100,sift_h,ok,True,False,False,0.01657334431674879,1.780589846936189,822.4109023401493,1.0
6d07ca9d9ee5dc7c,COph100/055-1/055_M_GA38_BW3245_PA42_DG13_PF0_D1_S03_2__055_M_GA38_BW3245_PA47_DG13_PF0_D1_S07_7,COph100/patient/055,COph100,sp_lg_h,ok,True,False,False,0.6832072723905631,0.16544751945271324,3.5844582310856348,0.0
c5c38f76b381acf7,COph100/055-1/055_M_GA38_BW3245_PA42_DG13_PF0_D1_S03_2__055_M_GA38_BW3245_PA47_DG13_PF0_D1_S07_7,COph100/patient/055,COph100,xfeat_h,ok,True,False,False,3.236818680496996,-0.510118371856955,0.2096970371920279,0.0
fa55c24b03d8861a,COph100/055-1/055_M_GA38_BW3245_PA42_DG13_PF0_D1_S03_2__055_M_GA38_BW3245_PA47_DG13_PF0_D1_S07_7,COph100/patient/055,COph100,xfeat_tps,ok,True,False,False,,3.0,4.489317138605565,0.0
7f8bb0b1332a2cf9,COph100/055-1/055_M_GA38_BW3245_PA42_DG13_PF0_D1_S03_2__055_M_GA38_BW3245_PA53_DG13_PF0_D1_S08_2,COph100/patient/055,COph100,sift_h,ok,True,True,False,0.0,3.0,3383198.5897069965,0.10546875
e51af765362416fc,COph100/055-1/055_M_GA38_BW3245_PA42_DG13_PF0_D1_S03_2__055_M_GA38_BW3245_PA53_DG13_PF0_D1_S08_2,COph100/patient/055,COph100,sp_lg_h,ok,False,False,False,4.408413234885965,-0.6442822975540478,0.12091834223245376,0.0
31fd8b0cb5f67bf4,COph100/055-1/055_M_GA38_BW3245_PA42_DG13_PF0_D1_S03_2__055_M_GA38_BW3245_PA53_DG13_PF0_D1_S08_2,COph100/patient/055,COph100,xfeat_h,ok,True,False,False,1.8125662599042704,-0.2582938915381035,0.7012454599314388,0.0
5aad3ecefd67efa4,COph100/055-1/055_M_GA38_BW3245_PA42_DG13_PF0_D1_S03_2__055_M_GA38_BW3245_PA53_DG13_PF0_D1_S08_2,COph100/patient/055,COph100,xfeat_tps,ok,True,False,False,,3.0,6.742323566868041,0.0
527bbfd03848a897,COph100/055-1/055_M_GA38_BW3245_PA42_DG13_PF0_D1_S03_2__055_M_GA38_BW3245_PA78_DG13_PF0_D1_S09_16,COph100/patient/055,COph100,sift_h,ok,True,False,False,0.3760247901802977,0.4247835224031685,14.08674620629551,1.0
8ad6f1e6e5060636,COph100/055-1/055_M_GA38_BW3245_PA42_DG13_PF0_D1_S03_2__055_M_GA38_BW3245_PA78_DG13_PF0_D1_S09_16,COph100/patient/055,COph100,sp_lg_h,ok,True,False,False,2.0199369615819958,-0.3053378161474759,0.6153709682155993,0.0
a3b2e2934c364e2a,COph100/055-1/055_M_GA38_BW3245_PA42_DG13_PF0_D1_S03_2__055_M_GA38_BW3245_PA78_DG13_PF0_D1_S09_16,COph100/patient/055,COph100,xfeat_h,ok,True,True,False,0.0,3.0,8654742027.155737,0.0029296875
c6d321e82ae6cd0a,COph100/055-1/055_M_GA38_BW3245_PA42_DG13_PF0_D1_S03_2__055_M_GA38_BW3245_PA78_DG13_PF0_D1_S09_16,COph100/patient/055,COph100,xfeat_tps,ok,True,False,False,,3.0,4.900722351904912,0.0
9ec510aaca5384c6,COph100/055-1/055_M_GA38_BW3245_PA43_DG13_PF0_D1_S04_5__055_M_GA38_BW3245_PA44_DG13_PF0_D1_S05_6,COph100/patient/055,COph100,sift_h,ok,True,False,False,8.674683016525693,-0.9382536141039576,0.03604984260076575,0.0
6d3bb0eb9ca2ec26,COph100/055-1/055_M_GA38_BW3245_PA43_DG13_PF0_D1_S04_5__055_M_GA38_BW3245_PA44_DG13_PF0_D1_S05_6,COph100/patient/055,COph100,sp_lg_h,ok,True,False,False,9.146763488636193,-0.9612674495116119,0.029469284324457924,0.0
1b96a2b235b4e62d,COph100/055-1/055_M_GA38_BW3245_PA43_DG13_PF0_D1_S04_5__055_M_GA38_BW3245_PA44_DG13_PF0_D1_S05_6,COph100/patient/055,COph100,xfeat_h,ok,False,False,False,12.671438043663347,-1.1028259044641922,0.016441567771020023,0.0
305a3209d79f4f30,COph100/055-1/055_M_GA38_BW3245_PA43_DG13_PF0_D1_S04_5__055_M_GA38_BW3245_PA44_DG13_PF0_D1_S05_6,COph100/patient/055,COph100,xfeat_tps,ok,False,False,False,,3.0,5.1921216684255755,0.0
f0d7e32ba7846351,COph100/055-1/055_M_GA38_BW3245_PA43_DG13_PF0_D1_S04_5__055_M_GA38_BW3245_PA45_DG13_PF0_D1_S06_6,COph100/patient/055,COph100,sift_h,ok,True,True,True,0.0,3.0,58442860.91138315,0.205078125
77201b6c3d98090f,COph100/055-1/055_M_GA38_BW3245_PA43_DG13_PF0_D1_S04_5__055_M_GA38_BW3245_PA45_DG13_PF0_D1_S06_6,COph100/patient/055,COph100,sp_lg_h,ok,True,False,False,3.726939580098064,-0.5713523521735595,0.16430481851362053,0.0
7044150b13d2271e,COph100/055-1/055_M_GA38_BW3245_PA43_DG13_PF0_D1_S04_5__055_M_GA38_BW3245_PA45_DG13_PF0_D1_S06_6,COph100/patient/055,COph100,xfeat_h,ok,True,False,False,3.6502121382501684,-0.5623181049480467,0.19614400163525114,0.0
f1ca073d46db7f4b,COph100/055-1/055_M_GA38_BW3245_PA43_DG13_PF0_D1_S04_5__055_M_GA38_BW3245_PA45_DG13_PF0_D1_S06_6,COph100/patient/055,COph100,xfeat_tps,ok,False,False,False,,3.0,3.700588497901972,0.0
edaae844a0ca8663,COph100/055-1/055_M_GA38_BW3245_PA43_DG13_PF0_D1_S04_5__055_M_GA38_BW3245_PA47_DG13_PF0_D1_S07_7,COph100/patient/055,COph100,sift_h,ok,True,True,False,0.0,3.0,445.6549523523598,0.958984375
fc839a9ff5853057,COph100/055-1/055_M_GA38_BW3245_PA43_DG13_PF0_D1_S04_5__055_M_GA38_BW3245_PA47_DG13_PF0_D1_S07_7,COph100/patient/055,COph100,sp_lg_h,ok,True,False,False,6.558626458450706,-0.8168128966966242,0.0603429482227705,0.0
37f368b8288c9a5f,COph100/055-1/055_M_GA38_BW3245_PA43_DG13_PF0_D1_S04_5__055_M_GA38_BW3245_PA47_DG13_PF0_D1_S07_7,COph100/patient/055,COph100,xfeat_h,ok,True,False,False,4.902117809489287,-0.6903837441654088,0.09810615287976357,0.0
0fcf88f48bedbce7,COph100/055-1/055_M_GA38_BW3245_PA43_DG13_PF0_D1_S04_5__055_M_GA38_BW3245_PA47_DG13_PF0_D1_S07_7,COph100/patient/055,COph100,xfeat_tps,ok,False,False,False,,3.0,4.683958782633942,0.0
d662c881c767863a,COph100/055-1/055_M_GA38_BW3245_PA43_DG13_PF0_D1_S04_5__055_M_GA38_BW3245_PA53_DG13_PF0_D1_S08_2,COph100/patient/055,COph100,sift_h,ok,True,False,False,0.12835696974262745,0.8915805443000447,41.01928089049348,0.0
febce09d87f44c49,COph100/055-1/055_M_GA38_BW3245_PA43_DG13_PF0_D1_S04_5__055_M_GA38_BW3245_PA53_DG13_PF0_D1_S08_2,COph100/patient/055,COph100,sp_lg_h,ok,True,False,False,3.0746654150634996,-0.4877978627788862,0.23016334424193483,0.0
1e5af88da57c1298,COph100/055-1/055_M_GA38_BW3245_PA43_DG13_PF0_D1_S04_5__055_M_GA38_BW3245_PA53_DG13_PF0_D1_S08_2,COph100/patient/055,COph100,xfeat_h,ok,True,False,False,11.055082305656493,-1.043561980271529,0.02056114493230642,0.0
51ce2f0e6d3a4ed4,COph100/055-1/055_M_GA38_BW3245_PA43_DG13_PF0_D1_S04_5__055_M_GA38_BW3245_PA53_DG13_PF0_D1_S08_2,COph100/patient/055,COph100,xfeat_tps,ok,False,False,False,,3.0,4.139171765109733,0.0
ba54527a27dc714f,COph100/055-1/055_M_GA38_BW3245_PA43_DG13_PF0_D1_S04_5__055_M_GA38_BW3245_PA78_DG13_PF0_D1_S09_16,COph100/patient/055,COph100,sift_h,ok,True,True,True,0.0,3.0,32604.20213481674,0.640625
7513b2d8fa95fa5d,COph100/055-1/055_M_GA38_BW3245_PA43_DG13_PF0_D1_S04_5__055_M_GA38_BW3245_PA78_DG13_PF0_D1_S09_16,COph100/patient/055,COph100,sp_lg_h,ok,True,False,False,2.565920775392643,-0.40924324309854815,0.3511875773225168,0.0
035d837fb15216cf,COph100/055-1/055_M_GA38_BW3245_PA43_DG13_PF0_D1_S04_5__055_M_GA38_BW3245_PA78_DG13_PF0_D1_S09_16,COph100/patient/055,COph100,xfeat_h,ok,True,False,False,1.9066182044407645,-0.280263735361069,0.6074382659549205,0.0
6645a892f28b6a53,COph100/055-1/055_M_GA38_BW3245_PA43_DG13_PF0_D1_S04_5__055_M_GA38_BW3245_PA78_DG13_PF0_D1_S09_16,COph100/patient/055,COph100,xfeat_tps,ok,True,False,False,,3.0,3.805885669537977,0.0
15996807f38cfdc2,COph100/055-1/055_M_GA38_BW3245_PA44_DG13_PF0_D1_S05_6__055_M_GA38_BW3245_PA45_DG13_PF0_D1_S06_6,COph100/patient/055,COph100,sift_h,ok,True,True,True,0.0,3.0,80022458.7196255,0.5146484375
9ace48abe62ac747,COph100/055-1/055_M_GA38_BW3245_PA44_DG13_PF0_D1_S05_6__055_M_GA38_BW3245_PA45_DG13_PF0_D1_S06_6,COph100/patient/055,COph100,sp_lg_h,ok,False,False,False,13.224878267048638,-1.1213916831123378,0.016784208533695253,0.0
7d25c8aec5469c7f,COph100/055-1/055_M_GA38_BW3245_PA44_DG13_PF0_D1_S05_6__055_M_GA38_BW3245_PA45_DG13_PF0_D1_S06_6,COph100/patient/055,COph100,xfeat_h,ok,False,False,False,20.351795832159407,-1.3086027371772766,0.007114018078709965,0.0
092703663a149caf,COph100/055-1/055_M_GA38_BW3245_PA44_DG13_PF0_D1_S05_6__055_M_GA38_BW3245_PA45_DG13_PF0_D1_S06_6,COph100/patient/055,COph100,xfeat_tps,ok,True,False,False,,3.0,3.759601549665639,0.0
c0a6ec31337fd9af,COph100/055-1/055_M_GA38_BW3245_PA44_DG13_PF0_D1_S05_6__055_M_GA38_BW3245_PA47_DG13_PF0_D1_S07_7,COph100/patient/055,COph100,sift_h,ok,True,True,False,0.0,3.0,5.412624685083252,0.9208984375
c3ec3c025d4ccfa2,COph100/055-1/055_M_GA38_BW3245_PA44_DG13_PF0_D1_S05_6__055_M_GA38_BW3245_PA47_DG13_PF0_D1_S07_7,COph100/patient/055,COph100,sp_lg_h,ok,True,False,False,7.592575729147535,-0.8803891323106684,0.04355884446577517,0.0
361b9989040cf4a0,COph100/055-1/055_M_GA38_BW3245_PA44_DG13_PF0_D1_S05_6__055_M_GA38_BW3245_PA47_DG13_PF0_D1_S07_7,COph100/patient/055,COph100,xfeat_h,ok,True,False,False,11.27543335992227,-1.052133242541672,0.020402821512683772,0.0
433d05dc1f7d3de4,COph100/055-1/055_M_GA38_BW3245_PA44_DG13_PF0_D1_S05_6__055_M_GA38_BW3245_PA47_DG13_PF0_D1_S07_7,COph100/patient/055,COph100,xfeat_tps,ok,False,False,False,,3.0,5.745776053791835,0.0
dc820436346ff359,COph100/055-1/055_M_GA38_BW3245_PA44_DG13_PF0_D1_S05_6__055_M_GA38_BW3245_PA53_DG13_PF0_D1_S08_2,COph100/patient/055,COph100,sift_h,ok,True,True,True,0.0,3.0,212245781.0576278,0.6259765625
2851bb9b325114c6,COph100/055-1/055_M_GA38_BW3245_PA44_DG13_PF0_D1_S05_6__055_M_GA38_BW3245_PA53_DG13_PF0_D1_S08_2,COph100/patient/055,COph100,sp_lg_h,ok,False,False,False,6.640146656964548,-0.8221776714775151,0.05458865173854935,0.0
02f4a401b05783fd,COph100/055-1/055_M_GA38_BW3245_PA44_DG13_PF0_D1_S05_6__055_M_GA38_BW3245_PA53_DG13_PF0_D1_S08_2,COph100/patient/055,COph100,xfeat_h,ok,False,False,False,6.239480949970077,-0.7951484630895215,0.06376782926481989,0.0
70776214da197370,COph100/055-1/055_M_GA38_BW3245_PA44_DG13_PF0_D1_S05_6__055_M_GA38_BW3245_PA53_DG13_PF0_D1_S08_2,COph100/patient/055,COph100,xfeat_tps,ok,False,False,False,,3.0,8.566394392395374,0.0
dc7840acd4a8f12e,COph100/055-1/055_M_GA38_BW3245_PA44_DG13_PF0_D1_S05_6__055_M_GA38_BW3245_PA78_DG13_PF0_D1_S09_16,COph100/patient/055,COph100,sift_h,ok,True,True,False,0.0,3.0,283081.1007342188,0.025390625
81452cd1e0cc2c59,COph100/055-1/055_M_GA38_BW3245_PA44_DG13_PF0_D1_S05_6__055_M_GA38_BW3245_PA78_DG13_PF0_D1_S09_16,COph100/patient/055,COph100,sp_lg_h,ok,True,False,False,1.880675224549506,-0.2743138033312542,0.5671378285085639,0.0
fcd293fa3cfdeb53,COph100/055-1/055_M_GA38_BW3245_PA44_DG13_PF0_D1_S05_6__055_M_GA38_BW3245_PA78_DG13_PF0_D1_S09_16,COph100/patient/055,COph100,xfeat_h,ok,True,False,False,0.38359327479239697,0.41612901554244475,13.263708214461083,0.0
25434f024a791ea5,COph100/055-1/055_M_GA38_BW3245_PA44_DG13_PF0_D1_S05_6__055_M_GA38_BW3245_PA78_DG13_PF0_D1_S09_16,COph100/patient/055,COph100,xfeat_tps,ok,True,False,False,,3.0,7.010735017681128,0.0
ed330b1bc011804f,COph100/055-1/055_M_GA38_BW3245_PA45_DG13_PF0_D1_S06_6__055_M_GA38_BW3245_PA47_DG13_PF0_D1_S07_7,COph100/patient/055,COph100,sift_h,invalid_transform,True,False,False,,3.0,,
4aa81052d27f3e78,COph100/055-1/055_M_GA38_BW3245_PA45_DG13_PF0_D1_S06_6__055_M_GA38_BW3245_PA47_DG13_PF0_D1_S07_7,COph100/patient/055,COph100,sp_lg_h,ok,False,False,False,4.134021855760602,-0.6163727683268612,0.11697189809129846,0.0
c6a7cb6a5c2f4dbc,COph100/055-1/055_M_GA38_BW3245_PA45_DG13_PF0_D1_S06_6__055_M_GA38_BW3245_PA47_DG13_PF0_D1_S07_7,COph100/patient/055,COph100,xfeat_h,ok,False,False,False,19.185905046788903,-1.2829822907668296,0.00723805216617502,0.0
489846cbf323ae29,COph100/055-1/055_M_GA38_BW3245_PA45_DG13_PF0_D1_S06_6__055_M_GA38_BW3245_PA47_DG13_PF0_D1_S07_7,COph100/patient/055,COph100,xfeat_tps,ok,False,False,False,,3.0,6.412558159129489,0.0
14eb9946c64629bf,COph100/055-1/055_M_GA38_BW3245_PA45_DG13_PF0_D1_S06_6__055_M_GA38_BW3245_PA53_DG13_PF0_D1_S08_2,COph100/patient/055,COph100,sift_h,ok,True,False,False,15.767043591799638,-1.1977502683362466,0.010636723411557483,0.0
c321c171e1cbfa6b,COph100/055-1/055_M_GA38_BW3245_PA45_DG13_PF0_D1_S06_6__055_M_GA38_BW3245_PA53_DG13_PF0_D1_S08_2,COph100/patient/055,COph100,sp_lg_h,ok,False,False,False,13.284150682338922,-1.1233337931637133,0.013081211642525589,0.0
3b2d7b86a93594f1,COph100/055-1/055_M_GA38_BW3245_PA45_DG13_PF0_D1_S06_6__055_M_GA38_BW3245_PA53_DG13_PF0_D1_S08_2,COph100/patient/055,COph100,xfeat_h,ok,False,False,False,12.513041343960037,-1.0973628795070778,0.015444523125294343,0.0
cb0f2228a8efbaa2,COph100/055-1/055_M_GA38_BW3245_PA45_DG13_PF0_D1_S06_6__055_M_GA38_BW3245_PA53_DG13_PF0_D1_S08_2,COph100/patient/055,COph100,xfeat_tps,ok,False,False,False,,3.0,7.714464702264411,0.0
8aa712cac5e2ea65,COph100/055-1/055_M_GA38_BW3245_PA45_DG13_PF0_D1_S06_6__055_M_GA38_BW3245_PA78_DG13_PF0_D1_S09_16,COph100/patient/055,COph100,sift_h,ok,True,True,True,0.0,3.0,26769817.911819402,0.87109375
fce0cca4a0f8c185,COph100/055-1/055_M_GA38_BW3245_PA45_DG13_PF0_D1_S06_6__055_M_GA38_BW3245_PA78_DG13_PF0_D1_S09_16,COph100/patient/055,COph100,sp_lg_h,ok,True,False,False,0.8414498223417473,0.07497177693097606,2.2638427625850985,0.0
7e85f797aba89628,COph100/055-1/055_M_GA38_BW3245_PA45_DG13_PF0_D1_S06_6__055_M_GA38_BW3245_PA78_DG13_PF0_D1_S09_16,COph100/patient/055,COph100,xfeat_h,ok,True,False,False,2.4264860528300503,-0.38497779938245813,0.2798675628827376,0.0
4c7ca670e0a7414f,COph100/055-1/055_M_GA38_BW3245_PA45_DG13_PF0_D1_S06_6__055_M_GA38_BW3245_PA78_DG13_PF0_D1_S09_16,COph100/patient/055,COph100,xfeat_tps,ok,True,False,False,,3.0,4.357135316873585,0.0
a840fd6f31f8b2a2,COph100/055-1/055_M_GA38_BW3245_PA47_DG13_PF0_D1_S07_7__055_M_GA38_BW3245_PA53_DG13_PF0_D1_S08_2,COph100/patient/055,COph100,sift_h,ok,True,True,True,0.0,3.0,66520.73661671823,0.5380859375
4cc2fae7850fd21c,COph100/055-1/055_M_GA38_BW3245_PA47_DG13_PF0_D1_S07_7__055_M_GA38_BW3245_PA53_DG13_PF0_D1_S08_2,COph100/patient/055,COph100,sp_lg_h,ok,False,False,False,35.49410582172553,-1.5501562397697386,0.0021034835231194112,0.0
09cedee91279e051,COph100/055-1/055_M_GA38_BW3245_PA47_DG13_PF0_D1_S07_7__055_M_GA38_BW3245_PA53_DG13_PF0_D1_S08_2,COph100/patient/055,COph100,xfeat_h,ok,False,False,False,3.478745837433569,-0.5414226996782221,0.15892235371332117,0.0
811e1867ddbac5e4,COph100/055-1/055_M_GA38_BW3245_PA47_DG13_PF0_D1_S07_7__055_M_GA38_BW3245_PA53_DG13_PF0_D1_S08_2,COph100/patient/055,COph100,xfeat_tps,ok,False,False,False,,3.0,7.4985527537035965,0.0
09c80097db76d1fe,COph100/055-1/055_M_GA38_BW3245_PA47_DG13_PF0_D1_S07_7__055_M_GA38_BW3245_PA78_DG13_PF0_D1_S09_16,COph100/patient/055,COph100,sift_h,ok,True,True,True,0.0,3.0,2050542.4800847871,0.58203125
b019098c1d2a3fb9,COph100/055-1/055_M_GA38_BW3245_PA47_DG13_PF0_D1_S07_7__055_M_GA38_BW3245_PA78_DG13_PF0_D1_S09_16,COph100/patient/055,COph100,sp_lg_h,ok,True,False,False,2.075927791385988,-0.31721224303575973,0.39497343487750897,0.0
38ae6010f035ecff,COph100/055-1/055_M_GA38_BW3245_PA47_DG13_PF0_D1_S07_7__055_M_GA38_BW3245_PA78_DG13_PF0_D1_S09_16,COph100/patient/055,COph100,xfeat_h,ok,True,False,False,1.3177002421446002,-0.11981662574449674,1.1613741518281608,0.0
ef6dd9dbc95606b6,COph100/055-1/055_M_GA38_BW3245_PA47_DG13_PF0_D1_S07_7__055_M_GA38_BW3245_PA78_DG13_PF0_D1_S09_16,COph100/patient/055,COph100,xfeat_tps,ok,True,False,False,,3.0,4.625896999448756,0.0
f078a03bbc9e253d,COph100/055-1/055_M_GA38_BW3245_PA53_DG13_PF0_D1_S08_2__055_M_GA38_BW3245_PA78_DG13_PF0_D1_S09_16,COph100/patient/055,COph100,sift_h,ok,True,True,False,0.0,3.0,1.3220876749993273,0.0263671875
3f40c6d4e10f4401,COph100/055-1/055_M_GA38_BW3245_PA53_DG13_PF0_D1_S08_2__055_M_GA38_BW3245_PA78_DG13_PF0_D1_S09_16,COph100/patient/055,COph100,sp_lg_h,ok,True,False,False,3.5892650741373204,-0.5550055330014213,0.1584982573820226,0.0
9eb9deda7d157c54,COph100/055-1/055_M_GA38_BW3245_PA53_DG13_PF0_D1_S08_2__055_M_GA38_BW3245_PA78_DG13_PF0_D1_S09_16,COph100/patient/055,COph100,xfeat_h,ok,True,False,False,1.162899327090916,-0.0655421192156845,1.01112587130928,0.0
c757252b94ec4878,COph100/055-1/055_M_GA38_BW3245_PA53_DG13_PF0_D1_S08_2__055_M_GA38_BW3245_PA78_DG13_PF0_D1_S09_16,COph100/patient/055,COph100,xfeat_tps,ok,True,False,False,,3.0,6.4230482387378505,0.0
4a57f88164929bf0,COph100/055/055_M_GA38_BW3245_PA40_DG13_PF0_D1_S01_3__055_M_GA38_BW3245_PA41_DG13_PF0_D1_S02_1,COph100/patient/055,COph100,sift_h,ok,True,True,False,0.0,3.0,164.9755981521436,0.96875
748169cdf4dcde37,COph100/055/055_M_GA38_BW3245_PA40_DG13_PF0_D1_S01_3__055_M_GA38_BW3245_PA41_DG13_PF0_D1_S02_1,COph100/patient/055,COph100,sp_lg_h,ok,True,False,False,3.308079318235276,-0.5195759141389479,0.18377808787294747,0.0
c3cf4130b2b67818,COph100/055/055_M_GA38_BW3245_PA40_DG13_PF0_D1_S01_3__055_M_GA38_BW3245_PA41_DG13_PF0_D1_S02_1,COph100/patient/055,COph100,xfeat_h,ok,True,False,False,5.269134075780956,-0.7217392495560858,0.07455095811356487,0.0
4ddf19fe539860fc,COph100/055/055_M_GA38_BW3245_PA40_DG13_PF0_D1_S01_3__055_M_GA38_BW3245_PA41_DG13_PF0_D1_S02_1,COph100/patient/055,COph100,xfeat_tps,ok,False,False,False,,3.0,6.061682645815636,0.0
5c992155985b9282,COph100/055/055_M_GA38_BW3245_PA40_DG13_PF0_D1_S01_3__055_M_GA38_BW3245_PA42_DG13_PF0_D1_S03_6,COph100/patient/055,COph100,sift_h,ok,True,False,False,0.0763712260035588,1.117070237519614,329.274936098611,1.0
f8e5c956e60eca45,COph100/055/055_M_GA38_BW3245_PA40_DG13_PF0_D1_S01_3__055_M_GA38_BW3245_PA42_DG13_PF0_D1_S03_6,COph100/patient/055,COph100,sp_lg_h,ok,True,False,False,1.3384858058786362,-0.12661377002331056,0.5848291943886003,0.0
2dcb459734f3674b,COph100/055/055_M_GA38_BW3245_PA40_DG13_PF0_D1_S01_3__055_M_GA38_BW3245_PA42_DG13_PF0_D1_S03_6,COph100/patient/055,COph100,xfeat_h,ok,True,False,False,4.630708147983197,-0.6656474102932738,0.09488503844306373,0.0
944679bc635ed6b2,COph100/055/055_M_GA38_BW3245_PA40_DG13_PF0_D1_S01_3__055_M_GA38_BW3245_PA42_DG13_PF0_D1_S03_6,COph100/patient/055,COph100,xfeat_tps,ok,True,False,False,,3.0,6.673114001223135,0.0
4b5c1f67ca363e22,COph100/055/055_M_GA38_BW3245_PA40_DG13_PF0_D1_S01_3__055_M_GA38_BW3245_PA43_DG13_PF0_D1_S04_13,COph100/patient/055,COph100,sift_h,ok,True,True,True,0.0,3.0,145118416.8618646,0.9404296875
ce169c706c9a3113,COph100/055/055_M_GA38_BW3245_PA40_DG13_PF0_D1_S01_3__055_M_GA38_BW3245_PA43_DG13_PF0_D1_S04_13,COph100/patient/055,COph100,sp_lg_h,ok,True,False,False,2.9680143968045543,-0.4724660032234351,0.20479679718231286,0.0
43af92e85408cdb4,COph100/055/055_M_GA38_BW3245_PA40_DG13_PF0_D1_S01_3__055_M_GA38_BW3245_PA43_DG13_PF0_D1_S04_13,COph100/patient/055,COph100,xfeat_h,ok,True,False,False,32.35557860082918,-1.509949170528201,0.0026962184896814735,0.0
c2b11187f1a0cb15,COph100/055/055_M_GA38_BW3245_PA40_DG13_PF0_D1_S01_3__055_M_GA38_BW3245_PA43_DG13_PF0_D1_S04_13,COph100/patient/055,COph100,xfeat_tps,ok,True,False,False,,3.0,3.1487005925144933,0.0
f60688f895ac3ded,COph100/055/055_M_GA38_BW3245_PA40_DG13_PF0_D1_S01_3__055_M_GA38_BW3245_PA44_DG13_PF0_D1_S05_1,COph100/patient/055,COph100,sift_h,ok,True,True,True,0.0,3.0,1102805.931770397,0.443359375
9afa4583f93f2bf4,COph100/055/055_M_GA38_BW3245_PA40_DG13_PF0_D1_S01_3__055_M_GA38_BW3245_PA44_DG13_PF0_D1_S05_1,COph100/patient/055,COph100,sp_lg_h,ok,True,False,False,0.41191608709850785,0.3851912466410993,4.3802910793678915,0.0
b40ad6deed845a8d,COph100/055/055_M_GA38_BW3245_PA40_DG13_PF0_D1_S01_3__055_M_GA38_BW3245_PA44_DG13_PF0_D1_S05_1,COph100/patient/055,COph100,xfeat_h,ok,True,False,False,3.704802953806727,-0.5687651142451359,0.1437654804244849,0.0
555e9a4e9ffcd94c,COph100/055/055_M_GA38_BW3245_PA40_DG13_PF0_D1_S01_3__055_M_GA38_BW3245_PA44_DG13_PF0_D1_S05_1,COph100/patient/055,COph100,xfeat_tps,ok,True,False,False,,3.0,7.822064726802849,0.0
58747482a359a97a,COph100/055/055_M_GA38_BW3245_PA40_DG13_PF0_D1_S01_3__055_M_GA38_BW3245_PA45_DG13_PF0_D1_S06_7,COph100/patient/055,COph100,sift_h,ok,True,False,False,3.273275093806377,-0.5149825059806689,0.1872755301428091,0.0
a62ab5deaccd8075,COph100/055/055_M_GA38_BW3245_PA40_DG13_PF0_D1_S01_3__055_M_GA38_BW3245_PA45_DG13_PF0_D1_S06_7,COph100/patient/055,COph100,sp_lg_h,ok,True,False,False,0.17270429888475497,0.7626968520174217,119.36796757266775,0.0
70ee8a14bc197e6e,COph100/055/055_M_GA38_BW3245_PA40_DG13_PF0_D1_S01_3__055_M_GA38_BW3245_PA45_DG13_PF0_D1_S06_7,COph100/patient/055,COph100,xfeat_h,ok,True,False,False,25.69692681701395,-1.4098811876807813,0.004191846708794274,0.0
5a384aab5f85b542,COph100/055/055_M_GA38_BW3245_PA40_DG13_PF0_D1_S01_3__055_M_GA38_BW3245_PA45_DG13_PF0_D1_S06_7,COph100/patient/055,COph100,xfeat_tps,ok,True,False,False,,3.0,6.989594722284171,0.0
4e03c1425b26cfa0,COph100/055/055_M_GA38_BW3245_PA40_DG13_PF0_D1_S01_3__055_M_GA38_BW3245_PA47_DG13_PF0_D1_S07_4,COph100/patient/055,COph100,sift_h,ok,True,True,False,0.0,3.0,29153.885407510494,0.0302734375
3ddedf7950891f5f,COph100/055/055_M_GA38_BW3245_PA40_DG13_PF0_D1_S01_3__055_M_GA38_BW3245_PA47_DG13_PF0_D1_S07_4,COph100/patient/055,COph100,sp_lg_h,ok,True,False,False,1.8388023467749763,-0.26453504934778044,0.5508676658140127,0.0
ad84f07b79777b9c,COph100/055/055_M_GA38_BW3245_PA40_DG13_PF0_D1_S01_3__055_M_GA38_BW3245_PA47_DG13_PF0_D1_S07_4,COph100/patient/055,COph100,xfeat_h,ok,True,False,False,18.148228925884215,-1.2588342489178284,0.0087695361881641,0.0
4261dcf28e28c313,COph100/055/055_M_GA38_BW3245_PA40_DG13_PF0_D1_S01_3__055_M_GA38_BW3245_PA47_DG13_PF0_D1_S07_4,COph100/patient/055,COph100,xfeat_tps,ok,True,False,False,,3.0,7.327927672059137,0.0
038f31fa88fe1d88,COph100/055/055_M_GA38_BW3245_PA40_DG13_PF0_D1_S01_3__055_M_GA38_BW3245_PA53_DG13_PF0_D1_S08_7,COph100/patient/055,COph100,sift_h,ok,True,True,True,0.0,3.0,122213.04671778096,0.2353515625
8ed14fb063327bae,COph100/055/055_M_GA38_BW3245_PA40_DG13_PF0_D1_S01_3__055_M_GA38_BW3245_PA53_DG13_PF0_D1_S08_7,COph100/patient/055,COph100,sp_lg_h,ok,True,True,False,0.0,3.0,2501044028.0221753,0.0185546875
c036637f8388aa77,COph100/055/055_M_GA38_BW3245_PA40_DG13_PF0_D1_S01_3__055_M_GA38_BW3245_PA53_DG13_PF0_D1_S08_7,COph100/patient/055,COph100,xfeat_h,ok,True,False,False,2.4059902023005004,-0.38129385446870884,0.8121587269336343,0.0
868312ca8b7e6378,COph100/055/055_M_GA38_BW3245_PA40_DG13_PF0_D1_S01_3__055_M_GA38_BW3245_PA53_DG13_PF0_D1_S08_7,COph100/patient/055,COph100,xfeat_tps,ok,True,False,False,,3.0,2.671604073422902,0.0
f5dedac9e2cd3e39,COph100/055/055_M_GA38_BW3245_PA40_DG13_PF0_D1_S01_3__055_M_GA38_BW3245_PA78_DG13_PF0_D1_S09_6,COph100/patient/055,COph100,sift_h,ok,True,True,True,0.0,3.0,2165976254.544706,0.455078125
22d94c0f69c59c37,COph100/055/055_M_GA38_BW3245_PA40_DG13_PF0_D1_S01_3__055_M_GA38_BW3245_PA78_DG13_PF0_D1_S09_6,COph100/patient/055,COph100,sp_lg_h,ok,True,False,False,0.039477236005918,1.4036532620155553,68.32882032558636,0.0
870f78e273326a1e,COph100/055/055_M_GA38_BW3245_PA40_DG13_PF0_D1_S01_3__055_M_GA38_BW3245_PA78_DG13_PF0_D1_S09_6,COph100/patient/055,COph100,xfeat_h,ok,True,False,False,0.3331770320746932,0.4773249448013455,10.438018569983239,0.0
d23a3fc7395a5b56,COph100/055/055_M_GA38_BW3245_PA40_DG13_PF0_D1_S01_3__055_M_GA38_BW3245_PA78_DG13_PF0_D1_S09_6,COph100/patient/055,COph100,xfeat_tps,ok,True,False,False,,3.0,6.56688174254512,0.0
bded9e1d66f3bbec,COph100/055/055_M_GA38_BW3245_PA41_DG13_PF0_D1_S02_1__055_M_GA38_BW3245_PA42_DG13_PF0_D1_S03_6,COph100/patient/055,COph100,sift_h,invalid_transform,True,False,False,,3.0,,
754602f1d8fec8c4,COph100/055/055_M_GA38_BW3245_PA41_DG13_PF0_D1_S02_1__055_M_GA38_BW3245_PA42_DG13_PF0_D1_S03_6,COph100/patient/055,COph100,sp_lg_h,ok,False,False,False,56.221559253064385,-1.749902886195137,0.0009244309583940807,0.0
4933d2eebb202df8,COph100/055/055_M_GA38_BW3245_PA41_DG13_PF0_D1_S02_1__055_M_GA38_BW3245_PA42_DG13_PF0_D1_S03_6,COph100/patient/055,COph100,xfeat_h,ok,False,False,False,22.476745492771695,-1.3517334280334605,0.005585057454280633,0.0
5fc5934280abaf75,COph100/055/055_M_GA38_BW3245_PA41_DG13_PF0_D1_S02_1__055_M_GA38_BW3245_PA42_DG13_PF0_D1_S03_6,COph100/patient/055,COph100,xfeat_tps,ok,False,False,False,,3.0,14.614291876726135,0.0
08aec623b4c80d50,COph100/055/055_M_GA38_BW3245_PA41_DG13_PF0_D1_S02_1__055_M_GA38_BW3245_PA43_DG13_PF0_D1_S04_13,COph100/patient/055,COph100,sift_h,invalid_transform,True,False,False,,3.0,,
7ac72631188c5221,COph100/055/055_M_GA38_BW3245_PA41_DG13_PF0_D1_S02_1__055_M_GA38_BW3245_PA43_DG13_PF0_D1_S04_13,COph100/patient/055,COph100,sp_lg_h,ok,True,False,False,1.8074826246055797,-0.2570741310984148,0.4168066584598774,0.0
d8360fb701452c6f,COph100/055/055_M_GA38_BW3245_PA41_DG13_PF0_D1_S02_1__055_M_GA38_BW3245_PA43_DG13_PF0_D1_S04_13,COph100/patient/055,COph100,xfeat_h,ok,False,False,False,8.323178545418873,-0.920289211040312,0.03980035745991623,0.0
0a683d7e81eb91ef,COph100/055/055_M_GA38_BW3245_PA41_DG13_PF0_D1_S02_1__055_M_GA38_BW3245_PA43_DG13_PF0_D1_S04_13,COph100/patient/055,COph100,xfeat_tps,ok,True,False,False,,3.0,6.372554541749544,0.0
7c27ebb4f1375a90,COph100/055/055_M_GA38_BW3245_PA41_DG13_PF0_D1_S02_1__055_M_GA38_BW3245_PA44_DG13_PF0_D1_S05_1,COph100/patient/055,COph100,sift_h,ok,True,True,True,0.0,3.0,103359064.34435952,0.0908203125
dd1054e3cd41135f,COph100/055/055_M_GA38_BW3245_PA41_DG13_PF0_D1_S02_1__055_M_GA38_BW3245_PA44_DG13_PF0_D1_S05_1,COph100/patient/055,COph100,sp_lg_h,ok,True,False,False,1.7435704400344998,-0.24143949751086494,0.7651080652610766,0.0
fd6f53bd313bb06f,COph100/055/055_M_GA38_BW3245_PA41_DG13_PF0_D1_S02_1__055_M_GA38_BW3245_PA44_DG13_PF0_D1_S05_1,COph100/patient/055,COph100,xfeat_h,ok,True,False,False,8.244595540800809,-0.9161693551040214,0.03908668668470984,0.0
5cc1ef4b5f83806b,COph100/055/055_M_GA38_BW3245_PA41_DG13_PF0_D1_S02_1__055_M_GA38_BW3245_PA44_DG13_PF0_D1_S05_1,COph100/patient/055,COph100,xfeat_tps,ok,False,False,False,,3.0,6.077223574755091,0.0
9722e642b2fcfe00,COph100/055/055_M_GA38_BW3245_PA41_DG13_PF0_D1_S02_1__055_M_GA38_BW3245_PA45_DG13_PF0_D1_S06_7,COph100/patient/055,COph100,sift_h,ok,True,True,True,0.0,3.0,4068996685.6999054,0.3974609375
42577a093769d095,COph100/055/055_M_GA38_BW3245_PA41_DG13_PF0_D1_S02_1__055_M_GA38_BW3245_PA45_DG13_PF0_D1_S06_7,COph100/patient/055,COph100,sp_lg_h,ok,False,False,False,16.50063092028404,-1.2175005502720495,0.009678615497356952,0.0
e5e8316005e3907d,COph100/055/055_M_GA38_BW3245_PA41_DG13_PF0_D1_S02_1__055_M_GA38_BW3245_PA45_DG13_PF0_D1_S06_7,COph100/patient/055,COph100,xfeat_h,ok,True,False,False,6.444656821787739,-0.8091997961080367,0.06433007799002308,0.0
d255bbdc54fbf000,COph100/055/055_M_GA38_BW3245_PA41_DG13_PF0_D1_S02_1__055_M_GA38_BW3245_PA45_DG13_PF0_D1_S06_7,COph100/patient/055,COph100,xfeat_tps,ok,False,False,False,,3.0,10.96154709658359,0.0
1da1deaa60e01285,COph100/055/055_M_GA38_BW3245_PA41_DG13_PF0_D1_S02_1__055_M_GA38_BW3245_PA47_DG13_PF0_D1_S07_4,COph100/patient/055,COph100,sift_h,ok,True,True,False,0.0,3.0,85.77413673929722,0.9794921875
d1361033a79c5667,COph100/055/055_M_GA38_BW3245_PA41_DG13_PF0_D1_S02_1__055_M_GA38_BW3245_PA47_DG13_PF0_D1_S07_4,COph100/patient/055,COph100,sp_lg_h,ok,True,False,False,2.779129791310718,-0.44390882973303164,0.2363184291182651,0.0
1ff6f1095391fbf6,COph100/055/055_M_GA38_BW3245_PA41_DG13_PF0_D1_S02_1__055_M_GA38_BW3245_PA47_DG13_PF0_D1_S07_4,COph100/patient/055,COph100,xfeat_h,ok,True,False,False,3.4032991175148384,-0.5319001211138109,0.15335482299754327,0.0
c72af52efec5d396,COph100/055/055_M_GA38_BW3245_PA41_DG13_PF0_D1_S02_1__055_M_GA38_BW3245_PA47_DG13_PF0_D1_S07_4,COph100/patient/055,COph100,xfeat_tps,ok,True,False,False,,3.0,10.518762722231314,0.0
6007c26fad128816,COph100/055/055_M_GA38_BW3245_PA41_DG13_PF0_D1_S02_1__055_M_GA38_BW3245_PA53_DG13_PF0_D1_S08_7,COph100/patient/055,COph100,sift_h,ok,True,True,False,0.0,3.0,112653.65147585009,0.0751953125
cf9843cd97d1c0b2,COph100/055/055_M_GA38_BW3245_PA41_DG13_PF0_D1_S02_1__055_M_GA38_BW3245_PA53_DG13_PF0_D1_S08_7,COph100/patient/055,COph100,sp_lg_h,ok,True,False,False,6.91521820265219,-0.83980588838064,0.042855595243202524,0.0
49586a32b45f1d48,COph100/055/055_M_GA38_BW3245_PA41_DG13_PF0_D1_S02_1__055_M_GA38_BW3245_PA53_DG13_PF0_D1_S08_7,COph100/patient/055,COph100,xfeat_h,ok,True,False,False,36.82934747578282,-1.5661940243076071,0.001752314441012163,0.0
1bb67fc3c3665015,COph100/055/055_M_GA38_BW3245_PA41_DG13_PF0_D1_S02_1__055_M_GA38_BW3245_PA53_DG13_PF0_D1_S08_7,COph100/patient/055,COph100,xfeat_tps,ok,False,False,False,,3.0,8.111166449535183,0.0
f2da91808c7fbf67,COph100/055/055_M_GA38_BW3245_PA41_DG13_PF0_D1_S02_1__055_M_GA38_BW3245_PA78_DG13_PF0_D1_S09_6,COph100/patient/055,COph100,sift_h,invalid_transform,True,False,False,,3.0,,
7a372f46310a8751,COph100/055/055_M_GA38_BW3245_PA41_DG13_PF0_D1_S02_1__055_M_GA38_BW3245_PA78_DG13_PF0_D1_S09_6,COph100/patient/055,COph100,sp_lg_h,no_matches,True,False,False,,3.0,,
85b56539f97b5ea4,COph100/055/055_M_GA38_BW3245_PA41_DG13_PF0_D1_S02_1__055_M_GA38_BW3245_PA78_DG13_PF0_D1_S09_6,COph100/patient/055,COph100,xfeat_h,ok,True,False,False,0.6097047331987291,0.2148804334935616,2.637656903278757,0.0
a547817323b11a95,COph100/055/055_M_GA38_BW3245_PA41_DG13_PF0_D1_S02_1__055_M_GA38_BW3245_PA78_DG13_PF0_D1_S09_6,COph100/patient/055,COph100,xfeat_tps,ok,True,False,False,,3.0,5.166450601130181,0.0
670e370eb85e14e9,COph100/055/055_M_GA38_BW3245_PA42_DG13_PF0_D1_S03_6__055_M_GA38_BW3245_PA43_DG13_PF0_D1_S04_13,COph100/patient/055,COph100,sift_h,invalid_transform,True,False,False,,3.0,,
a5be3b6604579e86,COph100/055/055_M_GA38_BW3245_PA42_DG13_PF0_D1_S03_6__055_M_GA38_BW3245_PA43_DG13_PF0_D1_S04_13,COph100/patient/055,COph100,sp_lg_h,ok,False,False,False,14.728024730926457,-1.1681445047528753,0.01235630503254826,0.0
a837194c4648a6d9,COph100/055/055_M_GA38_BW3245_PA42_DG13_PF0_D1_S03_6__055_M_GA38_BW3245_PA43_DG13_PF0_D1_S04_13,COph100/patient/055,COph100,xfeat_h,ok,False,False,False,14.83245319753207,-1.1712129866345964,0.012319561576718444,0.0
04fdee493696b5c1,COph100/055/055_M_GA38_BW3245_PA42_DG13_PF0_D1_S03_6__055_M_GA38_BW3245_PA43_DG13_PF0_D1_S04_13,COph100/patient/055,COph100,xfeat_tps,ok,False,False,False,,3.0,6.791718831154592,0.0
79f9a5edbb719afb,COph100/055/055_M_GA38_BW3245_PA42_DG13_PF0_D1_S03_6__055_M_GA38_BW3245_PA44_DG13_PF0_D1_S05_1,COph100/patient/055,COph100,sift_h,ok,True,True,False,0.0,3.0,78981.53777376589,0.0263671875
15218c4d37f4e650,COph100/055/055_M_GA38_BW3245_PA42_DG13_PF0_D1_S03_6__055_M_GA38_BW3245_PA44_DG13_PF0_D1_S05_1,COph100/patient/055,COph100,sp_lg_h,ok,True,False,False,2.7805574464326837,-0.44413187204769616,0.30075236638298675,0.0
27dab1d3e55db8c9,COph100/055/055_M_GA38_BW3245_PA42_DG13_PF0_D1_S03_6__055_M_GA38_BW3245_PA44_DG13_PF0_D1_S05_1,COph100/patient/055,COph100,xfeat_h,ok,True,False,False,4.189790850411769,-0.6221923440213905,0.13647279826211817,0.0
aa1eb5f6c95572a9,COph100/055/055_M_GA38_BW3245_PA42_DG13_PF0_D1_S03_6__055_M_GA38_BW3245_PA44_DG13_PF0_D1_S05_1,COph100/patient/055,COph100,xfeat_tps,ok,False,False,False,,3.0,6.490473462208807,0.0
55aba4fbd7d7ce31,COph100/055/055_M_GA38_BW3245_PA42_DG13_PF0_D1_S03_6__055_M_GA38_BW3245_PA45_DG13_PF0_D1_S06_7,COph100/patient/055,COph100,sift_h,ok,True,True,False,0.0,3.0,53302975.7386993,0.9765625
1eb8fb6adb5f0b74,COph100/055/055_M_GA38_BW3245_PA42_DG13_PF0_D1_S03_6__055_M_GA38_BW3245_PA45_DG13_PF0_D1_S06_7,COph100/patient/055,COph100,sp_lg_h,ok,False,False,False,6.906178323363387,-0.8392377880089262,0.04596562374065575,0.0
ab5ad0aafeffc896,COph100/055/055_M_GA38_BW3245_PA42_DG13_PF0_D1_S03_6__055_M_GA38_BW3245_PA45_DG13_PF0_D1_S06_7,COph100/patient/055,COph100,xfeat_h,ok,False,False,False,7.4656224805208975,-0.8730660248654102,0.04325317183082822,0.0
56373bed0bd8b94a,COph100/055/055_M_GA38_BW3245_PA42_DG13_PF0_D1_S03_6__055_M_GA38_BW3245_PA45_DG13_PF0_D1_S06_7,COph100/patient/055,COph100,xfeat_tps,ok,False,False,False,,3.0,11.170738194971346,0.0
db50ee0c3aa91861,COph100/055/055_M_GA38_BW3245_PA42_DG13_PF0_D1_S03_6__055_M_GA38_BW3245_PA47_DG13_PF0_D1_S07_4,COph100/patient/055,COph100,sift_h,invalid_transform,True,False,False,,3.0,,
0fbf172cf97a6498,COph100/055/055_M_GA38_BW3245_PA42_DG13_PF0_D1_S03_6__055_M_GA38_BW3245_PA47_DG13_PF0_D1_S07_4,COph100/patient/055,COph100,sp_lg_h,ok,True,False,False,3.4211821866988297,-0.5341762020924574,0.1840687962589149,0.0
1584fb7688b3d0fa,COph100/055/055_M_GA38_BW3245_PA42_DG13_PF0_D1_S03_6__055_M_GA38_BW3245_PA47_DG13_PF0_D1_S07_4,COph100/patient/055,COph100,xfeat_h,ok,False,False,False,6.233871513927993,-0.7947578468071791,0.056610086001876246,0.0
c3a2ad9f8797372a,COph100/055/055_M_GA38_BW3245_PA42_DG13_PF0_D1_S03_6__055_M_GA38_BW3245_PA47_DG13_PF0_D1_S07_4,COph100/patient/055,COph100,xfeat_tps,ok,False,False,False,,3.0,11.079296605978701,0.0
240e17696d254c97,COph100/055/055_M_GA38_BW3245_PA42_DG13_PF0_D1_S03_6__055_M_GA38_BW3245_PA53_DG13_PF0_D1_S08_7,COph100/patient/055,COph100,sift_h,invalid_transform,True,False,False,,3.0,,
57f86d83bccd8224,COph100/055/055_M_GA38_BW3245_PA42_DG13_PF0_D1_S03_6__055_M_GA38_BW3245_PA53_DG13_PF0_D1_S08_7,COph100/patient/055,COph100,sp_lg_h,ok,True,False,False,2.235271733599013,-0.34933032622819954,0.40085152254202117,0.0
2985ea5883285d42,COph100/055/055_M_GA38_BW3245_PA42_DG13_PF0_D1_S03_6__055_M_GA38_BW3245_PA53_DG13_PF0_D1_S08_7,COph100/patient/055,COph100,xfeat_h,ok,True,False,False,7.440922185676675,-0.87162676287542,0.04003781719943156,0.0
e6f3978ca54122b6,COph100/055/055_M_GA38_BW3245_PA42_DG13_PF0_D1_S03_6__055_M_GA38_BW3245_PA53_DG13_PF0_D1_S08_7,COph100/patient/055,COph100,xfeat_tps,ok,False,False,False,,3.0,10.55312199820729,0.0
9a9c6b6fe6734785,COph100/055/055_M_GA38_BW3245_PA42_DG13_PF0_D1_S03_6__055_M_GA38_BW3245_PA78_DG13_PF0_D1_S09_6,COph100/patient/055,COph100,sift_h,ok,True,False,False,7.042985670488712,-0.8477568047867639,0.05026101518925163,0.0
b4ea7b000c3c98f0,COph100/055/055_M_GA38_BW3245_PA42_DG13_PF0_D1_S03_6__055_M_GA38_BW3245_PA78_DG13_PF0_D1_S09_6,COph100/patient/055,COph100,sp_lg_h,ok,True,False,False,0.2540385148098455,0.5951004349495517,6.568707146151393,0.0
92f0f609c160198a,COph100/055/055_M_GA38_BW3245_PA42_DG13_PF0_D1_S03_6__055_M_GA38_BW3245_PA78_DG13_PF0_D1_S09_6,COph100/patient/055,COph100,xfeat_h,ok,True,False,False,1.7291406726616787,-0.23783032634249227,0.3898777910679072,0.0
2a02c904426813cd,COph100/055/055_M_GA38_BW3245_PA42_DG13_PF0_D1_S03_6__055_M_GA38_BW3245_PA78_DG13_PF0_D1_S09_6,COph100/patient/055,COph100,xfeat_tps,ok,True,False,False,,3.0,6.694670076243677,0.0
d92271b9a30533c6,COph100/055/055_M_GA38_BW3245_PA43_DG13_PF0_D1_S04_13__055_M_GA38_BW3245_PA44_DG13_PF0_D1_S05_1,COph100/patient/055,COph100,sift_h,ok,True,True,True,0.0,3.0,601358058.0644069,0.896484375
0381fcd38c99a8a1,COph100/055/055_M_GA38_BW3245_PA43_DG13_PF0_D1_S04_13__055_M_GA38_BW3245_PA44_DG13_PF0_D1_S05_1,COph100/patient/055,COph100,sp_lg_h,ok,False,False,False,5.994120932986373,-0.7777255007048629,0.06793164304385108,0.0
8a55e357512454b7,COph100/055/055_M_GA38_BW3245_PA43_DG13_PF0_D1_S04_13__055_M_GA38_BW3245_PA44_DG13_PF0_D1_S05_1,COph100/patient/055,COph100,xfeat_h,ok,False,False,False,4.417511137865716,-0.6451776531663563,0.1211306609925292,0.0
3e5dad0baa8f17d9,COph100/055/055_M_GA38_BW3245_PA43_DG13_PF0_D1_S04_13__055_M_GA38_BW3245_PA44_DG13_PF0_D1_S05_1,COph100/patient/055,COph100,xfeat_tps,ok,False,False,False,,3.0,10.397325736605946,0.0
0d5c4689904553cc,COph100/055/055_M_GA38_BW3245_PA43_DG13_PF0_D1_S04_13__055_M_GA38_BW3245_PA45_DG13_PF0_D1_S06_7,COph100/patient/055,COph100,sift_h,ok,True,True,False,0.0,3.0,77.92031451022348,0.03125
cd01f29cdc5e8ad6,COph100/055/055_M_GA38_BW3245_PA43_DG13_PF0_D1_S04_13__055_M_GA38_BW3245_PA45_DG13_PF0_D1_S06_7,COph100/patient/055,COph100,sp_lg_h,ok,False,False,False,46.90547877258381,-1.6712235732424383,0.001202776113546254,0.0
f46b9c74b2379d29,COph100/055/055_M_GA38_BW3245_PA43_DG13_PF0_D1_S04_13__055_M_GA38_BW3245_PA45_DG13_PF0_D1_S06_7,COph100/patient/055,COph100,xfeat_h,ok,False,False,False,11.876514506489086,-1.0746890035492196,0.018151922998345817,0.0
8809d97a4edfa75e,COph100/055/055_M_GA38_BW3245_PA43_DG13_PF0_D1_S04_13__055_M_GA38_BW3245_PA45_DG13_PF0_D1_S06_7,COph100/patient/055,COph100,xfeat_tps,ok,False,False,False,,3.0,7.539351230157475,0.0
4c820063a7146ed0,COph100/055/055_M_GA38_BW3245_PA43_DG13_PF0_D1_S04_13__055_M_GA38_BW3245_PA47_DG13_PF0_D1_S07_4,COph100/patient/055,COph100,sift_h,ok,True,True,True,0.0,3.0,2451.797384163397,0.130859375
0c12bd5babe1da5c,COph100/055/055_M_GA38_BW3245_PA43_DG13_PF0_D1_S04_13__055_M_GA38_BW3245_PA47_DG13_PF0_D1_S07_4,COph100/patient/055,COph100,sp_lg_h,ok,False,False,False,5.189950980432682,-0.7151632559162557,0.08483905693197905,0.0
773763f94f4a16f3,COph100/055/055_M_GA38_BW3245_PA43_DG13_PF0_D1_S04_13__055_M_GA38_BW3245_PA47_DG13_PF0_D1_S07_4,COph100/patient/055,COph100,xfeat_h,ok,False,False,False,5.004545293816719,-0.6993646242015047,0.09188496081935968,0.0
4f58c804bca41ad6,COph100/055/055_M_GA38_BW3245_PA43_DG13_PF0_D1_S04_13__055_M_GA38_BW3245_PA47_DG13_PF0_D1_S07_4,COph100/patient/055,COph100,xfeat_tps,ok,False,False,False,,3.0,7.455234022422911,0.0
51b04d8a34e043e3,COph100/055/055_M_GA38_BW3245_PA43_DG13_PF0_D1_S04_13__055_M_GA38_BW3245_PA53_DG13_PF0_D1_S08_7,COph100/patient/055,COph100,sift_h,ok,True,True,False,0.0,3.0,0.002047684874160281,0.96875
65f097a80eebdaac,COph100/055/055_M_GA38_BW3245_PA43_DG13_PF0_D1_S04_13__055_M_GA38_BW3245_PA53_DG13_PF0_D1_S08_7,COph100/patient/055,COph100,sp_lg_h,ok,True,False,False,8.708422785568168,-0.9399395054611654,0.026373319732958714,0.0
3d5ce0552b9fddb6,COph100/055/055_M_GA38_BW3245_PA43_DG13_PF0_D1_S04_13__055_M_GA38_BW3245_PA53_DG13_PF0_D1_S08_7,COph100/patient/055,COph100,xfeat_h,ok,True,False,False,9.865055545611687,-0.9940995349085077,0.021472270388384673,0.0
cf034edb54a9f28e,COph100/055/055_M_GA38_BW3245_PA43_DG13_PF0_D1_S04_13__055_M_GA38_BW3245_PA53_DG13_PF0_D1_S08_7,COph100/patient/055,COph100,xfeat_tps,ok,True,False,False,,3.0,4.775037980696792,0.0
f298d1cf8e736564,COph100/055/055_M_GA38_BW3245_PA43_DG13_PF0_D1_S04_13__055_M_GA38_BW3245_PA78_DG13_PF0_D1_S09_6,COph100/patient/055,COph100,sift_h,ok,True,True,False,0.0,3.0,11.381949717696024,0.96875
2541e8913ecb495c,COph100/055/055_M_GA38_BW3245_PA43_DG13_PF0_D1_S04_13__055_M_GA38_BW3245_PA78_DG13_PF0_D1_S09_6,COph100/patient/055,COph100,sp_lg_h,ok,True,True,False,0.0,3.0,138446249.6936386,0.06640625
11bcaf81af6206b4,COph100/055/055_M_GA38_BW3245_PA43_DG13_PF0_D1_S04_13__055_M_GA38_BW3245_PA78_DG13_PF0_D1_S09_6,COph100/patient/055,COph100,xfeat_h,ok,True,True,True,0.0,3.0,1045006731.0949349,0.1572265625
fe3a7362028510af,COph100/055/055_M_GA38_BW3245_PA43_DG13_PF0_D1_S04_13__055_M_GA38_BW3245_PA78_DG13_PF0_D1_S09_6,COph100/patient/055,COph100,xfeat_tps,ok,True,False,False,,3.0,4.9711784807074615,0.0
a0d6235bebd30380,COph100/055/055_M_GA38_BW3245_PA44_DG13_PF0_D1_S05_1__055_M_GA38_BW3245_PA45_DG13_PF0_D1_S06_7,COph100/patient/055,COph100,sift_h,ok,True,True,True,0.0,3.0,2175706.1898430465,0.4091796875
04ecd86f4ebe10c6,COph100/055/055_M_GA38_BW3245_PA44_DG13_PF0_D1_S05_1__055_M_GA38_BW3245_PA45_DG13_PF0_D1_S06_7,COph100/patient/055,COph100,sp_lg_h,ok,False,False,False,23.01090184033555,-1.3619336398162383,0.005086155404598316,0.0
b54b31a70421fb69,COph100/055/055_M_GA38_BW3245_PA44_DG13_PF0_D1_S05_1__055_M_GA38_BW3245_PA45_DG13_PF0_D1_S06_7,COph100/patient/055,COph100,xfeat_h,ok,False,False,False,9.851910029488595,-0.9935204370814938,0.026645283069576656,0.0
5d4daaf121261023,COph100/055/055_M_GA38_BW3245_PA44_DG13_PF0_D1_S05_1__055_M_GA38_BW3245_PA45_DG13_PF0_D1_S06_7,COph100/patient/055,COph100,xfeat_tps,ok,False,False,False,,3.0,7.632870641462616,0.0
6d9114badcefb68d,COph100/055/055_M_GA38_BW3245_PA44_DG13_PF0_D1_S05_1__055_M_GA38_BW3245_PA47_DG13_PF0_D1_S07_4,COph100/patient/055,COph100,sift_h,ok,True,True,False,0.0,3.0,1252938.3890448797,0.9658203125
e7bbe7609bfb1aad,COph100/055/055_M_GA38_BW3245_PA44_DG13_PF0_D1_S05_1__055_M_GA38_BW3245_PA47_DG13_PF0_D1_S07_4,COph100/patient/055,COph100,sp_lg_h,ok,False,False,False,4.41530157785215,-0.6449603724943379,0.1174526612860364,0.0
2d815e6435dc1239,COph100/055/055_M_GA38_BW3245_PA44_DG13_PF0_D1_S05_1__055_M_GA38_BW3245_PA47_DG13_PF0_D1_S07_4,COph100/patient/055,COph100,xfeat_h,ok,True,False,False,10.581821716388468,-1.024560440219951,0.023518862422352082,0.0
72c18080103ebaad,COph100/055/055_M_GA38_BW3245_PA44_DG13_PF0_D1_S05_1__055_M_GA38_BW3245_PA47_DG13_PF0_D1_S07_4,COph100/patient/055,COph100,xfeat_tps,ok,False,False,False,,3.0,7.241458276523964,0.0
aa68b8418514a6c7,COph100/055/055_M_GA38_BW3245_PA44_DG13_PF0_D1_S05_1__055_M_GA38_BW3245_PA53_DG13_PF0_D1_S08_7,COph100/patient/055,COph100,sift_h,invalid_transform,True,False,False,,3.0,,
fd6d6ecb6d5f8848,COph100/055/055_M_GA38_BW3245_PA44_DG13_PF0_D1_S05_1__055_M_GA38_BW3245_PA53_DG13_PF0_D1_S08_7,COph100/patient/055,COph100,sp_lg_h,ok,True,False,False,4.074078970737429,-0.610029442981057,0.126456989920061,0.0
0b72757401b6c52e,COph100/055/055_M_GA38_BW3245_PA44_DG13_PF0_D1_S05_1__055_M_GA38_BW3245_PA53_DG13_PF0_D1_S08_7,COph100/patient/055,COph100,xfeat_h,ok,True,False,False,3.644168504063998,-0.5615984502694675,0.15346218951400498,0.0
47f6face7a7d95a5,COph100/055/055_M_GA38_BW3245_PA44_DG13_PF0_D1_S05_1__055_M_GA38_BW3245_PA53_DG13_PF0_D1_S08_7,COph100/patient/055,COph100,xfeat_tps,ok,False,False,False,,3.0,7.712903245028963,0.0
49744132650422f6,COph100/055/055_M_GA38_BW3245_PA44_DG13_PF0_D1_S05_1__055_M_GA38_BW3245_PA78_DG13_PF0_D1_S09_6,COph100/patient/055,COph100,sift_h,ok,True,True,False,0.0,3.0,32589.40929500715,0.05859375
87adff6d9bff264e,COph100/055/055_M_GA38_BW3245_PA44_DG13_PF0_D1_S05_1__055_M_GA38_BW3245_PA78_DG13_PF0_D1_S09_6,COph100/patient/055,COph100,sp_lg_h,ok,True,False,False,1.442174921833317,-0.15901793928751695,0.6713082656081537,0.0
86f460163fee9a54,COph100/055/055_M_GA38_BW3245_PA44_DG13_PF0_D1_S05_1__055_M_GA38_BW3245_PA78_DG13_PF0_D1_S09_6,COph100/patient/055,COph100,xfeat_h,ok,True,False,False,0.8516879511037608,0.06971949670911663,1.5751739726309013,0.0
b94b1958826e2a6b,COph100/055/055_M_GA38_BW3245_PA44_DG13_PF0_D1_S05_1__055_M_GA38_BW3245_PA78_DG13_PF0_D1_S09_6,COph100/patient/055,COph100,xfeat_tps,ok,True,False,False,,3.0,7.5159169027945465,0.0
947480f529c51dfc,COph100/055/055_M_GA38_BW3245_PA45_DG13_PF0_D1_S06_7__055_M_GA38_BW3245_PA47_DG13_PF0_D1_S07_4,COph100/patient/055,COph100,sift_h,ok,True,True,False,0.0,3.0,189861420279.09775,0.908203125
fe581ee9360970f4,COph100/055/055_M_GA38_BW3245_PA45_DG13_PF0_D1_S06_7__055_M_GA38_BW3245_PA47_DG13_PF0_D1_S07_4,COph100/patient/055,COph100,sp_lg_h,ok,False,False,False,7.835079860482978,-0.8940434274530228,0.03943509646254603,0.0
5b799d62cf0e58a4,COph100/055/055_M_GA38_BW3245_PA45_DG13_PF0_D1_S06_7__055_M_GA38_BW3245_PA47_DG13_PF0_D1_S07_4,COph100/patient/055,COph100,xfeat_h,ok,False,False,False,10.686707062890655,-1.0288439049538607,0.021898616035699196,0.0
1bfbcfb151d5125d,COph100/055/055_M_GA38_BW3245_PA45_DG13_PF0_D1_S06_7__055_M_GA38_BW3245_PA47_DG13_PF0_D1_S07_4,COph100/patient/055,COph100,xfeat_tps,ok,False,False,False,,3.0,7.242065511717704,0.0
d502344f990a1329,COph100/055/055_M_GA38_BW3245_PA45_DG13_PF0_D1_S06_7__055_M_GA38_BW3245_PA53_DG13_PF0_D1_S08_7,COph100/patient/055,COph100,sift_h,ok,True,True,False,0.0,3.0,239602.77676251743,0.0166015625
b796e53b27e00d74,COph100/055/055_M_GA38_BW3245_PA45_DG13_PF0_D1_S06_7__055_M_GA38_BW3245_PA53_DG13_PF0_D1_S08_7,COph100/patient/055,COph100,sp_lg_h,ok,False,False,False,11.410917660113881,-1.057320571560924,0.017464069219915848,0.0
6f5f0dd163d3703f,COph100/055/055_M_GA38_BW3245_PA45_DG13_PF0_D1_S06_7__055_M_GA38_BW3245_PA53_DG13_PF0_D1_S08_7,COph100/patient/055,COph100,xfeat_h,ok,True,False,False,5.379141687445533,-0.7307129838180666,0.07324703689892115,0.0
8a2273efc453c09b,COph100/055/055_M_GA38_BW3245_PA45_DG13_PF0_D1_S06_7__055_M_GA38_BW3245_PA53_DG13_PF0_D1_S08_7,COph100/patient/055,COph100,xfeat_tps,ok,False,False,False,,3.0,11.802018027571695,0.0
c8a62a7a90617fca,COph100/055/055_M_GA38_BW3245_PA45_DG13_PF0_D1_S06_7__055_M_GA38_BW3245_PA78_DG13_PF0_D1_S09_6,COph100/patient/055,COph100,sift_h,ok,True,True,True,0.0,3.0,38930575.62966975,0.7490234375
0359db95d67ab9bb,COph100/055/055_M_GA38_BW3245_PA45_DG13_PF0_D1_S06_7__055_M_GA38_BW3245_PA78_DG13_PF0_D1_S09_6,COph100/patient/055,COph100,sp_lg_h,ok,True,False,False,17.703774159027393,-1.2480658608088433,0.00760378968083005,0.0
b28f291250a2eab4,COph100/055/055_M_GA38_BW3245_PA45_DG13_PF0_D1_S06_7__055_M_GA38_BW3245_PA78_DG13_PF0_D1_S09_6,COph100/patient/055,COph100,xfeat_h,ok,True,False,False,2.3243724957572534,-0.36630572780118514,0.34849607168605345,0.0
1e7c5d33bb8cffad,COph100/055/055_M_GA38_BW3245_PA45_DG13_PF0_D1_S06_7__055_M_GA38_BW3245_PA78_DG13_PF0_D1_S09_6,COph100/patient/055,COph100,xfeat_tps,ok,True,False,False,,3.0,4.572352850322537,0.0
b3616520816759f2,COph100/055/055_M_GA38_BW3245_PA47_DG13_PF0_D1_S07_4__055_M_GA38_BW3245_PA53_DG13_PF0_D1_S08_7,COph100/patient/055,COph100,sift_h,ok,True,False,False,1.7168997163521167,-0.23474492887854906,0.5997539989426499,0.0
50d8d2fe95b9bc64,COph100/055/055_M_GA38_BW3245_PA47_DG13_PF0_D1_S07_4__055_M_GA38_BW3245_PA53_DG13_PF0_D1_S08_7,COph100/patient/055,COph100,sp_lg_h,ok,False,False,False,20.35061795812707,-1.308577601361234,0.0058853306192118236,0.0
1677fa9b730a0790,COph100/055/055_M_GA38_BW3245_PA47_DG13_PF0_D1_S07_4__055_M_GA38_BW3245_PA53_DG13_PF0_D1_S08_7,COph100/patient/055,COph100,xfeat_h,ok,False,False,False,15.364072113777425,-1.1865063369298807,0.010223184072458848,0.0
1e6145b22f802351,COph100/055/055_M_GA38_BW3245_PA47_DG13_PF0_D1_S07_4__055_M_GA38_BW3245_PA53_DG13_PF0_D1_S08_7,COph100/patient/055,COph100,xfeat_tps,ok,False,False,False,,3.0,6.363515464081034,0.0
4dabed3c32891c8b,COph100/055/055_M_GA38_BW3245_PA47_DG13_PF0_D1_S07_4__055_M_GA38_BW3245_PA78_DG13_PF0_D1_S09_6,COph100/patient/055,COph100,sift_h,ok,True,True,False,0.0,3.0,2812.9879038256863,0.0185546875
af41159aaea8133c,COph100/055/055_M_GA38_BW3245_PA47_DG13_PF0_D1_S07_4__055_M_GA38_BW3245_PA78_DG13_PF0_D1_S09_6,COph100/patient/055,COph100,sp_lg_h,ok,True,False,False,2.230912052609826,-0.3484824497911857,0.3230723037441679,0.0
d597876c38d3b447,COph100/055/055_M_GA38_BW3245_PA47_DG13_PF0_D1_S07_4__055_M_GA38_BW3245_PA78_DG13_PF0_D1_S09_6,COph100/patient/055,COph100,xfeat_h,ok,True,False,False,2.8358461234313617,-0.45268266178687533,0.2088120633042826,0.0
51e60524aebb1b69,COph100/055/055_M_GA38_BW3245_PA47_DG13_PF0_D1_S07_4__055_M_GA38_BW3245_PA78_DG13_PF0_D1_S09_6,COph100/patient/055,COph100,xfeat_tps,ok,True,False,False,,3.0,9.576955223484838,0.0
3c7481ebbbadc13a,COph100/055/055_M_GA38_BW3245_PA53_DG13_PF0_D1_S08_7__055_M_GA38_BW3245_PA78_DG13_PF0_D1_S09_6,COph100/patient/055,COph100,sift_h,ok,True,True,False,0.0,3.0,16.881264360695734,0.978515625
5ad3fbc67634792f,COph100/055/055_M_GA38_BW3245_PA53_DG13_PF0_D1_S08_7__055_M_GA38_BW3245_PA78_DG13_PF0_D1_S09_6,COph100/patient/055,COph100,sp_lg_h,ok,True,False,False,3.6996604599062977,-0.5681618680790123,0.14050299736822203,0.0
de9320aad8db1594,COph100/055/055_M_GA38_BW3245_PA53_DG13_PF0_D1_S08_7__055_M_GA38_BW3245_PA78_DG13_PF0_D1_S09_6,COph100/patient/055,COph100,xfeat_h,ok,True,False,False,1.918880429529043,-0.2830479135506819,0.4315307284491286,0.0
5765d04e82e2279f,COph100/055/055_M_GA38_BW3245_PA53_DG13_PF0_D1_S08_7__055_M_GA38_BW3245_PA78_DG13_PF0_D1_S09_6,COph100/patient/055,COph100,xfeat_tps,ok,True,False,False,,3.0,5.776130651554442,0.0
d55f012b946d56de,COph100/056-1/056_F_GA33_BW1180_PA35_DG0_PF0_D1_S01_7__056_F_GA33_BW1180_PA38_DG0_PF0_D1_S02_1,COph100/patient/056,COph100,sift_h,ok,True,True,False,0.0,3.0,85424.85680091145,0.9775390625
71069af2b2301267,COph100/056-1/056_F_GA33_BW1180_PA35_DG0_PF0_D1_S01_7__056_F_GA33_BW1180_PA38_DG0_PF0_D1_S02_1,COph100/patient/056,COph100,sp_lg_h,ok,True,False,False,9.022903092080785,-0.9553462929765952,0.029738670057649394,0.0
7e21cd3d9ba47120,COph100/056-1/056_F_GA33_BW1180_PA35_DG0_PF0_D1_S01_7__056_F_GA33_BW1180_PA38_DG0_PF0_D1_S02_1,COph100/patient/056,COph100,xfeat_h,ok,True,False,False,3.1523196692446924,-0.498630251821809,0.21203394517826984,0.0
2e876ff7cf62c412,COph100/056-1/056_F_GA33_BW1180_PA35_DG0_PF0_D1_S01_7__056_F_GA33_BW1180_PA38_DG0_PF0_D1_S02_1,COph100/patient/056,COph100,xfeat_tps,ok,True,False,False,,3.0,7.291991062922939,0.0
9403d0e8b6d0fd6f,COph100/056-1/056_F_GA33_BW1180_PA35_DG0_PF0_D1_S01_7__056_F_GA33_BW1180_PA42_DG0_PF0_D1_S03_7,COph100/patient/056,COph100,sift_h,ok,True,True,True,0.0,3.0,21460953.4177336,0.8095703125
939abc3d3df38be5,COph100/056-1/056_F_GA33_BW1180_PA35_DG0_PF0_D1_S01_7__056_F_GA33_BW1180_PA42_DG0_PF0_D1_S03_7,COph100/patient/056,COph100,sp_lg_h,ok,False,False,False,21.487325172875988,-1.3321823561633288,0.005096950489583014,0.0
96e01a46a526c556,COph100/056-1/056_F_GA33_BW1180_PA35_DG0_PF0_D1_S01_7__056_F_GA33_BW1180_PA42_DG0_PF0_D1_S03_7,COph100/patient/056,COph100,xfeat_h,ok,True,False,False,1.943380030956425,-0.28855773585909283,0.5163546395939673,0.0
41dcd0d5f0d70f96,COph100/056-1/056_F_GA33_BW1180_PA35_DG0_PF0_D1_S01_7__056_F_GA33_BW1180_PA42_DG0_PF0_D1_S03_7,COph100/patient/056,COph100,xfeat_tps,ok,True,False,False,,3.0,9.418325549984136,0.0
1f8437eab6a008e9,COph100/056-1/056_F_GA33_BW1180_PA38_DG0_PF0_D1_S02_1__056_F_GA33_BW1180_PA42_DG0_PF0_D1_S03_7,COph100/patient/056,COph100,sift_h,ok,True,True,True,0.0,3.0,428599.4973315505,0.859375
fa33cd7dd3583ee7,COph100/056-1/056_F_GA33_BW1180_PA38_DG0_PF0_D1_S02_1__056_F_GA33_BW1180_PA42_DG0_PF0_D1_S03_7,COph100/patient/056,COph100,sp_lg_h,ok,False,False,False,14.576287079011456,-1.1636469131142952,0.011629713664319048,0.0
f432e048c9aadc54,COph100/056-1/056_F_GA33_BW1180_PA38_DG0_PF0_D1_S02_1__056_F_GA33_BW1180_PA42_DG0_PF0_D1_S03_7,COph100/patient/056,COph100,xfeat_h,ok,False,False,False,5.480906415299053,-0.7388523866979627,0.07951391376263073,0.0
be4b981184126a9c,COph100/056-1/056_F_GA33_BW1180_PA38_DG0_PF0_D1_S02_1__056_F_GA33_BW1180_PA42_DG0_PF0_D1_S03_7,COph100/patient/056,COph100,xfeat_tps,ok,True,False,False,,3.0,13.305873488055528,0.0
788a3487bace177b,COph100/056/056_F_GA33_BW1180_PA35_DG0_PF0_D1_S01_1__056_F_GA33_BW1180_PA38_DG0_PF0_D1_S02_3,COph100/patient/056,COph100,sift_h,ok,True,False,False,7.706829949337973,-0.8868757764144598,0.03995844193966563,0.0
0ccb94cc6834f0b3,COph100/056/056_F_GA33_BW1180_PA35_DG0_PF0_D1_S01_1__056_F_GA33_BW1180_PA38_DG0_PF0_D1_S02_3,COph100/patient/056,COph100,sp_lg_h,ok,True,False,False,24.237277958170637,-1.384483843459306,0.004443188562548129,0.0
e676b037e7f6c23f,COph100/056/056_F_GA33_BW1180_PA35_DG0_PF0_D1_S01_1__056_F_GA33_BW1180_PA38_DG0_PF0_D1_S02_3,COph100/patient/056,COph100,xfeat_h,ok,True,False,False,18.975983761845608,-1.2782043000492684,0.007195749916430227,0.0
85db9c717f05020c,COph100/056/056_F_GA33_BW1180_PA35_DG0_PF0_D1_S01_1__056_F_GA33_BW1180_PA38_DG0_PF0_D1_S02_3,COph100/patient/056,COph100,xfeat_tps,ok,False,False,False,,3.0,11.601672277656462,0.0
61287c89f15ee8c8,COph100/056/056_F_GA33_BW1180_PA35_DG0_PF0_D1_S01_1__056_F_GA33_BW1180_PA42_DG0_PF0_D1_S03_3,COph100/patient/056,COph100,sift_h,ok,True,True,True,0.0,3.0,1948301835.159755,0.4306640625
b4577c86c07d97cb,COph100/056/056_F_GA33_BW1180_PA35_DG0_PF0_D1_S01_1__056_F_GA33_BW1180_PA42_DG0_PF0_D1_S03_3,COph100/patient/056,COph100,sp_lg_h,ok,False,False,False,10.761399753959905,-1.031868764442214,0.02027800003556994,0.0
bda99430d85450c9,COph100/056/056_F_GA33_BW1180_PA35_DG0_PF0_D1_S01_1__056_F_GA33_BW1180_PA42_DG0_PF0_D1_S03_3,COph100/patient/056,COph100,xfeat_h,ok,True,False,False,3.4212661163545977,-0.5341868562281573,0.18594336310180842,0.0
c2ebd6f749d49c5f,COph100/056/056_F_GA33_BW1180_PA35_DG0_PF0_D1_S01_1__056_F_GA33_BW1180_PA42_DG0_PF0_D1_S03_3,COph100/patient/056,COph100,xfeat_tps,ok,False,False,False,,3.0,12.226624858042364,0.0
3c4b39ab0e45362b,COph100/056/056_F_GA33_BW1180_PA38_DG0_PF0_D1_S02_3__056_F_GA33_BW1180_PA42_DG0_PF0_D1_S03_3,COph100/patient/056,COph100,sift_h,ok,True,True,False,0.0,3.0,11280135.656751469,0.9794921875
a7c5d8f8f4aa32b0,COph100/056/056_F_GA33_BW1180_PA38_DG0_PF0_D1_S02_3__056_F_GA33_BW1180_PA42_DG0_PF0_D1_S03_3,COph100/patient/056,COph100,sp_lg_h,ok,False,False,False,10.751213066020503,-1.0314574687313092,0.022164877886955314,0.0
d4d983db52d96705,COph100/056/056_F_GA33_BW1180_PA38_DG0_PF0_D1_S02_3__056_F_GA33_BW1180_PA42_DG0_PF0_D1_S03_3,COph100/patient/056,COph100,xfeat_h,ok,True,False,False,1.9666611013791737,-0.29372952795109114,0.49450856141896626,0.0
59eb29a8822bbdc0,COph100/056/056_F_GA33_BW1180_PA38_DG0_PF0_D1_S02_3__056_F_GA33_BW1180_PA42_DG0_PF0_D1_S03_3,COph100/patient/056,COph100,xfeat_tps,ok,False,False,False,,3.0,11.937099525225381,0.0
cdff052deef9e445,COph100/057-1/057_M_GA30_BW1180_PA33_DG0_PF0_D1_S01_4__057_M_GA30_BW1180_PA37_DG0_PF0_D1_S02_4,COph100/patient/057,COph100,sift_h,ok,True,False,False,35.57336750723905,-1.5511249790622814,0.0022336760403410664,0.0
82547b443becefd9,COph100/057-1/057_M_GA30_BW1180_PA33_DG0_PF0_D1_S01_4__057_M_GA30_BW1180_PA37_DG0_PF0_D1_S02_4,COph100/patient/057,COph100,sp_lg_h,ok,False,False,False,19.748557207223218,-1.2955353723761533,0.0059419909089635506,0.0
34121534817d0706,COph100/057-1/057_M_GA30_BW1180_PA33_DG0_PF0_D1_S01_4__057_M_GA30_BW1180_PA37_DG0_PF0_D1_S02_4,COph100/patient/057,COph100,xfeat_h,ok,False,False,False,17.204194176853992,-1.2356343356177146,0.008422793644300791,0.0
87417f41705d3c57,COph100/057-1/057_M_GA30_BW1180_PA33_DG0_PF0_D1_S01_4__057_M_GA30_BW1180_PA37_DG0_PF0_D1_S02_4,COph100/patient/057,COph100,xfeat_tps,ok,False,False,False,,3.0,7.696659600279782,0.0
5549b45820aba245,COph100/057-1/057_M_GA30_BW1180_PA33_DG0_PF0_D1_S01_4__057_M_GA30_BW1180_PA39_DG0_PF0_D1_S03_6,COph100/patient/057,COph100,sift_h,ok,True,False,False,2.9518032148256084,-0.47008740140167204,0.26364351042637885,0.0
f8ae9cf8485cc1ba,COph100/057-1/057_M_GA30_BW1180_PA33_DG0_PF0_D1_S01_4__057_M_GA30_BW1180_PA39_DG0_PF0_D1_S03_6,COph100/patient/057,COph100,sp_lg_h,ok,True,False,False,23.56941229792695,-1.3723487535489547,0.004550011249026372,0.0
dc2ad73dce6d57ed,COph100/057-1/057_M_GA30_BW1180_PA33_DG0_PF0_D1_S01_4__057_M_GA30_BW1180_PA39_DG0_PF0_D1_S03_6,COph100/patient/057,COph100,xfeat_h,ok,True,False,False,6.141660672826763,-0.7882858179699831,0.06324654487869569,0.0
359e2be1e378b8c3,COph100/057-1/057_M_GA30_BW1180_PA33_DG0_PF0_D1_S01_4__057_M_GA30_BW1180_PA39_DG0_PF0_D1_S03_6,COph100/patient/057,COph100,xfeat_tps,ok,True,False,False,,3.0,8.278621525896186,0.0
ebdad8f41796f516,COph100/057-1/057_M_GA30_BW1180_PA37_DG0_PF0_D1_S02_4__057_M_GA30_BW1180_PA39_DG0_PF0_D1_S03_6,COph100/patient/057,COph100,sift_h,ok,True,False,False,3.015163302385777,-0.47931083866669316,0.21631399556925768,0.0
f602a84066d76379,COph100/057-1/057_M_GA30_BW1180_PA37_DG0_PF0_D1_S02_4__057_M_GA30_BW1180_PA39_DG0_PF0_D1_S03_6,COph100/patient/057,COph100,sp_lg_h,ok,False,False,False,5.654729096480436,-0.7524118038287898,0.08529968033562407,0.0
9e32c5d8fa76d38d,COph100/057-1/057_M_GA30_BW1180_PA37_DG0_PF0_D1_S02_4__057_M_GA30_BW1180_PA39_DG0_PF0_D1_S03_6,COph100/patient/057,COph100,xfeat_h,ok,False,False,False,4.4018555076762675,-0.6436357825951587,0.1273256031455136,0.0
c0c0bb0af9448886,COph100/057-1/057_M_GA30_BW1180_PA37_DG0_PF0_D1_S02_4__057_M_GA30_BW1180_PA39_DG0_PF0_D1_S03_6,COph100/patient/057,COph100,xfeat_tps,ok,False,False,False,,3.0,6.69058141831933,0.0
2e459bf48bbc88af,COph100/057/057_M_GA30_BW1180_PA33_DG0_PF0_D1_S01_1__057_M_GA30_BW1180_PA37_DG0_PF0_D1_S02_1,COph100/patient/057,COph100,sift_h,invalid_transform,True,False,False,,3.0,,
cae8f0e0967c9f90,COph100/057/057_M_GA30_BW1180_PA33_DG0_PF0_D1_S01_1__057_M_GA30_BW1180_PA37_DG0_PF0_D1_S02_1,COph100/patient/057,COph100,sp_lg_h,ok,True,False,False,9.307142994140207,-0.9688163864269844,0.028152917496157566,0.0
f42f006590c49751,COph100/057/057_M_GA30_BW1180_PA33_DG0_PF0_D1_S01_1__057_M_GA30_BW1180_PA37_DG0_PF0_D1_S02_1,COph100/patient/057,COph100,xfeat_h,ok,True,False,False,2.757284152539712,-0.44048152472782187,0.3055896781054177,0.0
516791307997a55b,COph100/057/057_M_GA30_BW1180_PA33_DG0_PF0_D1_S01_1__057_M_GA30_BW1180_PA37_DG0_PF0_D1_S02_1,COph100/patient/057,COph100,xfeat_tps,ok,True,False,False,,3.0,9.743693282783553,0.0
5b42cd9ecf57c4f0,COph100/057/057_M_GA30_BW1180_PA33_DG0_PF0_D1_S01_1__057_M_GA30_BW1180_PA39_DG0_PF0_D1_S03_2,COph100/patient/057,COph100,sift_h,ok,True,True,True,0.0,3.0,16074451.76405202,0.421875
5aa9aa1417fbc327,COph100/057/057_M_GA30_BW1180_PA33_DG0_PF0_D1_S01_1__057_M_GA30_BW1180_PA39_DG0_PF0_D1_S03_2,COph100/patient/057,COph100,sp_lg_h,ok,True,False,False,8.856090313326606,-0.9472420367752952,0.030520338387149175,0.0
b1d9122216ac748c,COph100/057/057_M_GA30_BW1180_PA33_DG0_PF0_D1_S01_1__057_M_GA30_BW1180_PA39_DG0_PF0_D1_S03_2,COph100/patient/057,COph100,xfeat_h,ok,True,False,False,17.3108212932829,-1.2383176729984111,0.008433223384041993,0.0
6b93912871ca9224,COph100/057/057_M_GA30_BW1180_PA33_DG0_PF0_D1_S01_1__057_M_GA30_BW1180_PA39_DG0_PF0_D1_S03_2,COph100/patient/057,COph100,xfeat_tps,ok,True,False,False,,3.0,8.504409713834107,0.0
1951bca67e348c45,COph100/057/057_M_GA30_BW1180_PA37_DG0_PF0_D1_S02_1__057_M_GA30_BW1180_PA39_DG0_PF0_D1_S03_2,COph100/patient/057,COph100,sift_h,ok,True,False,False,6.1344198113445545,-0.7877734937709546,0.062421858936429084,0.0
0c12b17841514073,COph100/057/057_M_GA30_BW1180_PA37_DG0_PF0_D1_S02_1__057_M_GA30_BW1180_PA39_DG0_PF0_D1_S03_2,COph100/patient/057,COph100,sp_lg_h,ok,False,False,False,63.425892850658414,-1.802266589530108,0.0006891843505310124,0.0
4e418a7d8e1af099,COph100/057/057_M_GA30_BW1180_PA37_DG0_PF0_D1_S02_1__057_M_GA30_BW1180_PA39_DG0_PF0_D1_S03_2,COph100/patient/057,COph100,xfeat_h,ok,False,False,False,100.55760618696758,-2.002414926251441,0.00027773228775051785,0.0
98c7a55c665fb433,COph100/057/057_M_GA30_BW1180_PA37_DG0_PF0_D1_S02_1__057_M_GA30_BW1180_PA39_DG0_PF0_D1_S03_2,COph100/patient/057,COph100,xfeat_tps,ok,False,False,False,,3.0,12.597442627736706,0.0
29e23fa43704a94e,COph100/058-1/058_M_GA30_BW1490_PA33_DG0_PF0_D1_S01_5__058_M_GA30_BW1490_PA35_DG0_PF0_D1_S02_5,COph100/patient/058,COph100,sift_h,ok,True,True,False,0.0,3.0,16327.071889521892,0.943359375
0de9013f77cf0147,COph100/058-1/058_M_GA30_BW1490_PA33_DG0_PF0_D1_S01_5__058_M_GA30_BW1490_PA35_DG0_PF0_D1_S02_5,COph100/patient/058,COph100,sp_lg_h,ok,False,False,False,5.052898801213918,-0.7035406003331284,0.09492138080073961,0.0
20daf2f25ffc323a,COph100/058-1/058_M_GA30_BW1490_PA33_DG0_PF0_D1_S01_5__058_M_GA30_BW1490_PA35_DG0_PF0_D1_S02_5,COph100/patient/058,COph100,xfeat_h,ok,False,False,False,9.114060933968114,-0.9597119278230867,0.031034707949077128,0.0
f498a8abb7d4e019,COph100/058-1/058_M_GA30_BW1490_PA33_DG0_PF0_D1_S01_5__058_M_GA30_BW1490_PA35_DG0_PF0_D1_S02_5,COph100/patient/058,COph100,xfeat_tps,ok,False,False,False,,3.0,5.922291812772833,0.0
6a44cc209be96b47,COph100/058-1/058_M_GA30_BW1490_PA33_DG0_PF0_D1_S01_5__058_M_GA30_BW1490_PA38_DG0_PF0_D1_S03_3,COph100/patient/058,COph100,sift_h,ok,True,True,False,0.0,3.0,9364.170219927513,0.025390625
9d29653f6481c375,COph100/058-1/058_M_GA30_BW1490_PA33_DG0_PF0_D1_S01_5__058_M_GA30_BW1490_PA38_DG0_PF0_D1_S03_3,COph100/patient/058,COph100,sp_lg_h,ok,True,False,False,2.353332070638971,-0.37168321330890863,0.42900327839631236,0.0
68fee83a8dcb6bb1,COph100/058-1/058_M_GA30_BW1490_PA33_DG0_PF0_D1_S01_5__058_M_GA30_BW1490_PA38_DG0_PF0_D1_S03_3,COph100/patient/058,COph100,xfeat_h,ok,True,False,False,2.658201795293119,-0.4245879469813123,0.32954246802357035,0.0
d79859963bf322b8,COph100/058-1/058_M_GA30_BW1490_PA33_DG0_PF0_D1_S01_5__058_M_GA30_BW1490_PA38_DG0_PF0_D1_S03_3,COph100/patient/058,COph100,xfeat_tps,ok,False,False,False,,3.0,13.52810491816653,0.0
957c15e75313ceff,COph100/058-1/058_M_GA30_BW1490_PA35_DG0_PF0_D1_S02_5__058_M_GA30_BW1490_PA38_DG0_PF0_D1_S03_3,COph100/patient/058,COph100,sift_h,ok,True,True,False,0.0,3.0,209782.50520015223,0.0224609375
9a10b95de145db1e,COph100/058-1/058_M_GA30_BW1490_PA35_DG0_PF0_D1_S02_5__058_M_GA30_BW1490_PA38_DG0_PF0_D1_S03_3,COph100/patient/058,COph100,sp_lg_h,ok,False,False,False,15.59390085708917,-1.192954768735755,0.010705453247723182,0.0
1a091fb984533eb0,COph100/058-1/058_M_GA30_BW1490_PA35_DG0_PF0_D1_S02_5__058_M_GA30_BW1490_PA38_DG0_PF0_D1_S03_3,COph100/patient/058,COph100,xfeat_h,ok,False,False,False,8.636745383444639,-0.9363501165185572,0.0332613490198288,0.0
5d14389a9d4546c7,COph100/058-1/058_M_GA30_BW1490_PA35_DG0_PF0_D1_S02_5__058_M_GA30_BW1490_PA38_DG0_PF0_D1_S03_3,COph100/patient/058,COph100,xfeat_tps,ok,True,False,False,,3.0,7.343013192837186,0.0
e7618755cdf851da,COph100/058/058_M_GA30_BW1490_PA33_DG0_PF0_D1_S01_2__058_M_GA30_BW1490_PA35_DG0_PF0_D1_S02_3,COph100/patient/058,COph100,sift_h,ok,True,True,True,0.0,3.0,7452076.358662669,0.62109375
90509ed0638e2c01,COph100/058/058_M_GA30_BW1490_PA33_DG0_PF0_D1_S01_2__058_M_GA30_BW1490_PA35_DG0_PF0_D1_S02_3,COph100/patient/058,COph100,sp_lg_h,ok,False,False,False,6.074496312763851,-0.7835102727796255,0.06781762530820148,0.0
1530b70ef82ae93a,COph100/058/058_M_GA30_BW1490_PA33_DG0_PF0_D1_S01_2__058_M_GA30_BW1490_PA35_DG0_PF0_D1_S02_3,COph100/patient/058,COph100,xfeat_h,ok,False,False,False,13.641416465481274,-1.1348594679160087,0.013760030288762572,0.0
d5d230a9351ed7d7,COph100/058/058_M_GA30_BW1490_PA33_DG0_PF0_D1_S01_2__058_M_GA30_BW1490_PA35_DG0_PF0_D1_S02_3,COph100/patient/058,COph100,xfeat_tps,ok,False,False,False,,3.0,11.971967987461309,0.0
e20ba5db3f4077dd,COph100/058/058_M_GA30_BW1490_PA33_DG0_PF0_D1_S01_2__058_M_GA30_BW1490_PA38_DG0_PF0_D1_S03_6,COph100/patient/058,COph100,sift_h,invalid_transform,True,False,False,,3.0,,
6d869070108af6bf,COph100/058/058_M_GA30_BW1490_PA33_DG0_PF0_D1_S01_2__058_M_GA30_BW1490_PA38_DG0_PF0_D1_S03_6,COph100/patient/058,COph100,sp_lg_h,ok,False,False,False,2.948269648930217,-0.4695672016045757,0.2464179258083986,0.0
3f88b4bd2297a4de,COph100/058/058_M_GA30_BW1490_PA33_DG0_PF0_D1_S01_2__058_M_GA30_BW1490_PA38_DG0_PF0_D1_S03_6,COph100/patient/058,COph100,xfeat_h,ok,False,False,False,4.992775401011455,-0.6983420298453583,0.09076031650352595,0.0
9c53e7e14e106f83,COph100/058/058_M_GA30_BW1490_PA33_DG0_PF0_D1_S01_2__058_M_GA30_BW1490_PA38_DG0_PF0_D1_S03_6,COph100/patient/058,COph100,xfeat_tps,ok,False,False,False,,3.0,12.138567861711127,0.0
f3225a2005b4515d,COph100/058/058_M_GA30_BW1490_PA35_DG0_PF0_D1_S02_3__058_M_GA30_BW1490_PA38_DG0_PF0_D1_S03_6,COph100/patient/058,COph100,sift_h,ok,True,False,False,27.898222723792674,-1.4455765371146325,0.003482966348633959,0.0
b963d9b900e85c9b,COph100/058/058_M_GA30_BW1490_PA35_DG0_PF0_D1_S02_3__058_M_GA30_BW1490_PA38_DG0_PF0_D1_S03_6,COph100/patient/058,COph100,sp_lg_h,ok,False,False,False,9.298999316917639,-0.9684362158094667,0.029215726101606915,0.0
ea2894c0f618cc36,COph100/058/058_M_GA30_BW1490_PA35_DG0_PF0_D1_S02_3__058_M_GA30_BW1490_PA38_DG0_PF0_D1_S03_6,COph100/patient/058,COph100,xfeat_h,ok,False,False,False,18.886951070479018,-1.2761618552146523,0.007338560633710787,0.0
d674eba58ca649c2,COph100/058/058_M_GA30_BW1490_PA35_DG0_PF0_D1_S02_3__058_M_GA30_BW1490_PA38_DG0_PF0_D1_S03_6,COph100/patient/058,COph100,xfeat_tps,ok,False,False,False,,3.0,10.53336343051556,0.0
21b5664b5bd7c953,COph100/059-1/059_M_GA40_BW3680_PA61_DG12_PF0_D1_S01_1__059_M_GA40_BW3680_PA112_DG12_PF0_D1_S03_1,COph100/patient/059,COph100,sift_h,ok,True,True,False,0.0,3.0,231.17590179692075,0.974609375
4268996fd4efbce6,COph100/059-1/059_M_GA40_BW3680_PA61_DG12_PF0_D1_S01_1__059_M_GA40_BW3680_PA112_DG12_PF0_D1_S03_1,COph100/patient/059,COph100,sp_lg_h,ok,True,False,False,6.985717721118393,-0.8442110326847573,0.05236684398961681,0.0
332d3f296c85cf1d,COph100/059-1/059_M_GA40_BW3680_PA61_DG12_PF0_D1_S01_1__059_M_GA40_BW3680_PA112_DG12_PF0_D1_S03_1,COph100/patient/059,COph100,xfeat_h,ok,True,False,False,5.002813056893423,-0.6992142746450513,0.09155884371647538,0.0
dc6eb0fb756db5b6,COph100/059-1/059_M_GA40_BW3680_PA61_DG12_PF0_D1_S01_1__059_M_GA40_BW3680_PA112_DG12_PF0_D1_S03_1,COph100/patient/059,COph100,xfeat_tps,ok,False,False,False,,3.0,7.844568391260685,0.0
819402485382357e,COph100/059-1/059_M_GA40_BW3680_PA61_DG12_PF0_D1_S01_1__059_M_GA40_BW3680_PA85_DG12_PF0_D1_S02_2,COph100/patient/059,COph100,sift_h,ok,True,True,True,0.0,3.0,9532.604221842146,0.4892578125
57be2e8a3bf2860a,COph100/059-1/059_M_GA40_BW3680_PA61_DG12_PF0_D1_S01_1__059_M_GA40_BW3680_PA85_DG12_PF0_D1_S02_2,COph100/patient/059,COph100,sp_lg_h,ok,True,False,False,2.0081634640516213,-0.30279906138442736,0.42550414867768216,0.0
6568d81289c5df4d,COph100/059-1/059_M_GA40_BW3680_PA61_DG12_PF0_D1_S01_1__059_M_GA40_BW3680_PA85_DG12_PF0_D1_S02_2,COph100/patient/059,COph100,xfeat_h,ok,False,False,False,0.9681658420634729,0.01405024380320005,2.1937405461357744,0.0
8b53b7297a255fe9,COph100/059-1/059_M_GA40_BW3680_PA61_DG12_PF0_D1_S01_1__059_M_GA40_BW3680_PA85_DG12_PF0_D1_S02_2,COph100/patient/059,COph100,xfeat_tps,ok,False,False,False,,3.0,4.105489044312591,0.0
71ca6859a68ff4f2,COph100/059-1/059_M_GA40_BW3680_PA85_DG12_PF0_D1_S02_2__059_M_GA40_BW3680_PA112_DG12_PF0_D1_S03_1,COph100/patient/059,COph100,sift_h,ok,True,True,True,0.0,3.0,631578.586001523,0.1650390625
f1b5713274c99c6c,COph100/059-1/059_M_GA40_BW3680_PA85_DG12_PF0_D1_S02_2__059_M_GA40_BW3680_PA112_DG12_PF0_D1_S03_1,COph100/patient/059,COph100,sp_lg_h,ok,True,False,False,0.8996962420136486,0.045904093543422425,3.1580297230438026,0.0
13c7498b41bdfa0c,COph100/059-1/059_M_GA40_BW3680_PA85_DG12_PF0_D1_S02_2__059_M_GA40_BW3680_PA112_DG12_PF0_D1_S03_1,COph100/patient/059,COph100,xfeat_h,ok,True,False,False,3.365248828357804,-0.5270171817211998,0.22131228808032696,0.0
211a3e8f7ce3b6f9,COph100/059-1/059_M_GA40_BW3680_PA85_DG12_PF0_D1_S02_2__059_M_GA40_BW3680_PA112_DG12_PF0_D1_S03_1,COph100/patient/059,COph100,xfeat_tps,ok,True,False,False,,3.0,2.3743907148325696,0.0
8ddbb955528d5881,COph100/059/059_M_GA40_BW3680_PA61_DG12_PF0_D1_S01_5__059_M_GA40_BW3680_PA112_DG12_PF0_D1_S03_3,COph100/patient/059,COph100,sift_h,ok,True,True,False,0.0,3.0,125.71575948221145,0.0234375
7ebca32fd92ab692,COph100/059/059_M_GA40_BW3680_PA61_DG12_PF0_D1_S01_5__059_M_GA40_BW3680_PA112_DG12_PF0_D1_S03_3,COph100/patient/059,COph100,sp_lg_h,ok,True,False,False,41.44757242448361,-1.6174990990955778,0.0015648015147200654,0.0
12140e7a538580c6,COph100/059/059_M_GA40_BW3680_PA61_DG12_PF0_D1_S01_5__059_M_GA40_BW3680_PA112_DG12_PF0_D1_S03_3,COph100/patient/059,COph100,xfeat_h,ok,True,False,False,82.29913932428929,-1.9153952934301754,0.0004085612688218506,0.0
11b3fc4e55e98cb0,COph100/059/059_M_GA40_BW3680_PA61_DG12_PF0_D1_S01_5__059_M_GA40_BW3680_PA112_DG12_PF0_D1_S03_3,COph100/patient/059,COph100,xfeat_tps,ok,False,False,False,,3.0,7.152914238618287,0.0
92008279d3f59629,COph100/059/059_M_GA40_BW3680_PA61_DG12_PF0_D1_S01_5__059_M_GA40_BW3680_PA85_DG12_PF0_D1_S02_4,COph100/patient/059,COph100,sift_h,ok,True,True,False,0.0,3.0,112455.2227460443,0.9736328125
b6b824a71bb455b1,COph100/059/059_M_GA40_BW3680_PA61_DG12_PF0_D1_S01_5__059_M_GA40_BW3680_PA85_DG12_PF0_D1_S02_4,COph100/patient/059,COph100,sp_lg_h,no_matches,True,False,False,,3.0,,
3e35d00985b0f486,COph100/059/059_M_GA40_BW3680_PA61_DG12_PF0_D1_S01_5__059_M_GA40_BW3680_PA85_DG12_PF0_D1_S02_4,COph100/patient/059,COph100,xfeat_h,ok,True,False,False,9.884403531577469,-0.9949504671994864,0.02654747273111352,0.0
5783f79dee0e00fe,COph100/059/059_M_GA40_BW3680_PA61_DG12_PF0_D1_S01_5__059_M_GA40_BW3680_PA85_DG12_PF0_D1_S02_4,COph100/patient/059,COph100,xfeat_tps,ok,True,False,False,,3.0,5.867705163226121,0.0
97bfd50d6e3a5dd4,COph100/059/059_M_GA40_BW3680_PA85_DG12_PF0_D1_S02_4__059_M_GA40_BW3680_PA112_DG12_PF0_D1_S03_3,COph100/patient/059,COph100,sift_h,ok,True,True,False,0.0,3.0,0.019321601481480263,0.025390625
19195bede7f844da,COph100/059/059_M_GA40_BW3680_PA85_DG12_PF0_D1_S02_4__059_M_GA40_BW3680_PA112_DG12_PF0_D1_S03_3,COph100/patient/059,COph100,sp_lg_h,ok,True,False,False,6.981552974132643,-0.8439520376774285,0.05076299075411718,0.0
2d678d3400dfd605,COph100/059/059_M_GA40_BW3680_PA85_DG12_PF0_D1_S02_4__059_M_GA40_BW3680_PA112_DG12_PF0_D1_S03_3,COph100/patient/059,COph100,xfeat_h,ok,True,False,False,3.5398515073389487,-0.5489850442585817,0.16562042275858413,0.0
abaaef70283e62b2,COph100/059/059_M_GA40_BW3680_PA85_DG12_PF0_D1_S02_4__059_M_GA40_BW3680_PA112_DG12_PF0_D1_S03_3,COph100/patient/059,COph100,xfeat_tps,ok,True,False,False,,3.0,5.597624925813362,0.0
cc8ac7507bbd4ecb,COph100/061-1/061_M_GA26_BW880_PA32_DG0_PF0_D1_S01_6__061_M_GA26_BW880_PA38_DG0_PF0_D1_S02_7,COph100/patient/061,COph100,sift_h,ok,True,True,False,0.0,3.0,113273.94671163306,0.052734375
52215a4b27677b63,COph100/061-1/061_M_GA26_BW880_PA32_DG0_PF0_D1_S01_6__061_M_GA26_BW880_PA38_DG0_PF0_D1_S02_7,COph100/patient/061,COph100,sp_lg_h,ok,False,False,False,5.410101344744512,-0.7332054006058426,0.0737222519440687,0.0
57c526eaa7886242,COph100/061-1/061_M_GA26_BW880_PA32_DG0_PF0_D1_S01_6__061_M_GA26_BW880_PA38_DG0_PF0_D1_S02_7,COph100/patient/061,COph100,xfeat_h,ok,True,False,False,10.999059768783987,-1.041355562005384,0.020606241589450007,0.0
44c3930a92db80db,COph100/061-1/061_M_GA26_BW880_PA32_DG0_PF0_D1_S01_6__061_M_GA26_BW880_PA38_DG0_PF0_D1_S02_7,COph100/patient/061,COph100,xfeat_tps,ok,True,False,False,,3.0,7.656118407535253,0.0
2e42a7dabc294f52,COph100/061-1/061_M_GA26_BW880_PA32_DG0_PF0_D1_S01_6__061_M_GA26_BW880_PA42_DG0_PF0_D1_S03_2,COph100/patient/061,COph100,sift_h,invalid_transform,True,False,False,,3.0,,
5d655976cfdc8c4c,COph100/061-1/061_M_GA26_BW880_PA32_DG0_PF0_D1_S01_6__061_M_GA26_BW880_PA42_DG0_PF0_D1_S03_2,COph100/patient/061,COph100,sp_lg_h,ok,True,False,False,11.772067025767749,-1.070852726145736,0.013520526448417357,0.0
7673d99a090f4b23,COph100/061-1/061_M_GA26_BW880_PA32_DG0_PF0_D1_S01_6__061_M_GA26_BW880_PA42_DG0_PF0_D1_S03_2,COph100/patient/061,COph100,xfeat_h,ok,True,False,False,1.1536399254267478,-0.0620702777953243,1.3863064563247416,0.0
1306866756ea8765,COph100/061-1/061_M_GA26_BW880_PA32_DG0_PF0_D1_S01_6__061_M_GA26_BW880_PA42_DG0_PF0_D1_S03_2,COph100/patient/061,COph100,xfeat_tps,ok,False,False,False,,3.0,6.050904953744052,0.0
5bc1cd99f184c638,COph100/061-1/061_M_GA26_BW880_PA38_DG0_PF0_D1_S02_7__061_M_GA26_BW880_PA42_DG0_PF0_D1_S03_2,COph100/patient/061,COph100,sift_h,ok,True,True,True,0.0,3.0,1083547.5718427647,0.578125
93422c46211deb8b,COph100/061-1/061_M_GA26_BW880_PA38_DG0_PF0_D1_S02_7__061_M_GA26_BW880_PA42_DG0_PF0_D1_S03_2,COph100/patient/061,COph100,sp_lg_h,ok,False,False,False,5.026386315967343,-0.7012558643690394,0.09748691435567539,0.0
5e4aba15c6d4b244,COph100/061-1/061_M_GA26_BW880_PA38_DG0_PF0_D1_S02_7__061_M_GA26_BW880_PA42_DG0_PF0_D1_S03_2,COph100/patient/061,COph100,xfeat_h,ok,False,False,False,3.6510829861009744,-0.562421704216816,0.1701033892391917,0.0
92fb4c99e373b07c,COph100/061-1/061_M_GA26_BW880_PA38_DG0_PF0_D1_S02_7__061_M_GA26_BW880_PA42_DG0_PF0_D1_S03_2,COph100/patient/061,COph100,xfeat_tps,ok,False,False,False,,3.0,8.046438383924414,0.0
bf50840c43fe7c44,COph100/061/061_M_GA26_BW880_PA32_DG0_PF0_D1_S01_2__061_M_GA26_BW880_PA38_DG0_PF0_D1_S02_2,COph100/patient/061,COph100,sift_h,ok,True,True,True,0.0,3.0,7512.6695707462495,0.2001953125
44457d329100e928,COph100/061/061_M_GA26_BW880_PA32_DG0_PF0_D1_S01_2__061_M_GA26_BW880_PA38_DG0_PF0_D1_S02_2,COph100/patient/061,COph100,sp_lg_h,ok,False,False,False,57.604062491125404,-1.760453112854868,0.0007450678683626844,0.0
dcfb6c32faa692b8,COph100/061/061_M_GA26_BW880_PA32_DG0_PF0_D1_S01_2__061_M_GA26_BW880_PA38_DG0_PF0_D1_S02_2,COph100/patient/061,COph100,xfeat_h,ok,False,False,False,4.45951837069469,-0.6492879573120597,0.1124382163133713,0.0
b2dce5fd319b36cd,COph100/061/061_M_GA26_BW880_PA32_DG0_PF0_D1_S01_2__061_M_GA26_BW880_PA38_DG0_PF0_D1_S02_2,COph100/patient/061,COph100,xfeat_tps,ok,True,False,False,,3.0,10.355718339952293,0.0
e5492773d64ce838,COph100/061/061_M_GA26_BW880_PA32_DG0_PF0_D1_S01_2__061_M_GA26_BW880_PA42_DG0_PF0_D1_S03_7,COph100/patient/061,COph100,sift_h,ok,True,True,True,0.0,3.0,3125617.1330545386,0.634765625
9fdded8f4fbaf8fc,COph100/061/061_M_GA26_BW880_PA32_DG0_PF0_D1_S01_2__061_M_GA26_BW880_PA42_DG0_PF0_D1_S03_7,COph100/patient/061,COph100,sp_lg_h,ok,False,False,False,10.356394700492652,-1.015208593807971,0.020241939950945587,0.0
9ee86d8907dfdee0,COph100/061/061_M_GA26_BW880_PA32_DG0_PF0_D1_S01_2__061_M_GA26_BW880_PA42_DG0_PF0_D1_S03_7,COph100/patient/061,COph100,xfeat_h,ok,True,False,False,2.4412942581811614,-0.3876201296843909,0.33144877174603543,0.0
4eaa393b8a035b08,COph100/061/061_M_GA26_BW880_PA32_DG0_PF0_D1_S01_2__061_M_GA26_BW880_PA42_DG0_PF0_D1_S03_7,COph100/patient/061,COph100,xfeat_tps,ok,False,False,False,,3.0,8.909880685569656,0.0
1ff1a79073a8cef7,COph100/061/061_M_GA26_BW880_PA38_DG0_PF0_D1_S02_2__061_M_GA26_BW880_PA42_DG0_PF0_D1_S03_7,COph100/patient/061,COph100,sift_h,invalid_transform,True,False,False,,3.0,,
45442d7fcd759964,COph100/061/061_M_GA26_BW880_PA38_DG0_PF0_D1_S02_2__061_M_GA26_BW880_PA42_DG0_PF0_D1_S03_7,COph100/patient/061,COph100,sp_lg_h,ok,False,False,False,28.932413200901134,-1.4613846588856707,0.0031397606328490407,0.0
5e13725b258abc18,COph100/061/061_M_GA26_BW880_PA38_DG0_PF0_D1_S02_2__061_M_GA26_BW880_PA42_DG0_PF0_D1_S03_7,COph100/patient/061,COph100,xfeat_h,ok,False,False,False,10.269245139549373,-1.011538521126298,0.024418040995115287,0.0
a948640ccdc7298d,COph100/061/061_M_GA26_BW880_PA38_DG0_PF0_D1_S02_2__061_M_GA26_BW880_PA42_DG0_PF0_D1_S03_7,COph100/patient/061,COph100,xfeat_tps,ok,False,False,False,,3.0,9.433111430048225,0.0
1b08cd8ed2f1c22d,COph100/062-1/062_F_GA27_BW900_PA35_DG0_PF0_D1_S01_7__062_F_GA27_BW900_PA39_DG0_PF0_D1_S02_7,COph100/patient/062,COph100,sift_h,ok,True,True,True,0.0,3.0,2674.923910877637,0.4921875
a0da241d95235252,COph100/062-1/062_F_GA27_BW900_PA35_DG0_PF0_D1_S01_7__062_F_GA27_BW900_PA39_DG0_PF0_D1_S02_7,COph100/patient/062,COph100,sp_lg_h,ok,True,False,False,5.374663034789981,-0.7303512412911446,0.08833856084428524,0.0
4222724214347fc6,COph100/062-1/062_F_GA27_BW900_PA35_DG0_PF0_D1_S01_7__062_F_GA27_BW900_PA39_DG0_PF0_D1_S02_7,COph100/patient/062,COph100,xfeat_h,ok,True,False,False,62.925337972240406,-1.7988255568240534,0.0007015686306171946,0.0
39d5654e6b56a223,COph100/062-1/062_F_GA27_BW900_PA35_DG0_PF0_D1_S01_7__062_F_GA27_BW900_PA39_DG0_PF0_D1_S02_7,COph100/patient/062,COph100,xfeat_tps,ok,True,False,False,,3.0,9.874079859648898,0.0
d3e88b83d3857674,COph100/062/062_F_GA27_BW900_PA35_DG0_PF0_D1_S01_3__062_F_GA27_BW900_PA39_DG0_PF0_D1_S02_3,COph100/patient/062,COph100,sift_h,ok,True,True,False,0.0,3.0,25.040405759087747,0.9609375
fbebd0fe46451923,COph100/062/062_F_GA27_BW900_PA35_DG0_PF0_D1_S01_3__062_F_GA27_BW900_PA39_DG0_PF0_D1_S02_3,COph100/patient/062,COph100,sp_lg_h,ok,True,False,False,4.3481580903942465,-0.6383053257863172,0.1235797562315483,0.0
920cfd5772895e63,COph100/062/062_F_GA27_BW900_PA35_DG0_PF0_D1_S01_3__062_F_GA27_BW900_PA39_DG0_PF0_D1_S02_3,COph100/patient/062,COph100,xfeat_h,ok,True,False,False,10.709307984502109,-1.0297614084395088,0.022420947779140197,0.0
647a5a228bce998f,COph100/062/062_F_GA27_BW900_PA35_DG0_PF0_D1_S01_3__062_F_GA27_BW900_PA39_DG0_PF0_D1_S02_3,COph100/patient/062,COph100,xfeat_tps,ok,True,False,False,,3.0,6.599591047975018,0.0
f23ad07c86edec11,COph100/063/063_F_GA35_BW3000_PA36_DG0_PF0_D1_S01_3__063_F_GA35_BW3000_PA39_DG0_PF0_D1_S02_2,COph100/patient/063,COph100,sift_h,ok,True,False,False,1.0560537165607229,-0.023686009308195505,1.1937504286491771,0.0
b92a0643b5b15cb8,COph100/063/063_F_GA35_BW3000_PA36_DG0_PF0_D1_S01_3__063_F_GA35_BW3000_PA39_DG0_PF0_D1_S02_2,COph100/patient/063,COph100,sp_lg_h,ok,True,False,False,7.7179577515756845,-0.8875023968956824,0.04109762759487004,0.0
1789addfce55c1ac,COph100/063/063_F_GA35_BW3000_PA36_DG0_PF0_D1_S01_3__063_F_GA35_BW3000_PA39_DG0_PF0_D1_S02_2,COph100/patient/063,COph100,xfeat_h,ok,True,False,False,8.31579328420142,-0.9199036850068985,0.03773417377359366,0.0
4c99d1cb873ad963,COph100/063/063_F_GA35_BW3000_PA36_DG0_PF0_D1_S01_3__063_F_GA35_BW3000_PA39_DG0_PF0_D1_S02_2,COph100/patient/063,COph100,xfeat_tps,ok,True,False,False,,3.0,13.325725563440393,0.0
e93fd72df3738307,COph100/064-1/064_M_GA30_BW990_PA33_DG0_PF0_D1_S01_6__064_M_GA30_BW990_PA37_DG0_PF0_D1_S02_8,COph100/patient/064,COph100,sift_h,ok,True,True,False,0.0,3.0,10159.615566826506,0.9599609375
b4f6fca7fe0c909a,COph100/064-1/064_M_GA30_BW990_PA33_DG0_PF0_D1_S01_6__064_M_GA30_BW990_PA37_DG0_PF0_D1_S02_8,COph100/patient/064,COph100,sp_lg_h,ok,False,False,False,6.836752747253881,-0.8348498738235466,0.05607701027253985,0.0
cc04e38576f913b0,COph100/064-1/064_M_GA30_BW990_PA33_DG0_PF0_D1_S01_6__064_M_GA30_BW990_PA37_DG0_PF0_D1_S02_8,COph100/patient/064,COph100,xfeat_h,ok,True,False,False,5.8829785791421685,-0.7695972670552537,0.07555605735726872,0.0
be8ad2cbe2c1aab4,COph100/064-1/064_M_GA30_BW990_PA33_DG0_PF0_D1_S01_6__064_M_GA30_BW990_PA37_DG0_PF0_D1_S02_8,COph100/patient/064,COph100,xfeat_tps,ok,True,False,False,,3.0,12.772503840010401,0.0
f472556693730bde,COph100/064-1/064_M_GA30_BW990_PA33_DG0_PF0_D1_S01_6__064_M_GA30_BW990_PA40_DG0_PF0_D1_S03_3,COph100/patient/064,COph100,sift_h,ok,True,True,False,0.0,3.0,64773929.75217965,0.00390625
5a922824acc13668,COph100/064-1/064_M_GA30_BW990_PA33_DG0_PF0_D1_S01_6__064_M_GA30_BW990_PA40_DG0_PF0_D1_S03_3,COph100/patient/064,COph100,sp_lg_h,ok,True,False,False,8.074938549876002,-0.9071392260432259,0.03877768121435454,0.0
45d04f2f4d3fc9c8,COph100/064-1/064_M_GA30_BW990_PA33_DG0_PF0_D1_S01_6__064_M_GA30_BW990_PA40_DG0_PF0_D1_S03_3,COph100/patient/064,COph100,xfeat_h,ok,True,False,False,7.8525877156926915,-0.8950127962935348,0.04578200137556469,0.0
0456c43744014b26,COph100/064-1/064_M_GA30_BW990_PA33_DG0_PF0_D1_S01_6__064_M_GA30_BW990_PA40_DG0_PF0_D1_S03_3,COph100/patient/064,COph100,xfeat_tps,ok,True,False,False,,3.0,8.865308361735003,0.0
6942a827a4da3148,COph100/064-1/064_M_GA30_BW990_PA37_DG0_PF0_D1_S02_8__064_M_GA30_BW990_PA40_DG0_PF0_D1_S03_3,COph100/patient/064,COph100,sift_h,ok,True,True,True,0.0,3.0,104776859.9142634,0.2958984375
bc60effb7f8846ce,COph100/064-1/064_M_GA30_BW990_PA37_DG0_PF0_D1_S02_8__064_M_GA30_BW990_PA40_DG0_PF0_D1_S03_3,COph100/patient/064,COph100,sp_lg_h,ok,True,False,False,7.8367137971370715,-0.8941339862863926,0.03953463306286839,0.0
8befe257dce5e065,COph100/064-1/064_M_GA30_BW990_PA37_DG0_PF0_D1_S02_8__064_M_GA30_BW990_PA40_DG0_PF0_D1_S03_3,COph100/patient/064,COph100,xfeat_h,ok,True,False,False,4.080387730443234,-0.6107014329897061,0.15111706843885034,0.0
b77bb1dceaa3a451,COph100/064-1/064_M_GA30_BW990_PA37_DG0_PF0_D1_S02_8__064_M_GA30_BW990_PA40_DG0_PF0_D1_S03_3,COph100/patient/064,COph100,xfeat_tps,ok,True,False,False,,3.0,8.99274257917208,0.0
1939fa4d6c8f3898,COph100/064/064_M_GA30_BW990_PA33_DG0_PF0_D1_S01_4__064_M_GA30_BW990_PA37_DG0_PF0_D1_S02_4,COph100/patient/064,COph100,sift_h,ok,True,False,False,2.975849256024812,-0.47361092790383963,0.17053676131653184,0.0
4ebcb5da33c53780,COph100/064/064_M_GA30_BW990_PA33_DG0_PF0_D1_S01_4__064_M_GA30_BW990_PA37_DG0_PF0_D1_S02_4,COph100/patient/064,COph100,sp_lg_h,ok,True,False,False,8.890094893512446,-0.9489063966854977,0.03229684145132721,0.0
49edf3aed46ff702,COph100/064/064_M_GA30_BW990_PA33_DG0_PF0_D1_S01_4__064_M_GA30_BW990_PA37_DG0_PF0_D1_S02_4,COph100/patient/064,COph100,xfeat_h,ok,True,False,False,7.70289540400226,-0.8866540007077486,0.04361215238560961,0.0
88f386d541ec00b6,COph100/064/064_M_GA30_BW990_PA33_DG0_PF0_D1_S01_4__064_M_GA30_BW990_PA37_DG0_PF0_D1_S02_4,COph100/patient/064,COph100,xfeat_tps,ok,True,False,False,,3.0,12.81720940851839,0.0
ceddebe098576bb6,COph100/064/064_M_GA30_BW990_PA33_DG0_PF0_D1_S01_4__064_M_GA30_BW990_PA40_DG0_PF0_D1_S03_6,COph100/patient/064,COph100,sift_h,ok,True,True,False,0.0,3.0,7.052614929519966,0.041015625
f80557c2d2b8ff30,COph100/064/064_M_GA30_BW990_PA33_DG0_PF0_D1_S01_4__064_M_GA30_BW990_PA40_DG0_PF0_D1_S03_6,COph100/patient/064,COph100,sp_lg_h,ok,True,False,False,1.5494444841956319,-0.19017602030462188,0.7685642369510705,0.0
2cbff4962cc98f93,COph100/064/064_M_GA30_BW990_PA33_DG0_PF0_D1_S01_4__064_M_GA30_BW990_PA40_DG0_PF0_D1_S03_6,COph100/patient/064,COph100,xfeat_h,ok,True,False,False,3.6686652963345554,-0.5645080915363806,0.15258641486489116,0.0
6a6c261fb49def01,COph100/064/064_M_GA30_BW990_PA33_DG0_PF0_D1_S01_4__064_M_GA30_BW990_PA40_DG0_PF0_D1_S03_6,COph100/patient/064,COph100,xfeat_tps,ok,True,False,False,,3.0,7.593738508298199,0.0
5822c753e769ad75,COph100/064/064_M_GA30_BW990_PA37_DG0_PF0_D1_S02_4__064_M_GA30_BW990_PA40_DG0_PF0_D1_S03_6,COph100/patient/064,COph100,sift_h,ok,True,True,True,0.0,3.0,936684167.9423175,0.8818359375
b012b219a11e474e,COph100/064/064_M_GA30_BW990_PA37_DG0_PF0_D1_S02_4__064_M_GA30_BW990_PA40_DG0_PF0_D1_S03_6,COph100/patient/064,COph100,sp_lg_h,ok,True,False,False,9.966270999729367,-0.9985326921955541,0.024377739546369584,0.0
fe42a4944c4e9ca1,COph100/064/064_M_GA30_BW990_PA37_DG0_PF0_D1_S02_4__064_M_GA30_BW990_PA40_DG0_PF0_D1_S03_6,COph100/patient/064,COph100,xfeat_h,ok,True,False,False,3.250807043442826,-0.5119911920568725,0.2099057958723676,0.0
cbf4a2be794874b3,COph100/064/064_M_GA30_BW990_PA37_DG0_PF0_D1_S02_4__064_M_GA30_BW990_PA40_DG0_PF0_D1_S03_6,COph100/patient/064,COph100,xfeat_tps,ok,False,False,False,,3.0,5.709097861882278,0.0
f51d3707a93c4b45,COph100/065-1/065_M_GA27_BW950_PA32_DG0_PF0_D1_S01_8__065_M_GA27_BW950_PA34_DG0_PF0_D1_S02_7,COph100/patient/065,COph100,sift_h,ok,True,True,False,0.0,3.0,146.23257011243894,0.9189453125
a0a92d60502ef78c,COph100/065-1/065_M_GA27_BW950_PA32_DG0_PF0_D1_S01_8__065_M_GA27_BW950_PA34_DG0_PF0_D1_S02_7,COph100/patient/065,COph100,sp_lg_h,ok,False,False,False,24.392421348422033,-1.3872549133134648,0.004327122801375808,0.0
090c4ff35eda2a9c,COph100/065-1/065_M_GA27_BW950_PA32_DG0_PF0_D1_S01_8__065_M_GA27_BW950_PA34_DG0_PF0_D1_S02_7,COph100/patient/065,COph100,xfeat_h,ok,True,False,False,3.3198291423595414,-0.52111573296914,0.20195732011270973,0.0
5e37c5e5a26a9299,COph100/065-1/065_M_GA27_BW950_PA32_DG0_PF0_D1_S01_8__065_M_GA27_BW950_PA34_DG0_PF0_D1_S02_7,COph100/patient/065,COph100,xfeat_tps,ok,True,False,False,,3.0,5.6075160231298256,0.0
0c8857945b9d254b,COph100/065-1/065_M_GA27_BW950_PA32_DG0_PF0_D1_S01_8__065_M_GA27_BW950_PA36_DG0_PF0_D1_S03_4,COph100/patient/065,COph100,sift_h,ok,True,True,True,0.0,3.0,295253521547646.7,0.1240234375
3574c8fec9417466,COph100/065-1/065_M_GA27_BW950_PA32_DG0_PF0_D1_S01_8__065_M_GA27_BW950_PA36_DG0_PF0_D1_S03_4,COph100/patient/065,COph100,sp_lg_h,ok,True,False,False,0.239567132895329,0.6205727646687933,39.900755550593516,0.0
106931574c9c2c36,COph100/065-1/065_M_GA27_BW950_PA32_DG0_PF0_D1_S01_8__065_M_GA27_BW950_PA36_DG0_PF0_D1_S03_4,COph100/patient/065,COph100,xfeat_h,ok,True,False,False,2.8078384564919667,-0.4483721178907187,0.3192742591592391,0.0
9aff7b134fdf927d,COph100/065-1/065_M_GA27_BW950_PA32_DG0_PF0_D1_S01_8__065_M_GA27_BW950_PA36_DG0_PF0_D1_S03_4,COph100/patient/065,COph100,xfeat_tps,ok,True,False,False,,3.0,5.038750343034045,0.0
ca27b3d58cf420fd,COph100/065-1/065_M_GA27_BW950_PA34_DG0_PF0_D1_S02_7__065_M_GA27_BW950_PA36_DG0_PF0_D1_S03_4,COph100/patient/065,COph100,sift_h,ok,True,True,False,0.0,3.0,5543755.0826602895,0.095703125
96e64b7f364c6d79,COph100/065-1/065_M_GA27_BW950_PA34_DG0_PF0_D1_S02_7__065_M_GA27_BW950_PA36_DG0_PF0_D1_S03_4,COph100/patient/065,COph100,sp_lg_h,ok,True,False,False,7.759497092673975,-0.8898335747434691,0.04011089970797617,0.0
e2808d95c707ae92,COph100/065-1/065_M_GA27_BW950_PA34_DG0_PF0_D1_S02_7__065_M_GA27_BW950_PA36_DG0_PF0_D1_S03_4,COph100/patient/065,COph100,xfeat_h,ok,True,False,False,7.793986946993269,-0.8917596741210874,0.03860839766652421,0.0
3413822c9750948a,COph100/065-1/065_M_GA27_BW950_PA34_DG0_PF0_D1_S02_7__065_M_GA27_BW950_PA36_DG0_PF0_D1_S03_4,COph100/patient/065,COph100,xfeat_tps,ok,True,False,False,,3.0,5.139951343906069,0.0
8d88100eb043ad31,COph100/065/065_M_GA27_BW950_PA32_DG0_PF0_D1_S01_6__065_M_GA27_BW950_PA34_DG0_PF0_D1_S02_1,COph100/patient/065,COph100,sift_h,ok,True,True,False,0.0,3.0,616766.0974932207,0.974609375
87e8eff1ca6d590d,COph100/065/065_M_GA27_BW950_PA32_DG0_PF0_D1_S01_6__065_M_GA27_BW950_PA34_DG0_PF0_D1_S02_1,COph100/patient/065,COph100,sp_lg_h,ok,True,False,False,4.7088602213601085,-0.6729157989598229,0.09418272474750913,0.0
2d4add35b92d1d3b,COph100/065/065_M_GA27_BW950_PA32_DG0_PF0_D1_S01_6__065_M_GA27_BW950_PA34_DG0_PF0_D1_S02_1,COph100/patient/065,COph100,xfeat_h,ok,True,False,False,3.897290261402512,-0.5907627522722929,0.13584839229354972,0.0
cf8a73413b41f01f,COph100/065/065_M_GA27_BW950_PA32_DG0_PF0_D1_S01_6__065_M_GA27_BW950_PA34_DG0_PF0_D1_S02_1,COph100/patient/065,COph100,xfeat_tps,ok,True,False,False,,3.0,6.106520875762065,0.0
fa60e2b53578b4ab,COph100/065/065_M_GA27_BW950_PA32_DG0_PF0_D1_S01_6__065_M_GA27_BW950_PA36_DG0_PF0_D1_S03_1,COph100/patient/065,COph100,sift_h,ok,True,True,True,0.0,3.0,7964.281426572266,0.125
742cd9c8ab70aa78,COph100/065/065_M_GA27_BW950_PA32_DG0_PF0_D1_S01_6__065_M_GA27_BW950_PA36_DG0_PF0_D1_S03_1,COph100/patient/065,COph100,sp_lg_h,ok,True,False,False,10.466670113455578,-1.0198085363714975,0.020841525085982762,0.0
5b5b67278bde1b88,COph100/065/065_M_GA27_BW950_PA32_DG0_PF0_D1_S01_6__065_M_GA27_BW950_PA36_DG0_PF0_D1_S03_1,COph100/patient/065,COph100,xfeat_h,ok,True,False,False,1.2091640680350662,-0.08248523304270045,1.3124746752241627,0.0
fdd0e4a463363396,COph100/065/065_M_GA27_BW950_PA32_DG0_PF0_D1_S01_6__065_M_GA27_BW950_PA36_DG0_PF0_D1_S03_1,COph100/patient/065,COph100,xfeat_tps,ok,True,False,False,,3.0,11.202247920910388,0.0
9df4326d7712c5b2,COph100/065/065_M_GA27_BW950_PA34_DG0_PF0_D1_S02_1__065_M_GA27_BW950_PA36_DG0_PF0_D1_S03_1,COph100/patient/065,COph100,sift_h,ok,True,False,False,0.8431003644961563,0.07412072294065888,3.4666925586899744,0.0
582770fb193a91b8,COph100/065/065_M_GA27_BW950_PA34_DG0_PF0_D1_S02_1__065_M_GA27_BW950_PA36_DG0_PF0_D1_S03_1,COph100/patient/065,COph100,sp_lg_h,ok,True,False,False,6.842471319188116,-0.8352129857029953,0.0584847433549146,0.0
5564d53cb1af0cb9,COph100/065/065_M_GA27_BW950_PA34_DG0_PF0_D1_S02_1__065_M_GA27_BW950_PA36_DG0_PF0_D1_S03_1,COph100/patient/065,COph100,xfeat_h,ok,True,False,False,27.197699794891278,-1.434532175775823,0.003802184841521058,0.0
3213ec1be8ecc846,COph100/065/065_M_GA27_BW950_PA34_DG0_PF0_D1_S02_1__065_M_GA27_BW950_PA36_DG0_PF0_D1_S03_1,COph100/patient/065,COph100,xfeat_tps,ok,True,False,False,,3.0,5.039169927423921,0.0
afdd16457bb2e387,COph100/066-1/066_F_GA26_BW810_PA34_DG3_PF0_D1_S03_2__066_F_GA26_BW810_PA36_DG3_PF0_D1_S04_3,COph100/patient/066,COph100,sift_h,invalid_transform,True,False,False,,3.0,,
58ed7b617a890c07,COph100/066-1/066_F_GA26_BW810_PA34_DG3_PF0_D1_S03_2__066_F_GA26_BW810_PA36_DG3_PF0_D1_S04_3,COph100/patient/066,COph100,sp_lg_h,ok,False,False,False,12.467634354672635,-1.0957840569929511,0.016032829820619116,0.0
d16eb2cee2694a77,COph100/066-1/066_F_GA26_BW810_PA34_DG3_PF0_D1_S03_2__066_F_GA26_BW810_PA36_DG3_PF0_D1_S04_3,COph100/patient/066,COph100,xfeat_h,ok,False,False,False,17.91120655143041,-1.2531248421850965,0.007920492937234071,0.0
411f2ce3a15f5447,COph100/066-1/066_F_GA26_BW810_PA34_DG3_PF0_D1_S03_2__066_F_GA26_BW810_PA36_DG3_PF0_D1_S04_3,COph100/patient/066,COph100,xfeat_tps,ok,False,False,False,,3.0,14.53871832764457,0.0
7c63ad1e67527451,COph100/066-1/066_F_GA26_BW810_PA34_DG3_PF0_D1_S03_2__066_F_GA26_BW810_PA40_DG3_PF0_D1_S05_3,COph100/patient/066,COph100,sift_h,ok,True,True,False,0.0,3.0,18802982.3504108,0.0546875
6c252de333035f8b,COph100/066-1/066_F_GA26_BW810_PA34_DG3_PF0_D1_S03_2__066_F_GA26_BW810_PA40_DG3_PF0_D1_S05_3,COph100/patient/066,COph100,sp_lg_h,ok,True,False,False,5.300841152125217,-0.7243447901179343,0.08045430682340918,0.0
05895c9ccdf57666,COph100/066-1/066_F_GA26_BW810_PA34_DG3_PF0_D1_S03_2__066_F_GA26_BW810_PA40_DG3_PF0_D1_S05_3,COph100/patient/066,COph100,xfeat_h,ok,False,False,False,9.510591072389895,-0.9782075086829851,0.026660541611151844,0.0
e464cf2d5ff8a9e4,COph100/066-1/066_F_GA26_BW810_PA34_DG3_PF0_D1_S03_2__066_F_GA26_BW810_PA40_DG3_PF0_D1_S05_3,COph100/patient/066,COph100,xfeat_tps,ok,False,False,False,,3.0,9.450392341382322,0.0
92a8ea99cb5d05b9,COph100/066-1/066_F_GA26_BW810_PA34_DG3_PF0_D1_S03_2__066_F_GA26_BW810_PA42_DG3_PF0_D1_S06_1,COph100/patient/066,COph100,sift_h,ok,True,True,False,0.0,3.0,7389.271276090497,0.970703125
f2aaee13ef994dee,COph100/066-1/066_F_GA26_BW810_PA34_DG3_PF0_D1_S03_2__066_F_GA26_BW810_PA42_DG3_PF0_D1_S06_1,COph100/patient/066,COph100,sp_lg_h,ok,True,False,False,3.6736904870762586,-0.5651025636689692,0.1602503013266744,0.0
3778d78a1f87a677,COph100/066-1/066_F_GA26_BW810_PA34_DG3_PF0_D1_S03_2__066_F_GA26_BW810_PA42_DG3_PF0_D1_S06_1,COph100/patient/066,COph100,xfeat_h,ok,True,False,False,2.718762308719968,-0.4343712404953326,0.30652548528962065,0.0
0afc14da90e8edfc,COph100/066-1/066_F_GA26_BW810_PA34_DG3_PF0_D1_S03_2__066_F_GA26_BW810_PA42_DG3_PF0_D1_S06_1,COph100/patient/066,COph100,xfeat_tps,ok,True,False,False,,3.0,9.421138290155035,0.0
6f8a4ca623cde3ac,COph100/066-1/066_F_GA26_BW810_PA36_DG3_PF0_D1_S04_3__066_F_GA26_BW810_PA40_DG3_PF0_D1_S05_3,COph100/patient/066,COph100,sift_h,ok,True,True,False,0.0,3.0,82316.64370766438,0.9658203125
b2b7603c12bdeaf6,COph100/066-1/066_F_GA26_BW810_PA36_DG3_PF0_D1_S04_3__066_F_GA26_BW810_PA40_DG3_PF0_D1_S05_3,COph100/patient/066,COph100,sp_lg_h,ok,False,False,False,14.045740183657289,-1.147544630629637,0.01362347942419291,0.0
9a4eeef8a4d8054a,COph100/066-1/066_F_GA26_BW810_PA36_DG3_PF0_D1_S04_3__066_F_GA26_BW810_PA40_DG3_PF0_D1_S05_3,COph100/patient/066,COph100,xfeat_h,ok,False,False,False,17.06833014245808,-1.2321910345658267,0.009328586102693787,0.0
f6274a83f9e13b8e,COph100/066-1/066_F_GA26_BW810_PA36_DG3_PF0_D1_S04_3__066_F_GA26_BW810_PA40_DG3_PF0_D1_S05_3,COph100/patient/066,COph100,xfeat_tps,ok,False,False,False,,3.0,13.62777774465262,0.0
4a3bb00341e822ff,COph100/066-1/066_F_GA26_BW810_PA36_DG3_PF0_D1_S04_3__066_F_GA26_BW810_PA42_DG3_PF0_D1_S06_1,COph100/patient/066,COph100,sift_h,ok,True,False,False,0.1094248506515282,0.9608840374611262,215.34907862360774,1.0
8758cf24fc87336e,COph100/066-1/066_F_GA26_BW810_PA36_DG3_PF0_D1_S04_3__066_F_GA26_BW810_PA42_DG3_PF0_D1_S06_1,COph100/patient/066,COph100,sp_lg_h,ok,False,False,False,9.534107203220243,-0.9792800309039287,0.02778027812245678,0.0
540274bdcdaf6a98,COph100/066-1/066_F_GA26_BW810_PA36_DG3_PF0_D1_S04_3__066_F_GA26_BW810_PA42_DG3_PF0_D1_S06_1,COph100/patient/066,COph100,xfeat_h,ok,False,False,False,42.78583865398683,-1.6313000491038343,0.0015000740512337448,0.0
64ee5bad51dbe602,COph100/066-1/066_F_GA26_BW810_PA36_DG3_PF0_D1_S04_3__066_F_GA26_BW810_PA42_DG3_PF0_D1_S06_1,COph100/patient/066,COph100,xfeat_tps,ok,False,False,False,,3.0,11.264048360518851,0.0
cde36f977be2fbe3,COph100/066-1/066_F_GA26_BW810_PA40_DG3_PF0_D1_S05_3__066_F_GA26_BW810_PA42_DG3_PF0_D1_S06_1,COph100/patient/066,COph100,sift_h,ok,True,True,True,0.0,3.0,8688.203147080088,0.923828125
9962466ae2ed5d30,COph100/066-1/066_F_GA26_BW810_PA40_DG3_PF0_D1_S05_3__066_F_GA26_BW810_PA42_DG3_PF0_D1_S06_1,COph100/patient/066,COph100,sp_lg_h,ok,False,False,False,62.808255929011644,-1.7980167340039368,0.0006951721611339362,0.0
27f6aaa9bdc32f36,COph100/066-1/066_F_GA26_BW810_PA40_DG3_PF0_D1_S05_3__066_F_GA26_BW810_PA42_DG3_PF0_D1_S06_1,COph100/patient/066,COph100,xfeat_h,ok,False,False,False,18.53337586508444,-1.2679545335143887,0.007868549770186736,0.0
25baec3c05fd37f8,COph100/066-1/066_F_GA26_BW810_PA40_DG3_PF0_D1_S05_3__066_F_GA26_BW810_PA42_DG3_PF0_D1_S06_1,COph100/patient/066,COph100,xfeat_tps,ok,False,False,False,,3.0,11.851689615263574,0.0
975f263b966e2e8b,COph100/066/066_F_GA26_BW810_PA31_DG1_PF0_D1_S01_5__066_F_GA26_BW810_PA32_DG2_PF0_D1_S02_15,COph100/patient/066,COph100,sift_h,invalid_transform,True,False,False,,3.0,,
057aa134e9ce1822,COph100/066/066_F_GA26_BW810_PA31_DG1_PF0_D1_S01_5__066_F_GA26_BW810_PA32_DG2_PF0_D1_S02_15,COph100/patient/066,COph100,sp_lg_h,ok,False,False,False,15.41853499835591,-1.1880431109162664,0.011214802020309724,0.0
a9794034eaeb8b3f,COph100/066/066_F_GA26_BW810_PA31_DG1_PF0_D1_S01_5__066_F_GA26_BW810_PA32_DG2_PF0_D1_S02_15,COph100/patient/066,COph100,xfeat_h,ok,False,False,False,18.67155981994423,-1.2711806003753188,0.007712501332770044,0.0
689650f8e60cc521,COph100/066/066_F_GA26_BW810_PA31_DG1_PF0_D1_S01_5__066_F_GA26_BW810_PA32_DG2_PF0_D1_S02_15,COph100/patient/066,COph100,xfeat_tps,ok,False,False,False,,3.0,11.575001448214259,0.0
c26d032c18525b98,COph100/066/066_F_GA26_BW810_PA31_DG1_PF0_D1_S01_5__066_F_GA26_BW810_PA34_DG3_PF0_D1_S03_4,COph100/patient/066,COph100,sift_h,ok,True,False,False,0.5703949098360684,0.24382435875221325,7.311358252520711,0.0
55a9d936ae8fc8c2,COph100/066/066_F_GA26_BW810_PA31_DG1_PF0_D1_S01_5__066_F_GA26_BW810_PA34_DG3_PF0_D1_S03_4,COph100/patient/066,COph100,sp_lg_h,ok,False,False,False,51.02599710844269,-1.7077915000997876,0.0010385945179555585,0.0
441afb34df049bf5,COph100/066/066_F_GA26_BW810_PA31_DG1_PF0_D1_S01_5__066_F_GA26_BW810_PA34_DG3_PF0_D1_S03_4,COph100/patient/066,COph100,xfeat_h,ok,False,False,False,7.349953363121298,-0.8662845834102723,0.045176671347558685,0.0
6128f943fb7abcc2,COph100/066/066_F_GA26_BW810_PA31_DG1_PF0_D1_S01_5__066_F_GA26_BW810_PA34_DG3_PF0_D1_S03_4,COph100/patient/066,COph100,xfeat_tps,ok,False,False,False,,3.0,10.141997371325076,0.0
0350947c881f4354,COph100/066/066_F_GA26_BW810_PA31_DG1_PF0_D1_S01_5__066_F_GA26_BW810_PA36_DG3_PF0_D1_S04_7,COph100/patient/066,COph100,sift_h,ok,True,True,True,0.0,3.0,0.03331634941475412,0.875
64cbab9225e339fb,COph100/066/066_F_GA26_BW810_PA31_DG1_PF0_D1_S01_5__066_F_GA26_BW810_PA36_DG3_PF0_D1_S04_7,COph100/patient/066,COph100,sp_lg_h,ok,False,False,False,4.4876478459981275,-0.6520187696963401,0.10689907301578119,0.0
6f55ae4a9ea83d60,COph100/066/066_F_GA26_BW810_PA31_DG1_PF0_D1_S01_5__066_F_GA26_BW810_PA36_DG3_PF0_D1_S04_7,COph100/patient/066,COph100,xfeat_h,ok,True,False,False,0.8975385857912902,0.04694687173457712,2.5112551587275886,0.0
1f1d5623fd9f91bc,COph100/066/066_F_GA26_BW810_PA31_DG1_PF0_D1_S01_5__066_F_GA26_BW810_PA36_DG3_PF0_D1_S04_7,COph100/patient/066,COph100,xfeat_tps,ok,True,False,False,,3.0,7.87207692846108,0.0
c801870b60af4d4c,COph100/066/066_F_GA26_BW810_PA31_DG1_PF0_D1_S01_5__066_F_GA26_BW810_PA40_DG3_PF0_D1_S05_9,COph100/patient/066,COph100,sift_h,ok,True,True,False,0.0,3.0,28.080932099547685,0.03125
24d6c7ca56141284,COph100/066/066_F_GA26_BW810_PA31_DG1_PF0_D1_S01_5__066_F_GA26_BW810_PA40_DG3_PF0_D1_S05_9,COph100/patient/066,COph100,sp_lg_h,ok,False,False,False,9.216813416694459,-0.9645807958092909,0.025426699608527854,0.0
2a3b44171b4458b2,COph100/066/066_F_GA26_BW810_PA31_DG1_PF0_D1_S01_5__066_F_GA26_BW810_PA40_DG3_PF0_D1_S05_9,COph100/patient/066,COph100,xfeat_h,ok,True,False,False,20.53062615490397,-1.3124021949367266,0.0064160444276139305,0.0
6804554d534951f3,COph100/066/066_F_GA26_BW810_PA31_DG1_PF0_D1_S01_5__066_F_GA26_BW810_PA40_DG3_PF0_D1_S05_9,COph100/patient/066,COph100,xfeat_tps,ok,True,False,False,,3.0,4.854452845124397,0.0
17887d1a00a880d1,COph100/066/066_F_GA26_BW810_PA31_DG1_PF0_D1_S01_5__066_F_GA26_BW810_PA42_DG3_PF0_D1_S06_12,COph100/patient/066,COph100,sift_h,ok,True,True,False,0.0,3.0,8907.935863758052,0.0263671875
36d5cec60e852fd1,COph100/066/066_F_GA26_BW810_PA31_DG1_PF0_D1_S01_5__066_F_GA26_BW810_PA42_DG3_PF0_D1_S06_12,COph100/patient/066,COph100,sp_lg_h,ok,True,False,False,2.8072821652385485,-0.4482860665879039,0.21200391478333835,0.0
6e64dbb22c332b9d,COph100/066/066_F_GA26_BW810_PA31_DG1_PF0_D1_S01_5__066_F_GA26_BW810_PA42_DG3_PF0_D1_S06_12,COph100/patient/066,COph100,xfeat_h,ok,True,False,False,1.1676467406294324,-0.06731147137177639,1.5394834925018488,0.0
ef28ca335d32ce88,COph100/066/066_F_GA26_BW810_PA31_DG1_PF0_D1_S01_5__066_F_GA26_BW810_PA42_DG3_PF0_D1_S06_12,COph100/patient/066,COph100,xfeat_tps,ok,True,False,False,,3.0,6.3421325183355926,0.0
534c23df8c4f94dc,COph100/066/066_F_GA26_BW810_PA32_DG2_PF0_D1_S02_15__066_F_GA26_BW810_PA34_DG3_PF0_D1_S03_4,COph100/patient/066,COph100,sift_h,ok,True,False,False,0.5304498175057697,0.2753556956668724,7.009696949555563,0.0
24fe0bc4ffebdd1b,COph100/066/066_F_GA26_BW810_PA32_DG2_PF0_D1_S02_15__066_F_GA26_BW810_PA34_DG3_PF0_D1_S03_4,COph100/patient/066,COph100,sp_lg_h,ok,False,False,False,5.736438014163032,-0.7586423051198691,0.07530803911298885,0.0
c85cae173f202142,COph100/066/066_F_GA26_BW810_PA32_DG2_PF0_D1_S02_15__066_F_GA26_BW810_PA34_DG3_PF0_D1_S03_4,COph100/patient/066,COph100,xfeat_h,ok,False,False,False,10.241659046131478,-1.0103703136924391,0.02471530195612137,0.0
44187754a2e58603,COph100/066/066_F_GA26_BW810_PA32_DG2_PF0_D1_S02_15__066_F_GA26_BW810_PA34_DG3_PF0_D1_S03_4,COph100/patient/066,COph100,xfeat_tps,ok,False,False,False,,3.0,9.52853260643456,0.0
773c08aca62a7632,COph100/066/066_F_GA26_BW810_PA32_DG2_PF0_D1_S02_15__066_F_GA26_BW810_PA36_DG3_PF0_D1_S04_7,COph100/patient/066,COph100,sift_h,ok,True,True,False,0.0,3.0,164.80219061735164,0.9326171875
954846f5f0fb0e75,COph100/066/066_F_GA26_BW810_PA32_DG2_PF0_D1_S02_15__066_F_GA26_BW810_PA36_DG3_PF0_D1_S04_7,COph100/patient/066,COph100,sp_lg_h,ok,False,False,False,5.611051835604615,-0.7490442807891934,0.0736807766920356,0.0
bfc5499fad21a8cc,COph100/066/066_F_GA26_BW810_PA32_DG2_PF0_D1_S02_15__066_F_GA26_BW810_PA36_DG3_PF0_D1_S04_7,COph100/patient/066,COph100,xfeat_h,ok,True,False,False,3.5971220601512774,-0.5559551748634826,0.16723923968705,0.0
69ddfbcdbbb3fb95,COph100/066/066_F_GA26_BW810_PA32_DG2_PF0_D1_S02_15__066_F_GA26_BW810_PA36_DG3_PF0_D1_S04_7,COph100/patient/066,COph100,xfeat_tps,ok,False,False,False,,3.0,9.339642039663538,0.0
2413dec40a15370b,COph100/066/066_F_GA26_BW810_PA32_DG2_PF0_D1_S02_15__066_F_GA26_BW810_PA40_DG3_PF0_D1_S05_9,COph100/patient/066,COph100,sift_h,ok,True,True,True,0.0,3.0,6398.4403167539185,0.3623046875
588a88be47fb0f81,COph100/066/066_F_GA26_BW810_PA32_DG2_PF0_D1_S02_15__066_F_GA26_BW810_PA40_DG3_PF0_D1_S05_9,COph100/patient/066,COph100,sp_lg_h,ok,True,False,False,3.1828578264249554,-0.5028172397588833,0.1840615126942742,0.0
44518f688324fca5,COph100/066/066_F_GA26_BW810_PA32_DG2_PF0_D1_S02_15__066_F_GA26_BW810_PA40_DG3_PF0_D1_S05_9,COph100/patient/066,COph100,xfeat_h,ok,True,False,False,3.769526384249341,-0.5762867874396876,0.14825481900948043,0.0
85e23001c5f2ef62,COph100/066/066_F_GA26_BW810_PA32_DG2_PF0_D1_S02_15__066_F_GA26_BW810_PA40_DG3_PF0_D1_S05_9,COph100/patient/066,COph100,xfeat_tps,ok,False,False,False,,3.0,8.480002507351607,0.0
677b80f654dd9210,COph100/066/066_F_GA26_BW810_PA32_DG2_PF0_D1_S02_15__066_F_GA26_BW810_PA42_DG3_PF0_D1_S06_12,COph100/patient/066,COph100,sift_h,ok,True,True,True,0.0,3.0,2625106.8079645224,0.587890625
619b5c06fdc03fe6,COph100/066/066_F_GA26_BW810_PA32_DG2_PF0_D1_S02_15__066_F_GA26_BW810_PA42_DG3_PF0_D1_S06_12,COph100/patient/066,COph100,sp_lg_h,ok,False,False,False,5.286588710106665,-0.7231755241597552,0.07453207345235906,0.0
8065bab3f3636e1d,COph100/066/066_F_GA26_BW810_PA32_DG2_PF0_D1_S02_15__066_F_GA26_BW810_PA42_DG3_PF0_D1_S06_12,COph100/patient/066,COph100,xfeat_h,ok,True,False,False,0.9973846309253797,0.00113732827298547,2.0741849636091443,0.0
212bac5a716774b8,COph100/066/066_F_GA26_BW810_PA32_DG2_PF0_D1_S02_15__066_F_GA26_BW810_PA42_DG3_PF0_D1_S06_12,COph100/patient/066,COph100,xfeat_tps,ok,True,False,False,,3.0,8.395217669406158,0.0
4c374096f7795c9a,COph100/066/066_F_GA26_BW810_PA34_DG3_PF0_D1_S03_4__066_F_GA26_BW810_PA36_DG3_PF0_D1_S04_7,COph100/patient/066,COph100,sift_h,invalid_transform,True,False,False,,3.0,,
860d5ca5e3dde896,COph100/066/066_F_GA26_BW810_PA34_DG3_PF0_D1_S03_4__066_F_GA26_BW810_PA36_DG3_PF0_D1_S04_7,COph100/patient/066,COph100,sp_lg_h,ok,False,False,False,7.46581306005671,-0.873077111226202,0.0413799483870516,0.0
f5f5233ceb7961ce,COph100/066/066_F_GA26_BW810_PA34_DG3_PF0_D1_S03_4__066_F_GA26_BW810_PA36_DG3_PF0_D1_S04_7,COph100/patient/066,COph100,xfeat_h,ok,True,False,False,4.875586451264638,-0.6880268615176126,0.08944994550082308,0.0
62ddcdf76814542c,COph100/066/066_F_GA26_BW810_PA34_DG3_PF0_D1_S03_4__066_F_GA26_BW810_PA36_DG3_PF0_D1_S04_7,COph100/patient/066,COph100,xfeat_tps,ok,False,False,False,,3.0,8.546627192390076,0.0
ae20998c834bc657,COph100/066/066_F_GA26_BW810_PA34_DG3_PF0_D1_S03_4__066_F_GA26_BW810_PA40_DG3_PF0_D1_S05_9,COph100/patient/066,COph100,sift_h,invalid_transform,True,False,False,,3.0,,
e7d6977d8c729759,COph100/066/066_F_GA26_BW810_PA34_DG3_PF0_D1_S03_4__066_F_GA26_BW810_PA40_DG3_PF0_D1_S05_9,COph100/patient/066,COph100,sp_lg_h,ok,False,False,False,16.41276782813162,-1.2151818260940699,0.008578407695608383,0.0
88996c668704a118,COph100/066/066_F_GA26_BW810_PA34_DG3_PF0_D1_S03_4__066_F_GA26_BW810_PA40_DG3_PF0_D1_S05_9,COph100/patient/066,COph100,xfeat_h,ok,False,False,False,15.609115002554994,-1.1933782803588633,0.008975292246583869,0.0
fd681dc4f24c4fb8,COph100/066/066_F_GA26_BW810_PA34_DG3_PF0_D1_S03_4__066_F_GA26_BW810_PA40_DG3_PF0_D1_S05_9,COph100/patient/066,COph100,xfeat_tps,ok,False,False,False,,3.0,8.917399238470704,0.0
ffdd25f6a5653c9c,COph100/066/066_F_GA26_BW810_PA34_DG3_PF0_D1_S03_4__066_F_GA26_BW810_PA42_DG3_PF0_D1_S06_12,COph100/patient/066,COph100,sift_h,invalid_transform,True,False,False,,3.0,,
d060b2b7e2cd68b1,COph100/066/066_F_GA26_BW810_PA34_DG3_PF0_D1_S03_4__066_F_GA26_BW810_PA42_DG3_PF0_D1_S06_12,COph100/patient/066,COph100,sp_lg_h,ok,False,False,False,4.576016891966,-0.6604876189480101,0.10161700609017595,0.0
26644a04e0716e06,COph100/066/066_F_GA26_BW810_PA34_DG3_PF0_D1_S03_4__066_F_GA26_BW810_PA42_DG3_PF0_D1_S06_12,COph100/patient/066,COph100,xfeat_h,ok,True,False,False,7.138633885995189,-0.8536151091795973,0.046875931984710906,0.0
16e08ce92124729e,COph100/066/066_F_GA26_BW810_PA34_DG3_PF0_D1_S03_4__066_F_GA26_BW810_PA42_DG3_PF0_D1_S06_12,COph100/patient/066,COph100,xfeat_tps,ok,True,False,False,,3.0,9.974661298525984,0.0
e773f7be244d205a,COph100/066/066_F_GA26_BW810_PA36_DG3_PF0_D1_S04_7__066_F_GA26_BW810_PA40_DG3_PF0_D1_S05_9,COph100/patient/066,COph100,sift_h,ok,True,True,True,0.0,3.0,9318904.30201281,0.115234375
f163b857fad1ea9c,COph100/066/066_F_GA26_BW810_PA36_DG3_PF0_D1_S04_7__066_F_GA26_BW810_PA40_DG3_PF0_D1_S05_9,COph100/patient/066,COph100,sp_lg_h,ok,False,False,False,7.07457776745391,-0.849700524940232,0.049896632867371365,0.0
bc9067fd656631a5,COph100/066/066_F_GA26_BW810_PA36_DG3_PF0_D1_S04_7__066_F_GA26_BW810_PA40_DG3_PF0_D1_S05_9,COph100/patient/066,COph100,xfeat_h,ok,False,False,False,10.257823646198245,-1.0110552283482444,0.023803038322463207,0.0
d46af0677513c539,COph100/066/066_F_GA26_BW810_PA36_DG3_PF0_D1_S04_7__066_F_GA26_BW810_PA40_DG3_PF0_D1_S05_9,COph100/patient/066,COph100,xfeat_tps,ok,False,False,False,,3.0,7.7542497756372075,0.0
1d5e8050c1e3f2dc,COph100/066/066_F_GA26_BW810_PA36_DG3_PF0_D1_S04_7__066_F_GA26_BW810_PA42_DG3_PF0_D1_S06_12,COph100/patient/066,COph100,sift_h,ok,True,True,True,0.0,3.0,55835257.61722336,0.453125
1a79f69a4539be08,COph100/066/066_F_GA26_BW810_PA36_DG3_PF0_D1_S04_7__066_F_GA26_BW810_PA42_DG3_PF0_D1_S06_12,COph100/patient/066,COph100,sp_lg_h,ok,False,False,False,10.309377534602016,-1.0132324439984997,0.02323975127414463,0.0
046b21a40a767146,COph100/066/066_F_GA26_BW810_PA36_DG3_PF0_D1_S04_7__066_F_GA26_BW810_PA42_DG3_PF0_D1_S06_12,COph100/patient/066,COph100,xfeat_h,ok,False,False,False,73.2483050402885,-1.8647975796040792,0.0004886018223722121,0.0
1aef94b35f3e06d0,COph100/066/066_F_GA26_BW810_PA36_DG3_PF0_D1_S04_7__066_F_GA26_BW810_PA42_DG3_PF0_D1_S06_12,COph100/patient/066,COph100,xfeat_tps,ok,False,False,False,,3.0,10.193891736308963,0.0
0e5a27f04023dd6d,COph100/066/066_F_GA26_BW810_PA40_DG3_PF0_D1_S05_9__066_F_GA26_BW810_PA42_DG3_PF0_D1_S06_12,COph100/patient/066,COph100,sift_h,ok,True,False,False,1.8238756153316666,-0.2609952169874291,0.6998377023810173,0.0
8aa00181c2ecc2a3,COph100/066/066_F_GA26_BW810_PA40_DG3_PF0_D1_S05_9__066_F_GA26_BW810_PA42_DG3_PF0_D1_S06_12,COph100/patient/066,COph100,sp_lg_h,ok,False,False,False,20.31292227148359,-1.3077724066684997,0.006571487953130724,0.0
3e1c1f2d8cf893f2,COph100/066/066_F_GA26_BW810_PA40_DG3_PF0_D1_S05_9__066_F_GA26_BW810_PA42_DG3_PF0_D1_S06_12,COph100/patient/066,COph100,xfeat_h,ok,False,False,False,18.126887800022608,-1.2583232466052168,0.008051643992671135,0.0
ac543c45cdbe515a,COph100/066/066_F_GA26_BW810_PA40_DG3_PF0_D1_S05_9__066_F_GA26_BW810_PA42_DG3_PF0_D1_S06_12,COph100/patient/066,COph100,xfeat_tps,ok,False,False,False,,3.0,12.318395118166055,0.0
d11274edf91ec522,COph100/067-1/067_F_GA32_BW2100_PA33_DG0_PF0_D1_S01_5__067_F_GA32_BW2100_PA40_DG0_PF0_D1_S02_8,COph100/patient/067,COph100,sift_h,invalid_transform,True,False,False,,3.0,,
57522f2e2a10a990,COph100/067-1/067_F_GA32_BW2100_PA33_DG0_PF0_D1_S01_5__067_F_GA32_BW2100_PA40_DG0_PF0_D1_S02_8,COph100/patient/067,COph100,sp_lg_h,ok,False,False,False,14.32445446012932,-1.156078091060578,0.01105739528817044,0.0
fe2744d638e75e03,COph100/067-1/067_F_GA32_BW2100_PA33_DG0_PF0_D1_S01_5__067_F_GA32_BW2100_PA40_DG0_PF0_D1_S02_8,COph100/patient/067,COph100,xfeat_h,ok,False,False,False,1.775758853588047,-0.24938398865725528,0.7072998507737074,0.0
d98e269cc8a310d5,COph100/067-1/067_F_GA32_BW2100_PA33_DG0_PF0_D1_S01_5__067_F_GA32_BW2100_PA40_DG0_PF0_D1_S02_8,COph100/patient/067,COph100,xfeat_tps,ok,False,False,False,,3.0,5.372276789437233,0.0
ca4ea74d6d7579f8,COph100/067/067_F_GA32_BW2100_PA33_DG0_PF0_D1_S01_2__067_F_GA32_BW2100_PA40_DG0_PF0_D1_S02_11,COph100/patient/067,COph100,sift_h,ok,True,True,True,0.0,3.0,5188.733578718957,0.2294921875
222054212080f4be,COph100/067/067_F_GA32_BW2100_PA33_DG0_PF0_D1_S01_2__067_F_GA32_BW2100_PA40_DG0_PF0_D1_S02_11,COph100/patient/067,COph100,sp_lg_h,ok,True,False,False,2.6569941437309272,-0.42439059718478045,0.27648382052250026,0.0
f008a3d0e69b8a75,COph100/067/067_F_GA32_BW2100_PA33_DG0_PF0_D1_S01_2__067_F_GA32_BW2100_PA40_DG0_PF0_D1_S02_11,COph100/patient/067,COph100,xfeat_h,ok,True,False,False,2.540583371885854,-0.40493345130530484,0.29753322400116555,0.0
c85a22f702aadcba,COph100/067/067_F_GA32_BW2100_PA33_DG0_PF0_D1_S01_2__067_F_GA32_BW2100_PA40_DG0_PF0_D1_S02_11,COph100/patient/067,COph100,xfeat_tps,ok,True,False,False,,3.0,11.524922514257716,0.0
4a37b49b57b2fd8c,COph100/068-1/068_M_GA35_BW2210_PA38_DG0_PF0_D1_S01_4__068_M_GA35_BW2210_PA42_DG0_PF0_D1_S02_4,COph100/patient/068,COph100,sift_h,ok,True,False,False,2.297790813248894,-0.36131048876178934,0.3988410310452202,0.0
7a97dc18d8aa52bf,COph100/068-1/068_M_GA35_BW2210_PA38_DG0_PF0_D1_S01_4__068_M_GA35_BW2210_PA42_DG0_PF0_D1_S02_4,COph100/patient/068,COph100,sp_lg_h,ok,False,False,False,3.4901317678672767,-0.5428418238008329,0.2045784336326653,0.0
455800c8f2a87be1,COph100/068-1/068_M_GA35_BW2210_PA38_DG0_PF0_D1_S01_4__068_M_GA35_BW2210_PA42_DG0_PF0_D1_S02_4,COph100/patient/068,COph100,xfeat_h,ok,True,False,False,7.4250272963120265,-0.8706980545705159,0.047120613187113,0.0
255a144d8be72553,COph100/068-1/068_M_GA35_BW2210_PA38_DG0_PF0_D1_S01_4__068_M_GA35_BW2210_PA42_DG0_PF0_D1_S02_4,COph100/patient/068,COph100,xfeat_tps,ok,True,False,False,,3.0,8.873636624187677,0.0
aeb8df1496527651,COph100/068/068_M_GA35_BW2210_PA38_DG0_PF0_D1_S01_1__068_M_GA35_BW2210_PA42_DG0_PF0_D1_S02_1,COph100/patient/068,COph100,sift_h,ok,True,True,True,0.0,3.0,22263.971550718812,0.25
cb8a3fc35d8b56ab,COph100/068/068_M_GA35_BW2210_PA38_DG0_PF0_D1_S01_1__068_M_GA35_BW2210_PA42_DG0_PF0_D1_S02_1,COph100/patient/068,COph100,sp_lg_h,ok,False,False,False,19.63957991133818,-1.2931321940344882,0.00674129975565934,0.0
61b2b9ee806b05a3,COph100/068/068_M_GA35_BW2210_PA38_DG0_PF0_D1_S01_1__068_M_GA35_BW2210_PA42_DG0_PF0_D1_S02_1,COph100/patient/068,COph100,xfeat_h,ok,False,False,False,14.085930324636784,-1.1487855358452796,0.012770934292986653,0.0
cc8d569144a15120,COph100/068/068_M_GA35_BW2210_PA38_DG0_PF0_D1_S01_1__068_M_GA35_BW2210_PA42_DG0_PF0_D1_S02_1,COph100/patient/068,COph100,xfeat_tps,ok,False,False,False,,3.0,8.171271295569486,0.0
4fccf0581dea4cc9,COph100/069-1/069_M_GA30_BW1100_PA32_DG1_PF0_D1_S01_6__069_M_GA30_BW1100_PA34_DG1_PF0_D1_S02_6,COph100/patient/069,COph100,sift_h,ok,True,True,False,0.0,3.0,10059646.928906007,0.9951171875
18b3416d7d86c537,COph100/069-1/069_M_GA30_BW1100_PA32_DG1_PF0_D1_S01_6__069_M_GA30_BW1100_PA34_DG1_PF0_D1_S02_6,COph100/patient/069,COph100,sp_lg_h,ok,True,False,False,10.31007844677138,-1.0132619697326264,0.024406474813870434,0.0
54603425c851db2f,COph100/069-1/069_M_GA30_BW1100_PA32_DG1_PF0_D1_S01_6__069_M_GA30_BW1100_PA34_DG1_PF0_D1_S02_6,COph100/patient/069,COph100,xfeat_h,ok,True,False,False,20.990338356658505,-1.3220194393087146,0.005967259268486946,0.0
d933d4c2e730e8e3,COph100/069-1/069_M_GA30_BW1100_PA32_DG1_PF0_D1_S01_6__069_M_GA30_BW1100_PA34_DG1_PF0_D1_S02_6,COph100/patient/069,COph100,xfeat_tps,ok,True,False,False,,3.0,7.700196653236361,0.0
d5f678748f4e02bf,COph100/069-1/069_M_GA30_BW1100_PA32_DG1_PF0_D1_S01_6__069_M_GA30_BW1100_PA36_DG2_PF0_D1_S03_8,COph100/patient/069,COph100,sift_h,ok,True,True,True,0.0,3.0,666415063066.3644,0.87109375
d613e8b6a8facb37,COph100/069-1/069_M_GA30_BW1100_PA32_DG1_PF0_D1_S01_6__069_M_GA30_BW1100_PA36_DG2_PF0_D1_S03_8,COph100/patient/069,COph100,sp_lg_h,ok,True,False,False,4.33355242182268,-0.6368440544756531,0.11112601419295567,0.0
8a4ae8326e09f5ad,COph100/069-1/069_M_GA30_BW1100_PA32_DG1_PF0_D1_S01_6__069_M_GA30_BW1100_PA36_DG2_PF0_D1_S03_8,COph100/patient/069,COph100,xfeat_h,ok,True,False,False,140.07462636586862,-2.146359472706924,0.00014467802307445814,0.0
ceff67f6e9bfc49b,COph100/069-1/069_M_GA30_BW1100_PA32_DG1_PF0_D1_S01_6__069_M_GA30_BW1100_PA36_DG2_PF0_D1_S03_8,COph100/patient/069,COph100,xfeat_tps,ok,True,False,False,,3.0,3.1577707072797443,0.0
9d843d214f034b68,COph100/069-1/069_M_GA30_BW1100_PA32_DG1_PF0_D1_S01_6__069_M_GA30_BW1100_PA43_DG9_PF0_D1_S04_4,COph100/patient/069,COph100,sift_h,ok,True,True,False,0.0,3.0,478838.3028166831,0.9228515625
eda4a4c4ff12f725,COph100/069-1/069_M_GA30_BW1100_PA32_DG1_PF0_D1_S01_6__069_M_GA30_BW1100_PA43_DG9_PF0_D1_S04_4,COph100/patient/069,COph100,sp_lg_h,ok,True,False,False,8.097642666154576,-0.9083586082509553,0.029760804766661382,0.0
ed0c3d4ec14a0fb0,COph100/069-1/069_M_GA30_BW1100_PA32_DG1_PF0_D1_S01_6__069_M_GA30_BW1100_PA43_DG9_PF0_D1_S04_4,COph100/patient/069,COph100,xfeat_h,ok,True,False,False,2.0556756307046893,-0.31295458750772587,0.3511912388708418,0.0
c2a0a88e56d68be9,COph100/069-1/069_M_GA30_BW1100_PA32_DG1_PF0_D1_S01_6__069_M_GA30_BW1100_PA43_DG9_PF0_D1_S04_4,COph100/patient/069,COph100,xfeat_tps,ok,True,False,False,,3.0,5.616808370528865,0.0
722be82ef7f944a2,COph100/069-1/069_M_GA30_BW1100_PA34_DG1_PF0_D1_S02_6__069_M_GA30_BW1100_PA36_DG2_PF0_D1_S03_8,COph100/patient/069,COph100,sift_h,invalid_transform,True,False,False,,3.0,,
bc1c88d9146e034e,COph100/069-1/069_M_GA30_BW1100_PA34_DG1_PF0_D1_S02_6__069_M_GA30_BW1100_PA36_DG2_PF0_D1_S03_8,COph100/patient/069,COph100,sp_lg_h,ok,False,False,False,14.55936565735438,-1.163142453444598,0.011494864343937488,0.0
8b61dd6de7ce9baa,COph100/069-1/069_M_GA30_BW1100_PA34_DG1_PF0_D1_S02_6__069_M_GA30_BW1100_PA36_DG2_PF0_D1_S03_8,COph100/patient/069,COph100,xfeat_h,ok,True,False,False,4.62043912328403,-0.664683252559681,0.10781879957947185,0.0
ea111369ca088715,COph100/069-1/069_M_GA30_BW1100_PA34_DG1_PF0_D1_S02_6__069_M_GA30_BW1100_PA36_DG2_PF0_D1_S03_8,COph100/patient/069,COph100,xfeat_tps,ok,True,False,False,,3.0,7.965154818648855,0.0
3691d10c5056cde3,COph100/069-1/069_M_GA30_BW1100_PA34_DG1_PF0_D1_S02_6__069_M_GA30_BW1100_PA43_DG9_PF0_D1_S04_4,COph100/patient/069,COph100,sift_h,invalid_transform,True,False,False,,3.0,,
046166ec2f273798,COph100/069-1/069_M_GA30_BW1100_PA34_DG1_PF0_D1_S02_6__069_M_GA30_BW1100_PA43_DG9_PF0_D1_S04_4,COph100/patient/069,COph100,sp_lg_h,ok,True,False,False,3.314278424881442,-0.5203889896929905,0.17101051682597299,0.0
2d591440d3372509,COph100/069-1/069_M_GA30_BW1100_PA34_DG1_PF0_D1_S02_6__069_M_GA30_BW1100_PA43_DG9_PF0_D1_S04_4,COph100/patient/069,COph100,xfeat_h,ok,True,False,False,1.9728571823425987,-0.2950956472564967,0.41546509173313495,0.0
3aed696e9878cc00,COph100/069-1/069_M_GA30_BW1100_PA34_DG1_PF0_D1_S02_6__069_M_GA30_BW1100_PA43_DG9_PF0_D1_S04_4,COph100/patient/069,COph100,xfeat_tps,ok,True,False,False,,3.0,7.502745185738185,0.0
c4fe2fb6bb9c24cb,COph100/069-1/069_M_GA30_BW1100_PA36_DG2_PF0_D1_S03_8__069_M_GA30_BW1100_PA43_DG9_PF0_D1_S04_4,COph100/patient/069,COph100,sift_h,ok,True,True,True,0.0,3.0,18967304172.109566,0.140625
12e6f465d2949696,COph100/069-1/069_M_GA30_BW1100_PA36_DG2_PF0_D1_S03_8__069_M_GA30_BW1100_PA43_DG9_PF0_D1_S04_4,COph100/patient/069,COph100,sp_lg_h,ok,False,False,False,5.633821624401455,-0.7508030924253114,0.06190025562282722,0.0
445f5c6bc01670a5,COph100/069-1/069_M_GA30_BW1100_PA36_DG2_PF0_D1_S03_8__069_M_GA30_BW1100_PA43_DG9_PF0_D1_S04_4,COph100/patient/069,COph100,xfeat_h,ok,True,False,False,1.9653066428174082,-0.2934303220873215,0.44859462770882663,0.0
4196314cbb2db1da,COph100/069-1/069_M_GA30_BW1100_PA36_DG2_PF0_D1_S03_8__069_M_GA30_BW1100_PA43_DG9_PF0_D1_S04_4,COph100/patient/069,COph100,xfeat_tps,ok,True,False,False,,3.0,4.530767300634607,0.0
01d172c05035a68f,COph100/069/069_M_GA30_BW1100_PA32_DG1_PF0_D1_S01_1__069_M_GA30_BW1100_PA34_DG1_PF0_D1_S02_2,COph100/patient/069,COph100,sift_h,ok,True,True,False,0.0,3.0,13456.658367394892,0.087890625
e8f8d2585af5cd13,COph100/069/069_M_GA30_BW1100_PA32_DG1_PF0_D1_S01_1__069_M_GA30_BW1100_PA34_DG1_PF0_D1_S02_2,COph100/patient/069,COph100,sp_lg_h,ok,False,False,False,35.780611374390574,-1.5536477569763454,0.0019965726275902517,0.0
f7a0971158f29fe4,COph100/069/069_M_GA30_BW1100_PA32_DG1_PF0_D1_S01_1__069_M_GA30_BW1100_PA34_DG1_PF0_D1_S02_2,COph100/patient/069,COph100,xfeat_h,ok,False,False,False,14.427757046887445,-1.1591988204993529,0.011872401479447434,0.0
cdaa1e610feeb53a,COph100/069/069_M_GA30_BW1100_PA32_DG1_PF0_D1_S01_1__069_M_GA30_BW1100_PA34_DG1_PF0_D1_S02_2,COph100/patient/069,COph100,xfeat_tps,ok,False,False,False,,3.0,10.850408665557055,0.0
124bbba982fbd2d8,COph100/069/069_M_GA30_BW1100_PA32_DG1_PF0_D1_S01_1__069_M_GA30_BW1100_PA36_DG2_PF0_D1_S03_1,COph100/patient/069,COph100,sift_h,ok,True,True,True,0.0,3.0,211520155.74084318,0.8125
0a8916f076cefe00,COph100/069/069_M_GA30_BW1100_PA32_DG1_PF0_D1_S01_1__069_M_GA30_BW1100_PA36_DG2_PF0_D1_S03_1,COph100/patient/069,COph100,sp_lg_h,ok,True,False,False,7.557641082405056,-0.8783862631258209,0.04030704450144054,0.0
48a581d82cccfbed,COph100/069/069_M_GA30_BW1100_PA32_DG1_PF0_D1_S01_1__069_M_GA30_BW1100_PA36_DG2_PF0_D1_S03_1,COph100/patient/069,COph100,xfeat_h,ok,True,False,False,10.803922900295658,-1.033581476284052,0.02193074746529608,0.0
346c2fd3dfb62542,COph100/069/069_M_GA30_BW1100_PA32_DG1_PF0_D1_S01_1__069_M_GA30_BW1100_PA36_DG2_PF0_D1_S03_1,COph100/patient/069,COph100,xfeat_tps,ok,True,False,False,,3.0,16.186518276317646,0.0
2a95705a0cf56a0f,COph100/069/069_M_GA30_BW1100_PA32_DG1_PF0_D1_S01_1__069_M_GA30_BW1100_PA43_DG9_PF0_D1_S04_1,COph100/patient/069,COph100,sift_h,ok,True,True,False,0.0,3.0,505.24983360049754,0.0224609375
d6baaf3d180dc20f,COph100/069/069_M_GA30_BW1100_PA32_DG1_PF0_D1_S01_1__069_M_GA30_BW1100_PA43_DG9_PF0_D1_S04_1,COph100/patient/069,COph100,sp_lg_h,ok,True,False,False,4.039808750155282,-0.6063608055268797,0.12310840291481212,0.0
66c25b2df5c97819,COph100/069/069_M_GA30_BW1100_PA32_DG1_PF0_D1_S01_1__069_M_GA30_BW1100_PA43_DG9_PF0_D1_S04_1,COph100/patient/069,COph100,xfeat_h,ok,True,False,False,1.3726644221074191,-0.13756437741143282,0.9229644435092954,0.0
b2a6a539832ea0fb,COph100/069/069_M_GA30_BW1100_PA32_DG1_PF0_D1_S01_1__069_M_GA30_BW1100_PA43_DG9_PF0_D1_S04_1,COph100/patient/069,COph100,xfeat_tps,ok,True,False,False,,3.0,8.707146639364598,0.0
28a109e8c9a5307d,COph100/069/069_M_GA30_BW1100_PA34_DG1_PF0_D1_S02_2__069_M_GA30_BW1100_PA36_DG2_PF0_D1_S03_1,COph100/patient/069,COph100,sift_h,ok,True,False,False,4.76741156559272,-0.6782826457282569,0.10202740470881516,0.0
2bc402bbf61117bb,COph100/069/069_M_GA30_BW1100_PA34_DG1_PF0_D1_S02_2__069_M_GA30_BW1100_PA36_DG2_PF0_D1_S03_1,COph100/patient/069,COph100,sp_lg_h,ok,True,False,False,6.406214261298611,-0.8066014599199891,0.06281575582324844,0.0
b2da675ce0bb0563,COph100/069/069_M_GA30_BW1100_PA34_DG1_PF0_D1_S02_2__069_M_GA30_BW1100_PA36_DG2_PF0_D1_S03_1,COph100/patient/069,COph100,xfeat_h,ok,True,False,False,4.979145227995076,-0.6971547936377925,0.10239726759579053,0.0
df6097a19f949bf2,COph100/069/069_M_GA30_BW1100_PA34_DG1_PF0_D1_S02_2__069_M_GA30_BW1100_PA36_DG2_PF0_D1_S03_1,COph100/patient/069,COph100,xfeat_tps,ok,False,False,False,,3.0,12.193827033762737,0.0
41c3d671b081d8a5,COph100/069/069_M_GA30_BW1100_PA34_DG1_PF0_D1_S02_2__069_M_GA30_BW1100_PA43_DG9_PF0_D1_S04_1,COph100/patient/069,COph100,sift_h,invalid_transform,True,False,False,,3.0,,
6b0c8dd35354af2f,COph100/069/069_M_GA30_BW1100_PA34_DG1_PF0_D1_S02_2__069_M_GA30_BW1100_PA43_DG9_PF0_D1_S04_1,COph100/patient/069,COph100,sp_lg_h,ok,False,False,False,5.647927134808599,-0.7518890851480893,0.06053925004887665,0.0
76b65c1425e0dd91,COph100/069/069_M_GA30_BW1100_PA34_DG1_PF0_D1_S02_2__069_M_GA30_BW1100_PA43_DG9_PF0_D1_S04_1,COph100/patient/069,COph100,xfeat_h,ok,False,False,False,6.773261519122471,-0.8307978442641426,0.04487737268315209,0.0
3e262f5cefd32fd6,COph100/069/069_M_GA30_BW1100_PA34_DG1_PF0_D1_S02_2__069_M_GA30_BW1100_PA43_DG9_PF0_D1_S04_1,COph100/patient/069,COph100,xfeat_tps,ok,False,False,False,,3.0,8.685561040008622,0.0
d147084935e50fc4,COph100/069/069_M_GA30_BW1100_PA36_DG2_PF0_D1_S03_1__069_M_GA30_BW1100_PA43_DG9_PF0_D1_S04_1,COph100/patient/069,COph100,sift_h,ok,True,True,False,0.0,3.0,4683.174712018075,0.9775390625
88f573b56963c055,COph100/069/069_M_GA30_BW1100_PA36_DG2_PF0_D1_S03_1__069_M_GA30_BW1100_PA43_DG9_PF0_D1_S04_1,COph100/patient/069,COph100,sp_lg_h,ok,False,False,False,6.457949832705607,-0.8100946669642409,0.052661363557020946,0.0
c239a5ae819d564b,COph100/069/069_M_GA30_BW1100_PA36_DG2_PF0_D1_S03_1__069_M_GA30_BW1100_PA43_DG9_PF0_D1_S04_1,COph100/patient/069,COph100,xfeat_h,ok,True,False,False,4.689799381427418,-0.6711542650173075,0.09651500367169152,0.0
3fa63a74f8f081f9,COph100/069/069_M_GA30_BW1100_PA36_DG2_PF0_D1_S03_1__069_M_GA30_BW1100_PA43_DG9_PF0_D1_S04_1,COph100/patient/069,COph100,xfeat_tps,ok,False,False,False,,3.0,12.30032226371263,0.0
78e5e303f273e5ae,COph100/070-1/070_M_GA32_BW1830_PA33_DG0_PF0_D1_S01_3__070_M_GA32_BW1830_PA35_DG0_PF0_D1_S02_5,COph100/patient/070,COph100,sift_h,ok,True,True,True,0.0,3.0,202.69599185511447,0.58203125
d0015de692e5618d,COph100/070-1/070_M_GA32_BW1830_PA33_DG0_PF0_D1_S01_3__070_M_GA32_BW1830_PA35_DG0_PF0_D1_S02_5,COph100/patient/070,COph100,sp_lg_h,ok,False,False,False,7.7748334185369306,-0.8906910927232842,0.03963605992346084,0.0
041e5868d94f1158,COph100/070-1/070_M_GA32_BW1830_PA33_DG0_PF0_D1_S01_3__070_M_GA32_BW1830_PA35_DG0_PF0_D1_S02_5,COph100/patient/070,COph100,xfeat_h,ok,False,False,False,34.93829637143145,-1.543301724501382,0.0021243721021208337,0.0
e56587af9582b7e4,COph100/070-1/070_M_GA32_BW1830_PA33_DG0_PF0_D1_S01_3__070_M_GA32_BW1830_PA35_DG0_PF0_D1_S02_5,COph100/patient/070,COph100,xfeat_tps,ok,False,False,False,,3.0,10.985578218320931,0.0
8e3e1f3c49ff4b8d,COph100/070-1/070_M_GA32_BW1830_PA33_DG0_PF0_D1_S01_3__070_M_GA32_BW1830_PA37_DG0_PF0_D1_S03_8,COph100/patient/070,COph100,sift_h,ok,True,True,True,0.0,3.0,0.18769140664577966,0.125
f7f2707b86d6ab9c,COph100/070-1/070_M_GA32_BW1830_PA33_DG0_PF0_D1_S01_3__070_M_GA32_BW1830_PA37_DG0_PF0_D1_S03_8,COph100/patient/070,COph100,sp_lg_h,ok,True,False,False,3.5838137991653958,-0.5543454373473149,0.1733007158067178,0.0
bea514e9c884c17a,COph100/070-1/070_M_GA32_BW1830_PA33_DG0_PF0_D1_S01_3__070_M_GA32_BW1830_PA37_DG0_PF0_D1_S03_8,COph100/patient/070,COph100,xfeat_h,ok,False,False,False,3.592470343629756,-0.5553931916563366,0.17612470263486973,0.0
64788b087568562a,COph100/070-1/070_M_GA32_BW1830_PA33_DG0_PF0_D1_S01_3__070_M_GA32_BW1830_PA37_DG0_PF0_D1_S03_8,COph100/patient/070,COph100,xfeat_tps,ok,False,False,False,,3.0,10.79263772276969,0.0
8cee37c29800b073,COph100/070-1/070_M_GA32_BW1830_PA33_DG0_PF0_D1_S01_3__070_M_GA32_BW1830_PA40_DG0_PF0_D1_S04_7,COph100/patient/070,COph100,sift_h,invalid_transform,True,False,False,,3.0,,
3b1a4de1396e90d3,COph100/070-1/070_M_GA32_BW1830_PA33_DG0_PF0_D1_S01_3__070_M_GA32_BW1830_PA40_DG0_PF0_D1_S04_7,COph100/patient/070,COph100,sp_lg_h,ok,True,False,False,0.5859955339548211,0.23210569385591648,5.544275474515917,0.0
fe2078f4390bcb92,COph100/070-1/070_M_GA32_BW1830_PA33_DG0_PF0_D1_S01_3__070_M_GA32_BW1830_PA40_DG0_PF0_D1_S04_7,COph100/patient/070,COph100,xfeat_h,ok,True,False,False,1.3950162017362433,-0.14457925154064688,0.8814466236475941,0.0
97f64a8ab8913e31,COph100/070-1/070_M_GA32_BW1830_PA33_DG0_PF0_D1_S01_3__070_M_GA32_BW1830_PA40_DG0_PF0_D1_S04_7,COph100/patient/070,COph100,xfeat_tps,ok,False,False,False,,3.0,4.382081840774779,0.0
75ec49c07aa704b6,COph100/070-1/070_M_GA32_BW1830_PA35_DG0_PF0_D1_S02_5__070_M_GA32_BW1830_PA37_DG0_PF0_D1_S03_8,COph100/patient/070,COph100,sift_h,ok,True,True,False,0.0,3.0,165306.58961344545,0.96875
effa4befd9a18112,COph100/070-1/070_M_GA32_BW1830_PA35_DG0_PF0_D1_S02_5__070_M_GA32_BW1830_PA37_DG0_PF0_D1_S03_8,COph100/patient/070,COph100,sp_lg_h,ok,False,False,False,4.709769516153309,-0.6729996544087242,0.11599317009638807,0.0
408808b066c50eb3,COph100/070-1/070_M_GA32_BW1830_PA35_DG0_PF0_D1_S02_5__070_M_GA32_BW1830_PA37_DG0_PF0_D1_S03_8,COph100/patient/070,COph100,xfeat_h,ok,False,False,False,6.791401344001108,-0.8319593962500871,0.05517980567996218,0.0
259dd4f306e868b6,COph100/070-1/070_M_GA32_BW1830_PA35_DG0_PF0_D1_S02_5__070_M_GA32_BW1830_PA37_DG0_PF0_D1_S03_8,COph100/patient/070,COph100,xfeat_tps,ok,False,False,False,,3.0,9.339053739276608,0.0
e0ea4297be38112f,COph100/070-1/070_M_GA32_BW1830_PA35_DG0_PF0_D1_S02_5__070_M_GA32_BW1830_PA40_DG0_PF0_D1_S04_7,COph100/patient/070,COph100,sift_h,ok,True,True,False,0.0,3.0,68286.62204119956,0.953125
1831f5dc0a4490c4,COph100/070-1/070_M_GA32_BW1830_PA35_DG0_PF0_D1_S02_5__070_M_GA32_BW1830_PA40_DG0_PF0_D1_S04_7,COph100/patient/070,COph100,sp_lg_h,ok,False,False,False,2.851994032064474,-0.455148612398559,0.232022952079589,0.0
d19e4ffe5710a69a,COph100/070-1/070_M_GA32_BW1830_PA35_DG0_PF0_D1_S02_5__070_M_GA32_BW1830_PA40_DG0_PF0_D1_S04_7,COph100/patient/070,COph100,xfeat_h,ok,True,False,False,21.525634388412932,-1.3329559595369462,0.00586491591035633,0.0
f72f223c2b5d89ed,COph100/070-1/070_M_GA32_BW1830_PA35_DG0_PF0_D1_S02_5__070_M_GA32_BW1830_PA40_DG0_PF0_D1_S04_7,COph100/patient/070,COph100,xfeat_tps,ok,True,False,False,,3.0,4.2606043227131085,0.0
483149939d2ff8ae,COph100/070-1/070_M_GA32_BW1830_PA37_DG0_PF0_D1_S03_8__070_M_GA32_BW1830_PA40_DG0_PF0_D1_S04_7,COph100/patient/070,COph100,sift_h,invalid_transform,True,False,False,,3.0,,
5ced9c62fef819b6,COph100/070-1/070_M_GA32_BW1830_PA37_DG0_PF0_D1_S03_8__070_M_GA32_BW1830_PA40_DG0_PF0_D1_S04_7,COph100/patient/070,COph100,sp_lg_h,ok,False,False,False,14.763490670986902,-1.1691890539582301,0.012868855459746842,0.0
95fc7025c5bbbee4,COph100/070-1/070_M_GA32_BW1830_PA37_DG0_PF0_D1_S03_8__070_M_GA32_BW1830_PA40_DG0_PF0_D1_S04_7,COph100/patient/070,COph100,xfeat_h,ok,False,False,False,4.132602142820093,-0.6162235965483656,0.1279804714716516,0.0
c06b94bb9c04a636,COph100/070-1/070_M_GA32_BW1830_PA37_DG0_PF0_D1_S03_8__070_M_GA32_BW1830_PA40_DG0_PF0_D1_S04_7,COph100/patient/070,COph100,xfeat_tps,ok,False,False,False,,3.0,4.507105954139457,0.0
b19c4f90fe8fbf82,COph100/070/070_M_GA32_BW1830_PA33_DG0_PF0_D1_S01_1__070_M_GA32_BW1830_PA35_DG0_PF0_D1_S02_1,COph100/patient/070,COph100,sift_h,ok,True,True,False,0.0,3.0,2388.395237412662,0.90625
d41fc8d5a0553ff9,COph100/070/070_M_GA32_BW1830_PA33_DG0_PF0_D1_S01_1__070_M_GA32_BW1830_PA35_DG0_PF0_D1_S02_1,COph100/patient/070,COph100,sp_lg_h,ok,False,False,False,12.972693206947984,-1.1130301475177862,0.014697292143992369,0.0
16f75d5da1fe8b50,COph100/070/070_M_GA32_BW1830_PA33_DG0_PF0_D1_S01_1__070_M_GA32_BW1830_PA35_DG0_PF0_D1_S02_1,COph100/patient/070,COph100,xfeat_h,ok,False,False,False,6.339535485580432,-0.8020574371498923,0.06274369129834853,0.0
bee4bacd0e89712a,COph100/070/070_M_GA32_BW1830_PA33_DG0_PF0_D1_S01_1__070_M_GA32_BW1830_PA35_DG0_PF0_D1_S02_1,COph100/patient/070,COph100,xfeat_tps,ok,False,False,False,,3.0,9.655069459764967,0.0
e9429f4527d792f8,COph100/070/070_M_GA32_BW1830_PA33_DG0_PF0_D1_S01_1__070_M_GA32_BW1830_PA37_DG0_PF0_D1_S03_3,COph100/patient/070,COph100,sift_h,ok,True,True,True,0.0,3.0,250696167.0162927,0.34765625
1a7c420753885209,COph100/070/070_M_GA32_BW1830_PA33_DG0_PF0_D1_S01_1__070_M_GA32_BW1830_PA37_DG0_PF0_D1_S03_3,COph100/patient/070,COph100,sp_lg_h,no_matches,True,False,False,,3.0,,
0879d4e7b1138054,COph100/070/070_M_GA32_BW1830_PA33_DG0_PF0_D1_S01_1__070_M_GA32_BW1830_PA37_DG0_PF0_D1_S03_3,COph100/patient/070,COph100,xfeat_h,ok,True,False,False,6.908467057922437,-0.8393816910583635,0.04870477399846532,0.0
3f7a677206fae333,COph100/070/070_M_GA32_BW1830_PA33_DG0_PF0_D1_S01_1__070_M_GA32_BW1830_PA37_DG0_PF0_D1_S03_3,COph100/patient/070,COph100,xfeat_tps,ok,True,False,False,,3.0,6.125266615525626,0.0
5f3a5ddd8cf5a8e7,COph100/070/070_M_GA32_BW1830_PA33_DG0_PF0_D1_S01_1__070_M_GA32_BW1830_PA40_DG0_PF0_D1_S04_2,COph100/patient/070,COph100,sift_h,ok,True,True,False,0.0,3.0,7.400442116892286e-07,0.96875
90ec4d4ea59489f0,COph100/070/070_M_GA32_BW1830_PA33_DG0_PF0_D1_S01_1__070_M_GA32_BW1830_PA40_DG0_PF0_D1_S04_2,COph100/patient/070,COph100,sp_lg_h,ok,True,False,False,1.8153094095933495,-0.2589506588083055,0.6825020640601707,0.0
c983227a56709669,COph100/070/070_M_GA32_BW1830_PA33_DG0_PF0_D1_S01_1__070_M_GA32_BW1830_PA40_DG0_PF0_D1_S04_2,COph100/patient/070,COph100,xfeat_h,ok,True,False,False,2.0721809765782364,-0.3164276823941372,0.4500749018236862,0.0
26760bc502562d55,COph100/070/070_M_GA32_BW1830_PA33_DG0_PF0_D1_S01_1__070_M_GA32_BW1830_PA40_DG0_PF0_D1_S04_2,COph100/patient/070,COph100,xfeat_tps,ok,True,False,False,,3.0,10.804249213803013,0.0
f746b91bf69bdaf2,COph100/070/070_M_GA32_BW1830_PA35_DG0_PF0_D1_S02_1__070_M_GA32_BW1830_PA37_DG0_PF0_D1_S03_3,COph100/patient/070,COph100,sift_h,ok,True,True,False,0.0,3.0,5963.902778229509,0.0400390625
a2b16a5b10cd82c2,COph100/070/070_M_GA32_BW1830_PA35_DG0_PF0_D1_S02_1__070_M_GA32_BW1830_PA37_DG0_PF0_D1_S03_3,COph100/patient/070,COph100,sp_lg_h,ok,True,False,False,5.123054785013075,-0.7095290001671182,0.08009066942495802,0.0
10c2f8352745d9ea,COph100/070/070_M_GA32_BW1830_PA35_DG0_PF0_D1_S02_1__070_M_GA32_BW1830_PA37_DG0_PF0_D1_S03_3,COph100/patient/070,COph100,xfeat_h,ok,False,False,False,6.096476660628657,-0.7850789155145896,0.06947300882433254,0.0
c4020040a688aa51,COph100/070/070_M_GA32_BW1830_PA35_DG0_PF0_D1_S02_1__070_M_GA32_BW1830_PA37_DG0_PF0_D1_S03_3,COph100/patient/070,COph100,xfeat_tps,ok,True,False,False,,3.0,9.143812047555889,0.0
c82da48c941bc2cb,COph100/070/070_M_GA32_BW1830_PA35_DG0_PF0_D1_S02_1__070_M_GA32_BW1830_PA40_DG0_PF0_D1_S04_2,COph100/patient/070,COph100,sift_h,ok,True,True,True,0.0,3.0,99824688.1322937,0.609375
2aea896bba9c1253,COph100/070/070_M_GA32_BW1830_PA35_DG0_PF0_D1_S02_1__070_M_GA32_BW1830_PA40_DG0_PF0_D1_S04_2,COph100/patient/070,COph100,sp_lg_h,ok,False,False,False,5.126480726247957,-0.7098193289195597,0.08969047232803848,0.0
44c3513a581e04df,COph100/070/070_M_GA32_BW1830_PA35_DG0_PF0_D1_S02_1__070_M_GA32_BW1830_PA40_DG0_PF0_D1_S04_2,COph100/patient/070,COph100,xfeat_h,ok,True,False,False,14.352246803189555,-1.1569198939512535,0.013338395942695409,0.0
4781d5466cee46d6,COph100/070/070_M_GA32_BW1830_PA35_DG0_PF0_D1_S02_1__070_M_GA32_BW1830_PA40_DG0_PF0_D1_S04_2,COph100/patient/070,COph100,xfeat_tps,ok,False,False,False,,3.0,11.181073731701865,0.0
77647cc32536b97e,COph100/070/070_M_GA32_BW1830_PA37_DG0_PF0_D1_S03_3__070_M_GA32_BW1830_PA40_DG0_PF0_D1_S04_2,COph100/patient/070,COph100,sift_h,ok,True,True,False,0.0,3.0,3480.1914084992964,0.9716796875
dfe41bb0d90ac91a,COph100/070/070_M_GA32_BW1830_PA37_DG0_PF0_D1_S03_3__070_M_GA32_BW1830_PA40_DG0_PF0_D1_S04_2,COph100/patient/070,COph100,sp_lg_h,ok,False,False,False,8.304637445690185,-0.9193206772722905,0.037033764384483865,0.0
9cd95f58a4604851,COph100/070/070_M_GA32_BW1830_PA37_DG0_PF0_D1_S03_3__070_M_GA32_BW1830_PA40_DG0_PF0_D1_S04_2,COph100/patient/070,COph100,xfeat_h,ok,False,False,False,46.01248030185994,-1.6628756445314334,0.0012729272046693775,0.0
7b066117ec5304d6,COph100/070/070_M_GA32_BW1830_PA37_DG0_PF0_D1_S03_3__070_M_GA32_BW1830_PA40_DG0_PF0_D1_S04_2,COph100/patient/070,COph100,xfeat_tps,ok,False,False,False,,3.0,3.9617882991363915,0.0
da97f15a78abcf33,COph100/071-1/071_F_GA32_BW1660_PA33_DG0_PF0_D1_S01_7__071_F_GA32_BW1660_PA35_DG0_PF0_D1_S02_6,COph100/patient/071,COph100,sift_h,ok,True,False,False,0.4473401005470437,0.34936216897310723,6.506765297087538,0.0
3de467b1972a568e,COph100/071-1/071_F_GA32_BW1660_PA33_DG0_PF0_D1_S01_7__071_F_GA32_BW1660_PA35_DG0_PF0_D1_S02_6,COph100/patient/071,COph100,sp_lg_h,ok,True,False,False,6.070115535098823,-0.7831969572660927,0.07483736260729656,0.0
1802bd477c80ba24,COph100/071-1/071_F_GA32_BW1660_PA33_DG0_PF0_D1_S01_7__071_F_GA32_BW1660_PA35_DG0_PF0_D1_S02_6,COph100/patient/071,COph100,xfeat_h,ok,True,False,False,4.545271391620492,-0.6575598194313422,0.12622137964560237,0.0
c773b6b9fe888ee5,COph100/071-1/071_F_GA32_BW1660_PA33_DG0_PF0_D1_S01_7__071_F_GA32_BW1660_PA35_DG0_PF0_D1_S02_6,COph100/patient/071,COph100,xfeat_tps,ok,False,False,False,,3.0,12.09513169879984,0.0
3a8673fa7abbe407,COph100/071-1/071_F_GA32_BW1660_PA33_DG0_PF0_D1_S01_7__071_F_GA32_BW1660_PA37_DG0_PF0_D1_S03_7,COph100/patient/071,COph100,sift_h,ok,True,True,True,0.0,3.0,8780.121538438723,0.65234375
693a68cded836c33,COph100/071-1/071_F_GA32_BW1660_PA33_DG0_PF0_D1_S01_7__071_F_GA32_BW1660_PA37_DG0_PF0_D1_S03_7,COph100/patient/071,COph100,sp_lg_h,ok,False,False,False,4.601493125472168,-0.6628987775368176,0.10729212920788078,0.0
db440c71ca4be2a2,COph100/071-1/071_F_GA32_BW1660_PA33_DG0_PF0_D1_S01_7__071_F_GA32_BW1660_PA37_DG0_PF0_D1_S03_7,COph100/patient/071,COph100,xfeat_h,ok,True,False,False,3.036560090838274,-0.48238187984727127,0.235886208988222,0.0
6c046891184e343a,COph100/071-1/071_F_GA32_BW1660_PA33_DG0_PF0_D1_S01_7__071_F_GA32_BW1660_PA37_DG0_PF0_D1_S03_7,COph100/patient/071,COph100,xfeat_tps,ok,True,False,False,,3.0,8.93050440763006,0.0
70e5fbb422b2652e,COph100/071-1/071_F_GA32_BW1660_PA33_DG0_PF0_D1_S01_7__071_F_GA32_BW1660_PA40_DG0_PF0_D1_S04_8,COph100/patient/071,COph100,sift_h,ok,True,True,False,0.0,3.0,3.410519604908171,0.9794921875
99130a14ad7cc772,COph100/071-1/071_F_GA32_BW1660_PA33_DG0_PF0_D1_S01_7__071_F_GA32_BW1660_PA40_DG0_PF0_D1_S04_8,COph100/patient/071,COph100,sp_lg_h,ok,True,False,False,4.645191529527409,-0.6670036254345082,0.09285489896136384,0.0
7f97284285c4c537,COph100/071-1/071_F_GA32_BW1660_PA33_DG0_PF0_D1_S01_7__071_F_GA32_BW1660_PA40_DG0_PF0_D1_S04_8,COph100/patient/071,COph100,xfeat_h,ok,True,False,False,6.250745312292544,-0.7959318038589179,0.05280986744539893,0.0
202d4872e8b00e0e,COph100/071-1/071_F_GA32_BW1660_PA33_DG0_PF0_D1_S01_7__071_F_GA32_BW1660_PA40_DG0_PF0_D1_S04_8,COph100/patient/071,COph100,xfeat_tps,ok,True,False,False,,3.0,8.735502950563175,0.0
6ebee7c21242a06a,COph100/071-1/071_F_GA32_BW1660_PA35_DG0_PF0_D1_S02_6__071_F_GA32_BW1660_PA37_DG0_PF0_D1_S03_7,COph100/patient/071,COph100,sift_h,ok,True,True,False,0.0,3.0,9322.905921059737,0.9765625
43fce122935a95c6,COph100/071-1/071_F_GA32_BW1660_PA35_DG0_PF0_D1_S02_6__071_F_GA32_BW1660_PA37_DG0_PF0_D1_S03_7,COph100/patient/071,COph100,sp_lg_h,ok,False,False,False,11.91974590018906,-1.0762669974074075,0.01696487822949036,0.0
ab13fda20d12ad03,COph100/071-1/071_F_GA32_BW1660_PA35_DG0_PF0_D1_S02_6__071_F_GA32_BW1660_PA37_DG0_PF0_D1_S03_7,COph100/patient/071,COph100,xfeat_h,ok,True,False,False,6.529728822665625,-0.8148951455529617,0.05541398607689312,0.0
fdb070d035b4df01,COph100/071-1/071_F_GA32_BW1660_PA35_DG0_PF0_D1_S02_6__071_F_GA32_BW1660_PA37_DG0_PF0_D1_S03_7,COph100/patient/071,COph100,xfeat_tps,ok,False,False,False,,3.0,12.042603892191057,0.0
5b49f4a80a710a2f,COph100/071-1/071_F_GA32_BW1660_PA35_DG0_PF0_D1_S02_6__071_F_GA32_BW1660_PA40_DG0_PF0_D1_S04_8,COph100/patient/071,COph100,sift_h,invalid_transform,True,False,False,,3.0,,
dd2d880a55f25b0e,COph100/071-1/071_F_GA32_BW1660_PA35_DG0_PF0_D1_S02_6__071_F_GA32_BW1660_PA40_DG0_PF0_D1_S04_8,COph100/patient/071,COph100,sp_lg_h,ok,False,False,False,7.265359807751051,-0.8612571270513028,0.04057092817090616,0.0
0e958f81386cf87e,COph100/071-1/071_F_GA32_BW1660_PA35_DG0_PF0_D1_S02_6__071_F_GA32_BW1660_PA40_DG0_PF0_D1_S04_8,COph100/patient/071,COph100,xfeat_h,ok,True,False,False,7.424400694848552,-0.8706614027131833,0.04281151612198227,0.0
fe7743515239ec84,COph100/071-1/071_F_GA32_BW1660_PA35_DG0_PF0_D1_S02_6__071_F_GA32_BW1660_PA40_DG0_PF0_D1_S04_8,COph100/patient/071,COph100,xfeat_tps,ok,True,False,False,,3.0,9.69938082393449,0.0
7bef6088c5a1b6e4,COph100/071-1/071_F_GA32_BW1660_PA37_DG0_PF0_D1_S03_7__071_F_GA32_BW1660_PA40_DG0_PF0_D1_S04_8,COph100/patient/071,COph100,sift_h,ok,True,True,False,0.0,3.0,59135.09280446638,0.0556640625
39433a0af8a68f61,COph100/071-1/071_F_GA32_BW1660_PA37_DG0_PF0_D1_S03_7__071_F_GA32_BW1660_PA40_DG0_PF0_D1_S04_8,COph100/patient/071,COph100,sp_lg_h,ok,False,False,False,9.6177792710827,-0.9830748057539265,0.027084551659150132,0.0
0b590830271bab0e,COph100/071-1/071_F_GA32_BW1660_PA37_DG0_PF0_D1_S03_7__071_F_GA32_BW1660_PA40_DG0_PF0_D1_S04_8,COph100/patient/071,COph100,xfeat_h,ok,False,False,False,32.01082910008133,-1.5052969227829065,0.002661402919649106,0.0
3becc79bfe8ccda9,COph100/071-1/071_F_GA32_BW1660_PA37_DG0_PF0_D1_S03_7__071_F_GA32_BW1660_PA40_DG0_PF0_D1_S04_8,COph100/patient/071,COph100,xfeat_tps,ok,False,False,False,,3.0,14.871392977975944,0.0
1916f2b022f6ba7f,COph100/071/071_F_GA32_BW1660_PA33_DG0_PF0_D1_S01_2__071_F_GA32_BW1660_PA35_DG0_PF0_D1_S02_2,COph100/patient/071,COph100,sift_h,ok,True,True,True,0.0,3.0,15637964.543600954,0.708984375
5d685b737afcf55d,COph100/071/071_F_GA32_BW1660_PA33_DG0_PF0_D1_S01_2__071_F_GA32_BW1660_PA35_DG0_PF0_D1_S02_2,COph100/patient/071,COph100,sp_lg_h,ok,False,False,False,13.657668230181566,-1.135376558700775,0.013512038605037545,0.0
ac83b37a02854cef,COph100/071/071_F_GA32_BW1660_PA33_DG0_PF0_D1_S01_2__071_F_GA32_BW1660_PA35_DG0_PF0_D1_S02_2,COph100/patient/071,COph100,xfeat_h,ok,False,False,False,22.807017451983754,-1.3580684948848314,0.005114926833139978,0.0
800bec28478ca407,COph100/071/071_F_GA32_BW1660_PA33_DG0_PF0_D1_S01_2__071_F_GA32_BW1660_PA35_DG0_PF0_D1_S02_2,COph100/patient/071,COph100,xfeat_tps,ok,False,False,False,,3.0,12.52266995666638,0.0
0187aacbc8eea401,COph100/071/071_F_GA32_BW1660_PA33_DG0_PF0_D1_S01_2__071_F_GA32_BW1660_PA37_DG0_PF0_D1_S03_3,COph100/patient/071,COph100,sift_h,invalid_transform,True,False,False,,3.0,,
20db5c264d4aee20,COph100/071/071_F_GA32_BW1660_PA33_DG0_PF0_D1_S01_2__071_F_GA32_BW1660_PA37_DG0_PF0_D1_S03_3,COph100/patient/071,COph100,sp_lg_h,ok,True,False,False,3.4015295203511404,-0.5316742443602264,0.17754855263472757,0.0
a2824d2c2f06697e,COph100/071/071_F_GA32_BW1660_PA33_DG0_PF0_D1_S01_2__071_F_GA32_BW1660_PA37_DG0_PF0_D1_S03_3,COph100/patient/071,COph100,xfeat_h,ok,True,False,False,5.029758661125153,-0.7015471471521236,0.09208542047525745,0.0
015591f1ee8970d8,COph100/071/071_F_GA32_BW1660_PA33_DG0_PF0_D1_S01_2__071_F_GA32_BW1660_PA37_DG0_PF0_D1_S03_3,COph100/patient/071,COph100,xfeat_tps,ok,True,False,False,,3.0,7.75457885615412,0.0
a4cad0d3834e05fe,COph100/071/071_F_GA32_BW1660_PA33_DG0_PF0_D1_S01_2__071_F_GA32_BW1660_PA40_DG0_PF0_D1_S04_2,COph100/patient/071,COph100,sift_h,ok,True,True,False,0.0,3.0,680979.5119596364,0.015625
5fed757746da70c6,COph100/071/071_F_GA32_BW1660_PA33_DG0_PF0_D1_S01_2__071_F_GA32_BW1660_PA40_DG0_PF0_D1_S04_2,COph100/patient/071,COph100,sp_lg_h,ok,True,False,False,0.6013937067487858,0.2208411208623317,3.970009773875915,0.0
a149341e38d8b2bc,COph100/071/071_F_GA32_BW1660_PA33_DG0_PF0_D1_S01_2__071_F_GA32_BW1660_PA40_DG0_PF0_D1_S04_2,COph100/patient/071,COph100,xfeat_h,ok,True,False,False,5.595671636079954,-0.7478522213983005,0.06980411499394802,0.0
2cac7302bf33e4e1,COph100/071/071_F_GA32_BW1660_PA33_DG0_PF0_D1_S01_2__071_F_GA32_BW1660_PA40_DG0_PF0_D1_S04_2,COph100/patient/071,COph100,xfeat_tps,ok,True,False,False,,3.0,7.941230534994577,0.0
bae748c5acf54018,COph100/071/071_F_GA32_BW1660_PA35_DG0_PF0_D1_S02_2__071_F_GA32_BW1660_PA37_DG0_PF0_D1_S03_3,COph100/patient/071,COph100,sift_h,invalid_transform,True,False,False,,3.0,,
db47c1f2015541a3,COph100/071/071_F_GA32_BW1660_PA35_DG0_PF0_D1_S02_2__071_F_GA32_BW1660_PA37_DG0_PF0_D1_S03_3,COph100/patient/071,COph100,sp_lg_h,ok,False,False,False,5.0367596413263565,-0.7021512264312056,0.08461724715123684,0.0
b834efd15bd1b4cd,COph100/071/071_F_GA32_BW1660_PA35_DG0_PF0_D1_S02_2__071_F_GA32_BW1660_PA37_DG0_PF0_D1_S03_3,COph100/patient/071,COph100,xfeat_h,ok,True,False,False,2.5092355315694244,-0.39954142865617776,0.33776399328998236,0.0
d6c7d81bbc87c00a,COph100/071/071_F_GA32_BW1660_PA35_DG0_PF0_D1_S02_2__071_F_GA32_BW1660_PA37_DG0_PF0_D1_S03_3,COph100/patient/071,COph100,xfeat_tps,ok,True,False,False,,3.0,3.9460326535006334,0.0
d2c6f2dd751a719d,COph100/071/071_F_GA32_BW1660_PA35_DG0_PF0_D1_S02_2__071_F_GA32_BW1660_PA40_DG0_PF0_D1_S04_2,COph100/patient/071,COph100,sift_h,ok,True,False,False,0.13454318315868355,0.8711383015536349,397.8759875084557,0.0
5216c4de807bda81,COph100/071/071_F_GA32_BW1660_PA35_DG0_PF0_D1_S02_2__071_F_GA32_BW1660_PA40_DG0_PF0_D1_S04_2,COph100/patient/071,COph100,sp_lg_h,ok,False,False,False,4.257731919579608,-0.6291783133934081,0.12154529274880074,0.0
509575610915b908,COph100/071/071_F_GA32_BW1660_PA35_DG0_PF0_D1_S02_2__071_F_GA32_BW1660_PA40_DG0_PF0_D1_S04_2,COph100/patient/071,COph100,xfeat_h,ok,True,False,False,4.662777958749176,-0.6686447348656056,0.11118123422336555,0.0
b27bcd3bd3f111a5,COph100/071/071_F_GA32_BW1660_PA35_DG0_PF0_D1_S02_2__071_F_GA32_BW1660_PA40_DG0_PF0_D1_S04_2,COph100/patient/071,COph100,xfeat_tps,ok,True,False,False,,3.0,8.356726899319167,0.0
9397c93fb84dc962,COph100/071/071_F_GA32_BW1660_PA37_DG0_PF0_D1_S03_3__071_F_GA32_BW1660_PA40_DG0_PF0_D1_S04_2,COph100/patient/071,COph100,sift_h,ok,True,False,False,7.931977831516511,-0.8993814917582391,0.04066500734483952,0.0
2ebdfa82a487945f,COph100/071/071_F_GA32_BW1660_PA37_DG0_PF0_D1_S03_3__071_F_GA32_BW1660_PA40_DG0_PF0_D1_S04_2,COph100/patient/071,COph100,sp_lg_h,ok,False,False,False,8.236692997060436,-0.9157528790020983,0.03655062083920375,0.0
e61e314f1aaac815,COph100/071/071_F_GA32_BW1660_PA37_DG0_PF0_D1_S03_3__071_F_GA32_BW1660_PA40_DG0_PF0_D1_S04_2,COph100/patient/071,COph100,xfeat_h,ok,False,False,False,11.177477267106447,-1.0483437952673995,0.02121855034511741,0.0
59c5ef6bb62407ce,COph100/071/071_F_GA32_BW1660_PA37_DG0_PF0_D1_S03_3__071_F_GA32_BW1660_PA40_DG0_PF0_D1_S04_2,COph100/patient/071,COph100,xfeat_tps,ok,False,False,False,,3.0,11.073583985552958,0.0
5daa776bd9294f27,COph100/076-1/076_M_GA33_BW1470_PA35_DG0_PF0_D1_S01_10__076_M_GA33_BW1470_PA37_DG0_PF0_D1_S02_13,COph100/patient/076,COph100,sift_h,ok,True,True,False,0.0,3.0,234.71413677668934,0.0693359375
84eb3ecebe4b7ea2,COph100/076-1/076_M_GA33_BW1470_PA35_DG0_PF0_D1_S01_10__076_M_GA33_BW1470_PA37_DG0_PF0_D1_S02_13,COph100/patient/076,COph100,sp_lg_h,ok,False,False,False,9.597381138111848,-0.9821527421614883,0.028860453713479724,0.0
ac0d06e66c7aeeb7,COph100/076-1/076_M_GA33_BW1470_PA35_DG0_PF0_D1_S01_10__076_M_GA33_BW1470_PA37_DG0_PF0_D1_S02_13,COph100/patient/076,COph100,xfeat_h,ok,False,False,False,7.534396445508109,-0.8770484682121827,0.04518676412409407,0.0
18c976a8cfcc7668,COph100/076-1/076_M_GA33_BW1470_PA35_DG0_PF0_D1_S01_10__076_M_GA33_BW1470_PA37_DG0_PF0_D1_S02_13,COph100/patient/076,COph100,xfeat_tps,ok,False,False,False,,3.0,11.146555427932418,0.0
795ae18c0cfa9aa0,COph100/076-1/076_M_GA33_BW1470_PA35_DG0_PF0_D1_S01_10__076_M_GA33_BW1470_PA40_DG0_PF0_D1_S03_3,COph100/patient/076,COph100,sift_h,ok,True,True,True,0.0,3.0,23573.148212286414,0.109375
66316fee7a1f257c,COph100/076-1/076_M_GA33_BW1470_PA35_DG0_PF0_D1_S01_10__076_M_GA33_BW1470_PA40_DG0_PF0_D1_S03_3,COph100/patient/076,COph100,sp_lg_h,ok,True,False,False,3.4088983163034325,-0.5326140468942052,0.21994000098247113,0.0
acf6537b75667fe1,COph100/076-1/076_M_GA33_BW1470_PA35_DG0_PF0_D1_S01_10__076_M_GA33_BW1470_PA40_DG0_PF0_D1_S03_3,COph100/patient/076,COph100,xfeat_h,ok,False,False,False,29.021509797533994,-1.4627200021638027,0.003360314285980007,0.0
214e2b7f9183bad9,COph100/076-1/076_M_GA33_BW1470_PA35_DG0_PF0_D1_S01_10__076_M_GA33_BW1470_PA40_DG0_PF0_D1_S03_3,COph100/patient/076,COph100,xfeat_tps,ok,True,False,False,,3.0,9.143374280558806,0.0
e75ee2ff6c94e369,COph100/076-1/076_M_GA33_BW1470_PA37_DG0_PF0_D1_S02_13__076_M_GA33_BW1470_PA40_DG0_PF0_D1_S03_3,COph100/patient/076,COph100,sift_h,invalid_transform,True,False,False,,3.0,,
e9493366d44719d3,COph100/076-1/076_M_GA33_BW1470_PA37_DG0_PF0_D1_S02_13__076_M_GA33_BW1470_PA40_DG0_PF0_D1_S03_3,COph100/patient/076,COph100,sp_lg_h,ok,True,False,False,4.244615696084238,-0.6278383757047531,0.1469669810458606,0.0
ef1c149324053631,COph100/076-1/076_M_GA33_BW1470_PA37_DG0_PF0_D1_S02_13__076_M_GA33_BW1470_PA40_DG0_PF0_D1_S03_3,COph100/patient/076,COph100,xfeat_h,ok,True,False,False,8.125713520097316,-0.9098615067875746,0.04008767255947175,0.0
16db35a8d8d8eb40,COph100/076-1/076_M_GA33_BW1470_PA37_DG0_PF0_D1_S02_13__076_M_GA33_BW1470_PA40_DG0_PF0_D1_S03_3,COph100/patient/076,COph100,xfeat_tps,ok,True,False,False,,3.0,8.208955822128322,0.0
16199f563ed03073,COph100/076/076_M_GA33_BW1470_PA35_DG0_PF0_D1_S01_4__076_M_GA33_BW1470_PA37_DG0_PF0_D1_S02_2,COph100/patient/076,COph100,sift_h,ok,True,True,False,0.0,3.0,621618.9477220557,0.0234375
48e761853a75c9c1,COph100/076/076_M_GA33_BW1470_PA35_DG0_PF0_D1_S01_4__076_M_GA33_BW1470_PA37_DG0_PF0_D1_S02_2,COph100/patient/076,COph100,sp_lg_h,ok,True,False,False,8.411886690556718,-0.9248934140383688,0.03572022393083008,0.0
1b3cd2086c658626,COph100/076/076_M_GA33_BW1470_PA35_DG0_PF0_D1_S01_4__076_M_GA33_BW1470_PA37_DG0_PF0_D1_S02_2,COph100/patient/076,COph100,xfeat_h,ok,True,False,False,10.04811675094451,-1.0020846725711052,0.024525449628520126,0.0
3fd01c939d43a045,COph100/076/076_M_GA33_BW1470_PA35_DG0_PF0_D1_S01_4__076_M_GA33_BW1470_PA37_DG0_PF0_D1_S02_2,COph100/patient/076,COph100,xfeat_tps,ok,False,False,False,,3.0,9.207118841587608,0.0
07fe297ea0ebc127,COph100/076/076_M_GA33_BW1470_PA35_DG0_PF0_D1_S01_4__076_M_GA33_BW1470_PA40_DG0_PF0_D1_S03_8,COph100/patient/076,COph100,sift_h,ok,True,False,False,19.718377990229968,-1.2948711875390313,0.007100441948811544,0.0
d7649bc0931ca274,COph100/076/076_M_GA33_BW1470_PA35_DG0_PF0_D1_S01_4__076_M_GA33_BW1470_PA40_DG0_PF0_D1_S03_8,COph100/patient/076,COph100,sp_lg_h,ok,False,False,False,18.26968880606515,-1.2617311499272654,0.007512821272352193,0.0
b7ff132001fd766d,COph100/076/076_M_GA33_BW1470_PA35_DG0_PF0_D1_S01_4__076_M_GA33_BW1470_PA40_DG0_PF0_D1_S03_8,COph100/patient/076,COph100,xfeat_h,ok,True,False,False,7.446996924118564,-0.87198117446394,0.04415820963416434,0.0
35ee3b48cfe15409,COph100/076/076_M_GA33_BW1470_PA35_DG0_PF0_D1_S01_4__076_M_GA33_BW1470_PA40_DG0_PF0_D1_S03_8,COph100/patient/076,COph100,xfeat_tps,ok,True,False,False,,3.0,14.935730145896514,0.0
50c7f9c8cf7427dd,COph100/076/076_M_GA33_BW1470_PA37_DG0_PF0_D1_S02_2__076_M_GA33_BW1470_PA40_DG0_PF0_D1_S03_8,COph100/patient/076,COph100,sift_h,ok,True,True,False,0.0,3.0,13619.807150758736,0.9287109375
622fce418b7b6614,COph100/076/076_M_GA33_BW1470_PA37_DG0_PF0_D1_S02_2__076_M_GA33_BW1470_PA40_DG0_PF0_D1_S03_8,COph100/patient/076,COph100,sp_lg_h,ok,True,False,False,7.154341693230089,-0.8545696783263099,0.05191760743605235,0.0
f4affd919182e134,COph100/076/076_M_GA33_BW1470_PA37_DG0_PF0_D1_S02_2__076_M_GA33_BW1470_PA40_DG0_PF0_D1_S03_8,COph100/patient/076,COph100,xfeat_h,ok,False,False,False,6.28590566506244,-0.798367859110729,0.06601883541239975,0.0
4797adade6cfafd9,COph100/076/076_M_GA33_BW1470_PA37_DG0_PF0_D1_S02_2__076_M_GA33_BW1470_PA40_DG0_PF0_D1_S03_8,COph100/patient/076,COph100,xfeat_tps,ok,False,False,False,,3.0,9.641934658688339,0.0
8fdc2104953a6348,FIRE/A01,FIRE/image_component/cc0000,FIRE,sift_h,invalid_transform,True,False,False,,3.0,,
3795d8d2557db6fb,FIRE/A01,FIRE/image_component/cc0000,FIRE,sp_lg_h,ok,False,False,False,80.6217725217255,-1.9064523421666,0.00043228762642329583,0.0
6a316470134f5762,FIRE/A01,FIRE/image_component/cc0000,FIRE,xfeat_h,ok,False,False,False,71.32344337635203,-1.8532323020194355,0.0005531373078270718,0.0
161df5fcef63a027,FIRE/A01,FIRE/image_component/cc0000,FIRE,xfeat_tps,ok,False,False,False,,3.0,8.521336603006839,0.0
42a902c65db73bba,FIRE/A02,FIRE/image_component/cc0001,FIRE,sift_h,ok,True,True,True,0.0,3.0,1.444940763043822,0.9375
be645c6dd9572de1,FIRE/A02,FIRE/image_component/cc0001,FIRE,sp_lg_h,ok,False,False,False,27.027346863818213,-1.4318034153266757,0.0037884518212664576,0.0
a3f200567d4ddb51,FIRE/A02,FIRE/image_component/cc0001,FIRE,xfeat_h,ok,False,False,False,80.97337391808408,-1.9083422354041164,0.0004327996967881506,0.0
593a3fbf4071f5ef,FIRE/A02,FIRE/image_component/cc0001,FIRE,xfeat_tps,ok,False,False,False,,3.0,6.98025688968724,0.0
03d0f3867b9a85ff,FIRE/A03,FIRE/image_component/cc0001,FIRE,sift_h,ok,True,True,True,0.0,3.0,2914.2783542660236,0.408203125
5799e5c1043c5732,FIRE/A03,FIRE/image_component/cc0001,FIRE,sp_lg_h,ok,False,False,False,25.594601351304114,-1.4081483695855361,0.004171696332086123,0.0
693a04123b36eab3,FIRE/A03,FIRE/image_component/cc0001,FIRE,xfeat_h,ok,False,False,False,193.11749015669804,-2.2858216085000658,7.672406182586129e-05,0.0
6f6304945727d132,FIRE/A03,FIRE/image_component/cc0001,FIRE,xfeat_tps,ok,False,False,False,,3.0,8.824621590444362,0.0
0edae1950a04e561,FIRE/A04,FIRE/image_component/cc0001,FIRE,sift_h,invalid_transform,True,False,False,,3.0,,
3bd51990dcab8b8d,FIRE/A04,FIRE/image_component/cc0001,FIRE,sp_lg_h,ok,False,False,False,44.75449945042109,-1.6508367041940069,0.0014047534144923924,0.0
b4de273c9238ecb9,FIRE/A04,FIRE/image_component/cc0001,FIRE,xfeat_h,ok,False,False,False,101.7787287285908,-2.007657021998014,0.00027527703797118944,0.0
f5d77dee3f2dd4c1,FIRE/A04,FIRE/image_component/cc0001,FIRE,xfeat_tps,ok,False,False,False,,3.0,8.93939865429421,0.0
a10c96bd4e802996,FIRE/A05,FIRE/image_component/cc0001,FIRE,sift_h,invalid_transform,True,False,False,,3.0,,
452fcd5c97f34e1c,FIRE/A05,FIRE/image_component/cc0001,FIRE,sp_lg_h,ok,False,False,False,23.35172666406818,-1.3683189985189421,0.004998227735592409,0.0
fbdca11e261b357b,FIRE/A05,FIRE/image_component/cc0001,FIRE,xfeat_h,ok,False,False,False,11.89093576613891,-1.0752160330946512,0.018584071649152753,0.0
ce3a9b00f74482c5,FIRE/A05,FIRE/image_component/cc0001,FIRE,xfeat_tps,ok,False,False,False,,3.0,8.356832783189196,0.0
16c5d42c87fe4a28,FIRE/A06,FIRE/image_component/cc0001,FIRE,sift_h,invalid_transform,True,False,False,,3.0,,
bbf54e04619c3df6,FIRE/A06,FIRE/image_component/cc0001,FIRE,sp_lg_h,ok,False,False,False,21.2498962036893,-1.3273568130557387,0.006009106784632774,0.0
8d50579e95e89169,FIRE/A06,FIRE/image_component/cc0001,FIRE,xfeat_h,ok,False,False,False,84.69656588666092,-1.9278658017509132,0.00039527229534731486,0.0
35a66b9613f5596b,FIRE/A06,FIRE/image_component/cc0001,FIRE,xfeat_tps,ok,False,False,False,,3.0,7.776642803355921,0.0
e30bf68024a8222b,FIRE/A07,FIRE/image_component/cc0002,FIRE,sift_h,ok,True,False,False,0.720314538434172,0.1424778195728629,6.1911748763731715,0.0
2cb59b10035ffa18,FIRE/A07,FIRE/image_component/cc0002,FIRE,sp_lg_h,ok,False,False,False,30.63038036180261,-1.4861523898201656,0.0029948326680305447,0.0
c82b4ec35a6b6121,FIRE/A07,FIRE/image_component/cc0002,FIRE,xfeat_h,ok,False,False,False,35.68056563799933,-1.552431730555955,0.0022179294352856864,0.0
94139c6510d6b356,FIRE/A07,FIRE/image_component/cc0002,FIRE,xfeat_tps,ok,False,False,False,,3.0,10.179236983379898,0.0
8404c6a9c538d26a,FIRE/A08,FIRE/image_component/cc0002,FIRE,sift_h,ok,True,False,False,1000.6325044339442,-3.0,2.8379366611604817e-06,0.0
1c288c939b34555c,FIRE/A08,FIRE/image_component/cc0002,FIRE,sp_lg_h,ok,False,False,False,26.164613732284458,-1.4177143276414907,0.0042948947725342315,0.0
b0fd7a066f80f2af,FIRE/A08,FIRE/image_component/cc0002,FIRE,xfeat_h,ok,True,False,False,17.514654294711733,-1.2434015696079923,0.00890082742942456,0.0
310fa832660cfe23,FIRE/A08,FIRE/image_component/cc0002,FIRE,xfeat_tps,ok,True,False,False,,3.0,6.6069372248566385,0.0
4cffa0dbe1c253bf,FIRE/A09,FIRE/image_component/cc0002,FIRE,sift_h,ok,True,False,False,0.7120347469945237,0.14749881245896507,8.54817209774174,0.0
f5cbd58e721a642c,FIRE/A09,FIRE/image_component/cc0002,FIRE,sp_lg_h,ok,False,False,False,16.88415709266356,-1.2274793842404579,0.00965662230941795,0.0
90df129fec31b546,FIRE/A09,FIRE/image_component/cc0002,FIRE,xfeat_h,ok,False,False,False,38.78226842534648,-1.5886332079350085,0.0018780323871388982,0.0
7af074ba2479e997,FIRE/A09,FIRE/image_component/cc0002,FIRE,xfeat_tps,ok,False,False,False,,3.0,10.171067071055061,0.0
0669c0f9e724db3b,FIRE/A10,FIRE/image_component/cc0003,FIRE,sift_h,ok,True,False,False,0.0040073694131101565,2.397140620961267,1066.714136975529,0.0
de9d5bbc1fd5fadd,FIRE/A10,FIRE/image_component/cc0003,FIRE,sp_lg_h,ok,False,False,False,54.74410189387608,-1.738337335330848,0.0009251452488568564,0.0
affe7bd2f7dac7e7,FIRE/A10,FIRE/image_component/cc0003,FIRE,xfeat_h,ok,False,False,False,55.25738911143383,-1.7423903608323068,0.0009071701118394162,0.0
3e365d434bb87544,FIRE/A10,FIRE/image_component/cc0003,FIRE,xfeat_tps,ok,False,False,False,,3.0,9.74094158784742,0.0
f18ced4c137f2bec,FIRE/A11,FIRE/image_component/cc0003,FIRE,sift_h,ok,True,True,True,0.0,3.0,828.9400919317301,0.0693359375
59e344ddcd7b9966,FIRE/A11,FIRE/image_component/cc0003,FIRE,sp_lg_h,ok,False,False,False,138.45669628196592,-2.1413139646896195,0.00014628778453933534,0.0
831da1bc5684b872,FIRE/A11,FIRE/image_component/cc0003,FIRE,xfeat_h,ok,False,False,False,44.434366352944224,-1.6477189913821568,0.0013944982137683182,0.0
81757f50d4f1fc7e,FIRE/A11,FIRE/image_component/cc0003,FIRE,xfeat_tps,ok,False,False,False,,3.0,9.10864507660736,0.0
960763675f1ec0de,FIRE/A12,FIRE/image_component/cc0003,FIRE,sift_h,ok,True,False,False,33.43765992657675,-1.524235876526087,0.002449706932622177,0.0
d5af3148301eb2e2,FIRE/A12,FIRE/image_component/cc0003,FIRE,sp_lg_h,ok,False,False,False,115.84290807440541,-2.0638694513462923,0.00020875709569592287,0.0
4047643a8441cc9c,FIRE/A12,FIRE/image_component/cc0003,FIRE,xfeat_h,ok,False,False,False,46.90405749647415,-1.6712104135489512,0.0012568792490824535,0.0
e88c59b873012dbc,FIRE/A12,FIRE/image_component/cc0003,FIRE,xfeat_tps,ok,False,False,False,,3.0,9.834961667153696,0.0
ca16868d77588217,FIRE/A13,FIRE/image_component/cc0004,FIRE,sift_h,ok,True,True,True,0.0,3.0,1680.040394472934,0.9267578125
38c199364ca38d55,FIRE/A13,FIRE/image_component/cc0004,FIRE,sp_lg_h,ok,False,False,False,29.789410272382707,-1.4740619057667355,0.0032012056367076444,0.0
a2f295199bcade0e,FIRE/A13,FIRE/image_component/cc0004,FIRE,xfeat_h,ok,False,False,False,21.6567835581733,-1.3355939561367933,0.006023559421246348,0.0
992b1c6cc7520a40,FIRE/A13,FIRE/image_component/cc0004,FIRE,xfeat_tps,ok,False,False,False,,3.0,9.273046911145752,0.0
d915d251aaadced7,FIRE/A14,FIRE/image_component/cc0004,FIRE,sift_h,ok,True,False,False,37.76486068647481,-1.5770878869358251,0.001985394707867888,0.0
6be02134b5698557,FIRE/A14,FIRE/image_component/cc0004,FIRE,sp_lg_h,ok,False,False,False,80.59872245346573,-1.90632815798614,0.0004383680619211924,0.0
0fea645aa16811a4,FIRE/A14,FIRE/image_component/cc0004,FIRE,xfeat_h,ok,False,False,False,29.736749387968256,-1.4732934927661243,0.0031341896042159445,0.0
9c4feeacf9619e78,FIRE/A14,FIRE/image_component/cc0004,FIRE,xfeat_tps,ok,False,False,False,,3.0,7.994384707191747,0.0
917d9d387b574737,FIRE/P01,FIRE/image_component/cc0005,FIRE,sift_h,invalid_transform,True,False,False,,3.0,,
4d9b0ec3500de3ad,FIRE/P01,FIRE/image_component/cc0005,FIRE,sp_lg_h,ok,False,False,False,6.7904016265074905,-0.8318954619119632,0.05249421940269977,0.0
3360a51d37e19f2e,FIRE/P01,FIRE/image_component/cc0005,FIRE,xfeat_h,ok,False,False,False,6.9255705331039925,-0.8404555566783507,0.050978398222347,0.0
bb8fe4f95b283c1a,FIRE/P01,FIRE/image_component/cc0005,FIRE,xfeat_tps,ok,False,False,False,,3.0,4.768702836510812,0.0
4f76963fe05f6190,FIRE/P02,FIRE/image_component/cc0006,FIRE,sift_h,ok,True,True,True,0.0,3.0,92.81075490712954,0.0576171875
b6f30d1793a3c38b,FIRE/P02,FIRE/image_component/cc0006,FIRE,sp_lg_h,ok,False,False,False,18.535493831689756,-1.26800416120566,0.007751563113598052,0.0
dca5ca2c1d9a8e75,FIRE/P02,FIRE/image_component/cc0006,FIRE,xfeat_h,ok,False,False,False,10.0544508437546,-1.0023583551873543,0.02563869364852571,0.0
b45fcfd930817e4e,FIRE/P02,FIRE/image_component/cc0006,FIRE,xfeat_tps,ok,False,False,False,,3.0,4.886041519197107,0.0
10b381dbcea47dc7,FIRE/P03,FIRE/image_component/cc0007,FIRE,sift_h,ok,True,False,False,6.5951406166793465,-0.8192240596847896,0.05818569673732032,0.0
980d4ddfedb6f0a5,FIRE/P03,FIRE/image_component/cc0007,FIRE,sp_lg_h,ok,False,False,False,9.800576929605336,-0.9912516420158757,0.02655154784543439,0.0
029e997e254ee04f,FIRE/P03,FIRE/image_component/cc0007,FIRE,xfeat_h,ok,False,False,False,7.892707665690565,-0.897226017472967,0.040306426092954484,0.0
6c25fe66848c3540,FIRE/P03,FIRE/image_component/cc0007,FIRE,xfeat_tps,ok,False,False,False,,3.0,4.075606237645371,0.0
f48137413caf13cd,FIRE/P04,FIRE/image_component/cc0008,FIRE,sift_h,ok,True,False,False,10.261211040430796,-1.0111986197561793,0.025577850137230643,0.0
7459a1e07d11641a,FIRE/P04,FIRE/image_component/cc0008,FIRE,sp_lg_h,ok,True,False,False,3.812441215861049,-0.5812031560075662,0.14563961538374137,0.0
502afad612988d9d,FIRE/P04,FIRE/image_component/cc0008,FIRE,xfeat_h,ok,True,False,False,3.2318315449218487,-0.5094487156491082,0.2037291369488874,0.0
5417841bf1596b9b,FIRE/P04,FIRE/image_component/cc0008,FIRE,xfeat_tps,ok,False,False,False,,3.0,3.1683185114354,0.0
2973e0ea73a0ec80,FIRE/P05,FIRE/image_component/cc0008,FIRE,sift_h,ok,True,False,False,137.6181797969288,-2.1386758093643374,0.0001500907857814512,0.0
9ae693fce40b4d31,FIRE/P05,FIRE/image_component/cc0008,FIRE,sp_lg_h,ok,True,False,False,3.5092038453158927,-0.5452085965780556,0.16859011286622433,0.0
96e23d430c45031a,FIRE/P05,FIRE/image_component/cc0008,FIRE,xfeat_h,ok,True,False,False,2.273287319459553,-0.3566543294205185,0.35481856763022157,0.0
1effd33a7d3cdb4b,FIRE/P05,FIRE/image_component/cc0008,FIRE,xfeat_tps,ok,False,False,False,,3.0,2.7248503512292026,0.0
83488dec1f30f6db,FIRE/P06,FIRE/image_component/cc0009,FIRE,sift_h,ok,True,True,True,0.0,3.0,1259937532.491297,0.0244140625
ecc6f49514b47092,FIRE/P06,FIRE/image_component/cc0009,FIRE,sp_lg_h,ok,True,False,False,4.37087445556459,-0.6405683324474291,0.11745012907084111,0.0
892ab89129721dc1,FIRE/P06,FIRE/image_component/cc0009,FIRE,xfeat_h,ok,False,False,False,7.0580023251873785,-0.8486817970978923,0.05003261900091275,0.0
e43ef9e00c8c2883,FIRE/P06,FIRE/image_component/cc0009,FIRE,xfeat_tps,ok,False,False,False,,3.0,4.946078756260964,0.0
ad42977d5a31cdaf,FIRE/P07,FIRE/image_component/cc0009,FIRE,sift_h,ok,True,True,True,0.0,3.0,61874361.62670156,0.75
8732c85bf97c05f8,FIRE/P07,FIRE/image_component/cc0009,FIRE,sp_lg_h,ok,True,False,False,5.495017874293444,-0.739969109442746,0.0784561242338225,0.0
163c7a5511c39c38,FIRE/P07,FIRE/image_component/cc0009,FIRE,xfeat_h,ok,False,False,False,8.279925353257006,-0.9180264214690943,0.03752863359803434,0.0
418d2b7162dd747b,FIRE/P07,FIRE/image_component/cc0009,FIRE,xfeat_tps,ok,False,False,False,,3.0,3.864575687110894,0.0
6c133392151f716f,FIRE/P08,FIRE/image_component/cc0010,FIRE,sift_h,invalid_transform,True,False,False,,3.0,,
57f0337e3b236367,FIRE/P08,FIRE/image_component/cc0010,FIRE,sp_lg_h,ok,True,False,False,3.2147578986733087,-0.5071482720567324,0.2094421781774496,0.0
f38b007084c2d1c8,FIRE/P08,FIRE/image_component/cc0010,FIRE,xfeat_h,ok,True,False,False,6.354187837721912,-0.803060048967734,0.05824915626766221,0.0
dcb0aa22729f68e2,FIRE/P08,FIRE/image_component/cc0010,FIRE,xfeat_tps,ok,False,False,False,,3.0,2.5322392947612817,0.0
e06f1cb7c5373db4,FIRE/P09,FIRE/image_component/cc0010,FIRE,sift_h,ok,True,False,False,5.10039779234582,-0.7076040490947229,0.09088123659085179,0.0
7d88a01802d2e346,FIRE/P09,FIRE/image_component/cc0010,FIRE,sp_lg_h,ok,True,False,False,3.996261784059785,-0.6016539299164897,0.13640970173420658,0.0
a0f40b23c2dc162f,FIRE/P09,FIRE/image_component/cc0010,FIRE,xfeat_h,ok,True,False,False,3.366752377341391,-0.5272111754587968,0.18672082997916783,0.0
b765a490fdea94e3,FIRE/P09,FIRE/image_component/cc0010,FIRE,xfeat_tps,ok,True,False,False,,3.0,2.0286242908040037,0.0
f04b38f973749d50,FIRE/P10,FIRE/image_component/cc0011,FIRE,sift_h,ok,True,False,False,65.18656148358994,-1.8141580731081757,0.0006581882706263557,0.0
5f2f3d6d3ca27cf2,FIRE/P10,FIRE/image_component/cc0011,FIRE,sp_lg_h,ok,True,False,False,3.5622969033720517,-0.5517301133648793,0.17227515593779968,0.0
d0d284593fd63cc0,FIRE/P10,FIRE/image_component/cc0011,FIRE,xfeat_h,ok,False,False,False,3.180437744669148,-0.5024868989185959,0.200721398118257,0.0
767f7a6e49ce7a56,FIRE/P10,FIRE/image_component/cc0011,FIRE,xfeat_tps,ok,False,False,False,,3.0,2.5936331815486913,0.0
812320217de89969,FIRE/P11,FIRE/image_component/cc0011,FIRE,sift_h,ok,True,True,True,0.0,3.0,20500290.250170767,0.166015625
16f12444cc8c05fe,FIRE/P11,FIRE/image_component/cc0011,FIRE,sp_lg_h,ok,False,False,False,4.1590212681207435,-0.6189911412362639,0.12387911366884885,0.0
d93651d8a1ae3c61,FIRE/P11,FIRE/image_component/cc0011,FIRE,xfeat_h,ok,True,False,False,4.265491835749847,-0.6299691150432708,0.12319009007796725,0.0
0827ae4a7172253e,FIRE/P11,FIRE/image_component/cc0011,FIRE,xfeat_tps,ok,False,False,False,,3.0,2.683263259753412,0.0
0e86da6479faccc6,FIRE/P12,FIRE/image_component/cc0011,FIRE,sift_h,ok,True,False,False,0.9599032998633572,0.01777251534690684,1.9067631840568793,1.0
9182993390810f8a,FIRE/P12,FIRE/image_component/cc0011,FIRE,sp_lg_h,ok,False,False,False,3.7805193006251687,-0.5775514596006217,0.14939913672801436,0.0
df078e49ad62d24e,FIRE/P12,FIRE/image_component/cc0011,FIRE,xfeat_h,ok,True,False,False,3.457381264609472,-0.5387472742447293,0.1706305054800502,0.0
44b9ad457448138e,FIRE/P12,FIRE/image_component/cc0011,FIRE,xfeat_tps,ok,False,False,False,,3.0,2.6784926859461797,0.0
cfc2dbc029d1426a,FIRE/P13,FIRE/image_component/cc0011,FIRE,sift_h,ok,True,False,False,0.9433598558020326,0.025322608877478815,2.3631550393729768,0.0
6d3b694cc6e56033,FIRE/P13,FIRE/image_component/cc0011,FIRE,sp_lg_h,ok,False,False,False,3.2957897257967814,-0.5179594955495748,0.18789735587232909,0.0
8d67193ea004ced8,FIRE/P13,FIRE/image_component/cc0011,FIRE,xfeat_h,ok,False,False,False,2.3726309256375893,-0.37523018683719933,0.3252805314009192,0.0
36b7e5c0aeeee60d,FIRE/P13,FIRE/image_component/cc0011,FIRE,xfeat_tps,ok,False,False,False,,3.0,3.223138807014258,0.0
5bfe383b3c611399,FIRE/P14,FIRE/image_component/cc0011,FIRE,sift_h,ok,True,True,True,0.0,3.0,37120554.35764087,0.2568359375
f320572fa28398cf,FIRE/P14,FIRE/image_component/cc0011,FIRE,sp_lg_h,ok,False,False,False,2.620056792146376,-0.41831070515503993,0.28518620818640716,0.0
b5538c726cd14dea,FIRE/P14,FIRE/image_component/cc0011,FIRE,xfeat_h,ok,True,False,False,2.101213296183421,-0.32247014029441573,0.43353042605719583,0.0
3ebc70310abbf838,FIRE/P14,FIRE/image_component/cc0011,FIRE,xfeat_tps,ok,False,False,False,,3.0,2.971511305547491,0.0
ec9723ded68f3947,FIRE/P15,FIRE/image_component/cc0011,FIRE,sift_h,invalid_transform,True,False,False,,3.0,,
aca20bf0fee38da5,FIRE/P15,FIRE/image_component/cc0011,FIRE,sp_lg_h,ok,True,False,False,2.2538566289284216,-0.3529262864902116,0.34443265625857056,0.0
5cf1051dc0a21c45,FIRE/P15,FIRE/image_component/cc0011,FIRE,xfeat_h,ok,True,False,False,2.9832170236996913,-0.47468484865766974,0.21432949965476703,0.0
4b7c9d105fc2e79f,FIRE/P15,FIRE/image_component/cc0011,FIRE,xfeat_tps,ok,False,False,False,,3.0,1.2484746401016953,0.0
ce427fa36fe1b6a5,FIRE/P16,FIRE/image_component/cc0012,FIRE,sift_h,ok,True,False,False,0.11289480744005219,0.9473260328491047,96.86401382944086,0.0
e0065cd404c996ca,FIRE/P16,FIRE/image_component/cc0012,FIRE,sp_lg_h,ok,False,False,False,4.312986489383372,-0.6347780977018433,0.12374886843940254,0.0
54d845d83ec24464,FIRE/P16,FIRE/image_component/cc0012,FIRE,xfeat_h,ok,False,False,False,3.230979267853001,-0.5093341712996227,0.1973408097356099,0.0
99e930dc7c950f3a,FIRE/P16,FIRE/image_component/cc0012,FIRE,xfeat_tps,ok,True,False,False,,3.0,3.0436343176081877,0.0
0c97b267bb2bffb6,FIRE/P17,FIRE/image_component/cc0013,FIRE,sift_h,ok,True,True,False,0.0,3.0,287348826.4293893,0.00390625
679037961f04e3a1,FIRE/P17,FIRE/image_component/cc0013,FIRE,sp_lg_h,ok,True,False,False,6.302391170024946,-0.7995053549965264,0.06092934088063983,0.0
c4819805dfaf61a5,FIRE/P17,FIRE/image_component/cc0013,FIRE,xfeat_h,ok,False,False,False,6.708455217712459,-0.8266225249884293,0.05618599448039577,0.0
a38ea788e8640c65,FIRE/P17,FIRE/image_component/cc0013,FIRE,xfeat_tps,ok,False,False,False,,3.0,2.4107767198865604,0.0
d2a8cb7ea70b14c7,FIRE/P18,FIRE/image_component/cc0013,FIRE,sift_h,ok,True,False,False,2.5088754987676025,-0.39947911028240785,0.32937633432975344,0.0
5a137673038f46cc,FIRE/P18,FIRE/image_component/cc0013,FIRE,sp_lg_h,ok,True,False,False,4.972533929043226,-0.69657775512397,0.09321944829229775,0.0
5db6459568585c84,FIRE/P18,FIRE/image_component/cc0013,FIRE,xfeat_h,ok,True,False,False,7.513478919414231,-0.8758410722458386,0.04525880732673998,0.0
723d60c6d3f54d33,FIRE/P18,FIRE/image_component/cc0013,FIRE,xfeat_tps,ok,False,False,False,,3.0,2.6511636218343533,0.0
dfb335ea384aed5d,FIRE/P19,FIRE/image_component/cc0014,FIRE,sift_h,ok,True,True,True,0.0,3.0,301758791.4274511,0.142578125
84c90bcecefd0192,FIRE/P19,FIRE/image_component/cc0014,FIRE,sp_lg_h,ok,False,False,False,10.793274722671182,-1.0331532313570873,0.022096434695401977,0.0
7bb9d82a7eb01490,FIRE/P19,FIRE/image_component/cc0014,FIRE,xfeat_h,ok,False,False,False,10.803766532868925,-1.0335751906040591,0.021899556496499134,0.0
2e81efae1eabd2f4,FIRE/P19,FIRE/image_component/cc0014,FIRE,xfeat_tps,ok,False,False,False,,3.0,6.502528061904423,0.0
967908a83b559376,FIRE/P20,FIRE/image_component/cc0015,FIRE,sift_h,ok,True,True,True,0.0,3.0,77988348.01081114,0.720703125
3d8e0f12e2ad2a86,FIRE/P20,FIRE/image_component/cc0015,FIRE,sp_lg_h,ok,False,False,False,6.684240214046258,-0.8250520489054028,0.055247520472379345,0.0
510f279a8bf34fb3,FIRE/P20,FIRE/image_component/cc0015,FIRE,xfeat_h,ok,False,False,False,7.63962732288533,-0.8830721732926925,0.042777269577646215,0.0
21b014a38b5cd358,FIRE/P20,FIRE/image_component/cc0015,FIRE,xfeat_tps,ok,False,False,False,,3.0,3.524417990275738,0.0
66df112faba0e98a,FIRE/P21,FIRE/image_component/cc0016,FIRE,sift_h,ok,True,True,True,0.0,3.0,5002.121226058954,0.09765625
3e7d983087e4bd3b,FIRE/P21,FIRE/image_component/cc0016,FIRE,sp_lg_h,ok,False,False,False,3.932525151801441,-0.5946715089822014,0.14346880900056241,0.0
0bc0920d62fabb91,FIRE/P21,FIRE/image_component/cc0016,FIRE,xfeat_h,ok,False,False,False,10.171147821781528,-1.0073699661515774,0.024923679367869902,0.0
87fb8618f7e14668,FIRE/P21,FIRE/image_component/cc0016,FIRE,xfeat_tps,ok,False,False,False,,3.0,3.995505621516303,0.0
90ff232b61fb5f2f,FIRE/P22,FIRE/image_component/cc0016,FIRE,sift_h,ok,True,False,False,2.577471789755565,-0.41119392065951643,0.47050871916513703,0.0
56bbc210d45635d0,FIRE/P22,FIRE/image_component/cc0016,FIRE,sp_lg_h,ok,False,False,False,3.895324000176306,-0.5905435866906333,0.14483550269144368,0.0
7ff47be5bc91ec8a,FIRE/P22,FIRE/image_component/cc0016,FIRE,xfeat_h,ok,True,False,False,3.238668960530332,-0.5103665590128477,0.19969835446337403,0.0
641fa60b2fcc6deb,FIRE/P22,FIRE/image_component/cc0016,FIRE,xfeat_tps,ok,False,False,False,,3.0,2.137375336058012,0.0
b891a6a163fc0fbd,FIRE/P23,FIRE/image_component/cc0017,FIRE,sift_h,ok,True,False,False,0.9003277837857363,0.04559934748000093,2.254206238038437,0.0
a25b47e665023793,FIRE/P23,FIRE/image_component/cc0017,FIRE,sp_lg_h,ok,False,False,False,4.929615296951331,-0.6928130286220145,0.09498566274175874,0.0
332a9217523ab234,FIRE/P23,FIRE/image_component/cc0017,FIRE,xfeat_h,ok,True,False,False,1.7319332221827592,-0.23853114299505093,0.5381876227693718,0.0
fa2c48ba846d084f,FIRE/P23,FIRE/image_component/cc0017,FIRE,xfeat_tps,ok,False,False,False,,3.0,4.0097550975840175,0.0
e00f6fe18811c1a1,FIRE/P24,FIRE/image_component/cc0018,FIRE,sift_h,invalid_transform,True,False,False,,3.0,,
8ec9a0b06a97652a,FIRE/P24,FIRE/image_component/cc0018,FIRE,sp_lg_h,ok,False,False,False,6.682933484769418,-0.8249671386126413,0.056175867304145255,0.0
77ab263c9eef53ad,FIRE/P24,FIRE/image_component/cc0018,FIRE,xfeat_h,ok,False,False,False,16.51678388849263,-1.217925486358636,0.009864561203944605,0.0
664c9586928f221f,FIRE/P24,FIRE/image_component/cc0018,FIRE,xfeat_tps,ok,False,False,False,,3.0,4.252368690888302,0.0
005052925bc7bea8,FIRE/P25,FIRE/image_component/cc0019,FIRE,sift_h,invalid_transform,True,False,False,,3.0,,
c56b0b0b83b1eaa8,FIRE/P25,FIRE/image_component/cc0019,FIRE,sp_lg_h,ok,False,False,False,4.378154515447412,-0.6412910847837665,0.12255320248114605,0.0
aee9b007b212b297,FIRE/P25,FIRE/image_component/cc0019,FIRE,xfeat_h,ok,False,False,False,7.006388586059063,-0.8454942203498196,0.05127783255985252,0.0
8f3c8948e5569f30,FIRE/P25,FIRE/image_component/cc0019,FIRE,xfeat_tps,ok,False,False,False,,3.0,3.574568625726527,0.0
def5ac9deab0ba0f,FIRE/P26,FIRE/image_component/cc0020,FIRE,sift_h,ok,True,True,True,0.0,3.0,32995.39153914684,0.083984375
72383a9be4f4daca,FIRE/P26,FIRE/image_component/cc0020,FIRE,sp_lg_h,ok,True,False,False,11.628433770554063,-1.0655212237042029,0.02015245605515112,0.0
d83d7e33115fca09,FIRE/P26,FIRE/image_component/cc0020,FIRE,xfeat_h,ok,True,False,False,4.99518511870728,-0.6985515875656717,0.08956912858952515,0.0
fcbac7d19937d659,FIRE/P26,FIRE/image_component/cc0020,FIRE,xfeat_tps,ok,False,False,False,,3.0,3.282557160595393,0.0
c9cf17d0e56eb998,FIRE/P27,FIRE/image_component/cc0020,FIRE,sift_h,ok,True,True,True,0.0,3.0,32995.39153914684,0.083984375
2d0594016f81f1be,FIRE/P27,FIRE/image_component/cc0020,FIRE,sp_lg_h,ok,True,False,False,11.628433770554063,-1.0655212237042029,0.02015245605515112,0.0
6cc2b16eec3f5ef3,FIRE/P27,FIRE/image_component/cc0020,FIRE,xfeat_h,ok,True,False,False,4.99518511870728,-0.6985515875656717,0.08956912858952515,0.0
0899a4e68a9171ac,FIRE/P27,FIRE/image_component/cc0020,FIRE,xfeat_tps,ok,False,False,False,,3.0,3.282557160595393,0.0
abc4095ba498d9d1,FIRE/P28,FIRE/image_component/cc0021,FIRE,sift_h,ok,True,False,False,0.13864269910130825,0.858102995350444,76.52362489331514,0.0
1d236d70f29a2757,FIRE/P28,FIRE/image_component/cc0021,FIRE,sp_lg_h,ok,False,False,False,6.189058340118498,-0.7916245765160682,0.06278062430447748,0.0
0e18f321a1fef66d,FIRE/P28,FIRE/image_component/cc0021,FIRE,xfeat_h,ok,False,False,False,6.366607083770389,-0.8039080481336954,0.05908688382852842,0.0
807ca35487560264,FIRE/P28,FIRE/image_component/cc0021,FIRE,xfeat_tps,ok,False,False,False,,3.0,4.330828639708303,0.0
9f231f0b723c9e9c,FIRE/P29,FIRE/image_component/cc0022,FIRE,sift_h,ok,True,False,False,33.145530199409045,-1.5204249704296087,0.0024860741904903184,0.0
4d6388f8c82c3426,FIRE/P29,FIRE/image_component/cc0022,FIRE,sp_lg_h,ok,True,False,False,9.335939517038046,-0.9701580294660078,0.0303425212780602,0.0
cd8085588f7c18d0,FIRE/P29,FIRE/image_component/cc0022,FIRE,xfeat_h,ok,True,False,False,5.466153956325639,-0.7376818595997937,0.07563079280956934,0.0
f3152361d671263f,FIRE/P29,FIRE/image_component/cc0022,FIRE,xfeat_tps,ok,False,False,False,,3.0,2.7593044553195982,0.0
254d3aa6e7e2b680,FIRE/P30,FIRE/image_component/cc0023,FIRE,sift_h,ok,True,True,True,0.0,3.0,21847012.876491256,0.0869140625
d967087a0fa8fadb,FIRE/P30,FIRE/image_component/cc0023,FIRE,sp_lg_h,ok,True,False,False,4.6788083105522205,-0.6701352526350646,0.10376234566853884,0.0
ac31a6e3c385e2bf,FIRE/P30,FIRE/image_component/cc0023,FIRE,xfeat_h,ok,True,False,False,2.4551794861779497,-0.39008324676747014,0.3087262307958323,0.0
9b9e0d90a93663ba,FIRE/P30,FIRE/image_component/cc0023,FIRE,xfeat_tps,ok,False,False,False,,3.0,2.6263335902322473,0.0
798961295fd842a7,FIRE/P31,FIRE/image_component/cc0023,FIRE,sift_h,ok,True,False,False,0.028042565750014375,1.5521822531841347,6450.560235822422,0.0
97288abc54d3ddf0,FIRE/P31,FIRE/image_component/cc0023,FIRE,sp_lg_h,ok,False,False,False,2.5855878599681836,-0.4125592999696447,0.2800472960506913,0.0
c853b6df70e7f7b5,FIRE/P31,FIRE/image_component/cc0023,FIRE,xfeat_h,ok,False,False,False,2.009097041306249,-0.30300091409319413,0.4174492462824403,0.0
fa30a27210eebc50,FIRE/P31,FIRE/image_component/cc0023,FIRE,xfeat_tps,ok,False,False,False,,3.0,2.98743115006991,0.0
4265f1dbb8768018,FIRE/P32,FIRE/image_component/cc0024,FIRE,sift_h,ok,True,False,False,54.7504015380455,-1.7383873086284658,0.0009397554642672651,0.0
b6024983001b143a,FIRE/P32,FIRE/image_component/cc0024,FIRE,sp_lg_h,ok,False,False,False,19.502478996305463,-1.2900898188490817,0.007112409525864713,0.0
c92a9a07d48ae3f1,FIRE/P32,FIRE/image_component/cc0024,FIRE,xfeat_h,ok,False,False,False,7.474448298476587,-0.8735791421777742,0.04503524052552531,0.0
9c7e325e9d0d919d,FIRE/P32,FIRE/image_component/cc0024,FIRE,xfeat_tps,ok,False,False,False,,3.0,3.188456006386928,0.0
c2440bc8587cbf1c,FIRE/P33,FIRE/image_component/cc0025,FIRE,sift_h,ok,True,True,True,0.0,3.0,1267674.7160371274,0.294921875
6bb4d02a4e3805a4,FIRE/P33,FIRE/image_component/cc0025,FIRE,sp_lg_h,ok,True,False,False,6.612831059115216,-0.8203874277347951,0.055964463539858636,0.0
85723141ab2f1f68,FIRE/P33,FIRE/image_component/cc0025,FIRE,xfeat_h,ok,False,False,False,10.69860083467773,-1.02932698427294,0.022427729301627577,0.0
e7c0544d6772c7a1,FIRE/P33,FIRE/image_component/cc0025,FIRE,xfeat_tps,ok,False,False,False,,3.0,4.700911927009842,0.0
5649ed4b1a20a0d4,FIRE/P34,FIRE/image_component/cc0026,FIRE,sift_h,ok,True,False,False,19.186693997425795,-1.2830001491822969,0.007372183894116643,0.0
0641977d760d27b9,FIRE/P34,FIRE/image_component/cc0026,FIRE,sp_lg_h,ok,True,False,False,4.6582498306617515,-0.6682227768496335,0.10703995863067098,0.0
2bd252cb589f6fda,FIRE/P34,FIRE/image_component/cc0026,FIRE,xfeat_h,ok,True,False,False,4.152735895073776,-0.618334311808328,0.13127471307259292,0.0
95c545dabf0b6549,FIRE/P34,FIRE/image_component/cc0026,FIRE,xfeat_tps,ok,True,False,False,,3.0,2.1734121735326775,0.0
915347ae3a0d521a,FIRE/P35,FIRE/image_component/cc0027,FIRE,sift_h,invalid_transform,True,False,False,,3.0,,
60e2e36977c5caff,FIRE/P35,FIRE/image_component/cc0027,FIRE,sp_lg_h,ok,True,False,False,4.996027948959245,-0.6986248592547046,0.09077004366201842,0.0
ffdb9ccac09dfe62,FIRE/P35,FIRE/image_component/cc0027,FIRE,xfeat_h,ok,True,False,False,8.39094276968419,-0.9238107590014369,0.034069459800054075,0.0
3e658005a3fd0f1f,FIRE/P35,FIRE/image_component/cc0027,FIRE,xfeat_tps,ok,False,False,False,,3.0,2.8361361813563506,0.0
6b196a5159a197ec,FIRE/P36,FIRE/image_component/cc0028,FIRE,sift_h,ok,True,True,True,0.0,3.0,467860.4427921681,0.59765625
67778d1400136be8,FIRE/P36,FIRE/image_component/cc0028,FIRE,sp_lg_h,ok,True,False,False,5.088247449577177,-0.7065682235862604,0.09148425829110152,0.0
5334cce0f93742fb,FIRE/P36,FIRE/image_component/cc0028,FIRE,xfeat_h,ok,False,False,False,2.99475072184868,-0.4763606782675171,0.2369700741950334,0.0
b11f732747b509ba,FIRE/P36,FIRE/image_component/cc0028,FIRE,xfeat_tps,ok,False,False,False,,3.0,3.804331244576934,0.0
d4416fb1eee0ece6,FIRE/P37,FIRE/image_component/cc0003,FIRE,sift_h,invalid_transform,True,False,False,,3.0,,
24629656469e3eb2,FIRE/P37,FIRE/image_component/cc0003,FIRE,sp_lg_h,ok,True,False,False,16.08529842212632,-1.2064291225510444,0.010499861161711692,0.0
7b5b1a057bbc95c2,FIRE/P37,FIRE/image_component/cc0003,FIRE,xfeat_h,ok,True,False,False,14.09929570251962,-1.1491974190278058,0.013241447290053627,0.0
fb72478d7bd91acc,FIRE/P37,FIRE/image_component/cc0003,FIRE,xfeat_tps,ok,True,False,False,,3.0,6.425343933936382,0.0
7ebe3cfbe24fc8ae,FIRE/P38,FIRE/image_component/cc0029,FIRE,sift_h,ok,True,False,False,35.994038024372436,-1.5562305711132975,0.002097830760284092,0.0
d7d5d1262cb0a9ba,FIRE/P38,FIRE/image_component/cc0029,FIRE,sp_lg_h,ok,False,False,False,4.434408329909147,-0.646835681394927,0.11240151939876811,0.0
ef476b136b571fca,FIRE/P38,FIRE/image_component/cc0029,FIRE,xfeat_h,ok,False,False,False,14.96245068488021,-1.1750027320146545,0.011283453986824309,0.0
78ed406af4c54c5b,FIRE/P38,FIRE/image_component/cc0029,FIRE,xfeat_tps,ok,False,False,False,,3.0,3.626951603467175,0.0
0759e4aadd0324ef,FIRE/P39,FIRE/image_component/cc0030,FIRE,sift_h,ok,True,False,False,29.5922765256914,-1.4711783766008213,0.00315292220278112,0.0
63c1de24862bb527,FIRE/P39,FIRE/image_component/cc0030,FIRE,sp_lg_h,ok,False,False,False,8.843558566447332,-0.9466270562788262,0.032653842429040326,0.0
3c23b55f1bd5f1b1,FIRE/P39,FIRE/image_component/cc0030,FIRE,xfeat_h,ok,False,False,False,10.100889963837533,-1.0043596400555321,0.02577813826543038,0.0
1f34ef35fa5cfc9a,FIRE/P39,FIRE/image_component/cc0030,FIRE,xfeat_tps,ok,False,False,False,,3.0,3.3982465148907677,0.0
4bed0bb16b647902,FIRE/P40,FIRE/image_component/cc0031,FIRE,sift_h,ok,True,False,False,1.650944185579971,-0.2177323910675358,1.2268120923512194,0.0
257668b703b2a4ed,FIRE/P40,FIRE/image_component/cc0031,FIRE,sp_lg_h,ok,False,False,False,13.138408274793239,-1.1185427534013397,0.015198728241337556,0.0
b05602b732cacb0b,FIRE/P40,FIRE/image_component/cc0031,FIRE,xfeat_h,ok,True,False,False,11.942503906864937,-1.0770953920303008,0.01911774753482003,0.0
61defd55d66f6d06,FIRE/P40,FIRE/image_component/cc0031,FIRE,xfeat_tps,ok,False,False,False,,3.0,4.143166794669188,0.0
11801bcd3b3dd7be,FIRE/P41,FIRE/image_component/cc0031,FIRE,sift_h,invalid_transform,True,False,False,,3.0,,
02c6be1c531a6f26,FIRE/P41,FIRE/image_component/cc0031,FIRE,sp_lg_h,ok,True,False,False,6.209896512114594,-0.7930843627221403,0.060459386821993935,0.0
861d2570c148a637,FIRE/P41,FIRE/image_component/cc0031,FIRE,xfeat_h,ok,True,False,False,2.550653237506577,-0.40665142008614075,0.3206959506844202,0.0
17d10fdcf5f4bc92,FIRE/P41,FIRE/image_component/cc0031,FIRE,xfeat_tps,ok,True,False,False,,3.0,3.648119024884731,0.0
3255cdb7ffef8945,FIRE/P42,FIRE/image_component/cc0031,FIRE,sift_h,ok,True,True,True,0.0,3.0,3569351976.7039385,0.275390625
1fa4fa216794d57e,FIRE/P42,FIRE/image_component/cc0031,FIRE,sp_lg_h,ok,True,False,False,3.8239214595168236,-0.5825089636122369,0.14736397028550213,0.0
e57124a2a72d1679,FIRE/P42,FIRE/image_component/cc0031,FIRE,xfeat_h,ok,True,False,False,11.78313594790277,-1.0712608883817454,0.01882370302323352,0.0
867bc4ff2b12e5bc,FIRE/P42,FIRE/image_component/cc0031,FIRE,xfeat_tps,ok,False,False,False,,3.0,3.1170865653352013,0.0
8819f70af252723c,FIRE/P43,FIRE/image_component/cc0031,FIRE,sift_h,invalid_transform,True,False,False,,3.0,,
c8f75db4f6012b0e,FIRE/P43,FIRE/image_component/cc0031,FIRE,sp_lg_h,ok,True,False,False,6.991673292391103,-0.8445811263444887,0.04828590537692101,0.0
df82dcef00443581,FIRE/P43,FIRE/image_component/cc0031,FIRE,xfeat_h,ok,True,False,False,4.560259390192013,-0.6589895462883698,0.11230199452511418,0.0
f950b4d4386be62b,FIRE/P43,FIRE/image_component/cc0031,FIRE,xfeat_tps,ok,False,False,False,,3.0,2.921453211232265,0.0
5ddb5399570eafbb,FIRE/P44,FIRE/image_component/cc0031,FIRE,sift_h,ok,True,True,True,0.0,3.0,7.932799872987823,0.9404296875
8104e008a7c96cd3,FIRE/P44,FIRE/image_component/cc0031,FIRE,sp_lg_h,ok,True,False,False,4.755820474927947,-0.6772254522923854,0.10290787530119856,0.0
fde3d0b8da2f70a1,FIRE/P44,FIRE/image_component/cc0031,FIRE,xfeat_h,ok,True,False,False,11.492199065802984,-1.060403140155883,0.02045402399858636,0.0
2ecabffe0184bbb4,FIRE/P44,FIRE/image_component/cc0031,FIRE,xfeat_tps,ok,False,False,False,,3.0,3.5310450636990565,0.0
469666844aee7c07,FIRE/P45,FIRE/image_component/cc0031,FIRE,sift_h,ok,True,True,True,0.0,3.0,1121.955565027961,0.953125
7ca91f3b69fd346d,FIRE/P45,FIRE/image_component/cc0031,FIRE,sp_lg_h,ok,False,False,False,7.309084055216404,-0.8638629563437834,0.04763353909701265,0.0
e5cde1f3f3ff6664,FIRE/P45,FIRE/image_component/cc0031,FIRE,xfeat_h,ok,True,False,False,8.58103635548969,-0.9335397419618122,0.03593226208142107,0.0
ca4314e84de2f176,FIRE/P45,FIRE/image_component/cc0031,FIRE,xfeat_tps,ok,False,False,False,,3.0,4.497118624934842,0.0
90950605971df892,FIRE/P46,FIRE/image_component/cc0031,FIRE,sift_h,invalid_transform,True,False,False,,3.0,,
912c7c7047cfe2d9,FIRE/P46,FIRE/image_component/cc0031,FIRE,sp_lg_h,ok,True,False,False,6.066993012539901,-0.7829734947599192,0.06556845868786138,0.0
6c3cd0071d9a8503,FIRE/P46,FIRE/image_component/cc0031,FIRE,xfeat_h,ok,False,False,False,13.58788049654582,-1.1331517186572968,0.015006709443153972,0.0
b4c1af9d17abbe4f,FIRE/P46,FIRE/image_component/cc0031,FIRE,xfeat_tps,ok,False,False,False,,3.0,4.849782564963574,0.0
23f6d6e107976a71,FIRE/P47,FIRE/image_component/cc0031,FIRE,sift_h,ok,True,False,False,38.874045509545184,-1.5896597387544675,0.0018551380177958406,0.0
64ef3452e9e4acf3,FIRE/P47,FIRE/image_component/cc0031,FIRE,sp_lg_h,ok,False,False,False,6.78618115620211,-0.8316254488971948,0.05467117447556166,0.0
1739a21397e0530b,FIRE/P47,FIRE/image_component/cc0031,FIRE,xfeat_h,ok,False,False,False,6.68152317957826,-0.8248754794034454,0.05789104113858871,0.0
690fbefe4674e088,FIRE/P47,FIRE/image_component/cc0031,FIRE,xfeat_tps,ok,False,False,False,,3.0,4.745193181580257,0.0
556199f23500c582,FIRE/P48,FIRE/image_component/cc0031,FIRE,sift_h,ok,True,True,True,0.0,3.0,68.42789464276541,0.7099609375
88cd6d2b3bfa30fc,FIRE/P48,FIRE/image_component/cc0031,FIRE,sp_lg_h,ok,True,False,False,16.60940320911147,-1.2203540281379675,0.009605875711234065,0.0
f7bed804c15cc85c,FIRE/P48,FIRE/image_component/cc0031,FIRE,xfeat_h,ok,False,False,False,13.657672370962743,-1.1353766903717244,0.014611341914258037,0.0
a4f82179bd4d0e07,FIRE/P48,FIRE/image_component/cc0031,FIRE,xfeat_tps,ok,True,False,False,,3.0,4.845378961812301,0.0
dc6364d56f5299ca,FIRE/P49,FIRE/image_component/cc0013,FIRE,sift_h,ok,True,True,True,0.0,3.0,0.038960238695146164,0.9638671875
e93521dedf365e2b,FIRE/P49,FIRE/image_component/cc0013,FIRE,sp_lg_h,ok,True,False,False,15.699435912478119,-1.195884048301009,0.010513288218467757,0.0
463a60bac5629c10,FIRE/P49,FIRE/image_component/cc0013,FIRE,xfeat_h,ok,False,False,False,2.4984381639077315,-0.3976686051670459,0.32739671469564247,0.0
a45461b00f517956,FIRE/P49,FIRE/image_component/cc0013,FIRE,xfeat_tps,ok,False,False,False,,3.0,3.7193171820236914,0.0
70648ac865e29790,FIRE/S01,FIRE/image_component/cc0032,FIRE,sift_h,ok,True,False,False,242.97507895945625,-2.3855617319299447,4.820324026103182e-05,0.0
2e7bf226c8fd6eb7,FIRE/S01,FIRE/image_component/cc0032,FIRE,sp_lg_h,ok,False,False,False,32.89270852708008,-1.5170996366305083,0.0025833291281848517,0.0
5b5d49d5d8b5ddef,FIRE/S01,FIRE/image_component/cc0032,FIRE,xfeat_h,ok,False,False,False,24.75452175567167,-1.3936545404077938,0.004558882216231688,0.0
7e8c16c3c140f9a7,FIRE/S01,FIRE/image_component/cc0032,FIRE,xfeat_tps,ok,False,False,False,,3.0,9.838811035654727,0.0
f0871728b2bfdcc2,FIRE/S02,FIRE/image_component/cc0032,FIRE,sift_h,ok,True,False,False,23.99992683473237,-1.3802099177399214,0.004884716672148643,0.0
4838071b76848272,FIRE/S02,FIRE/image_component/cc0032,FIRE,sp_lg_h,ok,False,False,False,56.89422788691888,-1.7550682079764897,0.0008979228286071811,0.0
0eea997d9ca6021c,FIRE/S02,FIRE/image_component/cc0032,FIRE,xfeat_h,ok,False,False,False,15.701716001945298,-1.1959471179793622,0.01135441150766044,0.0
fb0f564e337c1f89,FIRE/S02,FIRE/image_component/cc0032,FIRE,xfeat_tps,ok,False,False,False,,3.0,12.085279964891937,0.0
73427af38874600d,FIRE/S03,FIRE/image_component/cc0032,FIRE,sift_h,ok,True,True,True,0.0,3.0,4622809.782769403,0.7412109375
5391523b2561bf72,FIRE/S03,FIRE/image_component/cc0032,FIRE,sp_lg_h,ok,False,False,False,16.08260004568388,-1.206356261714147,0.010800429198764873,0.0
20a1cb2971ba7ddd,FIRE/S03,FIRE/image_component/cc0032,FIRE,xfeat_h,ok,False,False,False,10.654671133752949,-1.027540049357535,0.023915875760866134,0.0
978e8726ab6c7508,FIRE/S03,FIRE/image_component/cc0032,FIRE,xfeat_tps,ok,False,False,False,,3.0,9.546492853935577,0.0
03f39e8d4e6da391,FIRE/S04,FIRE/image_component/cc0033,FIRE,sift_h,ok,True,True,True,0.0,3.0,3.2273025108639275,0.03125
905c0fc5c19e5f99,FIRE/S04,FIRE/image_component/cc0033,FIRE,sp_lg_h,ok,False,False,False,28.764852372084764,-1.4588621494669072,0.003354883385585825,0.0
f25dc0406bb9abbd,FIRE/S04,FIRE/image_component/cc0033,FIRE,xfeat_h,ok,False,False,False,22.49909640488126,-1.352165076588961,0.005440406276636346,0.0
cf8d329d37b04a42,FIRE/S04,FIRE/image_component/cc0033,FIRE,xfeat_tps,ok,False,False,False,,3.0,9.61208513220413,0.0
39d5c1be7bda3fdb,FIRE/S05,FIRE/image_component/cc0033,FIRE,sift_h,ok,True,True,True,0.0,3.0,1289.7405150191614,0.09375
8991063f4bcbfb3f,FIRE/S05,FIRE/image_component/cc0033,FIRE,sp_lg_h,ok,False,False,False,43.3258271439673,-1.636746862687321,0.0015028043679569127,0.0
6e41fd57564c6898,FIRE/S05,FIRE/image_component/cc0033,FIRE,xfeat_h,ok,False,False,False,30.393039471198506,-1.4827741340898903,0.0030130241068533664,0.0
37e4cd789f75723e,FIRE/S05,FIRE/image_component/cc0033,FIRE,xfeat_tps,ok,False,False,False,,3.0,9.725287214109766,0.0
cc31da9fc0be8378,FIRE/S06,FIRE/image_component/cc0033,FIRE,sift_h,ok,True,True,True,0.0,3.0,243611867.79352185,0.0419921875
a910512fb9ea319c,FIRE/S06,FIRE/image_component/cc0033,FIRE,sp_lg_h,ok,False,False,False,74.04499822050086,-1.8694957270219446,0.0005149366956864004,0.0
3fe7a41745b09585,FIRE/S06,FIRE/image_component/cc0033,FIRE,xfeat_h,ok,False,False,False,24.687130859579042,-1.392470619123591,0.004582164195303784,0.0
4578d188bf6703e9,FIRE/S06,FIRE/image_component/cc0033,FIRE,xfeat_tps,ok,False,False,False,,3.0,7.152071261569929,0.0
7645e344567a4b53,FIRE/S07,FIRE/image_component/cc0034,FIRE,sift_h,ok,True,True,True,0.0,3.0,92583.98845083932,0.056640625
35ef5474f5512eb4,FIRE/S07,FIRE/image_component/cc0034,FIRE,sp_lg_h,ok,False,False,False,90.19709777958683,-1.9551925637216716,0.00034986381146714896,0.0
adcd7366b09922e6,FIRE/S07,FIRE/image_component/cc0034,FIRE,xfeat_h,ok,False,False,False,271.391738582992,-2.433596623196865,3.886663961913738e-05,0.0
ffd128beb9a2f398,FIRE/S07,FIRE/image_component/cc0034,FIRE,xfeat_tps,ok,False,False,False,,3.0,7.281732003840645,0.0
7c7cdd5aa1e5077c,FIRE/S08,FIRE/image_component/cc0034,FIRE,sift_h,ok,True,True,True,0.0,3.0,348.0467283738711,0.9541015625
6d2679f81e95efc2,FIRE/S08,FIRE/image_component/cc0034,FIRE,sp_lg_h,ok,False,False,False,98.52363159568432,-1.993540411621169,0.00028969896643050107,0.0
95109239e82c98a9,FIRE/S08,FIRE/image_component/cc0034,FIRE,xfeat_h,ok,False,False,False,42.24342965556107,-1.6257591704163683,0.0015617987109429864,0.0
4ebf402db69b069c,FIRE/S08,FIRE/image_component/cc0034,FIRE,xfeat_tps,ok,False,False,False,,3.0,8.85568213205306,0.0
ad6bfeecbba96041,FIRE/S09,FIRE/image_component/cc0034,FIRE,sift_h,ok,True,False,False,2.124042583514305,-0.32716321937736775,0.5127740867493821,0.0
8eec0a650b018718,FIRE/S09,FIRE/image_component/cc0034,FIRE,sp_lg_h,ok,False,False,False,126.62917446175547,-2.102533775571276,0.00017602239597247997,0.0
f7dbcb812a94bf88,FIRE/S09,FIRE/image_component/cc0034,FIRE,xfeat_h,ok,False,False,False,55.20500265143461,-1.7419784350746497,0.00091741185745811,0.0
272c1ffcd8bc056b,FIRE/S09,FIRE/image_component/cc0034,FIRE,xfeat_tps,ok,False,False,False,,3.0,8.365425399063852,0.0
73d136b80c6d90cc,FIRE/S10,FIRE/image_component/cc0034,FIRE,sift_h,ok,True,True,True,0.0,3.0,1173.1563403569653,0.8955078125
c4605421cbdb4764,FIRE/S10,FIRE/image_component/cc0034,FIRE,sp_lg_h,ok,False,False,False,108.57994955431178,-2.035749635548717,0.00023387901585130626,0.0
3085f258bce6cfd0,FIRE/S10,FIRE/image_component/cc0034,FIRE,xfeat_h,ok,False,False,False,34.01554748924132,-1.5316774654374916,0.002328607146850379,0.0
85a337b2277fb97e,FIRE/S10,FIRE/image_component/cc0034,FIRE,xfeat_tps,ok,False,False,False,,3.0,9.080774468262298,0.0
bcaaa04ba58d662f,FIRE/S11,FIRE/image_component/cc0034,FIRE,sift_h,ok,True,True,True,0.0,3.0,2043.2879833499946,0.05859375
ed757cdfbbdc60d7,FIRE/S11,FIRE/image_component/cc0034,FIRE,sp_lg_h,ok,False,False,False,106.81858320906797,-2.028646813395669,0.0002413565013871643,0.0
659c3bd3fcb63eed,FIRE/S11,FIRE/image_component/cc0034,FIRE,xfeat_h,ok,False,False,False,144.2289539020899,-2.159052453571052,0.0001316560671632273,0.0
dea4dd027a817583,FIRE/S11,FIRE/image_component/cc0034,FIRE,xfeat_tps,ok,False,False,False,,3.0,9.639706541132824,0.0
126f9668c9cd74ad,FIRE/S12,FIRE/image_component/cc0034,FIRE,sift_h,ok,True,True,True,0.0,3.0,23.014118073563324,0.171875
2ca4d8991b7c099c,FIRE/S12,FIRE/image_component/cc0034,FIRE,sp_lg_h,ok,False,False,False,60.241032822781115,-1.7798924091652446,0.0007818167935599652,0.0
e8aa67c1dc5f56b2,FIRE/S12,FIRE/image_component/cc0034,FIRE,xfeat_h,ok,False,False,False,35.32744173867504,-1.5481121888358065,0.0022671332773753342,0.0
96d152d4e373e1da,FIRE/S12,FIRE/image_component/cc0034,FIRE,xfeat_tps,ok,False,False,False,,3.0,8.21585742591802,0.0
44d0068162b5fcd8,FIRE/S13,FIRE/image_component/cc0034,FIRE,sift_h,ok,True,True,True,0.0,3.0,385784.9690742228,0.1025390625
34b9c028495aafe0,FIRE/S13,FIRE/image_component/cc0034,FIRE,sp_lg_h,ok,False,False,False,99.37802317150704,-1.9972903535058613,0.00028207206977150896,0.0
67594a34d192bb39,FIRE/S13,FIRE/image_component/cc0034,FIRE,xfeat_h,ok,False,False,False,32.46513357632294,-1.5114171940974432,0.002604339946513601,0.0
8bd0db407d54550a,FIRE/S13,FIRE/image_component/cc0034,FIRE,xfeat_tps,ok,False,False,False,,3.0,7.4641510418874475,0.0
59c81dbdae328fe6,FIRE/S14,FIRE/image_component/cc0034,FIRE,sift_h,ok,True,True,True,0.0,3.0,4051529.10338734,0.1396484375
3086d2549e90909b,FIRE/S14,FIRE/image_component/cc0034,FIRE,sp_lg_h,ok,False,False,False,52.65631501936924,-1.7214504631492598,0.0009942546850769478,0.0
87eddd9ce8308f02,FIRE/S14,FIRE/image_component/cc0034,FIRE,xfeat_h,ok,False,False,False,84.5739088285423,-1.9272364032344795,0.00038926938998582855,0.0
5b872e896a4b7395,FIRE/S14,FIRE/image_component/cc0034,FIRE,xfeat_tps,ok,False,False,False,,3.0,9.677629648157069,0.0
7466e19005042508,FIRE/S15,FIRE/image_component/cc0034,FIRE,sift_h,ok,True,True,True,0.0,3.0,2.8676640622791347,0.931640625
dfc3e551e7db3a9d,FIRE/S15,FIRE/image_component/cc0034,FIRE,sp_lg_h,ok,False,False,False,123.36438675036958,-2.0911898041861767,0.00018455437107570203,0.0
4ebeb45b9885058b,FIRE/S15,FIRE/image_component/cc0034,FIRE,xfeat_h,ok,False,False,False,53.68389498753856,-1.7298440181562478,0.0009648661561229939,0.0
cc185f65374dac67,FIRE/S15,FIRE/image_component/cc0034,FIRE,xfeat_tps,ok,False,False,False,,3.0,8.625323299955573,0.0
38a89bd769500366,FIRE/S16,FIRE/image_component/cc0034,FIRE,sift_h,ok,True,True,False,0.0,3.0,11206002878.864822,0.9677734375
5f7c364381117b3d,FIRE/S16,FIRE/image_component/cc0034,FIRE,sp_lg_h,ok,False,False,False,163.94778514594057,-2.2147055539398544,0.00010464119611446003,0.0
ac7a40268a8e0b43,FIRE/S16,FIRE/image_component/cc0034,FIRE,xfeat_h,ok,False,False,False,87.25870403803,-1.9408087585784675,0.0003678546699972466,0.0
60132219dbdb496c,FIRE/S16,FIRE/image_component/cc0034,FIRE,xfeat_tps,ok,False,False,False,,3.0,8.603836831792592,0.0
9384c9e5365a41bc,FIRE/S17,FIRE/image_component/cc0034,FIRE,sift_h,ok,True,True,True,0.0,3.0,2.6744880985772586,0.08984375
f5774b37d2945c8b,FIRE/S17,FIRE/image_component/cc0034,FIRE,sp_lg_h,ok,False,False,False,319.8092174849981,-2.504890976749749,2.684344754349929e-05,0.0
83da34f24cfd8014,FIRE/S17,FIRE/image_component/cc0034,FIRE,xfeat_h,ok,False,False,False,129.9466523528272,-2.11376509581532,0.00016179120659865178,0.0
edf4a1cdb9cf8b47,FIRE/S17,FIRE/image_component/cc0034,FIRE,xfeat_tps,ok,False,False,False,,3.0,7.202217654687506,0.0
7e00bc6367cc0a52,FIRE/S18,FIRE/image_component/cc0034,FIRE,sift_h,ok,True,False,False,4.790200142568509,-0.6803536593430024,0.10361955374585138,0.0
b5d71d36692120ce,FIRE/S18,FIRE/image_component/cc0034,FIRE,sp_lg_h,ok,False,False,False,62.43322209924344,-1.7954157488959197,0.0006984371294900161,0.0
c4cb951a44a2b3e8,FIRE/S18,FIRE/image_component/cc0034,FIRE,xfeat_h,ok,False,False,False,70.29410082343165,-1.8469188799653316,0.0005510914214251325,0.0
23fa976c252d3594,FIRE/S18,FIRE/image_component/cc0034,FIRE,xfeat_tps,ok,False,False,False,,3.0,8.95442071923067,0.0
49fce12a0dd3f274,FIRE/S19,FIRE/image_component/cc0034,FIRE,sift_h,invalid_transform,True,False,False,,3.0,,
db938eec08222422,FIRE/S19,FIRE/image_component/cc0034,FIRE,sp_lg_h,ok,False,False,False,48.25890853678209,-1.6835774953221854,0.001207295484252266,0.0
e00c7f487b674332,FIRE/S19,FIRE/image_component/cc0034,FIRE,xfeat_h,ok,False,False,False,27.094345149301528,-1.4328786588921765,0.0037450935103277763,0.0
9bffcd865146c15f,FIRE/S19,FIRE/image_component/cc0034,FIRE,xfeat_tps,ok,False,False,False,,3.0,8.894370606562887,0.0
5a422c113bb3db69,FIRE/S20,FIRE/image_component/cc0034,FIRE,sift_h,ok,True,False,False,0.7964392225763102,0.0988473602355287,2.7601877270623203,0.0
cf400e2abf651c74,FIRE/S20,FIRE/image_component/cc0034,FIRE,sp_lg_h,ok,False,False,False,87.09153740213127,-1.9399759570959316,0.00036424533565066267,0.0
c9279d7b5e432e83,FIRE/S20,FIRE/image_component/cc0034,FIRE,xfeat_h,ok,False,False,False,25.7968360034131,-1.411566442764685,0.004024693657172686,0.0
26b871d3585378b2,FIRE/S20,FIRE/image_component/cc0034,FIRE,xfeat_tps,ok,False,False,False,,3.0,9.188299931837095,0.0
4822afeaa7a082fb,FIRE/S21,FIRE/image_component/cc0034,FIRE,sift_h,invalid_transform,True,False,False,,3.0,,
ef7eaa9958f29ae2,FIRE/S21,FIRE/image_component/cc0034,FIRE,sp_lg_h,ok,False,False,False,70.86094240989864,-1.8504069239031284,0.0005491532186241008,0.0
dcdcb6019ab69719,FIRE/S21,FIRE/image_component/cc0034,FIRE,xfeat_h,ok,False,False,False,114.64325801357002,-2.0593485196538546,0.00021084788339230463,0.0
11798ef717ccc095,FIRE/S21,FIRE/image_component/cc0034,FIRE,xfeat_tps,ok,False,False,False,,3.0,9.098143460346268,0.0
24ef011a63378670,FIRE/S22,FIRE/image_component/cc0034,FIRE,sift_h,invalid_transform,True,False,False,,3.0,,
b0dbd5255cf72077,FIRE/S22,FIRE/image_component/cc0034,FIRE,sp_lg_h,ok,False,False,False,119.33423534621465,-2.076765054642674,0.0001993645711173106,0.0
15fae263cc5d176b,FIRE/S22,FIRE/image_component/cc0034,FIRE,xfeat_h,ok,False,False,False,149.06752084787618,-2.1733830287440554,0.00012781310125418646,0.0
97c5f0944c39cdd5,FIRE/S22,FIRE/image_component/cc0034,FIRE,xfeat_tps,ok,False,False,False,,3.0,4.92740101739988,0.0
96a49ac087d69c07,FIRE/S23,FIRE/image_component/cc0034,FIRE,sift_h,invalid_transform,True,False,False,,3.0,,
09404e8bb76a94be,FIRE/S23,FIRE/image_component/cc0034,FIRE,sp_lg_h,ok,False,False,False,78.37000425350239,-1.8941498703390918,0.00044763576129325797,0.0
5da13a85b13a74d8,FIRE/S23,FIRE/image_component/cc0034,FIRE,xfeat_h,ok,False,False,False,50.90521005199973,-1.7067622338306407,0.001046935983573917,0.0
b6e46af78132a79e,FIRE/S23,FIRE/image_component/cc0034,FIRE,xfeat_tps,ok,False,False,False,,3.0,6.998229903847662,0.0
bf389bfb24e77819,FIRE/S24,FIRE/image_component/cc0034,FIRE,sift_h,ok,True,True,False,0.0,3.0,308308248.8916838,0.0166015625
62b4f5209d0fb9a8,FIRE/S24,FIRE/image_component/cc0034,FIRE,sp_lg_h,ok,False,False,False,36.39501245615757,-1.561041872352902,0.0020492617217324686,0.0
43d27945a86d2619,FIRE/S24,FIRE/image_component/cc0034,FIRE,xfeat_h,ok,False,False,False,32.11517861212938,-1.506710341733787,0.0025967697008221612,0.0
1598587cb3157537,FIRE/S24,FIRE/image_component/cc0034,FIRE,xfeat_tps,ok,False,False,False,,3.0,9.426188488538019,0.0
81ca10d18dd89164,FIRE/S25,FIRE/image_component/cc0034,FIRE,sift_h,invalid_transform,True,False,False,,3.0,,
cd7aff1d55d43d22,FIRE/S25,FIRE/image_component/cc0034,FIRE,sp_lg_h,ok,False,False,False,59.61126365947325,-1.775328328246511,0.0008023865992265597,0.0
8d1f8794e5e1595b,FIRE/S25,FIRE/image_component/cc0034,FIRE,xfeat_h,ok,False,False,False,800.977234598897,-2.90362017272771,4.519873533058088e-06,0.0
767243f50fc2cc8c,FIRE/S25,FIRE/image_component/cc0034,FIRE,xfeat_tps,ok,False,False,False,,3.0,10.416618854864048,0.0
1df2734d679b82f7,FIRE/S26,FIRE/image_component/cc0034,FIRE,sift_h,ok,True,True,True,0.0,3.0,105.99090349951513,0.892578125
03f6c59b2da041cd,FIRE/S26,FIRE/image_component/cc0034,FIRE,sp_lg_h,ok,False,False,False,53.2478419385936,-1.7263020111126053,0.0009748974243047559,0.0
f755d46e61b27415,FIRE/S26,FIRE/image_component/cc0034,FIRE,xfeat_h,ok,False,False,False,33.235629441129,-1.5216039081807302,0.0025365845051208815,0.0
e7ed3bc241675a2f,FIRE/S26,FIRE/image_component/cc0034,FIRE,xfeat_tps,ok,False,False,False,,3.0,7.575159996868643,0.0
23a85a08fdb9e9c0,FIRE/S27,FIRE/image_component/cc0034,FIRE,sift_h,ok,True,True,True,0.0,3.0,94.53646682780081,0.46875
59e518d16df03f51,FIRE/S27,FIRE/image_component/cc0034,FIRE,sp_lg_h,ok,False,False,False,143.74789751004593,-2.157601501316709,0.0001359570390648766,0.0
98cd32fdb0a3fb61,FIRE/S27,FIRE/image_component/cc0034,FIRE,xfeat_h,ok,False,False,False,100.69140744380319,-2.0029924113782407,0.00027588446818053086,0.0
226b7119f37f5829,FIRE/S27,FIRE/image_component/cc0034,FIRE,xfeat_tps,ok,False,False,False,,3.0,6.447908906954871,0.0
3d93949e06d468e2,FIRE/S28,FIRE/image_component/cc0034,FIRE,sift_h,invalid_transform,True,False,False,,3.0,,
697db93a8fb9e55c,FIRE/S28,FIRE/image_component/cc0034,FIRE,sp_lg_h,ok,False,False,False,46.70523897338888,-1.6693655985451255,0.0012539624803709058,0.0
4f64da607973203f,FIRE/S28,FIRE/image_component/cc0034,FIRE,xfeat_h,ok,False,False,False,229.3549270985168,-2.3605080742640046,5.262045377277499e-05,0.0
c1bd14f4558a208d,FIRE/S28,FIRE/image_component/cc0034,FIRE,xfeat_tps,ok,False,False,False,,3.0,10.09144325079884,0.0
e6dade4533a42e10,FIRE/S29,FIRE/image_component/cc0034,FIRE,sift_h,invalid_transform,True,False,False,,3.0,,
982411e27e242cea,FIRE/S29,FIRE/image_component/cc0034,FIRE,sp_lg_h,ok,False,False,False,209.29141160412402,-2.32075140717545,6.333163378772111e-05,0.0
41260b378b5d35e2,FIRE/S29,FIRE/image_component/cc0034,FIRE,xfeat_h,ok,False,False,False,35.60762936308052,-1.5515430607620349,0.0021329589317714095,0.0
d5cf6a18e3e9e6d9,FIRE/S29,FIRE/image_component/cc0034,FIRE,xfeat_tps,ok,False,False,False,,3.0,8.320910210358107,0.0
bde4d9e4c7bbd6fe,FIRE/S30,FIRE/image_component/cc0034,FIRE,sift_h,invalid_transform,True,False,False,,3.0,,
743cd75e3157c482,FIRE/S30,FIRE/image_component/cc0034,FIRE,sp_lg_h,ok,False,False,False,96.60762012386422,-1.985011383633146,0.0003059986500283438,0.0
949f779a14cd739e,FIRE/S30,FIRE/image_component/cc0034,FIRE,xfeat_h,ok,False,False,False,57.33815338389152,-1.7584437020722714,0.0008628568511552515,0.0
56b8403665681abc,FIRE/S30,FIRE/image_component/cc0034,FIRE,xfeat_tps,ok,False,False,False,,3.0,9.5993726165437,0.0
7043b1a5de79328c,FIRE/S31,FIRE/image_component/cc0034,FIRE,sift_h,invalid_transform,True,False,False,,3.0,,
bf0f7e1aadcbea1a,FIRE/S31,FIRE/image_component/cc0034,FIRE,sp_lg_h,ok,False,False,False,205.34906718605004,-2.3124927343780266,6.662848080741598e-05,0.0
ea2cafc48eb7677c,FIRE/S31,FIRE/image_component/cc0034,FIRE,xfeat_h,ok,False,False,False,78.66542583749016,-1.8957838979600072,0.0004475578134168095,0.0
b1313e76c52ec28a,FIRE/S31,FIRE/image_component/cc0034,FIRE,xfeat_tps,ok,False,False,False,,3.0,6.814028164831545,0.0
65299616cb2a3d91,FIRE/S32,FIRE/image_component/cc0034,FIRE,sift_h,invalid_transform,True,False,False,,3.0,,
b0ae600bbcad2cbe,FIRE/S32,FIRE/image_component/cc0034,FIRE,sp_lg_h,ok,False,False,False,75.98806776107438,-1.8807454013285787,0.00048397975647675065,0.0
64d4cf9936b34810,FIRE/S32,FIRE/image_component/cc0034,FIRE,xfeat_h,ok,False,False,False,45.26322084915869,-1.6557454543303214,0.0013486424423497405,0.0
2009632cf62c9236,FIRE/S32,FIRE/image_component/cc0034,FIRE,xfeat_tps,ok,False,False,False,,3.0,8.655266345259626,0.0
1d1302c5ad696361,FIRE/S33,FIRE/image_component/cc0034,FIRE,sift_h,invalid_transform,True,False,False,,3.0,,
2e3e507e83b2b0cd,FIRE/S33,FIRE/image_component/cc0034,FIRE,sp_lg_h,ok,False,False,False,40.019824632940484,-1.6022751812239027,0.0017413818165996652,0.0
faa3c2ea49acf8bb,FIRE/S33,FIRE/image_component/cc0034,FIRE,xfeat_h,ok,False,False,False,67.86375414843793,-1.831637880667983,0.0006121416904101919,0.0
1294d25bbf9d39c8,FIRE/S33,FIRE/image_component/cc0034,FIRE,xfeat_tps,ok,False,False,False,,3.0,8.205437819932005,0.0
808bc02d57dde170,FIRE/S34,FIRE/image_component/cc0034,FIRE,sift_h,ok,True,True,True,0.0,3.0,29.80260249615374,0.24609375
3d897f44c0e1b90c,FIRE/S34,FIRE/image_component/cc0034,FIRE,sp_lg_h,ok,False,False,False,147.28261217554396,-2.168151478126079,0.00013596243354354557,0.0
628c3dad6f5d818a,FIRE/S34,FIRE/image_component/cc0034,FIRE,xfeat_h,ok,False,False,False,31.249633793742827,-1.4948449323268587,0.0029167788376748592,0.0
e77bb1f7e00f64c7,FIRE/S34,FIRE/image_component/cc0034,FIRE,xfeat_tps,ok,False,False,False,,3.0,7.816914347049378,0.0
0e5fa62c336a42a2,FIRE/S35,FIRE/image_component/cc0034,FIRE,sift_h,ok,True,True,True,0.0,3.0,219423282.79006857,0.5498046875
736ee1cf37a78457,FIRE/S35,FIRE/image_component/cc0034,FIRE,sp_lg_h,ok,False,False,False,74.10321449780528,-1.8698370474986177,0.0005211421653978963,0.0
d4164095f358541c,FIRE/S35,FIRE/image_component/cc0034,FIRE,xfeat_h,ok,False,False,False,103.73794955204977,-2.015937659629893,0.00026692387196803637,0.0
e99bc8ba6cfbfbed,FIRE/S35,FIRE/image_component/cc0034,FIRE,xfeat_tps,ok,False,False,False,,3.0,8.362169746637385,0.0
3f0a7b954b85f62d,FIRE/S36,FIRE/image_component/cc0034,FIRE,sift_h,ok,True,True,True,0.0,3.0,336994235.0115674,0.3447265625
f40ebe632a200aae,FIRE/S36,FIRE/image_component/cc0034,FIRE,sp_lg_h,ok,False,False,False,75.96166790345659,-1.88059449204859,0.0004981715403974977,0.0
e1eee3f9868098a7,FIRE/S36,FIRE/image_component/cc0034,FIRE,xfeat_h,ok,False,False,False,67.15727174401965,-1.827093044663976,0.0006336039387048558,0.0
7f3c7203c8049fda,FIRE/S36,FIRE/image_component/cc0034,FIRE,xfeat_tps,ok,False,False,False,,3.0,6.9082475352976855,0.0
e8b903bc1a63bb8c,FIRE/S37,FIRE/image_component/cc0034,FIRE,sift_h,ok,True,True,True,0.0,3.0,8532555.063761843,0.9111328125
5c0d804233d33766,FIRE/S37,FIRE/image_component/cc0034,FIRE,sp_lg_h,ok,False,False,False,87.80058511367484,-1.9434974101064848,0.00038012771183546255,0.0
056c7b00c02d6a0f,FIRE/S37,FIRE/image_component/cc0034,FIRE,xfeat_h,ok,False,False,False,532.8530328724985,-2.726607442021308,1.0425390449762877e-05,0.0
31a37b7aa29f0af7,FIRE/S37,FIRE/image_component/cc0034,FIRE,xfeat_tps,ok,False,False,False,,3.0,6.642062845809541,0.0
f79c65943473c042,FIRE/S38,FIRE/image_component/cc0034,FIRE,sift_h,ok,True,True,True,0.0,3.0,43288.678717400166,0.3828125
cc7c0c1cda16a482,FIRE/S38,FIRE/image_component/cc0034,FIRE,sp_lg_h,ok,False,False,False,632.9116214850326,-2.801343070236852,7.199957633201148e-06,0.0
50e9083e70906c1f,FIRE/S38,FIRE/image_component/cc0034,FIRE,xfeat_h,ok,False,False,False,39.91988160083179,-1.6011892445346303,0.0017836550406223719,0.0
2c070b229e8b228a,FIRE/S38,FIRE/image_component/cc0034,FIRE,xfeat_tps,ok,False,False,False,,3.0,6.229022529760907,0.0
1f757ff854583970,FIRE/S39,FIRE/image_component/cc0034,FIRE,sift_h,ok,True,True,True,0.0,3.0,62290912.74136887,0.361328125
52cbfc4049134afc,FIRE/S39,FIRE/image_component/cc0034,FIRE,sp_lg_h,ok,False,False,False,219.66093325393538,-2.341752824417562,5.9679041731104435e-05,0.0
306b0aa59d153adf,FIRE/S39,FIRE/image_component/cc0034,FIRE,xfeat_h,ok,False,False,False,111.29120673091965,-2.046460851494614,0.0002319777082104259,0.0
f69a9ca52ec8935b,FIRE/S39,FIRE/image_component/cc0034,FIRE,xfeat_tps,ok,False,False,False,,3.0,7.497911294633573,0.0
168cbefc1485e031,FIRE/S40,FIRE/image_component/cc0034,FIRE,sift_h,ok,True,True,True,0.0,3.0,538860.1310340369,0.775390625
664f6bac0b2c8c09,FIRE/S40,FIRE/image_component/cc0034,FIRE,sp_lg_h,ok,False,False,False,176.39574619591414,-2.246488107859766,8.894062648433674e-05,0.0
76de5b30e2ee4718,FIRE/S40,FIRE/image_component/cc0034,FIRE,xfeat_h,ok,False,False,False,42.10111707891449,-1.6242936192269313,0.001531478980632075,0.0
f6b71dcab5281708,FIRE/S40,FIRE/image_component/cc0034,FIRE,xfeat_tps,ok,False,False,False,,3.0,8.29999135683167,0.0
7b7df3954844c985,FIRE/S41,FIRE/image_component/cc0034,FIRE,sift_h,ok,True,True,True,0.0,3.0,134734030.36674714,0.2138671875
5a9e33fcce16014e,FIRE/S41,FIRE/image_component/cc0034,FIRE,sp_lg_h,ok,False,False,False,85.34103488917927,-1.9311579050329584,0.00037825399294461954,0.0
6f4c805407a9c88d,FIRE/S41,FIRE/image_component/cc0034,FIRE,xfeat_h,ok,False,False,False,80.3438088005107,-1.9049524161663212,0.00042830190426354237,0.0
0ad299fcb5dc6afd,FIRE/S41,FIRE/image_component/cc0034,FIRE,xfeat_tps,ok,False,False,False,,3.0,8.519127908546796,0.0
cf4a730fb15c49bd,FIRE/S42,FIRE/image_component/cc0034,FIRE,sift_h,invalid_transform,True,False,False,,3.0,,
a931e56e9ba72b76,FIRE/S42,FIRE/image_component/cc0034,FIRE,sp_lg_h,ok,False,False,False,91.16135856656719,-1.9598107887940655,0.00034045400926990485,0.0
d01a950a729d465d,FIRE/S42,FIRE/image_component/cc0034,FIRE,xfeat_h,ok,False,False,False,245.53688873984223,-2.390116748486097,4.700726593197858e-05,0.0
ae3c3a0c0b4ca9c1,FIRE/S42,FIRE/image_component/cc0034,FIRE,xfeat_tps,ok,False,False,False,,3.0,8.81267099800865,0.0
9965f0a860a47362,FIRE/S43,FIRE/image_component/cc0035,FIRE,sift_h,ok,True,False,False,4.229137800506603,-0.6262518362522709,0.12039892454815068,0.0
fe484b0193936d94,FIRE/S43,FIRE/image_component/cc0035,FIRE,sp_lg_h,ok,False,False,False,41.91476841018541,-1.6223670709132871,0.001612736209515504,0.0
e21de42ee3190b4d,FIRE/S43,FIRE/image_component/cc0035,FIRE,xfeat_h,ok,False,False,False,78.84831431100673,-1.896792413032664,0.00045899525291434774,0.0
da767df75d3247e3,FIRE/S43,FIRE/image_component/cc0035,FIRE,xfeat_tps,ok,False,False,False,,3.0,9.702522504499996,0.0
af8457273c65fd9d,FIRE/S44,FIRE/image_component/cc0035,FIRE,sift_h,invalid_transform,True,False,False,,3.0,,
e3c344c636093710,FIRE/S44,FIRE/image_component/cc0035,FIRE,sp_lg_h,ok,False,False,False,60.352818341078674,-1.7806975554838957,0.0007846789679300855,0.0
bc2be7c5ae8e2cfa,FIRE/S44,FIRE/image_component/cc0035,FIRE,xfeat_h,ok,False,False,False,23.46082525546894,-1.3703432847442445,0.0050728824211528425,0.0
cb644e0d07b0580e,FIRE/S44,FIRE/image_component/cc0035,FIRE,xfeat_tps,ok,False,False,False,,3.0,10.355620904195444,0.0
ad4dde4bd9ed12f7,FIRE/S45,FIRE/image_component/cc0035,FIRE,sift_h,ok,True,False,False,8.4013816099609,-0.9243507118050073,0.03723322830016777,0.0
80f154cdf38b7df3,FIRE/S45,FIRE/image_component/cc0035,FIRE,sp_lg_h,ok,False,False,False,59.8348487107178,-1.7769541972760499,0.0007900158757408028,0.0
ee83ddc60021e729,FIRE/S45,FIRE/image_component/cc0035,FIRE,xfeat_h,ok,False,False,False,101.69533570474424,-2.007301034297916,0.0002749950113442418,0.0
7b1723c9ee0947ba,FIRE/S45,FIRE/image_component/cc0035,FIRE,xfeat_tps,ok,False,False,False,,3.0,8.300016910917787,0.0
a2510151bec54eb3,FIRE/S46,FIRE/image_component/cc0005,FIRE,sift_h,ok,True,False,False,7.056015568356063,-0.8485595303499073,0.051057344350223785,0.0
eae25ee505ee863b,FIRE/S46,FIRE/image_component/cc0005,FIRE,sp_lg_h,ok,False,False,False,48.7691783119444,-1.6881454384376888,0.0011732377109267985,0.0
e0d08a554848297d,FIRE/S46,FIRE/image_component/cc0005,FIRE,xfeat_h,ok,False,False,False,41.98376272746926,-1.6230813589378157,0.0015766181886354555,0.0
2c633956d49938df,FIRE/S46,FIRE/image_component/cc0005,FIRE,xfeat_tps,ok,False,False,False,,3.0,8.057604674465344,0.0
76246f8d2d76ddfe,FIRE/S47,FIRE/image_component/cc0036,FIRE,sift_h,ok,True,True,True,0.0,3.0,1782.0845766957145,0.056640625
c9063b8f57ac1cfa,FIRE/S47,FIRE/image_component/cc0036,FIRE,sp_lg_h,ok,False,False,False,46.642960472059755,-1.6687861077002653,0.0012816208651508006,0.0
b71533f26d3dbf23,FIRE/S47,FIRE/image_component/cc0036,FIRE,xfeat_h,ok,False,False,False,66.39347953560491,-1.8221254296578298,0.0006400600657687094,0.0
df4722322084a60f,FIRE/S47,FIRE/image_component/cc0036,FIRE,xfeat_tps,ok,False,False,False,,3.0,11.067137849649313,0.0
3e8b3b73e0dcc6f6,FIRE/S48,FIRE/image_component/cc0036,FIRE,sift_h,ok,True,True,True,0.0,3.0,584.9520409439126,0.1083984375
303d125e1d1e13a8,FIRE/S48,FIRE/image_component/cc0036,FIRE,sp_lg_h,ok,False,False,False,92.33778258290661,-1.9653794411099608,0.00033164788934373924,0.0
ff76eb2dd46550e2,FIRE/S48,FIRE/image_component/cc0036,FIRE,xfeat_h,ok,False,False,False,42.4756124586236,-1.6281396497066623,0.0015455059125415015,0.0
4e263963cd5ec9e2,FIRE/S48,FIRE/image_component/cc0036,FIRE,xfeat_tps,ok,False,False,False,,3.0,8.631470235513767,0.0
5ea35bbcd123dd56,FIRE/S49,FIRE/image_component/cc0036,FIRE,sift_h,ok,True,True,True,0.0,3.0,864.8125000327663,0.9423828125
ce2dc2b12b27613e,FIRE/S49,FIRE/image_component/cc0036,FIRE,sp_lg_h,ok,False,False,False,78.31790692594112,-1.893861072274899,0.0004607199182952084,0.0
ebd0c83688c18cd3,FIRE/S49,FIRE/image_component/cc0036,FIRE,xfeat_h,ok,False,False,False,88.05405203347634,-1.9447493459397334,0.0003636425665135793,0.0
c956ff5326591ed9,FIRE/S49,FIRE/image_component/cc0036,FIRE,xfeat_tps,ok,False,False,False,,3.0,8.705335801276117,0.0
d26408409c13323f,FIRE/S50,FIRE/image_component/cc0036,FIRE,sift_h,ok,True,True,True,0.0,3.0,1594421.0827184012,0.9423828125
3bef3771a3bab934,FIRE/S50,FIRE/image_component/cc0036,FIRE,sp_lg_h,ok,False,False,False,27.816737350730552,-1.4443061898663605,0.003582627589726134,0.0
e88e58ba96960cce,FIRE/S50,FIRE/image_component/cc0036,FIRE,xfeat_h,ok,False,False,False,55.065442380021246,-1.7408791325713886,0.0009278853173392578,0.0
706f612448cbfb97,FIRE/S50,FIRE/image_component/cc0036,FIRE,xfeat_tps,ok,False,False,False,,3.0,9.245156668406851,0.0
37975fc846f7db90,FIRE/S51,FIRE/image_component/cc0036,FIRE,sift_h,ok,True,False,False,67.26175480996783,-1.8277681935516819,0.0006252997671418764,0.0
480dfcd3d1e7d3db,FIRE/S51,FIRE/image_component/cc0036,FIRE,sp_lg_h,ok,False,False,False,57.76982923910466,-1.7617010838193394,0.0008462244151760396,0.0
7ad9c79927b433ce,FIRE/S51,FIRE/image_component/cc0036,FIRE,xfeat_h,ok,False,False,False,54.81233243108797,-1.7388782830136036,0.0009421562862044612,0.0
2141e58ed896d890,FIRE/S51,FIRE/image_component/cc0036,FIRE,xfeat_tps,ok,False,False,False,,3.0,10.873986229704512,0.0
ea7b8f4480145012,FIRE/S52,FIRE/image_component/cc0036,FIRE,sift_h,ok,True,False,False,4.471308007081293,-0.6504345873738345,0.132808130144619,0.0
5b7df6b356a3bd88,FIRE/S52,FIRE/image_component/cc0036,FIRE,sp_lg_h,ok,False,False,False,74.3345502193584,-1.8711907179593503,0.0005118792573564211,0.0
8c68048cda2b66c6,FIRE/S52,FIRE/image_component/cc0036,FIRE,xfeat_h,ok,False,False,False,82.18694475350608,-1.9148028361311846,0.00041950330936118044,0.0
15cfb241afd343ac,FIRE/S52,FIRE/image_component/cc0036,FIRE,xfeat_tps,ok,False,False,False,,3.0,9.76103681521448,0.0
0fc7d9c4f3289072,FIRE/S53,FIRE/image_component/cc0037,FIRE,sift_h,ok,True,True,True,0.0,3.0,62231.41156860166,0.037109375
d545b3d7382f2b8c,FIRE/S53,FIRE/image_component/cc0037,FIRE,sp_lg_h,ok,False,False,False,37.038221084652974,-1.5686501197034248,0.00199730263648924,0.0
22914704e83be019,FIRE/S53,FIRE/image_component/cc0037,FIRE,xfeat_h,ok,False,False,False,54.05384360774508,-1.7328265807737864,0.0009444665645723996,0.0
d8688df8441d6159,FIRE/S53,FIRE/image_component/cc0037,FIRE,xfeat_tps,ok,False,False,False,,3.0,9.24085256470303,0.0
2f4788759ff42db9,FIRE/S54,FIRE/image_component/cc0006,FIRE,sift_h,ok,True,True,True,0.0,3.0,377.06321478185805,0.03125
9e50eb8d9266eba1,FIRE/S54,FIRE/image_component/cc0006,FIRE,sp_lg_h,ok,False,False,False,59.83022866727881,-1.7769206626907446,0.0007623877448516482,0.0
aa28dc39750021b8,FIRE/S54,FIRE/image_component/cc0006,FIRE,xfeat_h,ok,False,False,False,35.44825885577372,-1.5495949084076581,0.00217606784793776,0.0
e3983c7a1fc21a8e,FIRE/S54,FIRE/image_component/cc0006,FIRE,xfeat_tps,ok,False,False,False,,3.0,9.618606808361486,0.0
28897e12379b37f6,FIRE/S55,FIRE/image_component/cc0010,FIRE,sift_h,ok,False,False,False,50.892916119387905,-1.7066573362785742,0.0010776326176865358,0.0
dff15ea1e65f0ee1,FIRE/S55,FIRE/image_component/cc0010,FIRE,sp_lg_h,ok,False,False,False,41.16834764062819,-1.6145634362236618,0.0016400508075819717,0.0
7af0625e16d6d4ff,FIRE/S55,FIRE/image_component/cc0010,FIRE,xfeat_h,ok,False,False,False,45.357166342659866,-1.6566459144874215,0.0013573051236846012,0.0
2179ffe90bf3ef2c,FIRE/S55,FIRE/image_component/cc0010,FIRE,xfeat_tps,ok,False,False,False,,3.0,9.783175484664987,0.0
baa1a58a22fa8666,FIRE/S56,FIRE/image_component/cc0010,FIRE,sift_h,ok,True,False,False,262.8160834134573,-2.4196519389850932,4.134487908110827e-05,0.0
4f1fceca0cb26756,FIRE/S56,FIRE/image_component/cc0010,FIRE,sp_lg_h,ok,False,False,False,113.42310089044973,-2.0547015163515168,0.00021872027981996358,0.0
c7b316f87a4a4a99,FIRE/S56,FIRE/image_component/cc0010,FIRE,xfeat_h,ok,False,False,False,35.772517124240096,-1.5535495002469961,0.002168871463503525,0.0
f8e2f4400c2a5be7,FIRE/S56,FIRE/image_component/cc0010,FIRE,xfeat_tps,ok,False,False,False,,3.0,8.746092362851963,0.0
e6176db5456251f6,FIRE/S57,FIRE/image_component/cc0010,FIRE,sift_h,ok,True,False,False,50.53248743276993,-1.703570676661694,0.0010923073036104914,0.0
6c57a32275eff0a8,FIRE/S57,FIRE/image_component/cc0010,FIRE,sp_lg_h,ok,False,False,False,90.71182075695754,-1.9576638841385483,0.0003430141965988768,0.0
97db6a9636d42a43,FIRE/S57,FIRE/image_component/cc0010,FIRE,xfeat_h,ok,False,False,False,45.45713356024307,-1.6576020464743424,0.0013575082683875798,0.0
8710bf2bd7b306d8,FIRE/S57,FIRE/image_component/cc0010,FIRE,xfeat_tps,ok,False,False,False,,3.0,8.581328163582837,0.0
c40650a2bcdec630,FIRE/S58,FIRE/image_component/cc0038,FIRE,sift_h,ok,True,True,True,0.0,3.0,138446681.49122846,0.3515625
53cea19dced818ab,FIRE/S58,FIRE/image_component/cc0038,FIRE,sp_lg_h,ok,False,False,False,26.89344976695202,-1.429646515077708,0.0038053419559159482,0.0
492a7e3de34b78bf,FIRE/S58,FIRE/image_component/cc0038,FIRE,xfeat_h,ok,False,False,False,57.21936200045005,-1.75754301108496,0.0008579136923605164,0.0
1d4232c77486d078,FIRE/S58,FIRE/image_component/cc0038,FIRE,xfeat_tps,ok,False,False,False,,3.0,11.215247590859255,0.0
d003c6da466b46df,FIRE/S59,FIRE/image_component/cc0038,FIRE,sift_h,ok,True,False,False,28.67018115511783,-1.4574304370838924,0.003366946384664239,0.0
d6ae8c94535671e0,FIRE/S59,FIRE/image_component/cc0038,FIRE,sp_lg_h,ok,False,False,False,160.95203146200552,-2.2066964625200574,0.0001103195129025508,0.0
9cdb2276782e04b4,FIRE/S59,FIRE/image_component/cc0038,FIRE,xfeat_h,ok,False,False,False,28.215653135531873,-1.4504901077648198,0.003510715005273785,0.0
1030e707df58b55d,FIRE/S59,FIRE/image_component/cc0038,FIRE,xfeat_tps,ok,False,False,False,,3.0,6.374676562335999,0.0
420ab3b38ae225ca,FIRE/S60,FIRE/image_component/cc0038,FIRE,sift_h,ok,True,True,True,0.0,3.0,1012011.1746196001,0.3017578125
3c24b54b473c50ff,FIRE/S60,FIRE/image_component/cc0038,FIRE,sp_lg_h,ok,False,False,False,68.6685304586449,-1.836757753371627,0.0006045789372532309,0.0
3aba294ad9d67ee5,FIRE/S60,FIRE/image_component/cc0038,FIRE,xfeat_h,ok,False,False,False,33.58345371519893,-1.5261253568503952,0.0024920695330191917,0.0
729aa6460c444219,FIRE/S60,FIRE/image_component/cc0038,FIRE,xfeat_tps,ok,False,False,False,,3.0,9.059172479525946,0.0
95aeb001e9382546,FIRE/S61,FIRE/image_component/cc0039,FIRE,sift_h,ok,True,False,False,10.46507994978148,-1.0197425505549054,0.02361152841215619,0.0
5c60db6f8f05e19f,FIRE/S61,FIRE/image_component/cc0039,FIRE,sp_lg_h,ok,False,False,False,102.3527093898985,-2.010099343407984,0.00026992422529974875,0.0
edf93cdf49f5ad5c,FIRE/S61,FIRE/image_component/cc0039,FIRE,xfeat_h,ok,False,False,False,116.84684255410636,-2.0676169813422334,0.00020788264788919469,0.0
96aa6898d8a4df3b,FIRE/S61,FIRE/image_component/cc0039,FIRE,xfeat_tps,ok,False,False,False,,3.0,8.634614792002399,0.0
73724d8d2b28128e,FIRE/S62,FIRE/image_component/cc0040,FIRE,sift_h,invalid_transform,True,False,False,,3.0,,
17e0c57e8e56854a,FIRE/S62,FIRE/image_component/cc0040,FIRE,sp_lg_h,ok,False,False,False,35.36308859267046,-1.5485501890382967,0.0022198766328454687,0.0
caf1d9fc455d1743,FIRE/S62,FIRE/image_component/cc0040,FIRE,xfeat_h,ok,False,False,False,40.81544131515527,-1.6108244966507164,0.0016686850576985148,0.0
f40167f67f2405f2,FIRE/S62,FIRE/image_component/cc0040,FIRE,xfeat_tps,ok,False,False,False,,3.0,7.995650306220155,0.0
65112839ce539dda,FIRE/S63,FIRE/image_component/cc0040,FIRE,sift_h,ok,True,True,True,0.0,3.0,23111143.321948987,0.9384765625
c25d513426ed5026,FIRE/S63,FIRE/image_component/cc0040,FIRE,sp_lg_h,ok,False,False,False,45.81622932651039,-1.6610193439089387,0.0013709377148745784,0.0
403d8cc22b545b52,FIRE/S63,FIRE/image_component/cc0040,FIRE,xfeat_h,ok,False,False,False,16.672118177779904,-1.221990780060877,0.009941953495456984,0.0
a91d852ce0e39ee0,FIRE/S63,FIRE/image_component/cc0040,FIRE,xfeat_tps,ok,False,False,False,,3.0,8.23883172179395,0.0
d823fed3844f7f86,FIRE/S64,FIRE/image_component/cc0040,FIRE,sift_h,invalid_transform,True,False,False,,3.0,,
b1dd7893f61a7fd7,FIRE/S64,FIRE/image_component/cc0040,FIRE,sp_lg_h,ok,False,False,False,61.71995587771347,-1.7904256069233138,0.0007604597849223176,0.0
e6ff8021fc6ea22c,FIRE/S64,FIRE/image_component/cc0040,FIRE,xfeat_h,ok,False,False,False,36.05486551451238,-1.5569638799714374,0.0022048661633254137,0.0
126918e63be451e1,FIRE/S64,FIRE/image_component/cc0040,FIRE,xfeat_tps,ok,False,False,False,,3.0,9.581092741783749,0.0
a23c6ba397135248,FIRE/S65,FIRE/image_component/cc0008,FIRE,sift_h,ok,False,False,False,115.75154501091902,-2.063526796538704,0.00021095627323545492,0.0
d4045d3b1e9bb8a8,FIRE/S65,FIRE/image_component/cc0008,FIRE,sp_lg_h,ok,False,False,False,60.85447237422547,-1.7842925013182893,0.000765259110089993,0.0
41436e3a3871b961,FIRE/S65,FIRE/image_component/cc0008,FIRE,xfeat_h,ok,False,False,False,33.891474605697425,-1.530090465242958,0.0024416271199999627,0.0
ab4565fa2cad480d,FIRE/S65,FIRE/image_component/cc0008,FIRE,xfeat_tps,ok,False,False,False,,3.0,7.005964483416933,0.0
51fb20cd38c644f7,FIRE/S66,FIRE/image_component/cc0041,FIRE,sift_h,ok,True,True,True,0.0,3.0,36209352.63326278,0.8291015625
5c206b8108867aed,FIRE/S66,FIRE/image_component/cc0041,FIRE,sp_lg_h,ok,False,False,False,188.41853350753388,-2.275123619285815,8.08405186319934e-05,0.0
9abdfd1401a1e354,FIRE/S66,FIRE/image_component/cc0041,FIRE,xfeat_h,ok,False,False,False,64.07661882263184,-1.8066995869492242,0.0006820413612017406,0.0
e8541117d3b35dc3,FIRE/S66,FIRE/image_component/cc0041,FIRE,xfeat_tps,ok,False,False,False,,3.0,11.291903651928319,0.0
db1da4ac7dd46499,FIRE/S67,FIRE/image_component/cc0041,FIRE,sift_h,ok,True,True,True,0.0,3.0,12267.534430169195,0.1220703125
c802da68ffd5578e,FIRE/S67,FIRE/image_component/cc0041,FIRE,sp_lg_h,ok,False,False,False,102.07782354809687,-2.0089314016677577,0.0002726811266105929,0.0
761c42716f245691,FIRE/S67,FIRE/image_component/cc0041,FIRE,xfeat_h,ok,False,False,False,59.49253708965926,-1.7744624900300991,0.0007962263550697671,0.0
7bf8b129e74e14b9,FIRE/S67,FIRE/image_component/cc0041,FIRE,xfeat_tps,ok,False,False,False,,3.0,9.814125844404108,0.0
a6e6ae6adc756892,FIRE/S68,FIRE/image_component/cc0041,FIRE,sift_h,ok,True,False,False,45.07473194211032,-1.6539331526676846,0.001376240331557713,0.0
6d23109c822438e2,FIRE/S68,FIRE/image_component/cc0041,FIRE,sp_lg_h,ok,False,False,False,39.62419549442297,-1.597960457664176,0.0017636042235290575,0.0
2cafca0a4ed56a62,FIRE/S68,FIRE/image_component/cc0041,FIRE,xfeat_h,ok,False,False,False,37.36918578843054,-1.5725136354080014,0.001991203608108048,0.0
6b53d40af599b356,FIRE/S68,FIRE/image_component/cc0041,FIRE,xfeat_tps,ok,False,False,False,,3.0,12.471132879210982,0.0
be049971696e0f0a,FIRE/S69,FIRE/image_component/cc0009,FIRE,sift_h,ok,True,True,True,0.0,3.0,21839.29635425118,0.9521484375
df912458824713de,FIRE/S69,FIRE/image_component/cc0009,FIRE,sp_lg_h,ok,False,False,False,20.78827532182181,-1.317818460024795,0.006436231050417508,0.0
57c16df7ac455a3c,FIRE/S69,FIRE/image_component/cc0009,FIRE,xfeat_h,ok,False,False,False,18.183705771937962,-1.2596823955140126,0.00828992943424281,0.0
fe71cae92d6cf686,FIRE/S69,FIRE/image_component/cc0009,FIRE,xfeat_tps,ok,False,False,False,,3.0,8.158020655703044,0.0
b714eb0973fdf4f9,FIRE/S70,FIRE/image_component/cc0009,FIRE,sift_h,ok,True,True,True,0.0,3.0,193361.55232593886,0.189453125
68b4bd6752d75546,FIRE/S70,FIRE/image_component/cc0009,FIRE,sp_lg_h,ok,False,False,False,23.302401701747204,-1.3674006846338513,0.005194670828037186,0.0
0340e1d6a4995b04,FIRE/S70,FIRE/image_component/cc0009,FIRE,xfeat_h,ok,False,False,False,33.23677663510258,-1.5216188984614154,0.0025736597842956218,0.0
3673547e6c5f9651,FIRE/S70,FIRE/image_component/cc0009,FIRE,xfeat_tps,ok,False,False,False,,3.0,8.433427195839974,0.0
7e6f402690e0681d,FIRE/S71,FIRE/image_component/cc0009,FIRE,sift_h,ok,True,False,False,37.80397624765863,-1.5775374816255154,0.0018896199791307027,0.0
42dc838fde216a6d,FIRE/S71,FIRE/image_component/cc0009,FIRE,sp_lg_h,ok,False,False,False,10.27491583932435,-1.0117782733056038,0.02592685448396618,0.0
28e08251492468a7,FIRE/S71,FIRE/image_component/cc0009,FIRE,xfeat_h,ok,False,False,False,31.993002242279328,-1.5050549964478446,0.002826373495796138,0.0
1dff3a7b91cd2388,FIRE/S71,FIRE/image_component/cc0009,FIRE,xfeat_tps,ok,False,False,False,,3.0,6.731370584419043,0.0
