job_id,pipeline_id,dataset_id,operational_failure,exact_rectangle_crossing,exact_fov_crossing,sampled_detj_sign_change,cached_folding_fraction
5fa60dc6120fc7a1,sift_h,COph100,True,True,False,True,0.974609375
cf1577f4f0fb815f,sp_lg_h,COph100,False,False,False,False,0.0
9518d06740e42499,xfeat_h,COph100,False,False,False,False,0.0
96f7a3bc86dc4efc,sp_lg_h,COph100,False,False,False,False,0.0
23dc96d564814c14,xfeat_h,COph100,False,False,False,False,0.0
501757c32772c0e0,sift_h,COph100,True,True,True,True,0.9111328125
2e938502a7f27973,sp_lg_h,COph100,False,False,False,False,0.0
323ae4a1811c1de6,xfeat_h,COph100,False,False,False,False,0.0
19c3c058ff428127,sift_h,COph100,True,True,False,True,0.98046875
5b2f0627ddf8b0b4,sp_lg_h,COph100,False,False,False,False,0.0
0663f3ba21a58e56,xfeat_h,COph100,False,False,False,False,0.0
fd0ede1ca9dd1eef,sift_h,COph100,True,True,False,True,0.0400390625
8d485bff2b17244c,sp_lg_h,COph100,True,False,False,False,0.0
22aedf2b7ca52186,xfeat_h,COph100,True,False,False,False,0.0
041bfdc888ac7aaa,sift_h,COph100,True,True,False,True,0.97265625
5e4ceed786408fc4,sp_lg_h,COph100,False,False,False,False,0.0
486464928d4f9638,xfeat_h,COph100,False,False,False,False,0.0
3ef3d691a7faf7d9,sift_h,COph100,True,True,True,True,0.9345703125
e3e77b52ba144d5e,sp_lg_h,COph100,False,False,False,False,0.0
97e86a5d82de2dbf,xfeat_h,COph100,False,False,False,False,0.0
b79dd97561b73d50,sift_h,COph100,True,True,False,True,0.9736328125
b9c46ae435929ea7,sp_lg_h,COph100,False,False,False,False,0.0
41d702cb808e5d72,xfeat_h,COph100,False,False,False,False,0.0
b9590323225fc58c,sp_lg_h,COph100,False,False,False,False,0.0
59b1722de5fbb864,xfeat_h,COph100,False,False,False,False,0.0
ed0546d48bfebed0,sift_h,COph100,True,True,True,True,0.2294921875
9817e69be263308d,sp_lg_h,COph100,True,False,False,False,0.0
0be009f7654d4637,xfeat_h,COph100,True,False,False,False,0.0
5225e189c9292551,sift_h,COph100,True,True,True,True,0.4453125
6c475c700e881086,sp_lg_h,COph100,True,False,False,False,0.0
72fc130bcfd38313,xfeat_h,COph100,True,False,False,False,0.0
0aa3e2e44542437d,sift_h,COph100,True,True,True,True,0.826171875
146605e13ade689f,sp_lg_h,COph100,False,False,False,False,0.0
804bded351873ca9,xfeat_h,COph100,True,False,False,False,0.0
b85833b03d00f9dd,sift_h,COph100,True,True,True,True,0.34375
f9758d389b15bfc7,sp_lg_h,COph100,False,False,False,False,0.0
095b0881a5b451aa,xfeat_h,COph100,False,False,False,False,0.0
b0547a370360e445,sift_h,COph100,True,True,True,True,0.32421875
61539f825b896c1d,sp_lg_h,COph100,True,False,False,False,0.0
d92c4ffe76afe050,xfeat_h,COph100,True,False,False,False,0.0
eff2f1ca5614dd3f,sift_h,COph100,True,False,False,False,0.0
0d91409050e13588,sp_lg_h,COph100,True,False,False,False,0.0
0373c729f79b6b29,xfeat_h,COph100,True,False,False,False,0.0
2fc56eb99917bab8,sift_h,COph100,True,True,True,True,0.55859375
84cd45f3f54eabc2,sp_lg_h,COph100,False,False,False,False,0.0
ab2c25ba15e83013,xfeat_h,COph100,False,False,False,False,0.0
55119f59dd616be5,sift_h,COph100,True,False,False,False,0.0
5b2ec9c7a9c9621a,sp_lg_h,COph100,True,False,False,False,0.0
9285f645c7accfc3,xfeat_h,COph100,True,False,False,False,0.0
8891fc34892fce91,sift_h,COph100,True,True,False,True,0.0703125
8a3e0cb62b2c5fd1,sp_lg_h,COph100,True,False,False,False,0.0
1b9ba2649343a9ef,xfeat_h,COph100,False,False,False,False,0.0
09eb771419d695a2,sift_h,COph100,True,False,False,False,0.0
6861d0b19385ee2a,sp_lg_h,COph100,True,False,False,False,0.0
5dd0f4949ed950da,xfeat_h,COph100,False,False,False,False,0.0
712e19196fb66eee,sift_h,COph100,True,False,False,False,0.0
8450b8aef384ca97,sp_lg_h,COph100,True,False,False,False,0.0
29f8ecaa2851dc3a,xfeat_h,COph100,True,False,False,False,0.0
51d2a1653847f8fa,sift_h,COph100,True,False,False,False,0.0
94fb53082ecfa718,sp_lg_h,COph100,False,False,False,False,0.0
cf17e111b9acbfde,xfeat_h,COph100,True,False,False,False,0.0
af15cf64ab5de7a6,sift_h,COph100,True,True,False,True,0.9794921875
0100c50c62ce4b5e,sp_lg_h,COph100,False,False,False,False,0.0
d392b9c2dc56edc9,xfeat_h,COph100,False,False,False,False,0.0
d6170deb986733fd,sift_h,COph100,True,True,True,True,0.900390625
02e7f9cd1531bae4,sp_lg_h,COph100,True,False,False,False,0.0
a9bb8e3c1033e494,xfeat_h,COph100,True,False,False,False,0.0
ea63169839a5659f,sift_h,COph100,True,True,True,True,0.7568359375
b7ee2cdbff430f78,sp_lg_h,COph100,False,False,False,False,0.0
8b27f28f22fe7ba3,xfeat_h,COph100,True,False,False,False,0.0
f25865706953abbd,sp_lg_h,COph100,True,False,False,False,0.0
b2b13cfec5f81a2b,xfeat_h,COph100,True,False,False,False,0.0
de8a3bb403c8fbcd,sift_h,COph100,True,True,False,False,0.0
3a8dc3833e474f67,sp_lg_h,COph100,False,False,False,False,0.0
1540f55f8f923502,xfeat_h,COph100,True,False,False,False,0.0
405e70508489c616,sift_h,COph100,True,False,False,False,0.0
7823dd0e65f1da9b,sp_lg_h,COph100,True,False,False,False,0.0
238f476cc28d4e14,xfeat_h,COph100,True,False,False,False,0.0
d572fc77b918217e,sift_h,COph100,True,False,False,False,0.0
80014d25261e3d63,sp_lg_h,COph100,False,False,False,False,0.0
b16749ebf60f7cdf,xfeat_h,COph100,False,False,False,False,0.0
427004123fa0e25a,sp_lg_h,COph100,False,False,False,False,0.0
bfae1b5f236a6663,xfeat_h,COph100,False,False,False,False,0.0
faa2153b022e2117,sp_lg_h,COph100,True,False,False,False,0.0
ff9474f5963f3e0d,xfeat_h,COph100,True,False,False,False,0.0
b753c5b9c1f2474e,sift_h,COph100,True,True,False,True,0.0595703125
bfb4d2f2c306f2cc,sp_lg_h,COph100,False,False,False,False,0.0
4afb6446ed747439,xfeat_h,COph100,False,False,False,False,0.0
cdc44a40147f2962,sift_h,COph100,True,True,True,True,0.4150390625
3bcea9ccde8044b6,sp_lg_h,COph100,False,False,False,False,0.0
659ab6c25952cb2a,xfeat_h,COph100,False,False,False,False,0.0
b406577e094a92f3,sift_h,COph100,True,True,False,True,0.0966796875
87745d6255eb3d56,sp_lg_h,COph100,False,False,False,False,0.0
43c9fe72a488e18d,xfeat_h,COph100,False,False,False,False,0.0
906cf67b973818fe,sift_h,COph100,True,True,True,True,0.341796875
ef2751e8e57aa35e,sp_lg_h,COph100,True,False,False,False,0.0
b976c4dfb6c55cd3,xfeat_h,COph100,True,False,False,False,0.0
700371e1de67e334,sp_lg_h,COph100,False,False,False,False,0.0
a4e9ee14d78da81b,xfeat_h,COph100,False,False,False,False,0.0
d9824507715549e5,sift_h,COph100,True,True,True,True,0.7607421875
0f251146c0826970,sp_lg_h,COph100,True,False,False,False,0.0
cf7d6f73391165ea,xfeat_h,COph100,True,False,False,False,0.0
8ba58f3bd0a35ed7,sift_h,COph100,True,True,True,True,0.8955078125
7ef4425a67b8409b,sp_lg_h,COph100,True,False,False,False,0.0
3b33044a00dd0745,xfeat_h,COph100,True,False,False,False,0.0
9bba2e7efd3af6c6,sift_h,COph100,True,True,True,True,0.7734375
1480f8697b390969,sp_lg_h,COph100,True,False,False,False,0.0
06336669fc2cbb48,xfeat_h,COph100,True,False,False,False,0.0
af4fd22fba04f3d7,sift_h,COph100,True,True,False,True,0.98828125
8f703cb5253b179e,sp_lg_h,COph100,True,False,False,False,0.0
bfb344badca19656,xfeat_h,COph100,True,False,False,False,0.0
e8a81d96e0f69117,sp_lg_h,COph100,True,False,False,False,0.0
6aa684880cb0c176,xfeat_h,COph100,True,False,False,False,0.0
94037c6d2e604476,sift_h,COph100,True,False,False,False,1.0
6f0344273ab80079,sp_lg_h,COph100,False,False,False,False,0.0
a1fa12d16fe795e0,xfeat_h,COph100,False,False,False,False,0.0
92ea04ef575e3b06,sp_lg_h,COph100,True,False,False,False,0.0
0bbbae40d740dfd4,xfeat_h,COph100,True,False,False,False,0.0
fb1259e291bfb4a7,sift_h,COph100,True,True,True,True,0.5986328125
64736ec741616fea,sp_lg_h,COph100,False,False,False,False,0.0
f62cb67c09abf33b,xfeat_h,COph100,True,False,False,False,0.0
c8aef9b1f8ddb868,sift_h,COph100,True,True,False,True,0.0380859375
3310eb9feb37baa9,sp_lg_h,COph100,True,False,False,False,0.0
ad2242592db4ceae,xfeat_h,COph100,True,False,False,False,0.0
dc1407cd89bc417c,sift_h,COph100,True,True,True,True,0.27734375
326a0eef546e789b,sp_lg_h,COph100,True,False,False,False,0.0
c7234f0c4cd6a42a,xfeat_h,COph100,False,False,False,False,0.0
6fc2500aa78a697b,sift_h,COph100,True,True,False,True,0.921875
e0f78ad675942e83,sp_lg_h,COph100,False,False,False,False,0.0
76268f3a56ca872e,xfeat_h,COph100,True,False,False,False,0.0
3431233924bab717,sift_h,COph100,True,False,False,False,0.0
a40ea95a0804d276,sp_lg_h,COph100,False,False,False,False,0.0
dcab660c26ac83fb,xfeat_h,COph100,True,False,False,False,0.0
43967e55ca6c9551,sift_h,COph100,True,False,False,False,0.0
1d9f5258120662f9,sp_lg_h,COph100,False,False,False,False,0.0
3d3af9678d4d2e64,xfeat_h,COph100,True,False,False,False,0.0
17f852598213b731,sift_h,COph100,True,True,False,True,0.9658203125
af22fbea237ac856,sp_lg_h,COph100,True,False,False,False,0.0
31b79da57feeb50a,xfeat_h,COph100,True,False,False,False,0.0
a86181c3ab5202cd,sift_h,COph100,True,True,False,True,0.9609375
4064f95e3781b157,sp_lg_h,COph100,True,False,False,False,0.0
d0530e865361a543,xfeat_h,COph100,True,False,False,False,0.0
0c000ca026f94145,sp_lg_h,COph100,True,False,False,False,0.0
d97e7d2eaea28599,xfeat_h,COph100,True,False,False,False,0.0
9eda4a657fdc90b8,sift_h,COph100,True,True,True,True,0.3056640625
a716b96f1597c4d7,sp_lg_h,COph100,True,False,False,False,0.0
f083e7b639ebae54,xfeat_h,COph100,True,False,False,False,0.0
5923793fea20b594,sift_h,COph100,True,False,False,False,0.0
0ac2c481de20449f,sp_lg_h,COph100,False,False,False,False,0.0
39f75e88f1e7637d,xfeat_h,COph100,True,False,False,False,0.0
382c1a81353af43a,sift_h,COph100,True,True,False,True,0.9736328125
320b19d82e51363c,sp_lg_h,COph100,True,False,False,False,0.0
6ce2a681a021980e,xfeat_h,COph100,True,False,False,False,0.0
431d314c703234d3,sp_lg_h,COph100,True,False,False,False,0.0
b356e3b617a5e7bf,xfeat_h,COph100,False,False,False,False,0.0
cc0b109114b1c565,sp_lg_h,COph100,False,False,False,False,0.0
291ecd7075033eb8,xfeat_h,COph100,False,False,False,False,0.0
4eb84d46204a7a37,sift_h,COph100,True,True,False,True,0.0029296875
3360167c3322046c,sp_lg_h,COph100,False,False,False,False,0.0
9ac06ba8afe5c71e,xfeat_h,COph100,True,False,False,False,0.0
461237c8651338d4,sp_lg_h,COph100,True,False,False,False,0.0
31a45b7a5b10a19a,xfeat_h,COph100,False,False,False,False,0.0
42cb6f847a602476,sift_h,COph100,True,True,True,True,0.84375
5cc2d8a9f3fd71c3,sp_lg_h,COph100,True,False,False,False,0.0
b2b144ea18c9bbd9,xfeat_h,COph100,True,False,False,False,0.0
25e5fb0d27749a8c,sift_h,COph100,True,True,True,True,0.4169921875
bba853a41ce857f8,sp_lg_h,COph100,False,False,False,False,0.0
0eb20487fae28af8,xfeat_h,COph100,False,False,False,False,0.0
35ca24d91844e448,sift_h,COph100,True,True,False,True,0.041015625
23c98ca2ac02c2d6,sp_lg_h,COph100,True,False,False,False,0.0
fb196b6915dfea35,xfeat_h,COph100,True,False,False,False,0.0
42bcc03a28a55e5f,sift_h,COph100,True,True,False,True,0.9716796875
14c802e4f2a8b954,sp_lg_h,COph100,True,False,False,False,0.0
00985ed9b0e41121,xfeat_h,COph100,True,False,False,False,0.0
6d2bb2a6792a0a5b,sift_h,COph100,True,True,False,True,0.017578125
233029ee5e34b708,sp_lg_h,COph100,True,False,False,False,0.0
ee76805c96f88e9e,xfeat_h,COph100,True,False,False,False,0.0
450e56b6ec2338e9,sift_h,COph100,True,False,False,False,0.0
27a68ca587eed37e,sp_lg_h,COph100,True,False,False,False,0.0
33f5aaf759ed97ea,xfeat_h,COph100,True,False,False,False,0.0
f803d33b7157a4c5,sift_h,COph100,True,False,False,False,0.0
15e1f673d2240887,sp_lg_h,COph100,True,False,False,False,0.0
c8f81e562de806ac,xfeat_h,COph100,True,False,False,False,0.0
2ea209e03919ea4d,sift_h,COph100,True,True,False,True,0.0546875
44d4eaf62ae2d4e5,sp_lg_h,COph100,True,False,False,False,0.0
471368ff01ab00aa,xfeat_h,COph100,True,False,False,False,0.0
a705d0b5e454e5f3,sift_h,COph100,True,False,False,False,0.0
289a2e806c262f36,sp_lg_h,COph100,True,False,False,False,0.0
54f56368ccbb0dd9,xfeat_h,COph100,True,False,False,False,0.0
010fea283a9f8542,sift_h,COph100,True,True,True,True,0.05078125
cefe21d1fa04807a,sp_lg_h,COph100,True,False,False,False,0.0
451dd92ebe0c09d0,xfeat_h,COph100,True,False,False,False,0.0
7717dcef7cdcd403,sift_h,COph100,True,True,True,True,0.8154296875
4237df729881b659,sp_lg_h,COph100,False,False,False,False,0.0
44907ef7bf2804e1,xfeat_h,COph100,False,False,False,False,0.0
b16df48de859d1d7,sift_h,COph100,True,True,False,True,0.96875
278d4681f53975e0,sp_lg_h,COph100,True,False,False,False,0.0
e0d773643c32c27b,xfeat_h,COph100,True,False,False,False,0.0
f32c63c36a33311d,sift_h,COph100,True,True,False,True,0.9169921875
b7600d9048fd08ae,sp_lg_h,COph100,True,False,False,False,0.0
d4a2bb5125299fb5,xfeat_h,COph100,False,False,False,False,0.0
f7a20845e3fdb8d5,sift_h,COph100,True,True,False,True,0.9296875
874d3e2c9cf1d4d3,sp_lg_h,COph100,True,False,False,False,0.0
35448405e34fa99d,xfeat_h,COph100,True,False,False,False,0.0
b5dc072dca70cae9,sift_h,COph100,True,True,True,True,0.548828125
fe295b4fc7e2af68,sp_lg_h,COph100,False,False,False,False,0.0
01473aed134cd963,xfeat_h,COph100,False,False,False,False,0.0
c316ab3531e78d21,sift_h,COph100,True,True,True,True,0.3720703125
073454860dd836f9,sp_lg_h,COph100,True,False,False,False,0.0
14ea0b8ee87542ff,xfeat_h,COph100,True,False,False,False,0.0
6a3bcb490bd9a274,sift_h,COph100,True,True,True,True,0.0556640625
7727244917813b26,sp_lg_h,COph100,False,False,False,False,0.0
d0850a9f70fd169b,xfeat_h,COph100,False,False,False,False,0.0
f34a8fc5c3351e8e,sift_h,COph100,True,True,False,True,0.953125
8a8c700ba5575d24,sp_lg_h,COph100,False,False,False,False,0.0
aaee2f314382767e,xfeat_h,COph100,False,False,False,False,0.0
74801dc6be255d38,sift_h,COph100,True,False,False,False,0.0
6d0615b7c122039d,sp_lg_h,COph100,False,False,False,False,0.0
6d6473c304cad573,xfeat_h,COph100,False,False,False,False,0.0
dd51b57d9f3c6f1b,sift_h,COph100,True,True,False,True,0.94140625
7afad84ad9f547f3,sp_lg_h,COph100,False,False,False,False,0.0
f69e64681698201a,xfeat_h,COph100,False,False,False,False,0.0
ae0aa69282bd76c1,sift_h,COph100,True,True,False,True,0.0078125
8c1b8cb918c77430,sp_lg_h,COph100,False,False,False,False,0.0
a4a39381958e95fd,xfeat_h,COph100,False,False,False,False,0.0
68d274dcd4e6ca63,sift_h,COph100,True,True,False,True,0.033203125
2d26286d0c0d9cd8,sp_lg_h,COph100,True,False,False,False,0.0
97cdcd8550c87743,xfeat_h,COph100,True,False,False,False,0.0
aef84672d6b59b4b,sift_h,COph100,True,True,False,True,0.9638671875
4324be623f49dfd2,sp_lg_h,COph100,True,False,False,False,0.0
9f33defe4c91e083,xfeat_h,COph100,False,False,False,False,0.0
22e8a82b695635bb,sift_h,COph100,True,True,False,True,0.037109375
40cd05398d3bb8f5,sp_lg_h,COph100,True,False,False,False,0.0
14b212533d4e0d92,xfeat_h,COph100,True,False,False,False,0.0
e78702e04cb43f90,sp_lg_h,COph100,True,False,False,False,0.0
9feb36b01db4a8e8,xfeat_h,COph100,True,False,False,False,0.0
6cd49853663e1577,sp_lg_h,COph100,False,False,False,False,0.0
b606e8ea5ebb967f,xfeat_h,COph100,True,False,False,False,0.0
ebbf2c595787ae7f,sift_h,COph100,True,False,False,False,0.0
48d1f1b58049a2cc,sp_lg_h,COph100,False,False,False,False,0.0
f57dc389a4033cb9,xfeat_h,COph100,False,False,False,False,0.0
7416e5b666233add,sift_h,COph100,True,True,True,True,0.8017578125
4a144ac202f43aad,sp_lg_h,COph100,True,False,False,False,0.0
08ac9e837906afa0,xfeat_h,COph100,True,False,False,False,0.0
b6c9558fcc11a868,sift_h,COph100,True,True,True,True,0.240234375
cd02ae844dea42fa,xfeat_h,COph100,True,False,False,False,0.0
66d256d8cc99fd49,sift_h,COph100,True,True,False,True,0.02734375
f9a666e7eb5c66e1,xfeat_h,COph100,True,False,False,False,0.0
77a25bfd9a024f2d,sift_h,COph100,True,False,False,False,0.0
52bf279b0635cbd0,sp_lg_h,COph100,False,False,False,False,0.0
0fe0e3e6db655448,xfeat_h,COph100,True,False,False,False,0.0
aab84705dfd8eea9,sp_lg_h,COph100,True,False,False,False,0.0
3dd93aac5f79cb09,xfeat_h,COph100,True,False,False,False,0.0
2a45e9241d49606f,sift_h,COph100,True,True,True,True,0.9482421875
e72ba4a2fa2829d4,sp_lg_h,COph100,True,True,True,True,0.2900390625
b8b76d9f015611dc,xfeat_h,COph100,True,False,False,False,0.0
ca22dc3301190049,sift_h,COph100,True,True,False,True,0.9677734375
cb30e48e831caaef,sp_lg_h,COph100,True,False,False,False,0.0
9a51aeb3d3526064,xfeat_h,COph100,True,False,False,False,0.0
6e2dfbcd21380d8f,sift_h,COph100,True,True,True,True,0.33984375
0ae086b23d1318a0,sp_lg_h,COph100,False,False,False,False,0.0
dd16b2a7b0c4592c,xfeat_h,COph100,False,False,False,False,0.0
610959c366c436db,sift_h,COph100,True,True,False,True,0.0302734375
ea6624724501c8b8,sp_lg_h,COph100,True,False,False,False,0.0
8f251599b160f8ff,xfeat_h,COph100,True,False,False,False,0.0
103911dbba8689ed,sift_h,COph100,True,True,False,True,0.0283203125
c62e3cc1ddc1f053,sp_lg_h,COph100,False,False,False,False,0.0
a3f886d6ad430bdf,xfeat_h,COph100,True,False,False,False,0.0
10a93106d2985a9c,sift_h,COph100,True,True,True,True,0.365234375
eacf7f2b73a54856,sp_lg_h,COph100,True,False,False,False,0.0
39ada814997ad535,xfeat_h,COph100,True,False,False,False,0.0
4eac0c087ac1bd49,sift_h,COph100,True,True,True,True,0.458984375
34dc783b12d0ec8e,xfeat_h,COph100,True,False,False,False,0.0
837b96fdf0c04813,sift_h,COph100,True,True,True,True,0.7578125
19fe5b808ddb8318,sp_lg_h,COph100,True,False,False,False,0.0
2ad1096093c21e11,xfeat_h,COph100,True,False,False,False,0.0
f3917b38f4443a68,sp_lg_h,COph100,False,False,False,False,0.0
7d46e8fcf66c96b2,xfeat_h,COph100,True,False,False,False,0.0
d9f5821955098c23,sift_h,COph100,True,True,False,True,0.9765625
4cc4583374a7f846,sp_lg_h,COph100,True,True,True,True,0.71484375
6db19094a6599fb9,xfeat_h,COph100,True,False,False,False,0.0
b5dc259f8f7c1085,sp_lg_h,COph100,True,False,False,False,0.0
65bf4676ede7f818,xfeat_h,COph100,True,False,False,False,0.0
2d1f3cefa8da74ef,sift_h,COph100,True,True,False,True,0.041015625
ee1b915b972ab4ef,sp_lg_h,COph100,True,False,False,False,0.0
31aa346f0de81b7e,xfeat_h,COph100,True,False,False,False,0.0
8d97f87f52cd4a9a,sift_h,COph100,True,False,False,False,0.0
7007d5728b40c30d,sp_lg_h,COph100,False,False,False,False,0.0
22d2acf30727160a,xfeat_h,COph100,True,False,False,False,0.0
21191668f5ebc2e7,sift_h,COph100,True,True,True,True,0.3359375
a0b710c438d8f94e,sp_lg_h,COph100,True,False,False,False,0.0
429f67141582d06a,xfeat_h,COph100,True,False,False,False,0.0
2926d413cc36170c,sift_h,COph100,True,False,False,False,1.0
b39be848519dd8cf,sp_lg_h,COph100,False,False,False,False,0.0
581f56feff558c93,xfeat_h,COph100,False,False,False,False,0.0
ec2f6996987ecf8c,sift_h,COph100,True,True,True,True,0.9189453125
14f2f3a852da6972,sp_lg_h,COph100,False,False,False,False,0.0
3585412721dde77c,xfeat_h,COph100,True,False,False,False,0.0
aebf176415b63b6a,sift_h,COph100,True,True,False,True,0.025390625
c91bf0f15ee5f5b8,sp_lg_h,COph100,True,False,False,False,0.0
496dbbb409f01f0a,xfeat_h,COph100,True,False,False,False,0.0
2e51dc12e56ffe46,sift_h,COph100,True,True,False,True,0.0859375
ef5a15a140ce96f6,sp_lg_h,COph100,False,False,False,False,0.0
11ccd02387b3c3b1,xfeat_h,COph100,False,False,False,False,0.0
f086aff5795672a6,sift_h,COph100,True,True,False,False,0.0
e1e4b3b2ff1731c7,sp_lg_h,COph100,True,False,False,False,0.0
6ea624adebf0ebbc,xfeat_h,COph100,True,False,False,False,0.0
6e9e7fe5afbe010f,sift_h,COph100,True,True,False,True,0.0390625
3bf777b60f326659,sp_lg_h,COph100,False,False,False,False,0.0
c34d68bbfa2b1657,xfeat_h,COph100,True,False,False,False,0.0
ebaac453d046e307,sift_h,COph100,True,False,False,False,0.0
f234b8f385443c8b,sp_lg_h,COph100,True,False,False,False,0.0
5ae4e7982f259364,xfeat_h,COph100,True,False,False,False,0.0
ea3f102b87f3bda1,sift_h,COph100,True,False,False,False,0.0
e5eda665cc226152,sp_lg_h,COph100,True,False,False,False,0.0
bf86db2f99b598ef,xfeat_h,COph100,True,False,False,False,0.0
529df8d48717356d,sift_h,COph100,True,True,False,True,0.068359375
bac5d25d8149809c,sp_lg_h,COph100,False,False,False,False,0.0
dd92e19658b47b9f,xfeat_h,COph100,False,False,False,False,0.0
09c593ff4776c729,sift_h,COph100,True,True,False,True,0.9296875
ca98afbf7a20b7f8,sp_lg_h,COph100,False,False,False,False,0.0
357d6359c73b952d,xfeat_h,COph100,True,False,False,False,0.0
36a5d609f237f98b,sift_h,COph100,True,True,False,True,0.9716796875
683aad45393dc0fa,sp_lg_h,COph100,True,False,False,False,0.0
d7fff446eda4d3eb,xfeat_h,COph100,True,False,False,False,0.0
691105a58c1b082d,sift_h,COph100,True,False,False,False,0.0
94ac0928bc1e9063,sp_lg_h,COph100,False,False,False,False,0.0
ac715a44363ef230,xfeat_h,COph100,False,False,False,False,0.0
020ce9a918cdfea6,sift_h,COph100,True,False,False,False,0.0
ac3854fbb5bf0657,sp_lg_h,COph100,True,False,False,False,0.0
dad056bcfd20094c,xfeat_h,COph100,False,False,False,False,0.0
6634015b511f8554,sp_lg_h,COph100,False,False,False,False,0.0
9298dede3236df30,xfeat_h,COph100,False,False,False,False,0.0
77489fa3cfc93e98,sift_h,COph100,True,True,False,True,0.0322265625
db97d529476568f6,sp_lg_h,COph100,False,False,False,False,0.0
587cf0bd8a972d7e,xfeat_h,COph100,False,False,False,False,0.0
9fa9b244be9f9243,sift_h,COph100,True,True,False,True,0.0263671875
e8e0f206823f09c1,sp_lg_h,COph100,False,False,False,False,0.0
8b25afb5193d0eef,xfeat_h,COph100,False,False,False,False,0.0
7162899149b4729a,xfeat_h,COph100,True,False,False,False,0.0
c3bbe478d2ea7d4f,sift_h,COph100,True,False,False,False,0.0
8f9a81b81ffa05cb,sp_lg_h,COph100,False,False,False,False,0.0
a1225cf635012dc0,xfeat_h,COph100,True,False,False,False,0.0
8865e66931594c8c,sp_lg_h,COph100,False,False,False,False,0.0
e64dc350ae345dfb,xfeat_h,COph100,False,False,False,False,0.0
35077f99b6b40a36,sp_lg_h,COph100,True,False,False,False,0.0
ff09bbdea693bf9d,xfeat_h,COph100,True,False,False,False,0.0
8ee89595d933457b,sift_h,COph100,True,False,False,False,0.0
e350f2847530ec18,sp_lg_h,COph100,False,False,False,False,0.0
e22c05ac679b9a25,xfeat_h,COph100,False,False,False,False,0.0
1ed4b159bdbf5ee8,sift_h,COph100,True,False,False,False,0.0
1efbe71326823b3e,sp_lg_h,COph100,False,False,False,False,0.0
136a4a71bc13f9df,xfeat_h,COph100,False,False,False,False,0.0
7874a6d77a2a1f26,sift_h,COph100,True,False,False,False,0.0
d4571f2cea334c1a,sp_lg_h,COph100,False,False,False,False,0.0
016798737f691cb4,xfeat_h,COph100,False,False,False,False,0.0
4b02f814429f08a8,sift_h,COph100,True,True,True,True,0.4033203125
9145e15b74c36c09,sp_lg_h,COph100,False,False,False,False,0.0
cd30a9dff6218cb1,xfeat_h,COph100,True,False,False,False,0.0
49831437acd8c682,sift_h,COph100,True,False,False,False,0.0
69a1c6535729faf3,sp_lg_h,COph100,False,False,False,False,0.0
8a73f4b2ac4b15dc,xfeat_h,COph100,False,False,False,False,0.0
630a6792d15f5817,sift_h,COph100,True,False,False,False,0.0
2b5885648b6b6112,sp_lg_h,COph100,False,False,False,False,0.0
81150837f1268b86,xfeat_h,COph100,False,False,False,False,0.0
222f9e8a6bcd064e,sift_h,COph100,True,True,False,True,0.96875
39f3835014aee014,sp_lg_h,COph100,True,False,False,False,0.0
19e7a568a9a0d695,xfeat_h,COph100,True,False,False,False,0.0
8b1a8e1ea55f52cf,sift_h,COph100,True,False,False,False,0.0
154021d747670535,sp_lg_h,COph100,False,False,False,False,0.0
114aa7d01b6d7e5b,xfeat_h,COph100,False,False,False,False,0.0
e12a5f3d732c2adc,sp_lg_h,COph100,True,False,False,False,0.0
f41ea506eddab589,xfeat_h,COph100,False,False,False,False,0.0
a508c15668fc8789,sift_h,COph100,True,False,False,False,0.0
cb4687e6954b1826,sp_lg_h,COph100,False,False,False,False,0.0
3cc4d4a7e816959a,xfeat_h,COph100,False,False,False,False,0.0
49efae197ba429e1,sift_h,COph100,True,True,False,True,0.974609375
960d009dc35a21ad,sp_lg_h,COph100,False,False,False,False,0.0
cfa9d441f22a58f3,xfeat_h,COph100,False,False,False,False,0.0
a4e139d9c387cd3e,sift_h,COph100,True,True,True,True,0.8759765625
3d3c72ef3b5e119e,sp_lg_h,COph100,False,False,False,False,0.0
3f4c6351bcf84062,xfeat_h,COph100,False,False,False,False,0.0
f2937941e934991a,sift_h,COph100,True,True,False,True,0.0107421875
4b4a4c227fe3ff40,sp_lg_h,COph100,False,False,False,False,0.0
043dcc090c3ed9d9,xfeat_h,COph100,False,False,False,False,0.0
eaf325eea3104412,sift_h,COph100,True,True,True,True,0.1025390625
8c681511a9708593,sp_lg_h,COph100,False,False,False,False,0.0
8c8d5a10c72915ae,xfeat_h,COph100,True,False,False,False,0.0
d4afb00193bcd10c,sift_h,COph100,True,False,False,False,0.0
0a27f1cc2c47dbd8,sp_lg_h,COph100,False,False,False,False,0.0
dc1134407d69bda5,xfeat_h,COph100,True,False,False,False,0.0
b5d2b4e18caac09b,sift_h,COph100,True,True,False,True,0.9765625
b323528b67436d86,sp_lg_h,COph100,False,False,False,False,0.0
eeeaf15494d210a7,xfeat_h,COph100,False,False,False,False,0.0
9acc042d65bc3423,sp_lg_h,COph100,False,False,False,False,0.0
791301c506cda68c,xfeat_h,COph100,False,False,False,False,0.0
ab715cafd55ed6ce,sift_h,COph100,True,True,False,True,0.021484375
bace230a3f39722f,sp_lg_h,COph100,True,False,False,False,0.0
50dc29b37705cbb6,xfeat_h,COph100,True,False,False,False,0.0
6f537b6cede6cc67,sift_h,COph100,True,True,True,True,0.4755859375
3c91c5b167e8c35c,sp_lg_h,COph100,False,False,False,False,0.0
2584fbef6b0da16e,xfeat_h,COph100,False,False,False,False,0.0
2ddf3ef8c313afb9,sp_lg_h,COph100,True,False,False,False,0.0
bfb064b6dbd711e9,xfeat_h,COph100,False,False,False,False,0.0
8e78de9dca28bc08,sift_h,COph100,True,True,True,True,0.4287109375
6a44fd51a8e3a6e3,sp_lg_h,COph100,False,False,False,False,0.0
bff238a0ffff747d,xfeat_h,COph100,False,False,False,False,0.0
4a4440f9de5a0601,sift_h,COph100,True,True,True,True,0.7890625
63251799a70598ca,sp_lg_h,COph100,False,False,False,False,0.0
2a74f2045c2a737e,xfeat_h,COph100,True,False,False,False,0.0
941b9b69af12b68b,sift_h,COph100,True,False,False,False,0.0
919b7dafa6b5d950,sp_lg_h,COph100,False,False,False,False,0.0
380fb50cc96f323e,xfeat_h,COph100,False,False,False,False,0.0
015028b378902392,sift_h,COph100,True,False,False,False,0.0
ebab92808ea02ae9,sp_lg_h,COph100,False,False,False,False,0.0
22ca293e2206020e,xfeat_h,COph100,False,False,False,False,0.0
4dfedb342ea9cf7b,sift_h,COph100,True,True,True,True,0.6875
0f9447f02854c0c7,sp_lg_h,COph100,True,False,False,False,0.0
49b799497db39447,xfeat_h,COph100,False,False,False,False,0.0
d0229d7b0137bfe0,sift_h,COph100,True,False,False,False,0.0
7eacd620117b3dc4,sp_lg_h,COph100,False,False,False,False,0.0
d1234734c29f2b3d,xfeat_h,COph100,False,False,False,False,0.0
601255c2d1787137,sift_h,COph100,True,True,False,True,0.9833984375
480f9e0a83deba40,sp_lg_h,COph100,True,False,False,False,0.0
6ce6f43359fc4b4d,xfeat_h,COph100,True,False,False,False,0.0
192610bd1e503bba,sift_h,COph100,True,False,False,False,0.0
c56320dfc6a1445d,sp_lg_h,COph100,False,False,False,False,0.0
88f36089eb17e9f4,xfeat_h,COph100,False,False,False,False,0.0
735a3d2ae1536dd7,sift_h,COph100,True,True,False,True,0.0517578125
1e5de5fe3e13fd53,sp_lg_h,COph100,True,False,False,False,0.0
3ebeb722e8faa3ac,xfeat_h,COph100,True,False,False,False,0.0
f8af5cd21fe32e0f,sp_lg_h,COph100,False,False,False,False,0.0
846434e8c1cff944,xfeat_h,COph100,True,False,False,False,0.0
d4b7f5db7ea7842b,sift_h,COph100,True,True,False,True,0.0703125
b06272c42230a494,sp_lg_h,COph100,True,False,False,False,0.0
9d2b7b9929c4283c,xfeat_h,COph100,True,False,False,False,0.0
deac2bfa6ecd90ef,sift_h,COph100,True,False,False,False,0.0
794dcd36c0a18a40,sp_lg_h,COph100,False,False,False,False,0.0
7a4ddb87e49decaf,xfeat_h,COph100,False,False,False,False,0.0
84a44b5b4062db7e,sift_h,COph100,True,True,True,True,0.8837890625
e6ef7ec7778adc90,sp_lg_h,COph100,False,False,False,False,0.0
17647d20a5eb65b6,xfeat_h,COph100,True,False,False,False,0.0
163cfa18b61828d7,sift_h,COph100,True,True,False,True,0.9775390625
1778a8074bf44961,sp_lg_h,COph100,True,False,False,False,0.0
de2e647045348e05,xfeat_h,COph100,True,False,False,False,0.0
a4fa457d3102fc71,sift_h,COph100,True,False,False,False,0.0
3e813b78fa7d8203,sp_lg_h,COph100,False,False,False,False,0.0
fbda0cf8c8d9f85e,xfeat_h,COph100,True,False,False,False,0.0
fc3911bea4506072,sp_lg_h,COph100,False,False,False,False,0.0
712d46d6c3bfe596,xfeat_h,COph100,True,False,False,False,0.0
611f99c145e21b33,sift_h,COph100,True,True,False,True,0.0556640625
93ebf3426deb32f8,sp_lg_h,COph100,True,False,False,False,0.0
f6b2730048d82b59,xfeat_h,COph100,True,False,False,False,0.0
21ead287b8a82ab3,sift_h,COph100,True,True,False,True,0.017578125
82758d6a98412a2e,sp_lg_h,COph100,True,False,False,False,0.0
0e4be98a9b962ed6,xfeat_h,COph100,True,False,False,False,0.0
95cf42ab392ce2f1,sift_h,COph100,True,True,True,True,0.490234375
a9fe50796cd3bbd4,sp_lg_h,COph100,True,False,False,False,0.0
798a2e6bc36dd95e,xfeat_h,COph100,True,False,False,False,0.0
8f84c3c390e84fa5,sift_h,COph100,True,True,False,True,0.0283203125
0a1ba76629129ff2,sp_lg_h,COph100,True,False,False,False,0.0
0172a99aadf2eb06,xfeat_h,COph100,True,False,False,False,0.0
c425d89ba1f5b45e,sift_h,COph100,True,True,False,True,0.0517578125
7df4ad2d7a62855e,sp_lg_h,COph100,True,False,False,False,0.0
79a138eb5b574da4,xfeat_h,COph100,True,False,False,False,0.0
bec2fdace2567854,sift_h,COph100,True,False,False,False,0.0
7b69aa0c2a807e63,sp_lg_h,COph100,True,False,False,False,0.0
e9c03cb3f43f1349,xfeat_h,COph100,True,False,False,False,0.0
f5aa015c566dec4e,sift_h,COph100,True,True,True,True,0.734375
09db17ff762d9853,sp_lg_h,COph100,True,False,False,False,0.0
8ca96c1f78b02c06,xfeat_h,COph100,True,False,False,False,0.0
306658a77ce8d609,sift_h,COph100,True,False,False,False,0.0
8b8b8d1df92be8f4,sp_lg_h,COph100,False,False,False,False,0.0
afa1c9b1e82334ba,xfeat_h,COph100,False,False,False,False,0.0
0757515250a4b443,sift_h,COph100,True,False,False,False,0.0
c72cb4af6dafc051,sp_lg_h,COph100,False,False,False,False,0.0
cc92aa157a3be641,xfeat_h,COph100,False,False,False,False,0.0
9e88a65e872e2a21,sift_h,COph100,True,True,False,True,0.96875
df45f0cc54e4bcb1,sp_lg_h,COph100,False,False,False,False,0.0
fea3488faaf9b0ae,xfeat_h,COph100,False,False,False,False,0.0
0b312ba37dff8568,sift_h,COph100,True,True,False,True,0.919921875
4e1405488ac7b5c2,sp_lg_h,COph100,False,False,False,False,0.0
0290204465e93151,xfeat_h,COph100,True,False,False,False,0.0
93fa6f759b2ca049,sift_h,COph100,True,True,True,True,0.974609375
f642f8a887681168,sp_lg_h,COph100,False,False,False,False,0.0
ab7019abdb0276c3,xfeat_h,COph100,True,False,False,False,0.0
072fede45f0515b9,sp_lg_h,COph100,True,False,False,False,0.0
b6651f6bb135032d,xfeat_h,COph100,True,False,False,False,0.0
f031977158dc2808,sift_h,COph100,True,False,False,False,0.0
59037aff5bbb98d1,sp_lg_h,COph100,False,False,False,False,0.0
604b6742caea2c0b,xfeat_h,COph100,False,False,False,False,0.0
17a56574ae45b974,sift_h,COph100,True,True,False,True,0.125
2b2cd34bd79cc843,sp_lg_h,COph100,False,False,False,False,0.0
188308c025718933,xfeat_h,COph100,False,False,False,False,0.0
84e41c64eaf10154,sift_h,COph100,True,False,False,False,0.0
76dffc57088e78af,sp_lg_h,COph100,False,False,False,False,0.0
96a2f4172f0dba0a,xfeat_h,COph100,False,False,False,False,0.0
f2e87ea984c0b244,sift_h,COph100,True,True,False,True,0.9736328125
e62a730a240f2fae,sp_lg_h,COph100,False,False,False,False,0.0
62041f2bff8aa8db,xfeat_h,COph100,True,False,False,False,0.0
ed78ad4c6b342eb0,sp_lg_h,COph100,False,False,False,False,0.0
c61904211ec8402a,xfeat_h,COph100,False,False,False,False,0.0
45cddb83e18b9b17,sift_h,COph100,True,True,True,True,0.5478515625
9624a6da517ddaf8,sp_lg_h,COph100,False,False,False,False,0.0
ce67aadb8382ce5b,xfeat_h,COph100,False,False,False,False,0.0
ca3d69791f0b5894,sift_h,COph100,True,True,False,True,0.9599609375
c294119273cc98cc,sp_lg_h,COph100,False,False,False,False,0.0
fd533f7cd4df67d5,xfeat_h,COph100,False,False,False,False,0.0
2a7e9b64bca3f4b9,sift_h,COph100,True,True,False,True,0.0029296875
869b0fe06cbd429e,sp_lg_h,COph100,False,False,False,False,0.0
a9cdda21c0fd348b,xfeat_h,COph100,True,False,False,False,0.0
51f835e393d3c4f2,sift_h,COph100,True,True,False,True,0.015625
ba28fb655aad10ce,sp_lg_h,COph100,False,False,False,False,0.0
444dae39101d00af,xfeat_h,COph100,False,False,False,False,0.0
9f879fe4db9372a2,sift_h,COph100,True,True,False,True,0.9638671875
1f174f4dc96c474a,sp_lg_h,COph100,False,False,False,False,0.0
b2cd489234b6480f,xfeat_h,COph100,False,False,False,False,0.0
3623c2b590812eba,sift_h,COph100,True,True,False,True,0.03515625
406ea6a734b3b746,sp_lg_h,COph100,False,False,False,False,0.0
9723222ee7aee694,xfeat_h,COph100,False,False,False,False,0.0
f17606873bcf6010,sift_h,COph100,True,True,False,True,0.990234375
93a0640b1bb0d9a7,sp_lg_h,COph100,False,False,False,False,0.0
6ca920fecbc367a4,xfeat_h,COph100,False,False,False,False,0.0
ce0bf1b0d59c749f,sift_h,COph100,True,True,False,True,0.9609375
9c90545cd2e4d715,sp_lg_h,COph100,False,False,False,False,0.0
a9a1d4a2d7e41dfd,xfeat_h,COph100,False,False,False,False,0.0
fc73398b6390655f,sift_h,COph100,True,False,False,False,0.0
6d43422c06100f8f,sp_lg_h,COph100,False,False,False,False,0.0
3d7b3fd66f2fef81,xfeat_h,COph100,True,False,False,False,0.0
c015bc07147f15b5,sift_h,COph100,True,True,True,True,0.51171875
70317b910c660a4c,sp_lg_h,COph100,False,False,False,False,0.0
1ab86eeec0f35413,xfeat_h,COph100,False,False,False,False,0.0
e64ce9ceb682ab40,sift_h,COph100,True,True,False,True,0.9853515625
3968ed21e45d9ba8,sp_lg_h,COph100,True,True,False,True,0.0224609375
03ff9aab22587efa,xfeat_h,COph100,True,False,False,False,0.0
98d5b13097e9faf9,sift_h,COph100,True,True,False,True,0.017578125
25cb724ff0aef9ce,sp_lg_h,COph100,True,False,False,False,0.0
b560bec2454944b3,xfeat_h,COph100,True,False,False,False,0.0
92d6af325b54e7f4,sift_h,COph100,True,True,False,True,0.9921875
22f43c590d72b843,sp_lg_h,COph100,True,False,False,False,0.0
b68702bc559ee797,xfeat_h,COph100,False,False,False,False,0.0
177c47bb6bdecfb3,sift_h,COph100,True,False,False,False,0.0
c70c4a01e5369691,sp_lg_h,COph100,True,False,False,False,0.0
3acbf79489151f87,xfeat_h,COph100,False,False,False,False,0.0
9be561bf0f77e6bc,sift_h,COph100,True,True,False,True,0.0234375
a6d76c8b44cbb5ba,sp_lg_h,COph100,True,False,False,False,0.0
5abde0a7d3b4430e,xfeat_h,COph100,True,False,False,False,0.0
ebe162036bc702b0,sp_lg_h,COph100,False,False,False,False,0.0
c04f5f82f70ddac2,xfeat_h,COph100,True,False,False,False,0.0
3be601fb5aa086ad,sift_h,COph100,True,True,False,True,0.9765625
d07759da4415ac31,sp_lg_h,COph100,False,False,False,False,0.0
80da2c75cd330025,xfeat_h,COph100,False,False,False,False,0.0
212499f19bb60310,sift_h,COph100,True,False,False,False,0.0
7fba5a2c74d370c8,sp_lg_h,COph100,True,False,False,False,0.0
ac2547d047424886,xfeat_h,COph100,True,False,False,False,0.0
40b206894ce80052,sift_h,COph100,True,False,False,False,0.0
0cc4e175890ba4f2,sp_lg_h,COph100,False,False,False,False,0.0
636964e79c55fccf,xfeat_h,COph100,False,False,False,False,0.0
006c0381e646708a,sift_h,COph100,True,True,True,True,0.630859375
6afcd8cfdb96855b,sp_lg_h,COph100,False,False,False,False,0.0
aff0c4edc19c4582,xfeat_h,COph100,True,False,False,False,0.0
7d426f8045d40d27,sift_h,COph100,True,True,False,True,0.9658203125
28e698a03b3dba18,sp_lg_h,COph100,False,False,False,False,0.0
d69e80d671f37a04,xfeat_h,COph100,True,False,False,False,0.0
56d473274f709b89,sift_h,COph100,True,True,False,True,0.072265625
e003340b0366c198,sp_lg_h,COph100,True,False,False,False,0.0
daf222db7b78f2ee,xfeat_h,COph100,True,False,False,False,0.0
b9145df8f0a37a1e,sift_h,COph100,True,True,False,True,0.056640625
e993bb44c80c6264,sp_lg_h,COph100,True,False,False,False,0.0
bf748b531fdeae13,xfeat_h,COph100,True,False,False,False,0.0
389b93a5e96ace7c,sift_h,COph100,True,False,False,False,0.0
d8ecd49f68996561,sp_lg_h,COph100,True,False,False,False,0.0
2c8a088ecf8aedc0,xfeat_h,COph100,True,False,False,False,0.0
da20d0aa0416999d,sp_lg_h,COph100,True,False,False,False,0.0
29e64be65a01cb92,xfeat_h,COph100,True,False,False,False,0.0
a9f397f289b09326,sp_lg_h,COph100,True,False,False,False,0.0
708d25fd001863a9,xfeat_h,COph100,True,False,False,False,0.0
b4a4d18b7c8b7521,sp_lg_h,COph100,True,False,False,False,0.0
8926125043f00562,xfeat_h,COph100,True,False,False,False,0.0
85614a766c0378ed,sift_h,COph100,True,True,True,True,0.1240234375
bd4b6205d83e4f55,sp_lg_h,COph100,False,False,False,False,0.0
4120100dfdebc319,xfeat_h,COph100,True,False,False,False,0.0
91acf55ad3c38b7e,sp_lg_h,COph100,True,False,False,False,0.0
c555d4f5681931e9,xfeat_h,COph100,True,False,False,False,0.0
066d25616d2e2b8d,sift_h,COph100,True,True,False,True,0.9853515625
b63e4c22715a02e0,sp_lg_h,COph100,True,False,False,False,0.0
718dd7f2105ccee0,xfeat_h,COph100,True,False,False,False,0.0
be3b541c153b52e1,sift_h,COph100,True,False,False,False,0.0
24597ecfc7d2c770,sp_lg_h,COph100,False,False,False,False,0.0
13f621b40c3a87c5,xfeat_h,COph100,False,False,False,False,0.0
98fb00af6caa8d49,sp_lg_h,COph100,False,False,False,False,0.0
40083676f7a21e6a,xfeat_h,COph100,False,False,False,False,0.0
0c828c9c40610231,sp_lg_h,COph100,False,False,False,False,0.0
9c4bc84cbc9bd68c,xfeat_h,COph100,False,False,False,False,0.0
567eb4c4f58b2a0a,sift_h,COph100,True,True,True,True,0.3896484375
9f6519a6d3fc26af,sp_lg_h,COph100,False,False,False,False,0.0
9f7c4e90ffce6f02,xfeat_h,COph100,True,False,False,False,0.0
0eece1dddc3af731,sift_h,COph100,True,True,True,True,0.421875
1c10e88568c380cc,sp_lg_h,COph100,False,False,False,False,0.0
d099db3a61e2003d,xfeat_h,COph100,True,False,False,False,0.0
1321fecb98fae2a1,sift_h,COph100,True,True,True,True,0.28125
32d7be9f8b6b5701,sp_lg_h,COph100,True,False,False,False,0.0
fe1084dbada0070d,xfeat_h,COph100,True,False,False,False,0.0
5f134b9afa5fa1bd,sift_h,COph100,True,True,True,True,0.419921875
a62a722fda4c4c6a,sp_lg_h,COph100,True,False,False,False,0.0
d243fe6f815eff96,xfeat_h,COph100,True,False,False,False,0.0
4674f19f881fca9e,sp_lg_h,COph100,True,False,False,False,0.0
cba507696259ed48,xfeat_h,COph100,True,False,False,False,0.0
b77066bb3c0e466c,sp_lg_h,COph100,True,False,False,False,0.0
c15f8efce0559dc2,xfeat_h,COph100,True,False,False,False,0.0
c770be5852ab5f4a,sift_h,COph100,True,False,False,False,0.0
3c814dc8a3eabfb9,sp_lg_h,COph100,True,False,False,False,0.0
6b6398f99b317a29,xfeat_h,COph100,True,False,False,False,0.0
13be8ef4f9484abf,sift_h,COph100,True,True,False,True,0.021484375
a303e01c96ee5190,sp_lg_h,COph100,False,False,False,False,0.0
2c18edea522e032f,xfeat_h,COph100,False,False,False,False,0.0
6edd5b7c19dd0fa0,sift_h,COph100,True,True,False,True,0.0439453125
1ac3bb32bc4907d6,sp_lg_h,COph100,True,False,False,False,0.0
81537b9d9bdbc9e0,xfeat_h,COph100,True,False,False,False,0.0
9bb5b3f73a2f03e6,sift_h,COph100,True,True,True,True,0.517578125
6454465744de1a79,sp_lg_h,COph100,True,False,False,False,0.0
d1b85ea8e3c313aa,xfeat_h,COph100,True,False,False,False,0.0
b59ab8449379ab9a,sift_h,COph100,True,True,True,True,0.443359375
3db92d7da46403ac,sp_lg_h,COph100,False,False,False,False,0.0
5c6e9ff0e8e977a8,xfeat_h,COph100,False,False,False,False,0.0
c2666f99bb0fa11b,sift_h,COph100,True,True,True,True,0.7275390625
d9097ef8457ddb76,sp_lg_h,COph100,True,False,False,False,0.0
c3b90e42da5df167,xfeat_h,COph100,True,False,False,False,0.0
ab40bccb259c19ef,sift_h,COph100,True,True,False,True,0.96875
0940766f38eb0018,sp_lg_h,COph100,True,False,False,False,0.0
01f4733adc8b685a,xfeat_h,COph100,True,False,False,False,0.0
7d53168f46b873cf,sift_h,COph100,True,True,False,True,0.0576171875
d0ae1ea85ae2294a,sp_lg_h,COph100,False,False,False,False,0.0
287ceadbbcd2dda7,xfeat_h,COph100,False,False,False,False,0.0
b773b3ccd7e5d34f,sift_h,COph100,True,True,False,True,0.9560546875
005bf5c200ec2ea6,sp_lg_h,COph100,False,False,False,False,0.0
0b377ff465dabd85,xfeat_h,COph100,True,False,False,False,0.0
525265fadb36ac9e,sift_h,COph100,True,True,False,True,0.080078125
05d8989dbb27d49e,sp_lg_h,COph100,True,False,False,False,0.0
6171600d6f446ac7,xfeat_h,COph100,True,False,False,False,0.0
e856b2d0047f108e,sp_lg_h,COph100,False,False,False,False,0.0
e2ed7febfa2e4e25,xfeat_h,COph100,False,False,False,False,0.0
652b303c65b7a05b,sift_h,COph100,True,False,False,False,0.0
4b6c4b01608745a3,sp_lg_h,COph100,False,False,False,False,0.0
84cb028a05aec7d7,xfeat_h,COph100,False,False,False,False,0.0
b03a05a54d4dd802,sift_h,COph100,True,True,False,True,0.96875
d7be77ea8dd6ee00,sp_lg_h,COph100,True,False,False,False,0.0
dec1abfe27b8dc38,xfeat_h,COph100,True,False,False,False,0.0
55f91cdc90d7b26a,sift_h,COph100,True,True,False,True,0.9169921875
04c9f9c1e06ed2fb,sp_lg_h,COph100,False,False,False,False,0.0
48708ad0398537b2,xfeat_h,COph100,False,False,False,False,0.0
050f78b23b88dcef,sift_h,COph100,True,False,False,False,0.0
74a39c0d53e95cfb,sp_lg_h,COph100,True,False,False,False,0.0
34f5173e3ec2c463,xfeat_h,COph100,True,False,False,False,0.0
6e5e42ee3e9f4403,sp_lg_h,COph100,True,False,False,False,0.0
36e638a771fc2a8b,xfeat_h,COph100,True,False,False,False,0.0
d6d3dc3fdc950609,sift_h,COph100,True,True,False,True,0.0419921875
2598de2d587b1f0b,sp_lg_h,COph100,True,False,False,False,0.0
3d5de51f0bfe096a,xfeat_h,COph100,True,False,False,False,0.0
ccee32fe6c463443,sp_lg_h,COph100,False,False,False,False,0.0
3fe9570cb6c4ab0d,xfeat_h,COph100,True,False,False,False,0.0
328f32ef91a890ae,sift_h,COph100,True,True,True,True,0.1875
47368b1119b09ada,sp_lg_h,COph100,True,False,False,False,0.0
174e7462492ccffe,xfeat_h,COph100,True,False,False,False,0.0
a0098c955a939574,sift_h,COph100,True,False,False,False,0.0
d6b5e7902a5be15b,sp_lg_h,COph100,True,False,False,False,0.0
1a755c54d06e2744,xfeat_h,COph100,True,False,False,False,0.0
d3793e981f543db1,sift_h,COph100,True,True,True,True,0.9296875
73b47c930480f33c,sp_lg_h,COph100,False,False,False,False,0.0
8ec0433953590045,xfeat_h,COph100,False,False,False,False,0.0
277f71b15fa9a3c5,sift_h,COph100,True,True,True,True,0.609375
3f4436e1760f41ad,sp_lg_h,COph100,False,False,False,False,0.0
aa744c10ce1af9c5,xfeat_h,COph100,True,False,False,False,0.0
732129d7189fbfa4,sift_h,COph100,True,True,False,True,0.0078125
a54a1e7067d0ee9e,sp_lg_h,COph100,True,False,False,False,0.0
b0ec18a095aa3811,xfeat_h,COph100,True,False,False,False,0.0
37add9b2e3e72fce,sift_h,COph100,True,True,False,True,0.9072265625
a9ebc7032078a387,sp_lg_h,COph100,False,False,False,False,0.0
06ec74d49a4543a0,xfeat_h,COph100,True,False,False,False,0.0
e50c51367c185f7d,sift_h,COph100,True,False,False,False,0.0
e5cd661fb370d477,sp_lg_h,COph100,True,False,False,False,0.0
9256c0b8bb836ede,xfeat_h,COph100,True,False,False,False,0.0
5a04f56c984f5039,sift_h,COph100,True,True,False,True,0.8916015625
9bdef00640b93e7f,sp_lg_h,COph100,True,False,False,False,0.0
85f327f64f532a58,xfeat_h,COph100,True,False,False,False,0.0
ab33343ca63d1418,sift_h,COph100,True,True,False,True,0.0263671875
e0ccb67e25035f89,sp_lg_h,COph100,False,False,False,False,0.0
825247351dca4a59,xfeat_h,COph100,False,False,False,False,0.0
c05a3785670880ee,sift_h,COph100,True,True,False,True,0.0166015625
04b9de9c7c4712f0,sp_lg_h,COph100,False,False,False,False,0.0
c830092c767c42c1,xfeat_h,COph100,True,False,False,False,0.0
75730be1d687ca71,sp_lg_h,COph100,False,False,False,False,0.0
da2a8dc9c67e1d7b,xfeat_h,COph100,False,False,False,False,0.0
b7ffdcdaf04ce0f8,sift_h,COph100,True,False,False,False,0.0
0ba3565fe86ec0e2,sp_lg_h,COph100,False,False,False,False,0.0
e691dc8d56e3d998,xfeat_h,COph100,False,False,False,False,0.0
6c5ad832bf298d43,sift_h,COph100,True,True,False,True,0.9736328125
22650d84d3cfe50f,sp_lg_h,COph100,False,False,False,False,0.0
c311a9de46e51131,xfeat_h,COph100,True,False,False,False,0.0
03306af7964d5271,sift_h,COph100,True,True,False,True,0.970703125
179378b05e17f163,sp_lg_h,COph100,False,False,False,False,0.0
c7d194cac8e79888,xfeat_h,COph100,False,False,False,False,0.0
42c2109eeb8d3a73,sift_h,COph100,True,True,True,True,0.7685546875
e73f2f8ed4ab1f63,sp_lg_h,COph100,False,False,False,False,0.0
2011694072a63e78,xfeat_h,COph100,True,False,False,False,0.0
7f6dfd3b09805a38,sift_h,COph100,True,False,False,False,0.0
cd32b685872104de,sp_lg_h,COph100,True,False,False,False,0.0
14d3d524c4a267d5,xfeat_h,COph100,True,False,False,False,0.0
21393afaa6681bda,sift_h,COph100,True,True,False,True,0.0595703125
23ac13aa76153ca4,sp_lg_h,COph100,True,False,False,False,0.0
99af0a6caafad405,xfeat_h,COph100,True,False,False,False,0.0
f73d54d6bdad7a62,sift_h,COph100,True,False,False,False,0.0
4d90bb452c647ad9,sp_lg_h,COph100,True,False,False,False,0.0
e0067b6c8064267a,xfeat_h,COph100,True,False,False,False,0.0
081c235d561cab21,sift_h,COph100,True,True,True,True,0.7548828125
3eb64b37c1723958,sp_lg_h,COph100,True,False,False,False,0.0
00f52430f9357e57,xfeat_h,COph100,True,False,False,False,0.0
c2d3f70c51078052,sift_h,COph100,True,False,False,False,0.0
88ff28f3abfe04f0,sp_lg_h,COph100,True,False,False,False,0.0
b13cc4712a0e9ca4,xfeat_h,COph100,True,False,False,False,0.0
bbbdb37d44f5d49d,sift_h,COph100,True,True,True,True,0.4833984375
ae6684c0ced7279a,sp_lg_h,COph100,True,False,False,False,0.0
29a1335780e54d91,xfeat_h,COph100,True,False,False,False,0.0
eccb590e7b22c8b1,sift_h,COph100,True,True,False,True,0.953125
790900f781379a22,sp_lg_h,COph100,False,False,False,False,0.0
3a74b85077d53609,xfeat_h,COph100,True,False,False,False,0.0
2a5da6f751fb98fe,sift_h,COph100,True,True,False,False,0.0
8021bac3ea474b27,sp_lg_h,COph100,True,False,False,False,0.0
f13c528ff7a7c7af,xfeat_h,COph100,True,False,False,False,0.0
2a3146123dab3342,sift_h,COph100,True,True,True,True,0.876953125
04f8a5467270f09c,sp_lg_h,COph100,True,False,False,False,0.0
0ab20275eadc2378,xfeat_h,COph100,True,False,False,False,0.0
b2b0cd385863366f,sift_h,COph100,True,False,False,False,0.0
b0edb8bea4721ff3,sp_lg_h,COph100,True,False,False,False,0.0
24cfb7937b63443e,xfeat_h,COph100,True,False,False,False,0.0
dba70bad2161db4e,sift_h,COph100,True,False,False,False,0.0
1153cf3f93b08446,sp_lg_h,COph100,True,False,False,False,0.0
5505b1a857b5e2e9,xfeat_h,COph100,True,False,False,False,0.0
c32ef8d7b835a098,sift_h,COph100,True,False,False,False,0.0
1c0cb2af55ea5c47,sp_lg_h,COph100,True,False,False,False,0.0
12ee153137b47a20,xfeat_h,COph100,True,False,False,False,0.0
2122d303129f4b65,sift_h,COph100,True,True,False,True,0.982421875
a7ce986b70e35582,sp_lg_h,COph100,False,False,False,False,0.0
ed548f285ec5aee4,xfeat_h,COph100,False,False,False,False,0.0
7df59965bdb3defe,sift_h,COph100,True,True,False,True,0.896484375
dff3e1f7c3ddd5c5,sp_lg_h,COph100,False,False,False,False,0.0
c087e6a6d724de78,xfeat_h,COph100,True,False,False,False,0.0
5ff25dcd9c8e4fe4,sp_lg_h,COph100,True,False,False,False,0.0
b3b44f0d030e486d,xfeat_h,COph100,True,False,False,False,0.0
0aeb0cf18e533e35,sift_h,COph100,True,True,True,True,0.42578125
eb9fffb2d4927a11,sp_lg_h,COph100,True,False,False,False,0.0
f538ea073f091e94,xfeat_h,COph100,True,False,False,False,0.0
636ebcd69732a137,sift_h,COph100,True,False,False,False,0.0
4926061cc06554e7,sp_lg_h,COph100,True,False,False,False,0.0
38555c0ad40941fd,xfeat_h,COph100,True,False,False,False,0.0
dea98d0279a59b76,sift_h,COph100,True,True,False,True,0.0185546875
63d0291c6c32f9fb,sp_lg_h,COph100,False,False,False,False,0.0
7d65a217a95a40f7,xfeat_h,COph100,False,False,False,False,0.0
8057cf4a6dc5140e,sift_h,COph100,True,False,False,False,0.0
46db1d66583e559f,sp_lg_h,COph100,True,False,False,False,0.0
e090dcbb4742b376,xfeat_h,COph100,True,False,False,False,0.0
707b5f4901b75151,sift_h,COph100,True,False,False,False,0.0
448d9620ca138536,sp_lg_h,COph100,True,False,False,False,0.0
4b26df8597cda255,xfeat_h,COph100,True,False,False,False,0.0
eb1db0b32ad0d27e,sift_h,COph100,True,True,False,True,0.041015625
89bff71cfb18cf35,sp_lg_h,COph100,True,False,False,False,0.0
1a83bf776ad95fbc,xfeat_h,COph100,True,False,False,False,0.0
3b02597337162cdd,sp_lg_h,COph100,True,False,False,False,0.0
978b8cb004111954,xfeat_h,COph100,True,False,False,False,0.0
6fd0e996b752adfd,sift_h,COph100,True,True,False,True,0.9755859375
4aa5c3287d08a99e,sp_lg_h,COph100,True,False,False,False,0.0
0af8684e274755a9,xfeat_h,COph100,True,False,False,False,0.0
5461a98036b7ad25,sift_h,COph100,True,False,False,False,0.0
a19d449ca9386c15,sp_lg_h,COph100,True,False,False,False,0.0
6794fe38fd56fbc9,xfeat_h,COph100,True,False,False,False,0.0
589eda0958b3b814,sift_h,COph100,True,True,True,True,0.15234375
340f02bb5b6924d9,sp_lg_h,COph100,False,False,False,False,0.0
fd14164fb1d182d0,xfeat_h,COph100,False,False,False,False,0.0
4d11ea08a7303260,sift_h,COph100,True,False,False,False,0.0
ea00f67ddf1195af,sp_lg_h,COph100,True,False,False,False,0.0
5b9d5c1327fb1de5,xfeat_h,COph100,True,False,False,False,0.0
3e00f9913a970927,sift_h,COph100,True,False,False,False,0.0
52f5fd0f69e8dba8,sp_lg_h,COph100,True,False,False,False,0.0
727f876ac2bb4129,xfeat_h,COph100,True,False,False,False,0.0
052c73ea7ffa4225,sift_h,COph100,True,True,False,True,0.9716796875
9a5b8619dafcf5ad,sp_lg_h,COph100,False,False,False,False,0.0
cbaa10a03247e25c,xfeat_h,COph100,False,False,False,False,0.0
0d334087932bbab8,sift_h,COph100,True,True,False,True,0.0439453125
d54c9dd8f3a6db69,sp_lg_h,COph100,False,False,False,False,0.0
403e30504c3a3a5b,xfeat_h,COph100,True,False,False,False,0.0
8c8853370b04f6f4,sift_h,COph100,True,False,False,False,0.0
811fc12c731a1366,sp_lg_h,COph100,False,False,False,False,0.0
5cdc4b35313f0fbb,xfeat_h,COph100,True,False,False,False,0.0
5d20c83a7ab6d18f,sp_lg_h,COph100,True,False,False,False,0.0
2435f642d66c6694,xfeat_h,COph100,True,False,False,False,0.0
d43c8fade6fca237,sift_h,COph100,True,False,False,False,0.0
7e1d9aea2b7d69ba,sp_lg_h,COph100,True,False,False,False,0.0
4f0838f78af56267,xfeat_h,COph100,True,False,False,False,0.0
45aaa68fb35d78f1,sift_h,COph100,True,True,False,True,0.00390625
d9cae0da3a04d6af,sp_lg_h,COph100,True,True,True,True,0.248046875
7c5132ec1af46801,xfeat_h,COph100,True,False,False,False,0.0
661062460f685cfc,sp_lg_h,COph100,True,False,False,False,0.0
39005284e3674671,xfeat_h,COph100,True,False,False,False,0.0
8243107958be1a70,sift_h,COph100,True,False,False,False,0.0
1c4cd49ad27c7306,sp_lg_h,COph100,False,False,False,False,0.0
2861864b17e0dd51,xfeat_h,COph100,False,False,False,False,0.0
9ad2e92440b5b141,sift_h,COph100,True,False,False,False,0.0
59bc1bed0e1bb266,sp_lg_h,COph100,False,False,False,False,0.0
db193c1492a0f6c5,xfeat_h,COph100,False,False,False,False,0.0
1d2babc2d1369272,sift_h,COph100,True,False,False,False,0.0
fd71c4d1ec408d24,sp_lg_h,COph100,True,False,False,False,0.0
cc89ec76eaafb2c2,xfeat_h,COph100,False,False,False,False,0.0
d96f0fc608d00fc9,sift_h,COph100,True,True,True,True,0.154296875
905b8ca5c64aa7f2,sp_lg_h,COph100,True,False,False,False,0.0
2e10bd7986531c24,xfeat_h,COph100,True,False,False,False,0.0
bc62488e8ab8434b,sift_h,COph100,True,True,True,True,0.8369140625
570ffb2ccf454041,sp_lg_h,COph100,True,False,False,False,0.0
26e282caa48afb02,xfeat_h,COph100,True,False,False,False,0.0
4b4e5283e1e26fdd,sift_h,COph100,True,True,False,True,0.0263671875
2c328f17aa99c44f,sp_lg_h,COph100,True,False,False,False,0.0
79a245e527b707d2,xfeat_h,COph100,True,False,False,False,0.0
89847dc988c8cb39,sift_h,COph100,True,True,True,True,0.13671875
f75bea6a54a4253d,sp_lg_h,COph100,False,False,False,False,0.0
632ba0d9a7fd36b8,xfeat_h,COph100,False,False,False,False,0.0
548eb6da97ff3ff6,sift_h,COph100,True,True,False,True,0.111328125
7f56c2389623cd04,sp_lg_h,COph100,False,False,False,False,0.0
04e9dfdf551362c2,xfeat_h,COph100,False,False,False,False,0.0
50b3924517f16c9c,sift_h,COph100,True,True,False,True,0.0263671875
5acb35bb2e516b40,sp_lg_h,COph100,True,False,False,False,0.0
28dbaf3455d1060c,xfeat_h,COph100,True,False,False,False,0.0
f03e9fec19e633a6,sift_h,COph100,True,True,False,True,0.0810546875
8f30703ecc1b2b84,sp_lg_h,COph100,True,False,False,False,0.0
8f7ca79c66d2177f,xfeat_h,COph100,True,False,False,False,0.0
1d8544304e730e93,sp_lg_h,COph100,True,False,False,False,0.0
4c8b6f4b0ccccdfe,xfeat_h,COph100,True,False,False,False,0.0
8711445332cb238b,sift_h,COph100,True,True,True,True,0.5546875
670e901c74cbe559,sp_lg_h,COph100,False,False,False,False,0.0
48f2cc7ae09a0ffb,xfeat_h,COph100,False,False,False,False,0.0
9831a3aeea779630,sift_h,COph100,True,True,True,True,0.552734375
51333f5c6a714c8c,sp_lg_h,COph100,True,False,False,False,0.0
c0bf94c0e03d2c75,xfeat_h,COph100,True,False,False,False,0.0
b13115cae1db639e,sift_h,COph100,True,True,True,True,0.7158203125
e59fa811f25a8e31,sp_lg_h,COph100,True,False,False,False,0.0
17d83c36a163c55a,xfeat_h,COph100,True,False,False,False,0.0
a2c4a3bfd88ff883,sift_h,COph100,True,True,False,True,0.982421875
77518ee0f8861b97,sp_lg_h,COph100,True,True,True,True,0.103515625
ba20d3eeb87425f7,xfeat_h,COph100,True,False,False,False,0.0
c7842338b3b4b746,sift_h,COph100,True,False,False,False,0.0
0863090345d40120,sp_lg_h,COph100,False,False,False,False,0.0
ceae09ba26a41d6a,xfeat_h,COph100,True,False,False,False,0.0
5125ccac7a6c20e7,sift_h,COph100,True,True,False,True,0.9560546875
e70daf63dcc41797,sp_lg_h,COph100,True,False,False,False,0.0
5ddf45d3da8157d0,xfeat_h,COph100,True,False,False,False,0.0
54b745eed8ddcbca,sift_h,COph100,True,True,True,True,0.419921875
2fbcc0befd69dd07,sp_lg_h,COph100,True,False,False,False,0.0
a8c8215460e281aa,xfeat_h,COph100,True,False,False,False,0.0
69634af3c2dc41df,sift_h,COph100,True,True,True,True,0.1669921875
195f52166620dd25,sp_lg_h,COph100,True,False,False,False,0.0
11874152af928391,xfeat_h,COph100,True,False,False,False,0.0
6a7a162b4b190bc8,sift_h,COph100,True,True,False,True,0.9814453125
498654de669adbe9,sp_lg_h,COph100,False,False,False,False,0.0
1a44fec086b6c467,xfeat_h,COph100,False,False,False,False,0.0
13f5930071d8a0bc,sift_h,COph100,True,False,False,False,0.0
b5f4556c837a7835,sp_lg_h,COph100,True,False,False,False,0.0
0044bb85de605993,xfeat_h,COph100,True,False,False,False,0.0
2090023150121498,sift_h,COph100,True,True,False,True,0.015625
88be5a0d4bd765d2,sp_lg_h,COph100,False,False,False,False,0.0
0118658c75374552,xfeat_h,COph100,True,False,False,False,0.0
afbf4f94d25b46a3,sift_h,COph100,True,True,True,True,0.5380859375
17019334ee9259af,sp_lg_h,COph100,False,False,False,False,0.0
fcccfdf6acd4c8a4,xfeat_h,COph100,True,False,False,False,0.0
c3ecd316eef21314,sift_h,COph100,True,True,False,True,0.974609375
b17b008059ac5cfe,sp_lg_h,COph100,True,False,False,False,0.0
a4c40750a69d1cb3,xfeat_h,COph100,True,False,False,False,0.0
aca6960bc47d7753,sift_h,COph100,True,True,False,True,0.029296875
bb23b95e23a8924e,sp_lg_h,COph100,False,False,False,False,0.0
0c432e92e2ed5bdd,xfeat_h,COph100,False,False,False,False,0.0
4a5bd191bdc5d056,sift_h,COph100,True,True,False,True,0.109375
97f544bb446b5f49,sp_lg_h,COph100,True,False,False,False,0.0
6d8b9bce64d4bb31,xfeat_h,COph100,True,False,False,False,0.0
3e5128c3df31a86f,sift_h,COph100,True,True,False,True,0.0205078125
ce0f14b486d56040,sp_lg_h,COph100,True,True,True,True,0.6689453125
2d170c11094313fc,xfeat_h,COph100,True,False,False,False,0.0
ad9964d787e3eb1e,sift_h,COph100,True,True,True,True,0.361328125
2311a923598d6e64,sp_lg_h,COph100,True,False,False,False,0.0
a0311d1b2e1653ac,xfeat_h,COph100,True,False,False,False,0.0
bceb1cce41f2a5a5,sift_h,COph100,True,True,False,True,0.0498046875
a84002b0b7ab96d2,sp_lg_h,COph100,True,False,False,False,0.0
a7c4ba03edb3609e,xfeat_h,COph100,True,False,False,False,0.0
737ce1b034e571df,sift_h,COph100,True,True,False,True,0.0283203125
da1b669d55ceeb70,sp_lg_h,COph100,True,True,False,True,0.033203125
351556d8f34cce4b,xfeat_h,COph100,True,False,False,False,0.0
4032dca03b837b09,sift_h,COph100,True,True,True,True,0.1494140625
cf804c649b733cd6,sp_lg_h,COph100,True,True,True,True,0.091796875
d32c93a4f70270c3,xfeat_h,COph100,True,False,False,False,0.0
32be50f809ad205a,sift_h,COph100,True,True,False,True,0.0107421875
dfa495ad36451d64,sp_lg_h,COph100,True,False,False,False,0.0
4e4fb38067cbd753,xfeat_h,COph100,False,False,False,False,0.0
2381c5c3a16fb874,sift_h,COph100,True,True,True,True,0.49609375
7ea7f29d8d65ab40,sp_lg_h,COph100,False,False,False,False,0.0
7897126fcd9bf20e,xfeat_h,COph100,False,False,False,False,0.0
9682ae65cd8d3515,sift_h,COph100,True,True,True,True,0.505859375
c670ba8f5a682660,sp_lg_h,COph100,True,False,False,False,0.0
63d981cd96049d6a,xfeat_h,COph100,True,False,False,False,0.0
46288d81c8b3e35c,sift_h,COph100,True,True,False,True,0.033203125
3eaa310e81ed3517,sp_lg_h,COph100,True,False,False,False,0.0
d961448fa8d14ef6,xfeat_h,COph100,True,False,False,False,0.0
7db123da8df7cfdc,sift_h,COph100,True,True,False,True,0.03125
9996eac6be53fb75,sp_lg_h,COph100,True,False,False,False,0.0
358b21714e7446db,xfeat_h,COph100,True,False,False,False,0.0
430176e8023846b6,sp_lg_h,COph100,True,False,False,False,0.0
9df14fc82a1c4771,xfeat_h,COph100,True,False,False,False,0.0
dce91636a2782aee,sift_h,COph100,True,True,False,True,0.892578125
349f4875de1bd5e0,sp_lg_h,COph100,True,False,False,False,0.0
59d159126e4afddf,xfeat_h,COph100,True,False,False,False,0.0
eff295226571f54c,sift_h,COph100,True,True,True,True,0.1337890625
62ca43fcc14ccae6,sp_lg_h,COph100,False,False,False,False,0.0
9b594b815f8fb179,xfeat_h,COph100,False,False,False,False,0.0
2ba1c3fbb2745f9a,sp_lg_h,COph100,False,False,False,False,0.0
99b72bc0008cf428,xfeat_h,COph100,True,False,False,False,0.0
358c5aaf0f4f9c8f,sift_h,COph100,True,True,False,True,0.93359375
12fed34f1ae45d70,sp_lg_h,COph100,True,False,False,False,0.0
75f8c4121df37b7e,xfeat_h,COph100,True,False,False,False,0.0
2b123c0facbfe0e3,sift_h,COph100,True,False,False,False,1.0
6d07ca9d9ee5dc7c,sp_lg_h,COph100,True,False,False,False,0.0
c5c38f76b381acf7,xfeat_h,COph100,True,False,False,False,0.0
7f8bb0b1332a2cf9,sift_h,COph100,True,True,False,True,0.10546875
e51af765362416fc,sp_lg_h,COph100,False,False,False,False,0.0
31fd8b0cb5f67bf4,xfeat_h,COph100,True,False,False,False,0.0
527bbfd03848a897,sift_h,COph100,True,False,False,False,1.0
8ad6f1e6e5060636,sp_lg_h,COph100,True,False,False,False,0.0
a3b2e2934c364e2a,xfeat_h,COph100,True,True,False,True,0.0029296875
9ec510aaca5384c6,sift_h,COph100,True,False,False,False,0.0
6d3bb0eb9ca2ec26,sp_lg_h,COph100,True,False,False,False,0.0
1b96a2b235b4e62d,xfeat_h,COph100,False,False,False,False,0.0
f0d7e32ba7846351,sift_h,COph100,True,True,True,True,0.205078125
77201b6c3d98090f,sp_lg_h,COph100,True,False,False,False,0.0
7044150b13d2271e,xfeat_h,COph100,True,False,False,False,0.0
edaae844a0ca8663,sift_h,COph100,True,True,False,True,0.958984375
fc839a9ff5853057,sp_lg_h,COph100,True,False,False,False,0.0
37f368b8288c9a5f,xfeat_h,COph100,True,False,False,False,0.0
d662c881c767863a,sift_h,COph100,True,False,False,False,0.0
febce09d87f44c49,sp_lg_h,COph100,True,False,False,False,0.0
1e5af88da57c1298,xfeat_h,COph100,True,False,False,False,0.0
ba54527a27dc714f,sift_h,COph100,True,True,True,True,0.640625
7513b2d8fa95fa5d,sp_lg_h,COph100,True,False,False,False,0.0
035d837fb15216cf,xfeat_h,COph100,True,False,False,False,0.0
15996807f38cfdc2,sift_h,COph100,True,True,True,True,0.5146484375
9ace48abe62ac747,sp_lg_h,COph100,False,False,False,False,0.0
7d25c8aec5469c7f,xfeat_h,COph100,False,False,False,False,0.0
c0a6ec31337fd9af,sift_h,COph100,True,True,False,True,0.9208984375
c3ec3c025d4ccfa2,sp_lg_h,COph100,True,False,False,False,0.0
361b9989040cf4a0,xfeat_h,COph100,True,False,False,False,0.0
dc820436346ff359,sift_h,COph100,True,True,True,True,0.6259765625
2851bb9b325114c6,sp_lg_h,COph100,False,False,False,False,0.0
02f4a401b05783fd,xfeat_h,COph100,False,False,False,False,0.0
dc7840acd4a8f12e,sift_h,COph100,True,True,False,True,0.025390625
81452cd1e0cc2c59,sp_lg_h,COph100,True,False,False,False,0.0
fcd293fa3cfdeb53,xfeat_h,COph100,True,False,False,False,0.0
4aa81052d27f3e78,sp_lg_h,COph100,False,False,False,False,0.0
c6a7cb6a5c2f4dbc,xfeat_h,COph100,False,False,False,False,0.0
14eb9946c64629bf,sift_h,COph100,True,False,False,False,0.0
c321c171e1cbfa6b,sp_lg_h,COph100,False,False,False,False,0.0
3b2d7b86a93594f1,xfeat_h,COph100,False,False,False,False,0.0
8aa712cac5e2ea65,sift_h,COph100,True,True,True,True,0.87109375
fce0cca4a0f8c185,sp_lg_h,COph100,True,False,False,False,0.0
7e85f797aba89628,xfeat_h,COph100,True,False,False,False,0.0
a840fd6f31f8b2a2,sift_h,COph100,True,True,True,True,0.5380859375
4cc2fae7850fd21c,sp_lg_h,COph100,False,False,False,False,0.0
09cedee91279e051,xfeat_h,COph100,False,False,False,False,0.0
09c80097db76d1fe,sift_h,COph100,True,True,True,True,0.58203125
b019098c1d2a3fb9,sp_lg_h,COph100,True,False,False,False,0.0
38ae6010f035ecff,xfeat_h,COph100,True,False,False,False,0.0
f078a03bbc9e253d,sift_h,COph100,True,True,False,True,0.0263671875
3f40c6d4e10f4401,sp_lg_h,COph100,True,False,False,False,0.0
9eb9deda7d157c54,xfeat_h,COph100,True,False,False,False,0.0
4a57f88164929bf0,sift_h,COph100,True,True,False,True,0.96875
748169cdf4dcde37,sp_lg_h,COph100,True,False,False,False,0.0
c3cf4130b2b67818,xfeat_h,COph100,True,False,False,False,0.0
5c992155985b9282,sift_h,COph100,True,False,False,False,1.0
f8e5c956e60eca45,sp_lg_h,COph100,True,False,False,False,0.0
2dcb459734f3674b,xfeat_h,COph100,True,False,False,False,0.0
4b5c1f67ca363e22,sift_h,COph100,True,True,True,True,0.9404296875
ce169c706c9a3113,sp_lg_h,COph100,True,False,False,False,0.0
43af92e85408cdb4,xfeat_h,COph100,True,False,False,False,0.0
f60688f895ac3ded,sift_h,COph100,True,True,True,True,0.443359375
9afa4583f93f2bf4,sp_lg_h,COph100,True,False,False,False,0.0
b40ad6deed845a8d,xfeat_h,COph100,True,False,False,False,0.0
58747482a359a97a,sift_h,COph100,True,False,False,False,0.0
a62ab5deaccd8075,sp_lg_h,COph100,True,False,False,False,0.0
70ee8a14bc197e6e,xfeat_h,COph100,True,False,False,False,0.0
4e03c1425b26cfa0,sift_h,COph100,True,True,False,True,0.0302734375
3ddedf7950891f5f,sp_lg_h,COph100,True,False,False,False,0.0
ad84f07b79777b9c,xfeat_h,COph100,True,False,False,False,0.0
038f31fa88fe1d88,sift_h,COph100,True,True,True,True,0.2353515625
8ed14fb063327bae,sp_lg_h,COph100,True,True,False,True,0.0185546875
c036637f8388aa77,xfeat_h,COph100,True,False,False,False,0.0
f5dedac9e2cd3e39,sift_h,COph100,True,True,True,True,0.455078125
22d94c0f69c59c37,sp_lg_h,COph100,True,False,False,False,0.0
870f78e273326a1e,xfeat_h,COph100,True,False,False,False,0.0
754602f1d8fec8c4,sp_lg_h,COph100,False,False,False,False,0.0
4933d2eebb202df8,xfeat_h,COph100,False,False,False,False,0.0
7ac72631188c5221,sp_lg_h,COph100,True,False,False,False,0.0
d8360fb701452c6f,xfeat_h,COph100,False,False,False,False,0.0
7c27ebb4f1375a90,sift_h,COph100,True,True,True,True,0.0908203125
dd1054e3cd41135f,sp_lg_h,COph100,True,False,False,False,0.0
fd6f53bd313bb06f,xfeat_h,COph100,True,False,False,False,0.0
9722e642b2fcfe00,sift_h,COph100,True,True,True,True,0.3974609375
42577a093769d095,sp_lg_h,COph100,False,False,False,False,0.0
e5e8316005e3907d,xfeat_h,COph100,True,False,False,False,0.0
1da1deaa60e01285,sift_h,COph100,True,True,False,True,0.9794921875
d1361033a79c5667,sp_lg_h,COph100,True,False,False,False,0.0
1ff6f1095391fbf6,xfeat_h,COph100,True,False,False,False,0.0
6007c26fad128816,sift_h,COph100,True,True,False,True,0.0751953125
cf9843cd97d1c0b2,sp_lg_h,COph100,True,False,False,False,0.0
49586a32b45f1d48,xfeat_h,COph100,True,False,False,False,0.0
85b56539f97b5ea4,xfeat_h,COph100,True,False,False,False,0.0
a5be3b6604579e86,sp_lg_h,COph100,False,False,False,False,0.0
a837194c4648a6d9,xfeat_h,COph100,False,False,False,False,0.0
79f9a5edbb719afb,sift_h,COph100,True,True,False,True,0.0263671875
15218c4d37f4e650,sp_lg_h,COph100,True,False,False,False,0.0
27dab1d3e55db8c9,xfeat_h,COph100,True,False,False,False,0.0
55aba4fbd7d7ce31,sift_h,COph100,True,True,False,True,0.9765625
1eb8fb6adb5f0b74,sp_lg_h,COph100,False,False,False,False,0.0
ab5ad0aafeffc896,xfeat_h,COph100,False,False,False,False,0.0
0fbf172cf97a6498,sp_lg_h,COph100,True,False,False,False,0.0
1584fb7688b3d0fa,xfeat_h,COph100,False,False,False,False,0.0
57f86d83bccd8224,sp_lg_h,COph100,True,False,False,False,0.0
2985ea5883285d42,xfeat_h,COph100,True,False,False,False,0.0
9a9c6b6fe6734785,sift_h,COph100,True,False,False,False,0.0
b4ea7b000c3c98f0,sp_lg_h,COph100,True,False,False,False,0.0
92f0f609c160198a,xfeat_h,COph100,True,False,False,False,0.0
d92271b9a30533c6,sift_h,COph100,True,True,True,True,0.896484375
0381fcd38c99a8a1,sp_lg_h,COph100,False,False,False,False,0.0
8a55e357512454b7,xfeat_h,COph100,False,False,False,False,0.0
0d5c4689904553cc,sift_h,COph100,True,True,False,True,0.03125
cd01f29cdc5e8ad6,sp_lg_h,COph100,False,False,False,False,0.0
f46b9c74b2379d29,xfeat_h,COph100,False,False,False,False,0.0
4c820063a7146ed0,sift_h,COph100,True,True,True,True,0.130859375
0c12bd5babe1da5c,sp_lg_h,COph100,False,False,False,False,0.0
773763f94f4a16f3,xfeat_h,COph100,False,False,False,False,0.0
51b04d8a34e043e3,sift_h,COph100,True,True,False,True,0.96875
65f097a80eebdaac,sp_lg_h,COph100,True,False,False,False,0.0
3d5ce0552b9fddb6,xfeat_h,COph100,True,False,False,False,0.0
f298d1cf8e736564,sift_h,COph100,True,True,False,True,0.96875
2541e8913ecb495c,sp_lg_h,COph100,True,True,False,True,0.06640625
11bcaf81af6206b4,xfeat_h,COph100,True,True,True,True,0.1572265625
a0d6235bebd30380,sift_h,COph100,True,True,True,True,0.4091796875
04ecd86f4ebe10c6,sp_lg_h,COph100,False,False,False,False,0.0
b54b31a70421fb69,xfeat_h,COph100,False,False,False,False,0.0
6d9114badcefb68d,sift_h,COph100,True,True,False,True,0.9658203125
e7bbe7609bfb1aad,sp_lg_h,COph100,False,False,False,False,0.0
2d815e6435dc1239,xfeat_h,COph100,True,False,False,False,0.0
fd6d6ecb6d5f8848,sp_lg_h,COph100,True,False,False,False,0.0
0b72757401b6c52e,xfeat_h,COph100,True,False,False,False,0.0
49744132650422f6,sift_h,COph100,True,True,False,True,0.05859375
87adff6d9bff264e,sp_lg_h,COph100,True,False,False,False,0.0
86f460163fee9a54,xfeat_h,COph100,True,False,False,False,0.0
947480f529c51dfc,sift_h,COph100,True,True,False,True,0.908203125
fe581ee9360970f4,sp_lg_h,COph100,False,False,False,False,0.0
5b799d62cf0e58a4,xfeat_h,COph100,False,False,False,False,0.0
d502344f990a1329,sift_h,COph100,True,True,False,True,0.0166015625
b796e53b27e00d74,sp_lg_h,COph100,False,False,False,False,0.0
6f5f0dd163d3703f,xfeat_h,COph100,True,False,False,False,0.0
c8a62a7a90617fca,sift_h,COph100,True,True,True,True,0.7490234375
0359db95d67ab9bb,sp_lg_h,COph100,True,False,False,False,0.0
b28f291250a2eab4,xfeat_h,COph100,True,False,False,False,0.0
b3616520816759f2,sift_h,COph100,True,False,False,False,0.0
50d8d2fe95b9bc64,sp_lg_h,COph100,False,False,False,False,0.0
1677fa9b730a0790,xfeat_h,COph100,False,False,False,False,0.0
4dabed3c32891c8b,sift_h,COph100,True,True,False,True,0.0185546875
af41159aaea8133c,sp_lg_h,COph100,True,False,False,False,0.0
d597876c38d3b447,xfeat_h,COph100,True,False,False,False,0.0
3c7481ebbbadc13a,sift_h,COph100,True,True,False,True,0.978515625
5ad3fbc67634792f,sp_lg_h,COph100,True,False,False,False,0.0
de9320aad8db1594,xfeat_h,COph100,True,False,False,False,0.0
d55f012b946d56de,sift_h,COph100,True,True,False,True,0.9775390625
71069af2b2301267,sp_lg_h,COph100,True,False,False,False,0.0
7e21cd3d9ba47120,xfeat_h,COph100,True,False,False,False,0.0
9403d0e8b6d0fd6f,sift_h,COph100,True,True,True,True,0.8095703125
939abc3d3df38be5,sp_lg_h,COph100,False,False,False,False,0.0
96e01a46a526c556,xfeat_h,COph100,True,False,False,False,0.0
1f8437eab6a008e9,sift_h,COph100,True,True,True,True,0.859375
fa33cd7dd3583ee7,sp_lg_h,COph100,False,False,False,False,0.0
f432e048c9aadc54,xfeat_h,COph100,False,False,False,False,0.0
788a3487bace177b,sift_h,COph100,True,False,False,False,0.0
0ccb94cc6834f0b3,sp_lg_h,COph100,True,False,False,False,0.0
e676b037e7f6c23f,xfeat_h,COph100,True,False,False,False,0.0
61287c89f15ee8c8,sift_h,COph100,True,True,True,True,0.4306640625
b4577c86c07d97cb,sp_lg_h,COph100,False,False,False,False,0.0
bda99430d85450c9,xfeat_h,COph100,True,False,False,False,0.0
3c4b39ab0e45362b,sift_h,COph100,True,True,False,True,0.9794921875
a7c5d8f8f4aa32b0,sp_lg_h,COph100,False,False,False,False,0.0
d4d983db52d96705,xfeat_h,COph100,True,False,False,False,0.0
cdff052deef9e445,sift_h,COph100,True,False,False,False,0.0
82547b443becefd9,sp_lg_h,COph100,False,False,False,False,0.0
34121534817d0706,xfeat_h,COph100,False,False,False,False,0.0
5549b45820aba245,sift_h,COph100,True,False,False,False,0.0
f8ae9cf8485cc1ba,sp_lg_h,COph100,True,False,False,False,0.0
dc2ad73dce6d57ed,xfeat_h,COph100,True,False,False,False,0.0
ebdad8f41796f516,sift_h,COph100,True,False,False,False,0.0
f602a84066d76379,sp_lg_h,COph100,False,False,False,False,0.0
9e32c5d8fa76d38d,xfeat_h,COph100,False,False,False,False,0.0
cae8f0e0967c9f90,sp_lg_h,COph100,True,False,False,False,0.0
f42f006590c49751,xfeat_h,COph100,True,False,False,False,0.0
5b42cd9ecf57c4f0,sift_h,COph100,True,True,True,True,0.421875
5aa9aa1417fbc327,sp_lg_h,COph100,True,False,False,False,0.0
b1d9122216ac748c,xfeat_h,COph100,True,False,False,False,0.0
1951bca67e348c45,sift_h,COph100,True,False,False,False,0.0
0c12b17841514073,sp_lg_h,COph100,False,False,False,False,0.0
4e418a7d8e1af099,xfeat_h,COph100,False,False,False,False,0.0
29e23fa43704a94e,sift_h,COph100,True,True,False,True,0.943359375
0de9013f77cf0147,sp_lg_h,COph100,False,False,False,False,0.0
20daf2f25ffc323a,xfeat_h,COph100,False,False,False,False,0.0
6a44cc209be96b47,sift_h,COph100,True,True,False,True,0.025390625
9d29653f6481c375,sp_lg_h,COph100,True,False,False,False,0.0
68fee83a8dcb6bb1,xfeat_h,COph100,True,False,False,False,0.0
957c15e75313ceff,sift_h,COph100,True,True,False,True,0.0224609375
9a10b95de145db1e,sp_lg_h,COph100,False,False,False,False,0.0
1a091fb984533eb0,xfeat_h,COph100,False,False,False,False,0.0
e7618755cdf851da,sift_h,COph100,True,True,True,True,0.62109375
90509ed0638e2c01,sp_lg_h,COph100,False,False,False,False,0.0
1530b70ef82ae93a,xfeat_h,COph100,False,False,False,False,0.0
6d869070108af6bf,sp_lg_h,COph100,False,False,False,False,0.0
3f88b4bd2297a4de,xfeat_h,COph100,False,False,False,False,0.0
f3225a2005b4515d,sift_h,COph100,True,False,False,False,0.0
b963d9b900e85c9b,sp_lg_h,COph100,False,False,False,False,0.0
ea2894c0f618cc36,xfeat_h,COph100,False,False,False,False,0.0
21b5664b5bd7c953,sift_h,COph100,True,True,False,True,0.974609375
4268996fd4efbce6,sp_lg_h,COph100,True,False,False,False,0.0
332d3f296c85cf1d,xfeat_h,COph100,True,False,False,False,0.0
819402485382357e,sift_h,COph100,True,True,True,True,0.4892578125
57be2e8a3bf2860a,sp_lg_h,COph100,True,False,False,False,0.0
6568d81289c5df4d,xfeat_h,COph100,False,False,False,False,0.0
71ca6859a68ff4f2,sift_h,COph100,True,True,True,True,0.1650390625
f1b5713274c99c6c,sp_lg_h,COph100,True,False,False,False,0.0
13c7498b41bdfa0c,xfeat_h,COph100,True,False,False,False,0.0
8ddbb955528d5881,sift_h,COph100,True,True,False,True,0.0234375
7ebca32fd92ab692,sp_lg_h,COph100,True,False,False,False,0.0
12140e7a538580c6,xfeat_h,COph100,True,False,False,False,0.0
92008279d3f59629,sift_h,COph100,True,True,False,True,0.9736328125
3e35d00985b0f486,xfeat_h,COph100,True,False,False,False,0.0
97bfd50d6e3a5dd4,sift_h,COph100,True,True,False,True,0.025390625
19195bede7f844da,sp_lg_h,COph100,True,False,False,False,0.0
2d678d3400dfd605,xfeat_h,COph100,True,False,False,False,0.0
cc8ac7507bbd4ecb,sift_h,COph100,True,True,False,True,0.052734375
52215a4b27677b63,sp_lg_h,COph100,False,False,False,False,0.0
57c526eaa7886242,xfeat_h,COph100,True,False,False,False,0.0
5d655976cfdc8c4c,sp_lg_h,COph100,True,False,False,False,0.0
7673d99a090f4b23,xfeat_h,COph100,True,False,False,False,0.0
5bc1cd99f184c638,sift_h,COph100,True,True,True,True,0.578125
93422c46211deb8b,sp_lg_h,COph100,False,False,False,False,0.0
5e4aba15c6d4b244,xfeat_h,COph100,False,False,False,False,0.0
bf50840c43fe7c44,sift_h,COph100,True,True,True,True,0.2001953125
44457d329100e928,sp_lg_h,COph100,False,False,False,False,0.0
dcfb6c32faa692b8,xfeat_h,COph100,False,False,False,False,0.0
e5492773d64ce838,sift_h,COph100,True,True,True,True,0.634765625
9fdded8f4fbaf8fc,sp_lg_h,COph100,False,False,False,False,0.0
9ee86d8907dfdee0,xfeat_h,COph100,True,False,False,False,0.0
45442d7fcd759964,sp_lg_h,COph100,False,False,False,False,0.0
5e13725b258abc18,xfeat_h,COph100,False,False,False,False,0.0
1b08cd8ed2f1c22d,sift_h,COph100,True,True,True,True,0.4921875
a0da241d95235252,sp_lg_h,COph100,True,False,False,False,0.0
4222724214347fc6,xfeat_h,COph100,True,False,False,False,0.0
d3e88b83d3857674,sift_h,COph100,True,True,False,True,0.9609375
fbebd0fe46451923,sp_lg_h,COph100,True,False,False,False,0.0
920cfd5772895e63,xfeat_h,COph100,True,False,False,False,0.0
f23ad07c86edec11,sift_h,COph100,True,False,False,False,0.0
b92a0643b5b15cb8,sp_lg_h,COph100,True,False,False,False,0.0
1789addfce55c1ac,xfeat_h,COph100,True,False,False,False,0.0
e93fd72df3738307,sift_h,COph100,True,True,False,True,0.9599609375
b4f6fca7fe0c909a,sp_lg_h,COph100,False,False,False,False,0.0
cc04e38576f913b0,xfeat_h,COph100,True,False,False,False,0.0
f472556693730bde,sift_h,COph100,True,True,False,True,0.00390625
5a922824acc13668,sp_lg_h,COph100,True,False,False,False,0.0
45d04f2f4d3fc9c8,xfeat_h,COph100,True,False,False,False,0.0
6942a827a4da3148,sift_h,COph100,True,True,True,True,0.2958984375
bc60effb7f8846ce,sp_lg_h,COph100,True,False,False,False,0.0
8befe257dce5e065,xfeat_h,COph100,True,False,False,False,0.0
1939fa4d6c8f3898,sift_h,COph100,True,False,False,False,0.0
4ebcb5da33c53780,sp_lg_h,COph100,True,False,False,False,0.0
49edf3aed46ff702,xfeat_h,COph100,True,False,False,False,0.0
ceddebe098576bb6,sift_h,COph100,True,True,False,True,0.041015625
f80557c2d2b8ff30,sp_lg_h,COph100,True,False,False,False,0.0
2cbff4962cc98f93,xfeat_h,COph100,True,False,False,False,0.0
5822c753e769ad75,sift_h,COph100,True,True,True,True,0.8818359375
b012b219a11e474e,sp_lg_h,COph100,True,False,False,False,0.0
fe42a4944c4e9ca1,xfeat_h,COph100,True,False,False,False,0.0
f51d3707a93c4b45,sift_h,COph100,True,True,False,True,0.9189453125
a0a92d60502ef78c,sp_lg_h,COph100,False,False,False,False,0.0
090c4ff35eda2a9c,xfeat_h,COph100,True,False,False,False,0.0
0c8857945b9d254b,sift_h,COph100,True,True,True,True,0.1240234375
3574c8fec9417466,sp_lg_h,COph100,True,False,False,False,0.0
106931574c9c2c36,xfeat_h,COph100,True,False,False,False,0.0
ca27b3d58cf420fd,sift_h,COph100,True,True,False,True,0.095703125
96e64b7f364c6d79,sp_lg_h,COph100,True,False,False,False,0.0
e2808d95c707ae92,xfeat_h,COph100,True,False,False,False,0.0
8d88100eb043ad31,sift_h,COph100,True,True,False,True,0.974609375
87e8eff1ca6d590d,sp_lg_h,COph100,True,False,False,False,0.0
2d4add35b92d1d3b,xfeat_h,COph100,True,False,False,False,0.0
fa60e2b53578b4ab,sift_h,COph100,True,True,True,True,0.125
742cd9c8ab70aa78,sp_lg_h,COph100,True,False,False,False,0.0
5b5b67278bde1b88,xfeat_h,COph100,True,False,False,False,0.0
9df4326d7712c5b2,sift_h,COph100,True,False,False,False,0.0
582770fb193a91b8,sp_lg_h,COph100,True,False,False,False,0.0
5564d53cb1af0cb9,xfeat_h,COph100,True,False,False,False,0.0
58ed7b617a890c07,sp_lg_h,COph100,False,False,False,False,0.0
d16eb2cee2694a77,xfeat_h,COph100,False,False,False,False,0.0
7c63ad1e67527451,sift_h,COph100,True,True,False,True,0.0546875
6c252de333035f8b,sp_lg_h,COph100,True,False,False,False,0.0
05895c9ccdf57666,xfeat_h,COph100,False,False,False,False,0.0
92a8ea99cb5d05b9,sift_h,COph100,True,True,False,True,0.970703125
f2aaee13ef994dee,sp_lg_h,COph100,True,False,False,False,0.0
3778d78a1f87a677,xfeat_h,COph100,True,False,False,False,0.0
6f8a4ca623cde3ac,sift_h,COph100,True,True,False,True,0.9658203125
b2b7603c12bdeaf6,sp_lg_h,COph100,False,False,False,False,0.0
9a4eeef8a4d8054a,xfeat_h,COph100,False,False,False,False,0.0
4a3bb00341e822ff,sift_h,COph100,True,False,False,False,1.0
8758cf24fc87336e,sp_lg_h,COph100,False,False,False,False,0.0
540274bdcdaf6a98,xfeat_h,COph100,False,False,False,False,0.0
cde36f977be2fbe3,sift_h,COph100,True,True,True,True,0.923828125
9962466ae2ed5d30,sp_lg_h,COph100,False,False,False,False,0.0
27f6aaa9bdc32f36,xfeat_h,COph100,False,False,False,False,0.0
057aa134e9ce1822,sp_lg_h,COph100,False,False,False,False,0.0
a9794034eaeb8b3f,xfeat_h,COph100,False,False,False,False,0.0
c26d032c18525b98,sift_h,COph100,True,False,False,False,0.0
55a9d936ae8fc8c2,sp_lg_h,COph100,False,False,False,False,0.0
441afb34df049bf5,xfeat_h,COph100,False,False,False,False,0.0
0350947c881f4354,sift_h,COph100,True,True,True,True,0.875
64cbab9225e339fb,sp_lg_h,COph100,False,False,False,False,0.0
6f55ae4a9ea83d60,xfeat_h,COph100,True,False,False,False,0.0
c801870b60af4d4c,sift_h,COph100,True,True,False,True,0.03125
24d6c7ca56141284,sp_lg_h,COph100,False,False,False,False,0.0
2a3b44171b4458b2,xfeat_h,COph100,True,False,False,False,0.0
17887d1a00a880d1,sift_h,COph100,True,True,False,True,0.0263671875
36d5cec60e852fd1,sp_lg_h,COph100,True,False,False,False,0.0
6e64dbb22c332b9d,xfeat_h,COph100,True,False,False,False,0.0
534c23df8c4f94dc,sift_h,COph100,True,False,False,False,0.0
24fe0bc4ffebdd1b,sp_lg_h,COph100,False,False,False,False,0.0
c85cae173f202142,xfeat_h,COph100,False,False,False,False,0.0
773c08aca62a7632,sift_h,COph100,True,True,False,True,0.9326171875
954846f5f0fb0e75,sp_lg_h,COph100,False,False,False,False,0.0
bfc5499fad21a8cc,xfeat_h,COph100,True,False,False,False,0.0
2413dec40a15370b,sift_h,COph100,True,True,True,True,0.3623046875
588a88be47fb0f81,sp_lg_h,COph100,True,False,False,False,0.0
44518f688324fca5,xfeat_h,COph100,True,False,False,False,0.0
677b80f654dd9210,sift_h,COph100,True,True,True,True,0.587890625
619b5c06fdc03fe6,sp_lg_h,COph100,False,False,False,False,0.0
8065bab3f3636e1d,xfeat_h,COph100,True,False,False,False,0.0
860d5ca5e3dde896,sp_lg_h,COph100,False,False,False,False,0.0
f5f5233ceb7961ce,xfeat_h,COph100,True,False,False,False,0.0
e7d6977d8c729759,sp_lg_h,COph100,False,False,False,False,0.0
88996c668704a118,xfeat_h,COph100,False,False,False,False,0.0
d060b2b7e2cd68b1,sp_lg_h,COph100,False,False,False,False,0.0
26644a04e0716e06,xfeat_h,COph100,True,False,False,False,0.0
e773f7be244d205a,sift_h,COph100,True,True,True,True,0.115234375
f163b857fad1ea9c,sp_lg_h,COph100,False,False,False,False,0.0
bc9067fd656631a5,xfeat_h,COph100,False,False,False,False,0.0
1d5e8050c1e3f2dc,sift_h,COph100,True,True,True,True,0.453125
1a79f69a4539be08,sp_lg_h,COph100,False,False,False,False,0.0
046b21a40a767146,xfeat_h,COph100,False,False,False,False,0.0
0e5a27f04023dd6d,sift_h,COph100,True,False,False,False,0.0
8aa00181c2ecc2a3,sp_lg_h,COph100,False,False,False,False,0.0
3e1c1f2d8cf893f2,xfeat_h,COph100,False,False,False,False,0.0
57522f2e2a10a990,sp_lg_h,COph100,False,False,False,False,0.0
fe2744d638e75e03,xfeat_h,COph100,False,False,False,False,0.0
ca4ea74d6d7579f8,sift_h,COph100,True,True,True,True,0.2294921875
222054212080f4be,sp_lg_h,COph100,True,False,False,False,0.0
f008a3d0e69b8a75,xfeat_h,COph100,True,False,False,False,0.0
4a37b49b57b2fd8c,sift_h,COph100,True,False,False,False,0.0
7a97dc18d8aa52bf,sp_lg_h,COph100,False,False,False,False,0.0
455800c8f2a87be1,xfeat_h,COph100,True,False,False,False,0.0
aeb8df1496527651,sift_h,COph100,True,True,True,True,0.25
cb8a3fc35d8b56ab,sp_lg_h,COph100,False,False,False,False,0.0
61b2b9ee806b05a3,xfeat_h,COph100,False,False,False,False,0.0
4fccf0581dea4cc9,sift_h,COph100,True,True,False,True,0.9951171875
18b3416d7d86c537,sp_lg_h,COph100,True,False,False,False,0.0
54603425c851db2f,xfeat_h,COph100,True,False,False,False,0.0
d5f678748f4e02bf,sift_h,COph100,True,True,True,True,0.87109375
d613e8b6a8facb37,sp_lg_h,COph100,True,False,False,False,0.0
8a4ae8326e09f5ad,xfeat_h,COph100,True,False,False,False,0.0
9d843d214f034b68,sift_h,COph100,True,True,False,True,0.9228515625
eda4a4c4ff12f725,sp_lg_h,COph100,True,False,False,False,0.0
ed0c3d4ec14a0fb0,xfeat_h,COph100,True,False,False,False,0.0
bc1c88d9146e034e,sp_lg_h,COph100,False,False,False,False,0.0
8b61dd6de7ce9baa,xfeat_h,COph100,True,False,False,False,0.0
046166ec2f273798,sp_lg_h,COph100,True,False,False,False,0.0
2d591440d3372509,xfeat_h,COph100,True,False,False,False,0.0
c4fe2fb6bb9c24cb,sift_h,COph100,True,True,True,True,0.140625
12e6f465d2949696,sp_lg_h,COph100,False,False,False,False,0.0
445f5c6bc01670a5,xfeat_h,COph100,True,False,False,False,0.0
01d172c05035a68f,sift_h,COph100,True,True,False,True,0.087890625
e8f8d2585af5cd13,sp_lg_h,COph100,False,False,False,False,0.0
f7a0971158f29fe4,xfeat_h,COph100,False,False,False,False,0.0
124bbba982fbd2d8,sift_h,COph100,True,True,True,True,0.8125
0a8916f076cefe00,sp_lg_h,COph100,True,False,False,False,0.0
48a581d82cccfbed,xfeat_h,COph100,True,False,False,False,0.0
2a95705a0cf56a0f,sift_h,COph100,True,True,False,True,0.0224609375
d6baaf3d180dc20f,sp_lg_h,COph100,True,False,False,False,0.0
66c25b2df5c97819,xfeat_h,COph100,True,False,False,False,0.0
28a109e8c9a5307d,sift_h,COph100,True,False,False,False,0.0
2bc402bbf61117bb,sp_lg_h,COph100,True,False,False,False,0.0
b2da675ce0bb0563,xfeat_h,COph100,True,False,False,False,0.0
6b0c8dd35354af2f,sp_lg_h,COph100,False,False,False,False,0.0
76b65c1425e0dd91,xfeat_h,COph100,False,False,False,False,0.0
d147084935e50fc4,sift_h,COph100,True,True,False,True,0.9775390625
88f573b56963c055,sp_lg_h,COph100,False,False,False,False,0.0
c239a5ae819d564b,xfeat_h,COph100,True,False,False,False,0.0
78e5e303f273e5ae,sift_h,COph100,True,True,True,True,0.58203125
d0015de692e5618d,sp_lg_h,COph100,False,False,False,False,0.0
041e5868d94f1158,xfeat_h,COph100,False,False,False,False,0.0
8e3e1f3c49ff4b8d,sift_h,COph100,True,True,True,True,0.125
f7f2707b86d6ab9c,sp_lg_h,COph100,True,False,False,False,0.0
bea514e9c884c17a,xfeat_h,COph100,False,False,False,False,0.0
3b1a4de1396e90d3,sp_lg_h,COph100,True,False,False,False,0.0
fe2078f4390bcb92,xfeat_h,COph100,True,False,False,False,0.0
75ec49c07aa704b6,sift_h,COph100,True,True,False,True,0.96875
effa4befd9a18112,sp_lg_h,COph100,False,False,False,False,0.0
408808b066c50eb3,xfeat_h,COph100,False,False,False,False,0.0
e0ea4297be38112f,sift_h,COph100,True,True,False,True,0.953125
1831f5dc0a4490c4,sp_lg_h,COph100,False,False,False,False,0.0
d19e4ffe5710a69a,xfeat_h,COph100,True,False,False,False,0.0
5ced9c62fef819b6,sp_lg_h,COph100,False,False,False,False,0.0
95fc7025c5bbbee4,xfeat_h,COph100,False,False,False,False,0.0
b19c4f90fe8fbf82,sift_h,COph100,True,True,False,True,0.90625
d41fc8d5a0553ff9,sp_lg_h,COph100,False,False,False,False,0.0
16f75d5da1fe8b50,xfeat_h,COph100,False,False,False,False,0.0
e9429f4527d792f8,sift_h,COph100,True,True,True,True,0.34765625
0879d4e7b1138054,xfeat_h,COph100,True,False,False,False,0.0
5f3a5ddd8cf5a8e7,sift_h,COph100,True,True,False,True,0.96875
90ec4d4ea59489f0,sp_lg_h,COph100,True,False,False,False,0.0
c983227a56709669,xfeat_h,COph100,True,False,False,False,0.0
f746b91bf69bdaf2,sift_h,COph100,True,True,False,True,0.0400390625
a2b16a5b10cd82c2,sp_lg_h,COph100,True,False,False,False,0.0
10c2f8352745d9ea,xfeat_h,COph100,False,False,False,False,0.0
c82da48c941bc2cb,sift_h,COph100,True,True,True,True,0.609375
2aea896bba9c1253,sp_lg_h,COph100,False,False,False,False,0.0
44c3513a581e04df,xfeat_h,COph100,True,False,False,False,0.0
77647cc32536b97e,sift_h,COph100,True,True,False,True,0.9716796875
dfe41bb0d90ac91a,sp_lg_h,COph100,False,False,False,False,0.0
9cd95f58a4604851,xfeat_h,COph100,False,False,False,False,0.0
da97f15a78abcf33,sift_h,COph100,True,False,False,False,0.0
3de467b1972a568e,sp_lg_h,COph100,True,False,False,False,0.0
1802bd477c80ba24,xfeat_h,COph100,True,False,False,False,0.0
3a8673fa7abbe407,sift_h,COph100,True,True,True,True,0.65234375
693a68cded836c33,sp_lg_h,COph100,False,False,False,False,0.0
db440c71ca4be2a2,xfeat_h,COph100,True,False,False,False,0.0
70e5fbb422b2652e,sift_h,COph100,True,True,False,True,0.9794921875
99130a14ad7cc772,sp_lg_h,COph100,True,False,False,False,0.0
7f97284285c4c537,xfeat_h,COph100,True,False,False,False,0.0
6ebee7c21242a06a,sift_h,COph100,True,True,False,True,0.9765625
43fce122935a95c6,sp_lg_h,COph100,False,False,False,False,0.0
ab13fda20d12ad03,xfeat_h,COph100,True,False,False,False,0.0
dd2d880a55f25b0e,sp_lg_h,COph100,False,False,False,False,0.0
0e958f81386cf87e,xfeat_h,COph100,True,False,False,False,0.0
7bef6088c5a1b6e4,sift_h,COph100,True,True,False,True,0.0556640625
39433a0af8a68f61,sp_lg_h,COph100,False,False,False,False,0.0
0b590830271bab0e,xfeat_h,COph100,False,False,False,False,0.0
1916f2b022f6ba7f,sift_h,COph100,True,True,True,True,0.708984375
5d685b737afcf55d,sp_lg_h,COph100,False,False,False,False,0.0
ac83b37a02854cef,xfeat_h,COph100,False,False,False,False,0.0
20db5c264d4aee20,sp_lg_h,COph100,True,False,False,False,0.0
a2824d2c2f06697e,xfeat_h,COph100,True,False,False,False,0.0
a4cad0d3834e05fe,sift_h,COph100,True,True,False,True,0.015625
5fed757746da70c6,sp_lg_h,COph100,True,False,False,False,0.0
a149341e38d8b2bc,xfeat_h,COph100,True,False,False,False,0.0
db47c1f2015541a3,sp_lg_h,COph100,False,False,False,False,0.0
b834efd15bd1b4cd,xfeat_h,COph100,True,False,False,False,0.0
d2c6f2dd751a719d,sift_h,COph100,True,False,False,False,0.0
5216c4de807bda81,sp_lg_h,COph100,False,False,False,False,0.0
509575610915b908,xfeat_h,COph100,True,False,False,False,0.0
9397c93fb84dc962,sift_h,COph100,True,False,False,False,0.0
2ebdfa82a487945f,sp_lg_h,COph100,False,False,False,False,0.0
e61e314f1aaac815,xfeat_h,COph100,False,False,False,False,0.0
5daa776bd9294f27,sift_h,COph100,True,True,False,True,0.0693359375
84eb3ecebe4b7ea2,sp_lg_h,COph100,False,False,False,False,0.0
ac0d06e66c7aeeb7,xfeat_h,COph100,False,False,False,False,0.0
795ae18c0cfa9aa0,sift_h,COph100,True,True,True,True,0.109375
66316fee7a1f257c,sp_lg_h,COph100,True,False,False,False,0.0
acf6537b75667fe1,xfeat_h,COph100,False,False,False,False,0.0
e9493366d44719d3,sp_lg_h,COph100,True,False,False,False,0.0
ef1c149324053631,xfeat_h,COph100,True,False,False,False,0.0
16199f563ed03073,sift_h,COph100,True,True,False,True,0.0234375
48e761853a75c9c1,sp_lg_h,COph100,True,False,False,False,0.0
1b3cd2086c658626,xfeat_h,COph100,True,False,False,False,0.0
07fe297ea0ebc127,sift_h,COph100,True,False,False,False,0.0
d7649bc0931ca274,sp_lg_h,COph100,False,False,False,False,0.0
b7ff132001fd766d,xfeat_h,COph100,True,False,False,False,0.0
50c7f9c8cf7427dd,sift_h,COph100,True,True,False,True,0.9287109375
622fce418b7b6614,sp_lg_h,COph100,True,False,False,False,0.0
f4affd919182e134,xfeat_h,COph100,False,False,False,False,0.0
3795d8d2557db6fb,sp_lg_h,FIRE,False,False,False,False,0.0
6a316470134f5762,xfeat_h,FIRE,False,False,False,False,0.0
42a902c65db73bba,sift_h,FIRE,True,True,True,True,0.9375
be645c6dd9572de1,sp_lg_h,FIRE,False,False,False,False,0.0
a3f200567d4ddb51,xfeat_h,FIRE,False,False,False,False,0.0
03d0f3867b9a85ff,sift_h,FIRE,True,True,True,True,0.408203125
5799e5c1043c5732,sp_lg_h,FIRE,False,False,False,False,0.0
693a04123b36eab3,xfeat_h,FIRE,False,False,False,False,0.0
3bd51990dcab8b8d,sp_lg_h,FIRE,False,False,False,False,0.0
b4de273c9238ecb9,xfeat_h,FIRE,False,False,False,False,0.0
452fcd5c97f34e1c,sp_lg_h,FIRE,False,False,False,False,0.0
fbdca11e261b357b,xfeat_h,FIRE,False,False,False,False,0.0
bbf54e04619c3df6,sp_lg_h,FIRE,False,False,False,False,0.0
8d50579e95e89169,xfeat_h,FIRE,False,False,False,False,0.0
e30bf68024a8222b,sift_h,FIRE,True,False,False,False,0.0
2cb59b10035ffa18,sp_lg_h,FIRE,False,False,False,False,0.0
c82b4ec35a6b6121,xfeat_h,FIRE,False,False,False,False,0.0
8404c6a9c538d26a,sift_h,FIRE,True,False,False,False,0.0
1c288c939b34555c,sp_lg_h,FIRE,False,False,False,False,0.0
b0fd7a066f80f2af,xfeat_h,FIRE,True,False,False,False,0.0
4cffa0dbe1c253bf,sift_h,FIRE,True,False,False,False,0.0
f5cbd58e721a642c,sp_lg_h,FIRE,False,False,False,False,0.0
90df129fec31b546,xfeat_h,FIRE,False,False,False,False,0.0
0669c0f9e724db3b,sift_h,FIRE,True,False,False,False,0.0
de9d5bbc1fd5fadd,sp_lg_h,FIRE,False,False,False,False,0.0
affe7bd2f7dac7e7,xfeat_h,FIRE,False,False,False,False,0.0
f18ced4c137f2bec,sift_h,FIRE,True,True,True,True,0.0693359375
59e344ddcd7b9966,sp_lg_h,FIRE,False,False,False,False,0.0
831da1bc5684b872,xfeat_h,FIRE,False,False,False,False,0.0
960763675f1ec0de,sift_h,FIRE,True,False,False,False,0.0
d5af3148301eb2e2,sp_lg_h,FIRE,False,False,False,False,0.0
4047643a8441cc9c,xfeat_h,FIRE,False,False,False,False,0.0
ca16868d77588217,sift_h,FIRE,True,True,True,True,0.9267578125
38c199364ca38d55,sp_lg_h,FIRE,False,False,False,False,0.0
a2f295199bcade0e,xfeat_h,FIRE,False,False,False,False,0.0
d915d251aaadced7,sift_h,FIRE,True,False,False,False,0.0
6be02134b5698557,sp_lg_h,FIRE,False,False,False,False,0.0
0fea645aa16811a4,xfeat_h,FIRE,False,False,False,False,0.0
4d9b0ec3500de3ad,sp_lg_h,FIRE,False,False,False,False,0.0
3360a51d37e19f2e,xfeat_h,FIRE,False,False,False,False,0.0
4f76963fe05f6190,sift_h,FIRE,True,True,True,True,0.0576171875
b6f30d1793a3c38b,sp_lg_h,FIRE,False,False,False,False,0.0
dca5ca2c1d9a8e75,xfeat_h,FIRE,False,False,False,False,0.0
10b381dbcea47dc7,sift_h,FIRE,True,False,False,False,0.0
980d4ddfedb6f0a5,sp_lg_h,FIRE,False,False,False,False,0.0
029e997e254ee04f,xfeat_h,FIRE,False,False,False,False,0.0
f48137413caf13cd,sift_h,FIRE,True,False,False,False,0.0
7459a1e07d11641a,sp_lg_h,FIRE,True,False,False,False,0.0
502afad612988d9d,xfeat_h,FIRE,True,False,False,False,0.0
2973e0ea73a0ec80,sift_h,FIRE,True,False,False,False,0.0
9ae693fce40b4d31,sp_lg_h,FIRE,True,False,False,False,0.0
96e23d430c45031a,xfeat_h,FIRE,True,False,False,False,0.0
83488dec1f30f6db,sift_h,FIRE,True,True,True,True,0.0244140625
ecc6f49514b47092,sp_lg_h,FIRE,True,False,False,False,0.0
892ab89129721dc1,xfeat_h,FIRE,False,False,False,False,0.0
ad42977d5a31cdaf,sift_h,FIRE,True,True,True,True,0.75
8732c85bf97c05f8,sp_lg_h,FIRE,True,False,False,False,0.0
163c7a5511c39c38,xfeat_h,FIRE,False,False,False,False,0.0
57f0337e3b236367,sp_lg_h,FIRE,True,False,False,False,0.0
f38b007084c2d1c8,xfeat_h,FIRE,True,False,False,False,0.0
e06f1cb7c5373db4,sift_h,FIRE,True,False,False,False,0.0
7d88a01802d2e346,sp_lg_h,FIRE,True,False,False,False,0.0
a0f40b23c2dc162f,xfeat_h,FIRE,True,False,False,False,0.0
f04b38f973749d50,sift_h,FIRE,True,False,False,False,0.0
5f2f3d6d3ca27cf2,sp_lg_h,FIRE,True,False,False,False,0.0
d0d284593fd63cc0,xfeat_h,FIRE,False,False,False,False,0.0
812320217de89969,sift_h,FIRE,True,True,True,True,0.166015625
16f12444cc8c05fe,sp_lg_h,FIRE,False,False,False,False,0.0
d93651d8a1ae3c61,xfeat_h,FIRE,True,False,False,False,0.0
0e86da6479faccc6,sift_h,FIRE,True,False,False,False,1.0
9182993390810f8a,sp_lg_h,FIRE,False,False,False,False,0.0
df078e49ad62d24e,xfeat_h,FIRE,True,False,False,False,0.0
cfc2dbc029d1426a,sift_h,FIRE,True,False,False,False,0.0
6d3b694cc6e56033,sp_lg_h,FIRE,False,False,False,False,0.0
8d67193ea004ced8,xfeat_h,FIRE,False,False,False,False,0.0
5bfe383b3c611399,sift_h,FIRE,True,True,True,True,0.2568359375
f320572fa28398cf,sp_lg_h,FIRE,False,False,False,False,0.0
b5538c726cd14dea,xfeat_h,FIRE,True,False,False,False,0.0
aca20bf0fee38da5,sp_lg_h,FIRE,True,False,False,False,0.0
5cf1051dc0a21c45,xfeat_h,FIRE,True,False,False,False,0.0
ce427fa36fe1b6a5,sift_h,FIRE,True,False,False,False,0.0
e0065cd404c996ca,sp_lg_h,FIRE,False,False,False,False,0.0
54d845d83ec24464,xfeat_h,FIRE,False,False,False,False,0.0
0c97b267bb2bffb6,sift_h,FIRE,True,True,False,True,0.00390625
679037961f04e3a1,sp_lg_h,FIRE,True,False,False,False,0.0
c4819805dfaf61a5,xfeat_h,FIRE,False,False,False,False,0.0
d2a8cb7ea70b14c7,sift_h,FIRE,True,False,False,False,0.0
5a137673038f46cc,sp_lg_h,FIRE,True,False,False,False,0.0
5db6459568585c84,xfeat_h,FIRE,True,False,False,False,0.0
dfb335ea384aed5d,sift_h,FIRE,True,True,True,True,0.142578125
84c90bcecefd0192,sp_lg_h,FIRE,False,False,False,False,0.0
7bb9d82a7eb01490,xfeat_h,FIRE,False,False,False,False,0.0
967908a83b559376,sift_h,FIRE,True,True,True,True,0.720703125
3d8e0f12e2ad2a86,sp_lg_h,FIRE,False,False,False,False,0.0
510f279a8bf34fb3,xfeat_h,FIRE,False,False,False,False,0.0
66df112faba0e98a,sift_h,FIRE,True,True,True,True,0.09765625
3e7d983087e4bd3b,sp_lg_h,FIRE,False,False,False,False,0.0
0bc0920d62fabb91,xfeat_h,FIRE,False,False,False,False,0.0
90ff232b61fb5f2f,sift_h,FIRE,True,False,False,False,0.0
56bbc210d45635d0,sp_lg_h,FIRE,False,False,False,False,0.0
7ff47be5bc91ec8a,xfeat_h,FIRE,True,False,False,False,0.0
b891a6a163fc0fbd,sift_h,FIRE,True,False,False,False,0.0
a25b47e665023793,sp_lg_h,FIRE,False,False,False,False,0.0
332a9217523ab234,xfeat_h,FIRE,True,False,False,False,0.0
8ec9a0b06a97652a,sp_lg_h,FIRE,False,False,False,False,0.0
77ab263c9eef53ad,xfeat_h,FIRE,False,False,False,False,0.0
c56b0b0b83b1eaa8,sp_lg_h,FIRE,False,False,False,False,0.0
aee9b007b212b297,xfeat_h,FIRE,False,False,False,False,0.0
def5ac9deab0ba0f,sift_h,FIRE,True,True,True,True,0.083984375
72383a9be4f4daca,sp_lg_h,FIRE,True,False,False,False,0.0
d83d7e33115fca09,xfeat_h,FIRE,True,False,False,False,0.0
c9cf17d0e56eb998,sift_h,FIRE,True,True,True,True,0.083984375
2d0594016f81f1be,sp_lg_h,FIRE,True,False,False,False,0.0
6cc2b16eec3f5ef3,xfeat_h,FIRE,True,False,False,False,0.0
abc4095ba498d9d1,sift_h,FIRE,True,False,False,False,0.0
1d236d70f29a2757,sp_lg_h,FIRE,False,False,False,False,0.0
0e18f321a1fef66d,xfeat_h,FIRE,False,False,False,False,0.0
9f231f0b723c9e9c,sift_h,FIRE,True,False,False,False,0.0
4d6388f8c82c3426,sp_lg_h,FIRE,True,False,False,False,0.0
cd8085588f7c18d0,xfeat_h,FIRE,True,False,False,False,0.0
254d3aa6e7e2b680,sift_h,FIRE,True,True,True,True,0.0869140625
d967087a0fa8fadb,sp_lg_h,FIRE,True,False,False,False,0.0
ac31a6e3c385e2bf,xfeat_h,FIRE,True,False,False,False,0.0
798961295fd842a7,sift_h,FIRE,True,False,False,False,0.0
97288abc54d3ddf0,sp_lg_h,FIRE,False,False,False,False,0.0
c853b6df70e7f7b5,xfeat_h,FIRE,False,False,False,False,0.0
4265f1dbb8768018,sift_h,FIRE,True,False,False,False,0.0
b6024983001b143a,sp_lg_h,FIRE,False,False,False,False,0.0
c92a9a07d48ae3f1,xfeat_h,FIRE,False,False,False,False,0.0
c2440bc8587cbf1c,sift_h,FIRE,True,True,True,True,0.294921875
6bb4d02a4e3805a4,sp_lg_h,FIRE,True,False,False,False,0.0
85723141ab2f1f68,xfeat_h,FIRE,False,False,False,False,0.0
5649ed4b1a20a0d4,sift_h,FIRE,True,False,False,False,0.0
0641977d760d27b9,sp_lg_h,FIRE,True,False,False,False,0.0
2bd252cb589f6fda,xfeat_h,FIRE,True,False,False,False,0.0
60e2e36977c5caff,sp_lg_h,FIRE,True,False,False,False,0.0
ffdb9ccac09dfe62,xfeat_h,FIRE,True,False,False,False,0.0
6b196a5159a197ec,sift_h,FIRE,True,True,True,True,0.59765625
67778d1400136be8,sp_lg_h,FIRE,True,False,False,False,0.0
5334cce0f93742fb,xfeat_h,FIRE,False,False,False,False,0.0
24629656469e3eb2,sp_lg_h,FIRE,True,False,False,False,0.0
7b5b1a057bbc95c2,xfeat_h,FIRE,True,False,False,False,0.0
7ebe3cfbe24fc8ae,sift_h,FIRE,True,False,False,False,0.0
d7d5d1262cb0a9ba,sp_lg_h,FIRE,False,False,False,False,0.0
ef476b136b571fca,xfeat_h,FIRE,False,False,False,False,0.0
0759e4aadd0324ef,sift_h,FIRE,True,False,False,False,0.0
63c1de24862bb527,sp_lg_h,FIRE,False,False,False,False,0.0
3c23b55f1bd5f1b1,xfeat_h,FIRE,False,False,False,False,0.0
4bed0bb16b647902,sift_h,FIRE,True,False,False,False,0.0
257668b703b2a4ed,sp_lg_h,FIRE,False,False,False,False,0.0
b05602b732cacb0b,xfeat_h,FIRE,True,False,False,False,0.0
02c6be1c531a6f26,sp_lg_h,FIRE,True,False,False,False,0.0
861d2570c148a637,xfeat_h,FIRE,True,False,False,False,0.0
3255cdb7ffef8945,sift_h,FIRE,True,True,True,True,0.275390625
1fa4fa216794d57e,sp_lg_h,FIRE,True,False,False,False,0.0
e57124a2a72d1679,xfeat_h,FIRE,True,False,False,False,0.0
c8f75db4f6012b0e,sp_lg_h,FIRE,True,False,False,False,0.0
df82dcef00443581,xfeat_h,FIRE,True,False,False,False,0.0
5ddb5399570eafbb,sift_h,FIRE,True,True,True,True,0.9404296875
8104e008a7c96cd3,sp_lg_h,FIRE,True,False,False,False,0.0
fde3d0b8da2f70a1,xfeat_h,FIRE,True,False,False,False,0.0
469666844aee7c07,sift_h,FIRE,True,True,True,True,0.953125
7ca91f3b69fd346d,sp_lg_h,FIRE,False,False,False,False,0.0
e5cde1f3f3ff6664,xfeat_h,FIRE,True,False,False,False,0.0
912c7c7047cfe2d9,sp_lg_h,FIRE,True,False,False,False,0.0
6c3cd0071d9a8503,xfeat_h,FIRE,False,False,False,False,0.0
23f6d6e107976a71,sift_h,FIRE,True,False,False,False,0.0
64ef3452e9e4acf3,sp_lg_h,FIRE,False,False,False,False,0.0
1739a21397e0530b,xfeat_h,FIRE,False,False,False,False,0.0
556199f23500c582,sift_h,FIRE,True,True,True,True,0.7099609375
88cd6d2b3bfa30fc,sp_lg_h,FIRE,True,False,False,False,0.0
f7bed804c15cc85c,xfeat_h,FIRE,False,False,False,False,0.0
dc6364d56f5299ca,sift_h,FIRE,True,True,True,True,0.9638671875
e93521dedf365e2b,sp_lg_h,FIRE,True,False,False,False,0.0
463a60bac5629c10,xfeat_h,FIRE,False,False,False,False,0.0
70648ac865e29790,sift_h,FIRE,True,False,False,False,0.0
2e7bf226c8fd6eb7,sp_lg_h,FIRE,False,False,False,False,0.0
5b5d49d5d8b5ddef,xfeat_h,FIRE,False,False,False,False,0.0
f0871728b2bfdcc2,sift_h,FIRE,True,False,False,False,0.0
4838071b76848272,sp_lg_h,FIRE,False,False,False,False,0.0
0eea997d9ca6021c,xfeat_h,FIRE,False,False,False,False,0.0
73427af38874600d,sift_h,FIRE,True,True,True,True,0.7412109375
5391523b2561bf72,sp_lg_h,FIRE,False,False,False,False,0.0
20a1cb2971ba7ddd,xfeat_h,FIRE,False,False,False,False,0.0
03f39e8d4e6da391,sift_h,FIRE,True,True,True,True,0.03125
905c0fc5c19e5f99,sp_lg_h,FIRE,False,False,False,False,0.0
f25dc0406bb9abbd,xfeat_h,FIRE,False,False,False,False,0.0
39d5c1be7bda3fdb,sift_h,FIRE,True,True,True,True,0.09375
8991063f4bcbfb3f,sp_lg_h,FIRE,False,False,False,False,0.0
6e41fd57564c6898,xfeat_h,FIRE,False,False,False,False,0.0
cc31da9fc0be8378,sift_h,FIRE,True,True,True,True,0.0419921875
a910512fb9ea319c,sp_lg_h,FIRE,False,False,False,False,0.0
3fe7a41745b09585,xfeat_h,FIRE,False,False,False,False,0.0
7645e344567a4b53,sift_h,FIRE,True,True,True,True,0.056640625
35ef5474f5512eb4,sp_lg_h,FIRE,False,False,False,False,0.0
adcd7366b09922e6,xfeat_h,FIRE,False,False,False,False,0.0
7c7cdd5aa1e5077c,sift_h,FIRE,True,True,True,True,0.9541015625
6d2679f81e95efc2,sp_lg_h,FIRE,False,False,False,False,0.0
95109239e82c98a9,xfeat_h,FIRE,False,False,False,False,0.0
ad6bfeecbba96041,sift_h,FIRE,True,False,False,False,0.0
8eec0a650b018718,sp_lg_h,FIRE,False,False,False,False,0.0
f7dbcb812a94bf88,xfeat_h,FIRE,False,False,False,False,0.0
73d136b80c6d90cc,sift_h,FIRE,True,True,True,True,0.8955078125
c4605421cbdb4764,sp_lg_h,FIRE,False,False,False,False,0.0
3085f258bce6cfd0,xfeat_h,FIRE,False,False,False,False,0.0
bcaaa04ba58d662f,sift_h,FIRE,True,True,True,True,0.05859375
ed757cdfbbdc60d7,sp_lg_h,FIRE,False,False,False,False,0.0
659c3bd3fcb63eed,xfeat_h,FIRE,False,False,False,False,0.0
126f9668c9cd74ad,sift_h,FIRE,True,True,True,True,0.171875
2ca4d8991b7c099c,sp_lg_h,FIRE,False,False,False,False,0.0
e8aa67c1dc5f56b2,xfeat_h,FIRE,False,False,False,False,0.0
44d0068162b5fcd8,sift_h,FIRE,True,True,True,True,0.1025390625
34b9c028495aafe0,sp_lg_h,FIRE,False,False,False,False,0.0
67594a34d192bb39,xfeat_h,FIRE,False,False,False,False,0.0
59c81dbdae328fe6,sift_h,FIRE,True,True,True,True,0.1396484375
3086d2549e90909b,sp_lg_h,FIRE,False,False,False,False,0.0
87eddd9ce8308f02,xfeat_h,FIRE,False,False,False,False,0.0
7466e19005042508,sift_h,FIRE,True,True,True,True,0.931640625
dfc3e551e7db3a9d,sp_lg_h,FIRE,False,False,False,False,0.0
4ebeb45b9885058b,xfeat_h,FIRE,False,False,False,False,0.0
38a89bd769500366,sift_h,FIRE,True,True,False,True,0.9677734375
5f7c364381117b3d,sp_lg_h,FIRE,False,False,False,False,0.0
ac7a40268a8e0b43,xfeat_h,FIRE,False,False,False,False,0.0
9384c9e5365a41bc,sift_h,FIRE,True,True,True,True,0.08984375
f5774b37d2945c8b,sp_lg_h,FIRE,False,False,False,False,0.0
83da34f24cfd8014,xfeat_h,FIRE,False,False,False,False,0.0
7e00bc6367cc0a52,sift_h,FIRE,True,False,False,False,0.0
b5d71d36692120ce,sp_lg_h,FIRE,False,False,False,False,0.0
c4cb951a44a2b3e8,xfeat_h,FIRE,False,False,False,False,0.0
db938eec08222422,sp_lg_h,FIRE,False,False,False,False,0.0
e00c7f487b674332,xfeat_h,FIRE,False,False,False,False,0.0
5a422c113bb3db69,sift_h,FIRE,True,False,False,False,0.0
cf400e2abf651c74,sp_lg_h,FIRE,False,False,False,False,0.0
c9279d7b5e432e83,xfeat_h,FIRE,False,False,False,False,0.0
ef7eaa9958f29ae2,sp_lg_h,FIRE,False,False,False,False,0.0
dcdcb6019ab69719,xfeat_h,FIRE,False,False,False,False,0.0
b0dbd5255cf72077,sp_lg_h,FIRE,False,False,False,False,0.0
15fae263cc5d176b,xfeat_h,FIRE,False,False,False,False,0.0
09404e8bb76a94be,sp_lg_h,FIRE,False,False,False,False,0.0
5da13a85b13a74d8,xfeat_h,FIRE,False,False,False,False,0.0
bf389bfb24e77819,sift_h,FIRE,True,True,False,True,0.0166015625
62b4f5209d0fb9a8,sp_lg_h,FIRE,False,False,False,False,0.0
43d27945a86d2619,xfeat_h,FIRE,False,False,False,False,0.0
cd7aff1d55d43d22,sp_lg_h,FIRE,False,False,False,False,0.0
8d1f8794e5e1595b,xfeat_h,FIRE,False,False,False,False,0.0
1df2734d679b82f7,sift_h,FIRE,True,True,True,True,0.892578125
03f6c59b2da041cd,sp_lg_h,FIRE,False,False,False,False,0.0
f755d46e61b27415,xfeat_h,FIRE,False,False,False,False,0.0
23a85a08fdb9e9c0,sift_h,FIRE,True,True,True,True,0.46875
59e518d16df03f51,sp_lg_h,FIRE,False,False,False,False,0.0
98cd32fdb0a3fb61,xfeat_h,FIRE,False,False,False,False,0.0
697db93a8fb9e55c,sp_lg_h,FIRE,False,False,False,False,0.0
4f64da607973203f,xfeat_h,FIRE,False,False,False,False,0.0
982411e27e242cea,sp_lg_h,FIRE,False,False,False,False,0.0
41260b378b5d35e2,xfeat_h,FIRE,False,False,False,False,0.0
743cd75e3157c482,sp_lg_h,FIRE,False,False,False,False,0.0
949f779a14cd739e,xfeat_h,FIRE,False,False,False,False,0.0
bf0f7e1aadcbea1a,sp_lg_h,FIRE,False,False,False,False,0.0
ea2cafc48eb7677c,xfeat_h,FIRE,False,False,False,False,0.0
b0ae600bbcad2cbe,sp_lg_h,FIRE,False,False,False,False,0.0
64d4cf9936b34810,xfeat_h,FIRE,False,False,False,False,0.0
2e3e507e83b2b0cd,sp_lg_h,FIRE,False,False,False,False,0.0
faa3c2ea49acf8bb,xfeat_h,FIRE,False,False,False,False,0.0
808bc02d57dde170,sift_h,FIRE,True,True,True,True,0.24609375
3d897f44c0e1b90c,sp_lg_h,FIRE,False,False,False,False,0.0
628c3dad6f5d818a,xfeat_h,FIRE,False,False,False,False,0.0
0e5fa62c336a42a2,sift_h,FIRE,True,True,True,True,0.5498046875
736ee1cf37a78457,sp_lg_h,FIRE,False,False,False,False,0.0
d4164095f358541c,xfeat_h,FIRE,False,False,False,False,0.0
3f0a7b954b85f62d,sift_h,FIRE,True,True,True,True,0.3447265625
f40ebe632a200aae,sp_lg_h,FIRE,False,False,False,False,0.0
e1eee3f9868098a7,xfeat_h,FIRE,False,False,False,False,0.0
e8b903bc1a63bb8c,sift_h,FIRE,True,True,True,True,0.9111328125
5c0d804233d33766,sp_lg_h,FIRE,False,False,False,False,0.0
056c7b00c02d6a0f,xfeat_h,FIRE,False,False,False,False,0.0
f79c65943473c042,sift_h,FIRE,True,True,True,True,0.3828125
cc7c0c1cda16a482,sp_lg_h,FIRE,False,False,False,False,0.0
50e9083e70906c1f,xfeat_h,FIRE,False,False,False,False,0.0
1f757ff854583970,sift_h,FIRE,True,True,True,True,0.361328125
52cbfc4049134afc,sp_lg_h,FIRE,False,False,False,False,0.0
306b0aa59d153adf,xfeat_h,FIRE,False,False,False,False,0.0
168cbefc1485e031,sift_h,FIRE,True,True,True,True,0.775390625
664f6bac0b2c8c09,sp_lg_h,FIRE,False,False,False,False,0.0
76de5b30e2ee4718,xfeat_h,FIRE,False,False,False,False,0.0
7b7df3954844c985,sift_h,FIRE,True,True,True,True,0.2138671875
5a9e33fcce16014e,sp_lg_h,FIRE,False,False,False,False,0.0
6f4c805407a9c88d,xfeat_h,FIRE,False,False,False,False,0.0
a931e56e9ba72b76,sp_lg_h,FIRE,False,False,False,False,0.0
d01a950a729d465d,xfeat_h,FIRE,False,False,False,False,0.0
9965f0a860a47362,sift_h,FIRE,True,False,False,False,0.0
fe484b0193936d94,sp_lg_h,FIRE,False,False,False,False,0.0
e21de42ee3190b4d,xfeat_h,FIRE,False,False,False,False,0.0
e3c344c636093710,sp_lg_h,FIRE,False,False,False,False,0.0
bc2be7c5ae8e2cfa,xfeat_h,FIRE,False,False,False,False,0.0
ad4dde4bd9ed12f7,sift_h,FIRE,True,False,False,False,0.0
80f154cdf38b7df3,sp_lg_h,FIRE,False,False,False,False,0.0
ee83ddc60021e729,xfeat_h,FIRE,False,False,False,False,0.0
a2510151bec54eb3,sift_h,FIRE,True,False,False,False,0.0
eae25ee505ee863b,sp_lg_h,FIRE,False,False,False,False,0.0
e0d08a554848297d,xfeat_h,FIRE,False,False,False,False,0.0
76246f8d2d76ddfe,sift_h,FIRE,True,True,True,True,0.056640625
c9063b8f57ac1cfa,sp_lg_h,FIRE,False,False,False,False,0.0
b71533f26d3dbf23,xfeat_h,FIRE,False,False,False,False,0.0
3e8b3b73e0dcc6f6,sift_h,FIRE,True,True,True,True,0.1083984375
303d125e1d1e13a8,sp_lg_h,FIRE,False,False,False,False,0.0
ff76eb2dd46550e2,xfeat_h,FIRE,False,False,False,False,0.0
5ea35bbcd123dd56,sift_h,FIRE,True,True,True,True,0.9423828125
ce2dc2b12b27613e,sp_lg_h,FIRE,False,False,False,False,0.0
ebd0c83688c18cd3,xfeat_h,FIRE,False,False,False,False,0.0
d26408409c13323f,sift_h,FIRE,True,True,True,True,0.9423828125
3bef3771a3bab934,sp_lg_h,FIRE,False,False,False,False,0.0
e88e58ba96960cce,xfeat_h,FIRE,False,False,False,False,0.0
37975fc846f7db90,sift_h,FIRE,True,False,False,False,0.0
480dfcd3d1e7d3db,sp_lg_h,FIRE,False,False,False,False,0.0
7ad9c79927b433ce,xfeat_h,FIRE,False,False,False,False,0.0
ea7b8f4480145012,sift_h,FIRE,True,False,False,False,0.0
5b7df6b356a3bd88,sp_lg_h,FIRE,False,False,False,False,0.0
8c68048cda2b66c6,xfeat_h,FIRE,False,False,False,False,0.0
0fc7d9c4f3289072,sift_h,FIRE,True,True,True,True,0.037109375
d545b3d7382f2b8c,sp_lg_h,FIRE,False,False,False,False,0.0
22914704e83be019,xfeat_h,FIRE,False,False,False,False,0.0
2f4788759ff42db9,sift_h,FIRE,True,True,True,True,0.03125
9e50eb8d9266eba1,sp_lg_h,FIRE,False,False,False,False,0.0
aa28dc39750021b8,xfeat_h,FIRE,False,False,False,False,0.0
28897e12379b37f6,sift_h,FIRE,False,False,False,False,0.0
dff15ea1e65f0ee1,sp_lg_h,FIRE,False,False,False,False,0.0
7af0625e16d6d4ff,xfeat_h,FIRE,False,False,False,False,0.0
baa1a58a22fa8666,sift_h,FIRE,True,False,False,False,0.0
4f1fceca0cb26756,sp_lg_h,FIRE,False,False,False,False,0.0
c7b316f87a4a4a99,xfeat_h,FIRE,False,False,False,False,0.0
e6176db5456251f6,sift_h,FIRE,True,False,False,False,0.0
6c57a32275eff0a8,sp_lg_h,FIRE,False,False,False,False,0.0
97db6a9636d42a43,xfeat_h,FIRE,False,False,False,False,0.0
c40650a2bcdec630,sift_h,FIRE,True,True,True,True,0.3515625
53cea19dced818ab,sp_lg_h,FIRE,False,False,False,False,0.0
492a7e3de34b78bf,xfeat_h,FIRE,False,False,False,False,0.0
d003c6da466b46df,sift_h,FIRE,True,False,False,False,0.0
d6ae8c94535671e0,sp_lg_h,FIRE,False,False,False,False,0.0
9cdb2276782e04b4,xfeat_h,FIRE,False,False,False,False,0.0
420ab3b38ae225ca,sift_h,FIRE,True,True,True,True,0.3017578125
3c24b54b473c50ff,sp_lg_h,FIRE,False,False,False,False,0.0
3aba294ad9d67ee5,xfeat_h,FIRE,False,False,False,False,0.0
95aeb001e9382546,sift_h,FIRE,True,False,False,False,0.0
5c60db6f8f05e19f,sp_lg_h,FIRE,False,False,False,False,0.0
edf93cdf49f5ad5c,xfeat_h,FIRE,False,False,False,False,0.0
17e0c57e8e56854a,sp_lg_h,FIRE,False,False,False,False,0.0
caf1d9fc455d1743,xfeat_h,FIRE,False,False,False,False,0.0
65112839ce539dda,sift_h,FIRE,True,True,True,True,0.9384765625
c25d513426ed5026,sp_lg_h,FIRE,False,False,False,False,0.0
403d8cc22b545b52,xfeat_h,FIRE,False,False,False,False,0.0
b1dd7893f61a7fd7,sp_lg_h,FIRE,False,False,False,False,0.0
e6ff8021fc6ea22c,xfeat_h,FIRE,False,False,False,False,0.0
a23c6ba397135248,sift_h,FIRE,False,False,False,False,0.0
d4045d3b1e9bb8a8,sp_lg_h,FIRE,False,False,False,False,0.0
41436e3a3871b961,xfeat_h,FIRE,False,False,False,False,0.0
51fb20cd38c644f7,sift_h,FIRE,True,True,True,True,0.8291015625
5c206b8108867aed,sp_lg_h,FIRE,False,False,False,False,0.0
9abdfd1401a1e354,xfeat_h,FIRE,False,False,False,False,0.0
db1da4ac7dd46499,sift_h,FIRE,True,True,True,True,0.1220703125
c802da68ffd5578e,sp_lg_h,FIRE,False,False,False,False,0.0
761c42716f245691,xfeat_h,FIRE,False,False,False,False,0.0
a6e6ae6adc756892,sift_h,FIRE,True,False,False,False,0.0
6d23109c822438e2,sp_lg_h,FIRE,False,False,False,False,0.0
2cafca0a4ed56a62,xfeat_h,FIRE,False,False,False,False,0.0
be049971696e0f0a,sift_h,FIRE,True,True,True,True,0.9521484375
df912458824713de,sp_lg_h,FIRE,False,False,False,False,0.0
57c16df7ac455a3c,xfeat_h,FIRE,False,False,False,False,0.0
b714eb0973fdf4f9,sift_h,FIRE,True,True,True,True,0.189453125
68b4bd6752d75546,sp_lg_h,FIRE,False,False,False,False,0.0
0340e1d6a4995b04,xfeat_h,FIRE,False,False,False,False,0.0
7e6f402690e0681d,sift_h,FIRE,True,False,False,False,0.0
42dc838fde216a6d,sp_lg_h,FIRE,False,False,False,False,0.0
28e08251492468a7,xfeat_h,FIRE,False,False,False,False,0.0
