pipeline_id,category,threshold_px,success_rate
xfeat_h,A,0.0,0.0
xfeat_h,A,0.01,0.0
xfeat_h,A,0.02,0.0
xfeat_h,A,0.03,0.0
xfeat_h,A,0.04,0.0
xfeat_h,A,0.05,0.0
xfeat_h,A,0.06,0.0
xfeat_h,A,0.07,0.0
xfeat_h,A,0.08,0.0
xfeat_h,A,0.09,0.0
xfeat_h,A,0.1,0.0
xfeat_h,A,0.11,0.0
xfeat_h,A,0.12,0.0
xfeat_h,A,0.13,0.0
xfeat_h,A,0.14,0.0
xfeat_h,A,0.15,0.0
xfeat_h,A,0.16,0.0
xfeat_h,A,0.17,0.0
xfeat_h,A,0.18,0.0
xfeat_h,A,0.19,0.0
xfeat_h,A,0.2,0.0
xfeat_h,A,0.21,0.0
xfeat_h,A,0.22,0.0
xfeat_h,A,0.23,0.0
xfeat_h,A,0.24,0.0
xfeat_h,A,0.25,0.0
xfeat_h,A,0.26,0.0
xfeat_h,A,0.27,0.0
xfeat_h,A,0.28,0.0
xfeat_h,A,0.29,0.0
xfeat_h,A,0.3,0.0
xfeat_h,A,0.31,0.0
xfeat_h,A,0.32,0.0
xfeat_h,A,0.33,0.0
xfeat_h,A,0.34,0.0
xfeat_h,A,0.35000000000000003,0.0
xfeat_h,A,0.36,0.0
xfeat_h,A,0.37,0.0
xfeat_h,A,0.38,0.0
xfeat_h,A,0.39,0.0
xfeat_h,A,0.4,0.0
xfeat_h,A,0.41000000000000003,0.0
xfeat_h,A,0.42,0.0
xfeat_h,A,0.43,0.0
xfeat_h,A,0.44,0.0
xfeat_h,A,0.45,0.0
xfeat_h,A,0.46,0.0
xfeat_h,A,0.47000000000000003,0.0
xfeat_h,A,0.48,0.0
xfeat_h,A,0.49,0.0
xfeat_h,A,0.5,0.0
xfeat_h,A,0.51,0.0
xfeat_h,A,0.52,0.0
xfeat_h,A,0.53,0.0
xfeat_h,A,0.54,0.0
xfeat_h,A,0.55,0.0
xfeat_h,A,0.56,0.0
xfeat_h,A,0.5700000000000001,0.0
xfeat_h,A,0.58,0.0
xfeat_h,A,0.59,0.0
xfeat_h,A,0.6,0.0
xfeat_h,A,0.61,0.0
xfeat_h,A,0.62,0.0
xfeat_h,A,0.63,0.0
xfeat_h,A,0.64,0.0
xfeat_h,A,0.65,0.0
xfeat_h,A,0.66,0.0
xfeat_h,A,0.67,0.0
xfeat_h,A,0.68,0.0
xfeat_h,A,0.6900000000000001,0.0
xfeat_h,A,0.7000000000000001,0.0
xfeat_h,A,0.71,0.0
xfeat_h,A,0.72,0.0
xfeat_h,A,0.73,0.0
xfeat_h,A,0.74,0.0
xfeat_h,A,0.75,0.0
xfeat_h,A,0.76,0.0
xfeat_h,A,0.77,0.0
xfeat_h,A,0.78,0.0
xfeat_h,A,0.79,0.0
xfeat_h,A,0.8,0.0
xfeat_h,A,0.81,0.0
xfeat_h,A,0.8200000000000001,0.0
xfeat_h,A,0.8300000000000001,0.0
xfeat_h,A,0.84,0.0
xfeat_h,A,0.85,0.0
xfeat_h,A,0.86,0.0
xfeat_h,A,0.87,0.0
xfeat_h,A,0.88,0.0
xfeat_h,A,0.89,0.0
xfeat_h,A,0.9,0.0
xfeat_h,A,0.91,0.0
xfeat_h,A,0.92,0.0
xfeat_h,A,0.93,0.0
xfeat_h,A,0.9400000000000001,0.0
xfeat_h,A,0.9500000000000001,0.0
xfeat_h,A,0.96,0.0
xfeat_h,A,0.97,0.0
xfeat_h,A,0.98,0.0
xfeat_h,A,0.99,0.0
xfeat_h,A,1.0,0.0
xfeat_h,A,1.01,0.0
xfeat_h,A,1.02,0.0
xfeat_h,A,1.03,0.0
xfeat_h,A,1.04,0.0
xfeat_h,A,1.05,0.0
xfeat_h,A,1.06,0.0
xfeat_h,A,1.07,0.0
xfeat_h,A,1.08,0.0
xfeat_h,A,1.09,0.0
xfeat_h,A,1.1,0.0
xfeat_h,A,1.11,0.0
xfeat_h,A,1.12,0.0
xfeat_h,A,1.1300000000000001,0.0
xfeat_h,A,1.1400000000000001,0.0
xfeat_h,A,1.1500000000000001,0.0
xfeat_h,A,1.16,0.0
xfeat_h,A,1.17,0.0
xfeat_h,A,1.18,0.0
xfeat_h,A,1.19,0.0
xfeat_h,A,1.2,0.0
xfeat_h,A,1.21,0.0
xfeat_h,A,1.22,0.0
xfeat_h,A,1.23,0.0
xfeat_h,A,1.24,0.0
xfeat_h,A,1.25,0.0
xfeat_h,A,1.26,0.0
xfeat_h,A,1.27,0.0
xfeat_h,A,1.28,0.0
xfeat_h,A,1.29,0.0
xfeat_h,A,1.3,0.0
xfeat_h,A,1.31,0.0
xfeat_h,A,1.32,0.0
xfeat_h,A,1.33,0.0
xfeat_h,A,1.34,0.0
xfeat_h,A,1.35,0.0
xfeat_h,A,1.36,0.0
xfeat_h,A,1.37,0.0
xfeat_h,A,1.3800000000000001,0.0
xfeat_h,A,1.3900000000000001,0.0
xfeat_h,A,1.4000000000000001,0.0
xfeat_h,A,1.41,0.0
xfeat_h,A,1.42,0.0
xfeat_h,A,1.43,0.0
xfeat_h,A,1.44,0.0
xfeat_h,A,1.45,0.0
xfeat_h,A,1.46,0.0
xfeat_h,A,1.47,0.0
xfeat_h,A,1.48,0.0
xfeat_h,A,1.49,0.0
xfeat_h,A,1.5,0.0
xfeat_h,A,1.51,0.0
xfeat_h,A,1.52,0.0
xfeat_h,A,1.53,0.0
xfeat_h,A,1.54,0.0
xfeat_h,A,1.55,0.0
xfeat_h,A,1.56,0.0
xfeat_h,A,1.57,0.0
xfeat_h,A,1.58,0.0
xfeat_h,A,1.59,0.0
xfeat_h,A,1.6,0.0
xfeat_h,A,1.61,0.0
xfeat_h,A,1.62,0.0
xfeat_h,A,1.6300000000000001,0.0
xfeat_h,A,1.6400000000000001,0.0
xfeat_h,A,1.6500000000000001,0.0
xfeat_h,A,1.6600000000000001,0.0
xfeat_h,A,1.67,0.0
xfeat_h,A,1.68,0.0
xfeat_h,A,1.69,0.0
xfeat_h,A,1.7,0.0
xfeat_h,A,1.71,0.0
xfeat_h,A,1.72,0.0
xfeat_h,A,1.73,0.0
xfeat_h,A,1.74,0.0
xfeat_h,A,1.75,0.0
xfeat_h,A,1.76,0.0
xfeat_h,A,1.77,0.0
xfeat_h,A,1.78,0.0
xfeat_h,A,1.79,0.0
xfeat_h,A,1.8,0.0
xfeat_h,A,1.81,0.0
xfeat_h,A,1.82,0.0
xfeat_h,A,1.83,0.0
xfeat_h,A,1.84,0.0
xfeat_h,A,1.85,0.0
xfeat_h,A,1.86,0.0
xfeat_h,A,1.87,0.0
xfeat_h,A,1.8800000000000001,0.0
xfeat_h,A,1.8900000000000001,0.0
xfeat_h,A,1.9000000000000001,0.0
xfeat_h,A,1.9100000000000001,0.0
xfeat_h,A,1.92,0.0
xfeat_h,A,1.93,0.0
xfeat_h,A,1.94,0.0
xfeat_h,A,1.95,0.0
xfeat_h,A,1.96,0.0
xfeat_h,A,1.97,0.0
xfeat_h,A,1.98,0.0
xfeat_h,A,1.99,0.0
xfeat_h,A,2.0,0.0
xfeat_h,A,2.0100000000000002,0.0
xfeat_h,A,2.02,0.0
xfeat_h,A,2.0300000000000002,0.0
xfeat_h,A,2.04,0.0
xfeat_h,A,2.05,0.0
xfeat_h,A,2.06,0.0
xfeat_h,A,2.07,0.0
xfeat_h,A,2.08,0.0
xfeat_h,A,2.09,0.0
xfeat_h,A,2.1,0.0
xfeat_h,A,2.11,0.0
xfeat_h,A,2.12,0.0
xfeat_h,A,2.13,0.0
xfeat_h,A,2.14,0.0
xfeat_h,A,2.15,0.0
xfeat_h,A,2.16,0.0
xfeat_h,A,2.17,0.0
xfeat_h,A,2.18,0.0
xfeat_h,A,2.19,0.0
xfeat_h,A,2.2,0.0
xfeat_h,A,2.21,0.0
xfeat_h,A,2.22,0.0
xfeat_h,A,2.23,0.0
xfeat_h,A,2.24,0.0
xfeat_h,A,2.25,0.0
xfeat_h,A,2.2600000000000002,0.0
xfeat_h,A,2.27,0.0
xfeat_h,A,2.2800000000000002,0.0
xfeat_h,A,2.29,0.0
xfeat_h,A,2.3000000000000003,0.0
xfeat_h,A,2.31,0.0
xfeat_h,A,2.32,0.0
xfeat_h,A,2.33,0.0
xfeat_h,A,2.34,0.0
xfeat_h,A,2.35,0.0
xfeat_h,A,2.36,0.0
xfeat_h,A,2.37,0.0
xfeat_h,A,2.38,0.0
xfeat_h,A,2.39,0.0
xfeat_h,A,2.4,0.0
xfeat_h,A,2.41,0.0
xfeat_h,A,2.42,0.0
xfeat_h,A,2.43,0.0
xfeat_h,A,2.44,0.0
xfeat_h,A,2.45,0.0
xfeat_h,A,2.46,0.0
xfeat_h,A,2.47,0.0
xfeat_h,A,2.48,0.0
xfeat_h,A,2.49,0.0
xfeat_h,A,2.5,0.0
xfeat_h,A,2.5100000000000002,0.0
xfeat_h,A,2.52,0.0
xfeat_h,A,2.5300000000000002,0.0
xfeat_h,A,2.54,0.0
xfeat_h,A,2.5500000000000003,0.0
xfeat_h,A,2.56,0.0
xfeat_h,A,2.57,0.0
xfeat_h,A,2.58,0.0
xfeat_h,A,2.59,0.0
xfeat_h,A,2.6,0.0
xfeat_h,A,2.61,0.0
xfeat_h,A,2.62,0.0
xfeat_h,A,2.63,0.0
xfeat_h,A,2.64,0.0
xfeat_h,A,2.65,0.0
xfeat_h,A,2.66,0.0
xfeat_h,A,2.67,0.0
xfeat_h,A,2.68,0.0
xfeat_h,A,2.69,0.0
xfeat_h,A,2.7,0.0
xfeat_h,A,2.71,0.0
xfeat_h,A,2.72,0.0
xfeat_h,A,2.73,0.0
xfeat_h,A,2.74,0.0
xfeat_h,A,2.75,0.0
xfeat_h,A,2.7600000000000002,0.0
xfeat_h,A,2.77,0.0
xfeat_h,A,2.7800000000000002,0.0
xfeat_h,A,2.79,0.0
xfeat_h,A,2.8000000000000003,0.0
xfeat_h,A,2.81,0.0
xfeat_h,A,2.82,0.0
xfeat_h,A,2.83,0.0
xfeat_h,A,2.84,0.0
xfeat_h,A,2.85,0.0
xfeat_h,A,2.86,0.0
xfeat_h,A,2.87,0.0
xfeat_h,A,2.88,0.0
xfeat_h,A,2.89,0.0
xfeat_h,A,2.9,0.0
xfeat_h,A,2.91,0.0
xfeat_h,A,2.92,0.0
xfeat_h,A,2.93,0.0
xfeat_h,A,2.94,0.0
xfeat_h,A,2.95,0.0
xfeat_h,A,2.96,0.0
xfeat_h,A,2.97,0.0
xfeat_h,A,2.98,0.0
xfeat_h,A,2.99,0.0
xfeat_h,A,3.0,0.0
xfeat_h,A,3.0100000000000002,0.0
xfeat_h,A,3.02,0.0
xfeat_h,A,3.0300000000000002,0.0
xfeat_h,A,3.04,0.0
xfeat_h,A,3.0500000000000003,0.0
xfeat_h,A,3.06,0.0
xfeat_h,A,3.0700000000000003,0.0
xfeat_h,A,3.08,0.0
xfeat_h,A,3.09,0.0
xfeat_h,A,3.1,0.0
xfeat_h,A,3.11,0.0
xfeat_h,A,3.12,0.0
xfeat_h,A,3.13,0.0
xfeat_h,A,3.14,0.0
xfeat_h,A,3.15,0.0
xfeat_h,A,3.16,0.0
xfeat_h,A,3.17,0.0
xfeat_h,A,3.18,0.0
xfeat_h,A,3.19,0.0
xfeat_h,A,3.2,0.0
xfeat_h,A,3.21,0.0
xfeat_h,A,3.22,0.0
xfeat_h,A,3.23,0.0
xfeat_h,A,3.24,0.0
xfeat_h,A,3.25,0.0
xfeat_h,A,3.2600000000000002,0.0
xfeat_h,A,3.27,0.0
xfeat_h,A,3.2800000000000002,0.0
xfeat_h,A,3.29,0.07142857142857142
xfeat_h,A,3.3000000000000003,0.07142857142857142
xfeat_h,A,3.31,0.07142857142857142
xfeat_h,A,3.3200000000000003,0.07142857142857142
xfeat_h,A,3.33,0.07142857142857142
xfeat_h,A,3.34,0.07142857142857142
xfeat_h,A,3.35,0.07142857142857142
xfeat_h,A,3.36,0.07142857142857142
xfeat_h,A,3.37,0.07142857142857142
xfeat_h,A,3.38,0.07142857142857142
xfeat_h,A,3.39,0.07142857142857142
xfeat_h,A,3.4,0.07142857142857142
xfeat_h,A,3.41,0.07142857142857142
xfeat_h,A,3.42,0.07142857142857142
xfeat_h,A,3.43,0.07142857142857142
xfeat_h,A,3.44,0.07142857142857142
xfeat_h,A,3.45,0.07142857142857142
xfeat_h,A,3.46,0.07142857142857142
xfeat_h,A,3.47,0.07142857142857142
xfeat_h,A,3.48,0.07142857142857142
xfeat_h,A,3.49,0.07142857142857142
xfeat_h,A,3.5,0.07142857142857142
xfeat_h,A,3.5100000000000002,0.07142857142857142
xfeat_h,A,3.52,0.07142857142857142
xfeat_h,A,3.5300000000000002,0.07142857142857142
xfeat_h,A,3.54,0.07142857142857142
xfeat_h,A,3.5500000000000003,0.07142857142857142
xfeat_h,A,3.56,0.07142857142857142
xfeat_h,A,3.5700000000000003,0.07142857142857142
xfeat_h,A,3.58,0.07142857142857142
xfeat_h,A,3.59,0.07142857142857142
xfeat_h,A,3.6,0.07142857142857142
xfeat_h,A,3.61,0.07142857142857142
xfeat_h,A,3.62,0.07142857142857142
xfeat_h,A,3.63,0.07142857142857142
xfeat_h,A,3.64,0.07142857142857142
xfeat_h,A,3.65,0.07142857142857142
xfeat_h,A,3.66,0.07142857142857142
xfeat_h,A,3.67,0.07142857142857142
xfeat_h,A,3.68,0.07142857142857142
xfeat_h,A,3.69,0.07142857142857142
xfeat_h,A,3.7,0.07142857142857142
xfeat_h,A,3.71,0.07142857142857142
xfeat_h,A,3.72,0.07142857142857142
xfeat_h,A,3.73,0.07142857142857142
xfeat_h,A,3.74,0.07142857142857142
xfeat_h,A,3.75,0.07142857142857142
xfeat_h,A,3.7600000000000002,0.07142857142857142
xfeat_h,A,3.77,0.14285714285714285
xfeat_h,A,3.7800000000000002,0.14285714285714285
xfeat_h,A,3.79,0.14285714285714285
xfeat_h,A,3.8000000000000003,0.14285714285714285
xfeat_h,A,3.81,0.14285714285714285
xfeat_h,A,3.8200000000000003,0.14285714285714285
xfeat_h,A,3.83,0.14285714285714285
xfeat_h,A,3.84,0.14285714285714285
xfeat_h,A,3.85,0.14285714285714285
xfeat_h,A,3.86,0.14285714285714285
xfeat_h,A,3.87,0.14285714285714285
xfeat_h,A,3.88,0.14285714285714285
xfeat_h,A,3.89,0.14285714285714285
xfeat_h,A,3.9,0.14285714285714285
xfeat_h,A,3.91,0.14285714285714285
xfeat_h,A,3.92,0.14285714285714285
xfeat_h,A,3.93,0.14285714285714285
xfeat_h,A,3.94,0.14285714285714285
xfeat_h,A,3.95,0.14285714285714285
xfeat_h,A,3.96,0.14285714285714285
xfeat_h,A,3.97,0.14285714285714285
xfeat_h,A,3.98,0.14285714285714285
xfeat_h,A,3.99,0.14285714285714285
xfeat_h,A,4.0,0.14285714285714285
xfeat_h,A,4.01,0.14285714285714285
xfeat_h,A,4.0200000000000005,0.14285714285714285
xfeat_h,A,4.03,0.14285714285714285
xfeat_h,A,4.04,0.14285714285714285
xfeat_h,A,4.05,0.14285714285714285
xfeat_h,A,4.0600000000000005,0.14285714285714285
xfeat_h,A,4.07,0.14285714285714285
xfeat_h,A,4.08,0.14285714285714285
xfeat_h,A,4.09,0.14285714285714285
xfeat_h,A,4.1,0.14285714285714285
xfeat_h,A,4.11,0.14285714285714285
xfeat_h,A,4.12,0.14285714285714285
xfeat_h,A,4.13,0.14285714285714285
xfeat_h,A,4.14,0.14285714285714285
xfeat_h,A,4.15,0.14285714285714285
xfeat_h,A,4.16,0.14285714285714285
xfeat_h,A,4.17,0.14285714285714285
xfeat_h,A,4.18,0.14285714285714285
xfeat_h,A,4.19,0.14285714285714285
xfeat_h,A,4.2,0.14285714285714285
xfeat_h,A,4.21,0.14285714285714285
xfeat_h,A,4.22,0.14285714285714285
xfeat_h,A,4.23,0.14285714285714285
xfeat_h,A,4.24,0.14285714285714285
xfeat_h,A,4.25,0.14285714285714285
xfeat_h,A,4.26,0.14285714285714285
xfeat_h,A,4.2700000000000005,0.14285714285714285
xfeat_h,A,4.28,0.14285714285714285
xfeat_h,A,4.29,0.14285714285714285
xfeat_h,A,4.3,0.14285714285714285
xfeat_h,A,4.3100000000000005,0.14285714285714285
xfeat_h,A,4.32,0.14285714285714285
xfeat_h,A,4.33,0.14285714285714285
xfeat_h,A,4.34,0.14285714285714285
xfeat_h,A,4.3500000000000005,0.14285714285714285
xfeat_h,A,4.36,0.14285714285714285
xfeat_h,A,4.37,0.14285714285714285
xfeat_h,A,4.38,0.14285714285714285
xfeat_h,A,4.39,0.14285714285714285
xfeat_h,A,4.4,0.14285714285714285
xfeat_h,A,4.41,0.14285714285714285
xfeat_h,A,4.42,0.14285714285714285
xfeat_h,A,4.43,0.14285714285714285
xfeat_h,A,4.44,0.14285714285714285
xfeat_h,A,4.45,0.21428571428571427
xfeat_h,A,4.46,0.21428571428571427
xfeat_h,A,4.47,0.21428571428571427
xfeat_h,A,4.48,0.21428571428571427
xfeat_h,A,4.49,0.21428571428571427
xfeat_h,A,4.5,0.21428571428571427
xfeat_h,A,4.51,0.21428571428571427
xfeat_h,A,4.5200000000000005,0.21428571428571427
xfeat_h,A,4.53,0.21428571428571427
xfeat_h,A,4.54,0.21428571428571427
xfeat_h,A,4.55,0.21428571428571427
xfeat_h,A,4.5600000000000005,0.21428571428571427
xfeat_h,A,4.57,0.21428571428571427
xfeat_h,A,4.58,0.21428571428571427
xfeat_h,A,4.59,0.21428571428571427
xfeat_h,A,4.6000000000000005,0.21428571428571427
xfeat_h,A,4.61,0.21428571428571427
xfeat_h,A,4.62,0.21428571428571427
xfeat_h,A,4.63,0.21428571428571427
xfeat_h,A,4.64,0.21428571428571427
xfeat_h,A,4.65,0.21428571428571427
xfeat_h,A,4.66,0.21428571428571427
xfeat_h,A,4.67,0.21428571428571427
xfeat_h,A,4.68,0.21428571428571427
xfeat_h,A,4.69,0.21428571428571427
xfeat_h,A,4.7,0.21428571428571427
xfeat_h,A,4.71,0.21428571428571427
xfeat_h,A,4.72,0.21428571428571427
xfeat_h,A,4.73,0.21428571428571427
xfeat_h,A,4.74,0.21428571428571427
xfeat_h,A,4.75,0.21428571428571427
xfeat_h,A,4.76,0.2857142857142857
xfeat_h,A,4.7700000000000005,0.2857142857142857
xfeat_h,A,4.78,0.35714285714285715
xfeat_h,A,4.79,0.35714285714285715
xfeat_h,A,4.8,0.35714285714285715
xfeat_h,A,4.8100000000000005,0.35714285714285715
xfeat_h,A,4.82,0.35714285714285715
xfeat_h,A,4.83,0.35714285714285715
xfeat_h,A,4.84,0.35714285714285715
xfeat_h,A,4.8500000000000005,0.35714285714285715
xfeat_h,A,4.86,0.35714285714285715
xfeat_h,A,4.87,0.35714285714285715
xfeat_h,A,4.88,0.35714285714285715
xfeat_h,A,4.89,0.35714285714285715
xfeat_h,A,4.9,0.35714285714285715
xfeat_h,A,4.91,0.35714285714285715
xfeat_h,A,4.92,0.35714285714285715
xfeat_h,A,4.93,0.35714285714285715
xfeat_h,A,4.94,0.35714285714285715
xfeat_h,A,4.95,0.35714285714285715
xfeat_h,A,4.96,0.35714285714285715
xfeat_h,A,4.97,0.35714285714285715
xfeat_h,A,4.98,0.35714285714285715
xfeat_h,A,4.99,0.35714285714285715
xfeat_h,A,5.0,0.35714285714285715
xfeat_h,A,5.01,0.35714285714285715
xfeat_h,A,5.0200000000000005,0.35714285714285715
xfeat_h,A,5.03,0.35714285714285715
xfeat_h,A,5.04,0.35714285714285715
xfeat_h,A,5.05,0.35714285714285715
xfeat_h,A,5.0600000000000005,0.35714285714285715
xfeat_h,A,5.07,0.35714285714285715
xfeat_h,A,5.08,0.35714285714285715
xfeat_h,A,5.09,0.35714285714285715
xfeat_h,A,5.1000000000000005,0.35714285714285715
xfeat_h,A,5.11,0.35714285714285715
xfeat_h,A,5.12,0.35714285714285715
xfeat_h,A,5.13,0.35714285714285715
xfeat_h,A,5.14,0.35714285714285715
xfeat_h,A,5.15,0.35714285714285715
xfeat_h,A,5.16,0.35714285714285715
xfeat_h,A,5.17,0.35714285714285715
xfeat_h,A,5.18,0.35714285714285715
xfeat_h,A,5.19,0.35714285714285715
xfeat_h,A,5.2,0.35714285714285715
xfeat_h,A,5.21,0.35714285714285715
xfeat_h,A,5.22,0.35714285714285715
xfeat_h,A,5.23,0.35714285714285715
xfeat_h,A,5.24,0.35714285714285715
xfeat_h,A,5.25,0.35714285714285715
xfeat_h,A,5.26,0.35714285714285715
xfeat_h,A,5.2700000000000005,0.35714285714285715
xfeat_h,A,5.28,0.35714285714285715
xfeat_h,A,5.29,0.35714285714285715
xfeat_h,A,5.3,0.35714285714285715
xfeat_h,A,5.3100000000000005,0.35714285714285715
xfeat_h,A,5.32,0.35714285714285715
xfeat_h,A,5.33,0.35714285714285715
xfeat_h,A,5.34,0.35714285714285715
xfeat_h,A,5.3500000000000005,0.35714285714285715
xfeat_h,A,5.36,0.35714285714285715
xfeat_h,A,5.37,0.35714285714285715
xfeat_h,A,5.38,0.35714285714285715
xfeat_h,A,5.39,0.35714285714285715
xfeat_h,A,5.4,0.35714285714285715
xfeat_h,A,5.41,0.35714285714285715
xfeat_h,A,5.42,0.35714285714285715
xfeat_h,A,5.43,0.35714285714285715
xfeat_h,A,5.44,0.35714285714285715
xfeat_h,A,5.45,0.35714285714285715
xfeat_h,A,5.46,0.35714285714285715
xfeat_h,A,5.47,0.35714285714285715
xfeat_h,A,5.48,0.35714285714285715
xfeat_h,A,5.49,0.35714285714285715
xfeat_h,A,5.5,0.35714285714285715
xfeat_h,A,5.51,0.35714285714285715
xfeat_h,A,5.5200000000000005,0.35714285714285715
xfeat_h,A,5.53,0.35714285714285715
xfeat_h,A,5.54,0.35714285714285715
xfeat_h,A,5.55,0.35714285714285715
xfeat_h,A,5.5600000000000005,0.35714285714285715
xfeat_h,A,5.57,0.35714285714285715
xfeat_h,A,5.58,0.35714285714285715
xfeat_h,A,5.59,0.35714285714285715
xfeat_h,A,5.6000000000000005,0.35714285714285715
xfeat_h,A,5.61,0.35714285714285715
xfeat_h,A,5.62,0.35714285714285715
xfeat_h,A,5.63,0.35714285714285715
xfeat_h,A,5.64,0.35714285714285715
xfeat_h,A,5.65,0.35714285714285715
xfeat_h,A,5.66,0.35714285714285715
xfeat_h,A,5.67,0.35714285714285715
xfeat_h,A,5.68,0.35714285714285715
xfeat_h,A,5.69,0.35714285714285715
xfeat_h,A,5.7,0.35714285714285715
xfeat_h,A,5.71,0.35714285714285715
xfeat_h,A,5.72,0.35714285714285715
xfeat_h,A,5.73,0.35714285714285715
xfeat_h,A,5.74,0.35714285714285715
xfeat_h,A,5.75,0.35714285714285715
xfeat_h,A,5.76,0.35714285714285715
xfeat_h,A,5.7700000000000005,0.35714285714285715
xfeat_h,A,5.78,0.35714285714285715
xfeat_h,A,5.79,0.35714285714285715
xfeat_h,A,5.8,0.35714285714285715
xfeat_h,A,5.8100000000000005,0.35714285714285715
xfeat_h,A,5.82,0.35714285714285715
xfeat_h,A,5.83,0.35714285714285715
xfeat_h,A,5.84,0.35714285714285715
xfeat_h,A,5.8500000000000005,0.35714285714285715
xfeat_h,A,5.86,0.35714285714285715
xfeat_h,A,5.87,0.35714285714285715
xfeat_h,A,5.88,0.35714285714285715
xfeat_h,A,5.89,0.35714285714285715
xfeat_h,A,5.9,0.35714285714285715
xfeat_h,A,5.91,0.35714285714285715
xfeat_h,A,5.92,0.35714285714285715
xfeat_h,A,5.93,0.35714285714285715
xfeat_h,A,5.94,0.35714285714285715
xfeat_h,A,5.95,0.35714285714285715
xfeat_h,A,5.96,0.35714285714285715
xfeat_h,A,5.97,0.35714285714285715
xfeat_h,A,5.98,0.35714285714285715
xfeat_h,A,5.99,0.35714285714285715
xfeat_h,A,6.0,0.35714285714285715
xfeat_h,A,6.01,0.35714285714285715
xfeat_h,A,6.0200000000000005,0.35714285714285715
xfeat_h,A,6.03,0.35714285714285715
xfeat_h,A,6.04,0.35714285714285715
xfeat_h,A,6.05,0.35714285714285715
xfeat_h,A,6.0600000000000005,0.35714285714285715
xfeat_h,A,6.07,0.35714285714285715
xfeat_h,A,6.08,0.35714285714285715
xfeat_h,A,6.09,0.35714285714285715
xfeat_h,A,6.1000000000000005,0.35714285714285715
xfeat_h,A,6.11,0.35714285714285715
xfeat_h,A,6.12,0.35714285714285715
xfeat_h,A,6.13,0.35714285714285715
xfeat_h,A,6.140000000000001,0.35714285714285715
xfeat_h,A,6.15,0.35714285714285715
xfeat_h,A,6.16,0.35714285714285715
xfeat_h,A,6.17,0.35714285714285715
xfeat_h,A,6.18,0.35714285714285715
xfeat_h,A,6.19,0.35714285714285715
xfeat_h,A,6.2,0.35714285714285715
xfeat_h,A,6.21,0.35714285714285715
xfeat_h,A,6.22,0.35714285714285715
xfeat_h,A,6.23,0.35714285714285715
xfeat_h,A,6.24,0.35714285714285715
xfeat_h,A,6.25,0.35714285714285715
xfeat_h,A,6.26,0.35714285714285715
xfeat_h,A,6.2700000000000005,0.35714285714285715
xfeat_h,A,6.28,0.35714285714285715
xfeat_h,A,6.29,0.35714285714285715
xfeat_h,A,6.3,0.35714285714285715
xfeat_h,A,6.3100000000000005,0.35714285714285715
xfeat_h,A,6.32,0.35714285714285715
xfeat_h,A,6.33,0.35714285714285715
xfeat_h,A,6.34,0.35714285714285715
xfeat_h,A,6.3500000000000005,0.35714285714285715
xfeat_h,A,6.36,0.35714285714285715
xfeat_h,A,6.37,0.35714285714285715
xfeat_h,A,6.38,0.35714285714285715
xfeat_h,A,6.390000000000001,0.35714285714285715
xfeat_h,A,6.4,0.35714285714285715
xfeat_h,A,6.41,0.35714285714285715
xfeat_h,A,6.42,0.35714285714285715
xfeat_h,A,6.43,0.35714285714285715
xfeat_h,A,6.44,0.35714285714285715
xfeat_h,A,6.45,0.35714285714285715
xfeat_h,A,6.46,0.35714285714285715
xfeat_h,A,6.47,0.35714285714285715
xfeat_h,A,6.48,0.35714285714285715
xfeat_h,A,6.49,0.35714285714285715
xfeat_h,A,6.5,0.35714285714285715
xfeat_h,A,6.51,0.35714285714285715
xfeat_h,A,6.5200000000000005,0.42857142857142855
xfeat_h,A,6.53,0.42857142857142855
xfeat_h,A,6.54,0.42857142857142855
xfeat_h,A,6.55,0.42857142857142855
xfeat_h,A,6.5600000000000005,0.5
xfeat_h,A,6.57,0.5
xfeat_h,A,6.58,0.5
xfeat_h,A,6.59,0.5
xfeat_h,A,6.6000000000000005,0.5
xfeat_h,A,6.61,0.5
xfeat_h,A,6.62,0.5
xfeat_h,A,6.63,0.5
xfeat_h,A,6.640000000000001,0.5
xfeat_h,A,6.65,0.5
xfeat_h,A,6.66,0.5
xfeat_h,A,6.67,0.5
xfeat_h,A,6.68,0.5
xfeat_h,A,6.69,0.5
xfeat_h,A,6.7,0.5
xfeat_h,A,6.71,0.5
xfeat_h,A,6.72,0.5
xfeat_h,A,6.73,0.5
xfeat_h,A,6.74,0.5
xfeat_h,A,6.75,0.5
xfeat_h,A,6.76,0.5
xfeat_h,A,6.7700000000000005,0.5
xfeat_h,A,6.78,0.5
xfeat_h,A,6.79,0.5
xfeat_h,A,6.8,0.5
xfeat_h,A,6.8100000000000005,0.5
xfeat_h,A,6.82,0.5
xfeat_h,A,6.83,0.5
xfeat_h,A,6.84,0.5
xfeat_h,A,6.8500000000000005,0.5
xfeat_h,A,6.86,0.5
xfeat_h,A,6.87,0.5
xfeat_h,A,6.88,0.5
xfeat_h,A,6.890000000000001,0.5714285714285714
xfeat_h,A,6.9,0.5714285714285714
xfeat_h,A,6.91,0.5714285714285714
xfeat_h,A,6.92,0.5714285714285714
xfeat_h,A,6.93,0.5714285714285714
xfeat_h,A,6.94,0.5714285714285714
xfeat_h,A,6.95,0.5714285714285714
xfeat_h,A,6.96,0.5714285714285714
xfeat_h,A,6.97,0.5714285714285714
xfeat_h,A,6.98,0.5714285714285714
xfeat_h,A,6.99,0.5714285714285714
xfeat_h,A,7.0,0.5714285714285714
xfeat_h,A,7.01,0.5714285714285714
xfeat_h,A,7.0200000000000005,0.5714285714285714
xfeat_h,A,7.03,0.5714285714285714
xfeat_h,A,7.04,0.5714285714285714
xfeat_h,A,7.05,0.5714285714285714
xfeat_h,A,7.0600000000000005,0.5714285714285714
xfeat_h,A,7.07,0.5714285714285714
xfeat_h,A,7.08,0.5714285714285714
xfeat_h,A,7.09,0.5714285714285714
xfeat_h,A,7.1000000000000005,0.5714285714285714
xfeat_h,A,7.11,0.5714285714285714
xfeat_h,A,7.12,0.5714285714285714
xfeat_h,A,7.13,0.5714285714285714
xfeat_h,A,7.140000000000001,0.5714285714285714
xfeat_h,A,7.15,0.5714285714285714
xfeat_h,A,7.16,0.5714285714285714
xfeat_h,A,7.17,0.5714285714285714
xfeat_h,A,7.18,0.5714285714285714
xfeat_h,A,7.19,0.5714285714285714
xfeat_h,A,7.2,0.5714285714285714
xfeat_h,A,7.21,0.5714285714285714
xfeat_h,A,7.22,0.5714285714285714
xfeat_h,A,7.23,0.6428571428571429
xfeat_h,A,7.24,0.6428571428571429
xfeat_h,A,7.25,0.6428571428571429
xfeat_h,A,7.26,0.6428571428571429
xfeat_h,A,7.2700000000000005,0.6428571428571429
xfeat_h,A,7.28,0.6428571428571429
xfeat_h,A,7.29,0.6428571428571429
xfeat_h,A,7.3,0.6428571428571429
xfeat_h,A,7.3100000000000005,0.6428571428571429
xfeat_h,A,7.32,0.6428571428571429
xfeat_h,A,7.33,0.6428571428571429
xfeat_h,A,7.34,0.6428571428571429
xfeat_h,A,7.3500000000000005,0.6428571428571429
xfeat_h,A,7.36,0.6428571428571429
xfeat_h,A,7.37,0.6428571428571429
xfeat_h,A,7.38,0.6428571428571429
xfeat_h,A,7.390000000000001,0.6428571428571429
xfeat_h,A,7.4,0.6428571428571429
xfeat_h,A,7.41,0.6428571428571429
xfeat_h,A,7.42,0.6428571428571429
xfeat_h,A,7.43,0.6428571428571429
xfeat_h,A,7.44,0.6428571428571429
xfeat_h,A,7.45,0.6428571428571429
xfeat_h,A,7.46,0.6428571428571429
xfeat_h,A,7.47,0.6428571428571429
xfeat_h,A,7.48,0.6428571428571429
xfeat_h,A,7.49,0.6428571428571429
xfeat_h,A,7.5,0.6428571428571429
xfeat_h,A,7.51,0.6428571428571429
xfeat_h,A,7.5200000000000005,0.6428571428571429
xfeat_h,A,7.53,0.6428571428571429
xfeat_h,A,7.54,0.6428571428571429
xfeat_h,A,7.55,0.6428571428571429
xfeat_h,A,7.5600000000000005,0.6428571428571429
xfeat_h,A,7.57,0.6428571428571429
xfeat_h,A,7.58,0.6428571428571429
xfeat_h,A,7.59,0.6428571428571429
xfeat_h,A,7.6000000000000005,0.6428571428571429
xfeat_h,A,7.61,0.6428571428571429
xfeat_h,A,7.62,0.6428571428571429
xfeat_h,A,7.63,0.6428571428571429
xfeat_h,A,7.640000000000001,0.6428571428571429
xfeat_h,A,7.65,0.6428571428571429
xfeat_h,A,7.66,0.6428571428571429
xfeat_h,A,7.67,0.6428571428571429
xfeat_h,A,7.68,0.6428571428571429
xfeat_h,A,7.69,0.6428571428571429
xfeat_h,A,7.7,0.6428571428571429
xfeat_h,A,7.71,0.6428571428571429
xfeat_h,A,7.72,0.6428571428571429
xfeat_h,A,7.73,0.6428571428571429
xfeat_h,A,7.74,0.6428571428571429
xfeat_h,A,7.75,0.6428571428571429
xfeat_h,A,7.76,0.6428571428571429
xfeat_h,A,7.7700000000000005,0.6428571428571429
xfeat_h,A,7.78,0.6428571428571429
xfeat_h,A,7.79,0.6428571428571429
xfeat_h,A,7.8,0.6428571428571429
xfeat_h,A,7.8100000000000005,0.6428571428571429
xfeat_h,A,7.82,0.6428571428571429
xfeat_h,A,7.83,0.6428571428571429
xfeat_h,A,7.84,0.6428571428571429
xfeat_h,A,7.8500000000000005,0.6428571428571429
xfeat_h,A,7.86,0.6428571428571429
xfeat_h,A,7.87,0.6428571428571429
xfeat_h,A,7.88,0.6428571428571429
xfeat_h,A,7.890000000000001,0.6428571428571429
xfeat_h,A,7.9,0.6428571428571429
xfeat_h,A,7.91,0.6428571428571429
xfeat_h,A,7.92,0.6428571428571429
xfeat_h,A,7.930000000000001,0.6428571428571429
xfeat_h,A,7.94,0.6428571428571429
xfeat_h,A,7.95,0.6428571428571429
xfeat_h,A,7.96,0.6428571428571429
xfeat_h,A,7.97,0.6428571428571429
xfeat_h,A,7.98,0.6428571428571429
xfeat_h,A,7.99,0.6428571428571429
xfeat_h,A,8.0,0.6428571428571429
xfeat_h,A,8.01,0.6428571428571429
xfeat_h,A,8.02,0.6428571428571429
xfeat_h,A,8.03,0.6428571428571429
xfeat_h,A,8.040000000000001,0.6428571428571429
xfeat_h,A,8.05,0.6428571428571429
xfeat_h,A,8.06,0.6428571428571429
xfeat_h,A,8.07,0.6428571428571429
xfeat_h,A,8.08,0.6428571428571429
xfeat_h,A,8.09,0.6428571428571429
xfeat_h,A,8.1,0.6428571428571429
xfeat_h,A,8.11,0.6428571428571429
xfeat_h,A,8.120000000000001,0.6428571428571429
xfeat_h,A,8.13,0.6428571428571429
xfeat_h,A,8.14,0.6428571428571429
xfeat_h,A,8.15,0.6428571428571429
xfeat_h,A,8.16,0.6428571428571429
xfeat_h,A,8.17,0.6428571428571429
xfeat_h,A,8.18,0.6428571428571429
xfeat_h,A,8.19,0.6428571428571429
xfeat_h,A,8.2,0.6428571428571429
xfeat_h,A,8.21,0.6428571428571429
xfeat_h,A,8.22,0.6428571428571429
xfeat_h,A,8.23,0.6428571428571429
xfeat_h,A,8.24,0.6428571428571429
xfeat_h,A,8.25,0.6428571428571429
xfeat_h,A,8.26,0.6428571428571429
xfeat_h,A,8.27,0.6428571428571429
xfeat_h,A,8.28,0.6428571428571429
xfeat_h,A,8.290000000000001,0.6428571428571429
xfeat_h,A,8.3,0.6428571428571429
xfeat_h,A,8.31,0.6428571428571429
xfeat_h,A,8.32,0.6428571428571429
xfeat_h,A,8.33,0.6428571428571429
xfeat_h,A,8.34,0.6428571428571429
xfeat_h,A,8.35,0.6428571428571429
xfeat_h,A,8.36,0.6428571428571429
xfeat_h,A,8.370000000000001,0.6428571428571429
xfeat_h,A,8.38,0.6428571428571429
xfeat_h,A,8.39,0.6428571428571429
xfeat_h,A,8.4,0.6428571428571429
xfeat_h,A,8.41,0.6428571428571429
xfeat_h,A,8.42,0.6428571428571429
xfeat_h,A,8.43,0.6428571428571429
xfeat_h,A,8.44,0.6428571428571429
xfeat_h,A,8.45,0.6428571428571429
xfeat_h,A,8.46,0.6428571428571429
xfeat_h,A,8.47,0.6428571428571429
xfeat_h,A,8.48,0.7142857142857143
xfeat_h,A,8.49,0.7142857142857143
xfeat_h,A,8.5,0.7142857142857143
xfeat_h,A,8.51,0.7142857142857143
xfeat_h,A,8.52,0.7142857142857143
xfeat_h,A,8.53,0.7142857142857143
xfeat_h,A,8.540000000000001,0.7142857142857143
xfeat_h,A,8.55,0.7142857142857143
xfeat_h,A,8.56,0.7142857142857143
xfeat_h,A,8.57,0.7142857142857143
xfeat_h,A,8.58,0.7142857142857143
xfeat_h,A,8.59,0.7142857142857143
xfeat_h,A,8.6,0.7142857142857143
xfeat_h,A,8.61,0.7142857142857143
xfeat_h,A,8.620000000000001,0.7142857142857143
xfeat_h,A,8.63,0.7142857142857143
xfeat_h,A,8.64,0.7142857142857143
xfeat_h,A,8.65,0.7142857142857143
xfeat_h,A,8.66,0.7142857142857143
xfeat_h,A,8.67,0.7142857142857143
xfeat_h,A,8.68,0.7142857142857143
xfeat_h,A,8.69,0.7142857142857143
xfeat_h,A,8.700000000000001,0.7142857142857143
xfeat_h,A,8.71,0.7142857142857143
xfeat_h,A,8.72,0.7142857142857143
xfeat_h,A,8.73,0.7142857142857143
xfeat_h,A,8.74,0.7142857142857143
xfeat_h,A,8.75,0.7142857142857143
xfeat_h,A,8.76,0.7142857142857143
xfeat_h,A,8.77,0.7142857142857143
xfeat_h,A,8.78,0.7142857142857143
xfeat_h,A,8.790000000000001,0.7142857142857143
xfeat_h,A,8.8,0.7142857142857143
xfeat_h,A,8.81,0.7142857142857143
xfeat_h,A,8.82,0.7142857142857143
xfeat_h,A,8.83,0.7142857142857143
xfeat_h,A,8.84,0.7142857142857143
xfeat_h,A,8.85,0.7142857142857143
xfeat_h,A,8.86,0.7142857142857143
xfeat_h,A,8.870000000000001,0.7142857142857143
xfeat_h,A,8.88,0.7142857142857143
xfeat_h,A,8.89,0.7142857142857143
xfeat_h,A,8.9,0.7142857142857143
xfeat_h,A,8.91,0.7142857142857143
xfeat_h,A,8.92,0.7142857142857143
xfeat_h,A,8.93,0.7142857142857143
xfeat_h,A,8.94,0.7142857142857143
xfeat_h,A,8.950000000000001,0.7142857142857143
xfeat_h,A,8.96,0.7142857142857143
xfeat_h,A,8.97,0.7142857142857143
xfeat_h,A,8.98,0.7142857142857143
xfeat_h,A,8.99,0.7142857142857143
xfeat_h,A,9.0,0.7142857142857143
xfeat_h,A,9.01,0.7142857142857143
xfeat_h,A,9.02,0.7142857142857143
xfeat_h,A,9.03,0.7142857142857143
xfeat_h,A,9.040000000000001,0.7142857142857143
xfeat_h,A,9.05,0.7142857142857143
xfeat_h,A,9.06,0.7142857142857143
xfeat_h,A,9.07,0.7142857142857143
xfeat_h,A,9.08,0.7142857142857143
xfeat_h,A,9.09,0.7142857142857143
xfeat_h,A,9.1,0.7142857142857143
xfeat_h,A,9.11,0.7142857142857143
xfeat_h,A,9.120000000000001,0.7142857142857143
xfeat_h,A,9.13,0.7142857142857143
xfeat_h,A,9.14,0.7142857142857143
xfeat_h,A,9.15,0.7142857142857143
xfeat_h,A,9.16,0.7142857142857143
xfeat_h,A,9.17,0.7142857142857143
xfeat_h,A,9.18,0.7142857142857143
xfeat_h,A,9.19,0.7142857142857143
xfeat_h,A,9.200000000000001,0.7142857142857143
xfeat_h,A,9.21,0.7142857142857143
xfeat_h,A,9.22,0.7142857142857143
xfeat_h,A,9.23,0.7142857142857143
xfeat_h,A,9.24,0.7142857142857143
xfeat_h,A,9.25,0.7142857142857143
xfeat_h,A,9.26,0.7142857142857143
xfeat_h,A,9.27,0.7142857142857143
xfeat_h,A,9.28,0.7142857142857143
xfeat_h,A,9.290000000000001,0.7142857142857143
xfeat_h,A,9.3,0.7142857142857143
xfeat_h,A,9.31,0.7142857142857143
xfeat_h,A,9.32,0.7142857142857143
xfeat_h,A,9.33,0.7142857142857143
xfeat_h,A,9.34,0.7142857142857143
xfeat_h,A,9.35,0.7142857142857143
xfeat_h,A,9.36,0.7142857142857143
xfeat_h,A,9.370000000000001,0.7142857142857143
xfeat_h,A,9.38,0.7142857142857143
xfeat_h,A,9.39,0.7142857142857143
xfeat_h,A,9.4,0.7142857142857143
xfeat_h,A,9.41,0.7142857142857143
xfeat_h,A,9.42,0.7142857142857143
xfeat_h,A,9.43,0.7142857142857143
xfeat_h,A,9.44,0.7142857142857143
xfeat_h,A,9.450000000000001,0.7142857142857143
xfeat_h,A,9.46,0.7142857142857143
xfeat_h,A,9.47,0.7142857142857143
xfeat_h,A,9.48,0.7142857142857143
xfeat_h,A,9.49,0.7142857142857143
xfeat_h,A,9.5,0.7142857142857143
xfeat_h,A,9.51,0.7142857142857143
xfeat_h,A,9.52,0.7142857142857143
xfeat_h,A,9.53,0.7142857142857143
xfeat_h,A,9.540000000000001,0.7142857142857143
xfeat_h,A,9.55,0.7142857142857143
xfeat_h,A,9.56,0.7142857142857143
xfeat_h,A,9.57,0.7142857142857143
xfeat_h,A,9.58,0.7142857142857143
xfeat_h,A,9.59,0.7142857142857143
xfeat_h,A,9.6,0.7142857142857143
xfeat_h,A,9.61,0.7142857142857143
xfeat_h,A,9.620000000000001,0.7142857142857143
xfeat_h,A,9.63,0.7142857142857143
xfeat_h,A,9.64,0.7142857142857143
xfeat_h,A,9.65,0.7142857142857143
xfeat_h,A,9.66,0.7857142857142857
xfeat_h,A,9.67,0.7857142857142857
xfeat_h,A,9.68,0.7857142857142857
xfeat_h,A,9.69,0.7857142857142857
xfeat_h,A,9.700000000000001,0.7857142857142857
xfeat_h,A,9.71,0.7857142857142857
xfeat_h,A,9.72,0.7857142857142857
xfeat_h,A,9.73,0.7857142857142857
xfeat_h,A,9.74,0.7857142857142857
xfeat_h,A,9.75,0.7857142857142857
xfeat_h,A,9.76,0.7857142857142857
xfeat_h,A,9.77,0.7857142857142857
xfeat_h,A,9.78,0.7857142857142857
xfeat_h,A,9.790000000000001,0.7857142857142857
xfeat_h,A,9.8,0.7857142857142857
xfeat_h,A,9.81,0.7857142857142857
xfeat_h,A,9.82,0.7857142857142857
xfeat_h,A,9.83,0.7857142857142857
xfeat_h,A,9.84,0.7857142857142857
xfeat_h,A,9.85,0.7857142857142857
xfeat_h,A,9.86,0.7857142857142857
xfeat_h,A,9.870000000000001,0.7857142857142857
xfeat_h,A,9.88,0.7857142857142857
xfeat_h,A,9.89,0.7857142857142857
xfeat_h,A,9.9,0.7857142857142857
xfeat_h,A,9.91,0.7857142857142857
xfeat_h,A,9.92,0.7857142857142857
xfeat_h,A,9.93,0.7857142857142857
xfeat_h,A,9.94,0.7857142857142857
xfeat_h,A,9.950000000000001,0.7857142857142857
xfeat_h,A,9.96,0.7857142857142857
xfeat_h,A,9.97,0.7857142857142857
xfeat_h,A,9.98,0.7857142857142857
xfeat_h,A,9.99,0.7857142857142857
xfeat_h,A,10.0,0.7857142857142857
xfeat_h,A,10.01,0.7857142857142857
xfeat_h,A,10.02,0.7857142857142857
xfeat_h,A,10.03,0.7857142857142857
xfeat_h,A,10.040000000000001,0.7857142857142857
xfeat_h,A,10.05,0.7857142857142857
xfeat_h,A,10.06,0.7857142857142857
xfeat_h,A,10.07,0.7857142857142857
xfeat_h,A,10.08,0.7857142857142857
xfeat_h,A,10.09,0.7857142857142857
xfeat_h,A,10.1,0.7857142857142857
xfeat_h,A,10.11,0.7857142857142857
xfeat_h,A,10.120000000000001,0.7857142857142857
xfeat_h,A,10.13,0.7857142857142857
xfeat_h,A,10.14,0.7857142857142857
xfeat_h,A,10.15,0.7857142857142857
xfeat_h,A,10.16,0.7857142857142857
xfeat_h,A,10.17,0.7857142857142857
xfeat_h,A,10.18,0.7857142857142857
xfeat_h,A,10.19,0.7857142857142857
xfeat_h,A,10.200000000000001,0.7857142857142857
xfeat_h,A,10.21,0.7857142857142857
xfeat_h,A,10.22,0.7857142857142857
xfeat_h,A,10.23,0.7857142857142857
xfeat_h,A,10.24,0.7857142857142857
xfeat_h,A,10.25,0.7857142857142857
xfeat_h,A,10.26,0.7857142857142857
xfeat_h,A,10.27,0.7857142857142857
xfeat_h,A,10.28,0.7857142857142857
xfeat_h,A,10.290000000000001,0.7857142857142857
xfeat_h,A,10.3,0.7857142857142857
xfeat_h,A,10.31,0.7857142857142857
xfeat_h,A,10.32,0.7857142857142857
xfeat_h,A,10.33,0.7857142857142857
xfeat_h,A,10.34,0.7857142857142857
xfeat_h,A,10.35,0.7857142857142857
xfeat_h,A,10.36,0.7857142857142857
xfeat_h,A,10.370000000000001,0.7857142857142857
xfeat_h,A,10.38,0.7857142857142857
xfeat_h,A,10.39,0.7857142857142857
xfeat_h,A,10.4,0.7857142857142857
xfeat_h,A,10.41,0.7857142857142857
xfeat_h,A,10.42,0.7857142857142857
xfeat_h,A,10.43,0.7857142857142857
xfeat_h,A,10.44,0.7857142857142857
xfeat_h,A,10.450000000000001,0.7857142857142857
xfeat_h,A,10.46,0.7857142857142857
xfeat_h,A,10.47,0.7857142857142857
xfeat_h,A,10.48,0.7857142857142857
xfeat_h,A,10.49,0.7857142857142857
xfeat_h,A,10.5,0.7857142857142857
xfeat_h,A,10.51,0.7857142857142857
xfeat_h,A,10.52,0.7857142857142857
xfeat_h,A,10.53,0.7857142857142857
xfeat_h,A,10.540000000000001,0.7857142857142857
xfeat_h,A,10.55,0.7857142857142857
xfeat_h,A,10.56,0.7857142857142857
xfeat_h,A,10.57,0.7857142857142857
xfeat_h,A,10.58,0.7857142857142857
xfeat_h,A,10.59,0.7857142857142857
xfeat_h,A,10.6,0.7857142857142857
xfeat_h,A,10.61,0.7857142857142857
xfeat_h,A,10.620000000000001,0.7857142857142857
xfeat_h,A,10.63,0.7857142857142857
xfeat_h,A,10.64,0.7857142857142857
xfeat_h,A,10.65,0.7857142857142857
xfeat_h,A,10.66,0.7857142857142857
xfeat_h,A,10.67,0.7857142857142857
xfeat_h,A,10.68,0.7857142857142857
xfeat_h,A,10.69,0.7857142857142857
xfeat_h,A,10.700000000000001,0.7857142857142857
xfeat_h,A,10.71,0.7857142857142857
xfeat_h,A,10.72,0.7857142857142857
xfeat_h,A,10.73,0.7857142857142857
xfeat_h,A,10.74,0.7857142857142857
xfeat_h,A,10.75,0.7857142857142857
xfeat_h,A,10.76,0.7857142857142857
xfeat_h,A,10.77,0.7857142857142857
xfeat_h,A,10.78,0.7857142857142857
xfeat_h,A,10.790000000000001,0.7857142857142857
xfeat_h,A,10.8,0.7857142857142857
xfeat_h,A,10.81,0.7857142857142857
xfeat_h,A,10.82,0.7857142857142857
xfeat_h,A,10.83,0.7857142857142857
xfeat_h,A,10.84,0.7857142857142857
xfeat_h,A,10.85,0.7857142857142857
xfeat_h,A,10.86,0.7857142857142857
xfeat_h,A,10.870000000000001,0.7857142857142857
xfeat_h,A,10.88,0.7857142857142857
xfeat_h,A,10.89,0.7857142857142857
xfeat_h,A,10.9,0.7857142857142857
xfeat_h,A,10.91,0.7857142857142857
xfeat_h,A,10.92,0.7857142857142857
xfeat_h,A,10.93,0.7857142857142857
xfeat_h,A,10.94,0.7857142857142857
xfeat_h,A,10.950000000000001,0.7857142857142857
xfeat_h,A,10.96,0.7857142857142857
xfeat_h,A,10.97,0.7857142857142857
xfeat_h,A,10.98,0.7857142857142857
xfeat_h,A,10.99,0.7857142857142857
xfeat_h,A,11.0,0.7857142857142857
xfeat_h,A,11.01,0.7857142857142857
xfeat_h,A,11.02,0.7857142857142857
xfeat_h,A,11.03,0.7857142857142857
xfeat_h,A,11.040000000000001,0.7857142857142857
xfeat_h,A,11.05,0.7857142857142857
xfeat_h,A,11.06,0.7857142857142857
xfeat_h,A,11.07,0.7857142857142857
xfeat_h,A,11.08,0.7857142857142857
xfeat_h,A,11.09,0.7857142857142857
xfeat_h,A,11.1,0.7857142857142857
xfeat_h,A,11.11,0.7857142857142857
xfeat_h,A,11.120000000000001,0.7857142857142857
xfeat_h,A,11.13,0.7857142857142857
xfeat_h,A,11.14,0.7857142857142857
xfeat_h,A,11.15,0.7857142857142857
xfeat_h,A,11.16,0.7857142857142857
xfeat_h,A,11.17,0.7857142857142857
xfeat_h,A,11.18,0.7857142857142857
xfeat_h,A,11.19,0.7857142857142857
xfeat_h,A,11.200000000000001,0.7857142857142857
xfeat_h,A,11.21,0.7857142857142857
xfeat_h,A,11.22,0.7857142857142857
xfeat_h,A,11.23,0.7857142857142857
xfeat_h,A,11.24,0.7857142857142857
xfeat_h,A,11.25,0.7857142857142857
xfeat_h,A,11.26,0.7857142857142857
xfeat_h,A,11.27,0.7857142857142857
xfeat_h,A,11.28,0.7857142857142857
xfeat_h,A,11.290000000000001,0.7857142857142857
xfeat_h,A,11.3,0.7857142857142857
xfeat_h,A,11.31,0.7857142857142857
xfeat_h,A,11.32,0.7857142857142857
xfeat_h,A,11.33,0.7857142857142857
xfeat_h,A,11.34,0.7857142857142857
xfeat_h,A,11.35,0.7857142857142857
xfeat_h,A,11.36,0.7857142857142857
xfeat_h,A,11.370000000000001,0.7857142857142857
xfeat_h,A,11.38,0.7857142857142857
xfeat_h,A,11.39,0.7857142857142857
xfeat_h,A,11.4,0.7857142857142857
xfeat_h,A,11.41,0.7857142857142857
xfeat_h,A,11.42,0.7857142857142857
xfeat_h,A,11.43,0.7857142857142857
xfeat_h,A,11.44,0.7857142857142857
xfeat_h,A,11.450000000000001,0.7857142857142857
xfeat_h,A,11.46,0.7857142857142857
xfeat_h,A,11.47,0.7857142857142857
xfeat_h,A,11.48,0.7857142857142857
xfeat_h,A,11.49,0.7857142857142857
xfeat_h,A,11.5,0.7857142857142857
xfeat_h,A,11.51,0.7857142857142857
xfeat_h,A,11.52,0.7857142857142857
xfeat_h,A,11.53,0.7857142857142857
xfeat_h,A,11.540000000000001,0.7857142857142857
xfeat_h,A,11.55,0.7857142857142857
xfeat_h,A,11.56,0.7857142857142857
xfeat_h,A,11.57,0.7857142857142857
xfeat_h,A,11.58,0.7857142857142857
xfeat_h,A,11.59,0.7857142857142857
xfeat_h,A,11.6,0.7857142857142857
xfeat_h,A,11.61,0.7857142857142857
xfeat_h,A,11.620000000000001,0.7857142857142857
xfeat_h,A,11.63,0.7857142857142857
xfeat_h,A,11.64,0.7857142857142857
xfeat_h,A,11.65,0.7857142857142857
xfeat_h,A,11.66,0.7857142857142857
xfeat_h,A,11.67,0.7857142857142857
xfeat_h,A,11.68,0.7857142857142857
xfeat_h,A,11.69,0.7857142857142857
xfeat_h,A,11.700000000000001,0.7857142857142857
xfeat_h,A,11.71,0.7857142857142857
xfeat_h,A,11.72,0.7857142857142857
xfeat_h,A,11.73,0.7857142857142857
xfeat_h,A,11.74,0.7857142857142857
xfeat_h,A,11.75,0.7857142857142857
xfeat_h,A,11.76,0.7857142857142857
xfeat_h,A,11.77,0.7857142857142857
xfeat_h,A,11.78,0.7857142857142857
xfeat_h,A,11.790000000000001,0.7857142857142857
xfeat_h,A,11.8,0.7857142857142857
xfeat_h,A,11.81,0.7857142857142857
xfeat_h,A,11.82,0.7857142857142857
xfeat_h,A,11.83,0.7857142857142857
xfeat_h,A,11.84,0.7857142857142857
xfeat_h,A,11.85,0.7857142857142857
xfeat_h,A,11.86,0.7857142857142857
xfeat_h,A,11.870000000000001,0.7857142857142857
xfeat_h,A,11.88,0.7857142857142857
xfeat_h,A,11.89,0.7857142857142857
xfeat_h,A,11.9,0.7857142857142857
xfeat_h,A,11.91,0.7857142857142857
xfeat_h,A,11.92,0.7857142857142857
xfeat_h,A,11.93,0.7857142857142857
xfeat_h,A,11.94,0.7857142857142857
xfeat_h,A,11.950000000000001,0.7857142857142857
xfeat_h,A,11.96,0.7857142857142857
xfeat_h,A,11.97,0.7857142857142857
xfeat_h,A,11.98,0.7857142857142857
xfeat_h,A,11.99,0.7857142857142857
xfeat_h,A,12.0,0.7857142857142857
xfeat_h,A,12.01,0.7857142857142857
xfeat_h,A,12.02,0.7857142857142857
xfeat_h,A,12.030000000000001,0.7857142857142857
xfeat_h,A,12.040000000000001,0.7857142857142857
xfeat_h,A,12.05,0.7857142857142857
xfeat_h,A,12.06,0.7857142857142857
xfeat_h,A,12.07,0.7857142857142857
xfeat_h,A,12.08,0.7857142857142857
xfeat_h,A,12.09,0.7857142857142857
xfeat_h,A,12.1,0.7857142857142857
xfeat_h,A,12.11,0.7857142857142857
xfeat_h,A,12.120000000000001,0.7857142857142857
xfeat_h,A,12.13,0.7857142857142857
xfeat_h,A,12.14,0.7857142857142857
xfeat_h,A,12.15,0.7857142857142857
xfeat_h,A,12.16,0.7857142857142857
xfeat_h,A,12.17,0.7857142857142857
xfeat_h,A,12.18,0.7857142857142857
xfeat_h,A,12.19,0.7857142857142857
xfeat_h,A,12.200000000000001,0.7857142857142857
xfeat_h,A,12.21,0.7857142857142857
xfeat_h,A,12.22,0.7857142857142857
xfeat_h,A,12.23,0.7857142857142857
xfeat_h,A,12.24,0.7857142857142857
xfeat_h,A,12.25,0.7857142857142857
xfeat_h,A,12.26,0.7857142857142857
xfeat_h,A,12.27,0.7857142857142857
xfeat_h,A,12.280000000000001,0.7857142857142857
xfeat_h,A,12.290000000000001,0.7857142857142857
xfeat_h,A,12.3,0.7857142857142857
xfeat_h,A,12.31,0.7857142857142857
xfeat_h,A,12.32,0.7857142857142857
xfeat_h,A,12.33,0.7857142857142857
xfeat_h,A,12.34,0.7857142857142857
xfeat_h,A,12.35,0.7857142857142857
xfeat_h,A,12.36,0.7857142857142857
xfeat_h,A,12.370000000000001,0.7857142857142857
xfeat_h,A,12.38,0.7857142857142857
xfeat_h,A,12.39,0.7857142857142857
xfeat_h,A,12.4,0.7857142857142857
xfeat_h,A,12.41,0.7857142857142857
xfeat_h,A,12.42,0.7857142857142857
xfeat_h,A,12.43,0.7857142857142857
xfeat_h,A,12.44,0.7857142857142857
xfeat_h,A,12.450000000000001,0.7857142857142857
xfeat_h,A,12.46,0.7857142857142857
xfeat_h,A,12.47,0.7857142857142857
xfeat_h,A,12.48,0.7857142857142857
xfeat_h,A,12.49,0.7857142857142857
xfeat_h,A,12.5,0.7857142857142857
xfeat_h,A,12.51,0.7857142857142857
xfeat_h,A,12.52,0.7857142857142857
xfeat_h,A,12.530000000000001,0.7857142857142857
xfeat_h,A,12.540000000000001,0.7857142857142857
xfeat_h,A,12.55,0.7857142857142857
xfeat_h,A,12.56,0.7857142857142857
xfeat_h,A,12.57,0.7857142857142857
xfeat_h,A,12.58,0.7857142857142857
xfeat_h,A,12.59,0.7857142857142857
xfeat_h,A,12.6,0.7857142857142857
xfeat_h,A,12.61,0.7857142857142857
xfeat_h,A,12.620000000000001,0.7857142857142857
xfeat_h,A,12.63,0.7857142857142857
xfeat_h,A,12.64,0.7857142857142857
xfeat_h,A,12.65,0.7857142857142857
xfeat_h,A,12.66,0.7857142857142857
xfeat_h,A,12.67,0.7857142857142857
xfeat_h,A,12.68,0.7857142857142857
xfeat_h,A,12.69,0.8571428571428571
xfeat_h,A,12.700000000000001,0.8571428571428571
xfeat_h,A,12.71,0.8571428571428571
xfeat_h,A,12.72,0.8571428571428571
xfeat_h,A,12.73,0.8571428571428571
xfeat_h,A,12.74,0.8571428571428571
xfeat_h,A,12.75,0.8571428571428571
xfeat_h,A,12.76,0.8571428571428571
xfeat_h,A,12.77,0.8571428571428571
xfeat_h,A,12.780000000000001,0.8571428571428571
xfeat_h,A,12.790000000000001,0.8571428571428571
xfeat_h,A,12.8,0.8571428571428571
xfeat_h,A,12.81,0.8571428571428571
xfeat_h,A,12.82,0.8571428571428571
xfeat_h,A,12.83,0.8571428571428571
xfeat_h,A,12.84,0.8571428571428571
xfeat_h,A,12.85,0.9285714285714286
xfeat_h,A,12.86,0.9285714285714286
xfeat_h,A,12.870000000000001,0.9285714285714286
xfeat_h,A,12.88,0.9285714285714286
xfeat_h,A,12.89,0.9285714285714286
xfeat_h,A,12.9,0.9285714285714286
xfeat_h,A,12.91,0.9285714285714286
xfeat_h,A,12.92,0.9285714285714286
xfeat_h,A,12.93,0.9285714285714286
xfeat_h,A,12.94,0.9285714285714286
xfeat_h,A,12.950000000000001,0.9285714285714286
xfeat_h,A,12.96,0.9285714285714286
xfeat_h,A,12.97,0.9285714285714286
xfeat_h,A,12.98,0.9285714285714286
xfeat_h,A,12.99,0.9285714285714286
xfeat_h,A,13.0,0.9285714285714286
xfeat_h,A,13.01,0.9285714285714286
xfeat_h,A,13.02,0.9285714285714286
xfeat_h,A,13.030000000000001,0.9285714285714286
xfeat_h,A,13.040000000000001,0.9285714285714286
xfeat_h,A,13.05,0.9285714285714286
xfeat_h,A,13.06,0.9285714285714286
xfeat_h,A,13.07,0.9285714285714286
xfeat_h,A,13.08,0.9285714285714286
xfeat_h,A,13.09,0.9285714285714286
xfeat_h,A,13.1,0.9285714285714286
xfeat_h,A,13.11,0.9285714285714286
xfeat_h,A,13.120000000000001,0.9285714285714286
xfeat_h,A,13.13,0.9285714285714286
xfeat_h,A,13.14,0.9285714285714286
xfeat_h,A,13.15,0.9285714285714286
xfeat_h,A,13.16,0.9285714285714286
xfeat_h,A,13.17,0.9285714285714286
xfeat_h,A,13.18,0.9285714285714286
xfeat_h,A,13.19,0.9285714285714286
xfeat_h,A,13.200000000000001,0.9285714285714286
xfeat_h,A,13.21,0.9285714285714286
xfeat_h,A,13.22,0.9285714285714286
xfeat_h,A,13.23,0.9285714285714286
xfeat_h,A,13.24,0.9285714285714286
xfeat_h,A,13.25,0.9285714285714286
xfeat_h,A,13.26,0.9285714285714286
xfeat_h,A,13.27,0.9285714285714286
xfeat_h,A,13.280000000000001,0.9285714285714286
xfeat_h,A,13.290000000000001,0.9285714285714286
xfeat_h,A,13.3,0.9285714285714286
xfeat_h,A,13.31,0.9285714285714286
xfeat_h,A,13.32,0.9285714285714286
xfeat_h,A,13.33,0.9285714285714286
xfeat_h,A,13.34,0.9285714285714286
xfeat_h,A,13.35,0.9285714285714286
xfeat_h,A,13.36,0.9285714285714286
xfeat_h,A,13.370000000000001,0.9285714285714286
xfeat_h,A,13.38,0.9285714285714286
xfeat_h,A,13.39,0.9285714285714286
xfeat_h,A,13.4,0.9285714285714286
xfeat_h,A,13.41,0.9285714285714286
xfeat_h,A,13.42,0.9285714285714286
xfeat_h,A,13.43,0.9285714285714286
xfeat_h,A,13.44,0.9285714285714286
xfeat_h,A,13.450000000000001,0.9285714285714286
xfeat_h,A,13.46,0.9285714285714286
xfeat_h,A,13.47,0.9285714285714286
xfeat_h,A,13.48,0.9285714285714286
xfeat_h,A,13.49,0.9285714285714286
xfeat_h,A,13.5,0.9285714285714286
xfeat_h,A,13.51,0.9285714285714286
xfeat_h,A,13.52,0.9285714285714286
xfeat_h,A,13.530000000000001,0.9285714285714286
xfeat_h,A,13.540000000000001,0.9285714285714286
xfeat_h,A,13.55,0.9285714285714286
xfeat_h,A,13.56,0.9285714285714286
xfeat_h,A,13.57,0.9285714285714286
xfeat_h,A,13.58,0.9285714285714286
xfeat_h,A,13.59,0.9285714285714286
xfeat_h,A,13.6,0.9285714285714286
xfeat_h,A,13.61,0.9285714285714286
xfeat_h,A,13.620000000000001,0.9285714285714286
xfeat_h,A,13.63,0.9285714285714286
xfeat_h,A,13.64,0.9285714285714286
xfeat_h,A,13.65,0.9285714285714286
xfeat_h,A,13.66,0.9285714285714286
xfeat_h,A,13.67,0.9285714285714286
xfeat_h,A,13.68,0.9285714285714286
xfeat_h,A,13.69,0.9285714285714286
xfeat_h,A,13.700000000000001,0.9285714285714286
xfeat_h,A,13.71,0.9285714285714286
xfeat_h,A,13.72,0.9285714285714286
xfeat_h,A,13.73,0.9285714285714286
xfeat_h,A,13.74,0.9285714285714286
xfeat_h,A,13.75,0.9285714285714286
xfeat_h,A,13.76,0.9285714285714286
xfeat_h,A,13.77,0.9285714285714286
xfeat_h,A,13.780000000000001,0.9285714285714286
xfeat_h,A,13.790000000000001,0.9285714285714286
xfeat_h,A,13.8,0.9285714285714286
xfeat_h,A,13.81,0.9285714285714286
xfeat_h,A,13.82,0.9285714285714286
xfeat_h,A,13.83,0.9285714285714286
xfeat_h,A,13.84,0.9285714285714286
xfeat_h,A,13.85,0.9285714285714286
xfeat_h,A,13.86,0.9285714285714286
xfeat_h,A,13.870000000000001,0.9285714285714286
xfeat_h,A,13.88,0.9285714285714286
xfeat_h,A,13.89,0.9285714285714286
xfeat_h,A,13.9,0.9285714285714286
xfeat_h,A,13.91,0.9285714285714286
xfeat_h,A,13.92,0.9285714285714286
xfeat_h,A,13.93,0.9285714285714286
xfeat_h,A,13.94,0.9285714285714286
xfeat_h,A,13.950000000000001,0.9285714285714286
xfeat_h,A,13.96,0.9285714285714286
xfeat_h,A,13.97,0.9285714285714286
xfeat_h,A,13.98,0.9285714285714286
xfeat_h,A,13.99,0.9285714285714286
xfeat_h,A,14.0,0.9285714285714286
xfeat_h,A,14.01,0.9285714285714286
xfeat_h,A,14.02,0.9285714285714286
xfeat_h,A,14.030000000000001,0.9285714285714286
xfeat_h,A,14.040000000000001,0.9285714285714286
xfeat_h,A,14.05,0.9285714285714286
xfeat_h,A,14.06,0.9285714285714286
xfeat_h,A,14.07,0.9285714285714286
xfeat_h,A,14.08,0.9285714285714286
xfeat_h,A,14.09,0.9285714285714286
xfeat_h,A,14.1,0.9285714285714286
xfeat_h,A,14.11,0.9285714285714286
xfeat_h,A,14.120000000000001,0.9285714285714286
xfeat_h,A,14.13,0.9285714285714286
xfeat_h,A,14.14,0.9285714285714286
xfeat_h,A,14.15,0.9285714285714286
xfeat_h,A,14.16,0.9285714285714286
xfeat_h,A,14.17,0.9285714285714286
xfeat_h,A,14.18,0.9285714285714286
xfeat_h,A,14.19,0.9285714285714286
xfeat_h,A,14.200000000000001,0.9285714285714286
xfeat_h,A,14.21,0.9285714285714286
xfeat_h,A,14.22,0.9285714285714286
xfeat_h,A,14.23,0.9285714285714286
xfeat_h,A,14.24,0.9285714285714286
xfeat_h,A,14.25,0.9285714285714286
xfeat_h,A,14.26,0.9285714285714286
xfeat_h,A,14.27,0.9285714285714286
xfeat_h,A,14.280000000000001,0.9285714285714286
xfeat_h,A,14.290000000000001,0.9285714285714286
xfeat_h,A,14.3,0.9285714285714286
xfeat_h,A,14.31,0.9285714285714286
xfeat_h,A,14.32,0.9285714285714286
xfeat_h,A,14.33,0.9285714285714286
xfeat_h,A,14.34,0.9285714285714286
xfeat_h,A,14.35,0.9285714285714286
xfeat_h,A,14.36,0.9285714285714286
xfeat_h,A,14.370000000000001,0.9285714285714286
xfeat_h,A,14.38,0.9285714285714286
xfeat_h,A,14.39,0.9285714285714286
xfeat_h,A,14.4,0.9285714285714286
xfeat_h,A,14.41,0.9285714285714286
xfeat_h,A,14.42,0.9285714285714286
xfeat_h,A,14.43,0.9285714285714286
xfeat_h,A,14.44,0.9285714285714286
xfeat_h,A,14.450000000000001,0.9285714285714286
xfeat_h,A,14.46,0.9285714285714286
xfeat_h,A,14.47,0.9285714285714286
xfeat_h,A,14.48,0.9285714285714286
xfeat_h,A,14.49,0.9285714285714286
xfeat_h,A,14.5,0.9285714285714286
xfeat_h,A,14.51,0.9285714285714286
xfeat_h,A,14.52,0.9285714285714286
xfeat_h,A,14.530000000000001,0.9285714285714286
xfeat_h,A,14.540000000000001,0.9285714285714286
xfeat_h,A,14.55,0.9285714285714286
xfeat_h,A,14.56,0.9285714285714286
xfeat_h,A,14.57,0.9285714285714286
xfeat_h,A,14.58,0.9285714285714286
xfeat_h,A,14.59,0.9285714285714286
xfeat_h,A,14.6,0.9285714285714286
xfeat_h,A,14.61,0.9285714285714286
xfeat_h,A,14.620000000000001,0.9285714285714286
xfeat_h,A,14.63,0.9285714285714286
xfeat_h,A,14.64,0.9285714285714286
xfeat_h,A,14.65,0.9285714285714286
xfeat_h,A,14.66,0.9285714285714286
xfeat_h,A,14.67,0.9285714285714286
xfeat_h,A,14.68,0.9285714285714286
xfeat_h,A,14.69,0.9285714285714286
xfeat_h,A,14.700000000000001,0.9285714285714286
xfeat_h,A,14.71,0.9285714285714286
xfeat_h,A,14.72,0.9285714285714286
xfeat_h,A,14.73,0.9285714285714286
xfeat_h,A,14.74,0.9285714285714286
xfeat_h,A,14.75,0.9285714285714286
xfeat_h,A,14.76,0.9285714285714286
xfeat_h,A,14.77,0.9285714285714286
xfeat_h,A,14.780000000000001,0.9285714285714286
xfeat_h,A,14.790000000000001,0.9285714285714286
xfeat_h,A,14.8,0.9285714285714286
xfeat_h,A,14.81,0.9285714285714286
xfeat_h,A,14.82,0.9285714285714286
xfeat_h,A,14.83,0.9285714285714286
xfeat_h,A,14.84,0.9285714285714286
xfeat_h,A,14.85,0.9285714285714286
xfeat_h,A,14.86,0.9285714285714286
xfeat_h,A,14.870000000000001,0.9285714285714286
xfeat_h,A,14.88,0.9285714285714286
xfeat_h,A,14.89,0.9285714285714286
xfeat_h,A,14.9,0.9285714285714286
xfeat_h,A,14.91,0.9285714285714286
xfeat_h,A,14.92,0.9285714285714286
xfeat_h,A,14.93,0.9285714285714286
xfeat_h,A,14.94,0.9285714285714286
xfeat_h,A,14.950000000000001,0.9285714285714286
xfeat_h,A,14.96,0.9285714285714286
xfeat_h,A,14.97,0.9285714285714286
xfeat_h,A,14.98,0.9285714285714286
xfeat_h,A,14.99,0.9285714285714286
xfeat_h,A,15.0,0.9285714285714286
xfeat_h,A,15.01,0.9285714285714286
xfeat_h,A,15.02,0.9285714285714286
xfeat_h,A,15.030000000000001,0.9285714285714286
xfeat_h,A,15.040000000000001,0.9285714285714286
xfeat_h,A,15.05,0.9285714285714286
xfeat_h,A,15.06,0.9285714285714286
xfeat_h,A,15.07,0.9285714285714286
xfeat_h,A,15.08,0.9285714285714286
xfeat_h,A,15.09,0.9285714285714286
xfeat_h,A,15.1,0.9285714285714286
xfeat_h,A,15.11,0.9285714285714286
xfeat_h,A,15.120000000000001,0.9285714285714286
xfeat_h,A,15.13,0.9285714285714286
xfeat_h,A,15.14,0.9285714285714286
xfeat_h,A,15.15,0.9285714285714286
xfeat_h,A,15.16,0.9285714285714286
xfeat_h,A,15.17,0.9285714285714286
xfeat_h,A,15.18,0.9285714285714286
xfeat_h,A,15.19,0.9285714285714286
xfeat_h,A,15.200000000000001,0.9285714285714286
xfeat_h,A,15.21,0.9285714285714286
xfeat_h,A,15.22,0.9285714285714286
xfeat_h,A,15.23,0.9285714285714286
xfeat_h,A,15.24,0.9285714285714286
xfeat_h,A,15.25,0.9285714285714286
xfeat_h,A,15.26,0.9285714285714286
xfeat_h,A,15.27,0.9285714285714286
xfeat_h,A,15.280000000000001,0.9285714285714286
xfeat_h,A,15.290000000000001,0.9285714285714286
xfeat_h,A,15.3,0.9285714285714286
xfeat_h,A,15.31,0.9285714285714286
xfeat_h,A,15.32,0.9285714285714286
xfeat_h,A,15.33,0.9285714285714286
xfeat_h,A,15.34,0.9285714285714286
xfeat_h,A,15.35,0.9285714285714286
xfeat_h,A,15.36,0.9285714285714286
xfeat_h,A,15.370000000000001,0.9285714285714286
xfeat_h,A,15.38,0.9285714285714286
xfeat_h,A,15.39,0.9285714285714286
xfeat_h,A,15.4,0.9285714285714286
xfeat_h,A,15.41,0.9285714285714286
xfeat_h,A,15.42,0.9285714285714286
xfeat_h,A,15.43,0.9285714285714286
xfeat_h,A,15.44,0.9285714285714286
xfeat_h,A,15.450000000000001,0.9285714285714286
xfeat_h,A,15.46,0.9285714285714286
xfeat_h,A,15.47,0.9285714285714286
xfeat_h,A,15.48,0.9285714285714286
xfeat_h,A,15.49,0.9285714285714286
xfeat_h,A,15.5,0.9285714285714286
xfeat_h,A,15.51,0.9285714285714286
xfeat_h,A,15.52,0.9285714285714286
xfeat_h,A,15.530000000000001,0.9285714285714286
xfeat_h,A,15.540000000000001,0.9285714285714286
xfeat_h,A,15.55,0.9285714285714286
xfeat_h,A,15.56,0.9285714285714286
xfeat_h,A,15.57,0.9285714285714286
xfeat_h,A,15.58,0.9285714285714286
xfeat_h,A,15.59,0.9285714285714286
xfeat_h,A,15.6,0.9285714285714286
xfeat_h,A,15.610000000000001,0.9285714285714286
xfeat_h,A,15.620000000000001,0.9285714285714286
xfeat_h,A,15.63,0.9285714285714286
xfeat_h,A,15.64,0.9285714285714286
xfeat_h,A,15.65,0.9285714285714286
xfeat_h,A,15.66,0.9285714285714286
xfeat_h,A,15.67,0.9285714285714286
xfeat_h,A,15.68,0.9285714285714286
xfeat_h,A,15.69,0.9285714285714286
xfeat_h,A,15.700000000000001,0.9285714285714286
xfeat_h,A,15.71,0.9285714285714286
xfeat_h,A,15.72,0.9285714285714286
xfeat_h,A,15.73,0.9285714285714286
xfeat_h,A,15.74,0.9285714285714286
xfeat_h,A,15.75,0.9285714285714286
xfeat_h,A,15.76,0.9285714285714286
xfeat_h,A,15.77,0.9285714285714286
xfeat_h,A,15.780000000000001,0.9285714285714286
xfeat_h,A,15.790000000000001,0.9285714285714286
xfeat_h,A,15.8,0.9285714285714286
xfeat_h,A,15.81,0.9285714285714286
xfeat_h,A,15.82,0.9285714285714286
xfeat_h,A,15.83,0.9285714285714286
xfeat_h,A,15.84,0.9285714285714286
xfeat_h,A,15.85,0.9285714285714286
xfeat_h,A,15.860000000000001,0.9285714285714286
xfeat_h,A,15.870000000000001,0.9285714285714286
xfeat_h,A,15.88,0.9285714285714286
xfeat_h,A,15.89,0.9285714285714286
xfeat_h,A,15.9,0.9285714285714286
xfeat_h,A,15.91,0.9285714285714286
xfeat_h,A,15.92,0.9285714285714286
xfeat_h,A,15.93,0.9285714285714286
xfeat_h,A,15.94,0.9285714285714286
xfeat_h,A,15.950000000000001,0.9285714285714286
xfeat_h,A,15.96,0.9285714285714286
xfeat_h,A,15.97,0.9285714285714286
xfeat_h,A,15.98,0.9285714285714286
xfeat_h,A,15.99,0.9285714285714286
xfeat_h,A,16.0,0.9285714285714286
xfeat_h,A,16.01,0.9285714285714286
xfeat_h,A,16.02,0.9285714285714286
xfeat_h,A,16.03,0.9285714285714286
xfeat_h,A,16.04,0.9285714285714286
xfeat_h,A,16.05,0.9285714285714286
xfeat_h,A,16.06,0.9285714285714286
xfeat_h,A,16.07,0.9285714285714286
xfeat_h,A,16.080000000000002,0.9285714285714286
xfeat_h,A,16.09,0.9285714285714286
xfeat_h,A,16.1,0.9285714285714286
xfeat_h,A,16.11,0.9285714285714286
xfeat_h,A,16.12,0.9285714285714286
xfeat_h,A,16.13,0.9285714285714286
xfeat_h,A,16.14,0.9285714285714286
xfeat_h,A,16.15,0.9285714285714286
xfeat_h,A,16.16,0.9285714285714286
xfeat_h,A,16.17,0.9285714285714286
xfeat_h,A,16.18,0.9285714285714286
xfeat_h,A,16.19,0.9285714285714286
xfeat_h,A,16.2,0.9285714285714286
xfeat_h,A,16.21,0.9285714285714286
xfeat_h,A,16.22,0.9285714285714286
xfeat_h,A,16.23,0.9285714285714286
xfeat_h,A,16.240000000000002,0.9285714285714286
xfeat_h,A,16.25,0.9285714285714286
xfeat_h,A,16.26,0.9285714285714286
xfeat_h,A,16.27,0.9285714285714286
xfeat_h,A,16.28,0.9285714285714286
xfeat_h,A,16.29,0.9285714285714286
xfeat_h,A,16.3,0.9285714285714286
xfeat_h,A,16.31,0.9285714285714286
xfeat_h,A,16.32,0.9285714285714286
xfeat_h,A,16.330000000000002,0.9285714285714286
xfeat_h,A,16.34,0.9285714285714286
xfeat_h,A,16.35,0.9285714285714286
xfeat_h,A,16.36,0.9285714285714286
xfeat_h,A,16.37,0.9285714285714286
xfeat_h,A,16.38,0.9285714285714286
xfeat_h,A,16.39,0.9285714285714286
xfeat_h,A,16.4,0.9285714285714286
xfeat_h,A,16.41,0.9285714285714286
xfeat_h,A,16.42,0.9285714285714286
xfeat_h,A,16.43,0.9285714285714286
xfeat_h,A,16.44,0.9285714285714286
xfeat_h,A,16.45,0.9285714285714286
xfeat_h,A,16.46,0.9285714285714286
xfeat_h,A,16.47,0.9285714285714286
xfeat_h,A,16.48,0.9285714285714286
xfeat_h,A,16.490000000000002,0.9285714285714286
xfeat_h,A,16.5,0.9285714285714286
xfeat_h,A,16.51,0.9285714285714286
xfeat_h,A,16.52,0.9285714285714286
xfeat_h,A,16.53,0.9285714285714286
xfeat_h,A,16.54,0.9285714285714286
xfeat_h,A,16.55,0.9285714285714286
xfeat_h,A,16.56,0.9285714285714286
xfeat_h,A,16.57,0.9285714285714286
xfeat_h,A,16.580000000000002,0.9285714285714286
xfeat_h,A,16.59,0.9285714285714286
xfeat_h,A,16.6,0.9285714285714286
xfeat_h,A,16.61,0.9285714285714286
xfeat_h,A,16.62,0.9285714285714286
xfeat_h,A,16.63,0.9285714285714286
xfeat_h,A,16.64,0.9285714285714286
xfeat_h,A,16.65,0.9285714285714286
xfeat_h,A,16.66,0.9285714285714286
xfeat_h,A,16.67,0.9285714285714286
xfeat_h,A,16.68,0.9285714285714286
xfeat_h,A,16.69,0.9285714285714286
xfeat_h,A,16.7,0.9285714285714286
xfeat_h,A,16.71,0.9285714285714286
xfeat_h,A,16.72,0.9285714285714286
xfeat_h,A,16.73,0.9285714285714286
xfeat_h,A,16.740000000000002,0.9285714285714286
xfeat_h,A,16.75,0.9285714285714286
xfeat_h,A,16.76,0.9285714285714286
xfeat_h,A,16.77,0.9285714285714286
xfeat_h,A,16.78,0.9285714285714286
xfeat_h,A,16.79,0.9285714285714286
xfeat_h,A,16.8,0.9285714285714286
xfeat_h,A,16.81,0.9285714285714286
xfeat_h,A,16.82,0.9285714285714286
xfeat_h,A,16.830000000000002,0.9285714285714286
xfeat_h,A,16.84,0.9285714285714286
xfeat_h,A,16.85,0.9285714285714286
xfeat_h,A,16.86,0.9285714285714286
xfeat_h,A,16.87,0.9285714285714286
xfeat_h,A,16.88,0.9285714285714286
xfeat_h,A,16.89,0.9285714285714286
xfeat_h,A,16.9,0.9285714285714286
xfeat_h,A,16.91,0.9285714285714286
xfeat_h,A,16.92,0.9285714285714286
xfeat_h,A,16.93,0.9285714285714286
xfeat_h,A,16.94,0.9285714285714286
xfeat_h,A,16.95,0.9285714285714286
xfeat_h,A,16.96,0.9285714285714286
xfeat_h,A,16.97,0.9285714285714286
xfeat_h,A,16.98,0.9285714285714286
xfeat_h,A,16.990000000000002,0.9285714285714286
xfeat_h,A,17.0,0.9285714285714286
xfeat_h,A,17.01,0.9285714285714286
xfeat_h,A,17.02,0.9285714285714286
xfeat_h,A,17.03,0.9285714285714286
xfeat_h,A,17.04,0.9285714285714286
xfeat_h,A,17.05,0.9285714285714286
xfeat_h,A,17.06,0.9285714285714286
xfeat_h,A,17.07,0.9285714285714286
xfeat_h,A,17.080000000000002,0.9285714285714286
xfeat_h,A,17.09,0.9285714285714286
xfeat_h,A,17.1,0.9285714285714286
xfeat_h,A,17.11,0.9285714285714286
xfeat_h,A,17.12,0.9285714285714286
xfeat_h,A,17.13,0.9285714285714286
xfeat_h,A,17.14,0.9285714285714286
xfeat_h,A,17.150000000000002,0.9285714285714286
xfeat_h,A,17.16,0.9285714285714286
xfeat_h,A,17.17,0.9285714285714286
xfeat_h,A,17.18,0.9285714285714286
xfeat_h,A,17.19,0.9285714285714286
xfeat_h,A,17.2,0.9285714285714286
xfeat_h,A,17.21,0.9285714285714286
xfeat_h,A,17.22,0.9285714285714286
xfeat_h,A,17.23,0.9285714285714286
xfeat_h,A,17.240000000000002,0.9285714285714286
xfeat_h,A,17.25,0.9285714285714286
xfeat_h,A,17.26,0.9285714285714286
xfeat_h,A,17.27,0.9285714285714286
xfeat_h,A,17.28,0.9285714285714286
xfeat_h,A,17.29,0.9285714285714286
xfeat_h,A,17.3,0.9285714285714286
xfeat_h,A,17.31,0.9285714285714286
xfeat_h,A,17.32,0.9285714285714286
xfeat_h,A,17.330000000000002,0.9285714285714286
xfeat_h,A,17.34,0.9285714285714286
xfeat_h,A,17.35,0.9285714285714286
xfeat_h,A,17.36,0.9285714285714286
xfeat_h,A,17.37,0.9285714285714286
xfeat_h,A,17.38,0.9285714285714286
xfeat_h,A,17.39,0.9285714285714286
xfeat_h,A,17.400000000000002,0.9285714285714286
xfeat_h,A,17.41,0.9285714285714286
xfeat_h,A,17.42,0.9285714285714286
xfeat_h,A,17.43,0.9285714285714286
xfeat_h,A,17.44,0.9285714285714286
xfeat_h,A,17.45,0.9285714285714286
xfeat_h,A,17.46,0.9285714285714286
xfeat_h,A,17.47,0.9285714285714286
xfeat_h,A,17.48,0.9285714285714286
xfeat_h,A,17.490000000000002,0.9285714285714286
xfeat_h,A,17.5,0.9285714285714286
xfeat_h,A,17.51,0.9285714285714286
xfeat_h,A,17.52,0.9285714285714286
xfeat_h,A,17.53,0.9285714285714286
xfeat_h,A,17.54,0.9285714285714286
xfeat_h,A,17.55,0.9285714285714286
xfeat_h,A,17.56,0.9285714285714286
xfeat_h,A,17.57,0.9285714285714286
xfeat_h,A,17.580000000000002,0.9285714285714286
xfeat_h,A,17.59,0.9285714285714286
xfeat_h,A,17.6,0.9285714285714286
xfeat_h,A,17.61,0.9285714285714286
xfeat_h,A,17.62,0.9285714285714286
xfeat_h,A,17.63,0.9285714285714286
xfeat_h,A,17.64,0.9285714285714286
xfeat_h,A,17.650000000000002,0.9285714285714286
xfeat_h,A,17.66,0.9285714285714286
xfeat_h,A,17.67,0.9285714285714286
xfeat_h,A,17.68,0.9285714285714286
xfeat_h,A,17.69,0.9285714285714286
xfeat_h,A,17.7,0.9285714285714286
xfeat_h,A,17.71,0.9285714285714286
xfeat_h,A,17.72,0.9285714285714286
xfeat_h,A,17.73,0.9285714285714286
xfeat_h,A,17.740000000000002,0.9285714285714286
xfeat_h,A,17.75,0.9285714285714286
xfeat_h,A,17.76,0.9285714285714286
xfeat_h,A,17.77,0.9285714285714286
xfeat_h,A,17.78,0.9285714285714286
xfeat_h,A,17.79,0.9285714285714286
xfeat_h,A,17.8,0.9285714285714286
xfeat_h,A,17.81,0.9285714285714286
xfeat_h,A,17.82,0.9285714285714286
xfeat_h,A,17.830000000000002,0.9285714285714286
xfeat_h,A,17.84,0.9285714285714286
xfeat_h,A,17.85,0.9285714285714286
xfeat_h,A,17.86,0.9285714285714286
xfeat_h,A,17.87,0.9285714285714286
xfeat_h,A,17.88,0.9285714285714286
xfeat_h,A,17.89,0.9285714285714286
xfeat_h,A,17.900000000000002,0.9285714285714286
xfeat_h,A,17.91,0.9285714285714286
xfeat_h,A,17.92,0.9285714285714286
xfeat_h,A,17.93,0.9285714285714286
xfeat_h,A,17.94,0.9285714285714286
xfeat_h,A,17.95,0.9285714285714286
xfeat_h,A,17.96,0.9285714285714286
xfeat_h,A,17.97,0.9285714285714286
xfeat_h,A,17.98,0.9285714285714286
xfeat_h,A,17.990000000000002,0.9285714285714286
xfeat_h,A,18.0,0.9285714285714286
xfeat_h,A,18.01,0.9285714285714286
xfeat_h,A,18.02,0.9285714285714286
xfeat_h,A,18.03,0.9285714285714286
xfeat_h,A,18.04,0.9285714285714286
xfeat_h,A,18.05,0.9285714285714286
xfeat_h,A,18.06,0.9285714285714286
xfeat_h,A,18.07,0.9285714285714286
xfeat_h,A,18.080000000000002,0.9285714285714286
xfeat_h,A,18.09,0.9285714285714286
xfeat_h,A,18.1,0.9285714285714286
xfeat_h,A,18.11,0.9285714285714286
xfeat_h,A,18.12,0.9285714285714286
xfeat_h,A,18.13,0.9285714285714286
xfeat_h,A,18.14,0.9285714285714286
xfeat_h,A,18.150000000000002,0.9285714285714286
xfeat_h,A,18.16,0.9285714285714286
xfeat_h,A,18.17,0.9285714285714286
xfeat_h,A,18.18,0.9285714285714286
xfeat_h,A,18.19,0.9285714285714286
xfeat_h,A,18.2,0.9285714285714286
xfeat_h,A,18.21,0.9285714285714286
xfeat_h,A,18.22,0.9285714285714286
xfeat_h,A,18.23,0.9285714285714286
xfeat_h,A,18.240000000000002,0.9285714285714286
xfeat_h,A,18.25,0.9285714285714286
xfeat_h,A,18.26,0.9285714285714286
xfeat_h,A,18.27,0.9285714285714286
xfeat_h,A,18.28,0.9285714285714286
xfeat_h,A,18.29,0.9285714285714286
xfeat_h,A,18.3,0.9285714285714286
xfeat_h,A,18.31,0.9285714285714286
xfeat_h,A,18.32,0.9285714285714286
xfeat_h,A,18.330000000000002,0.9285714285714286
xfeat_h,A,18.34,0.9285714285714286
xfeat_h,A,18.35,0.9285714285714286
xfeat_h,A,18.36,0.9285714285714286
xfeat_h,A,18.37,0.9285714285714286
xfeat_h,A,18.38,0.9285714285714286
xfeat_h,A,18.39,0.9285714285714286
xfeat_h,A,18.400000000000002,0.9285714285714286
xfeat_h,A,18.41,0.9285714285714286
xfeat_h,A,18.42,0.9285714285714286
xfeat_h,A,18.43,0.9285714285714286
xfeat_h,A,18.44,0.9285714285714286
xfeat_h,A,18.45,0.9285714285714286
xfeat_h,A,18.46,0.9285714285714286
xfeat_h,A,18.47,0.9285714285714286
xfeat_h,A,18.48,0.9285714285714286
xfeat_h,A,18.490000000000002,0.9285714285714286
xfeat_h,A,18.5,0.9285714285714286
xfeat_h,A,18.51,0.9285714285714286
xfeat_h,A,18.52,0.9285714285714286
xfeat_h,A,18.53,0.9285714285714286
xfeat_h,A,18.54,0.9285714285714286
xfeat_h,A,18.55,0.9285714285714286
xfeat_h,A,18.56,0.9285714285714286
xfeat_h,A,18.57,0.9285714285714286
xfeat_h,A,18.580000000000002,0.9285714285714286
xfeat_h,A,18.59,0.9285714285714286
xfeat_h,A,18.6,0.9285714285714286
xfeat_h,A,18.61,0.9285714285714286
xfeat_h,A,18.62,0.9285714285714286
xfeat_h,A,18.63,0.9285714285714286
xfeat_h,A,18.64,0.9285714285714286
xfeat_h,A,18.650000000000002,0.9285714285714286
xfeat_h,A,18.66,0.9285714285714286
xfeat_h,A,18.67,0.9285714285714286
xfeat_h,A,18.68,0.9285714285714286
xfeat_h,A,18.69,0.9285714285714286
xfeat_h,A,18.7,0.9285714285714286
xfeat_h,A,18.71,0.9285714285714286
xfeat_h,A,18.72,0.9285714285714286
xfeat_h,A,18.73,0.9285714285714286
xfeat_h,A,18.740000000000002,0.9285714285714286
xfeat_h,A,18.75,0.9285714285714286
xfeat_h,A,18.76,0.9285714285714286
xfeat_h,A,18.77,0.9285714285714286
xfeat_h,A,18.78,0.9285714285714286
xfeat_h,A,18.79,0.9285714285714286
xfeat_h,A,18.8,0.9285714285714286
xfeat_h,A,18.81,0.9285714285714286
xfeat_h,A,18.82,0.9285714285714286
xfeat_h,A,18.830000000000002,0.9285714285714286
xfeat_h,A,18.84,0.9285714285714286
xfeat_h,A,18.85,0.9285714285714286
xfeat_h,A,18.86,0.9285714285714286
xfeat_h,A,18.87,0.9285714285714286
xfeat_h,A,18.88,0.9285714285714286
xfeat_h,A,18.89,0.9285714285714286
xfeat_h,A,18.900000000000002,0.9285714285714286
xfeat_h,A,18.91,0.9285714285714286
xfeat_h,A,18.92,0.9285714285714286
xfeat_h,A,18.93,0.9285714285714286
xfeat_h,A,18.94,0.9285714285714286
xfeat_h,A,18.95,0.9285714285714286
xfeat_h,A,18.96,0.9285714285714286
xfeat_h,A,18.97,0.9285714285714286
xfeat_h,A,18.98,0.9285714285714286
xfeat_h,A,18.990000000000002,0.9285714285714286
xfeat_h,A,19.0,0.9285714285714286
xfeat_h,A,19.01,0.9285714285714286
xfeat_h,A,19.02,0.9285714285714286
xfeat_h,A,19.03,0.9285714285714286
xfeat_h,A,19.04,0.9285714285714286
xfeat_h,A,19.05,0.9285714285714286
xfeat_h,A,19.06,0.9285714285714286
xfeat_h,A,19.07,0.9285714285714286
xfeat_h,A,19.080000000000002,0.9285714285714286
xfeat_h,A,19.09,0.9285714285714286
xfeat_h,A,19.1,0.9285714285714286
xfeat_h,A,19.11,0.9285714285714286
xfeat_h,A,19.12,0.9285714285714286
xfeat_h,A,19.13,0.9285714285714286
xfeat_h,A,19.14,0.9285714285714286
xfeat_h,A,19.150000000000002,0.9285714285714286
xfeat_h,A,19.16,0.9285714285714286
xfeat_h,A,19.17,0.9285714285714286
xfeat_h,A,19.18,0.9285714285714286
xfeat_h,A,19.19,0.9285714285714286
xfeat_h,A,19.2,0.9285714285714286
xfeat_h,A,19.21,0.9285714285714286
xfeat_h,A,19.22,0.9285714285714286
xfeat_h,A,19.23,0.9285714285714286
xfeat_h,A,19.240000000000002,0.9285714285714286
xfeat_h,A,19.25,0.9285714285714286
xfeat_h,A,19.26,0.9285714285714286
xfeat_h,A,19.27,0.9285714285714286
xfeat_h,A,19.28,0.9285714285714286
xfeat_h,A,19.29,0.9285714285714286
xfeat_h,A,19.3,0.9285714285714286
xfeat_h,A,19.31,0.9285714285714286
xfeat_h,A,19.32,0.9285714285714286
xfeat_h,A,19.330000000000002,0.9285714285714286
xfeat_h,A,19.34,0.9285714285714286
xfeat_h,A,19.35,0.9285714285714286
xfeat_h,A,19.36,0.9285714285714286
xfeat_h,A,19.37,0.9285714285714286
xfeat_h,A,19.38,0.9285714285714286
xfeat_h,A,19.39,0.9285714285714286
xfeat_h,A,19.400000000000002,0.9285714285714286
xfeat_h,A,19.41,0.9285714285714286
xfeat_h,A,19.42,0.9285714285714286
xfeat_h,A,19.43,0.9285714285714286
xfeat_h,A,19.44,0.9285714285714286
xfeat_h,A,19.45,0.9285714285714286
xfeat_h,A,19.46,0.9285714285714286
xfeat_h,A,19.47,0.9285714285714286
xfeat_h,A,19.48,0.9285714285714286
xfeat_h,A,19.490000000000002,0.9285714285714286
xfeat_h,A,19.5,0.9285714285714286
xfeat_h,A,19.51,0.9285714285714286
xfeat_h,A,19.52,0.9285714285714286
xfeat_h,A,19.53,0.9285714285714286
xfeat_h,A,19.54,0.9285714285714286
xfeat_h,A,19.55,0.9285714285714286
xfeat_h,A,19.56,0.9285714285714286
xfeat_h,A,19.57,0.9285714285714286
xfeat_h,A,19.580000000000002,0.9285714285714286
xfeat_h,A,19.59,0.9285714285714286
xfeat_h,A,19.6,0.9285714285714286
xfeat_h,A,19.61,0.9285714285714286
xfeat_h,A,19.62,0.9285714285714286
xfeat_h,A,19.63,0.9285714285714286
xfeat_h,A,19.64,0.9285714285714286
xfeat_h,A,19.650000000000002,0.9285714285714286
xfeat_h,A,19.66,0.9285714285714286
xfeat_h,A,19.67,0.9285714285714286
xfeat_h,A,19.68,0.9285714285714286
xfeat_h,A,19.69,0.9285714285714286
xfeat_h,A,19.7,0.9285714285714286
xfeat_h,A,19.71,0.9285714285714286
xfeat_h,A,19.72,0.9285714285714286
xfeat_h,A,19.73,0.9285714285714286
xfeat_h,A,19.740000000000002,0.9285714285714286
xfeat_h,A,19.75,0.9285714285714286
xfeat_h,A,19.76,0.9285714285714286
xfeat_h,A,19.77,0.9285714285714286
xfeat_h,A,19.78,0.9285714285714286
xfeat_h,A,19.79,0.9285714285714286
xfeat_h,A,19.8,0.9285714285714286
xfeat_h,A,19.81,0.9285714285714286
xfeat_h,A,19.82,0.9285714285714286
xfeat_h,A,19.830000000000002,0.9285714285714286
xfeat_h,A,19.84,0.9285714285714286
xfeat_h,A,19.85,0.9285714285714286
xfeat_h,A,19.86,0.9285714285714286
xfeat_h,A,19.87,0.9285714285714286
xfeat_h,A,19.88,0.9285714285714286
xfeat_h,A,19.89,0.9285714285714286
xfeat_h,A,19.900000000000002,0.9285714285714286
xfeat_h,A,19.91,0.9285714285714286
xfeat_h,A,19.92,0.9285714285714286
xfeat_h,A,19.93,0.9285714285714286
xfeat_h,A,19.94,0.9285714285714286
xfeat_h,A,19.95,0.9285714285714286
xfeat_h,A,19.96,0.9285714285714286
xfeat_h,A,19.97,0.9285714285714286
xfeat_h,A,19.98,0.9285714285714286
xfeat_h,A,19.990000000000002,0.9285714285714286
xfeat_h,A,20.0,0.9285714285714286
xfeat_h,A,20.01,0.9285714285714286
xfeat_h,A,20.02,0.9285714285714286
xfeat_h,A,20.03,0.9285714285714286
xfeat_h,A,20.04,0.9285714285714286
xfeat_h,A,20.05,0.9285714285714286
xfeat_h,A,20.06,0.9285714285714286
xfeat_h,A,20.07,0.9285714285714286
xfeat_h,A,20.080000000000002,0.9285714285714286
xfeat_h,A,20.09,0.9285714285714286
xfeat_h,A,20.1,0.9285714285714286
xfeat_h,A,20.11,0.9285714285714286
xfeat_h,A,20.12,0.9285714285714286
xfeat_h,A,20.13,0.9285714285714286
xfeat_h,A,20.14,0.9285714285714286
xfeat_h,A,20.150000000000002,0.9285714285714286
xfeat_h,A,20.16,0.9285714285714286
xfeat_h,A,20.17,0.9285714285714286
xfeat_h,A,20.18,0.9285714285714286
xfeat_h,A,20.19,0.9285714285714286
xfeat_h,A,20.2,0.9285714285714286
xfeat_h,A,20.21,0.9285714285714286
xfeat_h,A,20.22,0.9285714285714286
xfeat_h,A,20.23,0.9285714285714286
xfeat_h,A,20.240000000000002,0.9285714285714286
xfeat_h,A,20.25,0.9285714285714286
xfeat_h,A,20.26,0.9285714285714286
xfeat_h,A,20.27,0.9285714285714286
xfeat_h,A,20.28,0.9285714285714286
xfeat_h,A,20.29,0.9285714285714286
xfeat_h,A,20.3,0.9285714285714286
xfeat_h,A,20.31,0.9285714285714286
xfeat_h,A,20.32,0.9285714285714286
xfeat_h,A,20.330000000000002,0.9285714285714286
xfeat_h,A,20.34,0.9285714285714286
xfeat_h,A,20.35,0.9285714285714286
xfeat_h,A,20.36,0.9285714285714286
xfeat_h,A,20.37,0.9285714285714286
xfeat_h,A,20.38,0.9285714285714286
xfeat_h,A,20.39,0.9285714285714286
xfeat_h,A,20.400000000000002,0.9285714285714286
xfeat_h,A,20.41,0.9285714285714286
xfeat_h,A,20.42,0.9285714285714286
xfeat_h,A,20.43,0.9285714285714286
xfeat_h,A,20.44,0.9285714285714286
xfeat_h,A,20.45,0.9285714285714286
xfeat_h,A,20.46,0.9285714285714286
xfeat_h,A,20.47,0.9285714285714286
xfeat_h,A,20.48,0.9285714285714286
xfeat_h,A,20.490000000000002,0.9285714285714286
xfeat_h,A,20.5,0.9285714285714286
xfeat_h,A,20.51,0.9285714285714286
xfeat_h,A,20.52,0.9285714285714286
xfeat_h,A,20.53,0.9285714285714286
xfeat_h,A,20.54,0.9285714285714286
xfeat_h,A,20.55,0.9285714285714286
xfeat_h,A,20.56,0.9285714285714286
xfeat_h,A,20.57,0.9285714285714286
xfeat_h,A,20.580000000000002,0.9285714285714286
xfeat_h,A,20.59,0.9285714285714286
xfeat_h,A,20.6,0.9285714285714286
xfeat_h,A,20.61,0.9285714285714286
xfeat_h,A,20.62,0.9285714285714286
xfeat_h,A,20.63,0.9285714285714286
xfeat_h,A,20.64,0.9285714285714286
xfeat_h,A,20.650000000000002,0.9285714285714286
xfeat_h,A,20.66,0.9285714285714286
xfeat_h,A,20.67,0.9285714285714286
xfeat_h,A,20.68,0.9285714285714286
xfeat_h,A,20.69,0.9285714285714286
xfeat_h,A,20.7,0.9285714285714286
xfeat_h,A,20.71,0.9285714285714286
xfeat_h,A,20.72,0.9285714285714286
xfeat_h,A,20.73,0.9285714285714286
xfeat_h,A,20.740000000000002,0.9285714285714286
xfeat_h,A,20.75,0.9285714285714286
xfeat_h,A,20.76,0.9285714285714286
xfeat_h,A,20.77,0.9285714285714286
xfeat_h,A,20.78,0.9285714285714286
xfeat_h,A,20.79,0.9285714285714286
xfeat_h,A,20.8,0.9285714285714286
xfeat_h,A,20.81,0.9285714285714286
xfeat_h,A,20.82,0.9285714285714286
xfeat_h,A,20.830000000000002,0.9285714285714286
xfeat_h,A,20.84,0.9285714285714286
xfeat_h,A,20.85,0.9285714285714286
xfeat_h,A,20.86,0.9285714285714286
xfeat_h,A,20.87,0.9285714285714286
xfeat_h,A,20.88,0.9285714285714286
xfeat_h,A,20.89,0.9285714285714286
xfeat_h,A,20.900000000000002,0.9285714285714286
xfeat_h,A,20.91,0.9285714285714286
xfeat_h,A,20.92,0.9285714285714286
xfeat_h,A,20.93,0.9285714285714286
xfeat_h,A,20.94,0.9285714285714286
xfeat_h,A,20.95,0.9285714285714286
xfeat_h,A,20.96,0.9285714285714286
xfeat_h,A,20.97,0.9285714285714286
xfeat_h,A,20.98,0.9285714285714286
xfeat_h,A,20.990000000000002,0.9285714285714286
xfeat_h,A,21.0,0.9285714285714286
xfeat_h,A,21.01,0.9285714285714286
xfeat_h,A,21.02,0.9285714285714286
xfeat_h,A,21.03,0.9285714285714286
xfeat_h,A,21.04,0.9285714285714286
xfeat_h,A,21.05,0.9285714285714286
xfeat_h,A,21.06,0.9285714285714286
xfeat_h,A,21.07,0.9285714285714286
xfeat_h,A,21.080000000000002,0.9285714285714286
xfeat_h,A,21.09,0.9285714285714286
xfeat_h,A,21.1,0.9285714285714286
xfeat_h,A,21.11,0.9285714285714286
xfeat_h,A,21.12,0.9285714285714286
xfeat_h,A,21.13,0.9285714285714286
xfeat_h,A,21.14,0.9285714285714286
xfeat_h,A,21.150000000000002,0.9285714285714286
xfeat_h,A,21.16,0.9285714285714286
xfeat_h,A,21.17,0.9285714285714286
xfeat_h,A,21.18,0.9285714285714286
xfeat_h,A,21.19,0.9285714285714286
xfeat_h,A,21.2,0.9285714285714286
xfeat_h,A,21.21,0.9285714285714286
xfeat_h,A,21.22,0.9285714285714286
xfeat_h,A,21.23,0.9285714285714286
xfeat_h,A,21.240000000000002,0.9285714285714286
xfeat_h,A,21.25,0.9285714285714286
xfeat_h,A,21.26,0.9285714285714286
xfeat_h,A,21.27,0.9285714285714286
xfeat_h,A,21.28,0.9285714285714286
xfeat_h,A,21.29,0.9285714285714286
xfeat_h,A,21.3,0.9285714285714286
xfeat_h,A,21.31,0.9285714285714286
xfeat_h,A,21.32,0.9285714285714286
xfeat_h,A,21.330000000000002,0.9285714285714286
xfeat_h,A,21.34,0.9285714285714286
xfeat_h,A,21.35,0.9285714285714286
xfeat_h,A,21.36,0.9285714285714286
xfeat_h,A,21.37,0.9285714285714286
xfeat_h,A,21.38,0.9285714285714286
xfeat_h,A,21.39,0.9285714285714286
xfeat_h,A,21.400000000000002,0.9285714285714286
xfeat_h,A,21.41,0.9285714285714286
xfeat_h,A,21.42,0.9285714285714286
xfeat_h,A,21.43,0.9285714285714286
xfeat_h,A,21.44,0.9285714285714286
xfeat_h,A,21.45,0.9285714285714286
xfeat_h,A,21.46,0.9285714285714286
xfeat_h,A,21.47,0.9285714285714286
xfeat_h,A,21.48,0.9285714285714286
xfeat_h,A,21.490000000000002,0.9285714285714286
xfeat_h,A,21.5,0.9285714285714286
xfeat_h,A,21.51,0.9285714285714286
xfeat_h,A,21.52,0.9285714285714286
xfeat_h,A,21.53,0.9285714285714286
xfeat_h,A,21.54,0.9285714285714286
xfeat_h,A,21.55,0.9285714285714286
xfeat_h,A,21.56,0.9285714285714286
xfeat_h,A,21.57,0.9285714285714286
xfeat_h,A,21.580000000000002,0.9285714285714286
xfeat_h,A,21.59,0.9285714285714286
xfeat_h,A,21.6,0.9285714285714286
xfeat_h,A,21.61,0.9285714285714286
xfeat_h,A,21.62,0.9285714285714286
xfeat_h,A,21.63,0.9285714285714286
xfeat_h,A,21.64,0.9285714285714286
xfeat_h,A,21.650000000000002,0.9285714285714286
xfeat_h,A,21.66,0.9285714285714286
xfeat_h,A,21.67,0.9285714285714286
xfeat_h,A,21.68,0.9285714285714286
xfeat_h,A,21.69,0.9285714285714286
xfeat_h,A,21.7,0.9285714285714286
xfeat_h,A,21.71,0.9285714285714286
xfeat_h,A,21.72,0.9285714285714286
xfeat_h,A,21.73,0.9285714285714286
xfeat_h,A,21.740000000000002,0.9285714285714286
xfeat_h,A,21.75,0.9285714285714286
xfeat_h,A,21.76,0.9285714285714286
xfeat_h,A,21.77,0.9285714285714286
xfeat_h,A,21.78,0.9285714285714286
xfeat_h,A,21.79,0.9285714285714286
xfeat_h,A,21.8,0.9285714285714286
xfeat_h,A,21.81,0.9285714285714286
xfeat_h,A,21.82,0.9285714285714286
xfeat_h,A,21.830000000000002,0.9285714285714286
xfeat_h,A,21.84,0.9285714285714286
xfeat_h,A,21.85,0.9285714285714286
xfeat_h,A,21.86,0.9285714285714286
xfeat_h,A,21.87,0.9285714285714286
xfeat_h,A,21.88,0.9285714285714286
xfeat_h,A,21.89,0.9285714285714286
xfeat_h,A,21.900000000000002,0.9285714285714286
xfeat_h,A,21.91,0.9285714285714286
xfeat_h,A,21.92,0.9285714285714286
xfeat_h,A,21.93,0.9285714285714286
xfeat_h,A,21.94,0.9285714285714286
xfeat_h,A,21.95,0.9285714285714286
xfeat_h,A,21.96,0.9285714285714286
xfeat_h,A,21.97,0.9285714285714286
xfeat_h,A,21.98,0.9285714285714286
xfeat_h,A,21.990000000000002,0.9285714285714286
xfeat_h,A,22.0,0.9285714285714286
xfeat_h,A,22.01,0.9285714285714286
xfeat_h,A,22.02,0.9285714285714286
xfeat_h,A,22.03,0.9285714285714286
xfeat_h,A,22.04,0.9285714285714286
xfeat_h,A,22.05,0.9285714285714286
xfeat_h,A,22.06,0.9285714285714286
xfeat_h,A,22.07,0.9285714285714286
xfeat_h,A,22.080000000000002,0.9285714285714286
xfeat_h,A,22.09,0.9285714285714286
xfeat_h,A,22.1,0.9285714285714286
xfeat_h,A,22.11,0.9285714285714286
xfeat_h,A,22.12,0.9285714285714286
xfeat_h,A,22.13,0.9285714285714286
xfeat_h,A,22.14,0.9285714285714286
xfeat_h,A,22.150000000000002,0.9285714285714286
xfeat_h,A,22.16,0.9285714285714286
xfeat_h,A,22.17,0.9285714285714286
xfeat_h,A,22.18,0.9285714285714286
xfeat_h,A,22.19,0.9285714285714286
xfeat_h,A,22.2,0.9285714285714286
xfeat_h,A,22.21,0.9285714285714286
xfeat_h,A,22.22,0.9285714285714286
xfeat_h,A,22.23,0.9285714285714286
xfeat_h,A,22.240000000000002,0.9285714285714286
xfeat_h,A,22.25,0.9285714285714286
xfeat_h,A,22.26,0.9285714285714286
xfeat_h,A,22.27,0.9285714285714286
xfeat_h,A,22.28,0.9285714285714286
xfeat_h,A,22.29,0.9285714285714286
xfeat_h,A,22.3,0.9285714285714286
xfeat_h,A,22.31,0.9285714285714286
xfeat_h,A,22.32,0.9285714285714286
xfeat_h,A,22.330000000000002,0.9285714285714286
xfeat_h,A,22.34,0.9285714285714286
xfeat_h,A,22.35,0.9285714285714286
xfeat_h,A,22.36,0.9285714285714286
xfeat_h,A,22.37,0.9285714285714286
xfeat_h,A,22.38,0.9285714285714286
xfeat_h,A,22.39,0.9285714285714286
xfeat_h,A,22.400000000000002,0.9285714285714286
xfeat_h,A,22.41,0.9285714285714286
xfeat_h,A,22.42,0.9285714285714286
xfeat_h,A,22.43,0.9285714285714286
xfeat_h,A,22.44,0.9285714285714286
xfeat_h,A,22.45,0.9285714285714286
xfeat_h,A,22.46,0.9285714285714286
xfeat_h,A,22.47,0.9285714285714286
xfeat_h,A,22.48,0.9285714285714286
xfeat_h,A,22.490000000000002,0.9285714285714286
xfeat_h,A,22.5,0.9285714285714286
xfeat_h,A,22.51,0.9285714285714286
xfeat_h,A,22.52,0.9285714285714286
xfeat_h,A,22.53,0.9285714285714286
xfeat_h,A,22.54,0.9285714285714286
xfeat_h,A,22.55,0.9285714285714286
xfeat_h,A,22.56,0.9285714285714286
xfeat_h,A,22.57,0.9285714285714286
xfeat_h,A,22.580000000000002,0.9285714285714286
xfeat_h,A,22.59,0.9285714285714286
xfeat_h,A,22.6,0.9285714285714286
xfeat_h,A,22.61,0.9285714285714286
xfeat_h,A,22.62,0.9285714285714286
xfeat_h,A,22.63,0.9285714285714286
xfeat_h,A,22.64,0.9285714285714286
xfeat_h,A,22.650000000000002,0.9285714285714286
xfeat_h,A,22.66,0.9285714285714286
xfeat_h,A,22.67,0.9285714285714286
xfeat_h,A,22.68,0.9285714285714286
xfeat_h,A,22.69,0.9285714285714286
xfeat_h,A,22.7,0.9285714285714286
xfeat_h,A,22.71,0.9285714285714286
xfeat_h,A,22.72,0.9285714285714286
xfeat_h,A,22.73,0.9285714285714286
xfeat_h,A,22.740000000000002,0.9285714285714286
xfeat_h,A,22.75,0.9285714285714286
xfeat_h,A,22.76,0.9285714285714286
xfeat_h,A,22.77,0.9285714285714286
xfeat_h,A,22.78,0.9285714285714286
xfeat_h,A,22.79,0.9285714285714286
xfeat_h,A,22.8,0.9285714285714286
xfeat_h,A,22.81,0.9285714285714286
xfeat_h,A,22.82,0.9285714285714286
xfeat_h,A,22.830000000000002,0.9285714285714286
xfeat_h,A,22.84,0.9285714285714286
xfeat_h,A,22.85,0.9285714285714286
xfeat_h,A,22.86,0.9285714285714286
xfeat_h,A,22.87,0.9285714285714286
xfeat_h,A,22.88,0.9285714285714286
xfeat_h,A,22.89,0.9285714285714286
xfeat_h,A,22.900000000000002,0.9285714285714286
xfeat_h,A,22.91,0.9285714285714286
xfeat_h,A,22.92,0.9285714285714286
xfeat_h,A,22.93,0.9285714285714286
xfeat_h,A,22.94,0.9285714285714286
xfeat_h,A,22.95,0.9285714285714286
xfeat_h,A,22.96,0.9285714285714286
xfeat_h,A,22.97,0.9285714285714286
xfeat_h,A,22.98,0.9285714285714286
xfeat_h,A,22.990000000000002,0.9285714285714286
xfeat_h,A,23.0,0.9285714285714286
xfeat_h,A,23.01,0.9285714285714286
xfeat_h,A,23.02,0.9285714285714286
xfeat_h,A,23.03,0.9285714285714286
xfeat_h,A,23.04,0.9285714285714286
xfeat_h,A,23.05,0.9285714285714286
xfeat_h,A,23.06,0.9285714285714286
xfeat_h,A,23.07,0.9285714285714286
xfeat_h,A,23.080000000000002,0.9285714285714286
xfeat_h,A,23.09,0.9285714285714286
xfeat_h,A,23.1,0.9285714285714286
xfeat_h,A,23.11,0.9285714285714286
xfeat_h,A,23.12,0.9285714285714286
xfeat_h,A,23.13,0.9285714285714286
xfeat_h,A,23.14,0.9285714285714286
xfeat_h,A,23.150000000000002,0.9285714285714286
xfeat_h,A,23.16,0.9285714285714286
xfeat_h,A,23.17,0.9285714285714286
xfeat_h,A,23.18,0.9285714285714286
xfeat_h,A,23.19,0.9285714285714286
xfeat_h,A,23.2,0.9285714285714286
xfeat_h,A,23.21,0.9285714285714286
xfeat_h,A,23.22,0.9285714285714286
xfeat_h,A,23.23,0.9285714285714286
xfeat_h,A,23.240000000000002,0.9285714285714286
xfeat_h,A,23.25,0.9285714285714286
xfeat_h,A,23.26,0.9285714285714286
xfeat_h,A,23.27,0.9285714285714286
xfeat_h,A,23.28,0.9285714285714286
xfeat_h,A,23.29,0.9285714285714286
xfeat_h,A,23.3,0.9285714285714286
xfeat_h,A,23.31,0.9285714285714286
xfeat_h,A,23.32,0.9285714285714286
xfeat_h,A,23.330000000000002,0.9285714285714286
xfeat_h,A,23.34,0.9285714285714286
xfeat_h,A,23.35,0.9285714285714286
xfeat_h,A,23.36,0.9285714285714286
xfeat_h,A,23.37,0.9285714285714286
xfeat_h,A,23.38,0.9285714285714286
xfeat_h,A,23.39,0.9285714285714286
xfeat_h,A,23.400000000000002,0.9285714285714286
xfeat_h,A,23.41,0.9285714285714286
xfeat_h,A,23.42,0.9285714285714286
xfeat_h,A,23.43,0.9285714285714286
xfeat_h,A,23.44,0.9285714285714286
xfeat_h,A,23.45,0.9285714285714286
xfeat_h,A,23.46,0.9285714285714286
xfeat_h,A,23.47,0.9285714285714286
xfeat_h,A,23.48,0.9285714285714286
xfeat_h,A,23.490000000000002,0.9285714285714286
xfeat_h,A,23.5,0.9285714285714286
xfeat_h,A,23.51,0.9285714285714286
xfeat_h,A,23.52,0.9285714285714286
xfeat_h,A,23.53,0.9285714285714286
xfeat_h,A,23.54,0.9285714285714286
xfeat_h,A,23.55,0.9285714285714286
xfeat_h,A,23.56,0.9285714285714286
xfeat_h,A,23.57,0.9285714285714286
xfeat_h,A,23.580000000000002,0.9285714285714286
xfeat_h,A,23.59,0.9285714285714286
xfeat_h,A,23.6,0.9285714285714286
xfeat_h,A,23.61,0.9285714285714286
xfeat_h,A,23.62,0.9285714285714286
xfeat_h,A,23.63,0.9285714285714286
xfeat_h,A,23.64,0.9285714285714286
xfeat_h,A,23.650000000000002,0.9285714285714286
xfeat_h,A,23.66,0.9285714285714286
xfeat_h,A,23.67,0.9285714285714286
xfeat_h,A,23.68,0.9285714285714286
xfeat_h,A,23.69,0.9285714285714286
xfeat_h,A,23.7,0.9285714285714286
xfeat_h,A,23.71,0.9285714285714286
xfeat_h,A,23.72,0.9285714285714286
xfeat_h,A,23.73,0.9285714285714286
xfeat_h,A,23.740000000000002,0.9285714285714286
xfeat_h,A,23.75,0.9285714285714286
xfeat_h,A,23.76,0.9285714285714286
xfeat_h,A,23.77,0.9285714285714286
xfeat_h,A,23.78,0.9285714285714286
xfeat_h,A,23.79,0.9285714285714286
xfeat_h,A,23.8,0.9285714285714286
xfeat_h,A,23.81,0.9285714285714286
xfeat_h,A,23.82,0.9285714285714286
xfeat_h,A,23.830000000000002,0.9285714285714286
xfeat_h,A,23.84,0.9285714285714286
xfeat_h,A,23.85,0.9285714285714286
xfeat_h,A,23.86,0.9285714285714286
xfeat_h,A,23.87,0.9285714285714286
xfeat_h,A,23.88,0.9285714285714286
xfeat_h,A,23.89,0.9285714285714286
xfeat_h,A,23.900000000000002,0.9285714285714286
xfeat_h,A,23.91,0.9285714285714286
xfeat_h,A,23.92,0.9285714285714286
xfeat_h,A,23.93,0.9285714285714286
xfeat_h,A,23.94,0.9285714285714286
xfeat_h,A,23.95,0.9285714285714286
xfeat_h,A,23.96,0.9285714285714286
xfeat_h,A,23.97,0.9285714285714286
xfeat_h,A,23.98,0.9285714285714286
xfeat_h,A,23.990000000000002,0.9285714285714286
xfeat_h,A,24.0,0.9285714285714286
xfeat_h,A,24.01,0.9285714285714286
xfeat_h,A,24.02,0.9285714285714286
xfeat_h,A,24.03,0.9285714285714286
xfeat_h,A,24.04,0.9285714285714286
xfeat_h,A,24.05,0.9285714285714286
xfeat_h,A,24.060000000000002,0.9285714285714286
xfeat_h,A,24.07,0.9285714285714286
xfeat_h,A,24.080000000000002,0.9285714285714286
xfeat_h,A,24.09,0.9285714285714286
xfeat_h,A,24.1,0.9285714285714286
xfeat_h,A,24.11,0.9285714285714286
xfeat_h,A,24.12,0.9285714285714286
xfeat_h,A,24.13,0.9285714285714286
xfeat_h,A,24.14,0.9285714285714286
xfeat_h,A,24.150000000000002,0.9285714285714286
xfeat_h,A,24.16,0.9285714285714286
xfeat_h,A,24.17,0.9285714285714286
xfeat_h,A,24.18,0.9285714285714286
xfeat_h,A,24.19,0.9285714285714286
xfeat_h,A,24.2,0.9285714285714286
xfeat_h,A,24.21,0.9285714285714286
xfeat_h,A,24.22,0.9285714285714286
xfeat_h,A,24.23,0.9285714285714286
xfeat_h,A,24.240000000000002,0.9285714285714286
xfeat_h,A,24.25,0.9285714285714286
xfeat_h,A,24.26,0.9285714285714286
xfeat_h,A,24.27,0.9285714285714286
xfeat_h,A,24.28,0.9285714285714286
xfeat_h,A,24.29,0.9285714285714286
xfeat_h,A,24.3,0.9285714285714286
xfeat_h,A,24.310000000000002,0.9285714285714286
xfeat_h,A,24.32,0.9285714285714286
xfeat_h,A,24.330000000000002,0.9285714285714286
xfeat_h,A,24.34,0.9285714285714286
xfeat_h,A,24.35,0.9285714285714286
xfeat_h,A,24.36,0.9285714285714286
xfeat_h,A,24.37,0.9285714285714286
xfeat_h,A,24.38,0.9285714285714286
xfeat_h,A,24.39,0.9285714285714286
xfeat_h,A,24.400000000000002,0.9285714285714286
xfeat_h,A,24.41,0.9285714285714286
xfeat_h,A,24.42,0.9285714285714286
xfeat_h,A,24.43,0.9285714285714286
xfeat_h,A,24.44,0.9285714285714286
xfeat_h,A,24.45,0.9285714285714286
xfeat_h,A,24.46,0.9285714285714286
xfeat_h,A,24.47,0.9285714285714286
xfeat_h,A,24.48,0.9285714285714286
xfeat_h,A,24.490000000000002,0.9285714285714286
xfeat_h,A,24.5,0.9285714285714286
xfeat_h,A,24.51,0.9285714285714286
xfeat_h,A,24.52,0.9285714285714286
xfeat_h,A,24.53,0.9285714285714286
xfeat_h,A,24.54,0.9285714285714286
xfeat_h,A,24.55,0.9285714285714286
xfeat_h,A,24.560000000000002,0.9285714285714286
xfeat_h,A,24.57,0.9285714285714286
xfeat_h,A,24.580000000000002,0.9285714285714286
xfeat_h,A,24.59,0.9285714285714286
xfeat_h,A,24.6,0.9285714285714286
xfeat_h,A,24.61,0.9285714285714286
xfeat_h,A,24.62,0.9285714285714286
xfeat_h,A,24.63,0.9285714285714286
xfeat_h,A,24.64,0.9285714285714286
xfeat_h,A,24.650000000000002,0.9285714285714286
xfeat_h,A,24.66,0.9285714285714286
xfeat_h,A,24.67,0.9285714285714286
xfeat_h,A,24.68,0.9285714285714286
xfeat_h,A,24.69,0.9285714285714286
xfeat_h,A,24.7,0.9285714285714286
xfeat_h,A,24.71,0.9285714285714286
xfeat_h,A,24.72,0.9285714285714286
xfeat_h,A,24.73,0.9285714285714286
xfeat_h,A,24.740000000000002,0.9285714285714286
xfeat_h,A,24.75,0.9285714285714286
xfeat_h,A,24.76,0.9285714285714286
xfeat_h,A,24.77,0.9285714285714286
xfeat_h,A,24.78,0.9285714285714286
xfeat_h,A,24.79,0.9285714285714286
xfeat_h,A,24.8,0.9285714285714286
xfeat_h,A,24.810000000000002,0.9285714285714286
xfeat_h,A,24.82,0.9285714285714286
xfeat_h,A,24.830000000000002,0.9285714285714286
xfeat_h,A,24.84,0.9285714285714286
xfeat_h,A,24.85,0.9285714285714286
xfeat_h,A,24.86,0.9285714285714286
xfeat_h,A,24.87,0.9285714285714286
xfeat_h,A,24.88,0.9285714285714286
xfeat_h,A,24.89,0.9285714285714286
xfeat_h,A,24.900000000000002,0.9285714285714286
xfeat_h,A,24.91,0.9285714285714286
xfeat_h,A,24.92,0.9285714285714286
xfeat_h,A,24.93,0.9285714285714286
xfeat_h,A,24.94,0.9285714285714286
xfeat_h,A,24.95,0.9285714285714286
xfeat_h,A,24.96,0.9285714285714286
xfeat_h,A,24.97,0.9285714285714286
xfeat_h,A,24.98,0.9285714285714286
xfeat_h,A,24.990000000000002,1.0
xfeat_h,A,25.0,1.0
xfeat_h,P,0.0,0.0
xfeat_h,P,0.01,0.0
xfeat_h,P,0.02,0.0
xfeat_h,P,0.03,0.0
xfeat_h,P,0.04,0.0
xfeat_h,P,0.05,0.0
xfeat_h,P,0.06,0.0
xfeat_h,P,0.07,0.0
xfeat_h,P,0.08,0.0
xfeat_h,P,0.09,0.0
xfeat_h,P,0.1,0.0
xfeat_h,P,0.11,0.0
xfeat_h,P,0.12,0.0
xfeat_h,P,0.13,0.0
xfeat_h,P,0.14,0.0
xfeat_h,P,0.15,0.0
xfeat_h,P,0.16,0.0
xfeat_h,P,0.17,0.0
xfeat_h,P,0.18,0.0
xfeat_h,P,0.19,0.0
xfeat_h,P,0.2,0.0
xfeat_h,P,0.21,0.0
xfeat_h,P,0.22,0.0
xfeat_h,P,0.23,0.0
xfeat_h,P,0.24,0.0
xfeat_h,P,0.25,0.0
xfeat_h,P,0.26,0.0
xfeat_h,P,0.27,0.0
xfeat_h,P,0.28,0.0
xfeat_h,P,0.29,0.0
xfeat_h,P,0.3,0.0
xfeat_h,P,0.31,0.0
xfeat_h,P,0.32,0.0
xfeat_h,P,0.33,0.0
xfeat_h,P,0.34,0.0
xfeat_h,P,0.35000000000000003,0.0
xfeat_h,P,0.36,0.0
xfeat_h,P,0.37,0.0
xfeat_h,P,0.38,0.0
xfeat_h,P,0.39,0.0
xfeat_h,P,0.4,0.0
xfeat_h,P,0.41000000000000003,0.0
xfeat_h,P,0.42,0.0
xfeat_h,P,0.43,0.0
xfeat_h,P,0.44,0.0
xfeat_h,P,0.45,0.0
xfeat_h,P,0.46,0.0
xfeat_h,P,0.47000000000000003,0.0
xfeat_h,P,0.48,0.0
xfeat_h,P,0.49,0.0
xfeat_h,P,0.5,0.0
xfeat_h,P,0.51,0.0
xfeat_h,P,0.52,0.0
xfeat_h,P,0.53,0.0
xfeat_h,P,0.54,0.0
xfeat_h,P,0.55,0.0
xfeat_h,P,0.56,0.0
xfeat_h,P,0.5700000000000001,0.0
xfeat_h,P,0.58,0.0
xfeat_h,P,0.59,0.0
xfeat_h,P,0.6,0.0
xfeat_h,P,0.61,0.0
xfeat_h,P,0.62,0.0
xfeat_h,P,0.63,0.0
xfeat_h,P,0.64,0.0
xfeat_h,P,0.65,0.0
xfeat_h,P,0.66,0.0
xfeat_h,P,0.67,0.0
xfeat_h,P,0.68,0.0
xfeat_h,P,0.6900000000000001,0.0
xfeat_h,P,0.7000000000000001,0.0
xfeat_h,P,0.71,0.0
xfeat_h,P,0.72,0.0
xfeat_h,P,0.73,0.0
xfeat_h,P,0.74,0.0
xfeat_h,P,0.75,0.0
xfeat_h,P,0.76,0.0
xfeat_h,P,0.77,0.0
xfeat_h,P,0.78,0.0
xfeat_h,P,0.79,0.0
xfeat_h,P,0.8,0.0
xfeat_h,P,0.81,0.0
xfeat_h,P,0.8200000000000001,0.0
xfeat_h,P,0.8300000000000001,0.0
xfeat_h,P,0.84,0.0
xfeat_h,P,0.85,0.0
xfeat_h,P,0.86,0.0
xfeat_h,P,0.87,0.0
xfeat_h,P,0.88,0.0
xfeat_h,P,0.89,0.0
xfeat_h,P,0.9,0.0
xfeat_h,P,0.91,0.0
xfeat_h,P,0.92,0.0
xfeat_h,P,0.93,0.0
xfeat_h,P,0.9400000000000001,0.0
xfeat_h,P,0.9500000000000001,0.0
xfeat_h,P,0.96,0.0
xfeat_h,P,0.97,0.0
xfeat_h,P,0.98,0.0
xfeat_h,P,0.99,0.0
xfeat_h,P,1.0,0.0
xfeat_h,P,1.01,0.0
xfeat_h,P,1.02,0.0
xfeat_h,P,1.03,0.0
xfeat_h,P,1.04,0.0
xfeat_h,P,1.05,0.0
xfeat_h,P,1.06,0.0
xfeat_h,P,1.07,0.0
xfeat_h,P,1.08,0.0
xfeat_h,P,1.09,0.0
xfeat_h,P,1.1,0.0
xfeat_h,P,1.11,0.0
xfeat_h,P,1.12,0.0
xfeat_h,P,1.1300000000000001,0.0
xfeat_h,P,1.1400000000000001,0.0
xfeat_h,P,1.1500000000000001,0.0
xfeat_h,P,1.16,0.0
xfeat_h,P,1.17,0.0
xfeat_h,P,1.18,0.0
xfeat_h,P,1.19,0.0
xfeat_h,P,1.2,0.0
xfeat_h,P,1.21,0.0
xfeat_h,P,1.22,0.0
xfeat_h,P,1.23,0.0
xfeat_h,P,1.24,0.0
xfeat_h,P,1.25,0.0
xfeat_h,P,1.26,0.0
xfeat_h,P,1.27,0.0
xfeat_h,P,1.28,0.0
xfeat_h,P,1.29,0.0
xfeat_h,P,1.3,0.0
xfeat_h,P,1.31,0.0
xfeat_h,P,1.32,0.0
xfeat_h,P,1.33,0.0
xfeat_h,P,1.34,0.0
xfeat_h,P,1.35,0.0
xfeat_h,P,1.36,0.0
xfeat_h,P,1.37,0.0
xfeat_h,P,1.3800000000000001,0.0
xfeat_h,P,1.3900000000000001,0.0
xfeat_h,P,1.4000000000000001,0.0
xfeat_h,P,1.41,0.0
xfeat_h,P,1.42,0.0
xfeat_h,P,1.43,0.0
xfeat_h,P,1.44,0.0
xfeat_h,P,1.45,0.0
xfeat_h,P,1.46,0.0
xfeat_h,P,1.47,0.0
xfeat_h,P,1.48,0.0
xfeat_h,P,1.49,0.0
xfeat_h,P,1.5,0.0
xfeat_h,P,1.51,0.0
xfeat_h,P,1.52,0.0
xfeat_h,P,1.53,0.0
xfeat_h,P,1.54,0.0
xfeat_h,P,1.55,0.0
xfeat_h,P,1.56,0.0
xfeat_h,P,1.57,0.0
xfeat_h,P,1.58,0.0
xfeat_h,P,1.59,0.0
xfeat_h,P,1.6,0.0
xfeat_h,P,1.61,0.0
xfeat_h,P,1.62,0.0
xfeat_h,P,1.6300000000000001,0.0
xfeat_h,P,1.6400000000000001,0.0
xfeat_h,P,1.6500000000000001,0.0
xfeat_h,P,1.6600000000000001,0.0
xfeat_h,P,1.67,0.0
xfeat_h,P,1.68,0.0
xfeat_h,P,1.69,0.0
xfeat_h,P,1.7,0.0
xfeat_h,P,1.71,0.0
xfeat_h,P,1.72,0.0
xfeat_h,P,1.73,0.0
xfeat_h,P,1.74,0.0
xfeat_h,P,1.75,0.0
xfeat_h,P,1.76,0.0
xfeat_h,P,1.77,0.0
xfeat_h,P,1.78,0.0
xfeat_h,P,1.79,0.0
xfeat_h,P,1.8,0.0
xfeat_h,P,1.81,0.0
xfeat_h,P,1.82,0.0
xfeat_h,P,1.83,0.0
xfeat_h,P,1.84,0.0
xfeat_h,P,1.85,0.0
xfeat_h,P,1.86,0.0
xfeat_h,P,1.87,0.0
xfeat_h,P,1.8800000000000001,0.0
xfeat_h,P,1.8900000000000001,0.0
xfeat_h,P,1.9000000000000001,0.0
xfeat_h,P,1.9100000000000001,0.0
xfeat_h,P,1.92,0.0
xfeat_h,P,1.93,0.0
xfeat_h,P,1.94,0.0
xfeat_h,P,1.95,0.0
xfeat_h,P,1.96,0.0
xfeat_h,P,1.97,0.0
xfeat_h,P,1.98,0.0
xfeat_h,P,1.99,0.0
xfeat_h,P,2.0,0.0
xfeat_h,P,2.0100000000000002,0.0
xfeat_h,P,2.02,0.0
xfeat_h,P,2.0300000000000002,0.0
xfeat_h,P,2.04,0.0
xfeat_h,P,2.05,0.0
xfeat_h,P,2.06,0.0
xfeat_h,P,2.07,0.0
xfeat_h,P,2.08,0.0
xfeat_h,P,2.09,0.0
xfeat_h,P,2.1,0.0
xfeat_h,P,2.11,0.0
xfeat_h,P,2.12,0.0
xfeat_h,P,2.13,0.0
xfeat_h,P,2.14,0.0
xfeat_h,P,2.15,0.0
xfeat_h,P,2.16,0.0
xfeat_h,P,2.17,0.0
xfeat_h,P,2.18,0.0
xfeat_h,P,2.19,0.0
xfeat_h,P,2.2,0.0
xfeat_h,P,2.21,0.0
xfeat_h,P,2.22,0.0
xfeat_h,P,2.23,0.0
xfeat_h,P,2.24,0.0
xfeat_h,P,2.25,0.0
xfeat_h,P,2.2600000000000002,0.0
xfeat_h,P,2.27,0.0
xfeat_h,P,2.2800000000000002,0.0
xfeat_h,P,2.29,0.0
xfeat_h,P,2.3000000000000003,0.0
xfeat_h,P,2.31,0.0
xfeat_h,P,2.32,0.0
xfeat_h,P,2.33,0.0
xfeat_h,P,2.34,0.0
xfeat_h,P,2.35,0.0
xfeat_h,P,2.36,0.0
xfeat_h,P,2.37,0.0
xfeat_h,P,2.38,0.0
xfeat_h,P,2.39,0.0
xfeat_h,P,2.4,0.0
xfeat_h,P,2.41,0.0
xfeat_h,P,2.42,0.0
xfeat_h,P,2.43,0.0
xfeat_h,P,2.44,0.0
xfeat_h,P,2.45,0.0
xfeat_h,P,2.46,0.0
xfeat_h,P,2.47,0.0
xfeat_h,P,2.48,0.0
xfeat_h,P,2.49,0.0
xfeat_h,P,2.5,0.0
xfeat_h,P,2.5100000000000002,0.0
xfeat_h,P,2.52,0.0
xfeat_h,P,2.5300000000000002,0.0
xfeat_h,P,2.54,0.0
xfeat_h,P,2.5500000000000003,0.0
xfeat_h,P,2.56,0.0
xfeat_h,P,2.57,0.0
xfeat_h,P,2.58,0.0
xfeat_h,P,2.59,0.0
xfeat_h,P,2.6,0.0
xfeat_h,P,2.61,0.0
xfeat_h,P,2.62,0.0
xfeat_h,P,2.63,0.0
xfeat_h,P,2.64,0.0
xfeat_h,P,2.65,0.0
xfeat_h,P,2.66,0.0
xfeat_h,P,2.67,0.0
xfeat_h,P,2.68,0.0
xfeat_h,P,2.69,0.0
xfeat_h,P,2.7,0.0
xfeat_h,P,2.71,0.0
xfeat_h,P,2.72,0.0
xfeat_h,P,2.73,0.0
xfeat_h,P,2.74,0.0
xfeat_h,P,2.75,0.0
xfeat_h,P,2.7600000000000002,0.0
xfeat_h,P,2.77,0.0
xfeat_h,P,2.7800000000000002,0.0
xfeat_h,P,2.79,0.0
xfeat_h,P,2.8000000000000003,0.0
xfeat_h,P,2.81,0.0
xfeat_h,P,2.82,0.0
xfeat_h,P,2.83,0.0
xfeat_h,P,2.84,0.0
xfeat_h,P,2.85,0.0
xfeat_h,P,2.86,0.0
xfeat_h,P,2.87,0.0
xfeat_h,P,2.88,0.0
xfeat_h,P,2.89,0.0
xfeat_h,P,2.9,0.0
xfeat_h,P,2.91,0.0
xfeat_h,P,2.92,0.0
xfeat_h,P,2.93,0.0
xfeat_h,P,2.94,0.0
xfeat_h,P,2.95,0.0
xfeat_h,P,2.96,0.0
xfeat_h,P,2.97,0.0
xfeat_h,P,2.98,0.0
xfeat_h,P,2.99,0.0
xfeat_h,P,3.0,0.0
xfeat_h,P,3.0100000000000002,0.0
xfeat_h,P,3.02,0.0
xfeat_h,P,3.0300000000000002,0.0
xfeat_h,P,3.04,0.0
xfeat_h,P,3.0500000000000003,0.0
xfeat_h,P,3.06,0.0
xfeat_h,P,3.0700000000000003,0.0
xfeat_h,P,3.08,0.0
xfeat_h,P,3.09,0.0
xfeat_h,P,3.1,0.0
xfeat_h,P,3.11,0.0
xfeat_h,P,3.12,0.0
xfeat_h,P,3.13,0.0
xfeat_h,P,3.14,0.0
xfeat_h,P,3.15,0.0
xfeat_h,P,3.16,0.0
xfeat_h,P,3.17,0.0
xfeat_h,P,3.18,0.0
xfeat_h,P,3.19,0.0
xfeat_h,P,3.2,0.0
xfeat_h,P,3.21,0.0
xfeat_h,P,3.22,0.0
xfeat_h,P,3.23,0.0
xfeat_h,P,3.24,0.0
xfeat_h,P,3.25,0.0
xfeat_h,P,3.2600000000000002,0.0
xfeat_h,P,3.27,0.0
xfeat_h,P,3.2800000000000002,0.0
xfeat_h,P,3.29,0.0
xfeat_h,P,3.3000000000000003,0.0
xfeat_h,P,3.31,0.0
xfeat_h,P,3.3200000000000003,0.0
xfeat_h,P,3.33,0.0
xfeat_h,P,3.34,0.0
xfeat_h,P,3.35,0.0
xfeat_h,P,3.36,0.0
xfeat_h,P,3.37,0.0
xfeat_h,P,3.38,0.0
xfeat_h,P,3.39,0.0
xfeat_h,P,3.4,0.0
xfeat_h,P,3.41,0.0
xfeat_h,P,3.42,0.0
xfeat_h,P,3.43,0.0
xfeat_h,P,3.44,0.0
xfeat_h,P,3.45,0.0
xfeat_h,P,3.46,0.0
xfeat_h,P,3.47,0.0
xfeat_h,P,3.48,0.0
xfeat_h,P,3.49,0.0
xfeat_h,P,3.5,0.0
xfeat_h,P,3.5100000000000002,0.0
xfeat_h,P,3.52,0.0
xfeat_h,P,3.5300000000000002,0.0
xfeat_h,P,3.54,0.0
xfeat_h,P,3.5500000000000003,0.0
xfeat_h,P,3.56,0.0
xfeat_h,P,3.5700000000000003,0.0
xfeat_h,P,3.58,0.0
xfeat_h,P,3.59,0.0
xfeat_h,P,3.6,0.0
xfeat_h,P,3.61,0.0
xfeat_h,P,3.62,0.0
xfeat_h,P,3.63,0.0
xfeat_h,P,3.64,0.0
xfeat_h,P,3.65,0.0
xfeat_h,P,3.66,0.0
xfeat_h,P,3.67,0.0
xfeat_h,P,3.68,0.0
xfeat_h,P,3.69,0.0
xfeat_h,P,3.7,0.0
xfeat_h,P,3.71,0.0
xfeat_h,P,3.72,0.0
xfeat_h,P,3.73,0.0
xfeat_h,P,3.74,0.0
xfeat_h,P,3.75,0.0
xfeat_h,P,3.7600000000000002,0.0
xfeat_h,P,3.77,0.0
xfeat_h,P,3.7800000000000002,0.0
xfeat_h,P,3.79,0.0
xfeat_h,P,3.8000000000000003,0.0
xfeat_h,P,3.81,0.0
xfeat_h,P,3.8200000000000003,0.0
xfeat_h,P,3.83,0.0
xfeat_h,P,3.84,0.0
xfeat_h,P,3.85,0.0
xfeat_h,P,3.86,0.0
xfeat_h,P,3.87,0.0
xfeat_h,P,3.88,0.0
xfeat_h,P,3.89,0.0
xfeat_h,P,3.9,0.0
xfeat_h,P,3.91,0.0
xfeat_h,P,3.92,0.0
xfeat_h,P,3.93,0.0
xfeat_h,P,3.94,0.0
xfeat_h,P,3.95,0.0
xfeat_h,P,3.96,0.0
xfeat_h,P,3.97,0.0
xfeat_h,P,3.98,0.0
xfeat_h,P,3.99,0.0
xfeat_h,P,4.0,0.0
xfeat_h,P,4.01,0.0
xfeat_h,P,4.0200000000000005,0.0
xfeat_h,P,4.03,0.0
xfeat_h,P,4.04,0.0
xfeat_h,P,4.05,0.0
xfeat_h,P,4.0600000000000005,0.0
xfeat_h,P,4.07,0.0
xfeat_h,P,4.08,0.0
xfeat_h,P,4.09,0.0
xfeat_h,P,4.1,0.0
xfeat_h,P,4.11,0.0
xfeat_h,P,4.12,0.0
xfeat_h,P,4.13,0.0
xfeat_h,P,4.14,0.0
xfeat_h,P,4.15,0.0
xfeat_h,P,4.16,0.0
xfeat_h,P,4.17,0.0
xfeat_h,P,4.18,0.0
xfeat_h,P,4.19,0.0
xfeat_h,P,4.2,0.0
xfeat_h,P,4.21,0.0
xfeat_h,P,4.22,0.0
xfeat_h,P,4.23,0.0
xfeat_h,P,4.24,0.0
xfeat_h,P,4.25,0.0
xfeat_h,P,4.26,0.0
xfeat_h,P,4.2700000000000005,0.0
xfeat_h,P,4.28,0.0
xfeat_h,P,4.29,0.0
xfeat_h,P,4.3,0.0
xfeat_h,P,4.3100000000000005,0.0
xfeat_h,P,4.32,0.0
xfeat_h,P,4.33,0.0
xfeat_h,P,4.34,0.0
xfeat_h,P,4.3500000000000005,0.0
xfeat_h,P,4.36,0.0
xfeat_h,P,4.37,0.0
xfeat_h,P,4.38,0.0
xfeat_h,P,4.39,0.0
xfeat_h,P,4.4,0.0
xfeat_h,P,4.41,0.0
xfeat_h,P,4.42,0.0
xfeat_h,P,4.43,0.0
xfeat_h,P,4.44,0.0
xfeat_h,P,4.45,0.0
xfeat_h,P,4.46,0.0
xfeat_h,P,4.47,0.0
xfeat_h,P,4.48,0.0
xfeat_h,P,4.49,0.0
xfeat_h,P,4.5,0.0
xfeat_h,P,4.51,0.0
xfeat_h,P,4.5200000000000005,0.0
xfeat_h,P,4.53,0.0
xfeat_h,P,4.54,0.0
xfeat_h,P,4.55,0.0
xfeat_h,P,4.5600000000000005,0.0
xfeat_h,P,4.57,0.0
xfeat_h,P,4.58,0.0
xfeat_h,P,4.59,0.0
xfeat_h,P,4.6000000000000005,0.0
xfeat_h,P,4.61,0.0
xfeat_h,P,4.62,0.0
xfeat_h,P,4.63,0.0
xfeat_h,P,4.64,0.0
xfeat_h,P,4.65,0.0
xfeat_h,P,4.66,0.0
xfeat_h,P,4.67,0.0
xfeat_h,P,4.68,0.0
xfeat_h,P,4.69,0.0
xfeat_h,P,4.7,0.0
xfeat_h,P,4.71,0.0
xfeat_h,P,4.72,0.0
xfeat_h,P,4.73,0.0
xfeat_h,P,4.74,0.0
xfeat_h,P,4.75,0.0
xfeat_h,P,4.76,0.0
xfeat_h,P,4.7700000000000005,0.0
xfeat_h,P,4.78,0.0
xfeat_h,P,4.79,0.0
xfeat_h,P,4.8,0.0
xfeat_h,P,4.8100000000000005,0.0
xfeat_h,P,4.82,0.0
xfeat_h,P,4.83,0.0
xfeat_h,P,4.84,0.0
xfeat_h,P,4.8500000000000005,0.0
xfeat_h,P,4.86,0.0
xfeat_h,P,4.87,0.0
xfeat_h,P,4.88,0.0
xfeat_h,P,4.89,0.0
xfeat_h,P,4.9,0.0
xfeat_h,P,4.91,0.0
xfeat_h,P,4.92,0.0
xfeat_h,P,4.93,0.0
xfeat_h,P,4.94,0.0
xfeat_h,P,4.95,0.0
xfeat_h,P,4.96,0.0
xfeat_h,P,4.97,0.0
xfeat_h,P,4.98,0.0
xfeat_h,P,4.99,0.0
xfeat_h,P,5.0,0.0
xfeat_h,P,5.01,0.0
xfeat_h,P,5.0200000000000005,0.0
xfeat_h,P,5.03,0.0
xfeat_h,P,5.04,0.0
xfeat_h,P,5.05,0.0
xfeat_h,P,5.0600000000000005,0.0
xfeat_h,P,5.07,0.0
xfeat_h,P,5.08,0.0
xfeat_h,P,5.09,0.0
xfeat_h,P,5.1000000000000005,0.0
xfeat_h,P,5.11,0.0
xfeat_h,P,5.12,0.0
xfeat_h,P,5.13,0.0
xfeat_h,P,5.14,0.0
xfeat_h,P,5.15,0.0
xfeat_h,P,5.16,0.0
xfeat_h,P,5.17,0.0
xfeat_h,P,5.18,0.0
xfeat_h,P,5.19,0.0
xfeat_h,P,5.2,0.0
xfeat_h,P,5.21,0.0
xfeat_h,P,5.22,0.0
xfeat_h,P,5.23,0.0
xfeat_h,P,5.24,0.0
xfeat_h,P,5.25,0.0
xfeat_h,P,5.26,0.0
xfeat_h,P,5.2700000000000005,0.0
xfeat_h,P,5.28,0.0
xfeat_h,P,5.29,0.0
xfeat_h,P,5.3,0.0
xfeat_h,P,5.3100000000000005,0.0
xfeat_h,P,5.32,0.0
xfeat_h,P,5.33,0.0
xfeat_h,P,5.34,0.0
xfeat_h,P,5.3500000000000005,0.0
xfeat_h,P,5.36,0.0
xfeat_h,P,5.37,0.0
xfeat_h,P,5.38,0.0
xfeat_h,P,5.39,0.0
xfeat_h,P,5.4,0.0
xfeat_h,P,5.41,0.0
xfeat_h,P,5.42,0.0
xfeat_h,P,5.43,0.0
xfeat_h,P,5.44,0.0
xfeat_h,P,5.45,0.0
xfeat_h,P,5.46,0.0
xfeat_h,P,5.47,0.0
xfeat_h,P,5.48,0.0
xfeat_h,P,5.49,0.0
xfeat_h,P,5.5,0.0
xfeat_h,P,5.51,0.0
xfeat_h,P,5.5200000000000005,0.0
xfeat_h,P,5.53,0.0
xfeat_h,P,5.54,0.0
xfeat_h,P,5.55,0.0
xfeat_h,P,5.5600000000000005,0.0
xfeat_h,P,5.57,0.0
xfeat_h,P,5.58,0.0
xfeat_h,P,5.59,0.0
xfeat_h,P,5.6000000000000005,0.0
xfeat_h,P,5.61,0.0
xfeat_h,P,5.62,0.0
xfeat_h,P,5.63,0.0
xfeat_h,P,5.64,0.0
xfeat_h,P,5.65,0.0
xfeat_h,P,5.66,0.0
xfeat_h,P,5.67,0.0
xfeat_h,P,5.68,0.0
xfeat_h,P,5.69,0.0
xfeat_h,P,5.7,0.0
xfeat_h,P,5.71,0.0
xfeat_h,P,5.72,0.0
xfeat_h,P,5.73,0.0
xfeat_h,P,5.74,0.0
xfeat_h,P,5.75,0.0
xfeat_h,P,5.76,0.0
xfeat_h,P,5.7700000000000005,0.0
xfeat_h,P,5.78,0.0
xfeat_h,P,5.79,0.0
xfeat_h,P,5.8,0.0
xfeat_h,P,5.8100000000000005,0.0
xfeat_h,P,5.82,0.0
xfeat_h,P,5.83,0.0
xfeat_h,P,5.84,0.0
xfeat_h,P,5.8500000000000005,0.0
xfeat_h,P,5.86,0.0
xfeat_h,P,5.87,0.0
xfeat_h,P,5.88,0.0
xfeat_h,P,5.89,0.0
xfeat_h,P,5.9,0.0
xfeat_h,P,5.91,0.0
xfeat_h,P,5.92,0.0
xfeat_h,P,5.93,0.0
xfeat_h,P,5.94,0.0
xfeat_h,P,5.95,0.0
xfeat_h,P,5.96,0.0
xfeat_h,P,5.97,0.0
xfeat_h,P,5.98,0.0
xfeat_h,P,5.99,0.0
xfeat_h,P,6.0,0.0
xfeat_h,P,6.01,0.0
xfeat_h,P,6.0200000000000005,0.0
xfeat_h,P,6.03,0.0
xfeat_h,P,6.04,0.0
xfeat_h,P,6.05,0.0
xfeat_h,P,6.0600000000000005,0.0
xfeat_h,P,6.07,0.0
xfeat_h,P,6.08,0.0
xfeat_h,P,6.09,0.0
xfeat_h,P,6.1000000000000005,0.0
xfeat_h,P,6.11,0.0
xfeat_h,P,6.12,0.0
xfeat_h,P,6.13,0.0
xfeat_h,P,6.140000000000001,0.0
xfeat_h,P,6.15,0.0
xfeat_h,P,6.16,0.0
xfeat_h,P,6.17,0.0
xfeat_h,P,6.18,0.0
xfeat_h,P,6.19,0.0
xfeat_h,P,6.2,0.0
xfeat_h,P,6.21,0.0
xfeat_h,P,6.22,0.0
xfeat_h,P,6.23,0.0
xfeat_h,P,6.24,0.0
xfeat_h,P,6.25,0.0
xfeat_h,P,6.26,0.0
xfeat_h,P,6.2700000000000005,0.0
xfeat_h,P,6.28,0.0
xfeat_h,P,6.29,0.0
xfeat_h,P,6.3,0.0
xfeat_h,P,6.3100000000000005,0.0
xfeat_h,P,6.32,0.0
xfeat_h,P,6.33,0.0
xfeat_h,P,6.34,0.0
xfeat_h,P,6.3500000000000005,0.0
xfeat_h,P,6.36,0.0
xfeat_h,P,6.37,0.0
xfeat_h,P,6.38,0.0
xfeat_h,P,6.390000000000001,0.0
xfeat_h,P,6.4,0.0
xfeat_h,P,6.41,0.0
xfeat_h,P,6.42,0.0
xfeat_h,P,6.43,0.0
xfeat_h,P,6.44,0.0
xfeat_h,P,6.45,0.0
xfeat_h,P,6.46,0.0
xfeat_h,P,6.47,0.0
xfeat_h,P,6.48,0.0
xfeat_h,P,6.49,0.0
xfeat_h,P,6.5,0.0
xfeat_h,P,6.51,0.0
xfeat_h,P,6.5200000000000005,0.0
xfeat_h,P,6.53,0.0
xfeat_h,P,6.54,0.0
xfeat_h,P,6.55,0.0
xfeat_h,P,6.5600000000000005,0.0
xfeat_h,P,6.57,0.0
xfeat_h,P,6.58,0.0
xfeat_h,P,6.59,0.0
xfeat_h,P,6.6000000000000005,0.0
xfeat_h,P,6.61,0.0
xfeat_h,P,6.62,0.0
xfeat_h,P,6.63,0.0
xfeat_h,P,6.640000000000001,0.0
xfeat_h,P,6.65,0.0
xfeat_h,P,6.66,0.0
xfeat_h,P,6.67,0.0
xfeat_h,P,6.68,0.0
xfeat_h,P,6.69,0.0
xfeat_h,P,6.7,0.0
xfeat_h,P,6.71,0.0
xfeat_h,P,6.72,0.0
xfeat_h,P,6.73,0.0
xfeat_h,P,6.74,0.0
xfeat_h,P,6.75,0.0
xfeat_h,P,6.76,0.0
xfeat_h,P,6.7700000000000005,0.0
xfeat_h,P,6.78,0.0
xfeat_h,P,6.79,0.0
xfeat_h,P,6.8,0.0
xfeat_h,P,6.8100000000000005,0.0
xfeat_h,P,6.82,0.0
xfeat_h,P,6.83,0.0
xfeat_h,P,6.84,0.0
xfeat_h,P,6.8500000000000005,0.0
xfeat_h,P,6.86,0.0
xfeat_h,P,6.87,0.0
xfeat_h,P,6.88,0.0
xfeat_h,P,6.890000000000001,0.0
xfeat_h,P,6.9,0.0
xfeat_h,P,6.91,0.0
xfeat_h,P,6.92,0.0
xfeat_h,P,6.93,0.0
xfeat_h,P,6.94,0.0
xfeat_h,P,6.95,0.0
xfeat_h,P,6.96,0.0
xfeat_h,P,6.97,0.0
xfeat_h,P,6.98,0.0
xfeat_h,P,6.99,0.0
xfeat_h,P,7.0,0.0
xfeat_h,P,7.01,0.0
xfeat_h,P,7.0200000000000005,0.0
xfeat_h,P,7.03,0.0
xfeat_h,P,7.04,0.0
xfeat_h,P,7.05,0.0
xfeat_h,P,7.0600000000000005,0.0
xfeat_h,P,7.07,0.0
xfeat_h,P,7.08,0.0
xfeat_h,P,7.09,0.0
xfeat_h,P,7.1000000000000005,0.0
xfeat_h,P,7.11,0.0
xfeat_h,P,7.12,0.0
xfeat_h,P,7.13,0.0
xfeat_h,P,7.140000000000001,0.0
xfeat_h,P,7.15,0.0
xfeat_h,P,7.16,0.0
xfeat_h,P,7.17,0.0
xfeat_h,P,7.18,0.0
xfeat_h,P,7.19,0.0
xfeat_h,P,7.2,0.0
xfeat_h,P,7.21,0.0
xfeat_h,P,7.22,0.0
xfeat_h,P,7.23,0.0
xfeat_h,P,7.24,0.0
xfeat_h,P,7.25,0.0
xfeat_h,P,7.26,0.0
xfeat_h,P,7.2700000000000005,0.0
xfeat_h,P,7.28,0.0
xfeat_h,P,7.29,0.0
xfeat_h,P,7.3,0.0
xfeat_h,P,7.3100000000000005,0.0
xfeat_h,P,7.32,0.0
xfeat_h,P,7.33,0.0
xfeat_h,P,7.34,0.0
xfeat_h,P,7.3500000000000005,0.0
xfeat_h,P,7.36,0.0
xfeat_h,P,7.37,0.0
xfeat_h,P,7.38,0.0
xfeat_h,P,7.390000000000001,0.0
xfeat_h,P,7.4,0.0
xfeat_h,P,7.41,0.0
xfeat_h,P,7.42,0.0
xfeat_h,P,7.43,0.0
xfeat_h,P,7.44,0.0
xfeat_h,P,7.45,0.0
xfeat_h,P,7.46,0.0
xfeat_h,P,7.47,0.0
xfeat_h,P,7.48,0.0
xfeat_h,P,7.49,0.0
xfeat_h,P,7.5,0.0
xfeat_h,P,7.51,0.0
xfeat_h,P,7.5200000000000005,0.0
xfeat_h,P,7.53,0.0
xfeat_h,P,7.54,0.0
xfeat_h,P,7.55,0.0
xfeat_h,P,7.5600000000000005,0.0
xfeat_h,P,7.57,0.0
xfeat_h,P,7.58,0.0
xfeat_h,P,7.59,0.0
xfeat_h,P,7.6000000000000005,0.0
xfeat_h,P,7.61,0.0
xfeat_h,P,7.62,0.0
xfeat_h,P,7.63,0.0
xfeat_h,P,7.640000000000001,0.0
xfeat_h,P,7.65,0.0
xfeat_h,P,7.66,0.0
xfeat_h,P,7.67,0.0
xfeat_h,P,7.68,0.0
xfeat_h,P,7.69,0.0
xfeat_h,P,7.7,0.0
xfeat_h,P,7.71,0.0
xfeat_h,P,7.72,0.0
xfeat_h,P,7.73,0.0
xfeat_h,P,7.74,0.0
xfeat_h,P,7.75,0.0
xfeat_h,P,7.76,0.0
xfeat_h,P,7.7700000000000005,0.0
xfeat_h,P,7.78,0.0
xfeat_h,P,7.79,0.0
xfeat_h,P,7.8,0.0
xfeat_h,P,7.8100000000000005,0.0
xfeat_h,P,7.82,0.0
xfeat_h,P,7.83,0.0
xfeat_h,P,7.84,0.0
xfeat_h,P,7.8500000000000005,0.0
xfeat_h,P,7.86,0.0
xfeat_h,P,7.87,0.0
xfeat_h,P,7.88,0.0
xfeat_h,P,7.890000000000001,0.0
xfeat_h,P,7.9,0.0
xfeat_h,P,7.91,0.0
xfeat_h,P,7.92,0.0
xfeat_h,P,7.930000000000001,0.0
xfeat_h,P,7.94,0.0
xfeat_h,P,7.95,0.0
xfeat_h,P,7.96,0.0
xfeat_h,P,7.97,0.0
xfeat_h,P,7.98,0.0
xfeat_h,P,7.99,0.0
xfeat_h,P,8.0,0.0
xfeat_h,P,8.01,0.0
xfeat_h,P,8.02,0.0
xfeat_h,P,8.03,0.0
xfeat_h,P,8.040000000000001,0.0
xfeat_h,P,8.05,0.0
xfeat_h,P,8.06,0.0
xfeat_h,P,8.07,0.0
xfeat_h,P,8.08,0.0
xfeat_h,P,8.09,0.0
xfeat_h,P,8.1,0.0
xfeat_h,P,8.11,0.0
xfeat_h,P,8.120000000000001,0.0
xfeat_h,P,8.13,0.0
xfeat_h,P,8.14,0.0
xfeat_h,P,8.15,0.0
xfeat_h,P,8.16,0.0
xfeat_h,P,8.17,0.0
xfeat_h,P,8.18,0.0
xfeat_h,P,8.19,0.0
xfeat_h,P,8.2,0.0
xfeat_h,P,8.21,0.0
xfeat_h,P,8.22,0.0
xfeat_h,P,8.23,0.0
xfeat_h,P,8.24,0.0
xfeat_h,P,8.25,0.0
xfeat_h,P,8.26,0.0
xfeat_h,P,8.27,0.02040816326530612
xfeat_h,P,8.28,0.02040816326530612
xfeat_h,P,8.290000000000001,0.02040816326530612
xfeat_h,P,8.3,0.02040816326530612
xfeat_h,P,8.31,0.02040816326530612
xfeat_h,P,8.32,0.02040816326530612
xfeat_h,P,8.33,0.02040816326530612
xfeat_h,P,8.34,0.02040816326530612
xfeat_h,P,8.35,0.02040816326530612
xfeat_h,P,8.36,0.02040816326530612
xfeat_h,P,8.370000000000001,0.02040816326530612
xfeat_h,P,8.38,0.02040816326530612
xfeat_h,P,8.39,0.02040816326530612
xfeat_h,P,8.4,0.02040816326530612
xfeat_h,P,8.41,0.02040816326530612
xfeat_h,P,8.42,0.02040816326530612
xfeat_h,P,8.43,0.02040816326530612
xfeat_h,P,8.44,0.02040816326530612
xfeat_h,P,8.45,0.02040816326530612
xfeat_h,P,8.46,0.02040816326530612
xfeat_h,P,8.47,0.02040816326530612
xfeat_h,P,8.48,0.02040816326530612
xfeat_h,P,8.49,0.02040816326530612
xfeat_h,P,8.5,0.02040816326530612
xfeat_h,P,8.51,0.02040816326530612
xfeat_h,P,8.52,0.02040816326530612
xfeat_h,P,8.53,0.02040816326530612
xfeat_h,P,8.540000000000001,0.02040816326530612
xfeat_h,P,8.55,0.02040816326530612
xfeat_h,P,8.56,0.02040816326530612
xfeat_h,P,8.57,0.02040816326530612
xfeat_h,P,8.58,0.02040816326530612
xfeat_h,P,8.59,0.02040816326530612
xfeat_h,P,8.6,0.02040816326530612
xfeat_h,P,8.61,0.02040816326530612
xfeat_h,P,8.620000000000001,0.02040816326530612
xfeat_h,P,8.63,0.02040816326530612
xfeat_h,P,8.64,0.04081632653061224
xfeat_h,P,8.65,0.04081632653061224
xfeat_h,P,8.66,0.04081632653061224
xfeat_h,P,8.67,0.04081632653061224
xfeat_h,P,8.68,0.04081632653061224
xfeat_h,P,8.69,0.04081632653061224
xfeat_h,P,8.700000000000001,0.04081632653061224
xfeat_h,P,8.71,0.04081632653061224
xfeat_h,P,8.72,0.04081632653061224
xfeat_h,P,8.73,0.04081632653061224
xfeat_h,P,8.74,0.04081632653061224
xfeat_h,P,8.75,0.04081632653061224
xfeat_h,P,8.76,0.04081632653061224
xfeat_h,P,8.77,0.04081632653061224
xfeat_h,P,8.78,0.04081632653061224
xfeat_h,P,8.790000000000001,0.04081632653061224
xfeat_h,P,8.8,0.04081632653061224
xfeat_h,P,8.81,0.04081632653061224
xfeat_h,P,8.82,0.04081632653061224
xfeat_h,P,8.83,0.04081632653061224
xfeat_h,P,8.84,0.04081632653061224
xfeat_h,P,8.85,0.04081632653061224
xfeat_h,P,8.86,0.04081632653061224
xfeat_h,P,8.870000000000001,0.04081632653061224
xfeat_h,P,8.88,0.04081632653061224
xfeat_h,P,8.89,0.04081632653061224
xfeat_h,P,8.9,0.04081632653061224
xfeat_h,P,8.91,0.04081632653061224
xfeat_h,P,8.92,0.04081632653061224
xfeat_h,P,8.93,0.04081632653061224
xfeat_h,P,8.94,0.04081632653061224
xfeat_h,P,8.950000000000001,0.04081632653061224
xfeat_h,P,8.96,0.04081632653061224
xfeat_h,P,8.97,0.04081632653061224
xfeat_h,P,8.98,0.04081632653061224
xfeat_h,P,8.99,0.04081632653061224
xfeat_h,P,9.0,0.04081632653061224
xfeat_h,P,9.01,0.04081632653061224
xfeat_h,P,9.02,0.04081632653061224
xfeat_h,P,9.03,0.04081632653061224
xfeat_h,P,9.040000000000001,0.04081632653061224
xfeat_h,P,9.05,0.04081632653061224
xfeat_h,P,9.06,0.04081632653061224
xfeat_h,P,9.07,0.04081632653061224
xfeat_h,P,9.08,0.04081632653061224
xfeat_h,P,9.09,0.04081632653061224
xfeat_h,P,9.1,0.04081632653061224
xfeat_h,P,9.11,0.04081632653061224
xfeat_h,P,9.120000000000001,0.04081632653061224
xfeat_h,P,9.13,0.04081632653061224
xfeat_h,P,9.14,0.04081632653061224
xfeat_h,P,9.15,0.04081632653061224
xfeat_h,P,9.16,0.04081632653061224
xfeat_h,P,9.17,0.04081632653061224
xfeat_h,P,9.18,0.04081632653061224
xfeat_h,P,9.19,0.04081632653061224
xfeat_h,P,9.200000000000001,0.04081632653061224
xfeat_h,P,9.21,0.04081632653061224
xfeat_h,P,9.22,0.04081632653061224
xfeat_h,P,9.23,0.04081632653061224
xfeat_h,P,9.24,0.04081632653061224
xfeat_h,P,9.25,0.04081632653061224
xfeat_h,P,9.26,0.04081632653061224
xfeat_h,P,9.27,0.04081632653061224
xfeat_h,P,9.28,0.04081632653061224
xfeat_h,P,9.290000000000001,0.04081632653061224
xfeat_h,P,9.3,0.04081632653061224
xfeat_h,P,9.31,0.04081632653061224
xfeat_h,P,9.32,0.04081632653061224
xfeat_h,P,9.33,0.04081632653061224
xfeat_h,P,9.34,0.04081632653061224
xfeat_h,P,9.35,0.04081632653061224
xfeat_h,P,9.36,0.04081632653061224
xfeat_h,P,9.370000000000001,0.04081632653061224
xfeat_h,P,9.38,0.04081632653061224
xfeat_h,P,9.39,0.04081632653061224
xfeat_h,P,9.4,0.04081632653061224
xfeat_h,P,9.41,0.04081632653061224
xfeat_h,P,9.42,0.04081632653061224
xfeat_h,P,9.43,0.04081632653061224
xfeat_h,P,9.44,0.04081632653061224
xfeat_h,P,9.450000000000001,0.04081632653061224
xfeat_h,P,9.46,0.04081632653061224
xfeat_h,P,9.47,0.04081632653061224
xfeat_h,P,9.48,0.04081632653061224
xfeat_h,P,9.49,0.04081632653061224
xfeat_h,P,9.5,0.04081632653061224
xfeat_h,P,9.51,0.04081632653061224
xfeat_h,P,9.52,0.04081632653061224
xfeat_h,P,9.53,0.04081632653061224
xfeat_h,P,9.540000000000001,0.04081632653061224
xfeat_h,P,9.55,0.04081632653061224
xfeat_h,P,9.56,0.04081632653061224
xfeat_h,P,9.57,0.04081632653061224
xfeat_h,P,9.58,0.04081632653061224
xfeat_h,P,9.59,0.04081632653061224
xfeat_h,P,9.6,0.04081632653061224
xfeat_h,P,9.61,0.04081632653061224
xfeat_h,P,9.620000000000001,0.04081632653061224
xfeat_h,P,9.63,0.04081632653061224
xfeat_h,P,9.64,0.04081632653061224
xfeat_h,P,9.65,0.04081632653061224
xfeat_h,P,9.66,0.04081632653061224
xfeat_h,P,9.67,0.04081632653061224
xfeat_h,P,9.68,0.04081632653061224
xfeat_h,P,9.69,0.04081632653061224
xfeat_h,P,9.700000000000001,0.04081632653061224
xfeat_h,P,9.71,0.04081632653061224
xfeat_h,P,9.72,0.04081632653061224
xfeat_h,P,9.73,0.04081632653061224
xfeat_h,P,9.74,0.04081632653061224
xfeat_h,P,9.75,0.04081632653061224
xfeat_h,P,9.76,0.04081632653061224
xfeat_h,P,9.77,0.04081632653061224
xfeat_h,P,9.78,0.04081632653061224
xfeat_h,P,9.790000000000001,0.04081632653061224
xfeat_h,P,9.8,0.04081632653061224
xfeat_h,P,9.81,0.04081632653061224
xfeat_h,P,9.82,0.04081632653061224
xfeat_h,P,9.83,0.04081632653061224
xfeat_h,P,9.84,0.04081632653061224
xfeat_h,P,9.85,0.04081632653061224
xfeat_h,P,9.86,0.04081632653061224
xfeat_h,P,9.870000000000001,0.04081632653061224
xfeat_h,P,9.88,0.04081632653061224
xfeat_h,P,9.89,0.04081632653061224
xfeat_h,P,9.9,0.04081632653061224
xfeat_h,P,9.91,0.04081632653061224
xfeat_h,P,9.92,0.04081632653061224
xfeat_h,P,9.93,0.04081632653061224
xfeat_h,P,9.94,0.04081632653061224
xfeat_h,P,9.950000000000001,0.04081632653061224
xfeat_h,P,9.96,0.04081632653061224
xfeat_h,P,9.97,0.04081632653061224
xfeat_h,P,9.98,0.04081632653061224
xfeat_h,P,9.99,0.04081632653061224
xfeat_h,P,10.0,0.04081632653061224
xfeat_h,P,10.01,0.04081632653061224
xfeat_h,P,10.02,0.04081632653061224
xfeat_h,P,10.03,0.04081632653061224
xfeat_h,P,10.040000000000001,0.04081632653061224
xfeat_h,P,10.05,0.04081632653061224
xfeat_h,P,10.06,0.04081632653061224
xfeat_h,P,10.07,0.04081632653061224
xfeat_h,P,10.08,0.04081632653061224
xfeat_h,P,10.09,0.04081632653061224
xfeat_h,P,10.1,0.04081632653061224
xfeat_h,P,10.11,0.04081632653061224
xfeat_h,P,10.120000000000001,0.04081632653061224
xfeat_h,P,10.13,0.04081632653061224
xfeat_h,P,10.14,0.04081632653061224
xfeat_h,P,10.15,0.04081632653061224
xfeat_h,P,10.16,0.04081632653061224
xfeat_h,P,10.17,0.04081632653061224
xfeat_h,P,10.18,0.04081632653061224
xfeat_h,P,10.19,0.04081632653061224
xfeat_h,P,10.200000000000001,0.061224489795918366
xfeat_h,P,10.21,0.061224489795918366
xfeat_h,P,10.22,0.061224489795918366
xfeat_h,P,10.23,0.061224489795918366
xfeat_h,P,10.24,0.061224489795918366
xfeat_h,P,10.25,0.061224489795918366
xfeat_h,P,10.26,0.061224489795918366
xfeat_h,P,10.27,0.061224489795918366
xfeat_h,P,10.28,0.061224489795918366
xfeat_h,P,10.290000000000001,0.061224489795918366
xfeat_h,P,10.3,0.061224489795918366
xfeat_h,P,10.31,0.061224489795918366
xfeat_h,P,10.32,0.061224489795918366
xfeat_h,P,10.33,0.061224489795918366
xfeat_h,P,10.34,0.061224489795918366
xfeat_h,P,10.35,0.061224489795918366
xfeat_h,P,10.36,0.061224489795918366
xfeat_h,P,10.370000000000001,0.061224489795918366
xfeat_h,P,10.38,0.061224489795918366
xfeat_h,P,10.39,0.061224489795918366
xfeat_h,P,10.4,0.061224489795918366
xfeat_h,P,10.41,0.061224489795918366
xfeat_h,P,10.42,0.061224489795918366
xfeat_h,P,10.43,0.061224489795918366
xfeat_h,P,10.44,0.061224489795918366
xfeat_h,P,10.450000000000001,0.061224489795918366
xfeat_h,P,10.46,0.061224489795918366
xfeat_h,P,10.47,0.061224489795918366
xfeat_h,P,10.48,0.08163265306122448
xfeat_h,P,10.49,0.08163265306122448
xfeat_h,P,10.5,0.08163265306122448
xfeat_h,P,10.51,0.08163265306122448
xfeat_h,P,10.52,0.08163265306122448
xfeat_h,P,10.53,0.08163265306122448
xfeat_h,P,10.540000000000001,0.08163265306122448
xfeat_h,P,10.55,0.08163265306122448
xfeat_h,P,10.56,0.08163265306122448
xfeat_h,P,10.57,0.08163265306122448
xfeat_h,P,10.58,0.08163265306122448
xfeat_h,P,10.59,0.08163265306122448
xfeat_h,P,10.6,0.08163265306122448
xfeat_h,P,10.61,0.08163265306122448
xfeat_h,P,10.620000000000001,0.08163265306122448
xfeat_h,P,10.63,0.08163265306122448
xfeat_h,P,10.64,0.08163265306122448
xfeat_h,P,10.65,0.08163265306122448
xfeat_h,P,10.66,0.08163265306122448
xfeat_h,P,10.67,0.08163265306122448
xfeat_h,P,10.68,0.10204081632653061
xfeat_h,P,10.69,0.10204081632653061
xfeat_h,P,10.700000000000001,0.10204081632653061
xfeat_h,P,10.71,0.10204081632653061
xfeat_h,P,10.72,0.10204081632653061
xfeat_h,P,10.73,0.10204081632653061
xfeat_h,P,10.74,0.10204081632653061
xfeat_h,P,10.75,0.10204081632653061
xfeat_h,P,10.76,0.10204081632653061
xfeat_h,P,10.77,0.10204081632653061
xfeat_h,P,10.78,0.10204081632653061
xfeat_h,P,10.790000000000001,0.10204081632653061
xfeat_h,P,10.8,0.10204081632653061
xfeat_h,P,10.81,0.10204081632653061
xfeat_h,P,10.82,0.10204081632653061
xfeat_h,P,10.83,0.10204081632653061
xfeat_h,P,10.84,0.10204081632653061
xfeat_h,P,10.85,0.10204081632653061
xfeat_h,P,10.86,0.10204081632653061
xfeat_h,P,10.870000000000001,0.10204081632653061
xfeat_h,P,10.88,0.10204081632653061
xfeat_h,P,10.89,0.10204081632653061
xfeat_h,P,10.9,0.10204081632653061
xfeat_h,P,10.91,0.10204081632653061
xfeat_h,P,10.92,0.10204081632653061
xfeat_h,P,10.93,0.12244897959183673
xfeat_h,P,10.94,0.12244897959183673
xfeat_h,P,10.950000000000001,0.12244897959183673
xfeat_h,P,10.96,0.12244897959183673
xfeat_h,P,10.97,0.12244897959183673
xfeat_h,P,10.98,0.12244897959183673
xfeat_h,P,10.99,0.12244897959183673
xfeat_h,P,11.0,0.12244897959183673
xfeat_h,P,11.01,0.12244897959183673
xfeat_h,P,11.02,0.12244897959183673
xfeat_h,P,11.03,0.12244897959183673
xfeat_h,P,11.040000000000001,0.12244897959183673
xfeat_h,P,11.05,0.12244897959183673
xfeat_h,P,11.06,0.12244897959183673
xfeat_h,P,11.07,0.12244897959183673
xfeat_h,P,11.08,0.12244897959183673
xfeat_h,P,11.09,0.12244897959183673
xfeat_h,P,11.1,0.12244897959183673
xfeat_h,P,11.11,0.12244897959183673
xfeat_h,P,11.120000000000001,0.12244897959183673
xfeat_h,P,11.13,0.12244897959183673
xfeat_h,P,11.14,0.12244897959183673
xfeat_h,P,11.15,0.12244897959183673
xfeat_h,P,11.16,0.12244897959183673
xfeat_h,P,11.17,0.12244897959183673
xfeat_h,P,11.18,0.14285714285714285
xfeat_h,P,11.19,0.14285714285714285
xfeat_h,P,11.200000000000001,0.14285714285714285
xfeat_h,P,11.21,0.14285714285714285
xfeat_h,P,11.22,0.14285714285714285
xfeat_h,P,11.23,0.14285714285714285
xfeat_h,P,11.24,0.14285714285714285
xfeat_h,P,11.25,0.14285714285714285
xfeat_h,P,11.26,0.14285714285714285
xfeat_h,P,11.27,0.14285714285714285
xfeat_h,P,11.28,0.14285714285714285
xfeat_h,P,11.290000000000001,0.14285714285714285
xfeat_h,P,11.3,0.14285714285714285
xfeat_h,P,11.31,0.14285714285714285
xfeat_h,P,11.32,0.14285714285714285
xfeat_h,P,11.33,0.14285714285714285
xfeat_h,P,11.34,0.14285714285714285
xfeat_h,P,11.35,0.14285714285714285
xfeat_h,P,11.36,0.14285714285714285
xfeat_h,P,11.370000000000001,0.14285714285714285
xfeat_h,P,11.38,0.14285714285714285
xfeat_h,P,11.39,0.14285714285714285
xfeat_h,P,11.4,0.14285714285714285
xfeat_h,P,11.41,0.14285714285714285
xfeat_h,P,11.42,0.14285714285714285
xfeat_h,P,11.43,0.14285714285714285
xfeat_h,P,11.44,0.14285714285714285
xfeat_h,P,11.450000000000001,0.14285714285714285
xfeat_h,P,11.46,0.14285714285714285
xfeat_h,P,11.47,0.14285714285714285
xfeat_h,P,11.48,0.14285714285714285
xfeat_h,P,11.49,0.14285714285714285
xfeat_h,P,11.5,0.14285714285714285
xfeat_h,P,11.51,0.14285714285714285
xfeat_h,P,11.52,0.14285714285714285
xfeat_h,P,11.53,0.14285714285714285
xfeat_h,P,11.540000000000001,0.14285714285714285
xfeat_h,P,11.55,0.14285714285714285
xfeat_h,P,11.56,0.14285714285714285
xfeat_h,P,11.57,0.14285714285714285
xfeat_h,P,11.58,0.14285714285714285
xfeat_h,P,11.59,0.14285714285714285
xfeat_h,P,11.6,0.14285714285714285
xfeat_h,P,11.61,0.14285714285714285
xfeat_h,P,11.620000000000001,0.14285714285714285
xfeat_h,P,11.63,0.14285714285714285
xfeat_h,P,11.64,0.14285714285714285
xfeat_h,P,11.65,0.14285714285714285
xfeat_h,P,11.66,0.14285714285714285
xfeat_h,P,11.67,0.14285714285714285
xfeat_h,P,11.68,0.14285714285714285
xfeat_h,P,11.69,0.14285714285714285
xfeat_h,P,11.700000000000001,0.14285714285714285
xfeat_h,P,11.71,0.14285714285714285
xfeat_h,P,11.72,0.14285714285714285
xfeat_h,P,11.73,0.16326530612244897
xfeat_h,P,11.74,0.16326530612244897
xfeat_h,P,11.75,0.16326530612244897
xfeat_h,P,11.76,0.16326530612244897
xfeat_h,P,11.77,0.16326530612244897
xfeat_h,P,11.78,0.16326530612244897
xfeat_h,P,11.790000000000001,0.16326530612244897
xfeat_h,P,11.8,0.16326530612244897
xfeat_h,P,11.81,0.16326530612244897
xfeat_h,P,11.82,0.16326530612244897
xfeat_h,P,11.83,0.16326530612244897
xfeat_h,P,11.84,0.16326530612244897
xfeat_h,P,11.85,0.16326530612244897
xfeat_h,P,11.86,0.16326530612244897
xfeat_h,P,11.870000000000001,0.16326530612244897
xfeat_h,P,11.88,0.16326530612244897
xfeat_h,P,11.89,0.16326530612244897
xfeat_h,P,11.9,0.16326530612244897
xfeat_h,P,11.91,0.16326530612244897
xfeat_h,P,11.92,0.16326530612244897
xfeat_h,P,11.93,0.16326530612244897
xfeat_h,P,11.94,0.16326530612244897
xfeat_h,P,11.950000000000001,0.16326530612244897
xfeat_h,P,11.96,0.16326530612244897
xfeat_h,P,11.97,0.16326530612244897
xfeat_h,P,11.98,0.16326530612244897
xfeat_h,P,11.99,0.16326530612244897
xfeat_h,P,12.0,0.16326530612244897
xfeat_h,P,12.01,0.16326530612244897
xfeat_h,P,12.02,0.16326530612244897
xfeat_h,P,12.030000000000001,0.16326530612244897
xfeat_h,P,12.040000000000001,0.16326530612244897
xfeat_h,P,12.05,0.16326530612244897
xfeat_h,P,12.06,0.16326530612244897
xfeat_h,P,12.07,0.16326530612244897
xfeat_h,P,12.08,0.16326530612244897
xfeat_h,P,12.09,0.16326530612244897
xfeat_h,P,12.1,0.16326530612244897
xfeat_h,P,12.11,0.16326530612244897
xfeat_h,P,12.120000000000001,0.16326530612244897
xfeat_h,P,12.13,0.16326530612244897
xfeat_h,P,12.14,0.16326530612244897
xfeat_h,P,12.15,0.16326530612244897
xfeat_h,P,12.16,0.16326530612244897
xfeat_h,P,12.17,0.16326530612244897
xfeat_h,P,12.18,0.16326530612244897
xfeat_h,P,12.19,0.16326530612244897
xfeat_h,P,12.200000000000001,0.16326530612244897
xfeat_h,P,12.21,0.16326530612244897
xfeat_h,P,12.22,0.16326530612244897
xfeat_h,P,12.23,0.16326530612244897
xfeat_h,P,12.24,0.16326530612244897
xfeat_h,P,12.25,0.16326530612244897
xfeat_h,P,12.26,0.16326530612244897
xfeat_h,P,12.27,0.16326530612244897
xfeat_h,P,12.280000000000001,0.16326530612244897
xfeat_h,P,12.290000000000001,0.16326530612244897
xfeat_h,P,12.3,0.16326530612244897
xfeat_h,P,12.31,0.16326530612244897
xfeat_h,P,12.32,0.16326530612244897
xfeat_h,P,12.33,0.1836734693877551
xfeat_h,P,12.34,0.1836734693877551
xfeat_h,P,12.35,0.1836734693877551
xfeat_h,P,12.36,0.1836734693877551
xfeat_h,P,12.370000000000001,0.1836734693877551
xfeat_h,P,12.38,0.1836734693877551
xfeat_h,P,12.39,0.1836734693877551
xfeat_h,P,12.4,0.1836734693877551
xfeat_h,P,12.41,0.1836734693877551
xfeat_h,P,12.42,0.1836734693877551
xfeat_h,P,12.43,0.1836734693877551
xfeat_h,P,12.44,0.1836734693877551
xfeat_h,P,12.450000000000001,0.1836734693877551
xfeat_h,P,12.46,0.1836734693877551
xfeat_h,P,12.47,0.1836734693877551
xfeat_h,P,12.48,0.1836734693877551
xfeat_h,P,12.49,0.1836734693877551
xfeat_h,P,12.5,0.1836734693877551
xfeat_h,P,12.51,0.1836734693877551
xfeat_h,P,12.52,0.1836734693877551
xfeat_h,P,12.530000000000001,0.1836734693877551
xfeat_h,P,12.540000000000001,0.1836734693877551
xfeat_h,P,12.55,0.1836734693877551
xfeat_h,P,12.56,0.1836734693877551
xfeat_h,P,12.57,0.1836734693877551
xfeat_h,P,12.58,0.1836734693877551
xfeat_h,P,12.59,0.1836734693877551
xfeat_h,P,12.6,0.1836734693877551
xfeat_h,P,12.61,0.1836734693877551
xfeat_h,P,12.620000000000001,0.1836734693877551
xfeat_h,P,12.63,0.1836734693877551
xfeat_h,P,12.64,0.1836734693877551
xfeat_h,P,12.65,0.1836734693877551
xfeat_h,P,12.66,0.1836734693877551
xfeat_h,P,12.67,0.1836734693877551
xfeat_h,P,12.68,0.1836734693877551
xfeat_h,P,12.69,0.1836734693877551
xfeat_h,P,12.700000000000001,0.1836734693877551
xfeat_h,P,12.71,0.1836734693877551
xfeat_h,P,12.72,0.1836734693877551
xfeat_h,P,12.73,0.1836734693877551
xfeat_h,P,12.74,0.1836734693877551
xfeat_h,P,12.75,0.1836734693877551
xfeat_h,P,12.76,0.1836734693877551
xfeat_h,P,12.77,0.1836734693877551
xfeat_h,P,12.780000000000001,0.1836734693877551
xfeat_h,P,12.790000000000001,0.1836734693877551
xfeat_h,P,12.8,0.1836734693877551
xfeat_h,P,12.81,0.1836734693877551
xfeat_h,P,12.82,0.1836734693877551
xfeat_h,P,12.83,0.1836734693877551
xfeat_h,P,12.84,0.1836734693877551
xfeat_h,P,12.85,0.1836734693877551
xfeat_h,P,12.86,0.1836734693877551
xfeat_h,P,12.870000000000001,0.1836734693877551
xfeat_h,P,12.88,0.1836734693877551
xfeat_h,P,12.89,0.1836734693877551
xfeat_h,P,12.9,0.1836734693877551
xfeat_h,P,12.91,0.1836734693877551
xfeat_h,P,12.92,0.1836734693877551
xfeat_h,P,12.93,0.1836734693877551
xfeat_h,P,12.94,0.1836734693877551
xfeat_h,P,12.950000000000001,0.1836734693877551
xfeat_h,P,12.96,0.1836734693877551
xfeat_h,P,12.97,0.1836734693877551
xfeat_h,P,12.98,0.1836734693877551
xfeat_h,P,12.99,0.1836734693877551
xfeat_h,P,13.0,0.1836734693877551
xfeat_h,P,13.01,0.1836734693877551
xfeat_h,P,13.02,0.1836734693877551
xfeat_h,P,13.030000000000001,0.1836734693877551
xfeat_h,P,13.040000000000001,0.1836734693877551
xfeat_h,P,13.05,0.1836734693877551
xfeat_h,P,13.06,0.1836734693877551
xfeat_h,P,13.07,0.1836734693877551
xfeat_h,P,13.08,0.1836734693877551
xfeat_h,P,13.09,0.1836734693877551
xfeat_h,P,13.1,0.1836734693877551
xfeat_h,P,13.11,0.1836734693877551
xfeat_h,P,13.120000000000001,0.1836734693877551
xfeat_h,P,13.13,0.1836734693877551
xfeat_h,P,13.14,0.1836734693877551
xfeat_h,P,13.15,0.1836734693877551
xfeat_h,P,13.16,0.1836734693877551
xfeat_h,P,13.17,0.1836734693877551
xfeat_h,P,13.18,0.1836734693877551
xfeat_h,P,13.19,0.1836734693877551
xfeat_h,P,13.200000000000001,0.1836734693877551
xfeat_h,P,13.21,0.1836734693877551
xfeat_h,P,13.22,0.1836734693877551
xfeat_h,P,13.23,0.1836734693877551
xfeat_h,P,13.24,0.1836734693877551
xfeat_h,P,13.25,0.1836734693877551
xfeat_h,P,13.26,0.1836734693877551
xfeat_h,P,13.27,0.1836734693877551
xfeat_h,P,13.280000000000001,0.1836734693877551
xfeat_h,P,13.290000000000001,0.1836734693877551
xfeat_h,P,13.3,0.1836734693877551
xfeat_h,P,13.31,0.1836734693877551
xfeat_h,P,13.32,0.1836734693877551
xfeat_h,P,13.33,0.1836734693877551
xfeat_h,P,13.34,0.1836734693877551
xfeat_h,P,13.35,0.1836734693877551
xfeat_h,P,13.36,0.1836734693877551
xfeat_h,P,13.370000000000001,0.1836734693877551
xfeat_h,P,13.38,0.1836734693877551
xfeat_h,P,13.39,0.1836734693877551
xfeat_h,P,13.4,0.1836734693877551
xfeat_h,P,13.41,0.1836734693877551
xfeat_h,P,13.42,0.1836734693877551
xfeat_h,P,13.43,0.1836734693877551
xfeat_h,P,13.44,0.1836734693877551
xfeat_h,P,13.450000000000001,0.1836734693877551
xfeat_h,P,13.46,0.1836734693877551
xfeat_h,P,13.47,0.1836734693877551
xfeat_h,P,13.48,0.1836734693877551
xfeat_h,P,13.49,0.1836734693877551
xfeat_h,P,13.5,0.1836734693877551
xfeat_h,P,13.51,0.1836734693877551
xfeat_h,P,13.52,0.1836734693877551
xfeat_h,P,13.530000000000001,0.1836734693877551
xfeat_h,P,13.540000000000001,0.1836734693877551
xfeat_h,P,13.55,0.1836734693877551
xfeat_h,P,13.56,0.1836734693877551
xfeat_h,P,13.57,0.1836734693877551
xfeat_h,P,13.58,0.1836734693877551
xfeat_h,P,13.59,0.1836734693877551
xfeat_h,P,13.6,0.1836734693877551
xfeat_h,P,13.61,0.1836734693877551
xfeat_h,P,13.620000000000001,0.1836734693877551
xfeat_h,P,13.63,0.1836734693877551
xfeat_h,P,13.64,0.1836734693877551
xfeat_h,P,13.65,0.1836734693877551
xfeat_h,P,13.66,0.1836734693877551
xfeat_h,P,13.67,0.1836734693877551
xfeat_h,P,13.68,0.1836734693877551
xfeat_h,P,13.69,0.1836734693877551
xfeat_h,P,13.700000000000001,0.1836734693877551
xfeat_h,P,13.71,0.1836734693877551
xfeat_h,P,13.72,0.1836734693877551
xfeat_h,P,13.73,0.1836734693877551
xfeat_h,P,13.74,0.1836734693877551
xfeat_h,P,13.75,0.1836734693877551
xfeat_h,P,13.76,0.1836734693877551
xfeat_h,P,13.77,0.1836734693877551
xfeat_h,P,13.780000000000001,0.1836734693877551
xfeat_h,P,13.790000000000001,0.1836734693877551
xfeat_h,P,13.8,0.1836734693877551
xfeat_h,P,13.81,0.1836734693877551
xfeat_h,P,13.82,0.1836734693877551
xfeat_h,P,13.83,0.1836734693877551
xfeat_h,P,13.84,0.1836734693877551
xfeat_h,P,13.85,0.1836734693877551
xfeat_h,P,13.86,0.1836734693877551
xfeat_h,P,13.870000000000001,0.1836734693877551
xfeat_h,P,13.88,0.1836734693877551
xfeat_h,P,13.89,0.1836734693877551
xfeat_h,P,13.9,0.1836734693877551
xfeat_h,P,13.91,0.1836734693877551
xfeat_h,P,13.92,0.1836734693877551
xfeat_h,P,13.93,0.1836734693877551
xfeat_h,P,13.94,0.1836734693877551
xfeat_h,P,13.950000000000001,0.1836734693877551
xfeat_h,P,13.96,0.1836734693877551
xfeat_h,P,13.97,0.1836734693877551
xfeat_h,P,13.98,0.1836734693877551
xfeat_h,P,13.99,0.1836734693877551
xfeat_h,P,14.0,0.1836734693877551
xfeat_h,P,14.01,0.1836734693877551
xfeat_h,P,14.02,0.1836734693877551
xfeat_h,P,14.030000000000001,0.1836734693877551
xfeat_h,P,14.040000000000001,0.1836734693877551
xfeat_h,P,14.05,0.1836734693877551
xfeat_h,P,14.06,0.1836734693877551
xfeat_h,P,14.07,0.1836734693877551
xfeat_h,P,14.08,0.1836734693877551
xfeat_h,P,14.09,0.1836734693877551
xfeat_h,P,14.1,0.1836734693877551
xfeat_h,P,14.11,0.1836734693877551
xfeat_h,P,14.120000000000001,0.1836734693877551
xfeat_h,P,14.13,0.1836734693877551
xfeat_h,P,14.14,0.1836734693877551
xfeat_h,P,14.15,0.1836734693877551
xfeat_h,P,14.16,0.1836734693877551
xfeat_h,P,14.17,0.1836734693877551
xfeat_h,P,14.18,0.1836734693877551
xfeat_h,P,14.19,0.1836734693877551
xfeat_h,P,14.200000000000001,0.1836734693877551
xfeat_h,P,14.21,0.1836734693877551
xfeat_h,P,14.22,0.1836734693877551
xfeat_h,P,14.23,0.1836734693877551
xfeat_h,P,14.24,0.1836734693877551
xfeat_h,P,14.25,0.1836734693877551
xfeat_h,P,14.26,0.1836734693877551
xfeat_h,P,14.27,0.1836734693877551
xfeat_h,P,14.280000000000001,0.1836734693877551
xfeat_h,P,14.290000000000001,0.1836734693877551
xfeat_h,P,14.3,0.1836734693877551
xfeat_h,P,14.31,0.1836734693877551
xfeat_h,P,14.32,0.1836734693877551
xfeat_h,P,14.33,0.1836734693877551
xfeat_h,P,14.34,0.1836734693877551
xfeat_h,P,14.35,0.1836734693877551
xfeat_h,P,14.36,0.1836734693877551
xfeat_h,P,14.370000000000001,0.1836734693877551
xfeat_h,P,14.38,0.1836734693877551
xfeat_h,P,14.39,0.1836734693877551
xfeat_h,P,14.4,0.1836734693877551
xfeat_h,P,14.41,0.1836734693877551
xfeat_h,P,14.42,0.1836734693877551
xfeat_h,P,14.43,0.1836734693877551
xfeat_h,P,14.44,0.1836734693877551
xfeat_h,P,14.450000000000001,0.1836734693877551
xfeat_h,P,14.46,0.1836734693877551
xfeat_h,P,14.47,0.1836734693877551
xfeat_h,P,14.48,0.1836734693877551
xfeat_h,P,14.49,0.1836734693877551
xfeat_h,P,14.5,0.1836734693877551
xfeat_h,P,14.51,0.1836734693877551
xfeat_h,P,14.52,0.1836734693877551
xfeat_h,P,14.530000000000001,0.1836734693877551
xfeat_h,P,14.540000000000001,0.1836734693877551
xfeat_h,P,14.55,0.1836734693877551
xfeat_h,P,14.56,0.1836734693877551
xfeat_h,P,14.57,0.1836734693877551
xfeat_h,P,14.58,0.1836734693877551
xfeat_h,P,14.59,0.1836734693877551
xfeat_h,P,14.6,0.1836734693877551
xfeat_h,P,14.61,0.1836734693877551
xfeat_h,P,14.620000000000001,0.1836734693877551
xfeat_h,P,14.63,0.1836734693877551
xfeat_h,P,14.64,0.1836734693877551
xfeat_h,P,14.65,0.1836734693877551
xfeat_h,P,14.66,0.1836734693877551
xfeat_h,P,14.67,0.1836734693877551
xfeat_h,P,14.68,0.20408163265306123
xfeat_h,P,14.69,0.20408163265306123
xfeat_h,P,14.700000000000001,0.20408163265306123
xfeat_h,P,14.71,0.20408163265306123
xfeat_h,P,14.72,0.20408163265306123
xfeat_h,P,14.73,0.20408163265306123
xfeat_h,P,14.74,0.20408163265306123
xfeat_h,P,14.75,0.20408163265306123
xfeat_h,P,14.76,0.20408163265306123
xfeat_h,P,14.77,0.20408163265306123
xfeat_h,P,14.780000000000001,0.20408163265306123
xfeat_h,P,14.790000000000001,0.20408163265306123
xfeat_h,P,14.8,0.20408163265306123
xfeat_h,P,14.81,0.20408163265306123
xfeat_h,P,14.82,0.20408163265306123
xfeat_h,P,14.83,0.20408163265306123
xfeat_h,P,14.84,0.20408163265306123
xfeat_h,P,14.85,0.22448979591836735
xfeat_h,P,14.86,0.22448979591836735
xfeat_h,P,14.870000000000001,0.22448979591836735
xfeat_h,P,14.88,0.22448979591836735
xfeat_h,P,14.89,0.22448979591836735
xfeat_h,P,14.9,0.22448979591836735
xfeat_h,P,14.91,0.22448979591836735
xfeat_h,P,14.92,0.22448979591836735
xfeat_h,P,14.93,0.22448979591836735
xfeat_h,P,14.94,0.22448979591836735
xfeat_h,P,14.950000000000001,0.22448979591836735
xfeat_h,P,14.96,0.22448979591836735
xfeat_h,P,14.97,0.22448979591836735
xfeat_h,P,14.98,0.22448979591836735
xfeat_h,P,14.99,0.22448979591836735
xfeat_h,P,15.0,0.22448979591836735
xfeat_h,P,15.01,0.22448979591836735
xfeat_h,P,15.02,0.22448979591836735
xfeat_h,P,15.030000000000001,0.22448979591836735
xfeat_h,P,15.040000000000001,0.22448979591836735
xfeat_h,P,15.05,0.22448979591836735
xfeat_h,P,15.06,0.22448979591836735
xfeat_h,P,15.07,0.22448979591836735
xfeat_h,P,15.08,0.22448979591836735
xfeat_h,P,15.09,0.22448979591836735
xfeat_h,P,15.1,0.22448979591836735
xfeat_h,P,15.11,0.22448979591836735
xfeat_h,P,15.120000000000001,0.22448979591836735
xfeat_h,P,15.13,0.22448979591836735
xfeat_h,P,15.14,0.22448979591836735
xfeat_h,P,15.15,0.22448979591836735
xfeat_h,P,15.16,0.22448979591836735
xfeat_h,P,15.17,0.22448979591836735
xfeat_h,P,15.18,0.22448979591836735
xfeat_h,P,15.19,0.22448979591836735
xfeat_h,P,15.200000000000001,0.22448979591836735
xfeat_h,P,15.21,0.22448979591836735
xfeat_h,P,15.22,0.22448979591836735
xfeat_h,P,15.23,0.22448979591836735
xfeat_h,P,15.24,0.22448979591836735
xfeat_h,P,15.25,0.22448979591836735
xfeat_h,P,15.26,0.22448979591836735
xfeat_h,P,15.27,0.22448979591836735
xfeat_h,P,15.280000000000001,0.22448979591836735
xfeat_h,P,15.290000000000001,0.22448979591836735
xfeat_h,P,15.3,0.22448979591836735
xfeat_h,P,15.31,0.22448979591836735
xfeat_h,P,15.32,0.22448979591836735
xfeat_h,P,15.33,0.22448979591836735
xfeat_h,P,15.34,0.22448979591836735
xfeat_h,P,15.35,0.22448979591836735
xfeat_h,P,15.36,0.22448979591836735
xfeat_h,P,15.370000000000001,0.22448979591836735
xfeat_h,P,15.38,0.22448979591836735
xfeat_h,P,15.39,0.22448979591836735
xfeat_h,P,15.4,0.22448979591836735
xfeat_h,P,15.41,0.22448979591836735
xfeat_h,P,15.42,0.22448979591836735
xfeat_h,P,15.43,0.22448979591836735
xfeat_h,P,15.44,0.22448979591836735
xfeat_h,P,15.450000000000001,0.22448979591836735
xfeat_h,P,15.46,0.22448979591836735
xfeat_h,P,15.47,0.22448979591836735
xfeat_h,P,15.48,0.22448979591836735
xfeat_h,P,15.49,0.22448979591836735
xfeat_h,P,15.5,0.22448979591836735
xfeat_h,P,15.51,0.22448979591836735
xfeat_h,P,15.52,0.22448979591836735
xfeat_h,P,15.530000000000001,0.22448979591836735
xfeat_h,P,15.540000000000001,0.22448979591836735
xfeat_h,P,15.55,0.22448979591836735
xfeat_h,P,15.56,0.22448979591836735
xfeat_h,P,15.57,0.22448979591836735
xfeat_h,P,15.58,0.22448979591836735
xfeat_h,P,15.59,0.22448979591836735
xfeat_h,P,15.6,0.22448979591836735
xfeat_h,P,15.610000000000001,0.22448979591836735
xfeat_h,P,15.620000000000001,0.22448979591836735
xfeat_h,P,15.63,0.22448979591836735
xfeat_h,P,15.64,0.22448979591836735
xfeat_h,P,15.65,0.22448979591836735
xfeat_h,P,15.66,0.22448979591836735
xfeat_h,P,15.67,0.22448979591836735
xfeat_h,P,15.68,0.22448979591836735
xfeat_h,P,15.69,0.22448979591836735
xfeat_h,P,15.700000000000001,0.22448979591836735
xfeat_h,P,15.71,0.22448979591836735
xfeat_h,P,15.72,0.22448979591836735
xfeat_h,P,15.73,0.24489795918367346
xfeat_h,P,15.74,0.24489795918367346
xfeat_h,P,15.75,0.24489795918367346
xfeat_h,P,15.76,0.24489795918367346
xfeat_h,P,15.77,0.24489795918367346
xfeat_h,P,15.780000000000001,0.24489795918367346
xfeat_h,P,15.790000000000001,0.24489795918367346
xfeat_h,P,15.8,0.24489795918367346
xfeat_h,P,15.81,0.24489795918367346
xfeat_h,P,15.82,0.24489795918367346
xfeat_h,P,15.83,0.24489795918367346
xfeat_h,P,15.84,0.24489795918367346
xfeat_h,P,15.85,0.24489795918367346
xfeat_h,P,15.860000000000001,0.24489795918367346
xfeat_h,P,15.870000000000001,0.24489795918367346
xfeat_h,P,15.88,0.24489795918367346
xfeat_h,P,15.89,0.24489795918367346
xfeat_h,P,15.9,0.24489795918367346
xfeat_h,P,15.91,0.24489795918367346
xfeat_h,P,15.92,0.24489795918367346
xfeat_h,P,15.93,0.24489795918367346
xfeat_h,P,15.94,0.24489795918367346
xfeat_h,P,15.950000000000001,0.2653061224489796
xfeat_h,P,15.96,0.2653061224489796
xfeat_h,P,15.97,0.2653061224489796
xfeat_h,P,15.98,0.2653061224489796
xfeat_h,P,15.99,0.2653061224489796
xfeat_h,P,16.0,0.2653061224489796
xfeat_h,P,16.01,0.2653061224489796
xfeat_h,P,16.02,0.2653061224489796
xfeat_h,P,16.03,0.2653061224489796
xfeat_h,P,16.04,0.2653061224489796
xfeat_h,P,16.05,0.2653061224489796
xfeat_h,P,16.06,0.2653061224489796
xfeat_h,P,16.07,0.2653061224489796
xfeat_h,P,16.080000000000002,0.2653061224489796
xfeat_h,P,16.09,0.2653061224489796
xfeat_h,P,16.1,0.2653061224489796
xfeat_h,P,16.11,0.2653061224489796
xfeat_h,P,16.12,0.2653061224489796
xfeat_h,P,16.13,0.2653061224489796
xfeat_h,P,16.14,0.2857142857142857
xfeat_h,P,16.15,0.2857142857142857
xfeat_h,P,16.16,0.2857142857142857
xfeat_h,P,16.17,0.2857142857142857
xfeat_h,P,16.18,0.2857142857142857
xfeat_h,P,16.19,0.2857142857142857
xfeat_h,P,16.2,0.2857142857142857
xfeat_h,P,16.21,0.2857142857142857
xfeat_h,P,16.22,0.30612244897959184
xfeat_h,P,16.23,0.30612244897959184
xfeat_h,P,16.240000000000002,0.30612244897959184
xfeat_h,P,16.25,0.30612244897959184
xfeat_h,P,16.26,0.30612244897959184
xfeat_h,P,16.27,0.30612244897959184
xfeat_h,P,16.28,0.30612244897959184
xfeat_h,P,16.29,0.30612244897959184
xfeat_h,P,16.3,0.30612244897959184
xfeat_h,P,16.31,0.30612244897959184
xfeat_h,P,16.32,0.30612244897959184
xfeat_h,P,16.330000000000002,0.30612244897959184
xfeat_h,P,16.34,0.30612244897959184
xfeat_h,P,16.35,0.30612244897959184
xfeat_h,P,16.36,0.30612244897959184
xfeat_h,P,16.37,0.30612244897959184
xfeat_h,P,16.38,0.32653061224489793
xfeat_h,P,16.39,0.32653061224489793
xfeat_h,P,16.4,0.32653061224489793
xfeat_h,P,16.41,0.32653061224489793
xfeat_h,P,16.42,0.32653061224489793
xfeat_h,P,16.43,0.32653061224489793
xfeat_h,P,16.44,0.32653061224489793
xfeat_h,P,16.45,0.32653061224489793
xfeat_h,P,16.46,0.32653061224489793
xfeat_h,P,16.47,0.32653061224489793
xfeat_h,P,16.48,0.32653061224489793
xfeat_h,P,16.490000000000002,0.32653061224489793
xfeat_h,P,16.5,0.32653061224489793
xfeat_h,P,16.51,0.32653061224489793
xfeat_h,P,16.52,0.32653061224489793
xfeat_h,P,16.53,0.32653061224489793
xfeat_h,P,16.54,0.32653061224489793
xfeat_h,P,16.55,0.32653061224489793
xfeat_h,P,16.56,0.32653061224489793
xfeat_h,P,16.57,0.32653061224489793
xfeat_h,P,16.580000000000002,0.32653061224489793
xfeat_h,P,16.59,0.32653061224489793
xfeat_h,P,16.6,0.32653061224489793
xfeat_h,P,16.61,0.32653061224489793
xfeat_h,P,16.62,0.32653061224489793
xfeat_h,P,16.63,0.32653061224489793
xfeat_h,P,16.64,0.32653061224489793
xfeat_h,P,16.65,0.32653061224489793
xfeat_h,P,16.66,0.32653061224489793
xfeat_h,P,16.67,0.32653061224489793
xfeat_h,P,16.68,0.32653061224489793
xfeat_h,P,16.69,0.32653061224489793
xfeat_h,P,16.7,0.32653061224489793
xfeat_h,P,16.71,0.32653061224489793
xfeat_h,P,16.72,0.32653061224489793
xfeat_h,P,16.73,0.32653061224489793
xfeat_h,P,16.740000000000002,0.32653061224489793
xfeat_h,P,16.75,0.32653061224489793
xfeat_h,P,16.76,0.32653061224489793
xfeat_h,P,16.77,0.32653061224489793
xfeat_h,P,16.78,0.32653061224489793
xfeat_h,P,16.79,0.32653061224489793
xfeat_h,P,16.8,0.32653061224489793
xfeat_h,P,16.81,0.32653061224489793
xfeat_h,P,16.82,0.32653061224489793
xfeat_h,P,16.830000000000002,0.32653061224489793
xfeat_h,P,16.84,0.32653061224489793
xfeat_h,P,16.85,0.32653061224489793
xfeat_h,P,16.86,0.32653061224489793
xfeat_h,P,16.87,0.32653061224489793
xfeat_h,P,16.88,0.32653061224489793
xfeat_h,P,16.89,0.32653061224489793
xfeat_h,P,16.9,0.32653061224489793
xfeat_h,P,16.91,0.32653061224489793
xfeat_h,P,16.92,0.32653061224489793
xfeat_h,P,16.93,0.32653061224489793
xfeat_h,P,16.94,0.32653061224489793
xfeat_h,P,16.95,0.32653061224489793
xfeat_h,P,16.96,0.32653061224489793
xfeat_h,P,16.97,0.32653061224489793
xfeat_h,P,16.98,0.32653061224489793
xfeat_h,P,16.990000000000002,0.32653061224489793
xfeat_h,P,17.0,0.32653061224489793
xfeat_h,P,17.01,0.32653061224489793
xfeat_h,P,17.02,0.32653061224489793
xfeat_h,P,17.03,0.32653061224489793
xfeat_h,P,17.04,0.32653061224489793
xfeat_h,P,17.05,0.32653061224489793
xfeat_h,P,17.06,0.32653061224489793
xfeat_h,P,17.07,0.32653061224489793
xfeat_h,P,17.080000000000002,0.32653061224489793
xfeat_h,P,17.09,0.32653061224489793
xfeat_h,P,17.1,0.32653061224489793
xfeat_h,P,17.11,0.32653061224489793
xfeat_h,P,17.12,0.32653061224489793
xfeat_h,P,17.13,0.32653061224489793
xfeat_h,P,17.14,0.32653061224489793
xfeat_h,P,17.150000000000002,0.32653061224489793
xfeat_h,P,17.16,0.32653061224489793
xfeat_h,P,17.17,0.32653061224489793
xfeat_h,P,17.18,0.32653061224489793
xfeat_h,P,17.19,0.32653061224489793
xfeat_h,P,17.2,0.32653061224489793
xfeat_h,P,17.21,0.32653061224489793
xfeat_h,P,17.22,0.32653061224489793
xfeat_h,P,17.23,0.32653061224489793
xfeat_h,P,17.240000000000002,0.32653061224489793
xfeat_h,P,17.25,0.3469387755102041
xfeat_h,P,17.26,0.3469387755102041
xfeat_h,P,17.27,0.3469387755102041
xfeat_h,P,17.28,0.3469387755102041
xfeat_h,P,17.29,0.3469387755102041
xfeat_h,P,17.3,0.3469387755102041
xfeat_h,P,17.31,0.3469387755102041
xfeat_h,P,17.32,0.3469387755102041
xfeat_h,P,17.330000000000002,0.3469387755102041
xfeat_h,P,17.34,0.3469387755102041
xfeat_h,P,17.35,0.3469387755102041
xfeat_h,P,17.36,0.3469387755102041
xfeat_h,P,17.37,0.3469387755102041
xfeat_h,P,17.38,0.3469387755102041
xfeat_h,P,17.39,0.3469387755102041
xfeat_h,P,17.400000000000002,0.3469387755102041
xfeat_h,P,17.41,0.3469387755102041
xfeat_h,P,17.42,0.3469387755102041
xfeat_h,P,17.43,0.3469387755102041
xfeat_h,P,17.44,0.3469387755102041
xfeat_h,P,17.45,0.3469387755102041
xfeat_h,P,17.46,0.3469387755102041
xfeat_h,P,17.47,0.3469387755102041
xfeat_h,P,17.48,0.3469387755102041
xfeat_h,P,17.490000000000002,0.3469387755102041
xfeat_h,P,17.5,0.3469387755102041
xfeat_h,P,17.51,0.3469387755102041
xfeat_h,P,17.52,0.3469387755102041
xfeat_h,P,17.53,0.3469387755102041
xfeat_h,P,17.54,0.3469387755102041
xfeat_h,P,17.55,0.3469387755102041
xfeat_h,P,17.56,0.3469387755102041
xfeat_h,P,17.57,0.3469387755102041
xfeat_h,P,17.580000000000002,0.3469387755102041
xfeat_h,P,17.59,0.3469387755102041
xfeat_h,P,17.6,0.3469387755102041
xfeat_h,P,17.61,0.3469387755102041
xfeat_h,P,17.62,0.3469387755102041
xfeat_h,P,17.63,0.3469387755102041
xfeat_h,P,17.64,0.3469387755102041
xfeat_h,P,17.650000000000002,0.3469387755102041
xfeat_h,P,17.66,0.3469387755102041
xfeat_h,P,17.67,0.3469387755102041
xfeat_h,P,17.68,0.3469387755102041
xfeat_h,P,17.69,0.3469387755102041
xfeat_h,P,17.7,0.3469387755102041
xfeat_h,P,17.71,0.3469387755102041
xfeat_h,P,17.72,0.3469387755102041
xfeat_h,P,17.73,0.3469387755102041
xfeat_h,P,17.740000000000002,0.3469387755102041
xfeat_h,P,17.75,0.3469387755102041
xfeat_h,P,17.76,0.3469387755102041
xfeat_h,P,17.77,0.3469387755102041
xfeat_h,P,17.78,0.3469387755102041
xfeat_h,P,17.79,0.3469387755102041
xfeat_h,P,17.8,0.3469387755102041
xfeat_h,P,17.81,0.3469387755102041
xfeat_h,P,17.82,0.3469387755102041
xfeat_h,P,17.830000000000002,0.3469387755102041
xfeat_h,P,17.84,0.3469387755102041
xfeat_h,P,17.85,0.3469387755102041
xfeat_h,P,17.86,0.3469387755102041
xfeat_h,P,17.87,0.3469387755102041
xfeat_h,P,17.88,0.3469387755102041
xfeat_h,P,17.89,0.3469387755102041
xfeat_h,P,17.900000000000002,0.3469387755102041
xfeat_h,P,17.91,0.3469387755102041
xfeat_h,P,17.92,0.3469387755102041
xfeat_h,P,17.93,0.3673469387755102
xfeat_h,P,17.94,0.3673469387755102
xfeat_h,P,17.95,0.3673469387755102
xfeat_h,P,17.96,0.3673469387755102
xfeat_h,P,17.97,0.3673469387755102
xfeat_h,P,17.98,0.3673469387755102
xfeat_h,P,17.990000000000002,0.3673469387755102
xfeat_h,P,18.0,0.3673469387755102
xfeat_h,P,18.01,0.3673469387755102
xfeat_h,P,18.02,0.3673469387755102
xfeat_h,P,18.03,0.3673469387755102
xfeat_h,P,18.04,0.3673469387755102
xfeat_h,P,18.05,0.3673469387755102
xfeat_h,P,18.06,0.3673469387755102
xfeat_h,P,18.07,0.3673469387755102
xfeat_h,P,18.080000000000002,0.3673469387755102
xfeat_h,P,18.09,0.3673469387755102
xfeat_h,P,18.1,0.3673469387755102
xfeat_h,P,18.11,0.3673469387755102
xfeat_h,P,18.12,0.3673469387755102
xfeat_h,P,18.13,0.3673469387755102
xfeat_h,P,18.14,0.3877551020408163
xfeat_h,P,18.150000000000002,0.3877551020408163
xfeat_h,P,18.16,0.3877551020408163
xfeat_h,P,18.17,0.3877551020408163
xfeat_h,P,18.18,0.3877551020408163
xfeat_h,P,18.19,0.3877551020408163
xfeat_h,P,18.2,0.3877551020408163
xfeat_h,P,18.21,0.3877551020408163
xfeat_h,P,18.22,0.3877551020408163
xfeat_h,P,18.23,0.3877551020408163
xfeat_h,P,18.240000000000002,0.3877551020408163
xfeat_h,P,18.25,0.3877551020408163
xfeat_h,P,18.26,0.3877551020408163
xfeat_h,P,18.27,0.3877551020408163
xfeat_h,P,18.28,0.3877551020408163
xfeat_h,P,18.29,0.3877551020408163
xfeat_h,P,18.3,0.3877551020408163
xfeat_h,P,18.31,0.3877551020408163
xfeat_h,P,18.32,0.3877551020408163
xfeat_h,P,18.330000000000002,0.3877551020408163
xfeat_h,P,18.34,0.3877551020408163
xfeat_h,P,18.35,0.3877551020408163
xfeat_h,P,18.36,0.3877551020408163
xfeat_h,P,18.37,0.3877551020408163
xfeat_h,P,18.38,0.3877551020408163
xfeat_h,P,18.39,0.3877551020408163
xfeat_h,P,18.400000000000002,0.3877551020408163
xfeat_h,P,18.41,0.3877551020408163
xfeat_h,P,18.42,0.3877551020408163
xfeat_h,P,18.43,0.40816326530612246
xfeat_h,P,18.44,0.40816326530612246
xfeat_h,P,18.45,0.40816326530612246
xfeat_h,P,18.46,0.40816326530612246
xfeat_h,P,18.47,0.40816326530612246
xfeat_h,P,18.48,0.40816326530612246
xfeat_h,P,18.490000000000002,0.40816326530612246
xfeat_h,P,18.5,0.40816326530612246
xfeat_h,P,18.51,0.40816326530612246
xfeat_h,P,18.52,0.40816326530612246
xfeat_h,P,18.53,0.40816326530612246
xfeat_h,P,18.54,0.40816326530612246
xfeat_h,P,18.55,0.40816326530612246
xfeat_h,P,18.56,0.40816326530612246
xfeat_h,P,18.57,0.40816326530612246
xfeat_h,P,18.580000000000002,0.40816326530612246
xfeat_h,P,18.59,0.40816326530612246
xfeat_h,P,18.6,0.40816326530612246
xfeat_h,P,18.61,0.40816326530612246
xfeat_h,P,18.62,0.40816326530612246
xfeat_h,P,18.63,0.42857142857142855
xfeat_h,P,18.64,0.42857142857142855
xfeat_h,P,18.650000000000002,0.42857142857142855
xfeat_h,P,18.66,0.42857142857142855
xfeat_h,P,18.67,0.42857142857142855
xfeat_h,P,18.68,0.42857142857142855
xfeat_h,P,18.69,0.42857142857142855
xfeat_h,P,18.7,0.42857142857142855
xfeat_h,P,18.71,0.42857142857142855
xfeat_h,P,18.72,0.4489795918367347
xfeat_h,P,18.73,0.4489795918367347
xfeat_h,P,18.740000000000002,0.4489795918367347
xfeat_h,P,18.75,0.4489795918367347
xfeat_h,P,18.76,0.4489795918367347
xfeat_h,P,18.77,0.4489795918367347
xfeat_h,P,18.78,0.4489795918367347
xfeat_h,P,18.79,0.4489795918367347
xfeat_h,P,18.8,0.4489795918367347
xfeat_h,P,18.81,0.4489795918367347
xfeat_h,P,18.82,0.4489795918367347
xfeat_h,P,18.830000000000002,0.4489795918367347
xfeat_h,P,18.84,0.4489795918367347
xfeat_h,P,18.85,0.4489795918367347
xfeat_h,P,18.86,0.4489795918367347
xfeat_h,P,18.87,0.4489795918367347
xfeat_h,P,18.88,0.4489795918367347
xfeat_h,P,18.89,0.4489795918367347
xfeat_h,P,18.900000000000002,0.4489795918367347
xfeat_h,P,18.91,0.4489795918367347
xfeat_h,P,18.92,0.4489795918367347
xfeat_h,P,18.93,0.4489795918367347
xfeat_h,P,18.94,0.4489795918367347
xfeat_h,P,18.95,0.4489795918367347
xfeat_h,P,18.96,0.4489795918367347
xfeat_h,P,18.97,0.4489795918367347
xfeat_h,P,18.98,0.4489795918367347
xfeat_h,P,18.990000000000002,0.4489795918367347
xfeat_h,P,19.0,0.4489795918367347
xfeat_h,P,19.01,0.4489795918367347
xfeat_h,P,19.02,0.4489795918367347
xfeat_h,P,19.03,0.4489795918367347
xfeat_h,P,19.04,0.4489795918367347
xfeat_h,P,19.05,0.4489795918367347
xfeat_h,P,19.06,0.4489795918367347
xfeat_h,P,19.07,0.4489795918367347
xfeat_h,P,19.080000000000002,0.4489795918367347
xfeat_h,P,19.09,0.4489795918367347
xfeat_h,P,19.1,0.4489795918367347
xfeat_h,P,19.11,0.4489795918367347
xfeat_h,P,19.12,0.4489795918367347
xfeat_h,P,19.13,0.4489795918367347
xfeat_h,P,19.14,0.4489795918367347
xfeat_h,P,19.150000000000002,0.4489795918367347
xfeat_h,P,19.16,0.4489795918367347
xfeat_h,P,19.17,0.4489795918367347
xfeat_h,P,19.18,0.4489795918367347
xfeat_h,P,19.19,0.4489795918367347
xfeat_h,P,19.2,0.4489795918367347
xfeat_h,P,19.21,0.4489795918367347
xfeat_h,P,19.22,0.4489795918367347
xfeat_h,P,19.23,0.4489795918367347
xfeat_h,P,19.240000000000002,0.4489795918367347
xfeat_h,P,19.25,0.4489795918367347
xfeat_h,P,19.26,0.4489795918367347
xfeat_h,P,19.27,0.4489795918367347
xfeat_h,P,19.28,0.4489795918367347
xfeat_h,P,19.29,0.4489795918367347
xfeat_h,P,19.3,0.4489795918367347
xfeat_h,P,19.31,0.4489795918367347
xfeat_h,P,19.32,0.4489795918367347
xfeat_h,P,19.330000000000002,0.4489795918367347
xfeat_h,P,19.34,0.4489795918367347
xfeat_h,P,19.35,0.4489795918367347
xfeat_h,P,19.36,0.4489795918367347
xfeat_h,P,19.37,0.46938775510204084
xfeat_h,P,19.38,0.46938775510204084
xfeat_h,P,19.39,0.46938775510204084
xfeat_h,P,19.400000000000002,0.46938775510204084
xfeat_h,P,19.41,0.46938775510204084
xfeat_h,P,19.42,0.46938775510204084
xfeat_h,P,19.43,0.46938775510204084
xfeat_h,P,19.44,0.4897959183673469
xfeat_h,P,19.45,0.4897959183673469
xfeat_h,P,19.46,0.4897959183673469
xfeat_h,P,19.47,0.4897959183673469
xfeat_h,P,19.48,0.4897959183673469
xfeat_h,P,19.490000000000002,0.4897959183673469
xfeat_h,P,19.5,0.4897959183673469
xfeat_h,P,19.51,0.4897959183673469
xfeat_h,P,19.52,0.4897959183673469
xfeat_h,P,19.53,0.4897959183673469
xfeat_h,P,19.54,0.4897959183673469
xfeat_h,P,19.55,0.4897959183673469
xfeat_h,P,19.56,0.4897959183673469
xfeat_h,P,19.57,0.5102040816326531
xfeat_h,P,19.580000000000002,0.5102040816326531
xfeat_h,P,19.59,0.5102040816326531
xfeat_h,P,19.6,0.5102040816326531
xfeat_h,P,19.61,0.5102040816326531
xfeat_h,P,19.62,0.5102040816326531
xfeat_h,P,19.63,0.5102040816326531
xfeat_h,P,19.64,0.5102040816326531
xfeat_h,P,19.650000000000002,0.5102040816326531
xfeat_h,P,19.66,0.5102040816326531
xfeat_h,P,19.67,0.5102040816326531
xfeat_h,P,19.68,0.5102040816326531
xfeat_h,P,19.69,0.5102040816326531
xfeat_h,P,19.7,0.5102040816326531
xfeat_h,P,19.71,0.5102040816326531
xfeat_h,P,19.72,0.5102040816326531
xfeat_h,P,19.73,0.5102040816326531
xfeat_h,P,19.740000000000002,0.5102040816326531
xfeat_h,P,19.75,0.5102040816326531
xfeat_h,P,19.76,0.5102040816326531
xfeat_h,P,19.77,0.5102040816326531
xfeat_h,P,19.78,0.5102040816326531
xfeat_h,P,19.79,0.5102040816326531
xfeat_h,P,19.8,0.5102040816326531
xfeat_h,P,19.81,0.5102040816326531
xfeat_h,P,19.82,0.5102040816326531
xfeat_h,P,19.830000000000002,0.5102040816326531
xfeat_h,P,19.84,0.5102040816326531
xfeat_h,P,19.85,0.5102040816326531
xfeat_h,P,19.86,0.5102040816326531
xfeat_h,P,19.87,0.5102040816326531
xfeat_h,P,19.88,0.5102040816326531
xfeat_h,P,19.89,0.5102040816326531
xfeat_h,P,19.900000000000002,0.5102040816326531
xfeat_h,P,19.91,0.5102040816326531
xfeat_h,P,19.92,0.5102040816326531
xfeat_h,P,19.93,0.5102040816326531
xfeat_h,P,19.94,0.5102040816326531
xfeat_h,P,19.95,0.5102040816326531
xfeat_h,P,19.96,0.5102040816326531
xfeat_h,P,19.97,0.5102040816326531
xfeat_h,P,19.98,0.5102040816326531
xfeat_h,P,19.990000000000002,0.5102040816326531
xfeat_h,P,20.0,0.5102040816326531
xfeat_h,P,20.01,0.5102040816326531
xfeat_h,P,20.02,0.5102040816326531
xfeat_h,P,20.03,0.5102040816326531
xfeat_h,P,20.04,0.5102040816326531
xfeat_h,P,20.05,0.5102040816326531
xfeat_h,P,20.06,0.5102040816326531
xfeat_h,P,20.07,0.5102040816326531
xfeat_h,P,20.080000000000002,0.5102040816326531
xfeat_h,P,20.09,0.5102040816326531
xfeat_h,P,20.1,0.5102040816326531
xfeat_h,P,20.11,0.5102040816326531
xfeat_h,P,20.12,0.5102040816326531
xfeat_h,P,20.13,0.5102040816326531
xfeat_h,P,20.14,0.5102040816326531
xfeat_h,P,20.150000000000002,0.5102040816326531
xfeat_h,P,20.16,0.5102040816326531
xfeat_h,P,20.17,0.5102040816326531
xfeat_h,P,20.18,0.5102040816326531
xfeat_h,P,20.19,0.5102040816326531
xfeat_h,P,20.2,0.5102040816326531
xfeat_h,P,20.21,0.5102040816326531
xfeat_h,P,20.22,0.5102040816326531
xfeat_h,P,20.23,0.5102040816326531
xfeat_h,P,20.240000000000002,0.5102040816326531
xfeat_h,P,20.25,0.5102040816326531
xfeat_h,P,20.26,0.5102040816326531
xfeat_h,P,20.27,0.5102040816326531
xfeat_h,P,20.28,0.5102040816326531
xfeat_h,P,20.29,0.5102040816326531
xfeat_h,P,20.3,0.5102040816326531
xfeat_h,P,20.31,0.5102040816326531
xfeat_h,P,20.32,0.5102040816326531
xfeat_h,P,20.330000000000002,0.5102040816326531
xfeat_h,P,20.34,0.5102040816326531
xfeat_h,P,20.35,0.5102040816326531
xfeat_h,P,20.36,0.5102040816326531
xfeat_h,P,20.37,0.5102040816326531
xfeat_h,P,20.38,0.5102040816326531
xfeat_h,P,20.39,0.5102040816326531
xfeat_h,P,20.400000000000002,0.5102040816326531
xfeat_h,P,20.41,0.5102040816326531
xfeat_h,P,20.42,0.5102040816326531
xfeat_h,P,20.43,0.5102040816326531
xfeat_h,P,20.44,0.5102040816326531
xfeat_h,P,20.45,0.5102040816326531
xfeat_h,P,20.46,0.5102040816326531
xfeat_h,P,20.47,0.5102040816326531
xfeat_h,P,20.48,0.5102040816326531
xfeat_h,P,20.490000000000002,0.5102040816326531
xfeat_h,P,20.5,0.5102040816326531
xfeat_h,P,20.51,0.5102040816326531
xfeat_h,P,20.52,0.5102040816326531
xfeat_h,P,20.53,0.5102040816326531
xfeat_h,P,20.54,0.5102040816326531
xfeat_h,P,20.55,0.5102040816326531
xfeat_h,P,20.56,0.5102040816326531
xfeat_h,P,20.57,0.5102040816326531
xfeat_h,P,20.580000000000002,0.5102040816326531
xfeat_h,P,20.59,0.5102040816326531
xfeat_h,P,20.6,0.5102040816326531
xfeat_h,P,20.61,0.5102040816326531
xfeat_h,P,20.62,0.5102040816326531
xfeat_h,P,20.63,0.5102040816326531
xfeat_h,P,20.64,0.5102040816326531
xfeat_h,P,20.650000000000002,0.5102040816326531
xfeat_h,P,20.66,0.5102040816326531
xfeat_h,P,20.67,0.5102040816326531
xfeat_h,P,20.68,0.5102040816326531
xfeat_h,P,20.69,0.5102040816326531
xfeat_h,P,20.7,0.5102040816326531
xfeat_h,P,20.71,0.5102040816326531
xfeat_h,P,20.72,0.5102040816326531
xfeat_h,P,20.73,0.5102040816326531
xfeat_h,P,20.740000000000002,0.5102040816326531
xfeat_h,P,20.75,0.5102040816326531
xfeat_h,P,20.76,0.5102040816326531
xfeat_h,P,20.77,0.5102040816326531
xfeat_h,P,20.78,0.5102040816326531
xfeat_h,P,20.79,0.5102040816326531
xfeat_h,P,20.8,0.5102040816326531
xfeat_h,P,20.81,0.5102040816326531
xfeat_h,P,20.82,0.5102040816326531
xfeat_h,P,20.830000000000002,0.5102040816326531
xfeat_h,P,20.84,0.5102040816326531
xfeat_h,P,20.85,0.5102040816326531
xfeat_h,P,20.86,0.5102040816326531
xfeat_h,P,20.87,0.5102040816326531
xfeat_h,P,20.88,0.5102040816326531
xfeat_h,P,20.89,0.5102040816326531
xfeat_h,P,20.900000000000002,0.5102040816326531
xfeat_h,P,20.91,0.5306122448979592
xfeat_h,P,20.92,0.5306122448979592
xfeat_h,P,20.93,0.5306122448979592
xfeat_h,P,20.94,0.5306122448979592
xfeat_h,P,20.95,0.5306122448979592
xfeat_h,P,20.96,0.5306122448979592
xfeat_h,P,20.97,0.5306122448979592
xfeat_h,P,20.98,0.5306122448979592
xfeat_h,P,20.990000000000002,0.5306122448979592
xfeat_h,P,21.0,0.5306122448979592
xfeat_h,P,21.01,0.5306122448979592
xfeat_h,P,21.02,0.5306122448979592
xfeat_h,P,21.03,0.5306122448979592
xfeat_h,P,21.04,0.5306122448979592
xfeat_h,P,21.05,0.5306122448979592
xfeat_h,P,21.06,0.5306122448979592
xfeat_h,P,21.07,0.5306122448979592
xfeat_h,P,21.080000000000002,0.5306122448979592
xfeat_h,P,21.09,0.5306122448979592
xfeat_h,P,21.1,0.5306122448979592
xfeat_h,P,21.11,0.5306122448979592
xfeat_h,P,21.12,0.5306122448979592
xfeat_h,P,21.13,0.5306122448979592
xfeat_h,P,21.14,0.5306122448979592
xfeat_h,P,21.150000000000002,0.5306122448979592
xfeat_h,P,21.16,0.5306122448979592
xfeat_h,P,21.17,0.5306122448979592
xfeat_h,P,21.18,0.5306122448979592
xfeat_h,P,21.19,0.5306122448979592
xfeat_h,P,21.2,0.5306122448979592
xfeat_h,P,21.21,0.5306122448979592
xfeat_h,P,21.22,0.5306122448979592
xfeat_h,P,21.23,0.5306122448979592
xfeat_h,P,21.240000000000002,0.5306122448979592
xfeat_h,P,21.25,0.5306122448979592
xfeat_h,P,21.26,0.5306122448979592
xfeat_h,P,21.27,0.5306122448979592
xfeat_h,P,21.28,0.5306122448979592
xfeat_h,P,21.29,0.5306122448979592
xfeat_h,P,21.3,0.5306122448979592
xfeat_h,P,21.31,0.5306122448979592
xfeat_h,P,21.32,0.5510204081632653
xfeat_h,P,21.330000000000002,0.5510204081632653
xfeat_h,P,21.34,0.5510204081632653
xfeat_h,P,21.35,0.5510204081632653
xfeat_h,P,21.36,0.5510204081632653
xfeat_h,P,21.37,0.5510204081632653
xfeat_h,P,21.38,0.5510204081632653
xfeat_h,P,21.39,0.5510204081632653
xfeat_h,P,21.400000000000002,0.5714285714285714
xfeat_h,P,21.41,0.5714285714285714
xfeat_h,P,21.42,0.5714285714285714
xfeat_h,P,21.43,0.5714285714285714
xfeat_h,P,21.44,0.5714285714285714
xfeat_h,P,21.45,0.5714285714285714
xfeat_h,P,21.46,0.5714285714285714
xfeat_h,P,21.47,0.5714285714285714
xfeat_h,P,21.48,0.5714285714285714
xfeat_h,P,21.490000000000002,0.5714285714285714
xfeat_h,P,21.5,0.5714285714285714
xfeat_h,P,21.51,0.5714285714285714
xfeat_h,P,21.52,0.5714285714285714
xfeat_h,P,21.53,0.5714285714285714
xfeat_h,P,21.54,0.5714285714285714
xfeat_h,P,21.55,0.5714285714285714
xfeat_h,P,21.56,0.5714285714285714
xfeat_h,P,21.57,0.5714285714285714
xfeat_h,P,21.580000000000002,0.5714285714285714
xfeat_h,P,21.59,0.5714285714285714
xfeat_h,P,21.6,0.5714285714285714
xfeat_h,P,21.61,0.5714285714285714
xfeat_h,P,21.62,0.5714285714285714
xfeat_h,P,21.63,0.5714285714285714
xfeat_h,P,21.64,0.5714285714285714
xfeat_h,P,21.650000000000002,0.5714285714285714
xfeat_h,P,21.66,0.5918367346938775
xfeat_h,P,21.67,0.5918367346938775
xfeat_h,P,21.68,0.5918367346938775
xfeat_h,P,21.69,0.5918367346938775
xfeat_h,P,21.7,0.5918367346938775
xfeat_h,P,21.71,0.5918367346938775
xfeat_h,P,21.72,0.5918367346938775
xfeat_h,P,21.73,0.5918367346938775
xfeat_h,P,21.740000000000002,0.5918367346938775
xfeat_h,P,21.75,0.5918367346938775
xfeat_h,P,21.76,0.5918367346938775
xfeat_h,P,21.77,0.5918367346938775
xfeat_h,P,21.78,0.5918367346938775
xfeat_h,P,21.79,0.5918367346938775
xfeat_h,P,21.8,0.5918367346938775
xfeat_h,P,21.81,0.5918367346938775
xfeat_h,P,21.82,0.5918367346938775
xfeat_h,P,21.830000000000002,0.5918367346938775
xfeat_h,P,21.84,0.5918367346938775
xfeat_h,P,21.85,0.5918367346938775
xfeat_h,P,21.86,0.5918367346938775
xfeat_h,P,21.87,0.5918367346938775
xfeat_h,P,21.88,0.5918367346938775
xfeat_h,P,21.89,0.5918367346938775
xfeat_h,P,21.900000000000002,0.5918367346938775
xfeat_h,P,21.91,0.5918367346938775
xfeat_h,P,21.92,0.5918367346938775
xfeat_h,P,21.93,0.5918367346938775
xfeat_h,P,21.94,0.5918367346938775
xfeat_h,P,21.95,0.5918367346938775
xfeat_h,P,21.96,0.5918367346938775
xfeat_h,P,21.97,0.5918367346938775
xfeat_h,P,21.98,0.5918367346938775
xfeat_h,P,21.990000000000002,0.5918367346938775
xfeat_h,P,22.0,0.5918367346938775
xfeat_h,P,22.01,0.5918367346938775
xfeat_h,P,22.02,0.5918367346938775
xfeat_h,P,22.03,0.5918367346938775
xfeat_h,P,22.04,0.5918367346938775
xfeat_h,P,22.05,0.6122448979591837
xfeat_h,P,22.06,0.6326530612244898
xfeat_h,P,22.07,0.6326530612244898
xfeat_h,P,22.080000000000002,0.6326530612244898
xfeat_h,P,22.09,0.6326530612244898
xfeat_h,P,22.1,0.6326530612244898
xfeat_h,P,22.11,0.6326530612244898
xfeat_h,P,22.12,0.6326530612244898
xfeat_h,P,22.13,0.6326530612244898
xfeat_h,P,22.14,0.6326530612244898
xfeat_h,P,22.150000000000002,0.6326530612244898
xfeat_h,P,22.16,0.6326530612244898
xfeat_h,P,22.17,0.6326530612244898
xfeat_h,P,22.18,0.6326530612244898
xfeat_h,P,22.19,0.6326530612244898
xfeat_h,P,22.2,0.6326530612244898
xfeat_h,P,22.21,0.6326530612244898
xfeat_h,P,22.22,0.6326530612244898
xfeat_h,P,22.23,0.6326530612244898
xfeat_h,P,22.240000000000002,0.6326530612244898
xfeat_h,P,22.25,0.6326530612244898
xfeat_h,P,22.26,0.6326530612244898
xfeat_h,P,22.27,0.6326530612244898
xfeat_h,P,22.28,0.6326530612244898
xfeat_h,P,22.29,0.6326530612244898
xfeat_h,P,22.3,0.6326530612244898
xfeat_h,P,22.31,0.6326530612244898
xfeat_h,P,22.32,0.6326530612244898
xfeat_h,P,22.330000000000002,0.6326530612244898
xfeat_h,P,22.34,0.6326530612244898
xfeat_h,P,22.35,0.6326530612244898
xfeat_h,P,22.36,0.6326530612244898
xfeat_h,P,22.37,0.6326530612244898
xfeat_h,P,22.38,0.6326530612244898
xfeat_h,P,22.39,0.6326530612244898
xfeat_h,P,22.400000000000002,0.6326530612244898
xfeat_h,P,22.41,0.6326530612244898
xfeat_h,P,22.42,0.6326530612244898
xfeat_h,P,22.43,0.6326530612244898
xfeat_h,P,22.44,0.6326530612244898
xfeat_h,P,22.45,0.6326530612244898
xfeat_h,P,22.46,0.6326530612244898
xfeat_h,P,22.47,0.6326530612244898
xfeat_h,P,22.48,0.6326530612244898
xfeat_h,P,22.490000000000002,0.6326530612244898
xfeat_h,P,22.5,0.6326530612244898
xfeat_h,P,22.51,0.6326530612244898
xfeat_h,P,22.52,0.6326530612244898
xfeat_h,P,22.53,0.6326530612244898
xfeat_h,P,22.54,0.6326530612244898
xfeat_h,P,22.55,0.6326530612244898
xfeat_h,P,22.56,0.6326530612244898
xfeat_h,P,22.57,0.6326530612244898
xfeat_h,P,22.580000000000002,0.6326530612244898
xfeat_h,P,22.59,0.6326530612244898
xfeat_h,P,22.6,0.6326530612244898
xfeat_h,P,22.61,0.6326530612244898
xfeat_h,P,22.62,0.6326530612244898
xfeat_h,P,22.63,0.6326530612244898
xfeat_h,P,22.64,0.6326530612244898
xfeat_h,P,22.650000000000002,0.6326530612244898
xfeat_h,P,22.66,0.6326530612244898
xfeat_h,P,22.67,0.6326530612244898
xfeat_h,P,22.68,0.6326530612244898
xfeat_h,P,22.69,0.6326530612244898
xfeat_h,P,22.7,0.6530612244897959
xfeat_h,P,22.71,0.6530612244897959
xfeat_h,P,22.72,0.6530612244897959
xfeat_h,P,22.73,0.6530612244897959
xfeat_h,P,22.740000000000002,0.6530612244897959
xfeat_h,P,22.75,0.6530612244897959
xfeat_h,P,22.76,0.6530612244897959
xfeat_h,P,22.77,0.6530612244897959
xfeat_h,P,22.78,0.6530612244897959
xfeat_h,P,22.79,0.673469387755102
xfeat_h,P,22.8,0.673469387755102
xfeat_h,P,22.81,0.673469387755102
xfeat_h,P,22.82,0.673469387755102
xfeat_h,P,22.830000000000002,0.673469387755102
xfeat_h,P,22.84,0.673469387755102
xfeat_h,P,22.85,0.673469387755102
xfeat_h,P,22.86,0.673469387755102
xfeat_h,P,22.87,0.673469387755102
xfeat_h,P,22.88,0.673469387755102
xfeat_h,P,22.89,0.673469387755102
xfeat_h,P,22.900000000000002,0.673469387755102
xfeat_h,P,22.91,0.673469387755102
xfeat_h,P,22.92,0.673469387755102
xfeat_h,P,22.93,0.673469387755102
xfeat_h,P,22.94,0.673469387755102
xfeat_h,P,22.95,0.673469387755102
xfeat_h,P,22.96,0.673469387755102
xfeat_h,P,22.97,0.673469387755102
xfeat_h,P,22.98,0.673469387755102
xfeat_h,P,22.990000000000002,0.673469387755102
xfeat_h,P,23.0,0.673469387755102
xfeat_h,P,23.01,0.673469387755102
xfeat_h,P,23.02,0.673469387755102
xfeat_h,P,23.03,0.673469387755102
xfeat_h,P,23.04,0.673469387755102
xfeat_h,P,23.05,0.673469387755102
xfeat_h,P,23.06,0.673469387755102
xfeat_h,P,23.07,0.673469387755102
xfeat_h,P,23.080000000000002,0.673469387755102
xfeat_h,P,23.09,0.673469387755102
xfeat_h,P,23.1,0.673469387755102
xfeat_h,P,23.11,0.673469387755102
xfeat_h,P,23.12,0.673469387755102
xfeat_h,P,23.13,0.673469387755102
xfeat_h,P,23.14,0.673469387755102
xfeat_h,P,23.150000000000002,0.673469387755102
xfeat_h,P,23.16,0.673469387755102
xfeat_h,P,23.17,0.673469387755102
xfeat_h,P,23.18,0.673469387755102
xfeat_h,P,23.19,0.673469387755102
xfeat_h,P,23.2,0.673469387755102
xfeat_h,P,23.21,0.673469387755102
xfeat_h,P,23.22,0.673469387755102
xfeat_h,P,23.23,0.673469387755102
xfeat_h,P,23.240000000000002,0.673469387755102
xfeat_h,P,23.25,0.673469387755102
xfeat_h,P,23.26,0.673469387755102
xfeat_h,P,23.27,0.673469387755102
xfeat_h,P,23.28,0.673469387755102
xfeat_h,P,23.29,0.673469387755102
xfeat_h,P,23.3,0.673469387755102
xfeat_h,P,23.31,0.673469387755102
xfeat_h,P,23.32,0.673469387755102
xfeat_h,P,23.330000000000002,0.673469387755102
xfeat_h,P,23.34,0.673469387755102
xfeat_h,P,23.35,0.673469387755102
xfeat_h,P,23.36,0.673469387755102
xfeat_h,P,23.37,0.673469387755102
xfeat_h,P,23.38,0.673469387755102
xfeat_h,P,23.39,0.673469387755102
xfeat_h,P,23.400000000000002,0.673469387755102
xfeat_h,P,23.41,0.673469387755102
xfeat_h,P,23.42,0.673469387755102
xfeat_h,P,23.43,0.673469387755102
xfeat_h,P,23.44,0.6938775510204082
xfeat_h,P,23.45,0.6938775510204082
xfeat_h,P,23.46,0.6938775510204082
xfeat_h,P,23.47,0.6938775510204082
xfeat_h,P,23.48,0.6938775510204082
xfeat_h,P,23.490000000000002,0.6938775510204082
xfeat_h,P,23.5,0.6938775510204082
xfeat_h,P,23.51,0.6938775510204082
xfeat_h,P,23.52,0.6938775510204082
xfeat_h,P,23.53,0.6938775510204082
xfeat_h,P,23.54,0.6938775510204082
xfeat_h,P,23.55,0.6938775510204082
xfeat_h,P,23.56,0.6938775510204082
xfeat_h,P,23.57,0.6938775510204082
xfeat_h,P,23.580000000000002,0.6938775510204082
xfeat_h,P,23.59,0.6938775510204082
xfeat_h,P,23.6,0.6938775510204082
xfeat_h,P,23.61,0.6938775510204082
xfeat_h,P,23.62,0.6938775510204082
xfeat_h,P,23.63,0.6938775510204082
xfeat_h,P,23.64,0.6938775510204082
xfeat_h,P,23.650000000000002,0.6938775510204082
xfeat_h,P,23.66,0.6938775510204082
xfeat_h,P,23.67,0.6938775510204082
xfeat_h,P,23.68,0.6938775510204082
xfeat_h,P,23.69,0.6938775510204082
xfeat_h,P,23.7,0.6938775510204082
xfeat_h,P,23.71,0.6938775510204082
xfeat_h,P,23.72,0.6938775510204082
xfeat_h,P,23.73,0.6938775510204082
xfeat_h,P,23.740000000000002,0.6938775510204082
xfeat_h,P,23.75,0.6938775510204082
xfeat_h,P,23.76,0.6938775510204082
xfeat_h,P,23.77,0.6938775510204082
xfeat_h,P,23.78,0.6938775510204082
xfeat_h,P,23.79,0.7142857142857143
xfeat_h,P,23.8,0.7142857142857143
xfeat_h,P,23.81,0.7142857142857143
xfeat_h,P,23.82,0.7142857142857143
xfeat_h,P,23.830000000000002,0.7142857142857143
xfeat_h,P,23.84,0.7142857142857143
xfeat_h,P,23.85,0.7142857142857143
xfeat_h,P,23.86,0.7142857142857143
xfeat_h,P,23.87,0.7142857142857143
xfeat_h,P,23.88,0.7142857142857143
xfeat_h,P,23.89,0.7142857142857143
xfeat_h,P,23.900000000000002,0.7142857142857143
xfeat_h,P,23.91,0.7142857142857143
xfeat_h,P,23.92,0.7142857142857143
xfeat_h,P,23.93,0.7142857142857143
xfeat_h,P,23.94,0.7142857142857143
xfeat_h,P,23.95,0.7142857142857143
xfeat_h,P,23.96,0.7142857142857143
xfeat_h,P,23.97,0.7142857142857143
xfeat_h,P,23.98,0.7142857142857143
xfeat_h,P,23.990000000000002,0.7142857142857143
xfeat_h,P,24.0,0.7142857142857143
xfeat_h,P,24.01,0.7142857142857143
xfeat_h,P,24.02,0.7142857142857143
xfeat_h,P,24.03,0.7142857142857143
xfeat_h,P,24.04,0.7142857142857143
xfeat_h,P,24.05,0.7142857142857143
xfeat_h,P,24.060000000000002,0.7142857142857143
xfeat_h,P,24.07,0.7142857142857143
xfeat_h,P,24.080000000000002,0.7142857142857143
xfeat_h,P,24.09,0.7142857142857143
xfeat_h,P,24.1,0.7142857142857143
xfeat_h,P,24.11,0.7142857142857143
xfeat_h,P,24.12,0.7142857142857143
xfeat_h,P,24.13,0.7142857142857143
xfeat_h,P,24.14,0.7142857142857143
xfeat_h,P,24.150000000000002,0.7142857142857143
xfeat_h,P,24.16,0.7142857142857143
xfeat_h,P,24.17,0.7142857142857143
xfeat_h,P,24.18,0.7142857142857143
xfeat_h,P,24.19,0.7142857142857143
xfeat_h,P,24.2,0.7142857142857143
xfeat_h,P,24.21,0.7142857142857143
xfeat_h,P,24.22,0.7142857142857143
xfeat_h,P,24.23,0.7142857142857143
xfeat_h,P,24.240000000000002,0.7142857142857143
xfeat_h,P,24.25,0.7142857142857143
xfeat_h,P,24.26,0.7142857142857143
xfeat_h,P,24.27,0.7142857142857143
xfeat_h,P,24.28,0.7142857142857143
xfeat_h,P,24.29,0.7142857142857143
xfeat_h,P,24.3,0.7142857142857143
xfeat_h,P,24.310000000000002,0.7142857142857143
xfeat_h,P,24.32,0.7142857142857143
xfeat_h,P,24.330000000000002,0.7142857142857143
xfeat_h,P,24.34,0.7142857142857143
xfeat_h,P,24.35,0.7142857142857143
xfeat_h,P,24.36,0.7142857142857143
xfeat_h,P,24.37,0.7142857142857143
xfeat_h,P,24.38,0.7142857142857143
xfeat_h,P,24.39,0.7142857142857143
xfeat_h,P,24.400000000000002,0.7142857142857143
xfeat_h,P,24.41,0.7142857142857143
xfeat_h,P,24.42,0.7142857142857143
xfeat_h,P,24.43,0.7142857142857143
xfeat_h,P,24.44,0.7142857142857143
xfeat_h,P,24.45,0.7142857142857143
xfeat_h,P,24.46,0.7142857142857143
xfeat_h,P,24.47,0.7142857142857143
xfeat_h,P,24.48,0.7142857142857143
xfeat_h,P,24.490000000000002,0.7142857142857143
xfeat_h,P,24.5,0.7142857142857143
xfeat_h,P,24.51,0.7142857142857143
xfeat_h,P,24.52,0.7142857142857143
xfeat_h,P,24.53,0.7142857142857143
xfeat_h,P,24.54,0.7142857142857143
xfeat_h,P,24.55,0.7142857142857143
xfeat_h,P,24.560000000000002,0.7142857142857143
xfeat_h,P,24.57,0.7142857142857143
xfeat_h,P,24.580000000000002,0.7142857142857143
xfeat_h,P,24.59,0.7142857142857143
xfeat_h,P,24.6,0.7142857142857143
xfeat_h,P,24.61,0.7142857142857143
xfeat_h,P,24.62,0.7142857142857143
xfeat_h,P,24.63,0.7142857142857143
xfeat_h,P,24.64,0.7142857142857143
xfeat_h,P,24.650000000000002,0.7142857142857143
xfeat_h,P,24.66,0.7142857142857143
xfeat_h,P,24.67,0.7142857142857143
xfeat_h,P,24.68,0.7142857142857143
xfeat_h,P,24.69,0.7142857142857143
xfeat_h,P,24.7,0.7142857142857143
xfeat_h,P,24.71,0.7142857142857143
xfeat_h,P,24.72,0.7142857142857143
xfeat_h,P,24.73,0.7142857142857143
xfeat_h,P,24.740000000000002,0.7142857142857143
xfeat_h,P,24.75,0.7142857142857143
xfeat_h,P,24.76,0.7142857142857143
xfeat_h,P,24.77,0.7142857142857143
xfeat_h,P,24.78,0.7142857142857143
xfeat_h,P,24.79,0.7142857142857143
xfeat_h,P,24.8,0.7142857142857143
xfeat_h,P,24.810000000000002,0.7142857142857143
xfeat_h,P,24.82,0.7142857142857143
xfeat_h,P,24.830000000000002,0.7142857142857143
xfeat_h,P,24.84,0.7142857142857143
xfeat_h,P,24.85,0.7142857142857143
xfeat_h,P,24.86,0.7142857142857143
xfeat_h,P,24.87,0.7142857142857143
xfeat_h,P,24.88,0.7142857142857143
xfeat_h,P,24.89,0.7142857142857143
xfeat_h,P,24.900000000000002,0.7142857142857143
xfeat_h,P,24.91,0.7142857142857143
xfeat_h,P,24.92,0.7142857142857143
xfeat_h,P,24.93,0.7142857142857143
xfeat_h,P,24.94,0.7142857142857143
xfeat_h,P,24.95,0.7142857142857143
xfeat_h,P,24.96,0.7142857142857143
xfeat_h,P,24.97,0.7142857142857143
xfeat_h,P,24.98,0.7142857142857143
xfeat_h,P,24.990000000000002,0.7142857142857143
xfeat_h,P,25.0,0.7142857142857143
xfeat_h,S,0.0,0.0
xfeat_h,S,0.01,0.0
xfeat_h,S,0.02,0.0
xfeat_h,S,0.03,0.0
xfeat_h,S,0.04,0.0
xfeat_h,S,0.05,0.0
xfeat_h,S,0.06,0.0
xfeat_h,S,0.07,0.0
xfeat_h,S,0.08,0.0
xfeat_h,S,0.09,0.0
xfeat_h,S,0.1,0.0
xfeat_h,S,0.11,0.0
xfeat_h,S,0.12,0.0
xfeat_h,S,0.13,0.0
xfeat_h,S,0.14,0.0
xfeat_h,S,0.15,0.0
xfeat_h,S,0.16,0.0
xfeat_h,S,0.17,0.0
xfeat_h,S,0.18,0.0
xfeat_h,S,0.19,0.0
xfeat_h,S,0.2,0.0
xfeat_h,S,0.21,0.0
xfeat_h,S,0.22,0.0
xfeat_h,S,0.23,0.0
xfeat_h,S,0.24,0.0
xfeat_h,S,0.25,0.0
xfeat_h,S,0.26,0.0
xfeat_h,S,0.27,0.0
xfeat_h,S,0.28,0.0
xfeat_h,S,0.29,0.0
xfeat_h,S,0.3,0.0
xfeat_h,S,0.31,0.0
xfeat_h,S,0.32,0.0
xfeat_h,S,0.33,0.0
xfeat_h,S,0.34,0.0
xfeat_h,S,0.35000000000000003,0.0
xfeat_h,S,0.36,0.0
xfeat_h,S,0.37,0.0
xfeat_h,S,0.38,0.0
xfeat_h,S,0.39,0.0
xfeat_h,S,0.4,0.0
xfeat_h,S,0.41000000000000003,0.0
xfeat_h,S,0.42,0.0
xfeat_h,S,0.43,0.0
xfeat_h,S,0.44,0.0
xfeat_h,S,0.45,0.0
xfeat_h,S,0.46,0.0
xfeat_h,S,0.47000000000000003,0.0
xfeat_h,S,0.48,0.0
xfeat_h,S,0.49,0.0
xfeat_h,S,0.5,0.0
xfeat_h,S,0.51,0.0
xfeat_h,S,0.52,0.0
xfeat_h,S,0.53,0.0
xfeat_h,S,0.54,0.0
xfeat_h,S,0.55,0.0
xfeat_h,S,0.56,0.0
xfeat_h,S,0.5700000000000001,0.0
xfeat_h,S,0.58,0.0
xfeat_h,S,0.59,0.0
xfeat_h,S,0.6,0.0
xfeat_h,S,0.61,0.0
xfeat_h,S,0.62,0.0
xfeat_h,S,0.63,0.0
xfeat_h,S,0.64,0.0
xfeat_h,S,0.65,0.0
xfeat_h,S,0.66,0.0
xfeat_h,S,0.67,0.0
xfeat_h,S,0.68,0.0
xfeat_h,S,0.6900000000000001,0.0
xfeat_h,S,0.7000000000000001,0.0
xfeat_h,S,0.71,0.0
xfeat_h,S,0.72,0.0
xfeat_h,S,0.73,0.0
xfeat_h,S,0.74,0.0
xfeat_h,S,0.75,0.0
xfeat_h,S,0.76,0.0
xfeat_h,S,0.77,0.0
xfeat_h,S,0.78,0.0
xfeat_h,S,0.79,0.0
xfeat_h,S,0.8,0.0
xfeat_h,S,0.81,0.0
xfeat_h,S,0.8200000000000001,0.0
xfeat_h,S,0.8300000000000001,0.0
xfeat_h,S,0.84,0.0
xfeat_h,S,0.85,0.0
xfeat_h,S,0.86,0.0
xfeat_h,S,0.87,0.0
xfeat_h,S,0.88,0.0
xfeat_h,S,0.89,0.0
xfeat_h,S,0.9,0.0
xfeat_h,S,0.91,0.0
xfeat_h,S,0.92,0.0
xfeat_h,S,0.93,0.0
xfeat_h,S,0.9400000000000001,0.0
xfeat_h,S,0.9500000000000001,0.0
xfeat_h,S,0.96,0.0
xfeat_h,S,0.97,0.0
xfeat_h,S,0.98,0.0
xfeat_h,S,0.99,0.0
xfeat_h,S,1.0,0.0
xfeat_h,S,1.01,0.0
xfeat_h,S,1.02,0.0
xfeat_h,S,1.03,0.0
xfeat_h,S,1.04,0.0
xfeat_h,S,1.05,0.0
xfeat_h,S,1.06,0.0
xfeat_h,S,1.07,0.0
xfeat_h,S,1.08,0.0
xfeat_h,S,1.09,0.0
xfeat_h,S,1.1,0.0
xfeat_h,S,1.11,0.0
xfeat_h,S,1.12,0.0
xfeat_h,S,1.1300000000000001,0.0
xfeat_h,S,1.1400000000000001,0.0
xfeat_h,S,1.1500000000000001,0.0
xfeat_h,S,1.16,0.0
xfeat_h,S,1.17,0.0
xfeat_h,S,1.18,0.0
xfeat_h,S,1.19,0.0
xfeat_h,S,1.2,0.0
xfeat_h,S,1.21,0.0
xfeat_h,S,1.22,0.0
xfeat_h,S,1.23,0.0
xfeat_h,S,1.24,0.0
xfeat_h,S,1.25,0.0
xfeat_h,S,1.26,0.0
xfeat_h,S,1.27,0.0
xfeat_h,S,1.28,0.0
xfeat_h,S,1.29,0.0
xfeat_h,S,1.3,0.0
xfeat_h,S,1.31,0.0
xfeat_h,S,1.32,0.0
xfeat_h,S,1.33,0.0
xfeat_h,S,1.34,0.0
xfeat_h,S,1.35,0.0
xfeat_h,S,1.36,0.0
xfeat_h,S,1.37,0.0
xfeat_h,S,1.3800000000000001,0.0
xfeat_h,S,1.3900000000000001,0.0
xfeat_h,S,1.4000000000000001,0.0
xfeat_h,S,1.41,0.0
xfeat_h,S,1.42,0.0
xfeat_h,S,1.43,0.0
xfeat_h,S,1.44,0.0
xfeat_h,S,1.45,0.0
xfeat_h,S,1.46,0.0
xfeat_h,S,1.47,0.0
xfeat_h,S,1.48,0.0
xfeat_h,S,1.49,0.0
xfeat_h,S,1.5,0.0
xfeat_h,S,1.51,0.0
xfeat_h,S,1.52,0.0
xfeat_h,S,1.53,0.0
xfeat_h,S,1.54,0.0
xfeat_h,S,1.55,0.0
xfeat_h,S,1.56,0.0
xfeat_h,S,1.57,0.0
xfeat_h,S,1.58,0.0
xfeat_h,S,1.59,0.0
xfeat_h,S,1.6,0.0
xfeat_h,S,1.61,0.0
xfeat_h,S,1.62,0.0
xfeat_h,S,1.6300000000000001,0.0
xfeat_h,S,1.6400000000000001,0.0
xfeat_h,S,1.6500000000000001,0.0
xfeat_h,S,1.6600000000000001,0.0
xfeat_h,S,1.67,0.0
xfeat_h,S,1.68,0.0
xfeat_h,S,1.69,0.0
xfeat_h,S,1.7,0.0
xfeat_h,S,1.71,0.0
xfeat_h,S,1.72,0.0
xfeat_h,S,1.73,0.0
xfeat_h,S,1.74,0.0
xfeat_h,S,1.75,0.0
xfeat_h,S,1.76,0.0
xfeat_h,S,1.77,0.0
xfeat_h,S,1.78,0.0
xfeat_h,S,1.79,0.0
xfeat_h,S,1.8,0.0
xfeat_h,S,1.81,0.014084507042253521
xfeat_h,S,1.82,0.014084507042253521
xfeat_h,S,1.83,0.014084507042253521
xfeat_h,S,1.84,0.014084507042253521
xfeat_h,S,1.85,0.014084507042253521
xfeat_h,S,1.86,0.014084507042253521
xfeat_h,S,1.87,0.014084507042253521
xfeat_h,S,1.8800000000000001,0.014084507042253521
xfeat_h,S,1.8900000000000001,0.014084507042253521
xfeat_h,S,1.9000000000000001,0.014084507042253521
xfeat_h,S,1.9100000000000001,0.014084507042253521
xfeat_h,S,1.92,0.014084507042253521
xfeat_h,S,1.93,0.014084507042253521
xfeat_h,S,1.94,0.014084507042253521
xfeat_h,S,1.95,0.014084507042253521
xfeat_h,S,1.96,0.014084507042253521
xfeat_h,S,1.97,0.014084507042253521
xfeat_h,S,1.98,0.014084507042253521
xfeat_h,S,1.99,0.014084507042253521
xfeat_h,S,2.0,0.014084507042253521
xfeat_h,S,2.0100000000000002,0.014084507042253521
xfeat_h,S,2.02,0.014084507042253521
xfeat_h,S,2.0300000000000002,0.014084507042253521
xfeat_h,S,2.04,0.014084507042253521
xfeat_h,S,2.05,0.014084507042253521
xfeat_h,S,2.06,0.014084507042253521
xfeat_h,S,2.07,0.014084507042253521
xfeat_h,S,2.08,0.014084507042253521
xfeat_h,S,2.09,0.014084507042253521
xfeat_h,S,2.1,0.014084507042253521
xfeat_h,S,2.11,0.014084507042253521
xfeat_h,S,2.12,0.014084507042253521
xfeat_h,S,2.13,0.014084507042253521
xfeat_h,S,2.14,0.014084507042253521
xfeat_h,S,2.15,0.014084507042253521
xfeat_h,S,2.16,0.014084507042253521
xfeat_h,S,2.17,0.014084507042253521
xfeat_h,S,2.18,0.014084507042253521
xfeat_h,S,2.19,0.014084507042253521
xfeat_h,S,2.2,0.014084507042253521
xfeat_h,S,2.21,0.04225352112676056
xfeat_h,S,2.22,0.04225352112676056
xfeat_h,S,2.23,0.04225352112676056
xfeat_h,S,2.24,0.04225352112676056
xfeat_h,S,2.25,0.056338028169014086
xfeat_h,S,2.2600000000000002,0.056338028169014086
xfeat_h,S,2.27,0.056338028169014086
xfeat_h,S,2.2800000000000002,0.056338028169014086
xfeat_h,S,2.29,0.056338028169014086
xfeat_h,S,2.3000000000000003,0.056338028169014086
xfeat_h,S,2.31,0.056338028169014086
xfeat_h,S,2.32,0.056338028169014086
xfeat_h,S,2.33,0.056338028169014086
xfeat_h,S,2.34,0.056338028169014086
xfeat_h,S,2.35,0.056338028169014086
xfeat_h,S,2.36,0.056338028169014086
xfeat_h,S,2.37,0.056338028169014086
xfeat_h,S,2.38,0.056338028169014086
xfeat_h,S,2.39,0.056338028169014086
xfeat_h,S,2.4,0.056338028169014086
xfeat_h,S,2.41,0.056338028169014086
xfeat_h,S,2.42,0.07042253521126761
xfeat_h,S,2.43,0.07042253521126761
xfeat_h,S,2.44,0.07042253521126761
xfeat_h,S,2.45,0.07042253521126761
xfeat_h,S,2.46,0.07042253521126761
xfeat_h,S,2.47,0.07042253521126761
xfeat_h,S,2.48,0.08450704225352113
xfeat_h,S,2.49,0.11267605633802817
xfeat_h,S,2.5,0.11267605633802817
xfeat_h,S,2.5100000000000002,0.1267605633802817
xfeat_h,S,2.52,0.1267605633802817
xfeat_h,S,2.5300000000000002,0.1267605633802817
xfeat_h,S,2.54,0.1267605633802817
xfeat_h,S,2.5500000000000003,0.14084507042253522
xfeat_h,S,2.56,0.15492957746478872
xfeat_h,S,2.57,0.16901408450704225
xfeat_h,S,2.58,0.16901408450704225
xfeat_h,S,2.59,0.16901408450704225
xfeat_h,S,2.6,0.16901408450704225
xfeat_h,S,2.61,0.16901408450704225
xfeat_h,S,2.62,0.16901408450704225
xfeat_h,S,2.63,0.18309859154929578
xfeat_h,S,2.64,0.19718309859154928
xfeat_h,S,2.65,0.19718309859154928
xfeat_h,S,2.66,0.2112676056338028
xfeat_h,S,2.67,0.22535211267605634
xfeat_h,S,2.68,0.23943661971830985
xfeat_h,S,2.69,0.2535211267605634
xfeat_h,S,2.7,0.2676056338028169
xfeat_h,S,2.71,0.2676056338028169
xfeat_h,S,2.72,0.2676056338028169
xfeat_h,S,2.73,0.2676056338028169
xfeat_h,S,2.74,0.2676056338028169
xfeat_h,S,2.75,0.2676056338028169
xfeat_h,S,2.7600000000000002,0.2676056338028169
xfeat_h,S,2.77,0.2676056338028169
xfeat_h,S,2.7800000000000002,0.2676056338028169
xfeat_h,S,2.79,0.2676056338028169
xfeat_h,S,2.8000000000000003,0.2676056338028169
xfeat_h,S,2.81,0.28169014084507044
xfeat_h,S,2.82,0.29577464788732394
xfeat_h,S,2.83,0.30985915492957744
xfeat_h,S,2.84,0.30985915492957744
xfeat_h,S,2.85,0.30985915492957744
xfeat_h,S,2.86,0.30985915492957744
xfeat_h,S,2.87,0.323943661971831
xfeat_h,S,2.88,0.323943661971831
xfeat_h,S,2.89,0.323943661971831
xfeat_h,S,2.9,0.323943661971831
xfeat_h,S,2.91,0.323943661971831
xfeat_h,S,2.92,0.323943661971831
xfeat_h,S,2.93,0.323943661971831
xfeat_h,S,2.94,0.3380281690140845
xfeat_h,S,2.95,0.3380281690140845
xfeat_h,S,2.96,0.3380281690140845
xfeat_h,S,2.97,0.3380281690140845
xfeat_h,S,2.98,0.3380281690140845
xfeat_h,S,2.99,0.3380281690140845
xfeat_h,S,3.0,0.3380281690140845
xfeat_h,S,3.0100000000000002,0.3380281690140845
xfeat_h,S,3.02,0.3380281690140845
xfeat_h,S,3.0300000000000002,0.3380281690140845
xfeat_h,S,3.04,0.3380281690140845
xfeat_h,S,3.0500000000000003,0.3380281690140845
xfeat_h,S,3.06,0.3380281690140845
xfeat_h,S,3.0700000000000003,0.352112676056338
xfeat_h,S,3.08,0.352112676056338
xfeat_h,S,3.09,0.352112676056338
xfeat_h,S,3.1,0.352112676056338
xfeat_h,S,3.11,0.352112676056338
xfeat_h,S,3.12,0.352112676056338
xfeat_h,S,3.13,0.352112676056338
xfeat_h,S,3.14,0.352112676056338
xfeat_h,S,3.15,0.352112676056338
xfeat_h,S,3.16,0.352112676056338
xfeat_h,S,3.17,0.352112676056338
xfeat_h,S,3.18,0.36619718309859156
xfeat_h,S,3.19,0.36619718309859156
xfeat_h,S,3.2,0.36619718309859156
xfeat_h,S,3.21,0.36619718309859156
xfeat_h,S,3.22,0.38028169014084506
xfeat_h,S,3.23,0.39436619718309857
xfeat_h,S,3.24,0.39436619718309857
xfeat_h,S,3.25,0.4084507042253521
xfeat_h,S,3.2600000000000002,0.4084507042253521
xfeat_h,S,3.27,0.4084507042253521
xfeat_h,S,3.2800000000000002,0.4225352112676056
xfeat_h,S,3.29,0.4225352112676056
xfeat_h,S,3.3000000000000003,0.4225352112676056
xfeat_h,S,3.31,0.4225352112676056
xfeat_h,S,3.3200000000000003,0.4225352112676056
xfeat_h,S,3.33,0.4225352112676056
xfeat_h,S,3.34,0.4225352112676056
xfeat_h,S,3.35,0.4225352112676056
xfeat_h,S,3.36,0.4225352112676056
xfeat_h,S,3.37,0.4225352112676056
xfeat_h,S,3.38,0.4507042253521127
xfeat_h,S,3.39,0.4507042253521127
xfeat_h,S,3.4,0.4507042253521127
xfeat_h,S,3.41,0.4507042253521127
xfeat_h,S,3.42,0.4507042253521127
xfeat_h,S,3.43,0.4647887323943662
xfeat_h,S,3.44,0.4647887323943662
xfeat_h,S,3.45,0.4788732394366197
xfeat_h,S,3.46,0.4788732394366197
xfeat_h,S,3.47,0.4788732394366197
xfeat_h,S,3.48,0.4788732394366197
xfeat_h,S,3.49,0.49295774647887325
xfeat_h,S,3.5,0.49295774647887325
xfeat_h,S,3.5100000000000002,0.5070422535211268
xfeat_h,S,3.52,0.5070422535211268
xfeat_h,S,3.5300000000000002,0.5070422535211268
xfeat_h,S,3.54,0.5070422535211268
xfeat_h,S,3.5500000000000003,0.5070422535211268
xfeat_h,S,3.56,0.5070422535211268
xfeat_h,S,3.5700000000000003,0.5070422535211268
xfeat_h,S,3.58,0.5070422535211268
xfeat_h,S,3.59,0.5070422535211268
xfeat_h,S,3.6,0.5070422535211268
xfeat_h,S,3.61,0.5070422535211268
xfeat_h,S,3.62,0.5070422535211268
xfeat_h,S,3.63,0.5070422535211268
xfeat_h,S,3.64,0.5070422535211268
xfeat_h,S,3.65,0.5070422535211268
xfeat_h,S,3.66,0.5070422535211268
xfeat_h,S,3.67,0.5070422535211268
xfeat_h,S,3.68,0.5070422535211268
xfeat_h,S,3.69,0.5070422535211268
xfeat_h,S,3.7,0.5070422535211268
xfeat_h,S,3.71,0.5070422535211268
xfeat_h,S,3.72,0.5070422535211268
xfeat_h,S,3.73,0.5211267605633803
xfeat_h,S,3.74,0.5211267605633803
xfeat_h,S,3.75,0.5352112676056338
xfeat_h,S,3.7600000000000002,0.5352112676056338
xfeat_h,S,3.77,0.5352112676056338
xfeat_h,S,3.7800000000000002,0.5492957746478874
xfeat_h,S,3.79,0.5492957746478874
xfeat_h,S,3.8000000000000003,0.5492957746478874
xfeat_h,S,3.81,0.5492957746478874
xfeat_h,S,3.8200000000000003,0.5492957746478874
xfeat_h,S,3.83,0.5492957746478874
xfeat_h,S,3.84,0.5492957746478874
xfeat_h,S,3.85,0.5492957746478874
xfeat_h,S,3.86,0.5492957746478874
xfeat_h,S,3.87,0.5492957746478874
xfeat_h,S,3.88,0.5492957746478874
xfeat_h,S,3.89,0.5492957746478874
xfeat_h,S,3.9,0.5492957746478874
xfeat_h,S,3.91,0.5492957746478874
xfeat_h,S,3.92,0.5492957746478874
xfeat_h,S,3.93,0.5633802816901409
xfeat_h,S,3.94,0.5633802816901409
xfeat_h,S,3.95,0.5774647887323944
xfeat_h,S,3.96,0.5774647887323944
xfeat_h,S,3.97,0.5774647887323944
xfeat_h,S,3.98,0.5774647887323944
xfeat_h,S,3.99,0.5774647887323944
xfeat_h,S,4.0,0.5774647887323944
xfeat_h,S,4.01,0.5774647887323944
xfeat_h,S,4.0200000000000005,0.5774647887323944
xfeat_h,S,4.03,0.5774647887323944
xfeat_h,S,4.04,0.5774647887323944
xfeat_h,S,4.05,0.5774647887323944
xfeat_h,S,4.0600000000000005,0.5915492957746479
xfeat_h,S,4.07,0.5915492957746479
xfeat_h,S,4.08,0.5915492957746479
xfeat_h,S,4.09,0.5915492957746479
xfeat_h,S,4.1,0.6056338028169014
xfeat_h,S,4.11,0.6056338028169014
xfeat_h,S,4.12,0.6056338028169014
xfeat_h,S,4.13,0.6056338028169014
xfeat_h,S,4.14,0.6056338028169014
xfeat_h,S,4.15,0.6056338028169014
xfeat_h,S,4.16,0.6056338028169014
xfeat_h,S,4.17,0.6056338028169014
xfeat_h,S,4.18,0.6056338028169014
xfeat_h,S,4.19,0.6197183098591549
xfeat_h,S,4.2,0.6197183098591549
xfeat_h,S,4.21,0.6197183098591549
xfeat_h,S,4.22,0.6197183098591549
xfeat_h,S,4.23,0.6197183098591549
xfeat_h,S,4.24,0.6197183098591549
xfeat_h,S,4.25,0.647887323943662
xfeat_h,S,4.26,0.647887323943662
xfeat_h,S,4.2700000000000005,0.647887323943662
xfeat_h,S,4.28,0.647887323943662
xfeat_h,S,4.29,0.647887323943662
xfeat_h,S,4.3,0.647887323943662
xfeat_h,S,4.3100000000000005,0.647887323943662
xfeat_h,S,4.32,0.647887323943662
xfeat_h,S,4.33,0.647887323943662
xfeat_h,S,4.34,0.647887323943662
xfeat_h,S,4.3500000000000005,0.647887323943662
xfeat_h,S,4.36,0.6619718309859155
xfeat_h,S,4.37,0.6619718309859155
xfeat_h,S,4.38,0.6619718309859155
xfeat_h,S,4.39,0.6619718309859155
xfeat_h,S,4.4,0.6619718309859155
xfeat_h,S,4.41,0.6619718309859155
xfeat_h,S,4.42,0.6619718309859155
xfeat_h,S,4.43,0.6619718309859155
xfeat_h,S,4.44,0.676056338028169
xfeat_h,S,4.45,0.6901408450704225
xfeat_h,S,4.46,0.6901408450704225
xfeat_h,S,4.47,0.704225352112676
xfeat_h,S,4.48,0.704225352112676
xfeat_h,S,4.49,0.704225352112676
xfeat_h,S,4.5,0.704225352112676
xfeat_h,S,4.51,0.704225352112676
xfeat_h,S,4.5200000000000005,0.7183098591549296
xfeat_h,S,4.53,0.7183098591549296
xfeat_h,S,4.54,0.7183098591549296
xfeat_h,S,4.55,0.7183098591549296
xfeat_h,S,4.5600000000000005,0.7183098591549296
xfeat_h,S,4.57,0.7183098591549296
xfeat_h,S,4.58,0.7183098591549296
xfeat_h,S,4.59,0.7183098591549296
xfeat_h,S,4.6000000000000005,0.7183098591549296
xfeat_h,S,4.61,0.7183098591549296
xfeat_h,S,4.62,0.7183098591549296
xfeat_h,S,4.63,0.7183098591549296
xfeat_h,S,4.64,0.7183098591549296
xfeat_h,S,4.65,0.7183098591549296
xfeat_h,S,4.66,0.7183098591549296
xfeat_h,S,4.67,0.7183098591549296
xfeat_h,S,4.68,0.7183098591549296
xfeat_h,S,4.69,0.7183098591549296
xfeat_h,S,4.7,0.7183098591549296
xfeat_h,S,4.71,0.7183098591549296
xfeat_h,S,4.72,0.7183098591549296
xfeat_h,S,4.73,0.7183098591549296
xfeat_h,S,4.74,0.7183098591549296
xfeat_h,S,4.75,0.7183098591549296
xfeat_h,S,4.76,0.7183098591549296
xfeat_h,S,4.7700000000000005,0.7183098591549296
xfeat_h,S,4.78,0.7183098591549296
xfeat_h,S,4.79,0.7183098591549296
xfeat_h,S,4.8,0.7323943661971831
xfeat_h,S,4.8100000000000005,0.7323943661971831
xfeat_h,S,4.82,0.7323943661971831
xfeat_h,S,4.83,0.7323943661971831
xfeat_h,S,4.84,0.7323943661971831
xfeat_h,S,4.8500000000000005,0.7464788732394366
xfeat_h,S,4.86,0.7464788732394366
xfeat_h,S,4.87,0.7464788732394366
xfeat_h,S,4.88,0.7464788732394366
xfeat_h,S,4.89,0.7464788732394366
xfeat_h,S,4.9,0.7464788732394366
xfeat_h,S,4.91,0.7464788732394366
xfeat_h,S,4.92,0.7464788732394366
xfeat_h,S,4.93,0.7464788732394366
xfeat_h,S,4.94,0.7464788732394366
xfeat_h,S,4.95,0.7464788732394366
xfeat_h,S,4.96,0.7464788732394366
xfeat_h,S,4.97,0.7464788732394366
xfeat_h,S,4.98,0.7464788732394366
xfeat_h,S,4.99,0.7464788732394366
xfeat_h,S,5.0,0.7605633802816901
xfeat_h,S,5.01,0.7605633802816901
xfeat_h,S,5.0200000000000005,0.7605633802816901
xfeat_h,S,5.03,0.7605633802816901
xfeat_h,S,5.04,0.7746478873239436
xfeat_h,S,5.05,0.7746478873239436
xfeat_h,S,5.0600000000000005,0.7746478873239436
xfeat_h,S,5.07,0.7746478873239436
xfeat_h,S,5.08,0.7746478873239436
xfeat_h,S,5.09,0.7746478873239436
xfeat_h,S,5.1000000000000005,0.7746478873239436
xfeat_h,S,5.11,0.7746478873239436
xfeat_h,S,5.12,0.7746478873239436
xfeat_h,S,5.13,0.7887323943661971
xfeat_h,S,5.14,0.7887323943661971
xfeat_h,S,5.15,0.7887323943661971
xfeat_h,S,5.16,0.7887323943661971
xfeat_h,S,5.17,0.7887323943661971
xfeat_h,S,5.18,0.7887323943661971
xfeat_h,S,5.19,0.7887323943661971
xfeat_h,S,5.2,0.7887323943661971
xfeat_h,S,5.21,0.7887323943661971
xfeat_h,S,5.22,0.7887323943661971
xfeat_h,S,5.23,0.7887323943661971
xfeat_h,S,5.24,0.7887323943661971
xfeat_h,S,5.25,0.7887323943661971
xfeat_h,S,5.26,0.7887323943661971
xfeat_h,S,5.2700000000000005,0.7887323943661971
xfeat_h,S,5.28,0.7887323943661971
xfeat_h,S,5.29,0.7887323943661971
xfeat_h,S,5.3,0.7887323943661971
xfeat_h,S,5.3100000000000005,0.8028169014084507
xfeat_h,S,5.32,0.8028169014084507
xfeat_h,S,5.33,0.8028169014084507
xfeat_h,S,5.34,0.8028169014084507
xfeat_h,S,5.3500000000000005,0.8028169014084507
xfeat_h,S,5.36,0.8028169014084507
xfeat_h,S,5.37,0.8028169014084507
xfeat_h,S,5.38,0.8169014084507042
xfeat_h,S,5.39,0.8309859154929577
xfeat_h,S,5.4,0.8309859154929577
xfeat_h,S,5.41,0.8309859154929577
xfeat_h,S,5.42,0.8309859154929577
xfeat_h,S,5.43,0.8309859154929577
xfeat_h,S,5.44,0.8450704225352113
xfeat_h,S,5.45,0.8450704225352113
xfeat_h,S,5.46,0.8450704225352113
xfeat_h,S,5.47,0.8450704225352113
xfeat_h,S,5.48,0.8450704225352113
xfeat_h,S,5.49,0.8450704225352113
xfeat_h,S,5.5,0.8450704225352113
xfeat_h,S,5.51,0.8591549295774648
xfeat_h,S,5.5200000000000005,0.8591549295774648
xfeat_h,S,5.53,0.8591549295774648
xfeat_h,S,5.54,0.8591549295774648
xfeat_h,S,5.55,0.8591549295774648
xfeat_h,S,5.5600000000000005,0.8591549295774648
xfeat_h,S,5.57,0.8591549295774648
xfeat_h,S,5.58,0.8591549295774648
xfeat_h,S,5.59,0.8591549295774648
xfeat_h,S,5.6000000000000005,0.8591549295774648
xfeat_h,S,5.61,0.8732394366197183
xfeat_h,S,5.62,0.8732394366197183
xfeat_h,S,5.63,0.8732394366197183
xfeat_h,S,5.64,0.8732394366197183
xfeat_h,S,5.65,0.8732394366197183
xfeat_h,S,5.66,0.8732394366197183
xfeat_h,S,5.67,0.8732394366197183
xfeat_h,S,5.68,0.8732394366197183
xfeat_h,S,5.69,0.8732394366197183
xfeat_h,S,5.7,0.8732394366197183
xfeat_h,S,5.71,0.8732394366197183
xfeat_h,S,5.72,0.8732394366197183
xfeat_h,S,5.73,0.8732394366197183
xfeat_h,S,5.74,0.8732394366197183
xfeat_h,S,5.75,0.8732394366197183
xfeat_h,S,5.76,0.8732394366197183
xfeat_h,S,5.7700000000000005,0.8732394366197183
xfeat_h,S,5.78,0.8732394366197183
xfeat_h,S,5.79,0.8732394366197183
xfeat_h,S,5.8,0.8732394366197183
xfeat_h,S,5.8100000000000005,0.8732394366197183
xfeat_h,S,5.82,0.8732394366197183
xfeat_h,S,5.83,0.8732394366197183
xfeat_h,S,5.84,0.8732394366197183
xfeat_h,S,5.8500000000000005,0.8732394366197183
xfeat_h,S,5.86,0.8732394366197183
xfeat_h,S,5.87,0.8732394366197183
xfeat_h,S,5.88,0.8732394366197183
xfeat_h,S,5.89,0.8732394366197183
xfeat_h,S,5.9,0.8732394366197183
xfeat_h,S,5.91,0.8732394366197183
xfeat_h,S,5.92,0.8732394366197183
xfeat_h,S,5.93,0.8732394366197183
xfeat_h,S,5.94,0.8732394366197183
xfeat_h,S,5.95,0.8732394366197183
xfeat_h,S,5.96,0.8732394366197183
xfeat_h,S,5.97,0.8732394366197183
xfeat_h,S,5.98,0.8732394366197183
xfeat_h,S,5.99,0.8732394366197183
xfeat_h,S,6.0,0.8732394366197183
xfeat_h,S,6.01,0.8732394366197183
xfeat_h,S,6.0200000000000005,0.8732394366197183
xfeat_h,S,6.03,0.8732394366197183
xfeat_h,S,6.04,0.8732394366197183
xfeat_h,S,6.05,0.8732394366197183
xfeat_h,S,6.0600000000000005,0.8732394366197183
xfeat_h,S,6.07,0.8873239436619719
xfeat_h,S,6.08,0.8873239436619719
xfeat_h,S,6.09,0.9014084507042254
xfeat_h,S,6.1000000000000005,0.9014084507042254
xfeat_h,S,6.11,0.9154929577464789
xfeat_h,S,6.12,0.9154929577464789
xfeat_h,S,6.13,0.9154929577464789
xfeat_h,S,6.140000000000001,0.9154929577464789
xfeat_h,S,6.15,0.9154929577464789
xfeat_h,S,6.16,0.9154929577464789
xfeat_h,S,6.17,0.9154929577464789
xfeat_h,S,6.18,0.9154929577464789
xfeat_h,S,6.19,0.9154929577464789
xfeat_h,S,6.2,0.9154929577464789
xfeat_h,S,6.21,0.9154929577464789
xfeat_h,S,6.22,0.9154929577464789
xfeat_h,S,6.23,0.9154929577464789
xfeat_h,S,6.24,0.9154929577464789
xfeat_h,S,6.25,0.9154929577464789
xfeat_h,S,6.26,0.9154929577464789
xfeat_h,S,6.2700000000000005,0.9154929577464789
xfeat_h,S,6.28,0.9154929577464789
xfeat_h,S,6.29,0.9154929577464789
xfeat_h,S,6.3,0.9154929577464789
xfeat_h,S,6.3100000000000005,0.9154929577464789
xfeat_h,S,6.32,0.9295774647887324
xfeat_h,S,6.33,0.9295774647887324
xfeat_h,S,6.34,0.9295774647887324
xfeat_h,S,6.3500000000000005,0.9295774647887324
xfeat_h,S,6.36,0.9295774647887324
xfeat_h,S,6.37,0.9295774647887324
xfeat_h,S,6.38,0.9295774647887324
xfeat_h,S,6.390000000000001,0.9295774647887324
xfeat_h,S,6.4,0.9295774647887324
xfeat_h,S,6.41,0.9295774647887324
xfeat_h,S,6.42,0.9295774647887324
xfeat_h,S,6.43,0.9295774647887324
xfeat_h,S,6.44,0.9295774647887324
xfeat_h,S,6.45,0.9295774647887324
xfeat_h,S,6.46,0.9295774647887324
xfeat_h,S,6.47,0.9295774647887324
xfeat_h,S,6.48,0.9295774647887324
xfeat_h,S,6.49,0.9295774647887324
xfeat_h,S,6.5,0.9295774647887324
xfeat_h,S,6.51,0.9295774647887324
xfeat_h,S,6.5200000000000005,0.9295774647887324
xfeat_h,S,6.53,0.9295774647887324
xfeat_h,S,6.54,0.9295774647887324
xfeat_h,S,6.55,0.9436619718309859
xfeat_h,S,6.5600000000000005,0.9436619718309859
xfeat_h,S,6.57,0.9436619718309859
xfeat_h,S,6.58,0.9436619718309859
xfeat_h,S,6.59,0.9436619718309859
xfeat_h,S,6.6000000000000005,0.9436619718309859
xfeat_h,S,6.61,0.9436619718309859
xfeat_h,S,6.62,0.9436619718309859
xfeat_h,S,6.63,0.9436619718309859
xfeat_h,S,6.640000000000001,0.9436619718309859
xfeat_h,S,6.65,0.9436619718309859
xfeat_h,S,6.66,0.9436619718309859
xfeat_h,S,6.67,0.9436619718309859
xfeat_h,S,6.68,0.9436619718309859
xfeat_h,S,6.69,0.9436619718309859
xfeat_h,S,6.7,0.9436619718309859
xfeat_h,S,6.71,0.9436619718309859
xfeat_h,S,6.72,0.9436619718309859
xfeat_h,S,6.73,0.9436619718309859
xfeat_h,S,6.74,0.9436619718309859
xfeat_h,S,6.75,0.9436619718309859
xfeat_h,S,6.76,0.9436619718309859
xfeat_h,S,6.7700000000000005,0.9436619718309859
xfeat_h,S,6.78,0.9436619718309859
xfeat_h,S,6.79,0.9436619718309859
xfeat_h,S,6.8,0.9436619718309859
xfeat_h,S,6.8100000000000005,0.9436619718309859
xfeat_h,S,6.82,0.9436619718309859
xfeat_h,S,6.83,0.9436619718309859
xfeat_h,S,6.84,0.9436619718309859
xfeat_h,S,6.8500000000000005,0.9436619718309859
xfeat_h,S,6.86,0.9436619718309859
xfeat_h,S,6.87,0.9436619718309859
xfeat_h,S,6.88,0.9436619718309859
xfeat_h,S,6.890000000000001,0.9436619718309859
xfeat_h,S,6.9,0.9436619718309859
xfeat_h,S,6.91,0.9436619718309859
xfeat_h,S,6.92,0.9436619718309859
xfeat_h,S,6.93,0.9436619718309859
xfeat_h,S,6.94,0.9436619718309859
xfeat_h,S,6.95,0.9436619718309859
xfeat_h,S,6.96,0.9436619718309859
xfeat_h,S,6.97,0.9577464788732394
xfeat_h,S,6.98,0.9577464788732394
xfeat_h,S,6.99,0.9577464788732394
xfeat_h,S,7.0,0.9577464788732394
xfeat_h,S,7.01,0.9577464788732394
xfeat_h,S,7.0200000000000005,0.9577464788732394
xfeat_h,S,7.03,0.9577464788732394
xfeat_h,S,7.04,0.9577464788732394
xfeat_h,S,7.05,0.9577464788732394
xfeat_h,S,7.0600000000000005,0.9577464788732394
xfeat_h,S,7.07,0.9577464788732394
xfeat_h,S,7.08,0.9577464788732394
xfeat_h,S,7.09,0.9577464788732394
xfeat_h,S,7.1000000000000005,0.9577464788732394
xfeat_h,S,7.11,0.9577464788732394
xfeat_h,S,7.12,0.9577464788732394
xfeat_h,S,7.13,0.9577464788732394
xfeat_h,S,7.140000000000001,0.9577464788732394
xfeat_h,S,7.15,0.9577464788732394
xfeat_h,S,7.16,0.9577464788732394
xfeat_h,S,7.17,0.9577464788732394
xfeat_h,S,7.18,0.9577464788732394
xfeat_h,S,7.19,0.9577464788732394
xfeat_h,S,7.2,0.9577464788732394
xfeat_h,S,7.21,0.9577464788732394
xfeat_h,S,7.22,0.9577464788732394
xfeat_h,S,7.23,0.9577464788732394
xfeat_h,S,7.24,0.9577464788732394
xfeat_h,S,7.25,0.9577464788732394
xfeat_h,S,7.26,0.9577464788732394
xfeat_h,S,7.2700000000000005,0.9577464788732394
xfeat_h,S,7.28,0.9577464788732394
xfeat_h,S,7.29,0.9577464788732394
xfeat_h,S,7.3,0.9577464788732394
xfeat_h,S,7.3100000000000005,0.9577464788732394
xfeat_h,S,7.32,0.9577464788732394
xfeat_h,S,7.33,0.9577464788732394
xfeat_h,S,7.34,0.9577464788732394
xfeat_h,S,7.3500000000000005,0.971830985915493
xfeat_h,S,7.36,0.971830985915493
xfeat_h,S,7.37,0.971830985915493
xfeat_h,S,7.38,0.971830985915493
xfeat_h,S,7.390000000000001,0.971830985915493
xfeat_h,S,7.4,0.9859154929577465
xfeat_h,S,7.41,0.9859154929577465
xfeat_h,S,7.42,0.9859154929577465
xfeat_h,S,7.43,0.9859154929577465
xfeat_h,S,7.44,0.9859154929577465
xfeat_h,S,7.45,0.9859154929577465
xfeat_h,S,7.46,0.9859154929577465
xfeat_h,S,7.47,0.9859154929577465
xfeat_h,S,7.48,0.9859154929577465
xfeat_h,S,7.49,0.9859154929577465
xfeat_h,S,7.5,0.9859154929577465
xfeat_h,S,7.51,0.9859154929577465
xfeat_h,S,7.5200000000000005,0.9859154929577465
xfeat_h,S,7.53,0.9859154929577465
xfeat_h,S,7.54,0.9859154929577465
xfeat_h,S,7.55,0.9859154929577465
xfeat_h,S,7.5600000000000005,0.9859154929577465
xfeat_h,S,7.57,0.9859154929577465
xfeat_h,S,7.58,0.9859154929577465
xfeat_h,S,7.59,0.9859154929577465
xfeat_h,S,7.6000000000000005,0.9859154929577465
xfeat_h,S,7.61,0.9859154929577465
xfeat_h,S,7.62,0.9859154929577465
xfeat_h,S,7.63,0.9859154929577465
xfeat_h,S,7.640000000000001,0.9859154929577465
xfeat_h,S,7.65,0.9859154929577465
xfeat_h,S,7.66,0.9859154929577465
xfeat_h,S,7.67,0.9859154929577465
xfeat_h,S,7.68,0.9859154929577465
xfeat_h,S,7.69,0.9859154929577465
xfeat_h,S,7.7,0.9859154929577465
xfeat_h,S,7.71,0.9859154929577465
xfeat_h,S,7.72,0.9859154929577465
xfeat_h,S,7.73,0.9859154929577465
xfeat_h,S,7.74,0.9859154929577465
xfeat_h,S,7.75,0.9859154929577465
xfeat_h,S,7.76,0.9859154929577465
xfeat_h,S,7.7700000000000005,0.9859154929577465
xfeat_h,S,7.78,0.9859154929577465
xfeat_h,S,7.79,0.9859154929577465
xfeat_h,S,7.8,0.9859154929577465
xfeat_h,S,7.8100000000000005,0.9859154929577465
xfeat_h,S,7.82,0.9859154929577465
xfeat_h,S,7.83,0.9859154929577465
xfeat_h,S,7.84,0.9859154929577465
xfeat_h,S,7.8500000000000005,0.9859154929577465
xfeat_h,S,7.86,0.9859154929577465
xfeat_h,S,7.87,0.9859154929577465
xfeat_h,S,7.88,0.9859154929577465
xfeat_h,S,7.890000000000001,0.9859154929577465
xfeat_h,S,7.9,0.9859154929577465
xfeat_h,S,7.91,0.9859154929577465
xfeat_h,S,7.92,0.9859154929577465
xfeat_h,S,7.930000000000001,0.9859154929577465
xfeat_h,S,7.94,0.9859154929577465
xfeat_h,S,7.95,0.9859154929577465
xfeat_h,S,7.96,0.9859154929577465
xfeat_h,S,7.97,0.9859154929577465
xfeat_h,S,7.98,0.9859154929577465
xfeat_h,S,7.99,0.9859154929577465
xfeat_h,S,8.0,0.9859154929577465
xfeat_h,S,8.01,0.9859154929577465
xfeat_h,S,8.02,0.9859154929577465
xfeat_h,S,8.03,0.9859154929577465
xfeat_h,S,8.040000000000001,0.9859154929577465
xfeat_h,S,8.05,0.9859154929577465
xfeat_h,S,8.06,0.9859154929577465
xfeat_h,S,8.07,0.9859154929577465
xfeat_h,S,8.08,0.9859154929577465
xfeat_h,S,8.09,0.9859154929577465
xfeat_h,S,8.1,0.9859154929577465
xfeat_h,S,8.11,0.9859154929577465
xfeat_h,S,8.120000000000001,0.9859154929577465
xfeat_h,S,8.13,0.9859154929577465
xfeat_h,S,8.14,0.9859154929577465
xfeat_h,S,8.15,0.9859154929577465
xfeat_h,S,8.16,0.9859154929577465
xfeat_h,S,8.17,0.9859154929577465
xfeat_h,S,8.18,0.9859154929577465
xfeat_h,S,8.19,0.9859154929577465
xfeat_h,S,8.2,0.9859154929577465
xfeat_h,S,8.21,0.9859154929577465
xfeat_h,S,8.22,0.9859154929577465
xfeat_h,S,8.23,0.9859154929577465
xfeat_h,S,8.24,0.9859154929577465
xfeat_h,S,8.25,0.9859154929577465
xfeat_h,S,8.26,0.9859154929577465
xfeat_h,S,8.27,0.9859154929577465
xfeat_h,S,8.28,0.9859154929577465
xfeat_h,S,8.290000000000001,0.9859154929577465
xfeat_h,S,8.3,0.9859154929577465
xfeat_h,S,8.31,0.9859154929577465
xfeat_h,S,8.32,0.9859154929577465
xfeat_h,S,8.33,0.9859154929577465
xfeat_h,S,8.34,0.9859154929577465
xfeat_h,S,8.35,0.9859154929577465
xfeat_h,S,8.36,0.9859154929577465
xfeat_h,S,8.370000000000001,0.9859154929577465
xfeat_h,S,8.38,0.9859154929577465
xfeat_h,S,8.39,0.9859154929577465
xfeat_h,S,8.4,0.9859154929577465
xfeat_h,S,8.41,0.9859154929577465
xfeat_h,S,8.42,0.9859154929577465
xfeat_h,S,8.43,0.9859154929577465
xfeat_h,S,8.44,0.9859154929577465
xfeat_h,S,8.45,0.9859154929577465
xfeat_h,S,8.46,0.9859154929577465
xfeat_h,S,8.47,0.9859154929577465
xfeat_h,S,8.48,0.9859154929577465
xfeat_h,S,8.49,0.9859154929577465
xfeat_h,S,8.5,0.9859154929577465
xfeat_h,S,8.51,0.9859154929577465
xfeat_h,S,8.52,0.9859154929577465
xfeat_h,S,8.53,0.9859154929577465
xfeat_h,S,8.540000000000001,0.9859154929577465
xfeat_h,S,8.55,0.9859154929577465
xfeat_h,S,8.56,0.9859154929577465
xfeat_h,S,8.57,0.9859154929577465
xfeat_h,S,8.58,0.9859154929577465
xfeat_h,S,8.59,0.9859154929577465
xfeat_h,S,8.6,0.9859154929577465
xfeat_h,S,8.61,0.9859154929577465
xfeat_h,S,8.620000000000001,0.9859154929577465
xfeat_h,S,8.63,0.9859154929577465
xfeat_h,S,8.64,0.9859154929577465
xfeat_h,S,8.65,0.9859154929577465
xfeat_h,S,8.66,0.9859154929577465
xfeat_h,S,8.67,0.9859154929577465
xfeat_h,S,8.68,0.9859154929577465
xfeat_h,S,8.69,0.9859154929577465
xfeat_h,S,8.700000000000001,0.9859154929577465
xfeat_h,S,8.71,0.9859154929577465
xfeat_h,S,8.72,0.9859154929577465
xfeat_h,S,8.73,0.9859154929577465
xfeat_h,S,8.74,0.9859154929577465
xfeat_h,S,8.75,0.9859154929577465
xfeat_h,S,8.76,0.9859154929577465
xfeat_h,S,8.77,0.9859154929577465
xfeat_h,S,8.78,0.9859154929577465
xfeat_h,S,8.790000000000001,0.9859154929577465
xfeat_h,S,8.8,0.9859154929577465
xfeat_h,S,8.81,0.9859154929577465
xfeat_h,S,8.82,0.9859154929577465
xfeat_h,S,8.83,0.9859154929577465
xfeat_h,S,8.84,0.9859154929577465
xfeat_h,S,8.85,0.9859154929577465
xfeat_h,S,8.86,0.9859154929577465
xfeat_h,S,8.870000000000001,0.9859154929577465
xfeat_h,S,8.88,0.9859154929577465
xfeat_h,S,8.89,0.9859154929577465
xfeat_h,S,8.9,0.9859154929577465
xfeat_h,S,8.91,0.9859154929577465
xfeat_h,S,8.92,0.9859154929577465
xfeat_h,S,8.93,0.9859154929577465
xfeat_h,S,8.94,0.9859154929577465
xfeat_h,S,8.950000000000001,0.9859154929577465
xfeat_h,S,8.96,0.9859154929577465
xfeat_h,S,8.97,0.9859154929577465
xfeat_h,S,8.98,0.9859154929577465
xfeat_h,S,8.99,0.9859154929577465
xfeat_h,S,9.0,0.9859154929577465
xfeat_h,S,9.01,0.9859154929577465
xfeat_h,S,9.02,0.9859154929577465
xfeat_h,S,9.03,0.9859154929577465
xfeat_h,S,9.040000000000001,0.9859154929577465
xfeat_h,S,9.05,0.9859154929577465
xfeat_h,S,9.06,0.9859154929577465
xfeat_h,S,9.07,0.9859154929577465
xfeat_h,S,9.08,0.9859154929577465
xfeat_h,S,9.09,0.9859154929577465
xfeat_h,S,9.1,0.9859154929577465
xfeat_h,S,9.11,0.9859154929577465
xfeat_h,S,9.120000000000001,0.9859154929577465
xfeat_h,S,9.13,0.9859154929577465
xfeat_h,S,9.14,0.9859154929577465
xfeat_h,S,9.15,0.9859154929577465
xfeat_h,S,9.16,0.9859154929577465
xfeat_h,S,9.17,0.9859154929577465
xfeat_h,S,9.18,0.9859154929577465
xfeat_h,S,9.19,0.9859154929577465
xfeat_h,S,9.200000000000001,0.9859154929577465
xfeat_h,S,9.21,0.9859154929577465
xfeat_h,S,9.22,0.9859154929577465
xfeat_h,S,9.23,1.0
xfeat_h,S,9.24,1.0
xfeat_h,S,9.25,1.0
xfeat_h,S,9.26,1.0
xfeat_h,S,9.27,1.0
xfeat_h,S,9.28,1.0
xfeat_h,S,9.290000000000001,1.0
xfeat_h,S,9.3,1.0
xfeat_h,S,9.31,1.0
xfeat_h,S,9.32,1.0
xfeat_h,S,9.33,1.0
xfeat_h,S,9.34,1.0
xfeat_h,S,9.35,1.0
xfeat_h,S,9.36,1.0
xfeat_h,S,9.370000000000001,1.0
xfeat_h,S,9.38,1.0
xfeat_h,S,9.39,1.0
xfeat_h,S,9.4,1.0
xfeat_h,S,9.41,1.0
xfeat_h,S,9.42,1.0
xfeat_h,S,9.43,1.0
xfeat_h,S,9.44,1.0
xfeat_h,S,9.450000000000001,1.0
xfeat_h,S,9.46,1.0
xfeat_h,S,9.47,1.0
xfeat_h,S,9.48,1.0
xfeat_h,S,9.49,1.0
xfeat_h,S,9.5,1.0
xfeat_h,S,9.51,1.0
xfeat_h,S,9.52,1.0
xfeat_h,S,9.53,1.0
xfeat_h,S,9.540000000000001,1.0
xfeat_h,S,9.55,1.0
xfeat_h,S,9.56,1.0
xfeat_h,S,9.57,1.0
xfeat_h,S,9.58,1.0
xfeat_h,S,9.59,1.0
xfeat_h,S,9.6,1.0
xfeat_h,S,9.61,1.0
xfeat_h,S,9.620000000000001,1.0
xfeat_h,S,9.63,1.0
xfeat_h,S,9.64,1.0
xfeat_h,S,9.65,1.0
xfeat_h,S,9.66,1.0
xfeat_h,S,9.67,1.0
xfeat_h,S,9.68,1.0
xfeat_h,S,9.69,1.0
xfeat_h,S,9.700000000000001,1.0
xfeat_h,S,9.71,1.0
xfeat_h,S,9.72,1.0
xfeat_h,S,9.73,1.0
xfeat_h,S,9.74,1.0
xfeat_h,S,9.75,1.0
xfeat_h,S,9.76,1.0
xfeat_h,S,9.77,1.0
xfeat_h,S,9.78,1.0
xfeat_h,S,9.790000000000001,1.0
xfeat_h,S,9.8,1.0
xfeat_h,S,9.81,1.0
xfeat_h,S,9.82,1.0
xfeat_h,S,9.83,1.0
xfeat_h,S,9.84,1.0
xfeat_h,S,9.85,1.0
xfeat_h,S,9.86,1.0
xfeat_h,S,9.870000000000001,1.0
xfeat_h,S,9.88,1.0
xfeat_h,S,9.89,1.0
xfeat_h,S,9.9,1.0
xfeat_h,S,9.91,1.0
xfeat_h,S,9.92,1.0
xfeat_h,S,9.93,1.0
xfeat_h,S,9.94,1.0
xfeat_h,S,9.950000000000001,1.0
xfeat_h,S,9.96,1.0
xfeat_h,S,9.97,1.0
xfeat_h,S,9.98,1.0
xfeat_h,S,9.99,1.0
xfeat_h,S,10.0,1.0
xfeat_h,S,10.01,1.0
xfeat_h,S,10.02,1.0
xfeat_h,S,10.03,1.0
xfeat_h,S,10.040000000000001,1.0
xfeat_h,S,10.05,1.0
xfeat_h,S,10.06,1.0
xfeat_h,S,10.07,1.0
xfeat_h,S,10.08,1.0
xfeat_h,S,10.09,1.0
xfeat_h,S,10.1,1.0
xfeat_h,S,10.11,1.0
xfeat_h,S,10.120000000000001,1.0
xfeat_h,S,10.13,1.0
xfeat_h,S,10.14,1.0
xfeat_h,S,10.15,1.0
xfeat_h,S,10.16,1.0
xfeat_h,S,10.17,1.0
xfeat_h,S,10.18,1.0
xfeat_h,S,10.19,1.0
xfeat_h,S,10.200000000000001,1.0
xfeat_h,S,10.21,1.0
xfeat_h,S,10.22,1.0
xfeat_h,S,10.23,1.0
xfeat_h,S,10.24,1.0
xfeat_h,S,10.25,1.0
xfeat_h,S,10.26,1.0
xfeat_h,S,10.27,1.0
xfeat_h,S,10.28,1.0
xfeat_h,S,10.290000000000001,1.0
xfeat_h,S,10.3,1.0
xfeat_h,S,10.31,1.0
xfeat_h,S,10.32,1.0
xfeat_h,S,10.33,1.0
xfeat_h,S,10.34,1.0
xfeat_h,S,10.35,1.0
xfeat_h,S,10.36,1.0
xfeat_h,S,10.370000000000001,1.0
xfeat_h,S,10.38,1.0
xfeat_h,S,10.39,1.0
xfeat_h,S,10.4,1.0
xfeat_h,S,10.41,1.0
xfeat_h,S,10.42,1.0
xfeat_h,S,10.43,1.0
xfeat_h,S,10.44,1.0
xfeat_h,S,10.450000000000001,1.0
xfeat_h,S,10.46,1.0
xfeat_h,S,10.47,1.0
xfeat_h,S,10.48,1.0
xfeat_h,S,10.49,1.0
xfeat_h,S,10.5,1.0
xfeat_h,S,10.51,1.0
xfeat_h,S,10.52,1.0
xfeat_h,S,10.53,1.0
xfeat_h,S,10.540000000000001,1.0
xfeat_h,S,10.55,1.0
xfeat_h,S,10.56,1.0
xfeat_h,S,10.57,1.0
xfeat_h,S,10.58,1.0
xfeat_h,S,10.59,1.0
xfeat_h,S,10.6,1.0
xfeat_h,S,10.61,1.0
xfeat_h,S,10.620000000000001,1.0
xfeat_h,S,10.63,1.0
xfeat_h,S,10.64,1.0
xfeat_h,S,10.65,1.0
xfeat_h,S,10.66,1.0
xfeat_h,S,10.67,1.0
xfeat_h,S,10.68,1.0
xfeat_h,S,10.69,1.0
xfeat_h,S,10.700000000000001,1.0
xfeat_h,S,10.71,1.0
xfeat_h,S,10.72,1.0
xfeat_h,S,10.73,1.0
xfeat_h,S,10.74,1.0
xfeat_h,S,10.75,1.0
xfeat_h,S,10.76,1.0
xfeat_h,S,10.77,1.0
xfeat_h,S,10.78,1.0
xfeat_h,S,10.790000000000001,1.0
xfeat_h,S,10.8,1.0
xfeat_h,S,10.81,1.0
xfeat_h,S,10.82,1.0
xfeat_h,S,10.83,1.0
xfeat_h,S,10.84,1.0
xfeat_h,S,10.85,1.0
xfeat_h,S,10.86,1.0
xfeat_h,S,10.870000000000001,1.0
xfeat_h,S,10.88,1.0
xfeat_h,S,10.89,1.0
xfeat_h,S,10.9,1.0
xfeat_h,S,10.91,1.0
xfeat_h,S,10.92,1.0
xfeat_h,S,10.93,1.0
xfeat_h,S,10.94,1.0
xfeat_h,S,10.950000000000001,1.0
xfeat_h,S,10.96,1.0
xfeat_h,S,10.97,1.0
xfeat_h,S,10.98,1.0
xfeat_h,S,10.99,1.0
xfeat_h,S,11.0,1.0
xfeat_h,S,11.01,1.0
xfeat_h,S,11.02,1.0
xfeat_h,S,11.03,1.0
xfeat_h,S,11.040000000000001,1.0
xfeat_h,S,11.05,1.0
xfeat_h,S,11.06,1.0
xfeat_h,S,11.07,1.0
xfeat_h,S,11.08,1.0
xfeat_h,S,11.09,1.0
xfeat_h,S,11.1,1.0
xfeat_h,S,11.11,1.0
xfeat_h,S,11.120000000000001,1.0
xfeat_h,S,11.13,1.0
xfeat_h,S,11.14,1.0
xfeat_h,S,11.15,1.0
xfeat_h,S,11.16,1.0
xfeat_h,S,11.17,1.0
xfeat_h,S,11.18,1.0
xfeat_h,S,11.19,1.0
xfeat_h,S,11.200000000000001,1.0
xfeat_h,S,11.21,1.0
xfeat_h,S,11.22,1.0
xfeat_h,S,11.23,1.0
xfeat_h,S,11.24,1.0
xfeat_h,S,11.25,1.0
xfeat_h,S,11.26,1.0
xfeat_h,S,11.27,1.0
xfeat_h,S,11.28,1.0
xfeat_h,S,11.290000000000001,1.0
xfeat_h,S,11.3,1.0
xfeat_h,S,11.31,1.0
xfeat_h,S,11.32,1.0
xfeat_h,S,11.33,1.0
xfeat_h,S,11.34,1.0
xfeat_h,S,11.35,1.0
xfeat_h,S,11.36,1.0
xfeat_h,S,11.370000000000001,1.0
xfeat_h,S,11.38,1.0
xfeat_h,S,11.39,1.0
xfeat_h,S,11.4,1.0
xfeat_h,S,11.41,1.0
xfeat_h,S,11.42,1.0
xfeat_h,S,11.43,1.0
xfeat_h,S,11.44,1.0
xfeat_h,S,11.450000000000001,1.0
xfeat_h,S,11.46,1.0
xfeat_h,S,11.47,1.0
xfeat_h,S,11.48,1.0
xfeat_h,S,11.49,1.0
xfeat_h,S,11.5,1.0
xfeat_h,S,11.51,1.0
xfeat_h,S,11.52,1.0
xfeat_h,S,11.53,1.0
xfeat_h,S,11.540000000000001,1.0
xfeat_h,S,11.55,1.0
xfeat_h,S,11.56,1.0
xfeat_h,S,11.57,1.0
xfeat_h,S,11.58,1.0
xfeat_h,S,11.59,1.0
xfeat_h,S,11.6,1.0
xfeat_h,S,11.61,1.0
xfeat_h,S,11.620000000000001,1.0
xfeat_h,S,11.63,1.0
xfeat_h,S,11.64,1.0
xfeat_h,S,11.65,1.0
xfeat_h,S,11.66,1.0
xfeat_h,S,11.67,1.0
xfeat_h,S,11.68,1.0
xfeat_h,S,11.69,1.0
xfeat_h,S,11.700000000000001,1.0
xfeat_h,S,11.71,1.0
xfeat_h,S,11.72,1.0
xfeat_h,S,11.73,1.0
xfeat_h,S,11.74,1.0
xfeat_h,S,11.75,1.0
xfeat_h,S,11.76,1.0
xfeat_h,S,11.77,1.0
xfeat_h,S,11.78,1.0
xfeat_h,S,11.790000000000001,1.0
xfeat_h,S,11.8,1.0
xfeat_h,S,11.81,1.0
xfeat_h,S,11.82,1.0
xfeat_h,S,11.83,1.0
xfeat_h,S,11.84,1.0
xfeat_h,S,11.85,1.0
xfeat_h,S,11.86,1.0
xfeat_h,S,11.870000000000001,1.0
xfeat_h,S,11.88,1.0
xfeat_h,S,11.89,1.0
xfeat_h,S,11.9,1.0
xfeat_h,S,11.91,1.0
xfeat_h,S,11.92,1.0
xfeat_h,S,11.93,1.0
xfeat_h,S,11.94,1.0
xfeat_h,S,11.950000000000001,1.0
xfeat_h,S,11.96,1.0
xfeat_h,S,11.97,1.0
xfeat_h,S,11.98,1.0
xfeat_h,S,11.99,1.0
xfeat_h,S,12.0,1.0
xfeat_h,S,12.01,1.0
xfeat_h,S,12.02,1.0
xfeat_h,S,12.030000000000001,1.0
xfeat_h,S,12.040000000000001,1.0
xfeat_h,S,12.05,1.0
xfeat_h,S,12.06,1.0
xfeat_h,S,12.07,1.0
xfeat_h,S,12.08,1.0
xfeat_h,S,12.09,1.0
xfeat_h,S,12.1,1.0
xfeat_h,S,12.11,1.0
xfeat_h,S,12.120000000000001,1.0
xfeat_h,S,12.13,1.0
xfeat_h,S,12.14,1.0
xfeat_h,S,12.15,1.0
xfeat_h,S,12.16,1.0
xfeat_h,S,12.17,1.0
xfeat_h,S,12.18,1.0
xfeat_h,S,12.19,1.0
xfeat_h,S,12.200000000000001,1.0
xfeat_h,S,12.21,1.0
xfeat_h,S,12.22,1.0
xfeat_h,S,12.23,1.0
xfeat_h,S,12.24,1.0
xfeat_h,S,12.25,1.0
xfeat_h,S,12.26,1.0
xfeat_h,S,12.27,1.0
xfeat_h,S,12.280000000000001,1.0
xfeat_h,S,12.290000000000001,1.0
xfeat_h,S,12.3,1.0
xfeat_h,S,12.31,1.0
xfeat_h,S,12.32,1.0
xfeat_h,S,12.33,1.0
xfeat_h,S,12.34,1.0
xfeat_h,S,12.35,1.0
xfeat_h,S,12.36,1.0
xfeat_h,S,12.370000000000001,1.0
xfeat_h,S,12.38,1.0
xfeat_h,S,12.39,1.0
xfeat_h,S,12.4,1.0
xfeat_h,S,12.41,1.0
xfeat_h,S,12.42,1.0
xfeat_h,S,12.43,1.0
xfeat_h,S,12.44,1.0
xfeat_h,S,12.450000000000001,1.0
xfeat_h,S,12.46,1.0
xfeat_h,S,12.47,1.0
xfeat_h,S,12.48,1.0
xfeat_h,S,12.49,1.0
xfeat_h,S,12.5,1.0
xfeat_h,S,12.51,1.0
xfeat_h,S,12.52,1.0
xfeat_h,S,12.530000000000001,1.0
xfeat_h,S,12.540000000000001,1.0
xfeat_h,S,12.55,1.0
xfeat_h,S,12.56,1.0
xfeat_h,S,12.57,1.0
xfeat_h,S,12.58,1.0
xfeat_h,S,12.59,1.0
xfeat_h,S,12.6,1.0
xfeat_h,S,12.61,1.0
xfeat_h,S,12.620000000000001,1.0
xfeat_h,S,12.63,1.0
xfeat_h,S,12.64,1.0
xfeat_h,S,12.65,1.0
xfeat_h,S,12.66,1.0
xfeat_h,S,12.67,1.0
xfeat_h,S,12.68,1.0
xfeat_h,S,12.69,1.0
xfeat_h,S,12.700000000000001,1.0
xfeat_h,S,12.71,1.0
xfeat_h,S,12.72,1.0
xfeat_h,S,12.73,1.0
xfeat_h,S,12.74,1.0
xfeat_h,S,12.75,1.0
xfeat_h,S,12.76,1.0
xfeat_h,S,12.77,1.0
xfeat_h,S,12.780000000000001,1.0
xfeat_h,S,12.790000000000001,1.0
xfeat_h,S,12.8,1.0
xfeat_h,S,12.81,1.0
xfeat_h,S,12.82,1.0
xfeat_h,S,12.83,1.0
xfeat_h,S,12.84,1.0
xfeat_h,S,12.85,1.0
xfeat_h,S,12.86,1.0
xfeat_h,S,12.870000000000001,1.0
xfeat_h,S,12.88,1.0
xfeat_h,S,12.89,1.0
xfeat_h,S,12.9,1.0
xfeat_h,S,12.91,1.0
xfeat_h,S,12.92,1.0
xfeat_h,S,12.93,1.0
xfeat_h,S,12.94,1.0
xfeat_h,S,12.950000000000001,1.0
xfeat_h,S,12.96,1.0
xfeat_h,S,12.97,1.0
xfeat_h,S,12.98,1.0
xfeat_h,S,12.99,1.0
xfeat_h,S,13.0,1.0
xfeat_h,S,13.01,1.0
xfeat_h,S,13.02,1.0
xfeat_h,S,13.030000000000001,1.0
xfeat_h,S,13.040000000000001,1.0
xfeat_h,S,13.05,1.0
xfeat_h,S,13.06,1.0
xfeat_h,S,13.07,1.0
xfeat_h,S,13.08,1.0
xfeat_h,S,13.09,1.0
xfeat_h,S,13.1,1.0
xfeat_h,S,13.11,1.0
xfeat_h,S,13.120000000000001,1.0
xfeat_h,S,13.13,1.0
xfeat_h,S,13.14,1.0
xfeat_h,S,13.15,1.0
xfeat_h,S,13.16,1.0
xfeat_h,S,13.17,1.0
xfeat_h,S,13.18,1.0
xfeat_h,S,13.19,1.0
xfeat_h,S,13.200000000000001,1.0
xfeat_h,S,13.21,1.0
xfeat_h,S,13.22,1.0
xfeat_h,S,13.23,1.0
xfeat_h,S,13.24,1.0
xfeat_h,S,13.25,1.0
xfeat_h,S,13.26,1.0
xfeat_h,S,13.27,1.0
xfeat_h,S,13.280000000000001,1.0
xfeat_h,S,13.290000000000001,1.0
xfeat_h,S,13.3,1.0
xfeat_h,S,13.31,1.0
xfeat_h,S,13.32,1.0
xfeat_h,S,13.33,1.0
xfeat_h,S,13.34,1.0
xfeat_h,S,13.35,1.0
xfeat_h,S,13.36,1.0
xfeat_h,S,13.370000000000001,1.0
xfeat_h,S,13.38,1.0
xfeat_h,S,13.39,1.0
xfeat_h,S,13.4,1.0
xfeat_h,S,13.41,1.0
xfeat_h,S,13.42,1.0
xfeat_h,S,13.43,1.0
xfeat_h,S,13.44,1.0
xfeat_h,S,13.450000000000001,1.0
xfeat_h,S,13.46,1.0
xfeat_h,S,13.47,1.0
xfeat_h,S,13.48,1.0
xfeat_h,S,13.49,1.0
xfeat_h,S,13.5,1.0
xfeat_h,S,13.51,1.0
xfeat_h,S,13.52,1.0
xfeat_h,S,13.530000000000001,1.0
xfeat_h,S,13.540000000000001,1.0
xfeat_h,S,13.55,1.0
xfeat_h,S,13.56,1.0
xfeat_h,S,13.57,1.0
xfeat_h,S,13.58,1.0
xfeat_h,S,13.59,1.0
xfeat_h,S,13.6,1.0
xfeat_h,S,13.61,1.0
xfeat_h,S,13.620000000000001,1.0
xfeat_h,S,13.63,1.0
xfeat_h,S,13.64,1.0
xfeat_h,S,13.65,1.0
xfeat_h,S,13.66,1.0
xfeat_h,S,13.67,1.0
xfeat_h,S,13.68,1.0
xfeat_h,S,13.69,1.0
xfeat_h,S,13.700000000000001,1.0
xfeat_h,S,13.71,1.0
xfeat_h,S,13.72,1.0
xfeat_h,S,13.73,1.0
xfeat_h,S,13.74,1.0
xfeat_h,S,13.75,1.0
xfeat_h,S,13.76,1.0
xfeat_h,S,13.77,1.0
xfeat_h,S,13.780000000000001,1.0
xfeat_h,S,13.790000000000001,1.0
xfeat_h,S,13.8,1.0
xfeat_h,S,13.81,1.0
xfeat_h,S,13.82,1.0
xfeat_h,S,13.83,1.0
xfeat_h,S,13.84,1.0
xfeat_h,S,13.85,1.0
xfeat_h,S,13.86,1.0
xfeat_h,S,13.870000000000001,1.0
xfeat_h,S,13.88,1.0
xfeat_h,S,13.89,1.0
xfeat_h,S,13.9,1.0
xfeat_h,S,13.91,1.0
xfeat_h,S,13.92,1.0
xfeat_h,S,13.93,1.0
xfeat_h,S,13.94,1.0
xfeat_h,S,13.950000000000001,1.0
xfeat_h,S,13.96,1.0
xfeat_h,S,13.97,1.0
xfeat_h,S,13.98,1.0
xfeat_h,S,13.99,1.0
xfeat_h,S,14.0,1.0
xfeat_h,S,14.01,1.0
xfeat_h,S,14.02,1.0
xfeat_h,S,14.030000000000001,1.0
xfeat_h,S,14.040000000000001,1.0
xfeat_h,S,14.05,1.0
xfeat_h,S,14.06,1.0
xfeat_h,S,14.07,1.0
xfeat_h,S,14.08,1.0
xfeat_h,S,14.09,1.0
xfeat_h,S,14.1,1.0
xfeat_h,S,14.11,1.0
xfeat_h,S,14.120000000000001,1.0
xfeat_h,S,14.13,1.0
xfeat_h,S,14.14,1.0
xfeat_h,S,14.15,1.0
xfeat_h,S,14.16,1.0
xfeat_h,S,14.17,1.0
xfeat_h,S,14.18,1.0
xfeat_h,S,14.19,1.0
xfeat_h,S,14.200000000000001,1.0
xfeat_h,S,14.21,1.0
xfeat_h,S,14.22,1.0
xfeat_h,S,14.23,1.0
xfeat_h,S,14.24,1.0
xfeat_h,S,14.25,1.0
xfeat_h,S,14.26,1.0
xfeat_h,S,14.27,1.0
xfeat_h,S,14.280000000000001,1.0
xfeat_h,S,14.290000000000001,1.0
xfeat_h,S,14.3,1.0
xfeat_h,S,14.31,1.0
xfeat_h,S,14.32,1.0
xfeat_h,S,14.33,1.0
xfeat_h,S,14.34,1.0
xfeat_h,S,14.35,1.0
xfeat_h,S,14.36,1.0
xfeat_h,S,14.370000000000001,1.0
xfeat_h,S,14.38,1.0
xfeat_h,S,14.39,1.0
xfeat_h,S,14.4,1.0
xfeat_h,S,14.41,1.0
xfeat_h,S,14.42,1.0
xfeat_h,S,14.43,1.0
xfeat_h,S,14.44,1.0
xfeat_h,S,14.450000000000001,1.0
xfeat_h,S,14.46,1.0
xfeat_h,S,14.47,1.0
xfeat_h,S,14.48,1.0
xfeat_h,S,14.49,1.0
xfeat_h,S,14.5,1.0
xfeat_h,S,14.51,1.0
xfeat_h,S,14.52,1.0
xfeat_h,S,14.530000000000001,1.0
xfeat_h,S,14.540000000000001,1.0
xfeat_h,S,14.55,1.0
xfeat_h,S,14.56,1.0
xfeat_h,S,14.57,1.0
xfeat_h,S,14.58,1.0
xfeat_h,S,14.59,1.0
xfeat_h,S,14.6,1.0
xfeat_h,S,14.61,1.0
xfeat_h,S,14.620000000000001,1.0
xfeat_h,S,14.63,1.0
xfeat_h,S,14.64,1.0
xfeat_h,S,14.65,1.0
xfeat_h,S,14.66,1.0
xfeat_h,S,14.67,1.0
xfeat_h,S,14.68,1.0
xfeat_h,S,14.69,1.0
xfeat_h,S,14.700000000000001,1.0
xfeat_h,S,14.71,1.0
xfeat_h,S,14.72,1.0
xfeat_h,S,14.73,1.0
xfeat_h,S,14.74,1.0
xfeat_h,S,14.75,1.0
xfeat_h,S,14.76,1.0
xfeat_h,S,14.77,1.0
xfeat_h,S,14.780000000000001,1.0
xfeat_h,S,14.790000000000001,1.0
xfeat_h,S,14.8,1.0
xfeat_h,S,14.81,1.0
xfeat_h,S,14.82,1.0
xfeat_h,S,14.83,1.0
xfeat_h,S,14.84,1.0
xfeat_h,S,14.85,1.0
xfeat_h,S,14.86,1.0
xfeat_h,S,14.870000000000001,1.0
xfeat_h,S,14.88,1.0
xfeat_h,S,14.89,1.0
xfeat_h,S,14.9,1.0
xfeat_h,S,14.91,1.0
xfeat_h,S,14.92,1.0
xfeat_h,S,14.93,1.0
xfeat_h,S,14.94,1.0
xfeat_h,S,14.950000000000001,1.0
xfeat_h,S,14.96,1.0
xfeat_h,S,14.97,1.0
xfeat_h,S,14.98,1.0
xfeat_h,S,14.99,1.0
xfeat_h,S,15.0,1.0
xfeat_h,S,15.01,1.0
xfeat_h,S,15.02,1.0
xfeat_h,S,15.030000000000001,1.0
xfeat_h,S,15.040000000000001,1.0
xfeat_h,S,15.05,1.0
xfeat_h,S,15.06,1.0
xfeat_h,S,15.07,1.0
xfeat_h,S,15.08,1.0
xfeat_h,S,15.09,1.0
xfeat_h,S,15.1,1.0
xfeat_h,S,15.11,1.0
xfeat_h,S,15.120000000000001,1.0
xfeat_h,S,15.13,1.0
xfeat_h,S,15.14,1.0
xfeat_h,S,15.15,1.0
xfeat_h,S,15.16,1.0
xfeat_h,S,15.17,1.0
xfeat_h,S,15.18,1.0
xfeat_h,S,15.19,1.0
xfeat_h,S,15.200000000000001,1.0
xfeat_h,S,15.21,1.0
xfeat_h,S,15.22,1.0
xfeat_h,S,15.23,1.0
xfeat_h,S,15.24,1.0
xfeat_h,S,15.25,1.0
xfeat_h,S,15.26,1.0
xfeat_h,S,15.27,1.0
xfeat_h,S,15.280000000000001,1.0
xfeat_h,S,15.290000000000001,1.0
xfeat_h,S,15.3,1.0
xfeat_h,S,15.31,1.0
xfeat_h,S,15.32,1.0
xfeat_h,S,15.33,1.0
xfeat_h,S,15.34,1.0
xfeat_h,S,15.35,1.0
xfeat_h,S,15.36,1.0
xfeat_h,S,15.370000000000001,1.0
xfeat_h,S,15.38,1.0
xfeat_h,S,15.39,1.0
xfeat_h,S,15.4,1.0
xfeat_h,S,15.41,1.0
xfeat_h,S,15.42,1.0
xfeat_h,S,15.43,1.0
xfeat_h,S,15.44,1.0
xfeat_h,S,15.450000000000001,1.0
xfeat_h,S,15.46,1.0
xfeat_h,S,15.47,1.0
xfeat_h,S,15.48,1.0
xfeat_h,S,15.49,1.0
xfeat_h,S,15.5,1.0
xfeat_h,S,15.51,1.0
xfeat_h,S,15.52,1.0
xfeat_h,S,15.530000000000001,1.0
xfeat_h,S,15.540000000000001,1.0
xfeat_h,S,15.55,1.0
xfeat_h,S,15.56,1.0
xfeat_h,S,15.57,1.0
xfeat_h,S,15.58,1.0
xfeat_h,S,15.59,1.0
xfeat_h,S,15.6,1.0
xfeat_h,S,15.610000000000001,1.0
xfeat_h,S,15.620000000000001,1.0
xfeat_h,S,15.63,1.0
xfeat_h,S,15.64,1.0
xfeat_h,S,15.65,1.0
xfeat_h,S,15.66,1.0
xfeat_h,S,15.67,1.0
xfeat_h,S,15.68,1.0
xfeat_h,S,15.69,1.0
xfeat_h,S,15.700000000000001,1.0
xfeat_h,S,15.71,1.0
xfeat_h,S,15.72,1.0
xfeat_h,S,15.73,1.0
xfeat_h,S,15.74,1.0
xfeat_h,S,15.75,1.0
xfeat_h,S,15.76,1.0
xfeat_h,S,15.77,1.0
xfeat_h,S,15.780000000000001,1.0
xfeat_h,S,15.790000000000001,1.0
xfeat_h,S,15.8,1.0
xfeat_h,S,15.81,1.0
xfeat_h,S,15.82,1.0
xfeat_h,S,15.83,1.0
xfeat_h,S,15.84,1.0
xfeat_h,S,15.85,1.0
xfeat_h,S,15.860000000000001,1.0
xfeat_h,S,15.870000000000001,1.0
xfeat_h,S,15.88,1.0
xfeat_h,S,15.89,1.0
xfeat_h,S,15.9,1.0
xfeat_h,S,15.91,1.0
xfeat_h,S,15.92,1.0
xfeat_h,S,15.93,1.0
xfeat_h,S,15.94,1.0
xfeat_h,S,15.950000000000001,1.0
xfeat_h,S,15.96,1.0
xfeat_h,S,15.97,1.0
xfeat_h,S,15.98,1.0
xfeat_h,S,15.99,1.0
xfeat_h,S,16.0,1.0
xfeat_h,S,16.01,1.0
xfeat_h,S,16.02,1.0
xfeat_h,S,16.03,1.0
xfeat_h,S,16.04,1.0
xfeat_h,S,16.05,1.0
xfeat_h,S,16.06,1.0
xfeat_h,S,16.07,1.0
xfeat_h,S,16.080000000000002,1.0
xfeat_h,S,16.09,1.0
xfeat_h,S,16.1,1.0
xfeat_h,S,16.11,1.0
xfeat_h,S,16.12,1.0
xfeat_h,S,16.13,1.0
xfeat_h,S,16.14,1.0
xfeat_h,S,16.15,1.0
xfeat_h,S,16.16,1.0
xfeat_h,S,16.17,1.0
xfeat_h,S,16.18,1.0
xfeat_h,S,16.19,1.0
xfeat_h,S,16.2,1.0
xfeat_h,S,16.21,1.0
xfeat_h,S,16.22,1.0
xfeat_h,S,16.23,1.0
xfeat_h,S,16.240000000000002,1.0
xfeat_h,S,16.25,1.0
xfeat_h,S,16.26,1.0
xfeat_h,S,16.27,1.0
xfeat_h,S,16.28,1.0
xfeat_h,S,16.29,1.0
xfeat_h,S,16.3,1.0
xfeat_h,S,16.31,1.0
xfeat_h,S,16.32,1.0
xfeat_h,S,16.330000000000002,1.0
xfeat_h,S,16.34,1.0
xfeat_h,S,16.35,1.0
xfeat_h,S,16.36,1.0
xfeat_h,S,16.37,1.0
xfeat_h,S,16.38,1.0
xfeat_h,S,16.39,1.0
xfeat_h,S,16.4,1.0
xfeat_h,S,16.41,1.0
xfeat_h,S,16.42,1.0
xfeat_h,S,16.43,1.0
xfeat_h,S,16.44,1.0
xfeat_h,S,16.45,1.0
xfeat_h,S,16.46,1.0
xfeat_h,S,16.47,1.0
xfeat_h,S,16.48,1.0
xfeat_h,S,16.490000000000002,1.0
xfeat_h,S,16.5,1.0
xfeat_h,S,16.51,1.0
xfeat_h,S,16.52,1.0
xfeat_h,S,16.53,1.0
xfeat_h,S,16.54,1.0
xfeat_h,S,16.55,1.0
xfeat_h,S,16.56,1.0
xfeat_h,S,16.57,1.0
xfeat_h,S,16.580000000000002,1.0
xfeat_h,S,16.59,1.0
xfeat_h,S,16.6,1.0
xfeat_h,S,16.61,1.0
xfeat_h,S,16.62,1.0
xfeat_h,S,16.63,1.0
xfeat_h,S,16.64,1.0
xfeat_h,S,16.65,1.0
xfeat_h,S,16.66,1.0
xfeat_h,S,16.67,1.0
xfeat_h,S,16.68,1.0
xfeat_h,S,16.69,1.0
xfeat_h,S,16.7,1.0
xfeat_h,S,16.71,1.0
xfeat_h,S,16.72,1.0
xfeat_h,S,16.73,1.0
xfeat_h,S,16.740000000000002,1.0
xfeat_h,S,16.75,1.0
xfeat_h,S,16.76,1.0
xfeat_h,S,16.77,1.0
xfeat_h,S,16.78,1.0
xfeat_h,S,16.79,1.0
xfeat_h,S,16.8,1.0
xfeat_h,S,16.81,1.0
xfeat_h,S,16.82,1.0
xfeat_h,S,16.830000000000002,1.0
xfeat_h,S,16.84,1.0
xfeat_h,S,16.85,1.0
xfeat_h,S,16.86,1.0
xfeat_h,S,16.87,1.0
xfeat_h,S,16.88,1.0
xfeat_h,S,16.89,1.0
xfeat_h,S,16.9,1.0
xfeat_h,S,16.91,1.0
xfeat_h,S,16.92,1.0
xfeat_h,S,16.93,1.0
xfeat_h,S,16.94,1.0
xfeat_h,S,16.95,1.0
xfeat_h,S,16.96,1.0
xfeat_h,S,16.97,1.0
xfeat_h,S,16.98,1.0
xfeat_h,S,16.990000000000002,1.0
xfeat_h,S,17.0,1.0
xfeat_h,S,17.01,1.0
xfeat_h,S,17.02,1.0
xfeat_h,S,17.03,1.0
xfeat_h,S,17.04,1.0
xfeat_h,S,17.05,1.0
xfeat_h,S,17.06,1.0
xfeat_h,S,17.07,1.0
xfeat_h,S,17.080000000000002,1.0
xfeat_h,S,17.09,1.0
xfeat_h,S,17.1,1.0
xfeat_h,S,17.11,1.0
xfeat_h,S,17.12,1.0
xfeat_h,S,17.13,1.0
xfeat_h,S,17.14,1.0
xfeat_h,S,17.150000000000002,1.0
xfeat_h,S,17.16,1.0
xfeat_h,S,17.17,1.0
xfeat_h,S,17.18,1.0
xfeat_h,S,17.19,1.0
xfeat_h,S,17.2,1.0
xfeat_h,S,17.21,1.0
xfeat_h,S,17.22,1.0
xfeat_h,S,17.23,1.0
xfeat_h,S,17.240000000000002,1.0
xfeat_h,S,17.25,1.0
xfeat_h,S,17.26,1.0
xfeat_h,S,17.27,1.0
xfeat_h,S,17.28,1.0
xfeat_h,S,17.29,1.0
xfeat_h,S,17.3,1.0
xfeat_h,S,17.31,1.0
xfeat_h,S,17.32,1.0
xfeat_h,S,17.330000000000002,1.0
xfeat_h,S,17.34,1.0
xfeat_h,S,17.35,1.0
xfeat_h,S,17.36,1.0
xfeat_h,S,17.37,1.0
xfeat_h,S,17.38,1.0
xfeat_h,S,17.39,1.0
xfeat_h,S,17.400000000000002,1.0
xfeat_h,S,17.41,1.0
xfeat_h,S,17.42,1.0
xfeat_h,S,17.43,1.0
xfeat_h,S,17.44,1.0
xfeat_h,S,17.45,1.0
xfeat_h,S,17.46,1.0
xfeat_h,S,17.47,1.0
xfeat_h,S,17.48,1.0
xfeat_h,S,17.490000000000002,1.0
xfeat_h,S,17.5,1.0
xfeat_h,S,17.51,1.0
xfeat_h,S,17.52,1.0
xfeat_h,S,17.53,1.0
xfeat_h,S,17.54,1.0
xfeat_h,S,17.55,1.0
xfeat_h,S,17.56,1.0
xfeat_h,S,17.57,1.0
xfeat_h,S,17.580000000000002,1.0
xfeat_h,S,17.59,1.0
xfeat_h,S,17.6,1.0
xfeat_h,S,17.61,1.0
xfeat_h,S,17.62,1.0
xfeat_h,S,17.63,1.0
xfeat_h,S,17.64,1.0
xfeat_h,S,17.650000000000002,1.0
xfeat_h,S,17.66,1.0
xfeat_h,S,17.67,1.0
xfeat_h,S,17.68,1.0
xfeat_h,S,17.69,1.0
xfeat_h,S,17.7,1.0
xfeat_h,S,17.71,1.0
xfeat_h,S,17.72,1.0
xfeat_h,S,17.73,1.0
xfeat_h,S,17.740000000000002,1.0
xfeat_h,S,17.75,1.0
xfeat_h,S,17.76,1.0
xfeat_h,S,17.77,1.0
xfeat_h,S,17.78,1.0
xfeat_h,S,17.79,1.0
xfeat_h,S,17.8,1.0
xfeat_h,S,17.81,1.0
xfeat_h,S,17.82,1.0
xfeat_h,S,17.830000000000002,1.0
xfeat_h,S,17.84,1.0
xfeat_h,S,17.85,1.0
xfeat_h,S,17.86,1.0
xfeat_h,S,17.87,1.0
xfeat_h,S,17.88,1.0
xfeat_h,S,17.89,1.0
xfeat_h,S,17.900000000000002,1.0
xfeat_h,S,17.91,1.0
xfeat_h,S,17.92,1.0
xfeat_h,S,17.93,1.0
xfeat_h,S,17.94,1.0
xfeat_h,S,17.95,1.0
xfeat_h,S,17.96,1.0
xfeat_h,S,17.97,1.0
xfeat_h,S,17.98,1.0
xfeat_h,S,17.990000000000002,1.0
xfeat_h,S,18.0,1.0
xfeat_h,S,18.01,1.0
xfeat_h,S,18.02,1.0
xfeat_h,S,18.03,1.0
xfeat_h,S,18.04,1.0
xfeat_h,S,18.05,1.0
xfeat_h,S,18.06,1.0
xfeat_h,S,18.07,1.0
xfeat_h,S,18.080000000000002,1.0
xfeat_h,S,18.09,1.0
xfeat_h,S,18.1,1.0
xfeat_h,S,18.11,1.0
xfeat_h,S,18.12,1.0
xfeat_h,S,18.13,1.0
xfeat_h,S,18.14,1.0
xfeat_h,S,18.150000000000002,1.0
xfeat_h,S,18.16,1.0
xfeat_h,S,18.17,1.0
xfeat_h,S,18.18,1.0
xfeat_h,S,18.19,1.0
xfeat_h,S,18.2,1.0
xfeat_h,S,18.21,1.0
xfeat_h,S,18.22,1.0
xfeat_h,S,18.23,1.0
xfeat_h,S,18.240000000000002,1.0
xfeat_h,S,18.25,1.0
xfeat_h,S,18.26,1.0
xfeat_h,S,18.27,1.0
xfeat_h,S,18.28,1.0
xfeat_h,S,18.29,1.0
xfeat_h,S,18.3,1.0
xfeat_h,S,18.31,1.0
xfeat_h,S,18.32,1.0
xfeat_h,S,18.330000000000002,1.0
xfeat_h,S,18.34,1.0
xfeat_h,S,18.35,1.0
xfeat_h,S,18.36,1.0
xfeat_h,S,18.37,1.0
xfeat_h,S,18.38,1.0
xfeat_h,S,18.39,1.0
xfeat_h,S,18.400000000000002,1.0
xfeat_h,S,18.41,1.0
xfeat_h,S,18.42,1.0
xfeat_h,S,18.43,1.0
xfeat_h,S,18.44,1.0
xfeat_h,S,18.45,1.0
xfeat_h,S,18.46,1.0
xfeat_h,S,18.47,1.0
xfeat_h,S,18.48,1.0
xfeat_h,S,18.490000000000002,1.0
xfeat_h,S,18.5,1.0
xfeat_h,S,18.51,1.0
xfeat_h,S,18.52,1.0
xfeat_h,S,18.53,1.0
xfeat_h,S,18.54,1.0
xfeat_h,S,18.55,1.0
xfeat_h,S,18.56,1.0
xfeat_h,S,18.57,1.0
xfeat_h,S,18.580000000000002,1.0
xfeat_h,S,18.59,1.0
xfeat_h,S,18.6,1.0
xfeat_h,S,18.61,1.0
xfeat_h,S,18.62,1.0
xfeat_h,S,18.63,1.0
xfeat_h,S,18.64,1.0
xfeat_h,S,18.650000000000002,1.0
xfeat_h,S,18.66,1.0
xfeat_h,S,18.67,1.0
xfeat_h,S,18.68,1.0
xfeat_h,S,18.69,1.0
xfeat_h,S,18.7,1.0
xfeat_h,S,18.71,1.0
xfeat_h,S,18.72,1.0
xfeat_h,S,18.73,1.0
xfeat_h,S,18.740000000000002,1.0
xfeat_h,S,18.75,1.0
xfeat_h,S,18.76,1.0
xfeat_h,S,18.77,1.0
xfeat_h,S,18.78,1.0
xfeat_h,S,18.79,1.0
xfeat_h,S,18.8,1.0
xfeat_h,S,18.81,1.0
xfeat_h,S,18.82,1.0
xfeat_h,S,18.830000000000002,1.0
xfeat_h,S,18.84,1.0
xfeat_h,S,18.85,1.0
xfeat_h,S,18.86,1.0
xfeat_h,S,18.87,1.0
xfeat_h,S,18.88,1.0
xfeat_h,S,18.89,1.0
xfeat_h,S,18.900000000000002,1.0
xfeat_h,S,18.91,1.0
xfeat_h,S,18.92,1.0
xfeat_h,S,18.93,1.0
xfeat_h,S,18.94,1.0
xfeat_h,S,18.95,1.0
xfeat_h,S,18.96,1.0
xfeat_h,S,18.97,1.0
xfeat_h,S,18.98,1.0
xfeat_h,S,18.990000000000002,1.0
xfeat_h,S,19.0,1.0
xfeat_h,S,19.01,1.0
xfeat_h,S,19.02,1.0
xfeat_h,S,19.03,1.0
xfeat_h,S,19.04,1.0
xfeat_h,S,19.05,1.0
xfeat_h,S,19.06,1.0
xfeat_h,S,19.07,1.0
xfeat_h,S,19.080000000000002,1.0
xfeat_h,S,19.09,1.0
xfeat_h,S,19.1,1.0
xfeat_h,S,19.11,1.0
xfeat_h,S,19.12,1.0
xfeat_h,S,19.13,1.0
xfeat_h,S,19.14,1.0
xfeat_h,S,19.150000000000002,1.0
xfeat_h,S,19.16,1.0
xfeat_h,S,19.17,1.0
xfeat_h,S,19.18,1.0
xfeat_h,S,19.19,1.0
xfeat_h,S,19.2,1.0
xfeat_h,S,19.21,1.0
xfeat_h,S,19.22,1.0
xfeat_h,S,19.23,1.0
xfeat_h,S,19.240000000000002,1.0
xfeat_h,S,19.25,1.0
xfeat_h,S,19.26,1.0
xfeat_h,S,19.27,1.0
xfeat_h,S,19.28,1.0
xfeat_h,S,19.29,1.0
xfeat_h,S,19.3,1.0
xfeat_h,S,19.31,1.0
xfeat_h,S,19.32,1.0
xfeat_h,S,19.330000000000002,1.0
xfeat_h,S,19.34,1.0
xfeat_h,S,19.35,1.0
xfeat_h,S,19.36,1.0
xfeat_h,S,19.37,1.0
xfeat_h,S,19.38,1.0
xfeat_h,S,19.39,1.0
xfeat_h,S,19.400000000000002,1.0
xfeat_h,S,19.41,1.0
xfeat_h,S,19.42,1.0
xfeat_h,S,19.43,1.0
xfeat_h,S,19.44,1.0
xfeat_h,S,19.45,1.0
xfeat_h,S,19.46,1.0
xfeat_h,S,19.47,1.0
xfeat_h,S,19.48,1.0
xfeat_h,S,19.490000000000002,1.0
xfeat_h,S,19.5,1.0
xfeat_h,S,19.51,1.0
xfeat_h,S,19.52,1.0
xfeat_h,S,19.53,1.0
xfeat_h,S,19.54,1.0
xfeat_h,S,19.55,1.0
xfeat_h,S,19.56,1.0
xfeat_h,S,19.57,1.0
xfeat_h,S,19.580000000000002,1.0
xfeat_h,S,19.59,1.0
xfeat_h,S,19.6,1.0
xfeat_h,S,19.61,1.0
xfeat_h,S,19.62,1.0
xfeat_h,S,19.63,1.0
xfeat_h,S,19.64,1.0
xfeat_h,S,19.650000000000002,1.0
xfeat_h,S,19.66,1.0
xfeat_h,S,19.67,1.0
xfeat_h,S,19.68,1.0
xfeat_h,S,19.69,1.0
xfeat_h,S,19.7,1.0
xfeat_h,S,19.71,1.0
xfeat_h,S,19.72,1.0
xfeat_h,S,19.73,1.0
xfeat_h,S,19.740000000000002,1.0
xfeat_h,S,19.75,1.0
xfeat_h,S,19.76,1.0
xfeat_h,S,19.77,1.0
xfeat_h,S,19.78,1.0
xfeat_h,S,19.79,1.0
xfeat_h,S,19.8,1.0
xfeat_h,S,19.81,1.0
xfeat_h,S,19.82,1.0
xfeat_h,S,19.830000000000002,1.0
xfeat_h,S,19.84,1.0
xfeat_h,S,19.85,1.0
xfeat_h,S,19.86,1.0
xfeat_h,S,19.87,1.0
xfeat_h,S,19.88,1.0
xfeat_h,S,19.89,1.0
xfeat_h,S,19.900000000000002,1.0
xfeat_h,S,19.91,1.0
xfeat_h,S,19.92,1.0
xfeat_h,S,19.93,1.0
xfeat_h,S,19.94,1.0
xfeat_h,S,19.95,1.0
xfeat_h,S,19.96,1.0
xfeat_h,S,19.97,1.0
xfeat_h,S,19.98,1.0
xfeat_h,S,19.990000000000002,1.0
xfeat_h,S,20.0,1.0
xfeat_h,S,20.01,1.0
xfeat_h,S,20.02,1.0
xfeat_h,S,20.03,1.0
xfeat_h,S,20.04,1.0
xfeat_h,S,20.05,1.0
xfeat_h,S,20.06,1.0
xfeat_h,S,20.07,1.0
xfeat_h,S,20.080000000000002,1.0
xfeat_h,S,20.09,1.0
xfeat_h,S,20.1,1.0
xfeat_h,S,20.11,1.0
xfeat_h,S,20.12,1.0
xfeat_h,S,20.13,1.0
xfeat_h,S,20.14,1.0
xfeat_h,S,20.150000000000002,1.0
xfeat_h,S,20.16,1.0
xfeat_h,S,20.17,1.0
xfeat_h,S,20.18,1.0
xfeat_h,S,20.19,1.0
xfeat_h,S,20.2,1.0
xfeat_h,S,20.21,1.0
xfeat_h,S,20.22,1.0
xfeat_h,S,20.23,1.0
xfeat_h,S,20.240000000000002,1.0
xfeat_h,S,20.25,1.0
xfeat_h,S,20.26,1.0
xfeat_h,S,20.27,1.0
xfeat_h,S,20.28,1.0
xfeat_h,S,20.29,1.0
xfeat_h,S,20.3,1.0
xfeat_h,S,20.31,1.0
xfeat_h,S,20.32,1.0
xfeat_h,S,20.330000000000002,1.0
xfeat_h,S,20.34,1.0
xfeat_h,S,20.35,1.0
xfeat_h,S,20.36,1.0
xfeat_h,S,20.37,1.0
xfeat_h,S,20.38,1.0
xfeat_h,S,20.39,1.0
xfeat_h,S,20.400000000000002,1.0
xfeat_h,S,20.41,1.0
xfeat_h,S,20.42,1.0
xfeat_h,S,20.43,1.0
xfeat_h,S,20.44,1.0
xfeat_h,S,20.45,1.0
xfeat_h,S,20.46,1.0
xfeat_h,S,20.47,1.0
xfeat_h,S,20.48,1.0
xfeat_h,S,20.490000000000002,1.0
xfeat_h,S,20.5,1.0
xfeat_h,S,20.51,1.0
xfeat_h,S,20.52,1.0
xfeat_h,S,20.53,1.0
xfeat_h,S,20.54,1.0
xfeat_h,S,20.55,1.0
xfeat_h,S,20.56,1.0
xfeat_h,S,20.57,1.0
xfeat_h,S,20.580000000000002,1.0
xfeat_h,S,20.59,1.0
xfeat_h,S,20.6,1.0
xfeat_h,S,20.61,1.0
xfeat_h,S,20.62,1.0
xfeat_h,S,20.63,1.0
xfeat_h,S,20.64,1.0
xfeat_h,S,20.650000000000002,1.0
xfeat_h,S,20.66,1.0
xfeat_h,S,20.67,1.0
xfeat_h,S,20.68,1.0
xfeat_h,S,20.69,1.0
xfeat_h,S,20.7,1.0
xfeat_h,S,20.71,1.0
xfeat_h,S,20.72,1.0
xfeat_h,S,20.73,1.0
xfeat_h,S,20.740000000000002,1.0
xfeat_h,S,20.75,1.0
xfeat_h,S,20.76,1.0
xfeat_h,S,20.77,1.0
xfeat_h,S,20.78,1.0
xfeat_h,S,20.79,1.0
xfeat_h,S,20.8,1.0
xfeat_h,S,20.81,1.0
xfeat_h,S,20.82,1.0
xfeat_h,S,20.830000000000002,1.0
xfeat_h,S,20.84,1.0
xfeat_h,S,20.85,1.0
xfeat_h,S,20.86,1.0
xfeat_h,S,20.87,1.0
xfeat_h,S,20.88,1.0
xfeat_h,S,20.89,1.0
xfeat_h,S,20.900000000000002,1.0
xfeat_h,S,20.91,1.0
xfeat_h,S,20.92,1.0
xfeat_h,S,20.93,1.0
xfeat_h,S,20.94,1.0
xfeat_h,S,20.95,1.0
xfeat_h,S,20.96,1.0
xfeat_h,S,20.97,1.0
xfeat_h,S,20.98,1.0
xfeat_h,S,20.990000000000002,1.0
xfeat_h,S,21.0,1.0
xfeat_h,S,21.01,1.0
xfeat_h,S,21.02,1.0
xfeat_h,S,21.03,1.0
xfeat_h,S,21.04,1.0
xfeat_h,S,21.05,1.0
xfeat_h,S,21.06,1.0
xfeat_h,S,21.07,1.0
xfeat_h,S,21.080000000000002,1.0
xfeat_h,S,21.09,1.0
xfeat_h,S,21.1,1.0
xfeat_h,S,21.11,1.0
xfeat_h,S,21.12,1.0
xfeat_h,S,21.13,1.0
xfeat_h,S,21.14,1.0
xfeat_h,S,21.150000000000002,1.0
xfeat_h,S,21.16,1.0
xfeat_h,S,21.17,1.0
xfeat_h,S,21.18,1.0
xfeat_h,S,21.19,1.0
xfeat_h,S,21.2,1.0
xfeat_h,S,21.21,1.0
xfeat_h,S,21.22,1.0
xfeat_h,S,21.23,1.0
xfeat_h,S,21.240000000000002,1.0
xfeat_h,S,21.25,1.0
xfeat_h,S,21.26,1.0
xfeat_h,S,21.27,1.0
xfeat_h,S,21.28,1.0
xfeat_h,S,21.29,1.0
xfeat_h,S,21.3,1.0
xfeat_h,S,21.31,1.0
xfeat_h,S,21.32,1.0
xfeat_h,S,21.330000000000002,1.0
xfeat_h,S,21.34,1.0
xfeat_h,S,21.35,1.0
xfeat_h,S,21.36,1.0
xfeat_h,S,21.37,1.0
xfeat_h,S,21.38,1.0
xfeat_h,S,21.39,1.0
xfeat_h,S,21.400000000000002,1.0
xfeat_h,S,21.41,1.0
xfeat_h,S,21.42,1.0
xfeat_h,S,21.43,1.0
xfeat_h,S,21.44,1.0
xfeat_h,S,21.45,1.0
xfeat_h,S,21.46,1.0
xfeat_h,S,21.47,1.0
xfeat_h,S,21.48,1.0
xfeat_h,S,21.490000000000002,1.0
xfeat_h,S,21.5,1.0
xfeat_h,S,21.51,1.0
xfeat_h,S,21.52,1.0
xfeat_h,S,21.53,1.0
xfeat_h,S,21.54,1.0
xfeat_h,S,21.55,1.0
xfeat_h,S,21.56,1.0
xfeat_h,S,21.57,1.0
xfeat_h,S,21.580000000000002,1.0
xfeat_h,S,21.59,1.0
xfeat_h,S,21.6,1.0
xfeat_h,S,21.61,1.0
xfeat_h,S,21.62,1.0
xfeat_h,S,21.63,1.0
xfeat_h,S,21.64,1.0
xfeat_h,S,21.650000000000002,1.0
xfeat_h,S,21.66,1.0
xfeat_h,S,21.67,1.0
xfeat_h,S,21.68,1.0
xfeat_h,S,21.69,1.0
xfeat_h,S,21.7,1.0
xfeat_h,S,21.71,1.0
xfeat_h,S,21.72,1.0
xfeat_h,S,21.73,1.0
xfeat_h,S,21.740000000000002,1.0
xfeat_h,S,21.75,1.0
xfeat_h,S,21.76,1.0
xfeat_h,S,21.77,1.0
xfeat_h,S,21.78,1.0
xfeat_h,S,21.79,1.0
xfeat_h,S,21.8,1.0
xfeat_h,S,21.81,1.0
xfeat_h,S,21.82,1.0
xfeat_h,S,21.830000000000002,1.0
xfeat_h,S,21.84,1.0
xfeat_h,S,21.85,1.0
xfeat_h,S,21.86,1.0
xfeat_h,S,21.87,1.0
xfeat_h,S,21.88,1.0
xfeat_h,S,21.89,1.0
xfeat_h,S,21.900000000000002,1.0
xfeat_h,S,21.91,1.0
xfeat_h,S,21.92,1.0
xfeat_h,S,21.93,1.0
xfeat_h,S,21.94,1.0
xfeat_h,S,21.95,1.0
xfeat_h,S,21.96,1.0
xfeat_h,S,21.97,1.0
xfeat_h,S,21.98,1.0
xfeat_h,S,21.990000000000002,1.0
xfeat_h,S,22.0,1.0
xfeat_h,S,22.01,1.0
xfeat_h,S,22.02,1.0
xfeat_h,S,22.03,1.0
xfeat_h,S,22.04,1.0
xfeat_h,S,22.05,1.0
xfeat_h,S,22.06,1.0
xfeat_h,S,22.07,1.0
xfeat_h,S,22.080000000000002,1.0
xfeat_h,S,22.09,1.0
xfeat_h,S,22.1,1.0
xfeat_h,S,22.11,1.0
xfeat_h,S,22.12,1.0
xfeat_h,S,22.13,1.0
xfeat_h,S,22.14,1.0
xfeat_h,S,22.150000000000002,1.0
xfeat_h,S,22.16,1.0
xfeat_h,S,22.17,1.0
xfeat_h,S,22.18,1.0
xfeat_h,S,22.19,1.0
xfeat_h,S,22.2,1.0
xfeat_h,S,22.21,1.0
xfeat_h,S,22.22,1.0
xfeat_h,S,22.23,1.0
xfeat_h,S,22.240000000000002,1.0
xfeat_h,S,22.25,1.0
xfeat_h,S,22.26,1.0
xfeat_h,S,22.27,1.0
xfeat_h,S,22.28,1.0
xfeat_h,S,22.29,1.0
xfeat_h,S,22.3,1.0
xfeat_h,S,22.31,1.0
xfeat_h,S,22.32,1.0
xfeat_h,S,22.330000000000002,1.0
xfeat_h,S,22.34,1.0
xfeat_h,S,22.35,1.0
xfeat_h,S,22.36,1.0
xfeat_h,S,22.37,1.0
xfeat_h,S,22.38,1.0
xfeat_h,S,22.39,1.0
xfeat_h,S,22.400000000000002,1.0
xfeat_h,S,22.41,1.0
xfeat_h,S,22.42,1.0
xfeat_h,S,22.43,1.0
xfeat_h,S,22.44,1.0
xfeat_h,S,22.45,1.0
xfeat_h,S,22.46,1.0
xfeat_h,S,22.47,1.0
xfeat_h,S,22.48,1.0
xfeat_h,S,22.490000000000002,1.0
xfeat_h,S,22.5,1.0
xfeat_h,S,22.51,1.0
xfeat_h,S,22.52,1.0
xfeat_h,S,22.53,1.0
xfeat_h,S,22.54,1.0
xfeat_h,S,22.55,1.0
xfeat_h,S,22.56,1.0
xfeat_h,S,22.57,1.0
xfeat_h,S,22.580000000000002,1.0
xfeat_h,S,22.59,1.0
xfeat_h,S,22.6,1.0
xfeat_h,S,22.61,1.0
xfeat_h,S,22.62,1.0
xfeat_h,S,22.63,1.0
xfeat_h,S,22.64,1.0
xfeat_h,S,22.650000000000002,1.0
xfeat_h,S,22.66,1.0
xfeat_h,S,22.67,1.0
xfeat_h,S,22.68,1.0
xfeat_h,S,22.69,1.0
xfeat_h,S,22.7,1.0
xfeat_h,S,22.71,1.0
xfeat_h,S,22.72,1.0
xfeat_h,S,22.73,1.0
xfeat_h,S,22.740000000000002,1.0
xfeat_h,S,22.75,1.0
xfeat_h,S,22.76,1.0
xfeat_h,S,22.77,1.0
xfeat_h,S,22.78,1.0
xfeat_h,S,22.79,1.0
xfeat_h,S,22.8,1.0
xfeat_h,S,22.81,1.0
xfeat_h,S,22.82,1.0
xfeat_h,S,22.830000000000002,1.0
xfeat_h,S,22.84,1.0
xfeat_h,S,22.85,1.0
xfeat_h,S,22.86,1.0
xfeat_h,S,22.87,1.0
xfeat_h,S,22.88,1.0
xfeat_h,S,22.89,1.0
xfeat_h,S,22.900000000000002,1.0
xfeat_h,S,22.91,1.0
xfeat_h,S,22.92,1.0
xfeat_h,S,22.93,1.0
xfeat_h,S,22.94,1.0
xfeat_h,S,22.95,1.0
xfeat_h,S,22.96,1.0
xfeat_h,S,22.97,1.0
xfeat_h,S,22.98,1.0
xfeat_h,S,22.990000000000002,1.0
xfeat_h,S,23.0,1.0
xfeat_h,S,23.01,1.0
xfeat_h,S,23.02,1.0
xfeat_h,S,23.03,1.0
xfeat_h,S,23.04,1.0
xfeat_h,S,23.05,1.0
xfeat_h,S,23.06,1.0
xfeat_h,S,23.07,1.0
xfeat_h,S,23.080000000000002,1.0
xfeat_h,S,23.09,1.0
xfeat_h,S,23.1,1.0
xfeat_h,S,23.11,1.0
xfeat_h,S,23.12,1.0
xfeat_h,S,23.13,1.0
xfeat_h,S,23.14,1.0
xfeat_h,S,23.150000000000002,1.0
xfeat_h,S,23.16,1.0
xfeat_h,S,23.17,1.0
xfeat_h,S,23.18,1.0
xfeat_h,S,23.19,1.0
xfeat_h,S,23.2,1.0
xfeat_h,S,23.21,1.0
xfeat_h,S,23.22,1.0
xfeat_h,S,23.23,1.0
xfeat_h,S,23.240000000000002,1.0
xfeat_h,S,23.25,1.0
xfeat_h,S,23.26,1.0
xfeat_h,S,23.27,1.0
xfeat_h,S,23.28,1.0
xfeat_h,S,23.29,1.0
xfeat_h,S,23.3,1.0
xfeat_h,S,23.31,1.0
xfeat_h,S,23.32,1.0
xfeat_h,S,23.330000000000002,1.0
xfeat_h,S,23.34,1.0
xfeat_h,S,23.35,1.0
xfeat_h,S,23.36,1.0
xfeat_h,S,23.37,1.0
xfeat_h,S,23.38,1.0
xfeat_h,S,23.39,1.0
xfeat_h,S,23.400000000000002,1.0
xfeat_h,S,23.41,1.0
xfeat_h,S,23.42,1.0
xfeat_h,S,23.43,1.0
xfeat_h,S,23.44,1.0
xfeat_h,S,23.45,1.0
xfeat_h,S,23.46,1.0
xfeat_h,S,23.47,1.0
xfeat_h,S,23.48,1.0
xfeat_h,S,23.490000000000002,1.0
xfeat_h,S,23.5,1.0
xfeat_h,S,23.51,1.0
xfeat_h,S,23.52,1.0
xfeat_h,S,23.53,1.0
xfeat_h,S,23.54,1.0
xfeat_h,S,23.55,1.0
xfeat_h,S,23.56,1.0
xfeat_h,S,23.57,1.0
xfeat_h,S,23.580000000000002,1.0
xfeat_h,S,23.59,1.0
xfeat_h,S,23.6,1.0
xfeat_h,S,23.61,1.0
xfeat_h,S,23.62,1.0
xfeat_h,S,23.63,1.0
xfeat_h,S,23.64,1.0
xfeat_h,S,23.650000000000002,1.0
xfeat_h,S,23.66,1.0
xfeat_h,S,23.67,1.0
xfeat_h,S,23.68,1.0
xfeat_h,S,23.69,1.0
xfeat_h,S,23.7,1.0
xfeat_h,S,23.71,1.0
xfeat_h,S,23.72,1.0
xfeat_h,S,23.73,1.0
xfeat_h,S,23.740000000000002,1.0
xfeat_h,S,23.75,1.0
xfeat_h,S,23.76,1.0
xfeat_h,S,23.77,1.0
xfeat_h,S,23.78,1.0
xfeat_h,S,23.79,1.0
xfeat_h,S,23.8,1.0
xfeat_h,S,23.81,1.0
xfeat_h,S,23.82,1.0
xfeat_h,S,23.830000000000002,1.0
xfeat_h,S,23.84,1.0
xfeat_h,S,23.85,1.0
xfeat_h,S,23.86,1.0
xfeat_h,S,23.87,1.0
xfeat_h,S,23.88,1.0
xfeat_h,S,23.89,1.0
xfeat_h,S,23.900000000000002,1.0
xfeat_h,S,23.91,1.0
xfeat_h,S,23.92,1.0
xfeat_h,S,23.93,1.0
xfeat_h,S,23.94,1.0
xfeat_h,S,23.95,1.0
xfeat_h,S,23.96,1.0
xfeat_h,S,23.97,1.0
xfeat_h,S,23.98,1.0
xfeat_h,S,23.990000000000002,1.0
xfeat_h,S,24.0,1.0
xfeat_h,S,24.01,1.0
xfeat_h,S,24.02,1.0
xfeat_h,S,24.03,1.0
xfeat_h,S,24.04,1.0
xfeat_h,S,24.05,1.0
xfeat_h,S,24.060000000000002,1.0
xfeat_h,S,24.07,1.0
xfeat_h,S,24.080000000000002,1.0
xfeat_h,S,24.09,1.0
xfeat_h,S,24.1,1.0
xfeat_h,S,24.11,1.0
xfeat_h,S,24.12,1.0
xfeat_h,S,24.13,1.0
xfeat_h,S,24.14,1.0
xfeat_h,S,24.150000000000002,1.0
xfeat_h,S,24.16,1.0
xfeat_h,S,24.17,1.0
xfeat_h,S,24.18,1.0
xfeat_h,S,24.19,1.0
xfeat_h,S,24.2,1.0
xfeat_h,S,24.21,1.0
xfeat_h,S,24.22,1.0
xfeat_h,S,24.23,1.0
xfeat_h,S,24.240000000000002,1.0
xfeat_h,S,24.25,1.0
xfeat_h,S,24.26,1.0
xfeat_h,S,24.27,1.0
xfeat_h,S,24.28,1.0
xfeat_h,S,24.29,1.0
xfeat_h,S,24.3,1.0
xfeat_h,S,24.310000000000002,1.0
xfeat_h,S,24.32,1.0
xfeat_h,S,24.330000000000002,1.0
xfeat_h,S,24.34,1.0
xfeat_h,S,24.35,1.0
xfeat_h,S,24.36,1.0
xfeat_h,S,24.37,1.0
xfeat_h,S,24.38,1.0
xfeat_h,S,24.39,1.0
xfeat_h,S,24.400000000000002,1.0
xfeat_h,S,24.41,1.0
xfeat_h,S,24.42,1.0
xfeat_h,S,24.43,1.0
xfeat_h,S,24.44,1.0
xfeat_h,S,24.45,1.0
xfeat_h,S,24.46,1.0
xfeat_h,S,24.47,1.0
xfeat_h,S,24.48,1.0
xfeat_h,S,24.490000000000002,1.0
xfeat_h,S,24.5,1.0
xfeat_h,S,24.51,1.0
xfeat_h,S,24.52,1.0
xfeat_h,S,24.53,1.0
xfeat_h,S,24.54,1.0
xfeat_h,S,24.55,1.0
xfeat_h,S,24.560000000000002,1.0
xfeat_h,S,24.57,1.0
xfeat_h,S,24.580000000000002,1.0
xfeat_h,S,24.59,1.0
xfeat_h,S,24.6,1.0
xfeat_h,S,24.61,1.0
xfeat_h,S,24.62,1.0
xfeat_h,S,24.63,1.0
xfeat_h,S,24.64,1.0
xfeat_h,S,24.650000000000002,1.0
xfeat_h,S,24.66,1.0
xfeat_h,S,24.67,1.0
xfeat_h,S,24.68,1.0
xfeat_h,S,24.69,1.0
xfeat_h,S,24.7,1.0
xfeat_h,S,24.71,1.0
xfeat_h,S,24.72,1.0
xfeat_h,S,24.73,1.0
xfeat_h,S,24.740000000000002,1.0
xfeat_h,S,24.75,1.0
xfeat_h,S,24.76,1.0
xfeat_h,S,24.77,1.0
xfeat_h,S,24.78,1.0
xfeat_h,S,24.79,1.0
xfeat_h,S,24.8,1.0
xfeat_h,S,24.810000000000002,1.0
xfeat_h,S,24.82,1.0
xfeat_h,S,24.830000000000002,1.0
xfeat_h,S,24.84,1.0
xfeat_h,S,24.85,1.0
xfeat_h,S,24.86,1.0
xfeat_h,S,24.87,1.0
xfeat_h,S,24.88,1.0
xfeat_h,S,24.89,1.0
xfeat_h,S,24.900000000000002,1.0
xfeat_h,S,24.91,1.0
xfeat_h,S,24.92,1.0
xfeat_h,S,24.93,1.0
xfeat_h,S,24.94,1.0
xfeat_h,S,24.95,1.0
xfeat_h,S,24.96,1.0
xfeat_h,S,24.97,1.0
xfeat_h,S,24.98,1.0
xfeat_h,S,24.990000000000002,1.0
xfeat_h,S,25.0,1.0
xfeat_h,ALL,0.0,0.0
xfeat_h,ALL,0.01,0.0
xfeat_h,ALL,0.02,0.0
xfeat_h,ALL,0.03,0.0
xfeat_h,ALL,0.04,0.0
xfeat_h,ALL,0.05,0.0
xfeat_h,ALL,0.06,0.0
xfeat_h,ALL,0.07,0.0
xfeat_h,ALL,0.08,0.0
xfeat_h,ALL,0.09,0.0
xfeat_h,ALL,0.1,0.0
xfeat_h,ALL,0.11,0.0
xfeat_h,ALL,0.12,0.0
xfeat_h,ALL,0.13,0.0
xfeat_h,ALL,0.14,0.0
xfeat_h,ALL,0.15,0.0
xfeat_h,ALL,0.16,0.0
xfeat_h,ALL,0.17,0.0
xfeat_h,ALL,0.18,0.0
xfeat_h,ALL,0.19,0.0
xfeat_h,ALL,0.2,0.0
xfeat_h,ALL,0.21,0.0
xfeat_h,ALL,0.22,0.0
xfeat_h,ALL,0.23,0.0
xfeat_h,ALL,0.24,0.0
xfeat_h,ALL,0.25,0.0
xfeat_h,ALL,0.26,0.0
xfeat_h,ALL,0.27,0.0
xfeat_h,ALL,0.28,0.0
xfeat_h,ALL,0.29,0.0
xfeat_h,ALL,0.3,0.0
xfeat_h,ALL,0.31,0.0
xfeat_h,ALL,0.32,0.0
xfeat_h,ALL,0.33,0.0
xfeat_h,ALL,0.34,0.0
xfeat_h,ALL,0.35000000000000003,0.0
xfeat_h,ALL,0.36,0.0
xfeat_h,ALL,0.37,0.0
xfeat_h,ALL,0.38,0.0
xfeat_h,ALL,0.39,0.0
xfeat_h,ALL,0.4,0.0
xfeat_h,ALL,0.41000000000000003,0.0
xfeat_h,ALL,0.42,0.0
xfeat_h,ALL,0.43,0.0
xfeat_h,ALL,0.44,0.0
xfeat_h,ALL,0.45,0.0
xfeat_h,ALL,0.46,0.0
xfeat_h,ALL,0.47000000000000003,0.0
xfeat_h,ALL,0.48,0.0
xfeat_h,ALL,0.49,0.0
xfeat_h,ALL,0.5,0.0
xfeat_h,ALL,0.51,0.0
xfeat_h,ALL,0.52,0.0
xfeat_h,ALL,0.53,0.0
xfeat_h,ALL,0.54,0.0
xfeat_h,ALL,0.55,0.0
xfeat_h,ALL,0.56,0.0
xfeat_h,ALL,0.5700000000000001,0.0
xfeat_h,ALL,0.58,0.0
xfeat_h,ALL,0.59,0.0
xfeat_h,ALL,0.6,0.0
xfeat_h,ALL,0.61,0.0
xfeat_h,ALL,0.62,0.0
xfeat_h,ALL,0.63,0.0
xfeat_h,ALL,0.64,0.0
xfeat_h,ALL,0.65,0.0
xfeat_h,ALL,0.66,0.0
xfeat_h,ALL,0.67,0.0
xfeat_h,ALL,0.68,0.0
xfeat_h,ALL,0.6900000000000001,0.0
xfeat_h,ALL,0.7000000000000001,0.0
xfeat_h,ALL,0.71,0.0
xfeat_h,ALL,0.72,0.0
xfeat_h,ALL,0.73,0.0
xfeat_h,ALL,0.74,0.0
xfeat_h,ALL,0.75,0.0
xfeat_h,ALL,0.76,0.0
xfeat_h,ALL,0.77,0.0
xfeat_h,ALL,0.78,0.0
xfeat_h,ALL,0.79,0.0
xfeat_h,ALL,0.8,0.0
xfeat_h,ALL,0.81,0.0
xfeat_h,ALL,0.8200000000000001,0.0
xfeat_h,ALL,0.8300000000000001,0.0
xfeat_h,ALL,0.84,0.0
xfeat_h,ALL,0.85,0.0
xfeat_h,ALL,0.86,0.0
xfeat_h,ALL,0.87,0.0
xfeat_h,ALL,0.88,0.0
xfeat_h,ALL,0.89,0.0
xfeat_h,ALL,0.9,0.0
xfeat_h,ALL,0.91,0.0
xfeat_h,ALL,0.92,0.0
xfeat_h,ALL,0.93,0.0
xfeat_h,ALL,0.9400000000000001,0.0
xfeat_h,ALL,0.9500000000000001,0.0
xfeat_h,ALL,0.96,0.0
xfeat_h,ALL,0.97,0.0
xfeat_h,ALL,0.98,0.0
xfeat_h,ALL,0.99,0.0
xfeat_h,ALL,1.0,0.0
xfeat_h,ALL,1.01,0.0
xfeat_h,ALL,1.02,0.0
xfeat_h,ALL,1.03,0.0
xfeat_h,ALL,1.04,0.0
xfeat_h,ALL,1.05,0.0
xfeat_h,ALL,1.06,0.0
xfeat_h,ALL,1.07,0.0
xfeat_h,ALL,1.08,0.0
xfeat_h,ALL,1.09,0.0
xfeat_h,ALL,1.1,0.0
xfeat_h,ALL,1.11,0.0
xfeat_h,ALL,1.12,0.0
xfeat_h,ALL,1.1300000000000001,0.0
xfeat_h,ALL,1.1400000000000001,0.0
xfeat_h,ALL,1.1500000000000001,0.0
xfeat_h,ALL,1.16,0.0
xfeat_h,ALL,1.17,0.0
xfeat_h,ALL,1.18,0.0
xfeat_h,ALL,1.19,0.0
xfeat_h,ALL,1.2,0.0
xfeat_h,ALL,1.21,0.0
xfeat_h,ALL,1.22,0.0
xfeat_h,ALL,1.23,0.0
xfeat_h,ALL,1.24,0.0
xfeat_h,ALL,1.25,0.0
xfeat_h,ALL,1.26,0.0
xfeat_h,ALL,1.27,0.0
xfeat_h,ALL,1.28,0.0
xfeat_h,ALL,1.29,0.0
xfeat_h,ALL,1.3,0.0
xfeat_h,ALL,1.31,0.0
xfeat_h,ALL,1.32,0.0
xfeat_h,ALL,1.33,0.0
xfeat_h,ALL,1.34,0.0
xfeat_h,ALL,1.35,0.0
xfeat_h,ALL,1.36,0.0
xfeat_h,ALL,1.37,0.0
xfeat_h,ALL,1.3800000000000001,0.0
xfeat_h,ALL,1.3900000000000001,0.0
xfeat_h,ALL,1.4000000000000001,0.0
xfeat_h,ALL,1.41,0.0
xfeat_h,ALL,1.42,0.0
xfeat_h,ALL,1.43,0.0
xfeat_h,ALL,1.44,0.0
xfeat_h,ALL,1.45,0.0
xfeat_h,ALL,1.46,0.0
xfeat_h,ALL,1.47,0.0
xfeat_h,ALL,1.48,0.0
xfeat_h,ALL,1.49,0.0
xfeat_h,ALL,1.5,0.0
xfeat_h,ALL,1.51,0.0
xfeat_h,ALL,1.52,0.0
xfeat_h,ALL,1.53,0.0
xfeat_h,ALL,1.54,0.0
xfeat_h,ALL,1.55,0.0
xfeat_h,ALL,1.56,0.0
xfeat_h,ALL,1.57,0.0
xfeat_h,ALL,1.58,0.0
xfeat_h,ALL,1.59,0.0
xfeat_h,ALL,1.6,0.0
xfeat_h,ALL,1.61,0.0
xfeat_h,ALL,1.62,0.0
xfeat_h,ALL,1.6300000000000001,0.0
xfeat_h,ALL,1.6400000000000001,0.0
xfeat_h,ALL,1.6500000000000001,0.0
xfeat_h,ALL,1.6600000000000001,0.0
xfeat_h,ALL,1.67,0.0
xfeat_h,ALL,1.68,0.0
xfeat_h,ALL,1.69,0.0
xfeat_h,ALL,1.7,0.0
xfeat_h,ALL,1.71,0.0
xfeat_h,ALL,1.72,0.0
xfeat_h,ALL,1.73,0.0
xfeat_h,ALL,1.74,0.0
xfeat_h,ALL,1.75,0.0
xfeat_h,ALL,1.76,0.0
xfeat_h,ALL,1.77,0.0
xfeat_h,ALL,1.78,0.0
xfeat_h,ALL,1.79,0.0
xfeat_h,ALL,1.8,0.0
xfeat_h,ALL,1.81,0.007462686567164179
xfeat_h,ALL,1.82,0.007462686567164179
xfeat_h,ALL,1.83,0.007462686567164179
xfeat_h,ALL,1.84,0.007462686567164179
xfeat_h,ALL,1.85,0.007462686567164179
xfeat_h,ALL,1.86,0.007462686567164179
xfeat_h,ALL,1.87,0.007462686567164179
xfeat_h,ALL,1.8800000000000001,0.007462686567164179
xfeat_h,ALL,1.8900000000000001,0.007462686567164179
xfeat_h,ALL,1.9000000000000001,0.007462686567164179
xfeat_h,ALL,1.9100000000000001,0.007462686567164179
xfeat_h,ALL,1.92,0.007462686567164179
xfeat_h,ALL,1.93,0.007462686567164179
xfeat_h,ALL,1.94,0.007462686567164179
xfeat_h,ALL,1.95,0.007462686567164179
xfeat_h,ALL,1.96,0.007462686567164179
xfeat_h,ALL,1.97,0.007462686567164179
xfeat_h,ALL,1.98,0.007462686567164179
xfeat_h,ALL,1.99,0.007462686567164179
xfeat_h,ALL,2.0,0.007462686567164179
xfeat_h,ALL,2.0100000000000002,0.007462686567164179
xfeat_h,ALL,2.02,0.007462686567164179
xfeat_h,ALL,2.0300000000000002,0.007462686567164179
xfeat_h,ALL,2.04,0.007462686567164179
xfeat_h,ALL,2.05,0.007462686567164179
xfeat_h,ALL,2.06,0.007462686567164179
xfeat_h,ALL,2.07,0.007462686567164179
xfeat_h,ALL,2.08,0.007462686567164179
xfeat_h,ALL,2.09,0.007462686567164179
xfeat_h,ALL,2.1,0.007462686567164179
xfeat_h,ALL,2.11,0.007462686567164179
xfeat_h,ALL,2.12,0.007462686567164179
xfeat_h,ALL,2.13,0.007462686567164179
xfeat_h,ALL,2.14,0.007462686567164179
xfeat_h,ALL,2.15,0.007462686567164179
xfeat_h,ALL,2.16,0.007462686567164179
xfeat_h,ALL,2.17,0.007462686567164179
xfeat_h,ALL,2.18,0.007462686567164179
xfeat_h,ALL,2.19,0.007462686567164179
xfeat_h,ALL,2.2,0.007462686567164179
xfeat_h,ALL,2.21,0.022388059701492536
xfeat_h,ALL,2.22,0.022388059701492536
xfeat_h,ALL,2.23,0.022388059701492536
xfeat_h,ALL,2.24,0.022388059701492536
xfeat_h,ALL,2.25,0.029850746268656716
xfeat_h,ALL,2.2600000000000002,0.029850746268656716
xfeat_h,ALL,2.27,0.029850746268656716
xfeat_h,ALL,2.2800000000000002,0.029850746268656716
xfeat_h,ALL,2.29,0.029850746268656716
xfeat_h,ALL,2.3000000000000003,0.029850746268656716
xfeat_h,ALL,2.31,0.029850746268656716
xfeat_h,ALL,2.32,0.029850746268656716
xfeat_h,ALL,2.33,0.029850746268656716
xfeat_h,ALL,2.34,0.029850746268656716
xfeat_h,ALL,2.35,0.029850746268656716
xfeat_h,ALL,2.36,0.029850746268656716
xfeat_h,ALL,2.37,0.029850746268656716
xfeat_h,ALL,2.38,0.029850746268656716
xfeat_h,ALL,2.39,0.029850746268656716
xfeat_h,ALL,2.4,0.029850746268656716
xfeat_h,ALL,2.41,0.029850746268656716
xfeat_h,ALL,2.42,0.03731343283582089
xfeat_h,ALL,2.43,0.03731343283582089
xfeat_h,ALL,2.44,0.03731343283582089
xfeat_h,ALL,2.45,0.03731343283582089
xfeat_h,ALL,2.46,0.03731343283582089
xfeat_h,ALL,2.47,0.03731343283582089
xfeat_h,ALL,2.48,0.04477611940298507
xfeat_h,ALL,2.49,0.05970149253731343
xfeat_h,ALL,2.5,0.05970149253731343
xfeat_h,ALL,2.5100000000000002,0.06716417910447761
xfeat_h,ALL,2.52,0.06716417910447761
xfeat_h,ALL,2.5300000000000002,0.06716417910447761
xfeat_h,ALL,2.54,0.06716417910447761
xfeat_h,ALL,2.5500000000000003,0.07462686567164178
xfeat_h,ALL,2.56,0.08208955223880597
xfeat_h,ALL,2.57,0.08955223880597014
xfeat_h,ALL,2.58,0.08955223880597014
xfeat_h,ALL,2.59,0.08955223880597014
xfeat_h,ALL,2.6,0.08955223880597014
xfeat_h,ALL,2.61,0.08955223880597014
xfeat_h,ALL,2.62,0.08955223880597014
xfeat_h,ALL,2.63,0.09701492537313433
xfeat_h,ALL,2.64,0.1044776119402985
xfeat_h,ALL,2.65,0.1044776119402985
xfeat_h,ALL,2.66,0.11194029850746269
xfeat_h,ALL,2.67,0.11940298507462686
xfeat_h,ALL,2.68,0.12686567164179105
xfeat_h,ALL,2.69,0.13432835820895522
xfeat_h,ALL,2.7,0.1417910447761194
xfeat_h,ALL,2.71,0.1417910447761194
xfeat_h,ALL,2.72,0.1417910447761194
xfeat_h,ALL,2.73,0.1417910447761194
xfeat_h,ALL,2.74,0.1417910447761194
xfeat_h,ALL,2.75,0.1417910447761194
xfeat_h,ALL,2.7600000000000002,0.1417910447761194
xfeat_h,ALL,2.77,0.1417910447761194
xfeat_h,ALL,2.7800000000000002,0.1417910447761194
xfeat_h,ALL,2.79,0.1417910447761194
xfeat_h,ALL,2.8000000000000003,0.1417910447761194
xfeat_h,ALL,2.81,0.14925373134328357
xfeat_h,ALL,2.82,0.15671641791044777
xfeat_h,ALL,2.83,0.16417910447761194
xfeat_h,ALL,2.84,0.16417910447761194
xfeat_h,ALL,2.85,0.16417910447761194
xfeat_h,ALL,2.86,0.16417910447761194
xfeat_h,ALL,2.87,0.17164179104477612
xfeat_h,ALL,2.88,0.17164179104477612
xfeat_h,ALL,2.89,0.17164179104477612
xfeat_h,ALL,2.9,0.17164179104477612
xfeat_h,ALL,2.91,0.17164179104477612
xfeat_h,ALL,2.92,0.17164179104477612
xfeat_h,ALL,2.93,0.17164179104477612
xfeat_h,ALL,2.94,0.1791044776119403
xfeat_h,ALL,2.95,0.1791044776119403
xfeat_h,ALL,2.96,0.1791044776119403
xfeat_h,ALL,2.97,0.1791044776119403
xfeat_h,ALL,2.98,0.1791044776119403
xfeat_h,ALL,2.99,0.1791044776119403
xfeat_h,ALL,3.0,0.1791044776119403
xfeat_h,ALL,3.0100000000000002,0.1791044776119403
xfeat_h,ALL,3.02,0.1791044776119403
xfeat_h,ALL,3.0300000000000002,0.1791044776119403
xfeat_h,ALL,3.04,0.1791044776119403
xfeat_h,ALL,3.0500000000000003,0.1791044776119403
xfeat_h,ALL,3.06,0.1791044776119403
xfeat_h,ALL,3.0700000000000003,0.1865671641791045
xfeat_h,ALL,3.08,0.1865671641791045
xfeat_h,ALL,3.09,0.1865671641791045
xfeat_h,ALL,3.1,0.1865671641791045
xfeat_h,ALL,3.11,0.1865671641791045
xfeat_h,ALL,3.12,0.1865671641791045
xfeat_h,ALL,3.13,0.1865671641791045
xfeat_h,ALL,3.14,0.1865671641791045
xfeat_h,ALL,3.15,0.1865671641791045
xfeat_h,ALL,3.16,0.1865671641791045
xfeat_h,ALL,3.17,0.1865671641791045
xfeat_h,ALL,3.18,0.19402985074626866
xfeat_h,ALL,3.19,0.19402985074626866
xfeat_h,ALL,3.2,0.19402985074626866
xfeat_h,ALL,3.21,0.19402985074626866
xfeat_h,ALL,3.22,0.20149253731343283
xfeat_h,ALL,3.23,0.208955223880597
xfeat_h,ALL,3.24,0.208955223880597
xfeat_h,ALL,3.25,0.21641791044776118
xfeat_h,ALL,3.2600000000000002,0.21641791044776118
xfeat_h,ALL,3.27,0.21641791044776118
xfeat_h,ALL,3.2800000000000002,0.22388059701492538
xfeat_h,ALL,3.29,0.23134328358208955
xfeat_h,ALL,3.3000000000000003,0.23134328358208955
xfeat_h,ALL,3.31,0.23134328358208955
xfeat_h,ALL,3.3200000000000003,0.23134328358208955
xfeat_h,ALL,3.33,0.23134328358208955
xfeat_h,ALL,3.34,0.23134328358208955
xfeat_h,ALL,3.35,0.23134328358208955
xfeat_h,ALL,3.36,0.23134328358208955
xfeat_h,ALL,3.37,0.23134328358208955
xfeat_h,ALL,3.38,0.2462686567164179
xfeat_h,ALL,3.39,0.2462686567164179
xfeat_h,ALL,3.4,0.2462686567164179
xfeat_h,ALL,3.41,0.2462686567164179
xfeat_h,ALL,3.42,0.2462686567164179
xfeat_h,ALL,3.43,0.2537313432835821
xfeat_h,ALL,3.44,0.2537313432835821
xfeat_h,ALL,3.45,0.26119402985074625
xfeat_h,ALL,3.46,0.26119402985074625
xfeat_h,ALL,3.47,0.26119402985074625
xfeat_h,ALL,3.48,0.26119402985074625
xfeat_h,ALL,3.49,0.26865671641791045
xfeat_h,ALL,3.5,0.26865671641791045
xfeat_h,ALL,3.5100000000000002,0.27611940298507465
xfeat_h,ALL,3.52,0.27611940298507465
xfeat_h,ALL,3.5300000000000002,0.27611940298507465
xfeat_h,ALL,3.54,0.27611940298507465
xfeat_h,ALL,3.5500000000000003,0.27611940298507465
xfeat_h,ALL,3.56,0.27611940298507465
xfeat_h,ALL,3.5700000000000003,0.27611940298507465
xfeat_h,ALL,3.58,0.27611940298507465
xfeat_h,ALL,3.59,0.27611940298507465
xfeat_h,ALL,3.6,0.27611940298507465
xfeat_h,ALL,3.61,0.27611940298507465
xfeat_h,ALL,3.62,0.27611940298507465
xfeat_h,ALL,3.63,0.27611940298507465
xfeat_h,ALL,3.64,0.27611940298507465
xfeat_h,ALL,3.65,0.27611940298507465
xfeat_h,ALL,3.66,0.27611940298507465
xfeat_h,ALL,3.67,0.27611940298507465
xfeat_h,ALL,3.68,0.27611940298507465
xfeat_h,ALL,3.69,0.27611940298507465
xfeat_h,ALL,3.7,0.27611940298507465
xfeat_h,ALL,3.71,0.27611940298507465
xfeat_h,ALL,3.72,0.27611940298507465
xfeat_h,ALL,3.73,0.2835820895522388
xfeat_h,ALL,3.74,0.2835820895522388
xfeat_h,ALL,3.75,0.291044776119403
xfeat_h,ALL,3.7600000000000002,0.291044776119403
xfeat_h,ALL,3.77,0.29850746268656714
xfeat_h,ALL,3.7800000000000002,0.30597014925373134
xfeat_h,ALL,3.79,0.30597014925373134
xfeat_h,ALL,3.8000000000000003,0.30597014925373134
xfeat_h,ALL,3.81,0.30597014925373134
xfeat_h,ALL,3.8200000000000003,0.30597014925373134
xfeat_h,ALL,3.83,0.30597014925373134
xfeat_h,ALL,3.84,0.30597014925373134
xfeat_h,ALL,3.85,0.30597014925373134
xfeat_h,ALL,3.86,0.30597014925373134
xfeat_h,ALL,3.87,0.30597014925373134
xfeat_h,ALL,3.88,0.30597014925373134
xfeat_h,ALL,3.89,0.30597014925373134
xfeat_h,ALL,3.9,0.30597014925373134
xfeat_h,ALL,3.91,0.30597014925373134
xfeat_h,ALL,3.92,0.30597014925373134
xfeat_h,ALL,3.93,0.31343283582089554
xfeat_h,ALL,3.94,0.31343283582089554
xfeat_h,ALL,3.95,0.3208955223880597
xfeat_h,ALL,3.96,0.3208955223880597
xfeat_h,ALL,3.97,0.3208955223880597
xfeat_h,ALL,3.98,0.3208955223880597
xfeat_h,ALL,3.99,0.3208955223880597
xfeat_h,ALL,4.0,0.3208955223880597
xfeat_h,ALL,4.01,0.3208955223880597
xfeat_h,ALL,4.0200000000000005,0.3208955223880597
xfeat_h,ALL,4.03,0.3208955223880597
xfeat_h,ALL,4.04,0.3208955223880597
xfeat_h,ALL,4.05,0.3208955223880597
xfeat_h,ALL,4.0600000000000005,0.3283582089552239
xfeat_h,ALL,4.07,0.3283582089552239
xfeat_h,ALL,4.08,0.3283582089552239
xfeat_h,ALL,4.09,0.3283582089552239
xfeat_h,ALL,4.1,0.3358208955223881
xfeat_h,ALL,4.11,0.3358208955223881
xfeat_h,ALL,4.12,0.3358208955223881
xfeat_h,ALL,4.13,0.3358208955223881
xfeat_h,ALL,4.14,0.3358208955223881
xfeat_h,ALL,4.15,0.3358208955223881
xfeat_h,ALL,4.16,0.3358208955223881
xfeat_h,ALL,4.17,0.3358208955223881
xfeat_h,ALL,4.18,0.3358208955223881
xfeat_h,ALL,4.19,0.34328358208955223
xfeat_h,ALL,4.2,0.34328358208955223
xfeat_h,ALL,4.21,0.34328358208955223
xfeat_h,ALL,4.22,0.34328358208955223
xfeat_h,ALL,4.23,0.34328358208955223
xfeat_h,ALL,4.24,0.34328358208955223
xfeat_h,ALL,4.25,0.3582089552238806
xfeat_h,ALL,4.26,0.3582089552238806
xfeat_h,ALL,4.2700000000000005,0.3582089552238806
xfeat_h,ALL,4.28,0.3582089552238806
xfeat_h,ALL,4.29,0.3582089552238806
xfeat_h,ALL,4.3,0.3582089552238806
xfeat_h,ALL,4.3100000000000005,0.3582089552238806
xfeat_h,ALL,4.32,0.3582089552238806
xfeat_h,ALL,4.33,0.3582089552238806
xfeat_h,ALL,4.34,0.3582089552238806
xfeat_h,ALL,4.3500000000000005,0.3582089552238806
xfeat_h,ALL,4.36,0.3656716417910448
xfeat_h,ALL,4.37,0.3656716417910448
xfeat_h,ALL,4.38,0.3656716417910448
xfeat_h,ALL,4.39,0.3656716417910448
xfeat_h,ALL,4.4,0.3656716417910448
xfeat_h,ALL,4.41,0.3656716417910448
xfeat_h,ALL,4.42,0.3656716417910448
xfeat_h,ALL,4.43,0.3656716417910448
xfeat_h,ALL,4.44,0.373134328358209
xfeat_h,ALL,4.45,0.3880597014925373
xfeat_h,ALL,4.46,0.3880597014925373
xfeat_h,ALL,4.47,0.39552238805970147
xfeat_h,ALL,4.48,0.39552238805970147
xfeat_h,ALL,4.49,0.39552238805970147
xfeat_h,ALL,4.5,0.39552238805970147
xfeat_h,ALL,4.51,0.39552238805970147
xfeat_h,ALL,4.5200000000000005,0.40298507462686567
xfeat_h,ALL,4.53,0.40298507462686567
xfeat_h,ALL,4.54,0.40298507462686567
xfeat_h,ALL,4.55,0.40298507462686567
xfeat_h,ALL,4.5600000000000005,0.40298507462686567
xfeat_h,ALL,4.57,0.40298507462686567
xfeat_h,ALL,4.58,0.40298507462686567
xfeat_h,ALL,4.59,0.40298507462686567
xfeat_h,ALL,4.6000000000000005,0.40298507462686567
xfeat_h,ALL,4.61,0.40298507462686567
xfeat_h,ALL,4.62,0.40298507462686567
xfeat_h,ALL,4.63,0.40298507462686567
xfeat_h,ALL,4.64,0.40298507462686567
xfeat_h,ALL,4.65,0.40298507462686567
xfeat_h,ALL,4.66,0.40298507462686567
xfeat_h,ALL,4.67,0.40298507462686567
xfeat_h,ALL,4.68,0.40298507462686567
xfeat_h,ALL,4.69,0.40298507462686567
xfeat_h,ALL,4.7,0.40298507462686567
xfeat_h,ALL,4.71,0.40298507462686567
xfeat_h,ALL,4.72,0.40298507462686567
xfeat_h,ALL,4.73,0.40298507462686567
xfeat_h,ALL,4.74,0.40298507462686567
xfeat_h,ALL,4.75,0.40298507462686567
xfeat_h,ALL,4.76,0.41044776119402987
xfeat_h,ALL,4.7700000000000005,0.41044776119402987
xfeat_h,ALL,4.78,0.417910447761194
xfeat_h,ALL,4.79,0.417910447761194
xfeat_h,ALL,4.8,0.4253731343283582
xfeat_h,ALL,4.8100000000000005,0.4253731343283582
xfeat_h,ALL,4.82,0.4253731343283582
xfeat_h,ALL,4.83,0.4253731343283582
xfeat_h,ALL,4.84,0.4253731343283582
xfeat_h,ALL,4.8500000000000005,0.43283582089552236
xfeat_h,ALL,4.86,0.43283582089552236
xfeat_h,ALL,4.87,0.43283582089552236
xfeat_h,ALL,4.88,0.43283582089552236
xfeat_h,ALL,4.89,0.43283582089552236
xfeat_h,ALL,4.9,0.43283582089552236
xfeat_h,ALL,4.91,0.43283582089552236
xfeat_h,ALL,4.92,0.43283582089552236
xfeat_h,ALL,4.93,0.43283582089552236
xfeat_h,ALL,4.94,0.43283582089552236
xfeat_h,ALL,4.95,0.43283582089552236
xfeat_h,ALL,4.96,0.43283582089552236
xfeat_h,ALL,4.97,0.43283582089552236
xfeat_h,ALL,4.98,0.43283582089552236
xfeat_h,ALL,4.99,0.43283582089552236
xfeat_h,ALL,5.0,0.44029850746268656
xfeat_h,ALL,5.01,0.44029850746268656
xfeat_h,ALL,5.0200000000000005,0.44029850746268656
xfeat_h,ALL,5.03,0.44029850746268656
xfeat_h,ALL,5.04,0.44776119402985076
xfeat_h,ALL,5.05,0.44776119402985076
xfeat_h,ALL,5.0600000000000005,0.44776119402985076
xfeat_h,ALL,5.07,0.44776119402985076
xfeat_h,ALL,5.08,0.44776119402985076
xfeat_h,ALL,5.09,0.44776119402985076
xfeat_h,ALL,5.1000000000000005,0.44776119402985076
xfeat_h,ALL,5.11,0.44776119402985076
xfeat_h,ALL,5.12,0.44776119402985076
xfeat_h,ALL,5.13,0.4552238805970149
xfeat_h,ALL,5.14,0.4552238805970149
xfeat_h,ALL,5.15,0.4552238805970149
xfeat_h,ALL,5.16,0.4552238805970149
xfeat_h,ALL,5.17,0.4552238805970149
xfeat_h,ALL,5.18,0.4552238805970149
xfeat_h,ALL,5.19,0.4552238805970149
xfeat_h,ALL,5.2,0.4552238805970149
xfeat_h,ALL,5.21,0.4552238805970149
xfeat_h,ALL,5.22,0.4552238805970149
xfeat_h,ALL,5.23,0.4552238805970149
xfeat_h,ALL,5.24,0.4552238805970149
xfeat_h,ALL,5.25,0.4552238805970149
xfeat_h,ALL,5.26,0.4552238805970149
xfeat_h,ALL,5.2700000000000005,0.4552238805970149
xfeat_h,ALL,5.28,0.4552238805970149
xfeat_h,ALL,5.29,0.4552238805970149
xfeat_h,ALL,5.3,0.4552238805970149
xfeat_h,ALL,5.3100000000000005,0.4626865671641791
xfeat_h,ALL,5.32,0.4626865671641791
xfeat_h,ALL,5.33,0.4626865671641791
xfeat_h,ALL,5.34,0.4626865671641791
xfeat_h,ALL,5.3500000000000005,0.4626865671641791
xfeat_h,ALL,5.36,0.4626865671641791
xfeat_h,ALL,5.37,0.4626865671641791
xfeat_h,ALL,5.38,0.4701492537313433
xfeat_h,ALL,5.39,0.47761194029850745
xfeat_h,ALL,5.4,0.47761194029850745
xfeat_h,ALL,5.41,0.47761194029850745
xfeat_h,ALL,5.42,0.47761194029850745
xfeat_h,ALL,5.43,0.47761194029850745
xfeat_h,ALL,5.44,0.48507462686567165
xfeat_h,ALL,5.45,0.48507462686567165
xfeat_h,ALL,5.46,0.48507462686567165
xfeat_h,ALL,5.47,0.48507462686567165
xfeat_h,ALL,5.48,0.48507462686567165
xfeat_h,ALL,5.49,0.48507462686567165
xfeat_h,ALL,5.5,0.48507462686567165
xfeat_h,ALL,5.51,0.4925373134328358
xfeat_h,ALL,5.5200000000000005,0.4925373134328358
xfeat_h,ALL,5.53,0.4925373134328358
xfeat_h,ALL,5.54,0.4925373134328358
xfeat_h,ALL,5.55,0.4925373134328358
xfeat_h,ALL,5.5600000000000005,0.4925373134328358
xfeat_h,ALL,5.57,0.4925373134328358
xfeat_h,ALL,5.58,0.4925373134328358
xfeat_h,ALL,5.59,0.4925373134328358
xfeat_h,ALL,5.6000000000000005,0.4925373134328358
xfeat_h,ALL,5.61,0.5
xfeat_h,ALL,5.62,0.5
xfeat_h,ALL,5.63,0.5
xfeat_h,ALL,5.64,0.5
xfeat_h,ALL,5.65,0.5
xfeat_h,ALL,5.66,0.5
xfeat_h,ALL,5.67,0.5
xfeat_h,ALL,5.68,0.5
xfeat_h,ALL,5.69,0.5
xfeat_h,ALL,5.7,0.5
xfeat_h,ALL,5.71,0.5
xfeat_h,ALL,5.72,0.5
xfeat_h,ALL,5.73,0.5
xfeat_h,ALL,5.74,0.5
xfeat_h,ALL,5.75,0.5
xfeat_h,ALL,5.76,0.5
xfeat_h,ALL,5.7700000000000005,0.5
xfeat_h,ALL,5.78,0.5
xfeat_h,ALL,5.79,0.5
xfeat_h,ALL,5.8,0.5
xfeat_h,ALL,5.8100000000000005,0.5
xfeat_h,ALL,5.82,0.5
xfeat_h,ALL,5.83,0.5
xfeat_h,ALL,5.84,0.5
xfeat_h,ALL,5.8500000000000005,0.5
xfeat_h,ALL,5.86,0.5
xfeat_h,ALL,5.87,0.5
xfeat_h,ALL,5.88,0.5
xfeat_h,ALL,5.89,0.5
xfeat_h,ALL,5.9,0.5
xfeat_h,ALL,5.91,0.5
xfeat_h,ALL,5.92,0.5
xfeat_h,ALL,5.93,0.5
xfeat_h,ALL,5.94,0.5
xfeat_h,ALL,5.95,0.5
xfeat_h,ALL,5.96,0.5
xfeat_h,ALL,5.97,0.5
xfeat_h,ALL,5.98,0.5
xfeat_h,ALL,5.99,0.5
xfeat_h,ALL,6.0,0.5
xfeat_h,ALL,6.01,0.5
xfeat_h,ALL,6.0200000000000005,0.5
xfeat_h,ALL,6.03,0.5
xfeat_h,ALL,6.04,0.5
xfeat_h,ALL,6.05,0.5
xfeat_h,ALL,6.0600000000000005,0.5
xfeat_h,ALL,6.07,0.5074626865671642
xfeat_h,ALL,6.08,0.5074626865671642
xfeat_h,ALL,6.09,0.5149253731343284
xfeat_h,ALL,6.1000000000000005,0.5149253731343284
xfeat_h,ALL,6.11,0.5223880597014925
xfeat_h,ALL,6.12,0.5223880597014925
xfeat_h,ALL,6.13,0.5223880597014925
xfeat_h,ALL,6.140000000000001,0.5223880597014925
xfeat_h,ALL,6.15,0.5223880597014925
xfeat_h,ALL,6.16,0.5223880597014925
xfeat_h,ALL,6.17,0.5223880597014925
xfeat_h,ALL,6.18,0.5223880597014925
xfeat_h,ALL,6.19,0.5223880597014925
xfeat_h,ALL,6.2,0.5223880597014925
xfeat_h,ALL,6.21,0.5223880597014925
xfeat_h,ALL,6.22,0.5223880597014925
xfeat_h,ALL,6.23,0.5223880597014925
xfeat_h,ALL,6.24,0.5223880597014925
xfeat_h,ALL,6.25,0.5223880597014925
xfeat_h,ALL,6.26,0.5223880597014925
xfeat_h,ALL,6.2700000000000005,0.5223880597014925
xfeat_h,ALL,6.28,0.5223880597014925
xfeat_h,ALL,6.29,0.5223880597014925
xfeat_h,ALL,6.3,0.5223880597014925
xfeat_h,ALL,6.3100000000000005,0.5223880597014925
xfeat_h,ALL,6.32,0.5298507462686567
xfeat_h,ALL,6.33,0.5298507462686567
xfeat_h,ALL,6.34,0.5298507462686567
xfeat_h,ALL,6.3500000000000005,0.5298507462686567
xfeat_h,ALL,6.36,0.5298507462686567
xfeat_h,ALL,6.37,0.5298507462686567
xfeat_h,ALL,6.38,0.5298507462686567
xfeat_h,ALL,6.390000000000001,0.5298507462686567
xfeat_h,ALL,6.4,0.5298507462686567
xfeat_h,ALL,6.41,0.5298507462686567
xfeat_h,ALL,6.42,0.5298507462686567
xfeat_h,ALL,6.43,0.5298507462686567
xfeat_h,ALL,6.44,0.5298507462686567
xfeat_h,ALL,6.45,0.5298507462686567
xfeat_h,ALL,6.46,0.5298507462686567
xfeat_h,ALL,6.47,0.5298507462686567
xfeat_h,ALL,6.48,0.5298507462686567
xfeat_h,ALL,6.49,0.5298507462686567
xfeat_h,ALL,6.5,0.5298507462686567
xfeat_h,ALL,6.51,0.5298507462686567
xfeat_h,ALL,6.5200000000000005,0.5373134328358209
xfeat_h,ALL,6.53,0.5373134328358209
xfeat_h,ALL,6.54,0.5373134328358209
xfeat_h,ALL,6.55,0.5447761194029851
xfeat_h,ALL,6.5600000000000005,0.5522388059701493
xfeat_h,ALL,6.57,0.5522388059701493
xfeat_h,ALL,6.58,0.5522388059701493
xfeat_h,ALL,6.59,0.5522388059701493
xfeat_h,ALL,6.6000000000000005,0.5522388059701493
xfeat_h,ALL,6.61,0.5522388059701493
xfeat_h,ALL,6.62,0.5522388059701493
xfeat_h,ALL,6.63,0.5522388059701493
xfeat_h,ALL,6.640000000000001,0.5522388059701493
xfeat_h,ALL,6.65,0.5522388059701493
xfeat_h,ALL,6.66,0.5522388059701493
xfeat_h,ALL,6.67,0.5522388059701493
xfeat_h,ALL,6.68,0.5522388059701493
xfeat_h,ALL,6.69,0.5522388059701493
xfeat_h,ALL,6.7,0.5522388059701493
xfeat_h,ALL,6.71,0.5522388059701493
xfeat_h,ALL,6.72,0.5522388059701493
xfeat_h,ALL,6.73,0.5522388059701493
xfeat_h,ALL,6.74,0.5522388059701493
xfeat_h,ALL,6.75,0.5522388059701493
xfeat_h,ALL,6.76,0.5522388059701493
xfeat_h,ALL,6.7700000000000005,0.5522388059701493
xfeat_h,ALL,6.78,0.5522388059701493
xfeat_h,ALL,6.79,0.5522388059701493
xfeat_h,ALL,6.8,0.5522388059701493
xfeat_h,ALL,6.8100000000000005,0.5522388059701493
xfeat_h,ALL,6.82,0.5522388059701493
xfeat_h,ALL,6.83,0.5522388059701493
xfeat_h,ALL,6.84,0.5522388059701493
xfeat_h,ALL,6.8500000000000005,0.5522388059701493
xfeat_h,ALL,6.86,0.5522388059701493
xfeat_h,ALL,6.87,0.5522388059701493
xfeat_h,ALL,6.88,0.5522388059701493
xfeat_h,ALL,6.890000000000001,0.5597014925373134
xfeat_h,ALL,6.9,0.5597014925373134
xfeat_h,ALL,6.91,0.5597014925373134
xfeat_h,ALL,6.92,0.5597014925373134
xfeat_h,ALL,6.93,0.5597014925373134
xfeat_h,ALL,6.94,0.5597014925373134
xfeat_h,ALL,6.95,0.5597014925373134
xfeat_h,ALL,6.96,0.5597014925373134
xfeat_h,ALL,6.97,0.5671641791044776
xfeat_h,ALL,6.98,0.5671641791044776
xfeat_h,ALL,6.99,0.5671641791044776
xfeat_h,ALL,7.0,0.5671641791044776
xfeat_h,ALL,7.01,0.5671641791044776
xfeat_h,ALL,7.0200000000000005,0.5671641791044776
xfeat_h,ALL,7.03,0.5671641791044776
xfeat_h,ALL,7.04,0.5671641791044776
xfeat_h,ALL,7.05,0.5671641791044776
xfeat_h,ALL,7.0600000000000005,0.5671641791044776
xfeat_h,ALL,7.07,0.5671641791044776
xfeat_h,ALL,7.08,0.5671641791044776
xfeat_h,ALL,7.09,0.5671641791044776
xfeat_h,ALL,7.1000000000000005,0.5671641791044776
xfeat_h,ALL,7.11,0.5671641791044776
xfeat_h,ALL,7.12,0.5671641791044776
xfeat_h,ALL,7.13,0.5671641791044776
xfeat_h,ALL,7.140000000000001,0.5671641791044776
xfeat_h,ALL,7.15,0.5671641791044776
xfeat_h,ALL,7.16,0.5671641791044776
xfeat_h,ALL,7.17,0.5671641791044776
xfeat_h,ALL,7.18,0.5671641791044776
xfeat_h,ALL,7.19,0.5671641791044776
xfeat_h,ALL,7.2,0.5671641791044776
xfeat_h,ALL,7.21,0.5671641791044776
xfeat_h,ALL,7.22,0.5671641791044776
xfeat_h,ALL,7.23,0.5746268656716418
xfeat_h,ALL,7.24,0.5746268656716418
xfeat_h,ALL,7.25,0.5746268656716418
xfeat_h,ALL,7.26,0.5746268656716418
xfeat_h,ALL,7.2700000000000005,0.5746268656716418
xfeat_h,ALL,7.28,0.5746268656716418
xfeat_h,ALL,7.29,0.5746268656716418
xfeat_h,ALL,7.3,0.5746268656716418
xfeat_h,ALL,7.3100000000000005,0.5746268656716418
xfeat_h,ALL,7.32,0.5746268656716418
xfeat_h,ALL,7.33,0.5746268656716418
xfeat_h,ALL,7.34,0.5746268656716418
xfeat_h,ALL,7.3500000000000005,0.582089552238806
xfeat_h,ALL,7.36,0.582089552238806
xfeat_h,ALL,7.37,0.582089552238806
xfeat_h,ALL,7.38,0.582089552238806
xfeat_h,ALL,7.390000000000001,0.582089552238806
xfeat_h,ALL,7.4,0.5895522388059702
xfeat_h,ALL,7.41,0.5895522388059702
xfeat_h,ALL,7.42,0.5895522388059702
xfeat_h,ALL,7.43,0.5895522388059702
xfeat_h,ALL,7.44,0.5895522388059702
xfeat_h,ALL,7.45,0.5895522388059702
xfeat_h,ALL,7.46,0.5895522388059702
xfeat_h,ALL,7.47,0.5895522388059702
xfeat_h,ALL,7.48,0.5895522388059702
xfeat_h,ALL,7.49,0.5895522388059702
xfeat_h,ALL,7.5,0.5895522388059702
xfeat_h,ALL,7.51,0.5895522388059702
xfeat_h,ALL,7.5200000000000005,0.5895522388059702
xfeat_h,ALL,7.53,0.5895522388059702
xfeat_h,ALL,7.54,0.5895522388059702
xfeat_h,ALL,7.55,0.5895522388059702
xfeat_h,ALL,7.5600000000000005,0.5895522388059702
xfeat_h,ALL,7.57,0.5895522388059702
xfeat_h,ALL,7.58,0.5895522388059702
xfeat_h,ALL,7.59,0.5895522388059702
xfeat_h,ALL,7.6000000000000005,0.5895522388059702
xfeat_h,ALL,7.61,0.5895522388059702
xfeat_h,ALL,7.62,0.5895522388059702
xfeat_h,ALL,7.63,0.5895522388059702
xfeat_h,ALL,7.640000000000001,0.5895522388059702
xfeat_h,ALL,7.65,0.5895522388059702
xfeat_h,ALL,7.66,0.5895522388059702
xfeat_h,ALL,7.67,0.5895522388059702
xfeat_h,ALL,7.68,0.5895522388059702
xfeat_h,ALL,7.69,0.5895522388059702
xfeat_h,ALL,7.7,0.5895522388059702
xfeat_h,ALL,7.71,0.5895522388059702
xfeat_h,ALL,7.72,0.5895522388059702
xfeat_h,ALL,7.73,0.5895522388059702
xfeat_h,ALL,7.74,0.5895522388059702
xfeat_h,ALL,7.75,0.5895522388059702
xfeat_h,ALL,7.76,0.5895522388059702
xfeat_h,ALL,7.7700000000000005,0.5895522388059702
xfeat_h,ALL,7.78,0.5895522388059702
xfeat_h,ALL,7.79,0.5895522388059702
xfeat_h,ALL,7.8,0.5895522388059702
xfeat_h,ALL,7.8100000000000005,0.5895522388059702
xfeat_h,ALL,7.82,0.5895522388059702
xfeat_h,ALL,7.83,0.5895522388059702
xfeat_h,ALL,7.84,0.5895522388059702
xfeat_h,ALL,7.8500000000000005,0.5895522388059702
xfeat_h,ALL,7.86,0.5895522388059702
xfeat_h,ALL,7.87,0.5895522388059702
xfeat_h,ALL,7.88,0.5895522388059702
xfeat_h,ALL,7.890000000000001,0.5895522388059702
xfeat_h,ALL,7.9,0.5895522388059702
xfeat_h,ALL,7.91,0.5895522388059702
xfeat_h,ALL,7.92,0.5895522388059702
xfeat_h,ALL,7.930000000000001,0.5895522388059702
xfeat_h,ALL,7.94,0.5895522388059702
xfeat_h,ALL,7.95,0.5895522388059702
xfeat_h,ALL,7.96,0.5895522388059702
xfeat_h,ALL,7.97,0.5895522388059702
xfeat_h,ALL,7.98,0.5895522388059702
xfeat_h,ALL,7.99,0.5895522388059702
xfeat_h,ALL,8.0,0.5895522388059702
xfeat_h,ALL,8.01,0.5895522388059702
xfeat_h,ALL,8.02,0.5895522388059702
xfeat_h,ALL,8.03,0.5895522388059702
xfeat_h,ALL,8.040000000000001,0.5895522388059702
xfeat_h,ALL,8.05,0.5895522388059702
xfeat_h,ALL,8.06,0.5895522388059702
xfeat_h,ALL,8.07,0.5895522388059702
xfeat_h,ALL,8.08,0.5895522388059702
xfeat_h,ALL,8.09,0.5895522388059702
xfeat_h,ALL,8.1,0.5895522388059702
xfeat_h,ALL,8.11,0.5895522388059702
xfeat_h,ALL,8.120000000000001,0.5895522388059702
xfeat_h,ALL,8.13,0.5895522388059702
xfeat_h,ALL,8.14,0.5895522388059702
xfeat_h,ALL,8.15,0.5895522388059702
xfeat_h,ALL,8.16,0.5895522388059702
xfeat_h,ALL,8.17,0.5895522388059702
xfeat_h,ALL,8.18,0.5895522388059702
xfeat_h,ALL,8.19,0.5895522388059702
xfeat_h,ALL,8.2,0.5895522388059702
xfeat_h,ALL,8.21,0.5895522388059702
xfeat_h,ALL,8.22,0.5895522388059702
xfeat_h,ALL,8.23,0.5895522388059702
xfeat_h,ALL,8.24,0.5895522388059702
xfeat_h,ALL,8.25,0.5895522388059702
xfeat_h,ALL,8.26,0.5895522388059702
xfeat_h,ALL,8.27,0.5970149253731343
xfeat_h,ALL,8.28,0.5970149253731343
xfeat_h,ALL,8.290000000000001,0.5970149253731343
xfeat_h,ALL,8.3,0.5970149253731343
xfeat_h,ALL,8.31,0.5970149253731343
xfeat_h,ALL,8.32,0.5970149253731343
xfeat_h,ALL,8.33,0.5970149253731343
xfeat_h,ALL,8.34,0.5970149253731343
xfeat_h,ALL,8.35,0.5970149253731343
xfeat_h,ALL,8.36,0.5970149253731343
xfeat_h,ALL,8.370000000000001,0.5970149253731343
xfeat_h,ALL,8.38,0.5970149253731343
xfeat_h,ALL,8.39,0.5970149253731343
xfeat_h,ALL,8.4,0.5970149253731343
xfeat_h,ALL,8.41,0.5970149253731343
xfeat_h,ALL,8.42,0.5970149253731343
xfeat_h,ALL,8.43,0.5970149253731343
xfeat_h,ALL,8.44,0.5970149253731343
xfeat_h,ALL,8.45,0.5970149253731343
xfeat_h,ALL,8.46,0.5970149253731343
xfeat_h,ALL,8.47,0.5970149253731343
xfeat_h,ALL,8.48,0.6044776119402985
xfeat_h,ALL,8.49,0.6044776119402985
xfeat_h,ALL,8.5,0.6044776119402985
xfeat_h,ALL,8.51,0.6044776119402985
xfeat_h,ALL,8.52,0.6044776119402985
xfeat_h,ALL,8.53,0.6044776119402985
xfeat_h,ALL,8.540000000000001,0.6044776119402985
xfeat_h,ALL,8.55,0.6044776119402985
xfeat_h,ALL,8.56,0.6044776119402985
xfeat_h,ALL,8.57,0.6044776119402985
xfeat_h,ALL,8.58,0.6044776119402985
xfeat_h,ALL,8.59,0.6044776119402985
xfeat_h,ALL,8.6,0.6044776119402985
xfeat_h,ALL,8.61,0.6044776119402985
xfeat_h,ALL,8.620000000000001,0.6044776119402985
xfeat_h,ALL,8.63,0.6044776119402985
xfeat_h,ALL,8.64,0.6119402985074627
xfeat_h,ALL,8.65,0.6119402985074627
xfeat_h,ALL,8.66,0.6119402985074627
xfeat_h,ALL,8.67,0.6119402985074627
xfeat_h,ALL,8.68,0.6119402985074627
xfeat_h,ALL,8.69,0.6119402985074627
xfeat_h,ALL,8.700000000000001,0.6119402985074627
xfeat_h,ALL,8.71,0.6119402985074627
xfeat_h,ALL,8.72,0.6119402985074627
xfeat_h,ALL,8.73,0.6119402985074627
xfeat_h,ALL,8.74,0.6119402985074627
xfeat_h,ALL,8.75,0.6119402985074627
xfeat_h,ALL,8.76,0.6119402985074627
xfeat_h,ALL,8.77,0.6119402985074627
xfeat_h,ALL,8.78,0.6119402985074627
xfeat_h,ALL,8.790000000000001,0.6119402985074627
xfeat_h,ALL,8.8,0.6119402985074627
xfeat_h,ALL,8.81,0.6119402985074627
xfeat_h,ALL,8.82,0.6119402985074627
xfeat_h,ALL,8.83,0.6119402985074627
xfeat_h,ALL,8.84,0.6119402985074627
xfeat_h,ALL,8.85,0.6119402985074627
xfeat_h,ALL,8.86,0.6119402985074627
xfeat_h,ALL,8.870000000000001,0.6119402985074627
xfeat_h,ALL,8.88,0.6119402985074627
xfeat_h,ALL,8.89,0.6119402985074627
xfeat_h,ALL,8.9,0.6119402985074627
xfeat_h,ALL,8.91,0.6119402985074627
xfeat_h,ALL,8.92,0.6119402985074627
xfeat_h,ALL,8.93,0.6119402985074627
xfeat_h,ALL,8.94,0.6119402985074627
xfeat_h,ALL,8.950000000000001,0.6119402985074627
xfeat_h,ALL,8.96,0.6119402985074627
xfeat_h,ALL,8.97,0.6119402985074627
xfeat_h,ALL,8.98,0.6119402985074627
xfeat_h,ALL,8.99,0.6119402985074627
xfeat_h,ALL,9.0,0.6119402985074627
xfeat_h,ALL,9.01,0.6119402985074627
xfeat_h,ALL,9.02,0.6119402985074627
xfeat_h,ALL,9.03,0.6119402985074627
xfeat_h,ALL,9.040000000000001,0.6119402985074627
xfeat_h,ALL,9.05,0.6119402985074627
xfeat_h,ALL,9.06,0.6119402985074627
xfeat_h,ALL,9.07,0.6119402985074627
xfeat_h,ALL,9.08,0.6119402985074627
xfeat_h,ALL,9.09,0.6119402985074627
xfeat_h,ALL,9.1,0.6119402985074627
xfeat_h,ALL,9.11,0.6119402985074627
xfeat_h,ALL,9.120000000000001,0.6119402985074627
xfeat_h,ALL,9.13,0.6119402985074627
xfeat_h,ALL,9.14,0.6119402985074627
xfeat_h,ALL,9.15,0.6119402985074627
xfeat_h,ALL,9.16,0.6119402985074627
xfeat_h,ALL,9.17,0.6119402985074627
xfeat_h,ALL,9.18,0.6119402985074627
xfeat_h,ALL,9.19,0.6119402985074627
xfeat_h,ALL,9.200000000000001,0.6119402985074627
xfeat_h,ALL,9.21,0.6119402985074627
xfeat_h,ALL,9.22,0.6119402985074627
xfeat_h,ALL,9.23,0.6194029850746269
xfeat_h,ALL,9.24,0.6194029850746269
xfeat_h,ALL,9.25,0.6194029850746269
xfeat_h,ALL,9.26,0.6194029850746269
xfeat_h,ALL,9.27,0.6194029850746269
xfeat_h,ALL,9.28,0.6194029850746269
xfeat_h,ALL,9.290000000000001,0.6194029850746269
xfeat_h,ALL,9.3,0.6194029850746269
xfeat_h,ALL,9.31,0.6194029850746269
xfeat_h,ALL,9.32,0.6194029850746269
xfeat_h,ALL,9.33,0.6194029850746269
xfeat_h,ALL,9.34,0.6194029850746269
xfeat_h,ALL,9.35,0.6194029850746269
xfeat_h,ALL,9.36,0.6194029850746269
xfeat_h,ALL,9.370000000000001,0.6194029850746269
xfeat_h,ALL,9.38,0.6194029850746269
xfeat_h,ALL,9.39,0.6194029850746269
xfeat_h,ALL,9.4,0.6194029850746269
xfeat_h,ALL,9.41,0.6194029850746269
xfeat_h,ALL,9.42,0.6194029850746269
xfeat_h,ALL,9.43,0.6194029850746269
xfeat_h,ALL,9.44,0.6194029850746269
xfeat_h,ALL,9.450000000000001,0.6194029850746269
xfeat_h,ALL,9.46,0.6194029850746269
xfeat_h,ALL,9.47,0.6194029850746269
xfeat_h,ALL,9.48,0.6194029850746269
xfeat_h,ALL,9.49,0.6194029850746269
xfeat_h,ALL,9.5,0.6194029850746269
xfeat_h,ALL,9.51,0.6194029850746269
xfeat_h,ALL,9.52,0.6194029850746269
xfeat_h,ALL,9.53,0.6194029850746269
xfeat_h,ALL,9.540000000000001,0.6194029850746269
xfeat_h,ALL,9.55,0.6194029850746269
xfeat_h,ALL,9.56,0.6194029850746269
xfeat_h,ALL,9.57,0.6194029850746269
xfeat_h,ALL,9.58,0.6194029850746269
xfeat_h,ALL,9.59,0.6194029850746269
xfeat_h,ALL,9.6,0.6194029850746269
xfeat_h,ALL,9.61,0.6194029850746269
xfeat_h,ALL,9.620000000000001,0.6194029850746269
xfeat_h,ALL,9.63,0.6194029850746269
xfeat_h,ALL,9.64,0.6194029850746269
xfeat_h,ALL,9.65,0.6194029850746269
xfeat_h,ALL,9.66,0.6268656716417911
xfeat_h,ALL,9.67,0.6268656716417911
xfeat_h,ALL,9.68,0.6268656716417911
xfeat_h,ALL,9.69,0.6268656716417911
xfeat_h,ALL,9.700000000000001,0.6268656716417911
xfeat_h,ALL,9.71,0.6268656716417911
xfeat_h,ALL,9.72,0.6268656716417911
xfeat_h,ALL,9.73,0.6268656716417911
xfeat_h,ALL,9.74,0.6268656716417911
xfeat_h,ALL,9.75,0.6268656716417911
xfeat_h,ALL,9.76,0.6268656716417911
xfeat_h,ALL,9.77,0.6268656716417911
xfeat_h,ALL,9.78,0.6268656716417911
xfeat_h,ALL,9.790000000000001,0.6268656716417911
xfeat_h,ALL,9.8,0.6268656716417911
xfeat_h,ALL,9.81,0.6268656716417911
xfeat_h,ALL,9.82,0.6268656716417911
xfeat_h,ALL,9.83,0.6268656716417911
xfeat_h,ALL,9.84,0.6268656716417911
xfeat_h,ALL,9.85,0.6268656716417911
xfeat_h,ALL,9.86,0.6268656716417911
xfeat_h,ALL,9.870000000000001,0.6268656716417911
xfeat_h,ALL,9.88,0.6268656716417911
xfeat_h,ALL,9.89,0.6268656716417911
xfeat_h,ALL,9.9,0.6268656716417911
xfeat_h,ALL,9.91,0.6268656716417911
xfeat_h,ALL,9.92,0.6268656716417911
xfeat_h,ALL,9.93,0.6268656716417911
xfeat_h,ALL,9.94,0.6268656716417911
xfeat_h,ALL,9.950000000000001,0.6268656716417911
xfeat_h,ALL,9.96,0.6268656716417911
xfeat_h,ALL,9.97,0.6268656716417911
xfeat_h,ALL,9.98,0.6268656716417911
xfeat_h,ALL,9.99,0.6268656716417911
xfeat_h,ALL,10.0,0.6268656716417911
xfeat_h,ALL,10.01,0.6268656716417911
xfeat_h,ALL,10.02,0.6268656716417911
xfeat_h,ALL,10.03,0.6268656716417911
xfeat_h,ALL,10.040000000000001,0.6268656716417911
xfeat_h,ALL,10.05,0.6268656716417911
xfeat_h,ALL,10.06,0.6268656716417911
xfeat_h,ALL,10.07,0.6268656716417911
xfeat_h,ALL,10.08,0.6268656716417911
xfeat_h,ALL,10.09,0.6268656716417911
xfeat_h,ALL,10.1,0.6268656716417911
xfeat_h,ALL,10.11,0.6268656716417911
xfeat_h,ALL,10.120000000000001,0.6268656716417911
xfeat_h,ALL,10.13,0.6268656716417911
xfeat_h,ALL,10.14,0.6268656716417911
xfeat_h,ALL,10.15,0.6268656716417911
xfeat_h,ALL,10.16,0.6268656716417911
xfeat_h,ALL,10.17,0.6268656716417911
xfeat_h,ALL,10.18,0.6268656716417911
xfeat_h,ALL,10.19,0.6268656716417911
xfeat_h,ALL,10.200000000000001,0.6343283582089553
xfeat_h,ALL,10.21,0.6343283582089553
xfeat_h,ALL,10.22,0.6343283582089553
xfeat_h,ALL,10.23,0.6343283582089553
xfeat_h,ALL,10.24,0.6343283582089553
xfeat_h,ALL,10.25,0.6343283582089553
xfeat_h,ALL,10.26,0.6343283582089553
xfeat_h,ALL,10.27,0.6343283582089553
xfeat_h,ALL,10.28,0.6343283582089553
xfeat_h,ALL,10.290000000000001,0.6343283582089553
xfeat_h,ALL,10.3,0.6343283582089553
xfeat_h,ALL,10.31,0.6343283582089553
xfeat_h,ALL,10.32,0.6343283582089553
xfeat_h,ALL,10.33,0.6343283582089553
xfeat_h,ALL,10.34,0.6343283582089553
xfeat_h,ALL,10.35,0.6343283582089553
xfeat_h,ALL,10.36,0.6343283582089553
xfeat_h,ALL,10.370000000000001,0.6343283582089553
xfeat_h,ALL,10.38,0.6343283582089553
xfeat_h,ALL,10.39,0.6343283582089553
xfeat_h,ALL,10.4,0.6343283582089553
xfeat_h,ALL,10.41,0.6343283582089553
xfeat_h,ALL,10.42,0.6343283582089553
xfeat_h,ALL,10.43,0.6343283582089553
xfeat_h,ALL,10.44,0.6343283582089553
xfeat_h,ALL,10.450000000000001,0.6343283582089553
xfeat_h,ALL,10.46,0.6343283582089553
xfeat_h,ALL,10.47,0.6343283582089553
xfeat_h,ALL,10.48,0.6417910447761194
xfeat_h,ALL,10.49,0.6417910447761194
xfeat_h,ALL,10.5,0.6417910447761194
xfeat_h,ALL,10.51,0.6417910447761194
xfeat_h,ALL,10.52,0.6417910447761194
xfeat_h,ALL,10.53,0.6417910447761194
xfeat_h,ALL,10.540000000000001,0.6417910447761194
xfeat_h,ALL,10.55,0.6417910447761194
xfeat_h,ALL,10.56,0.6417910447761194
xfeat_h,ALL,10.57,0.6417910447761194
xfeat_h,ALL,10.58,0.6417910447761194
xfeat_h,ALL,10.59,0.6417910447761194
xfeat_h,ALL,10.6,0.6417910447761194
xfeat_h,ALL,10.61,0.6417910447761194
xfeat_h,ALL,10.620000000000001,0.6417910447761194
xfeat_h,ALL,10.63,0.6417910447761194
xfeat_h,ALL,10.64,0.6417910447761194
xfeat_h,ALL,10.65,0.6417910447761194
xfeat_h,ALL,10.66,0.6417910447761194
xfeat_h,ALL,10.67,0.6417910447761194
xfeat_h,ALL,10.68,0.6492537313432836
xfeat_h,ALL,10.69,0.6492537313432836
xfeat_h,ALL,10.700000000000001,0.6492537313432836
xfeat_h,ALL,10.71,0.6492537313432836
xfeat_h,ALL,10.72,0.6492537313432836
xfeat_h,ALL,10.73,0.6492537313432836
xfeat_h,ALL,10.74,0.6492537313432836
xfeat_h,ALL,10.75,0.6492537313432836
xfeat_h,ALL,10.76,0.6492537313432836
xfeat_h,ALL,10.77,0.6492537313432836
xfeat_h,ALL,10.78,0.6492537313432836
xfeat_h,ALL,10.790000000000001,0.6492537313432836
xfeat_h,ALL,10.8,0.6492537313432836
xfeat_h,ALL,10.81,0.6492537313432836
xfeat_h,ALL,10.82,0.6492537313432836
xfeat_h,ALL,10.83,0.6492537313432836
xfeat_h,ALL,10.84,0.6492537313432836
xfeat_h,ALL,10.85,0.6492537313432836
xfeat_h,ALL,10.86,0.6492537313432836
xfeat_h,ALL,10.870000000000001,0.6492537313432836
xfeat_h,ALL,10.88,0.6492537313432836
xfeat_h,ALL,10.89,0.6492537313432836
xfeat_h,ALL,10.9,0.6492537313432836
xfeat_h,ALL,10.91,0.6492537313432836
xfeat_h,ALL,10.92,0.6492537313432836
xfeat_h,ALL,10.93,0.6567164179104478
xfeat_h,ALL,10.94,0.6567164179104478
xfeat_h,ALL,10.950000000000001,0.6567164179104478
xfeat_h,ALL,10.96,0.6567164179104478
xfeat_h,ALL,10.97,0.6567164179104478
xfeat_h,ALL,10.98,0.6567164179104478
xfeat_h,ALL,10.99,0.6567164179104478
xfeat_h,ALL,11.0,0.6567164179104478
xfeat_h,ALL,11.01,0.6567164179104478
xfeat_h,ALL,11.02,0.6567164179104478
xfeat_h,ALL,11.03,0.6567164179104478
xfeat_h,ALL,11.040000000000001,0.6567164179104478
xfeat_h,ALL,11.05,0.6567164179104478
xfeat_h,ALL,11.06,0.6567164179104478
xfeat_h,ALL,11.07,0.6567164179104478
xfeat_h,ALL,11.08,0.6567164179104478
xfeat_h,ALL,11.09,0.6567164179104478
xfeat_h,ALL,11.1,0.6567164179104478
xfeat_h,ALL,11.11,0.6567164179104478
xfeat_h,ALL,11.120000000000001,0.6567164179104478
xfeat_h,ALL,11.13,0.6567164179104478
xfeat_h,ALL,11.14,0.6567164179104478
xfeat_h,ALL,11.15,0.6567164179104478
xfeat_h,ALL,11.16,0.6567164179104478
xfeat_h,ALL,11.17,0.6567164179104478
xfeat_h,ALL,11.18,0.664179104477612
xfeat_h,ALL,11.19,0.664179104477612
xfeat_h,ALL,11.200000000000001,0.664179104477612
xfeat_h,ALL,11.21,0.664179104477612
xfeat_h,ALL,11.22,0.664179104477612
xfeat_h,ALL,11.23,0.664179104477612
xfeat_h,ALL,11.24,0.664179104477612
xfeat_h,ALL,11.25,0.664179104477612
xfeat_h,ALL,11.26,0.664179104477612
xfeat_h,ALL,11.27,0.664179104477612
xfeat_h,ALL,11.28,0.664179104477612
xfeat_h,ALL,11.290000000000001,0.664179104477612
xfeat_h,ALL,11.3,0.664179104477612
xfeat_h,ALL,11.31,0.664179104477612
xfeat_h,ALL,11.32,0.664179104477612
xfeat_h,ALL,11.33,0.664179104477612
xfeat_h,ALL,11.34,0.664179104477612
xfeat_h,ALL,11.35,0.664179104477612
xfeat_h,ALL,11.36,0.664179104477612
xfeat_h,ALL,11.370000000000001,0.664179104477612
xfeat_h,ALL,11.38,0.664179104477612
xfeat_h,ALL,11.39,0.664179104477612
xfeat_h,ALL,11.4,0.664179104477612
xfeat_h,ALL,11.41,0.664179104477612
xfeat_h,ALL,11.42,0.664179104477612
xfeat_h,ALL,11.43,0.664179104477612
xfeat_h,ALL,11.44,0.664179104477612
xfeat_h,ALL,11.450000000000001,0.664179104477612
xfeat_h,ALL,11.46,0.664179104477612
xfeat_h,ALL,11.47,0.664179104477612
xfeat_h,ALL,11.48,0.664179104477612
xfeat_h,ALL,11.49,0.664179104477612
xfeat_h,ALL,11.5,0.664179104477612
xfeat_h,ALL,11.51,0.664179104477612
xfeat_h,ALL,11.52,0.664179104477612
xfeat_h,ALL,11.53,0.664179104477612
xfeat_h,ALL,11.540000000000001,0.664179104477612
xfeat_h,ALL,11.55,0.664179104477612
xfeat_h,ALL,11.56,0.664179104477612
xfeat_h,ALL,11.57,0.664179104477612
xfeat_h,ALL,11.58,0.664179104477612
xfeat_h,ALL,11.59,0.664179104477612
xfeat_h,ALL,11.6,0.664179104477612
xfeat_h,ALL,11.61,0.664179104477612
xfeat_h,ALL,11.620000000000001,0.664179104477612
xfeat_h,ALL,11.63,0.664179104477612
xfeat_h,ALL,11.64,0.664179104477612
xfeat_h,ALL,11.65,0.664179104477612
xfeat_h,ALL,11.66,0.664179104477612
xfeat_h,ALL,11.67,0.664179104477612
xfeat_h,ALL,11.68,0.664179104477612
xfeat_h,ALL,11.69,0.664179104477612
xfeat_h,ALL,11.700000000000001,0.664179104477612
xfeat_h,ALL,11.71,0.664179104477612
xfeat_h,ALL,11.72,0.664179104477612
xfeat_h,ALL,11.73,0.6716417910447762
xfeat_h,ALL,11.74,0.6716417910447762
xfeat_h,ALL,11.75,0.6716417910447762
xfeat_h,ALL,11.76,0.6716417910447762
xfeat_h,ALL,11.77,0.6716417910447762
xfeat_h,ALL,11.78,0.6716417910447762
xfeat_h,ALL,11.790000000000001,0.6716417910447762
xfeat_h,ALL,11.8,0.6716417910447762
xfeat_h,ALL,11.81,0.6716417910447762
xfeat_h,ALL,11.82,0.6716417910447762
xfeat_h,ALL,11.83,0.6716417910447762
xfeat_h,ALL,11.84,0.6716417910447762
xfeat_h,ALL,11.85,0.6716417910447762
xfeat_h,ALL,11.86,0.6716417910447762
xfeat_h,ALL,11.870000000000001,0.6716417910447762
xfeat_h,ALL,11.88,0.6716417910447762
xfeat_h,ALL,11.89,0.6716417910447762
xfeat_h,ALL,11.9,0.6716417910447762
xfeat_h,ALL,11.91,0.6716417910447762
xfeat_h,ALL,11.92,0.6716417910447762
xfeat_h,ALL,11.93,0.6716417910447762
xfeat_h,ALL,11.94,0.6716417910447762
xfeat_h,ALL,11.950000000000001,0.6716417910447762
xfeat_h,ALL,11.96,0.6716417910447762
xfeat_h,ALL,11.97,0.6716417910447762
xfeat_h,ALL,11.98,0.6716417910447762
xfeat_h,ALL,11.99,0.6716417910447762
xfeat_h,ALL,12.0,0.6716417910447762
xfeat_h,ALL,12.01,0.6716417910447762
xfeat_h,ALL,12.02,0.6716417910447762
xfeat_h,ALL,12.030000000000001,0.6716417910447762
xfeat_h,ALL,12.040000000000001,0.6716417910447762
xfeat_h,ALL,12.05,0.6716417910447762
xfeat_h,ALL,12.06,0.6716417910447762
xfeat_h,ALL,12.07,0.6716417910447762
xfeat_h,ALL,12.08,0.6716417910447762
xfeat_h,ALL,12.09,0.6716417910447762
xfeat_h,ALL,12.1,0.6716417910447762
xfeat_h,ALL,12.11,0.6716417910447762
xfeat_h,ALL,12.120000000000001,0.6716417910447762
xfeat_h,ALL,12.13,0.6716417910447762
xfeat_h,ALL,12.14,0.6716417910447762
xfeat_h,ALL,12.15,0.6716417910447762
xfeat_h,ALL,12.16,0.6716417910447762
xfeat_h,ALL,12.17,0.6716417910447762
xfeat_h,ALL,12.18,0.6716417910447762
xfeat_h,ALL,12.19,0.6716417910447762
xfeat_h,ALL,12.200000000000001,0.6716417910447762
xfeat_h,ALL,12.21,0.6716417910447762
xfeat_h,ALL,12.22,0.6716417910447762
xfeat_h,ALL,12.23,0.6716417910447762
xfeat_h,ALL,12.24,0.6716417910447762
xfeat_h,ALL,12.25,0.6716417910447762
xfeat_h,ALL,12.26,0.6716417910447762
xfeat_h,ALL,12.27,0.6716417910447762
xfeat_h,ALL,12.280000000000001,0.6716417910447762
xfeat_h,ALL,12.290000000000001,0.6716417910447762
xfeat_h,ALL,12.3,0.6716417910447762
xfeat_h,ALL,12.31,0.6716417910447762
xfeat_h,ALL,12.32,0.6716417910447762
xfeat_h,ALL,12.33,0.6791044776119403
xfeat_h,ALL,12.34,0.6791044776119403
xfeat_h,ALL,12.35,0.6791044776119403
xfeat_h,ALL,12.36,0.6791044776119403
xfeat_h,ALL,12.370000000000001,0.6791044776119403
xfeat_h,ALL,12.38,0.6791044776119403
xfeat_h,ALL,12.39,0.6791044776119403
xfeat_h,ALL,12.4,0.6791044776119403
xfeat_h,ALL,12.41,0.6791044776119403
xfeat_h,ALL,12.42,0.6791044776119403
xfeat_h,ALL,12.43,0.6791044776119403
xfeat_h,ALL,12.44,0.6791044776119403
xfeat_h,ALL,12.450000000000001,0.6791044776119403
xfeat_h,ALL,12.46,0.6791044776119403
xfeat_h,ALL,12.47,0.6791044776119403
xfeat_h,ALL,12.48,0.6791044776119403
xfeat_h,ALL,12.49,0.6791044776119403
xfeat_h,ALL,12.5,0.6791044776119403
xfeat_h,ALL,12.51,0.6791044776119403
xfeat_h,ALL,12.52,0.6791044776119403
xfeat_h,ALL,12.530000000000001,0.6791044776119403
xfeat_h,ALL,12.540000000000001,0.6791044776119403
xfeat_h,ALL,12.55,0.6791044776119403
xfeat_h,ALL,12.56,0.6791044776119403
xfeat_h,ALL,12.57,0.6791044776119403
xfeat_h,ALL,12.58,0.6791044776119403
xfeat_h,ALL,12.59,0.6791044776119403
xfeat_h,ALL,12.6,0.6791044776119403
xfeat_h,ALL,12.61,0.6791044776119403
xfeat_h,ALL,12.620000000000001,0.6791044776119403
xfeat_h,ALL,12.63,0.6791044776119403
xfeat_h,ALL,12.64,0.6791044776119403
xfeat_h,ALL,12.65,0.6791044776119403
xfeat_h,ALL,12.66,0.6791044776119403
xfeat_h,ALL,12.67,0.6791044776119403
xfeat_h,ALL,12.68,0.6791044776119403
xfeat_h,ALL,12.69,0.6865671641791045
xfeat_h,ALL,12.700000000000001,0.6865671641791045
xfeat_h,ALL,12.71,0.6865671641791045
xfeat_h,ALL,12.72,0.6865671641791045
xfeat_h,ALL,12.73,0.6865671641791045
xfeat_h,ALL,12.74,0.6865671641791045
xfeat_h,ALL,12.75,0.6865671641791045
xfeat_h,ALL,12.76,0.6865671641791045
xfeat_h,ALL,12.77,0.6865671641791045
xfeat_h,ALL,12.780000000000001,0.6865671641791045
xfeat_h,ALL,12.790000000000001,0.6865671641791045
xfeat_h,ALL,12.8,0.6865671641791045
xfeat_h,ALL,12.81,0.6865671641791045
xfeat_h,ALL,12.82,0.6865671641791045
xfeat_h,ALL,12.83,0.6865671641791045
xfeat_h,ALL,12.84,0.6865671641791045
xfeat_h,ALL,12.85,0.6940298507462687
xfeat_h,ALL,12.86,0.6940298507462687
xfeat_h,ALL,12.870000000000001,0.6940298507462687
xfeat_h,ALL,12.88,0.6940298507462687
xfeat_h,ALL,12.89,0.6940298507462687
xfeat_h,ALL,12.9,0.6940298507462687
xfeat_h,ALL,12.91,0.6940298507462687
xfeat_h,ALL,12.92,0.6940298507462687
xfeat_h,ALL,12.93,0.6940298507462687
xfeat_h,ALL,12.94,0.6940298507462687
xfeat_h,ALL,12.950000000000001,0.6940298507462687
xfeat_h,ALL,12.96,0.6940298507462687
xfeat_h,ALL,12.97,0.6940298507462687
xfeat_h,ALL,12.98,0.6940298507462687
xfeat_h,ALL,12.99,0.6940298507462687
xfeat_h,ALL,13.0,0.6940298507462687
xfeat_h,ALL,13.01,0.6940298507462687
xfeat_h,ALL,13.02,0.6940298507462687
xfeat_h,ALL,13.030000000000001,0.6940298507462687
xfeat_h,ALL,13.040000000000001,0.6940298507462687
xfeat_h,ALL,13.05,0.6940298507462687
xfeat_h,ALL,13.06,0.6940298507462687
xfeat_h,ALL,13.07,0.6940298507462687
xfeat_h,ALL,13.08,0.6940298507462687
xfeat_h,ALL,13.09,0.6940298507462687
xfeat_h,ALL,13.1,0.6940298507462687
xfeat_h,ALL,13.11,0.6940298507462687
xfeat_h,ALL,13.120000000000001,0.6940298507462687
xfeat_h,ALL,13.13,0.6940298507462687
xfeat_h,ALL,13.14,0.6940298507462687
xfeat_h,ALL,13.15,0.6940298507462687
xfeat_h,ALL,13.16,0.6940298507462687
xfeat_h,ALL,13.17,0.6940298507462687
xfeat_h,ALL,13.18,0.6940298507462687
xfeat_h,ALL,13.19,0.6940298507462687
xfeat_h,ALL,13.200000000000001,0.6940298507462687
xfeat_h,ALL,13.21,0.6940298507462687
xfeat_h,ALL,13.22,0.6940298507462687
xfeat_h,ALL,13.23,0.6940298507462687
xfeat_h,ALL,13.24,0.6940298507462687
xfeat_h,ALL,13.25,0.6940298507462687
xfeat_h,ALL,13.26,0.6940298507462687
xfeat_h,ALL,13.27,0.6940298507462687
xfeat_h,ALL,13.280000000000001,0.6940298507462687
xfeat_h,ALL,13.290000000000001,0.6940298507462687
xfeat_h,ALL,13.3,0.6940298507462687
xfeat_h,ALL,13.31,0.6940298507462687
xfeat_h,ALL,13.32,0.6940298507462687
xfeat_h,ALL,13.33,0.6940298507462687
xfeat_h,ALL,13.34,0.6940298507462687
xfeat_h,ALL,13.35,0.6940298507462687
xfeat_h,ALL,13.36,0.6940298507462687
xfeat_h,ALL,13.370000000000001,0.6940298507462687
xfeat_h,ALL,13.38,0.6940298507462687
xfeat_h,ALL,13.39,0.6940298507462687
xfeat_h,ALL,13.4,0.6940298507462687
xfeat_h,ALL,13.41,0.6940298507462687
xfeat_h,ALL,13.42,0.6940298507462687
xfeat_h,ALL,13.43,0.6940298507462687
xfeat_h,ALL,13.44,0.6940298507462687
xfeat_h,ALL,13.450000000000001,0.6940298507462687
xfeat_h,ALL,13.46,0.6940298507462687
xfeat_h,ALL,13.47,0.6940298507462687
xfeat_h,ALL,13.48,0.6940298507462687
xfeat_h,ALL,13.49,0.6940298507462687
xfeat_h,ALL,13.5,0.6940298507462687
xfeat_h,ALL,13.51,0.6940298507462687
xfeat_h,ALL,13.52,0.6940298507462687
xfeat_h,ALL,13.530000000000001,0.6940298507462687
xfeat_h,ALL,13.540000000000001,0.6940298507462687
xfeat_h,ALL,13.55,0.6940298507462687
xfeat_h,ALL,13.56,0.6940298507462687
xfeat_h,ALL,13.57,0.6940298507462687
xfeat_h,ALL,13.58,0.6940298507462687
xfeat_h,ALL,13.59,0.6940298507462687
xfeat_h,ALL,13.6,0.6940298507462687
xfeat_h,ALL,13.61,0.6940298507462687
xfeat_h,ALL,13.620000000000001,0.6940298507462687
xfeat_h,ALL,13.63,0.6940298507462687
xfeat_h,ALL,13.64,0.6940298507462687
xfeat_h,ALL,13.65,0.6940298507462687
xfeat_h,ALL,13.66,0.6940298507462687
xfeat_h,ALL,13.67,0.6940298507462687
xfeat_h,ALL,13.68,0.6940298507462687
xfeat_h,ALL,13.69,0.6940298507462687
xfeat_h,ALL,13.700000000000001,0.6940298507462687
xfeat_h,ALL,13.71,0.6940298507462687
xfeat_h,ALL,13.72,0.6940298507462687
xfeat_h,ALL,13.73,0.6940298507462687
xfeat_h,ALL,13.74,0.6940298507462687
xfeat_h,ALL,13.75,0.6940298507462687
xfeat_h,ALL,13.76,0.6940298507462687
xfeat_h,ALL,13.77,0.6940298507462687
xfeat_h,ALL,13.780000000000001,0.6940298507462687
xfeat_h,ALL,13.790000000000001,0.6940298507462687
xfeat_h,ALL,13.8,0.6940298507462687
xfeat_h,ALL,13.81,0.6940298507462687
xfeat_h,ALL,13.82,0.6940298507462687
xfeat_h,ALL,13.83,0.6940298507462687
xfeat_h,ALL,13.84,0.6940298507462687
xfeat_h,ALL,13.85,0.6940298507462687
xfeat_h,ALL,13.86,0.6940298507462687
xfeat_h,ALL,13.870000000000001,0.6940298507462687
xfeat_h,ALL,13.88,0.6940298507462687
xfeat_h,ALL,13.89,0.6940298507462687
xfeat_h,ALL,13.9,0.6940298507462687
xfeat_h,ALL,13.91,0.6940298507462687
xfeat_h,ALL,13.92,0.6940298507462687
xfeat_h,ALL,13.93,0.6940298507462687
xfeat_h,ALL,13.94,0.6940298507462687
xfeat_h,ALL,13.950000000000001,0.6940298507462687
xfeat_h,ALL,13.96,0.6940298507462687
xfeat_h,ALL,13.97,0.6940298507462687
xfeat_h,ALL,13.98,0.6940298507462687
xfeat_h,ALL,13.99,0.6940298507462687
xfeat_h,ALL,14.0,0.6940298507462687
xfeat_h,ALL,14.01,0.6940298507462687
xfeat_h,ALL,14.02,0.6940298507462687
xfeat_h,ALL,14.030000000000001,0.6940298507462687
xfeat_h,ALL,14.040000000000001,0.6940298507462687
xfeat_h,ALL,14.05,0.6940298507462687
xfeat_h,ALL,14.06,0.6940298507462687
xfeat_h,ALL,14.07,0.6940298507462687
xfeat_h,ALL,14.08,0.6940298507462687
xfeat_h,ALL,14.09,0.6940298507462687
xfeat_h,ALL,14.1,0.6940298507462687
xfeat_h,ALL,14.11,0.6940298507462687
xfeat_h,ALL,14.120000000000001,0.6940298507462687
xfeat_h,ALL,14.13,0.6940298507462687
xfeat_h,ALL,14.14,0.6940298507462687
xfeat_h,ALL,14.15,0.6940298507462687
xfeat_h,ALL,14.16,0.6940298507462687
xfeat_h,ALL,14.17,0.6940298507462687
xfeat_h,ALL,14.18,0.6940298507462687
xfeat_h,ALL,14.19,0.6940298507462687
xfeat_h,ALL,14.200000000000001,0.6940298507462687
xfeat_h,ALL,14.21,0.6940298507462687
xfeat_h,ALL,14.22,0.6940298507462687
xfeat_h,ALL,14.23,0.6940298507462687
xfeat_h,ALL,14.24,0.6940298507462687
xfeat_h,ALL,14.25,0.6940298507462687
xfeat_h,ALL,14.26,0.6940298507462687
xfeat_h,ALL,14.27,0.6940298507462687
xfeat_h,ALL,14.280000000000001,0.6940298507462687
xfeat_h,ALL,14.290000000000001,0.6940298507462687
xfeat_h,ALL,14.3,0.6940298507462687
xfeat_h,ALL,14.31,0.6940298507462687
xfeat_h,ALL,14.32,0.6940298507462687
xfeat_h,ALL,14.33,0.6940298507462687
xfeat_h,ALL,14.34,0.6940298507462687
xfeat_h,ALL,14.35,0.6940298507462687
xfeat_h,ALL,14.36,0.6940298507462687
xfeat_h,ALL,14.370000000000001,0.6940298507462687
xfeat_h,ALL,14.38,0.6940298507462687
xfeat_h,ALL,14.39,0.6940298507462687
xfeat_h,ALL,14.4,0.6940298507462687
xfeat_h,ALL,14.41,0.6940298507462687
xfeat_h,ALL,14.42,0.6940298507462687
xfeat_h,ALL,14.43,0.6940298507462687
xfeat_h,ALL,14.44,0.6940298507462687
xfeat_h,ALL,14.450000000000001,0.6940298507462687
xfeat_h,ALL,14.46,0.6940298507462687
xfeat_h,ALL,14.47,0.6940298507462687
xfeat_h,ALL,14.48,0.6940298507462687
xfeat_h,ALL,14.49,0.6940298507462687
xfeat_h,ALL,14.5,0.6940298507462687
xfeat_h,ALL,14.51,0.6940298507462687
xfeat_h,ALL,14.52,0.6940298507462687
xfeat_h,ALL,14.530000000000001,0.6940298507462687
xfeat_h,ALL,14.540000000000001,0.6940298507462687
xfeat_h,ALL,14.55,0.6940298507462687
xfeat_h,ALL,14.56,0.6940298507462687
xfeat_h,ALL,14.57,0.6940298507462687
xfeat_h,ALL,14.58,0.6940298507462687
xfeat_h,ALL,14.59,0.6940298507462687
xfeat_h,ALL,14.6,0.6940298507462687
xfeat_h,ALL,14.61,0.6940298507462687
xfeat_h,ALL,14.620000000000001,0.6940298507462687
xfeat_h,ALL,14.63,0.6940298507462687
xfeat_h,ALL,14.64,0.6940298507462687
xfeat_h,ALL,14.65,0.6940298507462687
xfeat_h,ALL,14.66,0.6940298507462687
xfeat_h,ALL,14.67,0.6940298507462687
xfeat_h,ALL,14.68,0.7014925373134329
xfeat_h,ALL,14.69,0.7014925373134329
xfeat_h,ALL,14.700000000000001,0.7014925373134329
xfeat_h,ALL,14.71,0.7014925373134329
xfeat_h,ALL,14.72,0.7014925373134329
xfeat_h,ALL,14.73,0.7014925373134329
xfeat_h,ALL,14.74,0.7014925373134329
xfeat_h,ALL,14.75,0.7014925373134329
xfeat_h,ALL,14.76,0.7014925373134329
xfeat_h,ALL,14.77,0.7014925373134329
xfeat_h,ALL,14.780000000000001,0.7014925373134329
xfeat_h,ALL,14.790000000000001,0.7014925373134329
xfeat_h,ALL,14.8,0.7014925373134329
xfeat_h,ALL,14.81,0.7014925373134329
xfeat_h,ALL,14.82,0.7014925373134329
xfeat_h,ALL,14.83,0.7014925373134329
xfeat_h,ALL,14.84,0.7014925373134329
xfeat_h,ALL,14.85,0.7089552238805971
xfeat_h,ALL,14.86,0.7089552238805971
xfeat_h,ALL,14.870000000000001,0.7089552238805971
xfeat_h,ALL,14.88,0.7089552238805971
xfeat_h,ALL,14.89,0.7089552238805971
xfeat_h,ALL,14.9,0.7089552238805971
xfeat_h,ALL,14.91,0.7089552238805971
xfeat_h,ALL,14.92,0.7089552238805971
xfeat_h,ALL,14.93,0.7089552238805971
xfeat_h,ALL,14.94,0.7089552238805971
xfeat_h,ALL,14.950000000000001,0.7089552238805971
xfeat_h,ALL,14.96,0.7089552238805971
xfeat_h,ALL,14.97,0.7089552238805971
xfeat_h,ALL,14.98,0.7089552238805971
xfeat_h,ALL,14.99,0.7089552238805971
xfeat_h,ALL,15.0,0.7089552238805971
xfeat_h,ALL,15.01,0.7089552238805971
xfeat_h,ALL,15.02,0.7089552238805971
xfeat_h,ALL,15.030000000000001,0.7089552238805971
xfeat_h,ALL,15.040000000000001,0.7089552238805971
xfeat_h,ALL,15.05,0.7089552238805971
xfeat_h,ALL,15.06,0.7089552238805971
xfeat_h,ALL,15.07,0.7089552238805971
xfeat_h,ALL,15.08,0.7089552238805971
xfeat_h,ALL,15.09,0.7089552238805971
xfeat_h,ALL,15.1,0.7089552238805971
xfeat_h,ALL,15.11,0.7089552238805971
xfeat_h,ALL,15.120000000000001,0.7089552238805971
xfeat_h,ALL,15.13,0.7089552238805971
xfeat_h,ALL,15.14,0.7089552238805971
xfeat_h,ALL,15.15,0.7089552238805971
xfeat_h,ALL,15.16,0.7089552238805971
xfeat_h,ALL,15.17,0.7089552238805971
xfeat_h,ALL,15.18,0.7089552238805971
xfeat_h,ALL,15.19,0.7089552238805971
xfeat_h,ALL,15.200000000000001,0.7089552238805971
xfeat_h,ALL,15.21,0.7089552238805971
xfeat_h,ALL,15.22,0.7089552238805971
xfeat_h,ALL,15.23,0.7089552238805971
xfeat_h,ALL,15.24,0.7089552238805971
xfeat_h,ALL,15.25,0.7089552238805971
xfeat_h,ALL,15.26,0.7089552238805971
xfeat_h,ALL,15.27,0.7089552238805971
xfeat_h,ALL,15.280000000000001,0.7089552238805971
xfeat_h,ALL,15.290000000000001,0.7089552238805971
xfeat_h,ALL,15.3,0.7089552238805971
xfeat_h,ALL,15.31,0.7089552238805971
xfeat_h,ALL,15.32,0.7089552238805971
xfeat_h,ALL,15.33,0.7089552238805971
xfeat_h,ALL,15.34,0.7089552238805971
xfeat_h,ALL,15.35,0.7089552238805971
xfeat_h,ALL,15.36,0.7089552238805971
xfeat_h,ALL,15.370000000000001,0.7089552238805971
xfeat_h,ALL,15.38,0.7089552238805971
xfeat_h,ALL,15.39,0.7089552238805971
xfeat_h,ALL,15.4,0.7089552238805971
xfeat_h,ALL,15.41,0.7089552238805971
xfeat_h,ALL,15.42,0.7089552238805971
xfeat_h,ALL,15.43,0.7089552238805971
xfeat_h,ALL,15.44,0.7089552238805971
xfeat_h,ALL,15.450000000000001,0.7089552238805971
xfeat_h,ALL,15.46,0.7089552238805971
xfeat_h,ALL,15.47,0.7089552238805971
xfeat_h,ALL,15.48,0.7089552238805971
xfeat_h,ALL,15.49,0.7089552238805971
xfeat_h,ALL,15.5,0.7089552238805971
xfeat_h,ALL,15.51,0.7089552238805971
xfeat_h,ALL,15.52,0.7089552238805971
xfeat_h,ALL,15.530000000000001,0.7089552238805971
xfeat_h,ALL,15.540000000000001,0.7089552238805971
xfeat_h,ALL,15.55,0.7089552238805971
xfeat_h,ALL,15.56,0.7089552238805971
xfeat_h,ALL,15.57,0.7089552238805971
xfeat_h,ALL,15.58,0.7089552238805971
xfeat_h,ALL,15.59,0.7089552238805971
xfeat_h,ALL,15.6,0.7089552238805971
xfeat_h,ALL,15.610000000000001,0.7089552238805971
xfeat_h,ALL,15.620000000000001,0.7089552238805971
xfeat_h,ALL,15.63,0.7089552238805971
xfeat_h,ALL,15.64,0.7089552238805971
xfeat_h,ALL,15.65,0.7089552238805971
xfeat_h,ALL,15.66,0.7089552238805971
xfeat_h,ALL,15.67,0.7089552238805971
xfeat_h,ALL,15.68,0.7089552238805971
xfeat_h,ALL,15.69,0.7089552238805971
xfeat_h,ALL,15.700000000000001,0.7089552238805971
xfeat_h,ALL,15.71,0.7089552238805971
xfeat_h,ALL,15.72,0.7089552238805971
xfeat_h,ALL,15.73,0.7164179104477612
xfeat_h,ALL,15.74,0.7164179104477612
xfeat_h,ALL,15.75,0.7164179104477612
xfeat_h,ALL,15.76,0.7164179104477612
xfeat_h,ALL,15.77,0.7164179104477612
xfeat_h,ALL,15.780000000000001,0.7164179104477612
xfeat_h,ALL,15.790000000000001,0.7164179104477612
xfeat_h,ALL,15.8,0.7164179104477612
xfeat_h,ALL,15.81,0.7164179104477612
xfeat_h,ALL,15.82,0.7164179104477612
xfeat_h,ALL,15.83,0.7164179104477612
xfeat_h,ALL,15.84,0.7164179104477612
xfeat_h,ALL,15.85,0.7164179104477612
xfeat_h,ALL,15.860000000000001,0.7164179104477612
xfeat_h,ALL,15.870000000000001,0.7164179104477612
xfeat_h,ALL,15.88,0.7164179104477612
xfeat_h,ALL,15.89,0.7164179104477612
xfeat_h,ALL,15.9,0.7164179104477612
xfeat_h,ALL,15.91,0.7164179104477612
xfeat_h,ALL,15.92,0.7164179104477612
xfeat_h,ALL,15.93,0.7164179104477612
xfeat_h,ALL,15.94,0.7164179104477612
xfeat_h,ALL,15.950000000000001,0.7238805970149254
xfeat_h,ALL,15.96,0.7238805970149254
xfeat_h,ALL,15.97,0.7238805970149254
xfeat_h,ALL,15.98,0.7238805970149254
xfeat_h,ALL,15.99,0.7238805970149254
xfeat_h,ALL,16.0,0.7238805970149254
xfeat_h,ALL,16.01,0.7238805970149254
xfeat_h,ALL,16.02,0.7238805970149254
xfeat_h,ALL,16.03,0.7238805970149254
xfeat_h,ALL,16.04,0.7238805970149254
xfeat_h,ALL,16.05,0.7238805970149254
xfeat_h,ALL,16.06,0.7238805970149254
xfeat_h,ALL,16.07,0.7238805970149254
xfeat_h,ALL,16.080000000000002,0.7238805970149254
xfeat_h,ALL,16.09,0.7238805970149254
xfeat_h,ALL,16.1,0.7238805970149254
xfeat_h,ALL,16.11,0.7238805970149254
xfeat_h,ALL,16.12,0.7238805970149254
xfeat_h,ALL,16.13,0.7238805970149254
xfeat_h,ALL,16.14,0.7313432835820896
xfeat_h,ALL,16.15,0.7313432835820896
xfeat_h,ALL,16.16,0.7313432835820896
xfeat_h,ALL,16.17,0.7313432835820896
xfeat_h,ALL,16.18,0.7313432835820896
xfeat_h,ALL,16.19,0.7313432835820896
xfeat_h,ALL,16.2,0.7313432835820896
xfeat_h,ALL,16.21,0.7313432835820896
xfeat_h,ALL,16.22,0.7388059701492538
xfeat_h,ALL,16.23,0.7388059701492538
xfeat_h,ALL,16.240000000000002,0.7388059701492538
xfeat_h,ALL,16.25,0.7388059701492538
xfeat_h,ALL,16.26,0.7388059701492538
xfeat_h,ALL,16.27,0.7388059701492538
xfeat_h,ALL,16.28,0.7388059701492538
xfeat_h,ALL,16.29,0.7388059701492538
xfeat_h,ALL,16.3,0.7388059701492538
xfeat_h,ALL,16.31,0.7388059701492538
xfeat_h,ALL,16.32,0.7388059701492538
xfeat_h,ALL,16.330000000000002,0.7388059701492538
xfeat_h,ALL,16.34,0.7388059701492538
xfeat_h,ALL,16.35,0.7388059701492538
xfeat_h,ALL,16.36,0.7388059701492538
xfeat_h,ALL,16.37,0.7388059701492538
xfeat_h,ALL,16.38,0.746268656716418
xfeat_h,ALL,16.39,0.746268656716418
xfeat_h,ALL,16.4,0.746268656716418
xfeat_h,ALL,16.41,0.746268656716418
xfeat_h,ALL,16.42,0.746268656716418
xfeat_h,ALL,16.43,0.746268656716418
xfeat_h,ALL,16.44,0.746268656716418
xfeat_h,ALL,16.45,0.746268656716418
xfeat_h,ALL,16.46,0.746268656716418
xfeat_h,ALL,16.47,0.746268656716418
xfeat_h,ALL,16.48,0.746268656716418
xfeat_h,ALL,16.490000000000002,0.746268656716418
xfeat_h,ALL,16.5,0.746268656716418
xfeat_h,ALL,16.51,0.746268656716418
xfeat_h,ALL,16.52,0.746268656716418
xfeat_h,ALL,16.53,0.746268656716418
xfeat_h,ALL,16.54,0.746268656716418
xfeat_h,ALL,16.55,0.746268656716418
xfeat_h,ALL,16.56,0.746268656716418
xfeat_h,ALL,16.57,0.746268656716418
xfeat_h,ALL,16.580000000000002,0.746268656716418
xfeat_h,ALL,16.59,0.746268656716418
xfeat_h,ALL,16.6,0.746268656716418
xfeat_h,ALL,16.61,0.746268656716418
xfeat_h,ALL,16.62,0.746268656716418
xfeat_h,ALL,16.63,0.746268656716418
xfeat_h,ALL,16.64,0.746268656716418
xfeat_h,ALL,16.65,0.746268656716418
xfeat_h,ALL,16.66,0.746268656716418
xfeat_h,ALL,16.67,0.746268656716418
xfeat_h,ALL,16.68,0.746268656716418
xfeat_h,ALL,16.69,0.746268656716418
xfeat_h,ALL,16.7,0.746268656716418
xfeat_h,ALL,16.71,0.746268656716418
xfeat_h,ALL,16.72,0.746268656716418
xfeat_h,ALL,16.73,0.746268656716418
xfeat_h,ALL,16.740000000000002,0.746268656716418
xfeat_h,ALL,16.75,0.746268656716418
xfeat_h,ALL,16.76,0.746268656716418
xfeat_h,ALL,16.77,0.746268656716418
xfeat_h,ALL,16.78,0.746268656716418
xfeat_h,ALL,16.79,0.746268656716418
xfeat_h,ALL,16.8,0.746268656716418
xfeat_h,ALL,16.81,0.746268656716418
xfeat_h,ALL,16.82,0.746268656716418
xfeat_h,ALL,16.830000000000002,0.746268656716418
xfeat_h,ALL,16.84,0.746268656716418
xfeat_h,ALL,16.85,0.746268656716418
xfeat_h,ALL,16.86,0.746268656716418
xfeat_h,ALL,16.87,0.746268656716418
xfeat_h,ALL,16.88,0.746268656716418
xfeat_h,ALL,16.89,0.746268656716418
xfeat_h,ALL,16.9,0.746268656716418
xfeat_h,ALL,16.91,0.746268656716418
xfeat_h,ALL,16.92,0.746268656716418
xfeat_h,ALL,16.93,0.746268656716418
xfeat_h,ALL,16.94,0.746268656716418
xfeat_h,ALL,16.95,0.746268656716418
xfeat_h,ALL,16.96,0.746268656716418
xfeat_h,ALL,16.97,0.746268656716418
xfeat_h,ALL,16.98,0.746268656716418
xfeat_h,ALL,16.990000000000002,0.746268656716418
xfeat_h,ALL,17.0,0.746268656716418
xfeat_h,ALL,17.01,0.746268656716418
xfeat_h,ALL,17.02,0.746268656716418
xfeat_h,ALL,17.03,0.746268656716418
xfeat_h,ALL,17.04,0.746268656716418
xfeat_h,ALL,17.05,0.746268656716418
xfeat_h,ALL,17.06,0.746268656716418
xfeat_h,ALL,17.07,0.746268656716418
xfeat_h,ALL,17.080000000000002,0.746268656716418
xfeat_h,ALL,17.09,0.746268656716418
xfeat_h,ALL,17.1,0.746268656716418
xfeat_h,ALL,17.11,0.746268656716418
xfeat_h,ALL,17.12,0.746268656716418
xfeat_h,ALL,17.13,0.746268656716418
xfeat_h,ALL,17.14,0.746268656716418
xfeat_h,ALL,17.150000000000002,0.746268656716418
xfeat_h,ALL,17.16,0.746268656716418
xfeat_h,ALL,17.17,0.746268656716418
xfeat_h,ALL,17.18,0.746268656716418
xfeat_h,ALL,17.19,0.746268656716418
xfeat_h,ALL,17.2,0.746268656716418
xfeat_h,ALL,17.21,0.746268656716418
xfeat_h,ALL,17.22,0.746268656716418
xfeat_h,ALL,17.23,0.746268656716418
xfeat_h,ALL,17.240000000000002,0.746268656716418
xfeat_h,ALL,17.25,0.753731343283582
xfeat_h,ALL,17.26,0.753731343283582
xfeat_h,ALL,17.27,0.753731343283582
xfeat_h,ALL,17.28,0.753731343283582
xfeat_h,ALL,17.29,0.753731343283582
xfeat_h,ALL,17.3,0.753731343283582
xfeat_h,ALL,17.31,0.753731343283582
xfeat_h,ALL,17.32,0.753731343283582
xfeat_h,ALL,17.330000000000002,0.753731343283582
xfeat_h,ALL,17.34,0.753731343283582
xfeat_h,ALL,17.35,0.753731343283582
xfeat_h,ALL,17.36,0.753731343283582
xfeat_h,ALL,17.37,0.753731343283582
xfeat_h,ALL,17.38,0.753731343283582
xfeat_h,ALL,17.39,0.753731343283582
xfeat_h,ALL,17.400000000000002,0.753731343283582
xfeat_h,ALL,17.41,0.753731343283582
xfeat_h,ALL,17.42,0.753731343283582
xfeat_h,ALL,17.43,0.753731343283582
xfeat_h,ALL,17.44,0.753731343283582
xfeat_h,ALL,17.45,0.753731343283582
xfeat_h,ALL,17.46,0.753731343283582
xfeat_h,ALL,17.47,0.753731343283582
xfeat_h,ALL,17.48,0.753731343283582
xfeat_h,ALL,17.490000000000002,0.753731343283582
xfeat_h,ALL,17.5,0.753731343283582
xfeat_h,ALL,17.51,0.753731343283582
xfeat_h,ALL,17.52,0.753731343283582
xfeat_h,ALL,17.53,0.753731343283582
xfeat_h,ALL,17.54,0.753731343283582
xfeat_h,ALL,17.55,0.753731343283582
xfeat_h,ALL,17.56,0.753731343283582
xfeat_h,ALL,17.57,0.753731343283582
xfeat_h,ALL,17.580000000000002,0.753731343283582
xfeat_h,ALL,17.59,0.753731343283582
xfeat_h,ALL,17.6,0.753731343283582
xfeat_h,ALL,17.61,0.753731343283582
xfeat_h,ALL,17.62,0.753731343283582
xfeat_h,ALL,17.63,0.753731343283582
xfeat_h,ALL,17.64,0.753731343283582
xfeat_h,ALL,17.650000000000002,0.753731343283582
xfeat_h,ALL,17.66,0.753731343283582
xfeat_h,ALL,17.67,0.753731343283582
xfeat_h,ALL,17.68,0.753731343283582
xfeat_h,ALL,17.69,0.753731343283582
xfeat_h,ALL,17.7,0.753731343283582
xfeat_h,ALL,17.71,0.753731343283582
xfeat_h,ALL,17.72,0.753731343283582
xfeat_h,ALL,17.73,0.753731343283582
xfeat_h,ALL,17.740000000000002,0.753731343283582
xfeat_h,ALL,17.75,0.753731343283582
xfeat_h,ALL,17.76,0.753731343283582
xfeat_h,ALL,17.77,0.753731343283582
xfeat_h,ALL,17.78,0.753731343283582
xfeat_h,ALL,17.79,0.753731343283582
xfeat_h,ALL,17.8,0.753731343283582
xfeat_h,ALL,17.81,0.753731343283582
xfeat_h,ALL,17.82,0.753731343283582
xfeat_h,ALL,17.830000000000002,0.753731343283582
xfeat_h,ALL,17.84,0.753731343283582
xfeat_h,ALL,17.85,0.753731343283582
xfeat_h,ALL,17.86,0.753731343283582
xfeat_h,ALL,17.87,0.753731343283582
xfeat_h,ALL,17.88,0.753731343283582
xfeat_h,ALL,17.89,0.753731343283582
xfeat_h,ALL,17.900000000000002,0.753731343283582
xfeat_h,ALL,17.91,0.753731343283582
xfeat_h,ALL,17.92,0.753731343283582
xfeat_h,ALL,17.93,0.7611940298507462
xfeat_h,ALL,17.94,0.7611940298507462
xfeat_h,ALL,17.95,0.7611940298507462
xfeat_h,ALL,17.96,0.7611940298507462
xfeat_h,ALL,17.97,0.7611940298507462
xfeat_h,ALL,17.98,0.7611940298507462
xfeat_h,ALL,17.990000000000002,0.7611940298507462
xfeat_h,ALL,18.0,0.7611940298507462
xfeat_h,ALL,18.01,0.7611940298507462
xfeat_h,ALL,18.02,0.7611940298507462
xfeat_h,ALL,18.03,0.7611940298507462
xfeat_h,ALL,18.04,0.7611940298507462
xfeat_h,ALL,18.05,0.7611940298507462
xfeat_h,ALL,18.06,0.7611940298507462
xfeat_h,ALL,18.07,0.7611940298507462
xfeat_h,ALL,18.080000000000002,0.7611940298507462
xfeat_h,ALL,18.09,0.7611940298507462
xfeat_h,ALL,18.1,0.7611940298507462
xfeat_h,ALL,18.11,0.7611940298507462
xfeat_h,ALL,18.12,0.7611940298507462
xfeat_h,ALL,18.13,0.7611940298507462
xfeat_h,ALL,18.14,0.7686567164179104
xfeat_h,ALL,18.150000000000002,0.7686567164179104
xfeat_h,ALL,18.16,0.7686567164179104
xfeat_h,ALL,18.17,0.7686567164179104
xfeat_h,ALL,18.18,0.7686567164179104
xfeat_h,ALL,18.19,0.7686567164179104
xfeat_h,ALL,18.2,0.7686567164179104
xfeat_h,ALL,18.21,0.7686567164179104
xfeat_h,ALL,18.22,0.7686567164179104
xfeat_h,ALL,18.23,0.7686567164179104
xfeat_h,ALL,18.240000000000002,0.7686567164179104
xfeat_h,ALL,18.25,0.7686567164179104
xfeat_h,ALL,18.26,0.7686567164179104
xfeat_h,ALL,18.27,0.7686567164179104
xfeat_h,ALL,18.28,0.7686567164179104
xfeat_h,ALL,18.29,0.7686567164179104
xfeat_h,ALL,18.3,0.7686567164179104
xfeat_h,ALL,18.31,0.7686567164179104
xfeat_h,ALL,18.32,0.7686567164179104
xfeat_h,ALL,18.330000000000002,0.7686567164179104
xfeat_h,ALL,18.34,0.7686567164179104
xfeat_h,ALL,18.35,0.7686567164179104
xfeat_h,ALL,18.36,0.7686567164179104
xfeat_h,ALL,18.37,0.7686567164179104
xfeat_h,ALL,18.38,0.7686567164179104
xfeat_h,ALL,18.39,0.7686567164179104
xfeat_h,ALL,18.400000000000002,0.7686567164179104
xfeat_h,ALL,18.41,0.7686567164179104
xfeat_h,ALL,18.42,0.7686567164179104
xfeat_h,ALL,18.43,0.7761194029850746
xfeat_h,ALL,18.44,0.7761194029850746
xfeat_h,ALL,18.45,0.7761194029850746
xfeat_h,ALL,18.46,0.7761194029850746
xfeat_h,ALL,18.47,0.7761194029850746
xfeat_h,ALL,18.48,0.7761194029850746
xfeat_h,ALL,18.490000000000002,0.7761194029850746
xfeat_h,ALL,18.5,0.7761194029850746
xfeat_h,ALL,18.51,0.7761194029850746
xfeat_h,ALL,18.52,0.7761194029850746
xfeat_h,ALL,18.53,0.7761194029850746
xfeat_h,ALL,18.54,0.7761194029850746
xfeat_h,ALL,18.55,0.7761194029850746
xfeat_h,ALL,18.56,0.7761194029850746
xfeat_h,ALL,18.57,0.7761194029850746
xfeat_h,ALL,18.580000000000002,0.7761194029850746
xfeat_h,ALL,18.59,0.7761194029850746
xfeat_h,ALL,18.6,0.7761194029850746
xfeat_h,ALL,18.61,0.7761194029850746
xfeat_h,ALL,18.62,0.7761194029850746
xfeat_h,ALL,18.63,0.7835820895522388
xfeat_h,ALL,18.64,0.7835820895522388
xfeat_h,ALL,18.650000000000002,0.7835820895522388
xfeat_h,ALL,18.66,0.7835820895522388
xfeat_h,ALL,18.67,0.7835820895522388
xfeat_h,ALL,18.68,0.7835820895522388
xfeat_h,ALL,18.69,0.7835820895522388
xfeat_h,ALL,18.7,0.7835820895522388
xfeat_h,ALL,18.71,0.7835820895522388
xfeat_h,ALL,18.72,0.7910447761194029
xfeat_h,ALL,18.73,0.7910447761194029
xfeat_h,ALL,18.740000000000002,0.7910447761194029
xfeat_h,ALL,18.75,0.7910447761194029
xfeat_h,ALL,18.76,0.7910447761194029
xfeat_h,ALL,18.77,0.7910447761194029
xfeat_h,ALL,18.78,0.7910447761194029
xfeat_h,ALL,18.79,0.7910447761194029
xfeat_h,ALL,18.8,0.7910447761194029
xfeat_h,ALL,18.81,0.7910447761194029
xfeat_h,ALL,18.82,0.7910447761194029
xfeat_h,ALL,18.830000000000002,0.7910447761194029
xfeat_h,ALL,18.84,0.7910447761194029
xfeat_h,ALL,18.85,0.7910447761194029
xfeat_h,ALL,18.86,0.7910447761194029
xfeat_h,ALL,18.87,0.7910447761194029
xfeat_h,ALL,18.88,0.7910447761194029
xfeat_h,ALL,18.89,0.7910447761194029
xfeat_h,ALL,18.900000000000002,0.7910447761194029
xfeat_h,ALL,18.91,0.7910447761194029
xfeat_h,ALL,18.92,0.7910447761194029
xfeat_h,ALL,18.93,0.7910447761194029
xfeat_h,ALL,18.94,0.7910447761194029
xfeat_h,ALL,18.95,0.7910447761194029
xfeat_h,ALL,18.96,0.7910447761194029
xfeat_h,ALL,18.97,0.7910447761194029
xfeat_h,ALL,18.98,0.7910447761194029
xfeat_h,ALL,18.990000000000002,0.7910447761194029
xfeat_h,ALL,19.0,0.7910447761194029
xfeat_h,ALL,19.01,0.7910447761194029
xfeat_h,ALL,19.02,0.7910447761194029
xfeat_h,ALL,19.03,0.7910447761194029
xfeat_h,ALL,19.04,0.7910447761194029
xfeat_h,ALL,19.05,0.7910447761194029
xfeat_h,ALL,19.06,0.7910447761194029
xfeat_h,ALL,19.07,0.7910447761194029
xfeat_h,ALL,19.080000000000002,0.7910447761194029
xfeat_h,ALL,19.09,0.7910447761194029
xfeat_h,ALL,19.1,0.7910447761194029
xfeat_h,ALL,19.11,0.7910447761194029
xfeat_h,ALL,19.12,0.7910447761194029
xfeat_h,ALL,19.13,0.7910447761194029
xfeat_h,ALL,19.14,0.7910447761194029
xfeat_h,ALL,19.150000000000002,0.7910447761194029
xfeat_h,ALL,19.16,0.7910447761194029
xfeat_h,ALL,19.17,0.7910447761194029
xfeat_h,ALL,19.18,0.7910447761194029
xfeat_h,ALL,19.19,0.7910447761194029
xfeat_h,ALL,19.2,0.7910447761194029
xfeat_h,ALL,19.21,0.7910447761194029
xfeat_h,ALL,19.22,0.7910447761194029
xfeat_h,ALL,19.23,0.7910447761194029
xfeat_h,ALL,19.240000000000002,0.7910447761194029
xfeat_h,ALL,19.25,0.7910447761194029
xfeat_h,ALL,19.26,0.7910447761194029
xfeat_h,ALL,19.27,0.7910447761194029
xfeat_h,ALL,19.28,0.7910447761194029
xfeat_h,ALL,19.29,0.7910447761194029
xfeat_h,ALL,19.3,0.7910447761194029
xfeat_h,ALL,19.31,0.7910447761194029
xfeat_h,ALL,19.32,0.7910447761194029
xfeat_h,ALL,19.330000000000002,0.7910447761194029
xfeat_h,ALL,19.34,0.7910447761194029
xfeat_h,ALL,19.35,0.7910447761194029
xfeat_h,ALL,19.36,0.7910447761194029
xfeat_h,ALL,19.37,0.7985074626865671
xfeat_h,ALL,19.38,0.7985074626865671
xfeat_h,ALL,19.39,0.7985074626865671
xfeat_h,ALL,19.400000000000002,0.7985074626865671
xfeat_h,ALL,19.41,0.7985074626865671
xfeat_h,ALL,19.42,0.7985074626865671
xfeat_h,ALL,19.43,0.7985074626865671
xfeat_h,ALL,19.44,0.8059701492537313
xfeat_h,ALL,19.45,0.8059701492537313
xfeat_h,ALL,19.46,0.8059701492537313
xfeat_h,ALL,19.47,0.8059701492537313
xfeat_h,ALL,19.48,0.8059701492537313
xfeat_h,ALL,19.490000000000002,0.8059701492537313
xfeat_h,ALL,19.5,0.8059701492537313
xfeat_h,ALL,19.51,0.8059701492537313
xfeat_h,ALL,19.52,0.8059701492537313
xfeat_h,ALL,19.53,0.8059701492537313
xfeat_h,ALL,19.54,0.8059701492537313
xfeat_h,ALL,19.55,0.8059701492537313
xfeat_h,ALL,19.56,0.8059701492537313
xfeat_h,ALL,19.57,0.8134328358208955
xfeat_h,ALL,19.580000000000002,0.8134328358208955
xfeat_h,ALL,19.59,0.8134328358208955
xfeat_h,ALL,19.6,0.8134328358208955
xfeat_h,ALL,19.61,0.8134328358208955
xfeat_h,ALL,19.62,0.8134328358208955
xfeat_h,ALL,19.63,0.8134328358208955
xfeat_h,ALL,19.64,0.8134328358208955
xfeat_h,ALL,19.650000000000002,0.8134328358208955
xfeat_h,ALL,19.66,0.8134328358208955
xfeat_h,ALL,19.67,0.8134328358208955
xfeat_h,ALL,19.68,0.8134328358208955
xfeat_h,ALL,19.69,0.8134328358208955
xfeat_h,ALL,19.7,0.8134328358208955
xfeat_h,ALL,19.71,0.8134328358208955
xfeat_h,ALL,19.72,0.8134328358208955
xfeat_h,ALL,19.73,0.8134328358208955
xfeat_h,ALL,19.740000000000002,0.8134328358208955
xfeat_h,ALL,19.75,0.8134328358208955
xfeat_h,ALL,19.76,0.8134328358208955
xfeat_h,ALL,19.77,0.8134328358208955
xfeat_h,ALL,19.78,0.8134328358208955
xfeat_h,ALL,19.79,0.8134328358208955
xfeat_h,ALL,19.8,0.8134328358208955
xfeat_h,ALL,19.81,0.8134328358208955
xfeat_h,ALL,19.82,0.8134328358208955
xfeat_h,ALL,19.830000000000002,0.8134328358208955
xfeat_h,ALL,19.84,0.8134328358208955
xfeat_h,ALL,19.85,0.8134328358208955
xfeat_h,ALL,19.86,0.8134328358208955
xfeat_h,ALL,19.87,0.8134328358208955
xfeat_h,ALL,19.88,0.8134328358208955
xfeat_h,ALL,19.89,0.8134328358208955
xfeat_h,ALL,19.900000000000002,0.8134328358208955
xfeat_h,ALL,19.91,0.8134328358208955
xfeat_h,ALL,19.92,0.8134328358208955
xfeat_h,ALL,19.93,0.8134328358208955
xfeat_h,ALL,19.94,0.8134328358208955
xfeat_h,ALL,19.95,0.8134328358208955
xfeat_h,ALL,19.96,0.8134328358208955
xfeat_h,ALL,19.97,0.8134328358208955
xfeat_h,ALL,19.98,0.8134328358208955
xfeat_h,ALL,19.990000000000002,0.8134328358208955
xfeat_h,ALL,20.0,0.8134328358208955
xfeat_h,ALL,20.01,0.8134328358208955
xfeat_h,ALL,20.02,0.8134328358208955
xfeat_h,ALL,20.03,0.8134328358208955
xfeat_h,ALL,20.04,0.8134328358208955
xfeat_h,ALL,20.05,0.8134328358208955
xfeat_h,ALL,20.06,0.8134328358208955
xfeat_h,ALL,20.07,0.8134328358208955
xfeat_h,ALL,20.080000000000002,0.8134328358208955
xfeat_h,ALL,20.09,0.8134328358208955
xfeat_h,ALL,20.1,0.8134328358208955
xfeat_h,ALL,20.11,0.8134328358208955
xfeat_h,ALL,20.12,0.8134328358208955
xfeat_h,ALL,20.13,0.8134328358208955
xfeat_h,ALL,20.14,0.8134328358208955
xfeat_h,ALL,20.150000000000002,0.8134328358208955
xfeat_h,ALL,20.16,0.8134328358208955
xfeat_h,ALL,20.17,0.8134328358208955
xfeat_h,ALL,20.18,0.8134328358208955
xfeat_h,ALL,20.19,0.8134328358208955
xfeat_h,ALL,20.2,0.8134328358208955
xfeat_h,ALL,20.21,0.8134328358208955
xfeat_h,ALL,20.22,0.8134328358208955
xfeat_h,ALL,20.23,0.8134328358208955
xfeat_h,ALL,20.240000000000002,0.8134328358208955
xfeat_h,ALL,20.25,0.8134328358208955
xfeat_h,ALL,20.26,0.8134328358208955
xfeat_h,ALL,20.27,0.8134328358208955
xfeat_h,ALL,20.28,0.8134328358208955
xfeat_h,ALL,20.29,0.8134328358208955
xfeat_h,ALL,20.3,0.8134328358208955
xfeat_h,ALL,20.31,0.8134328358208955
xfeat_h,ALL,20.32,0.8134328358208955
xfeat_h,ALL,20.330000000000002,0.8134328358208955
xfeat_h,ALL,20.34,0.8134328358208955
xfeat_h,ALL,20.35,0.8134328358208955
xfeat_h,ALL,20.36,0.8134328358208955
xfeat_h,ALL,20.37,0.8134328358208955
xfeat_h,ALL,20.38,0.8134328358208955
xfeat_h,ALL,20.39,0.8134328358208955
xfeat_h,ALL,20.400000000000002,0.8134328358208955
xfeat_h,ALL,20.41,0.8134328358208955
xfeat_h,ALL,20.42,0.8134328358208955
xfeat_h,ALL,20.43,0.8134328358208955
xfeat_h,ALL,20.44,0.8134328358208955
xfeat_h,ALL,20.45,0.8134328358208955
xfeat_h,ALL,20.46,0.8134328358208955
xfeat_h,ALL,20.47,0.8134328358208955
xfeat_h,ALL,20.48,0.8134328358208955
xfeat_h,ALL,20.490000000000002,0.8134328358208955
xfeat_h,ALL,20.5,0.8134328358208955
xfeat_h,ALL,20.51,0.8134328358208955
xfeat_h,ALL,20.52,0.8134328358208955
xfeat_h,ALL,20.53,0.8134328358208955
xfeat_h,ALL,20.54,0.8134328358208955
xfeat_h,ALL,20.55,0.8134328358208955
xfeat_h,ALL,20.56,0.8134328358208955
xfeat_h,ALL,20.57,0.8134328358208955
xfeat_h,ALL,20.580000000000002,0.8134328358208955
xfeat_h,ALL,20.59,0.8134328358208955
xfeat_h,ALL,20.6,0.8134328358208955
xfeat_h,ALL,20.61,0.8134328358208955
xfeat_h,ALL,20.62,0.8134328358208955
xfeat_h,ALL,20.63,0.8134328358208955
xfeat_h,ALL,20.64,0.8134328358208955
xfeat_h,ALL,20.650000000000002,0.8134328358208955
xfeat_h,ALL,20.66,0.8134328358208955
xfeat_h,ALL,20.67,0.8134328358208955
xfeat_h,ALL,20.68,0.8134328358208955
xfeat_h,ALL,20.69,0.8134328358208955
xfeat_h,ALL,20.7,0.8134328358208955
xfeat_h,ALL,20.71,0.8134328358208955
xfeat_h,ALL,20.72,0.8134328358208955
xfeat_h,ALL,20.73,0.8134328358208955
xfeat_h,ALL,20.740000000000002,0.8134328358208955
xfeat_h,ALL,20.75,0.8134328358208955
xfeat_h,ALL,20.76,0.8134328358208955
xfeat_h,ALL,20.77,0.8134328358208955
xfeat_h,ALL,20.78,0.8134328358208955
xfeat_h,ALL,20.79,0.8134328358208955
xfeat_h,ALL,20.8,0.8134328358208955
xfeat_h,ALL,20.81,0.8134328358208955
xfeat_h,ALL,20.82,0.8134328358208955
xfeat_h,ALL,20.830000000000002,0.8134328358208955
xfeat_h,ALL,20.84,0.8134328358208955
xfeat_h,ALL,20.85,0.8134328358208955
xfeat_h,ALL,20.86,0.8134328358208955
xfeat_h,ALL,20.87,0.8134328358208955
xfeat_h,ALL,20.88,0.8134328358208955
xfeat_h,ALL,20.89,0.8134328358208955
xfeat_h,ALL,20.900000000000002,0.8134328358208955
xfeat_h,ALL,20.91,0.8208955223880597
xfeat_h,ALL,20.92,0.8208955223880597
xfeat_h,ALL,20.93,0.8208955223880597
xfeat_h,ALL,20.94,0.8208955223880597
xfeat_h,ALL,20.95,0.8208955223880597
xfeat_h,ALL,20.96,0.8208955223880597
xfeat_h,ALL,20.97,0.8208955223880597
xfeat_h,ALL,20.98,0.8208955223880597
xfeat_h,ALL,20.990000000000002,0.8208955223880597
xfeat_h,ALL,21.0,0.8208955223880597
xfeat_h,ALL,21.01,0.8208955223880597
xfeat_h,ALL,21.02,0.8208955223880597
xfeat_h,ALL,21.03,0.8208955223880597
xfeat_h,ALL,21.04,0.8208955223880597
xfeat_h,ALL,21.05,0.8208955223880597
xfeat_h,ALL,21.06,0.8208955223880597
xfeat_h,ALL,21.07,0.8208955223880597
xfeat_h,ALL,21.080000000000002,0.8208955223880597
xfeat_h,ALL,21.09,0.8208955223880597
xfeat_h,ALL,21.1,0.8208955223880597
xfeat_h,ALL,21.11,0.8208955223880597
xfeat_h,ALL,21.12,0.8208955223880597
xfeat_h,ALL,21.13,0.8208955223880597
xfeat_h,ALL,21.14,0.8208955223880597
xfeat_h,ALL,21.150000000000002,0.8208955223880597
xfeat_h,ALL,21.16,0.8208955223880597
xfeat_h,ALL,21.17,0.8208955223880597
xfeat_h,ALL,21.18,0.8208955223880597
xfeat_h,ALL,21.19,0.8208955223880597
xfeat_h,ALL,21.2,0.8208955223880597
xfeat_h,ALL,21.21,0.8208955223880597
xfeat_h,ALL,21.22,0.8208955223880597
xfeat_h,ALL,21.23,0.8208955223880597
xfeat_h,ALL,21.240000000000002,0.8208955223880597
xfeat_h,ALL,21.25,0.8208955223880597
xfeat_h,ALL,21.26,0.8208955223880597
xfeat_h,ALL,21.27,0.8208955223880597
xfeat_h,ALL,21.28,0.8208955223880597
xfeat_h,ALL,21.29,0.8208955223880597
xfeat_h,ALL,21.3,0.8208955223880597
xfeat_h,ALL,21.31,0.8208955223880597
xfeat_h,ALL,21.32,0.8283582089552238
xfeat_h,ALL,21.330000000000002,0.8283582089552238
xfeat_h,ALL,21.34,0.8283582089552238
xfeat_h,ALL,21.35,0.8283582089552238
xfeat_h,ALL,21.36,0.8283582089552238
xfeat_h,ALL,21.37,0.8283582089552238
xfeat_h,ALL,21.38,0.8283582089552238
xfeat_h,ALL,21.39,0.8283582089552238
xfeat_h,ALL,21.400000000000002,0.835820895522388
xfeat_h,ALL,21.41,0.835820895522388
xfeat_h,ALL,21.42,0.835820895522388
xfeat_h,ALL,21.43,0.835820895522388
xfeat_h,ALL,21.44,0.835820895522388
xfeat_h,ALL,21.45,0.835820895522388
xfeat_h,ALL,21.46,0.835820895522388
xfeat_h,ALL,21.47,0.835820895522388
xfeat_h,ALL,21.48,0.835820895522388
xfeat_h,ALL,21.490000000000002,0.835820895522388
xfeat_h,ALL,21.5,0.835820895522388
xfeat_h,ALL,21.51,0.835820895522388
xfeat_h,ALL,21.52,0.835820895522388
xfeat_h,ALL,21.53,0.835820895522388
xfeat_h,ALL,21.54,0.835820895522388
xfeat_h,ALL,21.55,0.835820895522388
xfeat_h,ALL,21.56,0.835820895522388
xfeat_h,ALL,21.57,0.835820895522388
xfeat_h,ALL,21.580000000000002,0.835820895522388
xfeat_h,ALL,21.59,0.835820895522388
xfeat_h,ALL,21.6,0.835820895522388
xfeat_h,ALL,21.61,0.835820895522388
xfeat_h,ALL,21.62,0.835820895522388
xfeat_h,ALL,21.63,0.835820895522388
xfeat_h,ALL,21.64,0.835820895522388
xfeat_h,ALL,21.650000000000002,0.835820895522388
xfeat_h,ALL,21.66,0.8432835820895522
xfeat_h,ALL,21.67,0.8432835820895522
xfeat_h,ALL,21.68,0.8432835820895522
xfeat_h,ALL,21.69,0.8432835820895522
xfeat_h,ALL,21.7,0.8432835820895522
xfeat_h,ALL,21.71,0.8432835820895522
xfeat_h,ALL,21.72,0.8432835820895522
xfeat_h,ALL,21.73,0.8432835820895522
xfeat_h,ALL,21.740000000000002,0.8432835820895522
xfeat_h,ALL,21.75,0.8432835820895522
xfeat_h,ALL,21.76,0.8432835820895522
xfeat_h,ALL,21.77,0.8432835820895522
xfeat_h,ALL,21.78,0.8432835820895522
xfeat_h,ALL,21.79,0.8432835820895522
xfeat_h,ALL,21.8,0.8432835820895522
xfeat_h,ALL,21.81,0.8432835820895522
xfeat_h,ALL,21.82,0.8432835820895522
xfeat_h,ALL,21.830000000000002,0.8432835820895522
xfeat_h,ALL,21.84,0.8432835820895522
xfeat_h,ALL,21.85,0.8432835820895522
xfeat_h,ALL,21.86,0.8432835820895522
xfeat_h,ALL,21.87,0.8432835820895522
xfeat_h,ALL,21.88,0.8432835820895522
xfeat_h,ALL,21.89,0.8432835820895522
xfeat_h,ALL,21.900000000000002,0.8432835820895522
xfeat_h,ALL,21.91,0.8432835820895522
xfeat_h,ALL,21.92,0.8432835820895522
xfeat_h,ALL,21.93,0.8432835820895522
xfeat_h,ALL,21.94,0.8432835820895522
xfeat_h,ALL,21.95,0.8432835820895522
xfeat_h,ALL,21.96,0.8432835820895522
xfeat_h,ALL,21.97,0.8432835820895522
xfeat_h,ALL,21.98,0.8432835820895522
xfeat_h,ALL,21.990000000000002,0.8432835820895522
xfeat_h,ALL,22.0,0.8432835820895522
xfeat_h,ALL,22.01,0.8432835820895522
xfeat_h,ALL,22.02,0.8432835820895522
xfeat_h,ALL,22.03,0.8432835820895522
xfeat_h,ALL,22.04,0.8432835820895522
xfeat_h,ALL,22.05,0.8507462686567164
xfeat_h,ALL,22.06,0.8582089552238806
xfeat_h,ALL,22.07,0.8582089552238806
xfeat_h,ALL,22.080000000000002,0.8582089552238806
xfeat_h,ALL,22.09,0.8582089552238806
xfeat_h,ALL,22.1,0.8582089552238806
xfeat_h,ALL,22.11,0.8582089552238806
xfeat_h,ALL,22.12,0.8582089552238806
xfeat_h,ALL,22.13,0.8582089552238806
xfeat_h,ALL,22.14,0.8582089552238806
xfeat_h,ALL,22.150000000000002,0.8582089552238806
xfeat_h,ALL,22.16,0.8582089552238806
xfeat_h,ALL,22.17,0.8582089552238806
xfeat_h,ALL,22.18,0.8582089552238806
xfeat_h,ALL,22.19,0.8582089552238806
xfeat_h,ALL,22.2,0.8582089552238806
xfeat_h,ALL,22.21,0.8582089552238806
xfeat_h,ALL,22.22,0.8582089552238806
xfeat_h,ALL,22.23,0.8582089552238806
xfeat_h,ALL,22.240000000000002,0.8582089552238806
xfeat_h,ALL,22.25,0.8582089552238806
xfeat_h,ALL,22.26,0.8582089552238806
xfeat_h,ALL,22.27,0.8582089552238806
xfeat_h,ALL,22.28,0.8582089552238806
xfeat_h,ALL,22.29,0.8582089552238806
xfeat_h,ALL,22.3,0.8582089552238806
xfeat_h,ALL,22.31,0.8582089552238806
xfeat_h,ALL,22.32,0.8582089552238806
xfeat_h,ALL,22.330000000000002,0.8582089552238806
xfeat_h,ALL,22.34,0.8582089552238806
xfeat_h,ALL,22.35,0.8582089552238806
xfeat_h,ALL,22.36,0.8582089552238806
xfeat_h,ALL,22.37,0.8582089552238806
xfeat_h,ALL,22.38,0.8582089552238806
xfeat_h,ALL,22.39,0.8582089552238806
xfeat_h,ALL,22.400000000000002,0.8582089552238806
xfeat_h,ALL,22.41,0.8582089552238806
xfeat_h,ALL,22.42,0.8582089552238806
xfeat_h,ALL,22.43,0.8582089552238806
xfeat_h,ALL,22.44,0.8582089552238806
xfeat_h,ALL,22.45,0.8582089552238806
xfeat_h,ALL,22.46,0.8582089552238806
xfeat_h,ALL,22.47,0.8582089552238806
xfeat_h,ALL,22.48,0.8582089552238806
xfeat_h,ALL,22.490000000000002,0.8582089552238806
xfeat_h,ALL,22.5,0.8582089552238806
xfeat_h,ALL,22.51,0.8582089552238806
xfeat_h,ALL,22.52,0.8582089552238806
xfeat_h,ALL,22.53,0.8582089552238806
xfeat_h,ALL,22.54,0.8582089552238806
xfeat_h,ALL,22.55,0.8582089552238806
xfeat_h,ALL,22.56,0.8582089552238806
xfeat_h,ALL,22.57,0.8582089552238806
xfeat_h,ALL,22.580000000000002,0.8582089552238806
xfeat_h,ALL,22.59,0.8582089552238806
xfeat_h,ALL,22.6,0.8582089552238806
xfeat_h,ALL,22.61,0.8582089552238806
xfeat_h,ALL,22.62,0.8582089552238806
xfeat_h,ALL,22.63,0.8582089552238806
xfeat_h,ALL,22.64,0.8582089552238806
xfeat_h,ALL,22.650000000000002,0.8582089552238806
xfeat_h,ALL,22.66,0.8582089552238806
xfeat_h,ALL,22.67,0.8582089552238806
xfeat_h,ALL,22.68,0.8582089552238806
xfeat_h,ALL,22.69,0.8582089552238806
xfeat_h,ALL,22.7,0.8656716417910447
xfeat_h,ALL,22.71,0.8656716417910447
xfeat_h,ALL,22.72,0.8656716417910447
xfeat_h,ALL,22.73,0.8656716417910447
xfeat_h,ALL,22.740000000000002,0.8656716417910447
xfeat_h,ALL,22.75,0.8656716417910447
xfeat_h,ALL,22.76,0.8656716417910447
xfeat_h,ALL,22.77,0.8656716417910447
xfeat_h,ALL,22.78,0.8656716417910447
xfeat_h,ALL,22.79,0.8731343283582089
xfeat_h,ALL,22.8,0.8731343283582089
xfeat_h,ALL,22.81,0.8731343283582089
xfeat_h,ALL,22.82,0.8731343283582089
xfeat_h,ALL,22.830000000000002,0.8731343283582089
xfeat_h,ALL,22.84,0.8731343283582089
xfeat_h,ALL,22.85,0.8731343283582089
xfeat_h,ALL,22.86,0.8731343283582089
xfeat_h,ALL,22.87,0.8731343283582089
xfeat_h,ALL,22.88,0.8731343283582089
xfeat_h,ALL,22.89,0.8731343283582089
xfeat_h,ALL,22.900000000000002,0.8731343283582089
xfeat_h,ALL,22.91,0.8731343283582089
xfeat_h,ALL,22.92,0.8731343283582089
xfeat_h,ALL,22.93,0.8731343283582089
xfeat_h,ALL,22.94,0.8731343283582089
xfeat_h,ALL,22.95,0.8731343283582089
xfeat_h,ALL,22.96,0.8731343283582089
xfeat_h,ALL,22.97,0.8731343283582089
xfeat_h,ALL,22.98,0.8731343283582089
xfeat_h,ALL,22.990000000000002,0.8731343283582089
xfeat_h,ALL,23.0,0.8731343283582089
xfeat_h,ALL,23.01,0.8731343283582089
xfeat_h,ALL,23.02,0.8731343283582089
xfeat_h,ALL,23.03,0.8731343283582089
xfeat_h,ALL,23.04,0.8731343283582089
xfeat_h,ALL,23.05,0.8731343283582089
xfeat_h,ALL,23.06,0.8731343283582089
xfeat_h,ALL,23.07,0.8731343283582089
xfeat_h,ALL,23.080000000000002,0.8731343283582089
xfeat_h,ALL,23.09,0.8731343283582089
xfeat_h,ALL,23.1,0.8731343283582089
xfeat_h,ALL,23.11,0.8731343283582089
xfeat_h,ALL,23.12,0.8731343283582089
xfeat_h,ALL,23.13,0.8731343283582089
xfeat_h,ALL,23.14,0.8731343283582089
xfeat_h,ALL,23.150000000000002,0.8731343283582089
xfeat_h,ALL,23.16,0.8731343283582089
xfeat_h,ALL,23.17,0.8731343283582089
xfeat_h,ALL,23.18,0.8731343283582089
xfeat_h,ALL,23.19,0.8731343283582089
xfeat_h,ALL,23.2,0.8731343283582089
xfeat_h,ALL,23.21,0.8731343283582089
xfeat_h,ALL,23.22,0.8731343283582089
xfeat_h,ALL,23.23,0.8731343283582089
xfeat_h,ALL,23.240000000000002,0.8731343283582089
xfeat_h,ALL,23.25,0.8731343283582089
xfeat_h,ALL,23.26,0.8731343283582089
xfeat_h,ALL,23.27,0.8731343283582089
xfeat_h,ALL,23.28,0.8731343283582089
xfeat_h,ALL,23.29,0.8731343283582089
xfeat_h,ALL,23.3,0.8731343283582089
xfeat_h,ALL,23.31,0.8731343283582089
xfeat_h,ALL,23.32,0.8731343283582089
xfeat_h,ALL,23.330000000000002,0.8731343283582089
xfeat_h,ALL,23.34,0.8731343283582089
xfeat_h,ALL,23.35,0.8731343283582089
xfeat_h,ALL,23.36,0.8731343283582089
xfeat_h,ALL,23.37,0.8731343283582089
xfeat_h,ALL,23.38,0.8731343283582089
xfeat_h,ALL,23.39,0.8731343283582089
xfeat_h,ALL,23.400000000000002,0.8731343283582089
xfeat_h,ALL,23.41,0.8731343283582089
xfeat_h,ALL,23.42,0.8731343283582089
xfeat_h,ALL,23.43,0.8731343283582089
xfeat_h,ALL,23.44,0.8805970149253731
xfeat_h,ALL,23.45,0.8805970149253731
xfeat_h,ALL,23.46,0.8805970149253731
xfeat_h,ALL,23.47,0.8805970149253731
xfeat_h,ALL,23.48,0.8805970149253731
xfeat_h,ALL,23.490000000000002,0.8805970149253731
xfeat_h,ALL,23.5,0.8805970149253731
xfeat_h,ALL,23.51,0.8805970149253731
xfeat_h,ALL,23.52,0.8805970149253731
xfeat_h,ALL,23.53,0.8805970149253731
xfeat_h,ALL,23.54,0.8805970149253731
xfeat_h,ALL,23.55,0.8805970149253731
xfeat_h,ALL,23.56,0.8805970149253731
xfeat_h,ALL,23.57,0.8805970149253731
xfeat_h,ALL,23.580000000000002,0.8805970149253731
xfeat_h,ALL,23.59,0.8805970149253731
xfeat_h,ALL,23.6,0.8805970149253731
xfeat_h,ALL,23.61,0.8805970149253731
xfeat_h,ALL,23.62,0.8805970149253731
xfeat_h,ALL,23.63,0.8805970149253731
xfeat_h,ALL,23.64,0.8805970149253731
xfeat_h,ALL,23.650000000000002,0.8805970149253731
xfeat_h,ALL,23.66,0.8805970149253731
xfeat_h,ALL,23.67,0.8805970149253731
xfeat_h,ALL,23.68,0.8805970149253731
xfeat_h,ALL,23.69,0.8805970149253731
xfeat_h,ALL,23.7,0.8805970149253731
xfeat_h,ALL,23.71,0.8805970149253731
xfeat_h,ALL,23.72,0.8805970149253731
xfeat_h,ALL,23.73,0.8805970149253731
xfeat_h,ALL,23.740000000000002,0.8805970149253731
xfeat_h,ALL,23.75,0.8805970149253731
xfeat_h,ALL,23.76,0.8805970149253731
xfeat_h,ALL,23.77,0.8805970149253731
xfeat_h,ALL,23.78,0.8805970149253731
xfeat_h,ALL,23.79,0.8880597014925373
xfeat_h,ALL,23.8,0.8880597014925373
xfeat_h,ALL,23.81,0.8880597014925373
xfeat_h,ALL,23.82,0.8880597014925373
xfeat_h,ALL,23.830000000000002,0.8880597014925373
xfeat_h,ALL,23.84,0.8880597014925373
xfeat_h,ALL,23.85,0.8880597014925373
xfeat_h,ALL,23.86,0.8880597014925373
xfeat_h,ALL,23.87,0.8880597014925373
xfeat_h,ALL,23.88,0.8880597014925373
xfeat_h,ALL,23.89,0.8880597014925373
xfeat_h,ALL,23.900000000000002,0.8880597014925373
xfeat_h,ALL,23.91,0.8880597014925373
xfeat_h,ALL,23.92,0.8880597014925373
xfeat_h,ALL,23.93,0.8880597014925373
xfeat_h,ALL,23.94,0.8880597014925373
xfeat_h,ALL,23.95,0.8880597014925373
xfeat_h,ALL,23.96,0.8880597014925373
xfeat_h,ALL,23.97,0.8880597014925373
xfeat_h,ALL,23.98,0.8880597014925373
xfeat_h,ALL,23.990000000000002,0.8880597014925373
xfeat_h,ALL,24.0,0.8880597014925373
xfeat_h,ALL,24.01,0.8880597014925373
xfeat_h,ALL,24.02,0.8880597014925373
xfeat_h,ALL,24.03,0.8880597014925373
xfeat_h,ALL,24.04,0.8880597014925373
xfeat_h,ALL,24.05,0.8880597014925373
xfeat_h,ALL,24.060000000000002,0.8880597014925373
xfeat_h,ALL,24.07,0.8880597014925373
xfeat_h,ALL,24.080000000000002,0.8880597014925373
xfeat_h,ALL,24.09,0.8880597014925373
xfeat_h,ALL,24.1,0.8880597014925373
xfeat_h,ALL,24.11,0.8880597014925373
xfeat_h,ALL,24.12,0.8880597014925373
xfeat_h,ALL,24.13,0.8880597014925373
xfeat_h,ALL,24.14,0.8880597014925373
xfeat_h,ALL,24.150000000000002,0.8880597014925373
xfeat_h,ALL,24.16,0.8880597014925373
xfeat_h,ALL,24.17,0.8880597014925373
xfeat_h,ALL,24.18,0.8880597014925373
xfeat_h,ALL,24.19,0.8880597014925373
xfeat_h,ALL,24.2,0.8880597014925373
xfeat_h,ALL,24.21,0.8880597014925373
xfeat_h,ALL,24.22,0.8880597014925373
xfeat_h,ALL,24.23,0.8880597014925373
xfeat_h,ALL,24.240000000000002,0.8880597014925373
xfeat_h,ALL,24.25,0.8880597014925373
xfeat_h,ALL,24.26,0.8880597014925373
xfeat_h,ALL,24.27,0.8880597014925373
xfeat_h,ALL,24.28,0.8880597014925373
xfeat_h,ALL,24.29,0.8880597014925373
xfeat_h,ALL,24.3,0.8880597014925373
xfeat_h,ALL,24.310000000000002,0.8880597014925373
xfeat_h,ALL,24.32,0.8880597014925373
xfeat_h,ALL,24.330000000000002,0.8880597014925373
xfeat_h,ALL,24.34,0.8880597014925373
xfeat_h,ALL,24.35,0.8880597014925373
xfeat_h,ALL,24.36,0.8880597014925373
xfeat_h,ALL,24.37,0.8880597014925373
xfeat_h,ALL,24.38,0.8880597014925373
xfeat_h,ALL,24.39,0.8880597014925373
xfeat_h,ALL,24.400000000000002,0.8880597014925373
xfeat_h,ALL,24.41,0.8880597014925373
xfeat_h,ALL,24.42,0.8880597014925373
xfeat_h,ALL,24.43,0.8880597014925373
xfeat_h,ALL,24.44,0.8880597014925373
xfeat_h,ALL,24.45,0.8880597014925373
xfeat_h,ALL,24.46,0.8880597014925373
xfeat_h,ALL,24.47,0.8880597014925373
xfeat_h,ALL,24.48,0.8880597014925373
xfeat_h,ALL,24.490000000000002,0.8880597014925373
xfeat_h,ALL,24.5,0.8880597014925373
xfeat_h,ALL,24.51,0.8880597014925373
xfeat_h,ALL,24.52,0.8880597014925373
xfeat_h,ALL,24.53,0.8880597014925373
xfeat_h,ALL,24.54,0.8880597014925373
xfeat_h,ALL,24.55,0.8880597014925373
xfeat_h,ALL,24.560000000000002,0.8880597014925373
xfeat_h,ALL,24.57,0.8880597014925373
xfeat_h,ALL,24.580000000000002,0.8880597014925373
xfeat_h,ALL,24.59,0.8880597014925373
xfeat_h,ALL,24.6,0.8880597014925373
xfeat_h,ALL,24.61,0.8880597014925373
xfeat_h,ALL,24.62,0.8880597014925373
xfeat_h,ALL,24.63,0.8880597014925373
xfeat_h,ALL,24.64,0.8880597014925373
xfeat_h,ALL,24.650000000000002,0.8880597014925373
xfeat_h,ALL,24.66,0.8880597014925373
xfeat_h,ALL,24.67,0.8880597014925373
xfeat_h,ALL,24.68,0.8880597014925373
xfeat_h,ALL,24.69,0.8880597014925373
xfeat_h,ALL,24.7,0.8880597014925373
xfeat_h,ALL,24.71,0.8880597014925373
xfeat_h,ALL,24.72,0.8880597014925373
xfeat_h,ALL,24.73,0.8880597014925373
xfeat_h,ALL,24.740000000000002,0.8880597014925373
xfeat_h,ALL,24.75,0.8880597014925373
xfeat_h,ALL,24.76,0.8880597014925373
xfeat_h,ALL,24.77,0.8880597014925373
xfeat_h,ALL,24.78,0.8880597014925373
xfeat_h,ALL,24.79,0.8880597014925373
xfeat_h,ALL,24.8,0.8880597014925373
xfeat_h,ALL,24.810000000000002,0.8880597014925373
xfeat_h,ALL,24.82,0.8880597014925373
xfeat_h,ALL,24.830000000000002,0.8880597014925373
xfeat_h,ALL,24.84,0.8880597014925373
xfeat_h,ALL,24.85,0.8880597014925373
xfeat_h,ALL,24.86,0.8880597014925373
xfeat_h,ALL,24.87,0.8880597014925373
xfeat_h,ALL,24.88,0.8880597014925373
xfeat_h,ALL,24.89,0.8880597014925373
xfeat_h,ALL,24.900000000000002,0.8880597014925373
xfeat_h,ALL,24.91,0.8880597014925373
xfeat_h,ALL,24.92,0.8880597014925373
xfeat_h,ALL,24.93,0.8880597014925373
xfeat_h,ALL,24.94,0.8880597014925373
xfeat_h,ALL,24.95,0.8880597014925373
xfeat_h,ALL,24.96,0.8880597014925373
xfeat_h,ALL,24.97,0.8880597014925373
xfeat_h,ALL,24.98,0.8880597014925373
xfeat_h,ALL,24.990000000000002,0.8955223880597015
xfeat_h,ALL,25.0,0.8955223880597015
sp_lg_h,A,0.0,0.0
sp_lg_h,A,0.01,0.0
sp_lg_h,A,0.02,0.0
sp_lg_h,A,0.03,0.0
sp_lg_h,A,0.04,0.0
sp_lg_h,A,0.05,0.0
sp_lg_h,A,0.06,0.0
sp_lg_h,A,0.07,0.0
sp_lg_h,A,0.08,0.0
sp_lg_h,A,0.09,0.0
sp_lg_h,A,0.1,0.0
sp_lg_h,A,0.11,0.0
sp_lg_h,A,0.12,0.0
sp_lg_h,A,0.13,0.0
sp_lg_h,A,0.14,0.0
sp_lg_h,A,0.15,0.0
sp_lg_h,A,0.16,0.0
sp_lg_h,A,0.17,0.0
sp_lg_h,A,0.18,0.0
sp_lg_h,A,0.19,0.0
sp_lg_h,A,0.2,0.0
sp_lg_h,A,0.21,0.0
sp_lg_h,A,0.22,0.0
sp_lg_h,A,0.23,0.0
sp_lg_h,A,0.24,0.0
sp_lg_h,A,0.25,0.0
sp_lg_h,A,0.26,0.0
sp_lg_h,A,0.27,0.0
sp_lg_h,A,0.28,0.0
sp_lg_h,A,0.29,0.0
sp_lg_h,A,0.3,0.0
sp_lg_h,A,0.31,0.0
sp_lg_h,A,0.32,0.0
sp_lg_h,A,0.33,0.0
sp_lg_h,A,0.34,0.0
sp_lg_h,A,0.35000000000000003,0.0
sp_lg_h,A,0.36,0.0
sp_lg_h,A,0.37,0.0
sp_lg_h,A,0.38,0.0
sp_lg_h,A,0.39,0.0
sp_lg_h,A,0.4,0.0
sp_lg_h,A,0.41000000000000003,0.0
sp_lg_h,A,0.42,0.0
sp_lg_h,A,0.43,0.0
sp_lg_h,A,0.44,0.0
sp_lg_h,A,0.45,0.0
sp_lg_h,A,0.46,0.0
sp_lg_h,A,0.47000000000000003,0.0
sp_lg_h,A,0.48,0.0
sp_lg_h,A,0.49,0.0
sp_lg_h,A,0.5,0.0
sp_lg_h,A,0.51,0.0
sp_lg_h,A,0.52,0.0
sp_lg_h,A,0.53,0.0
sp_lg_h,A,0.54,0.0
sp_lg_h,A,0.55,0.0
sp_lg_h,A,0.56,0.0
sp_lg_h,A,0.5700000000000001,0.0
sp_lg_h,A,0.58,0.0
sp_lg_h,A,0.59,0.0
sp_lg_h,A,0.6,0.0
sp_lg_h,A,0.61,0.0
sp_lg_h,A,0.62,0.0
sp_lg_h,A,0.63,0.0
sp_lg_h,A,0.64,0.0
sp_lg_h,A,0.65,0.0
sp_lg_h,A,0.66,0.0
sp_lg_h,A,0.67,0.0
sp_lg_h,A,0.68,0.0
sp_lg_h,A,0.6900000000000001,0.0
sp_lg_h,A,0.7000000000000001,0.0
sp_lg_h,A,0.71,0.0
sp_lg_h,A,0.72,0.0
sp_lg_h,A,0.73,0.0
sp_lg_h,A,0.74,0.0
sp_lg_h,A,0.75,0.0
sp_lg_h,A,0.76,0.0
sp_lg_h,A,0.77,0.0
sp_lg_h,A,0.78,0.0
sp_lg_h,A,0.79,0.0
sp_lg_h,A,0.8,0.0
sp_lg_h,A,0.81,0.0
sp_lg_h,A,0.8200000000000001,0.0
sp_lg_h,A,0.8300000000000001,0.0
sp_lg_h,A,0.84,0.0
sp_lg_h,A,0.85,0.0
sp_lg_h,A,0.86,0.0
sp_lg_h,A,0.87,0.0
sp_lg_h,A,0.88,0.0
sp_lg_h,A,0.89,0.0
sp_lg_h,A,0.9,0.0
sp_lg_h,A,0.91,0.0
sp_lg_h,A,0.92,0.0
sp_lg_h,A,0.93,0.0
sp_lg_h,A,0.9400000000000001,0.0
sp_lg_h,A,0.9500000000000001,0.0
sp_lg_h,A,0.96,0.0
sp_lg_h,A,0.97,0.0
sp_lg_h,A,0.98,0.0
sp_lg_h,A,0.99,0.0
sp_lg_h,A,1.0,0.0
sp_lg_h,A,1.01,0.0
sp_lg_h,A,1.02,0.0
sp_lg_h,A,1.03,0.0
sp_lg_h,A,1.04,0.0
sp_lg_h,A,1.05,0.0
sp_lg_h,A,1.06,0.0
sp_lg_h,A,1.07,0.0
sp_lg_h,A,1.08,0.0
sp_lg_h,A,1.09,0.0
sp_lg_h,A,1.1,0.0
sp_lg_h,A,1.11,0.0
sp_lg_h,A,1.12,0.0
sp_lg_h,A,1.1300000000000001,0.0
sp_lg_h,A,1.1400000000000001,0.0
sp_lg_h,A,1.1500000000000001,0.0
sp_lg_h,A,1.16,0.0
sp_lg_h,A,1.17,0.0
sp_lg_h,A,1.18,0.0
sp_lg_h,A,1.19,0.0
sp_lg_h,A,1.2,0.0
sp_lg_h,A,1.21,0.0
sp_lg_h,A,1.22,0.0
sp_lg_h,A,1.23,0.0
sp_lg_h,A,1.24,0.0
sp_lg_h,A,1.25,0.0
sp_lg_h,A,1.26,0.0
sp_lg_h,A,1.27,0.0
sp_lg_h,A,1.28,0.0
sp_lg_h,A,1.29,0.0
sp_lg_h,A,1.3,0.0
sp_lg_h,A,1.31,0.0
sp_lg_h,A,1.32,0.0
sp_lg_h,A,1.33,0.0
sp_lg_h,A,1.34,0.0
sp_lg_h,A,1.35,0.0
sp_lg_h,A,1.36,0.0
sp_lg_h,A,1.37,0.0
sp_lg_h,A,1.3800000000000001,0.0
sp_lg_h,A,1.3900000000000001,0.0
sp_lg_h,A,1.4000000000000001,0.0
sp_lg_h,A,1.41,0.0
sp_lg_h,A,1.42,0.0
sp_lg_h,A,1.43,0.0
sp_lg_h,A,1.44,0.0
sp_lg_h,A,1.45,0.0
sp_lg_h,A,1.46,0.0
sp_lg_h,A,1.47,0.0
sp_lg_h,A,1.48,0.0
sp_lg_h,A,1.49,0.0
sp_lg_h,A,1.5,0.0
sp_lg_h,A,1.51,0.0
sp_lg_h,A,1.52,0.0
sp_lg_h,A,1.53,0.0
sp_lg_h,A,1.54,0.0
sp_lg_h,A,1.55,0.0
sp_lg_h,A,1.56,0.0
sp_lg_h,A,1.57,0.0
sp_lg_h,A,1.58,0.0
sp_lg_h,A,1.59,0.0
sp_lg_h,A,1.6,0.0
sp_lg_h,A,1.61,0.0
sp_lg_h,A,1.62,0.0
sp_lg_h,A,1.6300000000000001,0.0
sp_lg_h,A,1.6400000000000001,0.0
sp_lg_h,A,1.6500000000000001,0.0
sp_lg_h,A,1.6600000000000001,0.0
sp_lg_h,A,1.67,0.0
sp_lg_h,A,1.68,0.0
sp_lg_h,A,1.69,0.0
sp_lg_h,A,1.7,0.0
sp_lg_h,A,1.71,0.0
sp_lg_h,A,1.72,0.0
sp_lg_h,A,1.73,0.0
sp_lg_h,A,1.74,0.0
sp_lg_h,A,1.75,0.0
sp_lg_h,A,1.76,0.0
sp_lg_h,A,1.77,0.0
sp_lg_h,A,1.78,0.0
sp_lg_h,A,1.79,0.0
sp_lg_h,A,1.8,0.0
sp_lg_h,A,1.81,0.0
sp_lg_h,A,1.82,0.0
sp_lg_h,A,1.83,0.0
sp_lg_h,A,1.84,0.0
sp_lg_h,A,1.85,0.0
sp_lg_h,A,1.86,0.0
sp_lg_h,A,1.87,0.0
sp_lg_h,A,1.8800000000000001,0.0
sp_lg_h,A,1.8900000000000001,0.0
sp_lg_h,A,1.9000000000000001,0.0
sp_lg_h,A,1.9100000000000001,0.0
sp_lg_h,A,1.92,0.0
sp_lg_h,A,1.93,0.0
sp_lg_h,A,1.94,0.0
sp_lg_h,A,1.95,0.0
sp_lg_h,A,1.96,0.0
sp_lg_h,A,1.97,0.0
sp_lg_h,A,1.98,0.0
sp_lg_h,A,1.99,0.0
sp_lg_h,A,2.0,0.0
sp_lg_h,A,2.0100000000000002,0.0
sp_lg_h,A,2.02,0.0
sp_lg_h,A,2.0300000000000002,0.0
sp_lg_h,A,2.04,0.0
sp_lg_h,A,2.05,0.0
sp_lg_h,A,2.06,0.0
sp_lg_h,A,2.07,0.0
sp_lg_h,A,2.08,0.0
sp_lg_h,A,2.09,0.0
sp_lg_h,A,2.1,0.0
sp_lg_h,A,2.11,0.0
sp_lg_h,A,2.12,0.0
sp_lg_h,A,2.13,0.0
sp_lg_h,A,2.14,0.0
sp_lg_h,A,2.15,0.0
sp_lg_h,A,2.16,0.0
sp_lg_h,A,2.17,0.0
sp_lg_h,A,2.18,0.0
sp_lg_h,A,2.19,0.0
sp_lg_h,A,2.2,0.0
sp_lg_h,A,2.21,0.0
sp_lg_h,A,2.22,0.0
sp_lg_h,A,2.23,0.0
sp_lg_h,A,2.24,0.0
sp_lg_h,A,2.25,0.0
sp_lg_h,A,2.2600000000000002,0.0
sp_lg_h,A,2.27,0.0
sp_lg_h,A,2.2800000000000002,0.0
sp_lg_h,A,2.29,0.0
sp_lg_h,A,2.3000000000000003,0.0
sp_lg_h,A,2.31,0.0
sp_lg_h,A,2.32,0.0
sp_lg_h,A,2.33,0.0
sp_lg_h,A,2.34,0.0
sp_lg_h,A,2.35,0.0
sp_lg_h,A,2.36,0.0
sp_lg_h,A,2.37,0.0
sp_lg_h,A,2.38,0.0
sp_lg_h,A,2.39,0.0
sp_lg_h,A,2.4,0.0
sp_lg_h,A,2.41,0.0
sp_lg_h,A,2.42,0.0
sp_lg_h,A,2.43,0.0
sp_lg_h,A,2.44,0.0
sp_lg_h,A,2.45,0.0
sp_lg_h,A,2.46,0.0
sp_lg_h,A,2.47,0.0
sp_lg_h,A,2.48,0.0
sp_lg_h,A,2.49,0.0
sp_lg_h,A,2.5,0.0
sp_lg_h,A,2.5100000000000002,0.0
sp_lg_h,A,2.52,0.0
sp_lg_h,A,2.5300000000000002,0.0
sp_lg_h,A,2.54,0.0
sp_lg_h,A,2.5500000000000003,0.0
sp_lg_h,A,2.56,0.0
sp_lg_h,A,2.57,0.0
sp_lg_h,A,2.58,0.0
sp_lg_h,A,2.59,0.0
sp_lg_h,A,2.6,0.0
sp_lg_h,A,2.61,0.0
sp_lg_h,A,2.62,0.0
sp_lg_h,A,2.63,0.0
sp_lg_h,A,2.64,0.0
sp_lg_h,A,2.65,0.0
sp_lg_h,A,2.66,0.0
sp_lg_h,A,2.67,0.0
sp_lg_h,A,2.68,0.0
sp_lg_h,A,2.69,0.0
sp_lg_h,A,2.7,0.0
sp_lg_h,A,2.71,0.0
sp_lg_h,A,2.72,0.0
sp_lg_h,A,2.73,0.0
sp_lg_h,A,2.74,0.0
sp_lg_h,A,2.75,0.0
sp_lg_h,A,2.7600000000000002,0.0
sp_lg_h,A,2.77,0.0
sp_lg_h,A,2.7800000000000002,0.0
sp_lg_h,A,2.79,0.0
sp_lg_h,A,2.8000000000000003,0.0
sp_lg_h,A,2.81,0.0
sp_lg_h,A,2.82,0.0
sp_lg_h,A,2.83,0.0
sp_lg_h,A,2.84,0.0
sp_lg_h,A,2.85,0.0
sp_lg_h,A,2.86,0.0
sp_lg_h,A,2.87,0.07142857142857142
sp_lg_h,A,2.88,0.07142857142857142
sp_lg_h,A,2.89,0.07142857142857142
sp_lg_h,A,2.9,0.07142857142857142
sp_lg_h,A,2.91,0.07142857142857142
sp_lg_h,A,2.92,0.07142857142857142
sp_lg_h,A,2.93,0.07142857142857142
sp_lg_h,A,2.94,0.07142857142857142
sp_lg_h,A,2.95,0.07142857142857142
sp_lg_h,A,2.96,0.07142857142857142
sp_lg_h,A,2.97,0.07142857142857142
sp_lg_h,A,2.98,0.07142857142857142
sp_lg_h,A,2.99,0.07142857142857142
sp_lg_h,A,3.0,0.07142857142857142
sp_lg_h,A,3.0100000000000002,0.07142857142857142
sp_lg_h,A,3.02,0.07142857142857142
sp_lg_h,A,3.0300000000000002,0.07142857142857142
sp_lg_h,A,3.04,0.07142857142857142
sp_lg_h,A,3.0500000000000003,0.07142857142857142
sp_lg_h,A,3.06,0.07142857142857142
sp_lg_h,A,3.0700000000000003,0.07142857142857142
sp_lg_h,A,3.08,0.07142857142857142
sp_lg_h,A,3.09,0.07142857142857142
sp_lg_h,A,3.1,0.07142857142857142
sp_lg_h,A,3.11,0.07142857142857142
sp_lg_h,A,3.12,0.07142857142857142
sp_lg_h,A,3.13,0.07142857142857142
sp_lg_h,A,3.14,0.07142857142857142
sp_lg_h,A,3.15,0.07142857142857142
sp_lg_h,A,3.16,0.07142857142857142
sp_lg_h,A,3.17,0.07142857142857142
sp_lg_h,A,3.18,0.07142857142857142
sp_lg_h,A,3.19,0.07142857142857142
sp_lg_h,A,3.2,0.07142857142857142
sp_lg_h,A,3.21,0.07142857142857142
sp_lg_h,A,3.22,0.07142857142857142
sp_lg_h,A,3.23,0.07142857142857142
sp_lg_h,A,3.24,0.07142857142857142
sp_lg_h,A,3.25,0.07142857142857142
sp_lg_h,A,3.2600000000000002,0.07142857142857142
sp_lg_h,A,3.27,0.07142857142857142
sp_lg_h,A,3.2800000000000002,0.07142857142857142
sp_lg_h,A,3.29,0.07142857142857142
sp_lg_h,A,3.3000000000000003,0.07142857142857142
sp_lg_h,A,3.31,0.07142857142857142
sp_lg_h,A,3.3200000000000003,0.07142857142857142
sp_lg_h,A,3.33,0.07142857142857142
sp_lg_h,A,3.34,0.07142857142857142
sp_lg_h,A,3.35,0.07142857142857142
sp_lg_h,A,3.36,0.07142857142857142
sp_lg_h,A,3.37,0.07142857142857142
sp_lg_h,A,3.38,0.14285714285714285
sp_lg_h,A,3.39,0.14285714285714285
sp_lg_h,A,3.4,0.14285714285714285
sp_lg_h,A,3.41,0.14285714285714285
sp_lg_h,A,3.42,0.14285714285714285
sp_lg_h,A,3.43,0.14285714285714285
sp_lg_h,A,3.44,0.14285714285714285
sp_lg_h,A,3.45,0.14285714285714285
sp_lg_h,A,3.46,0.14285714285714285
sp_lg_h,A,3.47,0.14285714285714285
sp_lg_h,A,3.48,0.14285714285714285
sp_lg_h,A,3.49,0.14285714285714285
sp_lg_h,A,3.5,0.14285714285714285
sp_lg_h,A,3.5100000000000002,0.14285714285714285
sp_lg_h,A,3.52,0.14285714285714285
sp_lg_h,A,3.5300000000000002,0.14285714285714285
sp_lg_h,A,3.54,0.14285714285714285
sp_lg_h,A,3.5500000000000003,0.14285714285714285
sp_lg_h,A,3.56,0.14285714285714285
sp_lg_h,A,3.5700000000000003,0.14285714285714285
sp_lg_h,A,3.58,0.14285714285714285
sp_lg_h,A,3.59,0.14285714285714285
sp_lg_h,A,3.6,0.14285714285714285
sp_lg_h,A,3.61,0.14285714285714285
sp_lg_h,A,3.62,0.14285714285714285
sp_lg_h,A,3.63,0.14285714285714285
sp_lg_h,A,3.64,0.14285714285714285
sp_lg_h,A,3.65,0.14285714285714285
sp_lg_h,A,3.66,0.14285714285714285
sp_lg_h,A,3.67,0.14285714285714285
sp_lg_h,A,3.68,0.14285714285714285
sp_lg_h,A,3.69,0.14285714285714285
sp_lg_h,A,3.7,0.14285714285714285
sp_lg_h,A,3.71,0.21428571428571427
sp_lg_h,A,3.72,0.21428571428571427
sp_lg_h,A,3.73,0.21428571428571427
sp_lg_h,A,3.74,0.21428571428571427
sp_lg_h,A,3.75,0.21428571428571427
sp_lg_h,A,3.7600000000000002,0.21428571428571427
sp_lg_h,A,3.77,0.21428571428571427
sp_lg_h,A,3.7800000000000002,0.21428571428571427
sp_lg_h,A,3.79,0.21428571428571427
sp_lg_h,A,3.8000000000000003,0.21428571428571427
sp_lg_h,A,3.81,0.21428571428571427
sp_lg_h,A,3.8200000000000003,0.21428571428571427
sp_lg_h,A,3.83,0.21428571428571427
sp_lg_h,A,3.84,0.21428571428571427
sp_lg_h,A,3.85,0.21428571428571427
sp_lg_h,A,3.86,0.21428571428571427
sp_lg_h,A,3.87,0.21428571428571427
sp_lg_h,A,3.88,0.21428571428571427
sp_lg_h,A,3.89,0.21428571428571427
sp_lg_h,A,3.9,0.21428571428571427
sp_lg_h,A,3.91,0.21428571428571427
sp_lg_h,A,3.92,0.21428571428571427
sp_lg_h,A,3.93,0.21428571428571427
sp_lg_h,A,3.94,0.21428571428571427
sp_lg_h,A,3.95,0.21428571428571427
sp_lg_h,A,3.96,0.21428571428571427
sp_lg_h,A,3.97,0.21428571428571427
sp_lg_h,A,3.98,0.21428571428571427
sp_lg_h,A,3.99,0.21428571428571427
sp_lg_h,A,4.0,0.21428571428571427
sp_lg_h,A,4.01,0.21428571428571427
sp_lg_h,A,4.0200000000000005,0.21428571428571427
sp_lg_h,A,4.03,0.21428571428571427
sp_lg_h,A,4.04,0.21428571428571427
sp_lg_h,A,4.05,0.21428571428571427
sp_lg_h,A,4.0600000000000005,0.21428571428571427
sp_lg_h,A,4.07,0.21428571428571427
sp_lg_h,A,4.08,0.21428571428571427
sp_lg_h,A,4.09,0.21428571428571427
sp_lg_h,A,4.1,0.21428571428571427
sp_lg_h,A,4.11,0.21428571428571427
sp_lg_h,A,4.12,0.21428571428571427
sp_lg_h,A,4.13,0.21428571428571427
sp_lg_h,A,4.14,0.21428571428571427
sp_lg_h,A,4.15,0.21428571428571427
sp_lg_h,A,4.16,0.21428571428571427
sp_lg_h,A,4.17,0.21428571428571427
sp_lg_h,A,4.18,0.21428571428571427
sp_lg_h,A,4.19,0.21428571428571427
sp_lg_h,A,4.2,0.21428571428571427
sp_lg_h,A,4.21,0.21428571428571427
sp_lg_h,A,4.22,0.21428571428571427
sp_lg_h,A,4.23,0.21428571428571427
sp_lg_h,A,4.24,0.21428571428571427
sp_lg_h,A,4.25,0.21428571428571427
sp_lg_h,A,4.26,0.21428571428571427
sp_lg_h,A,4.2700000000000005,0.21428571428571427
sp_lg_h,A,4.28,0.21428571428571427
sp_lg_h,A,4.29,0.21428571428571427
sp_lg_h,A,4.3,0.21428571428571427
sp_lg_h,A,4.3100000000000005,0.21428571428571427
sp_lg_h,A,4.32,0.21428571428571427
sp_lg_h,A,4.33,0.21428571428571427
sp_lg_h,A,4.34,0.21428571428571427
sp_lg_h,A,4.3500000000000005,0.21428571428571427
sp_lg_h,A,4.36,0.21428571428571427
sp_lg_h,A,4.37,0.21428571428571427
sp_lg_h,A,4.38,0.21428571428571427
sp_lg_h,A,4.39,0.21428571428571427
sp_lg_h,A,4.4,0.21428571428571427
sp_lg_h,A,4.41,0.21428571428571427
sp_lg_h,A,4.42,0.21428571428571427
sp_lg_h,A,4.43,0.21428571428571427
sp_lg_h,A,4.44,0.21428571428571427
sp_lg_h,A,4.45,0.21428571428571427
sp_lg_h,A,4.46,0.21428571428571427
sp_lg_h,A,4.47,0.21428571428571427
sp_lg_h,A,4.48,0.21428571428571427
sp_lg_h,A,4.49,0.21428571428571427
sp_lg_h,A,4.5,0.21428571428571427
sp_lg_h,A,4.51,0.21428571428571427
sp_lg_h,A,4.5200000000000005,0.21428571428571427
sp_lg_h,A,4.53,0.21428571428571427
sp_lg_h,A,4.54,0.21428571428571427
sp_lg_h,A,4.55,0.21428571428571427
sp_lg_h,A,4.5600000000000005,0.21428571428571427
sp_lg_h,A,4.57,0.21428571428571427
sp_lg_h,A,4.58,0.21428571428571427
sp_lg_h,A,4.59,0.21428571428571427
sp_lg_h,A,4.6000000000000005,0.21428571428571427
sp_lg_h,A,4.61,0.21428571428571427
sp_lg_h,A,4.62,0.21428571428571427
sp_lg_h,A,4.63,0.21428571428571427
sp_lg_h,A,4.64,0.21428571428571427
sp_lg_h,A,4.65,0.21428571428571427
sp_lg_h,A,4.66,0.21428571428571427
sp_lg_h,A,4.67,0.21428571428571427
sp_lg_h,A,4.68,0.21428571428571427
sp_lg_h,A,4.69,0.21428571428571427
sp_lg_h,A,4.7,0.21428571428571427
sp_lg_h,A,4.71,0.21428571428571427
sp_lg_h,A,4.72,0.21428571428571427
sp_lg_h,A,4.73,0.21428571428571427
sp_lg_h,A,4.74,0.21428571428571427
sp_lg_h,A,4.75,0.21428571428571427
sp_lg_h,A,4.76,0.21428571428571427
sp_lg_h,A,4.7700000000000005,0.21428571428571427
sp_lg_h,A,4.78,0.21428571428571427
sp_lg_h,A,4.79,0.21428571428571427
sp_lg_h,A,4.8,0.21428571428571427
sp_lg_h,A,4.8100000000000005,0.21428571428571427
sp_lg_h,A,4.82,0.21428571428571427
sp_lg_h,A,4.83,0.21428571428571427
sp_lg_h,A,4.84,0.21428571428571427
sp_lg_h,A,4.8500000000000005,0.21428571428571427
sp_lg_h,A,4.86,0.21428571428571427
sp_lg_h,A,4.87,0.21428571428571427
sp_lg_h,A,4.88,0.21428571428571427
sp_lg_h,A,4.89,0.21428571428571427
sp_lg_h,A,4.9,0.21428571428571427
sp_lg_h,A,4.91,0.21428571428571427
sp_lg_h,A,4.92,0.21428571428571427
sp_lg_h,A,4.93,0.21428571428571427
sp_lg_h,A,4.94,0.21428571428571427
sp_lg_h,A,4.95,0.21428571428571427
sp_lg_h,A,4.96,0.21428571428571427
sp_lg_h,A,4.97,0.21428571428571427
sp_lg_h,A,4.98,0.21428571428571427
sp_lg_h,A,4.99,0.21428571428571427
sp_lg_h,A,5.0,0.21428571428571427
sp_lg_h,A,5.01,0.21428571428571427
sp_lg_h,A,5.0200000000000005,0.21428571428571427
sp_lg_h,A,5.03,0.21428571428571427
sp_lg_h,A,5.04,0.21428571428571427
sp_lg_h,A,5.05,0.21428571428571427
sp_lg_h,A,5.0600000000000005,0.21428571428571427
sp_lg_h,A,5.07,0.21428571428571427
sp_lg_h,A,5.08,0.21428571428571427
sp_lg_h,A,5.09,0.21428571428571427
sp_lg_h,A,5.1000000000000005,0.21428571428571427
sp_lg_h,A,5.11,0.21428571428571427
sp_lg_h,A,5.12,0.21428571428571427
sp_lg_h,A,5.13,0.21428571428571427
sp_lg_h,A,5.14,0.21428571428571427
sp_lg_h,A,5.15,0.21428571428571427
sp_lg_h,A,5.16,0.21428571428571427
sp_lg_h,A,5.17,0.21428571428571427
sp_lg_h,A,5.18,0.21428571428571427
sp_lg_h,A,5.19,0.21428571428571427
sp_lg_h,A,5.2,0.21428571428571427
sp_lg_h,A,5.21,0.21428571428571427
sp_lg_h,A,5.22,0.21428571428571427
sp_lg_h,A,5.23,0.21428571428571427
sp_lg_h,A,5.24,0.21428571428571427
sp_lg_h,A,5.25,0.21428571428571427
sp_lg_h,A,5.26,0.21428571428571427
sp_lg_h,A,5.2700000000000005,0.21428571428571427
sp_lg_h,A,5.28,0.21428571428571427
sp_lg_h,A,5.29,0.21428571428571427
sp_lg_h,A,5.3,0.21428571428571427
sp_lg_h,A,5.3100000000000005,0.21428571428571427
sp_lg_h,A,5.32,0.21428571428571427
sp_lg_h,A,5.33,0.21428571428571427
sp_lg_h,A,5.34,0.21428571428571427
sp_lg_h,A,5.3500000000000005,0.21428571428571427
sp_lg_h,A,5.36,0.21428571428571427
sp_lg_h,A,5.37,0.21428571428571427
sp_lg_h,A,5.38,0.21428571428571427
sp_lg_h,A,5.39,0.21428571428571427
sp_lg_h,A,5.4,0.21428571428571427
sp_lg_h,A,5.41,0.21428571428571427
sp_lg_h,A,5.42,0.21428571428571427
sp_lg_h,A,5.43,0.21428571428571427
sp_lg_h,A,5.44,0.21428571428571427
sp_lg_h,A,5.45,0.21428571428571427
sp_lg_h,A,5.46,0.21428571428571427
sp_lg_h,A,5.47,0.21428571428571427
sp_lg_h,A,5.48,0.21428571428571427
sp_lg_h,A,5.49,0.21428571428571427
sp_lg_h,A,5.5,0.21428571428571427
sp_lg_h,A,5.51,0.21428571428571427
sp_lg_h,A,5.5200000000000005,0.21428571428571427
sp_lg_h,A,5.53,0.21428571428571427
sp_lg_h,A,5.54,0.21428571428571427
sp_lg_h,A,5.55,0.21428571428571427
sp_lg_h,A,5.5600000000000005,0.21428571428571427
sp_lg_h,A,5.57,0.21428571428571427
sp_lg_h,A,5.58,0.21428571428571427
sp_lg_h,A,5.59,0.21428571428571427
sp_lg_h,A,5.6000000000000005,0.21428571428571427
sp_lg_h,A,5.61,0.21428571428571427
sp_lg_h,A,5.62,0.2857142857142857
sp_lg_h,A,5.63,0.2857142857142857
sp_lg_h,A,5.64,0.2857142857142857
sp_lg_h,A,5.65,0.2857142857142857
sp_lg_h,A,5.66,0.2857142857142857
sp_lg_h,A,5.67,0.2857142857142857
sp_lg_h,A,5.68,0.2857142857142857
sp_lg_h,A,5.69,0.2857142857142857
sp_lg_h,A,5.7,0.2857142857142857
sp_lg_h,A,5.71,0.2857142857142857
sp_lg_h,A,5.72,0.2857142857142857
sp_lg_h,A,5.73,0.2857142857142857
sp_lg_h,A,5.74,0.2857142857142857
sp_lg_h,A,5.75,0.2857142857142857
sp_lg_h,A,5.76,0.2857142857142857
sp_lg_h,A,5.7700000000000005,0.2857142857142857
sp_lg_h,A,5.78,0.2857142857142857
sp_lg_h,A,5.79,0.2857142857142857
sp_lg_h,A,5.8,0.2857142857142857
sp_lg_h,A,5.8100000000000005,0.2857142857142857
sp_lg_h,A,5.82,0.2857142857142857
sp_lg_h,A,5.83,0.2857142857142857
sp_lg_h,A,5.84,0.2857142857142857
sp_lg_h,A,5.8500000000000005,0.2857142857142857
sp_lg_h,A,5.86,0.2857142857142857
sp_lg_h,A,5.87,0.2857142857142857
sp_lg_h,A,5.88,0.2857142857142857
sp_lg_h,A,5.89,0.2857142857142857
sp_lg_h,A,5.9,0.2857142857142857
sp_lg_h,A,5.91,0.35714285714285715
sp_lg_h,A,5.92,0.35714285714285715
sp_lg_h,A,5.93,0.35714285714285715
sp_lg_h,A,5.94,0.35714285714285715
sp_lg_h,A,5.95,0.35714285714285715
sp_lg_h,A,5.96,0.35714285714285715
sp_lg_h,A,5.97,0.35714285714285715
sp_lg_h,A,5.98,0.35714285714285715
sp_lg_h,A,5.99,0.35714285714285715
sp_lg_h,A,6.0,0.35714285714285715
sp_lg_h,A,6.01,0.35714285714285715
sp_lg_h,A,6.0200000000000005,0.35714285714285715
sp_lg_h,A,6.03,0.35714285714285715
sp_lg_h,A,6.04,0.35714285714285715
sp_lg_h,A,6.05,0.35714285714285715
sp_lg_h,A,6.0600000000000005,0.35714285714285715
sp_lg_h,A,6.07,0.35714285714285715
sp_lg_h,A,6.08,0.35714285714285715
sp_lg_h,A,6.09,0.35714285714285715
sp_lg_h,A,6.1000000000000005,0.35714285714285715
sp_lg_h,A,6.11,0.35714285714285715
sp_lg_h,A,6.12,0.35714285714285715
sp_lg_h,A,6.13,0.35714285714285715
sp_lg_h,A,6.140000000000001,0.42857142857142855
sp_lg_h,A,6.15,0.42857142857142855
sp_lg_h,A,6.16,0.42857142857142855
sp_lg_h,A,6.17,0.42857142857142855
sp_lg_h,A,6.18,0.42857142857142855
sp_lg_h,A,6.19,0.42857142857142855
sp_lg_h,A,6.2,0.42857142857142855
sp_lg_h,A,6.21,0.42857142857142855
sp_lg_h,A,6.22,0.42857142857142855
sp_lg_h,A,6.23,0.42857142857142855
sp_lg_h,A,6.24,0.42857142857142855
sp_lg_h,A,6.25,0.42857142857142855
sp_lg_h,A,6.26,0.42857142857142855
sp_lg_h,A,6.2700000000000005,0.42857142857142855
sp_lg_h,A,6.28,0.42857142857142855
sp_lg_h,A,6.29,0.42857142857142855
sp_lg_h,A,6.3,0.42857142857142855
sp_lg_h,A,6.3100000000000005,0.42857142857142855
sp_lg_h,A,6.32,0.42857142857142855
sp_lg_h,A,6.33,0.42857142857142855
sp_lg_h,A,6.34,0.42857142857142855
sp_lg_h,A,6.3500000000000005,0.42857142857142855
sp_lg_h,A,6.36,0.42857142857142855
sp_lg_h,A,6.37,0.42857142857142855
sp_lg_h,A,6.38,0.42857142857142855
sp_lg_h,A,6.390000000000001,0.42857142857142855
sp_lg_h,A,6.4,0.42857142857142855
sp_lg_h,A,6.41,0.42857142857142855
sp_lg_h,A,6.42,0.42857142857142855
sp_lg_h,A,6.43,0.42857142857142855
sp_lg_h,A,6.44,0.42857142857142855
sp_lg_h,A,6.45,0.42857142857142855
sp_lg_h,A,6.46,0.42857142857142855
sp_lg_h,A,6.47,0.42857142857142855
sp_lg_h,A,6.48,0.42857142857142855
sp_lg_h,A,6.49,0.42857142857142855
sp_lg_h,A,6.5,0.42857142857142855
sp_lg_h,A,6.51,0.42857142857142855
sp_lg_h,A,6.5200000000000005,0.42857142857142855
sp_lg_h,A,6.53,0.42857142857142855
sp_lg_h,A,6.54,0.42857142857142855
sp_lg_h,A,6.55,0.42857142857142855
sp_lg_h,A,6.5600000000000005,0.42857142857142855
sp_lg_h,A,6.57,0.42857142857142855
sp_lg_h,A,6.58,0.42857142857142855
sp_lg_h,A,6.59,0.42857142857142855
sp_lg_h,A,6.6000000000000005,0.42857142857142855
sp_lg_h,A,6.61,0.42857142857142855
sp_lg_h,A,6.62,0.42857142857142855
sp_lg_h,A,6.63,0.42857142857142855
sp_lg_h,A,6.640000000000001,0.42857142857142855
sp_lg_h,A,6.65,0.42857142857142855
sp_lg_h,A,6.66,0.42857142857142855
sp_lg_h,A,6.67,0.42857142857142855
sp_lg_h,A,6.68,0.42857142857142855
sp_lg_h,A,6.69,0.42857142857142855
sp_lg_h,A,6.7,0.42857142857142855
sp_lg_h,A,6.71,0.42857142857142855
sp_lg_h,A,6.72,0.42857142857142855
sp_lg_h,A,6.73,0.42857142857142855
sp_lg_h,A,6.74,0.42857142857142855
sp_lg_h,A,6.75,0.42857142857142855
sp_lg_h,A,6.76,0.42857142857142855
sp_lg_h,A,6.7700000000000005,0.42857142857142855
sp_lg_h,A,6.78,0.42857142857142855
sp_lg_h,A,6.79,0.42857142857142855
sp_lg_h,A,6.8,0.42857142857142855
sp_lg_h,A,6.8100000000000005,0.42857142857142855
sp_lg_h,A,6.82,0.42857142857142855
sp_lg_h,A,6.83,0.42857142857142855
sp_lg_h,A,6.84,0.42857142857142855
sp_lg_h,A,6.8500000000000005,0.42857142857142855
sp_lg_h,A,6.86,0.42857142857142855
sp_lg_h,A,6.87,0.42857142857142855
sp_lg_h,A,6.88,0.42857142857142855
sp_lg_h,A,6.890000000000001,0.42857142857142855
sp_lg_h,A,6.9,0.42857142857142855
sp_lg_h,A,6.91,0.5
sp_lg_h,A,6.92,0.5
sp_lg_h,A,6.93,0.5
sp_lg_h,A,6.94,0.5
sp_lg_h,A,6.95,0.5
sp_lg_h,A,6.96,0.5
sp_lg_h,A,6.97,0.5
sp_lg_h,A,6.98,0.5
sp_lg_h,A,6.99,0.5
sp_lg_h,A,7.0,0.5
sp_lg_h,A,7.01,0.5
sp_lg_h,A,7.0200000000000005,0.5
sp_lg_h,A,7.03,0.5
sp_lg_h,A,7.04,0.5
sp_lg_h,A,7.05,0.5
sp_lg_h,A,7.0600000000000005,0.5
sp_lg_h,A,7.07,0.5
sp_lg_h,A,7.08,0.5
sp_lg_h,A,7.09,0.5
sp_lg_h,A,7.1000000000000005,0.5
sp_lg_h,A,7.11,0.5
sp_lg_h,A,7.12,0.5
sp_lg_h,A,7.13,0.5
sp_lg_h,A,7.140000000000001,0.5
sp_lg_h,A,7.15,0.5
sp_lg_h,A,7.16,0.5
sp_lg_h,A,7.17,0.5
sp_lg_h,A,7.18,0.5
sp_lg_h,A,7.19,0.5
sp_lg_h,A,7.2,0.5
sp_lg_h,A,7.21,0.5
sp_lg_h,A,7.22,0.5
sp_lg_h,A,7.23,0.5
sp_lg_h,A,7.24,0.5
sp_lg_h,A,7.25,0.5
sp_lg_h,A,7.26,0.5
sp_lg_h,A,7.2700000000000005,0.5
sp_lg_h,A,7.28,0.5
sp_lg_h,A,7.29,0.5
sp_lg_h,A,7.3,0.5
sp_lg_h,A,7.3100000000000005,0.5
sp_lg_h,A,7.32,0.5
sp_lg_h,A,7.33,0.5
sp_lg_h,A,7.34,0.5
sp_lg_h,A,7.3500000000000005,0.5
sp_lg_h,A,7.36,0.5
sp_lg_h,A,7.37,0.5
sp_lg_h,A,7.38,0.5
sp_lg_h,A,7.390000000000001,0.5
sp_lg_h,A,7.4,0.5
sp_lg_h,A,7.41,0.5
sp_lg_h,A,7.42,0.5
sp_lg_h,A,7.43,0.5
sp_lg_h,A,7.44,0.5
sp_lg_h,A,7.45,0.5
sp_lg_h,A,7.46,0.5
sp_lg_h,A,7.47,0.5
sp_lg_h,A,7.48,0.5
sp_lg_h,A,7.49,0.5
sp_lg_h,A,7.5,0.5
sp_lg_h,A,7.51,0.5
sp_lg_h,A,7.5200000000000005,0.5
sp_lg_h,A,7.53,0.5
sp_lg_h,A,7.54,0.5
sp_lg_h,A,7.55,0.5
sp_lg_h,A,7.5600000000000005,0.5714285714285714
sp_lg_h,A,7.57,0.5714285714285714
sp_lg_h,A,7.58,0.5714285714285714
sp_lg_h,A,7.59,0.5714285714285714
sp_lg_h,A,7.6000000000000005,0.5714285714285714
sp_lg_h,A,7.61,0.5714285714285714
sp_lg_h,A,7.62,0.5714285714285714
sp_lg_h,A,7.63,0.5714285714285714
sp_lg_h,A,7.640000000000001,0.5714285714285714
sp_lg_h,A,7.65,0.5714285714285714
sp_lg_h,A,7.66,0.5714285714285714
sp_lg_h,A,7.67,0.5714285714285714
sp_lg_h,A,7.68,0.5714285714285714
sp_lg_h,A,7.69,0.5714285714285714
sp_lg_h,A,7.7,0.5714285714285714
sp_lg_h,A,7.71,0.5714285714285714
sp_lg_h,A,7.72,0.5714285714285714
sp_lg_h,A,7.73,0.5714285714285714
sp_lg_h,A,7.74,0.5714285714285714
sp_lg_h,A,7.75,0.5714285714285714
sp_lg_h,A,7.76,0.5714285714285714
sp_lg_h,A,7.7700000000000005,0.5714285714285714
sp_lg_h,A,7.78,0.5714285714285714
sp_lg_h,A,7.79,0.5714285714285714
sp_lg_h,A,7.8,0.5714285714285714
sp_lg_h,A,7.8100000000000005,0.5714285714285714
sp_lg_h,A,7.82,0.5714285714285714
sp_lg_h,A,7.83,0.5714285714285714
sp_lg_h,A,7.84,0.5714285714285714
sp_lg_h,A,7.8500000000000005,0.5714285714285714
sp_lg_h,A,7.86,0.5714285714285714
sp_lg_h,A,7.87,0.5714285714285714
sp_lg_h,A,7.88,0.5714285714285714
sp_lg_h,A,7.890000000000001,0.5714285714285714
sp_lg_h,A,7.9,0.5714285714285714
sp_lg_h,A,7.91,0.5714285714285714
sp_lg_h,A,7.92,0.5714285714285714
sp_lg_h,A,7.930000000000001,0.5714285714285714
sp_lg_h,A,7.94,0.5714285714285714
sp_lg_h,A,7.95,0.5714285714285714
sp_lg_h,A,7.96,0.5714285714285714
sp_lg_h,A,7.97,0.5714285714285714
sp_lg_h,A,7.98,0.5714285714285714
sp_lg_h,A,7.99,0.5714285714285714
sp_lg_h,A,8.0,0.5714285714285714
sp_lg_h,A,8.01,0.5714285714285714
sp_lg_h,A,8.02,0.5714285714285714
sp_lg_h,A,8.03,0.5714285714285714
sp_lg_h,A,8.040000000000001,0.5714285714285714
sp_lg_h,A,8.05,0.5714285714285714
sp_lg_h,A,8.06,0.5714285714285714
sp_lg_h,A,8.07,0.5714285714285714
sp_lg_h,A,8.08,0.5714285714285714
sp_lg_h,A,8.09,0.5714285714285714
sp_lg_h,A,8.1,0.5714285714285714
sp_lg_h,A,8.11,0.5714285714285714
sp_lg_h,A,8.120000000000001,0.5714285714285714
sp_lg_h,A,8.13,0.5714285714285714
sp_lg_h,A,8.14,0.5714285714285714
sp_lg_h,A,8.15,0.5714285714285714
sp_lg_h,A,8.16,0.5714285714285714
sp_lg_h,A,8.17,0.5714285714285714
sp_lg_h,A,8.18,0.5714285714285714
sp_lg_h,A,8.19,0.5714285714285714
sp_lg_h,A,8.2,0.5714285714285714
sp_lg_h,A,8.21,0.5714285714285714
sp_lg_h,A,8.22,0.5714285714285714
sp_lg_h,A,8.23,0.5714285714285714
sp_lg_h,A,8.24,0.5714285714285714
sp_lg_h,A,8.25,0.5714285714285714
sp_lg_h,A,8.26,0.5714285714285714
sp_lg_h,A,8.27,0.5714285714285714
sp_lg_h,A,8.28,0.5714285714285714
sp_lg_h,A,8.290000000000001,0.5714285714285714
sp_lg_h,A,8.3,0.5714285714285714
sp_lg_h,A,8.31,0.5714285714285714
sp_lg_h,A,8.32,0.5714285714285714
sp_lg_h,A,8.33,0.5714285714285714
sp_lg_h,A,8.34,0.5714285714285714
sp_lg_h,A,8.35,0.5714285714285714
sp_lg_h,A,8.36,0.5714285714285714
sp_lg_h,A,8.370000000000001,0.5714285714285714
sp_lg_h,A,8.38,0.5714285714285714
sp_lg_h,A,8.39,0.5714285714285714
sp_lg_h,A,8.4,0.5714285714285714
sp_lg_h,A,8.41,0.5714285714285714
sp_lg_h,A,8.42,0.5714285714285714
sp_lg_h,A,8.43,0.5714285714285714
sp_lg_h,A,8.44,0.5714285714285714
sp_lg_h,A,8.45,0.5714285714285714
sp_lg_h,A,8.46,0.5714285714285714
sp_lg_h,A,8.47,0.5714285714285714
sp_lg_h,A,8.48,0.5714285714285714
sp_lg_h,A,8.49,0.6428571428571429
sp_lg_h,A,8.5,0.6428571428571429
sp_lg_h,A,8.51,0.7142857142857143
sp_lg_h,A,8.52,0.7142857142857143
sp_lg_h,A,8.53,0.7142857142857143
sp_lg_h,A,8.540000000000001,0.7142857142857143
sp_lg_h,A,8.55,0.7142857142857143
sp_lg_h,A,8.56,0.7142857142857143
sp_lg_h,A,8.57,0.7142857142857143
sp_lg_h,A,8.58,0.7142857142857143
sp_lg_h,A,8.59,0.7142857142857143
sp_lg_h,A,8.6,0.7142857142857143
sp_lg_h,A,8.61,0.7142857142857143
sp_lg_h,A,8.620000000000001,0.7142857142857143
sp_lg_h,A,8.63,0.7142857142857143
sp_lg_h,A,8.64,0.7142857142857143
sp_lg_h,A,8.65,0.7142857142857143
sp_lg_h,A,8.66,0.7142857142857143
sp_lg_h,A,8.67,0.7142857142857143
sp_lg_h,A,8.68,0.7142857142857143
sp_lg_h,A,8.69,0.7142857142857143
sp_lg_h,A,8.700000000000001,0.7142857142857143
sp_lg_h,A,8.71,0.7142857142857143
sp_lg_h,A,8.72,0.7142857142857143
sp_lg_h,A,8.73,0.7142857142857143
sp_lg_h,A,8.74,0.7142857142857143
sp_lg_h,A,8.75,0.7142857142857143
sp_lg_h,A,8.76,0.7142857142857143
sp_lg_h,A,8.77,0.7142857142857143
sp_lg_h,A,8.78,0.7142857142857143
sp_lg_h,A,8.790000000000001,0.7142857142857143
sp_lg_h,A,8.8,0.7142857142857143
sp_lg_h,A,8.81,0.7142857142857143
sp_lg_h,A,8.82,0.7142857142857143
sp_lg_h,A,8.83,0.7142857142857143
sp_lg_h,A,8.84,0.7142857142857143
sp_lg_h,A,8.85,0.7142857142857143
sp_lg_h,A,8.86,0.7142857142857143
sp_lg_h,A,8.870000000000001,0.7142857142857143
sp_lg_h,A,8.88,0.7142857142857143
sp_lg_h,A,8.89,0.7142857142857143
sp_lg_h,A,8.9,0.7142857142857143
sp_lg_h,A,8.91,0.7142857142857143
sp_lg_h,A,8.92,0.7142857142857143
sp_lg_h,A,8.93,0.7142857142857143
sp_lg_h,A,8.94,0.7142857142857143
sp_lg_h,A,8.950000000000001,0.7142857142857143
sp_lg_h,A,8.96,0.7142857142857143
sp_lg_h,A,8.97,0.7142857142857143
sp_lg_h,A,8.98,0.7142857142857143
sp_lg_h,A,8.99,0.7142857142857143
sp_lg_h,A,9.0,0.7142857142857143
sp_lg_h,A,9.01,0.7142857142857143
sp_lg_h,A,9.02,0.7142857142857143
sp_lg_h,A,9.03,0.7142857142857143
sp_lg_h,A,9.040000000000001,0.7142857142857143
sp_lg_h,A,9.05,0.7142857142857143
sp_lg_h,A,9.06,0.7142857142857143
sp_lg_h,A,9.07,0.7142857142857143
sp_lg_h,A,9.08,0.7142857142857143
sp_lg_h,A,9.09,0.7142857142857143
sp_lg_h,A,9.1,0.7142857142857143
sp_lg_h,A,9.11,0.7142857142857143
sp_lg_h,A,9.120000000000001,0.7142857142857143
sp_lg_h,A,9.13,0.7142857142857143
sp_lg_h,A,9.14,0.7142857142857143
sp_lg_h,A,9.15,0.7142857142857143
sp_lg_h,A,9.16,0.7142857142857143
sp_lg_h,A,9.17,0.7142857142857143
sp_lg_h,A,9.18,0.7142857142857143
sp_lg_h,A,9.19,0.7142857142857143
sp_lg_h,A,9.200000000000001,0.7142857142857143
sp_lg_h,A,9.21,0.7142857142857143
sp_lg_h,A,9.22,0.7142857142857143
sp_lg_h,A,9.23,0.7142857142857143
sp_lg_h,A,9.24,0.7142857142857143
sp_lg_h,A,9.25,0.7142857142857143
sp_lg_h,A,9.26,0.7142857142857143
sp_lg_h,A,9.27,0.7142857142857143
sp_lg_h,A,9.28,0.7142857142857143
sp_lg_h,A,9.290000000000001,0.7142857142857143
sp_lg_h,A,9.3,0.7142857142857143
sp_lg_h,A,9.31,0.7142857142857143
sp_lg_h,A,9.32,0.7142857142857143
sp_lg_h,A,9.33,0.7142857142857143
sp_lg_h,A,9.34,0.7142857142857143
sp_lg_h,A,9.35,0.7142857142857143
sp_lg_h,A,9.36,0.7142857142857143
sp_lg_h,A,9.370000000000001,0.7142857142857143
sp_lg_h,A,9.38,0.7142857142857143
sp_lg_h,A,9.39,0.7142857142857143
sp_lg_h,A,9.4,0.7142857142857143
sp_lg_h,A,9.41,0.7142857142857143
sp_lg_h,A,9.42,0.7142857142857143
sp_lg_h,A,9.43,0.7142857142857143
sp_lg_h,A,9.44,0.7142857142857143
sp_lg_h,A,9.450000000000001,0.7142857142857143
sp_lg_h,A,9.46,0.7142857142857143
sp_lg_h,A,9.47,0.7142857142857143
sp_lg_h,A,9.48,0.7142857142857143
sp_lg_h,A,9.49,0.7142857142857143
sp_lg_h,A,9.5,0.7142857142857143
sp_lg_h,A,9.51,0.7142857142857143
sp_lg_h,A,9.52,0.7142857142857143
sp_lg_h,A,9.53,0.7142857142857143
sp_lg_h,A,9.540000000000001,0.7142857142857143
sp_lg_h,A,9.55,0.7142857142857143
sp_lg_h,A,9.56,0.7142857142857143
sp_lg_h,A,9.57,0.7142857142857143
sp_lg_h,A,9.58,0.7142857142857143
sp_lg_h,A,9.59,0.7142857142857143
sp_lg_h,A,9.6,0.7142857142857143
sp_lg_h,A,9.61,0.7142857142857143
sp_lg_h,A,9.620000000000001,0.7142857142857143
sp_lg_h,A,9.63,0.7142857142857143
sp_lg_h,A,9.64,0.7142857142857143
sp_lg_h,A,9.65,0.7142857142857143
sp_lg_h,A,9.66,0.7142857142857143
sp_lg_h,A,9.67,0.7142857142857143
sp_lg_h,A,9.68,0.7142857142857143
sp_lg_h,A,9.69,0.7142857142857143
sp_lg_h,A,9.700000000000001,0.7142857142857143
sp_lg_h,A,9.71,0.7142857142857143
sp_lg_h,A,9.72,0.7142857142857143
sp_lg_h,A,9.73,0.7142857142857143
sp_lg_h,A,9.74,0.7142857142857143
sp_lg_h,A,9.75,0.7142857142857143
sp_lg_h,A,9.76,0.7142857142857143
sp_lg_h,A,9.77,0.7142857142857143
sp_lg_h,A,9.78,0.7142857142857143
sp_lg_h,A,9.790000000000001,0.7142857142857143
sp_lg_h,A,9.8,0.7142857142857143
sp_lg_h,A,9.81,0.7142857142857143
sp_lg_h,A,9.82,0.7142857142857143
sp_lg_h,A,9.83,0.7142857142857143
sp_lg_h,A,9.84,0.7142857142857143
sp_lg_h,A,9.85,0.7142857142857143
sp_lg_h,A,9.86,0.7142857142857143
sp_lg_h,A,9.870000000000001,0.7142857142857143
sp_lg_h,A,9.88,0.7142857142857143
sp_lg_h,A,9.89,0.7857142857142857
sp_lg_h,A,9.9,0.7857142857142857
sp_lg_h,A,9.91,0.7857142857142857
sp_lg_h,A,9.92,0.7857142857142857
sp_lg_h,A,9.93,0.7857142857142857
sp_lg_h,A,9.94,0.7857142857142857
sp_lg_h,A,9.950000000000001,0.7857142857142857
sp_lg_h,A,9.96,0.7857142857142857
sp_lg_h,A,9.97,0.7857142857142857
sp_lg_h,A,9.98,0.7857142857142857
sp_lg_h,A,9.99,0.7857142857142857
sp_lg_h,A,10.0,0.7857142857142857
sp_lg_h,A,10.01,0.7857142857142857
sp_lg_h,A,10.02,0.7857142857142857
sp_lg_h,A,10.03,0.7857142857142857
sp_lg_h,A,10.040000000000001,0.7857142857142857
sp_lg_h,A,10.05,0.7857142857142857
sp_lg_h,A,10.06,0.7857142857142857
sp_lg_h,A,10.07,0.7857142857142857
sp_lg_h,A,10.08,0.7857142857142857
sp_lg_h,A,10.09,0.7857142857142857
sp_lg_h,A,10.1,0.7857142857142857
sp_lg_h,A,10.11,0.7857142857142857
sp_lg_h,A,10.120000000000001,0.7857142857142857
sp_lg_h,A,10.13,0.7857142857142857
sp_lg_h,A,10.14,0.7857142857142857
sp_lg_h,A,10.15,0.7857142857142857
sp_lg_h,A,10.16,0.7857142857142857
sp_lg_h,A,10.17,0.7857142857142857
sp_lg_h,A,10.18,0.7857142857142857
sp_lg_h,A,10.19,0.7857142857142857
sp_lg_h,A,10.200000000000001,0.7857142857142857
sp_lg_h,A,10.21,0.7857142857142857
sp_lg_h,A,10.22,0.7857142857142857
sp_lg_h,A,10.23,0.7857142857142857
sp_lg_h,A,10.24,0.7857142857142857
sp_lg_h,A,10.25,0.7857142857142857
sp_lg_h,A,10.26,0.7857142857142857
sp_lg_h,A,10.27,0.7857142857142857
sp_lg_h,A,10.28,0.7857142857142857
sp_lg_h,A,10.290000000000001,0.7857142857142857
sp_lg_h,A,10.3,0.7857142857142857
sp_lg_h,A,10.31,0.7857142857142857
sp_lg_h,A,10.32,0.7857142857142857
sp_lg_h,A,10.33,0.7857142857142857
sp_lg_h,A,10.34,0.7857142857142857
sp_lg_h,A,10.35,0.7857142857142857
sp_lg_h,A,10.36,0.7857142857142857
sp_lg_h,A,10.370000000000001,0.7857142857142857
sp_lg_h,A,10.38,0.7857142857142857
sp_lg_h,A,10.39,0.7857142857142857
sp_lg_h,A,10.4,0.7857142857142857
sp_lg_h,A,10.41,0.7857142857142857
sp_lg_h,A,10.42,0.7857142857142857
sp_lg_h,A,10.43,0.7857142857142857
sp_lg_h,A,10.44,0.7857142857142857
sp_lg_h,A,10.450000000000001,0.7857142857142857
sp_lg_h,A,10.46,0.7857142857142857
sp_lg_h,A,10.47,0.7857142857142857
sp_lg_h,A,10.48,0.7857142857142857
sp_lg_h,A,10.49,0.7857142857142857
sp_lg_h,A,10.5,0.7857142857142857
sp_lg_h,A,10.51,0.7857142857142857
sp_lg_h,A,10.52,0.7857142857142857
sp_lg_h,A,10.53,0.7857142857142857
sp_lg_h,A,10.540000000000001,0.7857142857142857
sp_lg_h,A,10.55,0.7857142857142857
sp_lg_h,A,10.56,0.7857142857142857
sp_lg_h,A,10.57,0.7857142857142857
sp_lg_h,A,10.58,0.7857142857142857
sp_lg_h,A,10.59,0.7857142857142857
sp_lg_h,A,10.6,0.7857142857142857
sp_lg_h,A,10.61,0.7857142857142857
sp_lg_h,A,10.620000000000001,0.7857142857142857
sp_lg_h,A,10.63,0.7857142857142857
sp_lg_h,A,10.64,0.7857142857142857
sp_lg_h,A,10.65,0.7857142857142857
sp_lg_h,A,10.66,0.7857142857142857
sp_lg_h,A,10.67,0.7857142857142857
sp_lg_h,A,10.68,0.7857142857142857
sp_lg_h,A,10.69,0.7857142857142857
sp_lg_h,A,10.700000000000001,0.7857142857142857
sp_lg_h,A,10.71,0.7857142857142857
sp_lg_h,A,10.72,0.7857142857142857
sp_lg_h,A,10.73,0.7857142857142857
sp_lg_h,A,10.74,0.7857142857142857
sp_lg_h,A,10.75,0.7857142857142857
sp_lg_h,A,10.76,0.7857142857142857
sp_lg_h,A,10.77,0.7857142857142857
sp_lg_h,A,10.78,0.7857142857142857
sp_lg_h,A,10.790000000000001,0.7857142857142857
sp_lg_h,A,10.8,0.7857142857142857
sp_lg_h,A,10.81,0.7857142857142857
sp_lg_h,A,10.82,0.7857142857142857
sp_lg_h,A,10.83,0.7857142857142857
sp_lg_h,A,10.84,0.7857142857142857
sp_lg_h,A,10.85,0.7857142857142857
sp_lg_h,A,10.86,0.7857142857142857
sp_lg_h,A,10.870000000000001,0.7857142857142857
sp_lg_h,A,10.88,0.7857142857142857
sp_lg_h,A,10.89,0.7857142857142857
sp_lg_h,A,10.9,0.7857142857142857
sp_lg_h,A,10.91,0.7857142857142857
sp_lg_h,A,10.92,0.7857142857142857
sp_lg_h,A,10.93,0.7857142857142857
sp_lg_h,A,10.94,0.7857142857142857
sp_lg_h,A,10.950000000000001,0.7857142857142857
sp_lg_h,A,10.96,0.7857142857142857
sp_lg_h,A,10.97,0.7857142857142857
sp_lg_h,A,10.98,0.7857142857142857
sp_lg_h,A,10.99,0.7857142857142857
sp_lg_h,A,11.0,0.7857142857142857
sp_lg_h,A,11.01,0.7857142857142857
sp_lg_h,A,11.02,0.7857142857142857
sp_lg_h,A,11.03,0.7857142857142857
sp_lg_h,A,11.040000000000001,0.7857142857142857
sp_lg_h,A,11.05,0.7857142857142857
sp_lg_h,A,11.06,0.7857142857142857
sp_lg_h,A,11.07,0.7857142857142857
sp_lg_h,A,11.08,0.7857142857142857
sp_lg_h,A,11.09,0.7857142857142857
sp_lg_h,A,11.1,0.7857142857142857
sp_lg_h,A,11.11,0.7857142857142857
sp_lg_h,A,11.120000000000001,0.7857142857142857
sp_lg_h,A,11.13,0.7857142857142857
sp_lg_h,A,11.14,0.7857142857142857
sp_lg_h,A,11.15,0.7857142857142857
sp_lg_h,A,11.16,0.7857142857142857
sp_lg_h,A,11.17,0.7857142857142857
sp_lg_h,A,11.18,0.7857142857142857
sp_lg_h,A,11.19,0.7857142857142857
sp_lg_h,A,11.200000000000001,0.7857142857142857
sp_lg_h,A,11.21,0.7857142857142857
sp_lg_h,A,11.22,0.7857142857142857
sp_lg_h,A,11.23,0.7857142857142857
sp_lg_h,A,11.24,0.7857142857142857
sp_lg_h,A,11.25,0.7857142857142857
sp_lg_h,A,11.26,0.7857142857142857
sp_lg_h,A,11.27,0.7857142857142857
sp_lg_h,A,11.28,0.7857142857142857
sp_lg_h,A,11.290000000000001,0.7857142857142857
sp_lg_h,A,11.3,0.7857142857142857
sp_lg_h,A,11.31,0.7857142857142857
sp_lg_h,A,11.32,0.7857142857142857
sp_lg_h,A,11.33,0.7857142857142857
sp_lg_h,A,11.34,0.7857142857142857
sp_lg_h,A,11.35,0.7857142857142857
sp_lg_h,A,11.36,0.7857142857142857
sp_lg_h,A,11.370000000000001,0.7857142857142857
sp_lg_h,A,11.38,0.7857142857142857
sp_lg_h,A,11.39,0.7857142857142857
sp_lg_h,A,11.4,0.7857142857142857
sp_lg_h,A,11.41,0.7857142857142857
sp_lg_h,A,11.42,0.7857142857142857
sp_lg_h,A,11.43,0.7857142857142857
sp_lg_h,A,11.44,0.7857142857142857
sp_lg_h,A,11.450000000000001,0.7857142857142857
sp_lg_h,A,11.46,0.7857142857142857
sp_lg_h,A,11.47,0.7857142857142857
sp_lg_h,A,11.48,0.7857142857142857
sp_lg_h,A,11.49,0.7857142857142857
sp_lg_h,A,11.5,0.7857142857142857
sp_lg_h,A,11.51,0.7857142857142857
sp_lg_h,A,11.52,0.7857142857142857
sp_lg_h,A,11.53,0.8571428571428571
sp_lg_h,A,11.540000000000001,0.8571428571428571
sp_lg_h,A,11.55,0.8571428571428571
sp_lg_h,A,11.56,0.8571428571428571
sp_lg_h,A,11.57,0.8571428571428571
sp_lg_h,A,11.58,0.8571428571428571
sp_lg_h,A,11.59,0.8571428571428571
sp_lg_h,A,11.6,0.8571428571428571
sp_lg_h,A,11.61,0.8571428571428571
sp_lg_h,A,11.620000000000001,0.8571428571428571
sp_lg_h,A,11.63,0.8571428571428571
sp_lg_h,A,11.64,0.8571428571428571
sp_lg_h,A,11.65,0.8571428571428571
sp_lg_h,A,11.66,0.8571428571428571
sp_lg_h,A,11.67,0.8571428571428571
sp_lg_h,A,11.68,0.8571428571428571
sp_lg_h,A,11.69,0.8571428571428571
sp_lg_h,A,11.700000000000001,0.8571428571428571
sp_lg_h,A,11.71,0.8571428571428571
sp_lg_h,A,11.72,0.8571428571428571
sp_lg_h,A,11.73,0.8571428571428571
sp_lg_h,A,11.74,0.8571428571428571
sp_lg_h,A,11.75,0.8571428571428571
sp_lg_h,A,11.76,0.8571428571428571
sp_lg_h,A,11.77,0.8571428571428571
sp_lg_h,A,11.78,0.8571428571428571
sp_lg_h,A,11.790000000000001,0.8571428571428571
sp_lg_h,A,11.8,0.8571428571428571
sp_lg_h,A,11.81,0.8571428571428571
sp_lg_h,A,11.82,0.8571428571428571
sp_lg_h,A,11.83,0.8571428571428571
sp_lg_h,A,11.84,0.8571428571428571
sp_lg_h,A,11.85,0.8571428571428571
sp_lg_h,A,11.86,0.8571428571428571
sp_lg_h,A,11.870000000000001,0.8571428571428571
sp_lg_h,A,11.88,0.8571428571428571
sp_lg_h,A,11.89,0.8571428571428571
sp_lg_h,A,11.9,0.9285714285714286
sp_lg_h,A,11.91,0.9285714285714286
sp_lg_h,A,11.92,0.9285714285714286
sp_lg_h,A,11.93,0.9285714285714286
sp_lg_h,A,11.94,0.9285714285714286
sp_lg_h,A,11.950000000000001,0.9285714285714286
sp_lg_h,A,11.96,0.9285714285714286
sp_lg_h,A,11.97,0.9285714285714286
sp_lg_h,A,11.98,0.9285714285714286
sp_lg_h,A,11.99,0.9285714285714286
sp_lg_h,A,12.0,0.9285714285714286
sp_lg_h,A,12.01,0.9285714285714286
sp_lg_h,A,12.02,0.9285714285714286
sp_lg_h,A,12.030000000000001,0.9285714285714286
sp_lg_h,A,12.040000000000001,0.9285714285714286
sp_lg_h,A,12.05,0.9285714285714286
sp_lg_h,A,12.06,0.9285714285714286
sp_lg_h,A,12.07,0.9285714285714286
sp_lg_h,A,12.08,0.9285714285714286
sp_lg_h,A,12.09,0.9285714285714286
sp_lg_h,A,12.1,0.9285714285714286
sp_lg_h,A,12.11,0.9285714285714286
sp_lg_h,A,12.120000000000001,0.9285714285714286
sp_lg_h,A,12.13,0.9285714285714286
sp_lg_h,A,12.14,0.9285714285714286
sp_lg_h,A,12.15,0.9285714285714286
sp_lg_h,A,12.16,0.9285714285714286
sp_lg_h,A,12.17,0.9285714285714286
sp_lg_h,A,12.18,0.9285714285714286
sp_lg_h,A,12.19,0.9285714285714286
sp_lg_h,A,12.200000000000001,0.9285714285714286
sp_lg_h,A,12.21,0.9285714285714286
sp_lg_h,A,12.22,0.9285714285714286
sp_lg_h,A,12.23,0.9285714285714286
sp_lg_h,A,12.24,0.9285714285714286
sp_lg_h,A,12.25,0.9285714285714286
sp_lg_h,A,12.26,0.9285714285714286
sp_lg_h,A,12.27,0.9285714285714286
sp_lg_h,A,12.280000000000001,0.9285714285714286
sp_lg_h,A,12.290000000000001,0.9285714285714286
sp_lg_h,A,12.3,0.9285714285714286
sp_lg_h,A,12.31,0.9285714285714286
sp_lg_h,A,12.32,0.9285714285714286
sp_lg_h,A,12.33,0.9285714285714286
sp_lg_h,A,12.34,0.9285714285714286
sp_lg_h,A,12.35,0.9285714285714286
sp_lg_h,A,12.36,0.9285714285714286
sp_lg_h,A,12.370000000000001,0.9285714285714286
sp_lg_h,A,12.38,0.9285714285714286
sp_lg_h,A,12.39,0.9285714285714286
sp_lg_h,A,12.4,0.9285714285714286
sp_lg_h,A,12.41,0.9285714285714286
sp_lg_h,A,12.42,0.9285714285714286
sp_lg_h,A,12.43,0.9285714285714286
sp_lg_h,A,12.44,0.9285714285714286
sp_lg_h,A,12.450000000000001,0.9285714285714286
sp_lg_h,A,12.46,0.9285714285714286
sp_lg_h,A,12.47,0.9285714285714286
sp_lg_h,A,12.48,0.9285714285714286
sp_lg_h,A,12.49,0.9285714285714286
sp_lg_h,A,12.5,0.9285714285714286
sp_lg_h,A,12.51,0.9285714285714286
sp_lg_h,A,12.52,0.9285714285714286
sp_lg_h,A,12.530000000000001,0.9285714285714286
sp_lg_h,A,12.540000000000001,0.9285714285714286
sp_lg_h,A,12.55,0.9285714285714286
sp_lg_h,A,12.56,0.9285714285714286
sp_lg_h,A,12.57,0.9285714285714286
sp_lg_h,A,12.58,0.9285714285714286
sp_lg_h,A,12.59,0.9285714285714286
sp_lg_h,A,12.6,0.9285714285714286
sp_lg_h,A,12.61,0.9285714285714286
sp_lg_h,A,12.620000000000001,0.9285714285714286
sp_lg_h,A,12.63,0.9285714285714286
sp_lg_h,A,12.64,0.9285714285714286
sp_lg_h,A,12.65,0.9285714285714286
sp_lg_h,A,12.66,0.9285714285714286
sp_lg_h,A,12.67,0.9285714285714286
sp_lg_h,A,12.68,0.9285714285714286
sp_lg_h,A,12.69,0.9285714285714286
sp_lg_h,A,12.700000000000001,0.9285714285714286
sp_lg_h,A,12.71,0.9285714285714286
sp_lg_h,A,12.72,0.9285714285714286
sp_lg_h,A,12.73,0.9285714285714286
sp_lg_h,A,12.74,0.9285714285714286
sp_lg_h,A,12.75,0.9285714285714286
sp_lg_h,A,12.76,0.9285714285714286
sp_lg_h,A,12.77,0.9285714285714286
sp_lg_h,A,12.780000000000001,0.9285714285714286
sp_lg_h,A,12.790000000000001,0.9285714285714286
sp_lg_h,A,12.8,0.9285714285714286
sp_lg_h,A,12.81,0.9285714285714286
sp_lg_h,A,12.82,0.9285714285714286
sp_lg_h,A,12.83,0.9285714285714286
sp_lg_h,A,12.84,0.9285714285714286
sp_lg_h,A,12.85,0.9285714285714286
sp_lg_h,A,12.86,0.9285714285714286
sp_lg_h,A,12.870000000000001,0.9285714285714286
sp_lg_h,A,12.88,0.9285714285714286
sp_lg_h,A,12.89,0.9285714285714286
sp_lg_h,A,12.9,0.9285714285714286
sp_lg_h,A,12.91,0.9285714285714286
sp_lg_h,A,12.92,0.9285714285714286
sp_lg_h,A,12.93,0.9285714285714286
sp_lg_h,A,12.94,0.9285714285714286
sp_lg_h,A,12.950000000000001,0.9285714285714286
sp_lg_h,A,12.96,0.9285714285714286
sp_lg_h,A,12.97,0.9285714285714286
sp_lg_h,A,12.98,0.9285714285714286
sp_lg_h,A,12.99,0.9285714285714286
sp_lg_h,A,13.0,0.9285714285714286
sp_lg_h,A,13.01,0.9285714285714286
sp_lg_h,A,13.02,0.9285714285714286
sp_lg_h,A,13.030000000000001,0.9285714285714286
sp_lg_h,A,13.040000000000001,0.9285714285714286
sp_lg_h,A,13.05,0.9285714285714286
sp_lg_h,A,13.06,0.9285714285714286
sp_lg_h,A,13.07,0.9285714285714286
sp_lg_h,A,13.08,0.9285714285714286
sp_lg_h,A,13.09,0.9285714285714286
sp_lg_h,A,13.1,0.9285714285714286
sp_lg_h,A,13.11,0.9285714285714286
sp_lg_h,A,13.120000000000001,0.9285714285714286
sp_lg_h,A,13.13,0.9285714285714286
sp_lg_h,A,13.14,0.9285714285714286
sp_lg_h,A,13.15,0.9285714285714286
sp_lg_h,A,13.16,0.9285714285714286
sp_lg_h,A,13.17,0.9285714285714286
sp_lg_h,A,13.18,0.9285714285714286
sp_lg_h,A,13.19,0.9285714285714286
sp_lg_h,A,13.200000000000001,0.9285714285714286
sp_lg_h,A,13.21,0.9285714285714286
sp_lg_h,A,13.22,0.9285714285714286
sp_lg_h,A,13.23,0.9285714285714286
sp_lg_h,A,13.24,0.9285714285714286
sp_lg_h,A,13.25,0.9285714285714286
sp_lg_h,A,13.26,0.9285714285714286
sp_lg_h,A,13.27,0.9285714285714286
sp_lg_h,A,13.280000000000001,0.9285714285714286
sp_lg_h,A,13.290000000000001,0.9285714285714286
sp_lg_h,A,13.3,0.9285714285714286
sp_lg_h,A,13.31,0.9285714285714286
sp_lg_h,A,13.32,0.9285714285714286
sp_lg_h,A,13.33,0.9285714285714286
sp_lg_h,A,13.34,0.9285714285714286
sp_lg_h,A,13.35,0.9285714285714286
sp_lg_h,A,13.36,0.9285714285714286
sp_lg_h,A,13.370000000000001,0.9285714285714286
sp_lg_h,A,13.38,0.9285714285714286
sp_lg_h,A,13.39,0.9285714285714286
sp_lg_h,A,13.4,0.9285714285714286
sp_lg_h,A,13.41,0.9285714285714286
sp_lg_h,A,13.42,0.9285714285714286
sp_lg_h,A,13.43,0.9285714285714286
sp_lg_h,A,13.44,0.9285714285714286
sp_lg_h,A,13.450000000000001,0.9285714285714286
sp_lg_h,A,13.46,0.9285714285714286
sp_lg_h,A,13.47,0.9285714285714286
sp_lg_h,A,13.48,0.9285714285714286
sp_lg_h,A,13.49,0.9285714285714286
sp_lg_h,A,13.5,0.9285714285714286
sp_lg_h,A,13.51,0.9285714285714286
sp_lg_h,A,13.52,0.9285714285714286
sp_lg_h,A,13.530000000000001,0.9285714285714286
sp_lg_h,A,13.540000000000001,0.9285714285714286
sp_lg_h,A,13.55,0.9285714285714286
sp_lg_h,A,13.56,0.9285714285714286
sp_lg_h,A,13.57,0.9285714285714286
sp_lg_h,A,13.58,0.9285714285714286
sp_lg_h,A,13.59,0.9285714285714286
sp_lg_h,A,13.6,0.9285714285714286
sp_lg_h,A,13.61,0.9285714285714286
sp_lg_h,A,13.620000000000001,0.9285714285714286
sp_lg_h,A,13.63,0.9285714285714286
sp_lg_h,A,13.64,0.9285714285714286
sp_lg_h,A,13.65,0.9285714285714286
sp_lg_h,A,13.66,0.9285714285714286
sp_lg_h,A,13.67,0.9285714285714286
sp_lg_h,A,13.68,0.9285714285714286
sp_lg_h,A,13.69,0.9285714285714286
sp_lg_h,A,13.700000000000001,0.9285714285714286
sp_lg_h,A,13.71,0.9285714285714286
sp_lg_h,A,13.72,0.9285714285714286
sp_lg_h,A,13.73,0.9285714285714286
sp_lg_h,A,13.74,0.9285714285714286
sp_lg_h,A,13.75,0.9285714285714286
sp_lg_h,A,13.76,0.9285714285714286
sp_lg_h,A,13.77,0.9285714285714286
sp_lg_h,A,13.780000000000001,0.9285714285714286
sp_lg_h,A,13.790000000000001,0.9285714285714286
sp_lg_h,A,13.8,0.9285714285714286
sp_lg_h,A,13.81,0.9285714285714286
sp_lg_h,A,13.82,0.9285714285714286
sp_lg_h,A,13.83,0.9285714285714286
sp_lg_h,A,13.84,0.9285714285714286
sp_lg_h,A,13.85,0.9285714285714286
sp_lg_h,A,13.86,0.9285714285714286
sp_lg_h,A,13.870000000000001,0.9285714285714286
sp_lg_h,A,13.88,0.9285714285714286
sp_lg_h,A,13.89,0.9285714285714286
sp_lg_h,A,13.9,0.9285714285714286
sp_lg_h,A,13.91,0.9285714285714286
sp_lg_h,A,13.92,0.9285714285714286
sp_lg_h,A,13.93,0.9285714285714286
sp_lg_h,A,13.94,0.9285714285714286
sp_lg_h,A,13.950000000000001,0.9285714285714286
sp_lg_h,A,13.96,0.9285714285714286
sp_lg_h,A,13.97,0.9285714285714286
sp_lg_h,A,13.98,0.9285714285714286
sp_lg_h,A,13.99,0.9285714285714286
sp_lg_h,A,14.0,0.9285714285714286
sp_lg_h,A,14.01,0.9285714285714286
sp_lg_h,A,14.02,0.9285714285714286
sp_lg_h,A,14.030000000000001,0.9285714285714286
sp_lg_h,A,14.040000000000001,0.9285714285714286
sp_lg_h,A,14.05,0.9285714285714286
sp_lg_h,A,14.06,0.9285714285714286
sp_lg_h,A,14.07,0.9285714285714286
sp_lg_h,A,14.08,0.9285714285714286
sp_lg_h,A,14.09,0.9285714285714286
sp_lg_h,A,14.1,0.9285714285714286
sp_lg_h,A,14.11,0.9285714285714286
sp_lg_h,A,14.120000000000001,0.9285714285714286
sp_lg_h,A,14.13,0.9285714285714286
sp_lg_h,A,14.14,0.9285714285714286
sp_lg_h,A,14.15,0.9285714285714286
sp_lg_h,A,14.16,0.9285714285714286
sp_lg_h,A,14.17,0.9285714285714286
sp_lg_h,A,14.18,0.9285714285714286
sp_lg_h,A,14.19,0.9285714285714286
sp_lg_h,A,14.200000000000001,0.9285714285714286
sp_lg_h,A,14.21,0.9285714285714286
sp_lg_h,A,14.22,0.9285714285714286
sp_lg_h,A,14.23,0.9285714285714286
sp_lg_h,A,14.24,0.9285714285714286
sp_lg_h,A,14.25,0.9285714285714286
sp_lg_h,A,14.26,0.9285714285714286
sp_lg_h,A,14.27,0.9285714285714286
sp_lg_h,A,14.280000000000001,0.9285714285714286
sp_lg_h,A,14.290000000000001,0.9285714285714286
sp_lg_h,A,14.3,0.9285714285714286
sp_lg_h,A,14.31,0.9285714285714286
sp_lg_h,A,14.32,0.9285714285714286
sp_lg_h,A,14.33,0.9285714285714286
sp_lg_h,A,14.34,0.9285714285714286
sp_lg_h,A,14.35,0.9285714285714286
sp_lg_h,A,14.36,0.9285714285714286
sp_lg_h,A,14.370000000000001,0.9285714285714286
sp_lg_h,A,14.38,0.9285714285714286
sp_lg_h,A,14.39,0.9285714285714286
sp_lg_h,A,14.4,0.9285714285714286
sp_lg_h,A,14.41,0.9285714285714286
sp_lg_h,A,14.42,0.9285714285714286
sp_lg_h,A,14.43,0.9285714285714286
sp_lg_h,A,14.44,0.9285714285714286
sp_lg_h,A,14.450000000000001,0.9285714285714286
sp_lg_h,A,14.46,0.9285714285714286
sp_lg_h,A,14.47,0.9285714285714286
sp_lg_h,A,14.48,0.9285714285714286
sp_lg_h,A,14.49,0.9285714285714286
sp_lg_h,A,14.5,0.9285714285714286
sp_lg_h,A,14.51,0.9285714285714286
sp_lg_h,A,14.52,0.9285714285714286
sp_lg_h,A,14.530000000000001,0.9285714285714286
sp_lg_h,A,14.540000000000001,0.9285714285714286
sp_lg_h,A,14.55,0.9285714285714286
sp_lg_h,A,14.56,0.9285714285714286
sp_lg_h,A,14.57,0.9285714285714286
sp_lg_h,A,14.58,0.9285714285714286
sp_lg_h,A,14.59,0.9285714285714286
sp_lg_h,A,14.6,0.9285714285714286
sp_lg_h,A,14.61,0.9285714285714286
sp_lg_h,A,14.620000000000001,0.9285714285714286
sp_lg_h,A,14.63,0.9285714285714286
sp_lg_h,A,14.64,0.9285714285714286
sp_lg_h,A,14.65,0.9285714285714286
sp_lg_h,A,14.66,0.9285714285714286
sp_lg_h,A,14.67,0.9285714285714286
sp_lg_h,A,14.68,0.9285714285714286
sp_lg_h,A,14.69,0.9285714285714286
sp_lg_h,A,14.700000000000001,0.9285714285714286
sp_lg_h,A,14.71,0.9285714285714286
sp_lg_h,A,14.72,0.9285714285714286
sp_lg_h,A,14.73,0.9285714285714286
sp_lg_h,A,14.74,0.9285714285714286
sp_lg_h,A,14.75,0.9285714285714286
sp_lg_h,A,14.76,0.9285714285714286
sp_lg_h,A,14.77,0.9285714285714286
sp_lg_h,A,14.780000000000001,0.9285714285714286
sp_lg_h,A,14.790000000000001,0.9285714285714286
sp_lg_h,A,14.8,0.9285714285714286
sp_lg_h,A,14.81,0.9285714285714286
sp_lg_h,A,14.82,0.9285714285714286
sp_lg_h,A,14.83,0.9285714285714286
sp_lg_h,A,14.84,0.9285714285714286
sp_lg_h,A,14.85,0.9285714285714286
sp_lg_h,A,14.86,0.9285714285714286
sp_lg_h,A,14.870000000000001,0.9285714285714286
sp_lg_h,A,14.88,0.9285714285714286
sp_lg_h,A,14.89,0.9285714285714286
sp_lg_h,A,14.9,0.9285714285714286
sp_lg_h,A,14.91,0.9285714285714286
sp_lg_h,A,14.92,0.9285714285714286
sp_lg_h,A,14.93,0.9285714285714286
sp_lg_h,A,14.94,0.9285714285714286
sp_lg_h,A,14.950000000000001,0.9285714285714286
sp_lg_h,A,14.96,0.9285714285714286
sp_lg_h,A,14.97,0.9285714285714286
sp_lg_h,A,14.98,0.9285714285714286
sp_lg_h,A,14.99,0.9285714285714286
sp_lg_h,A,15.0,0.9285714285714286
sp_lg_h,A,15.01,0.9285714285714286
sp_lg_h,A,15.02,0.9285714285714286
sp_lg_h,A,15.030000000000001,0.9285714285714286
sp_lg_h,A,15.040000000000001,0.9285714285714286
sp_lg_h,A,15.05,0.9285714285714286
sp_lg_h,A,15.06,0.9285714285714286
sp_lg_h,A,15.07,0.9285714285714286
sp_lg_h,A,15.08,0.9285714285714286
sp_lg_h,A,15.09,0.9285714285714286
sp_lg_h,A,15.1,0.9285714285714286
sp_lg_h,A,15.11,0.9285714285714286
sp_lg_h,A,15.120000000000001,0.9285714285714286
sp_lg_h,A,15.13,0.9285714285714286
sp_lg_h,A,15.14,0.9285714285714286
sp_lg_h,A,15.15,0.9285714285714286
sp_lg_h,A,15.16,0.9285714285714286
sp_lg_h,A,15.17,0.9285714285714286
sp_lg_h,A,15.18,0.9285714285714286
sp_lg_h,A,15.19,0.9285714285714286
sp_lg_h,A,15.200000000000001,0.9285714285714286
sp_lg_h,A,15.21,0.9285714285714286
sp_lg_h,A,15.22,0.9285714285714286
sp_lg_h,A,15.23,0.9285714285714286
sp_lg_h,A,15.24,0.9285714285714286
sp_lg_h,A,15.25,0.9285714285714286
sp_lg_h,A,15.26,0.9285714285714286
sp_lg_h,A,15.27,0.9285714285714286
sp_lg_h,A,15.280000000000001,0.9285714285714286
sp_lg_h,A,15.290000000000001,0.9285714285714286
sp_lg_h,A,15.3,0.9285714285714286
sp_lg_h,A,15.31,0.9285714285714286
sp_lg_h,A,15.32,0.9285714285714286
sp_lg_h,A,15.33,0.9285714285714286
sp_lg_h,A,15.34,0.9285714285714286
sp_lg_h,A,15.35,0.9285714285714286
sp_lg_h,A,15.36,0.9285714285714286
sp_lg_h,A,15.370000000000001,0.9285714285714286
sp_lg_h,A,15.38,0.9285714285714286
sp_lg_h,A,15.39,0.9285714285714286
sp_lg_h,A,15.4,0.9285714285714286
sp_lg_h,A,15.41,0.9285714285714286
sp_lg_h,A,15.42,0.9285714285714286
sp_lg_h,A,15.43,0.9285714285714286
sp_lg_h,A,15.44,0.9285714285714286
sp_lg_h,A,15.450000000000001,0.9285714285714286
sp_lg_h,A,15.46,0.9285714285714286
sp_lg_h,A,15.47,0.9285714285714286
sp_lg_h,A,15.48,0.9285714285714286
sp_lg_h,A,15.49,0.9285714285714286
sp_lg_h,A,15.5,0.9285714285714286
sp_lg_h,A,15.51,0.9285714285714286
sp_lg_h,A,15.52,0.9285714285714286
sp_lg_h,A,15.530000000000001,0.9285714285714286
sp_lg_h,A,15.540000000000001,0.9285714285714286
sp_lg_h,A,15.55,0.9285714285714286
sp_lg_h,A,15.56,0.9285714285714286
sp_lg_h,A,15.57,0.9285714285714286
sp_lg_h,A,15.58,0.9285714285714286
sp_lg_h,A,15.59,0.9285714285714286
sp_lg_h,A,15.6,0.9285714285714286
sp_lg_h,A,15.610000000000001,0.9285714285714286
sp_lg_h,A,15.620000000000001,0.9285714285714286
sp_lg_h,A,15.63,0.9285714285714286
sp_lg_h,A,15.64,0.9285714285714286
sp_lg_h,A,15.65,0.9285714285714286
sp_lg_h,A,15.66,0.9285714285714286
sp_lg_h,A,15.67,0.9285714285714286
sp_lg_h,A,15.68,0.9285714285714286
sp_lg_h,A,15.69,0.9285714285714286
sp_lg_h,A,15.700000000000001,0.9285714285714286
sp_lg_h,A,15.71,0.9285714285714286
sp_lg_h,A,15.72,0.9285714285714286
sp_lg_h,A,15.73,0.9285714285714286
sp_lg_h,A,15.74,0.9285714285714286
sp_lg_h,A,15.75,0.9285714285714286
sp_lg_h,A,15.76,0.9285714285714286
sp_lg_h,A,15.77,0.9285714285714286
sp_lg_h,A,15.780000000000001,0.9285714285714286
sp_lg_h,A,15.790000000000001,0.9285714285714286
sp_lg_h,A,15.8,0.9285714285714286
sp_lg_h,A,15.81,0.9285714285714286
sp_lg_h,A,15.82,0.9285714285714286
sp_lg_h,A,15.83,0.9285714285714286
sp_lg_h,A,15.84,0.9285714285714286
sp_lg_h,A,15.85,0.9285714285714286
sp_lg_h,A,15.860000000000001,0.9285714285714286
sp_lg_h,A,15.870000000000001,0.9285714285714286
sp_lg_h,A,15.88,0.9285714285714286
sp_lg_h,A,15.89,0.9285714285714286
sp_lg_h,A,15.9,0.9285714285714286
sp_lg_h,A,15.91,0.9285714285714286
sp_lg_h,A,15.92,0.9285714285714286
sp_lg_h,A,15.93,0.9285714285714286
sp_lg_h,A,15.94,0.9285714285714286
sp_lg_h,A,15.950000000000001,0.9285714285714286
sp_lg_h,A,15.96,0.9285714285714286
sp_lg_h,A,15.97,0.9285714285714286
sp_lg_h,A,15.98,0.9285714285714286
sp_lg_h,A,15.99,0.9285714285714286
sp_lg_h,A,16.0,0.9285714285714286
sp_lg_h,A,16.01,0.9285714285714286
sp_lg_h,A,16.02,0.9285714285714286
sp_lg_h,A,16.03,0.9285714285714286
sp_lg_h,A,16.04,0.9285714285714286
sp_lg_h,A,16.05,0.9285714285714286
sp_lg_h,A,16.06,0.9285714285714286
sp_lg_h,A,16.07,0.9285714285714286
sp_lg_h,A,16.080000000000002,0.9285714285714286
sp_lg_h,A,16.09,0.9285714285714286
sp_lg_h,A,16.1,0.9285714285714286
sp_lg_h,A,16.11,0.9285714285714286
sp_lg_h,A,16.12,0.9285714285714286
sp_lg_h,A,16.13,0.9285714285714286
sp_lg_h,A,16.14,0.9285714285714286
sp_lg_h,A,16.15,0.9285714285714286
sp_lg_h,A,16.16,0.9285714285714286
sp_lg_h,A,16.17,0.9285714285714286
sp_lg_h,A,16.18,0.9285714285714286
sp_lg_h,A,16.19,0.9285714285714286
sp_lg_h,A,16.2,0.9285714285714286
sp_lg_h,A,16.21,0.9285714285714286
sp_lg_h,A,16.22,0.9285714285714286
sp_lg_h,A,16.23,0.9285714285714286
sp_lg_h,A,16.240000000000002,0.9285714285714286
sp_lg_h,A,16.25,0.9285714285714286
sp_lg_h,A,16.26,0.9285714285714286
sp_lg_h,A,16.27,0.9285714285714286
sp_lg_h,A,16.28,0.9285714285714286
sp_lg_h,A,16.29,0.9285714285714286
sp_lg_h,A,16.3,0.9285714285714286
sp_lg_h,A,16.31,0.9285714285714286
sp_lg_h,A,16.32,0.9285714285714286
sp_lg_h,A,16.330000000000002,0.9285714285714286
sp_lg_h,A,16.34,0.9285714285714286
sp_lg_h,A,16.35,0.9285714285714286
sp_lg_h,A,16.36,0.9285714285714286
sp_lg_h,A,16.37,0.9285714285714286
sp_lg_h,A,16.38,0.9285714285714286
sp_lg_h,A,16.39,0.9285714285714286
sp_lg_h,A,16.4,0.9285714285714286
sp_lg_h,A,16.41,0.9285714285714286
sp_lg_h,A,16.42,0.9285714285714286
sp_lg_h,A,16.43,0.9285714285714286
sp_lg_h,A,16.44,0.9285714285714286
sp_lg_h,A,16.45,0.9285714285714286
sp_lg_h,A,16.46,0.9285714285714286
sp_lg_h,A,16.47,0.9285714285714286
sp_lg_h,A,16.48,0.9285714285714286
sp_lg_h,A,16.490000000000002,0.9285714285714286
sp_lg_h,A,16.5,0.9285714285714286
sp_lg_h,A,16.51,0.9285714285714286
sp_lg_h,A,16.52,0.9285714285714286
sp_lg_h,A,16.53,0.9285714285714286
sp_lg_h,A,16.54,0.9285714285714286
sp_lg_h,A,16.55,0.9285714285714286
sp_lg_h,A,16.56,0.9285714285714286
sp_lg_h,A,16.57,0.9285714285714286
sp_lg_h,A,16.580000000000002,0.9285714285714286
sp_lg_h,A,16.59,0.9285714285714286
sp_lg_h,A,16.6,0.9285714285714286
sp_lg_h,A,16.61,0.9285714285714286
sp_lg_h,A,16.62,0.9285714285714286
sp_lg_h,A,16.63,0.9285714285714286
sp_lg_h,A,16.64,0.9285714285714286
sp_lg_h,A,16.65,0.9285714285714286
sp_lg_h,A,16.66,0.9285714285714286
sp_lg_h,A,16.67,0.9285714285714286
sp_lg_h,A,16.68,0.9285714285714286
sp_lg_h,A,16.69,0.9285714285714286
sp_lg_h,A,16.7,0.9285714285714286
sp_lg_h,A,16.71,0.9285714285714286
sp_lg_h,A,16.72,0.9285714285714286
sp_lg_h,A,16.73,0.9285714285714286
sp_lg_h,A,16.740000000000002,0.9285714285714286
sp_lg_h,A,16.75,0.9285714285714286
sp_lg_h,A,16.76,0.9285714285714286
sp_lg_h,A,16.77,0.9285714285714286
sp_lg_h,A,16.78,0.9285714285714286
sp_lg_h,A,16.79,0.9285714285714286
sp_lg_h,A,16.8,0.9285714285714286
sp_lg_h,A,16.81,0.9285714285714286
sp_lg_h,A,16.82,0.9285714285714286
sp_lg_h,A,16.830000000000002,0.9285714285714286
sp_lg_h,A,16.84,0.9285714285714286
sp_lg_h,A,16.85,0.9285714285714286
sp_lg_h,A,16.86,0.9285714285714286
sp_lg_h,A,16.87,0.9285714285714286
sp_lg_h,A,16.88,0.9285714285714286
sp_lg_h,A,16.89,0.9285714285714286
sp_lg_h,A,16.9,0.9285714285714286
sp_lg_h,A,16.91,0.9285714285714286
sp_lg_h,A,16.92,0.9285714285714286
sp_lg_h,A,16.93,0.9285714285714286
sp_lg_h,A,16.94,0.9285714285714286
sp_lg_h,A,16.95,0.9285714285714286
sp_lg_h,A,16.96,0.9285714285714286
sp_lg_h,A,16.97,0.9285714285714286
sp_lg_h,A,16.98,0.9285714285714286
sp_lg_h,A,16.990000000000002,0.9285714285714286
sp_lg_h,A,17.0,0.9285714285714286
sp_lg_h,A,17.01,0.9285714285714286
sp_lg_h,A,17.02,0.9285714285714286
sp_lg_h,A,17.03,0.9285714285714286
sp_lg_h,A,17.04,0.9285714285714286
sp_lg_h,A,17.05,0.9285714285714286
sp_lg_h,A,17.06,0.9285714285714286
sp_lg_h,A,17.07,0.9285714285714286
sp_lg_h,A,17.080000000000002,0.9285714285714286
sp_lg_h,A,17.09,0.9285714285714286
sp_lg_h,A,17.1,0.9285714285714286
sp_lg_h,A,17.11,0.9285714285714286
sp_lg_h,A,17.12,0.9285714285714286
sp_lg_h,A,17.13,0.9285714285714286
sp_lg_h,A,17.14,0.9285714285714286
sp_lg_h,A,17.150000000000002,0.9285714285714286
sp_lg_h,A,17.16,0.9285714285714286
sp_lg_h,A,17.17,0.9285714285714286
sp_lg_h,A,17.18,0.9285714285714286
sp_lg_h,A,17.19,0.9285714285714286
sp_lg_h,A,17.2,0.9285714285714286
sp_lg_h,A,17.21,0.9285714285714286
sp_lg_h,A,17.22,0.9285714285714286
sp_lg_h,A,17.23,0.9285714285714286
sp_lg_h,A,17.240000000000002,0.9285714285714286
sp_lg_h,A,17.25,0.9285714285714286
sp_lg_h,A,17.26,0.9285714285714286
sp_lg_h,A,17.27,0.9285714285714286
sp_lg_h,A,17.28,0.9285714285714286
sp_lg_h,A,17.29,0.9285714285714286
sp_lg_h,A,17.3,0.9285714285714286
sp_lg_h,A,17.31,0.9285714285714286
sp_lg_h,A,17.32,0.9285714285714286
sp_lg_h,A,17.330000000000002,0.9285714285714286
sp_lg_h,A,17.34,0.9285714285714286
sp_lg_h,A,17.35,0.9285714285714286
sp_lg_h,A,17.36,0.9285714285714286
sp_lg_h,A,17.37,0.9285714285714286
sp_lg_h,A,17.38,0.9285714285714286
sp_lg_h,A,17.39,0.9285714285714286
sp_lg_h,A,17.400000000000002,0.9285714285714286
sp_lg_h,A,17.41,0.9285714285714286
sp_lg_h,A,17.42,0.9285714285714286
sp_lg_h,A,17.43,0.9285714285714286
sp_lg_h,A,17.44,0.9285714285714286
sp_lg_h,A,17.45,0.9285714285714286
sp_lg_h,A,17.46,0.9285714285714286
sp_lg_h,A,17.47,0.9285714285714286
sp_lg_h,A,17.48,0.9285714285714286
sp_lg_h,A,17.490000000000002,0.9285714285714286
sp_lg_h,A,17.5,0.9285714285714286
sp_lg_h,A,17.51,0.9285714285714286
sp_lg_h,A,17.52,0.9285714285714286
sp_lg_h,A,17.53,0.9285714285714286
sp_lg_h,A,17.54,0.9285714285714286
sp_lg_h,A,17.55,0.9285714285714286
sp_lg_h,A,17.56,0.9285714285714286
sp_lg_h,A,17.57,0.9285714285714286
sp_lg_h,A,17.580000000000002,0.9285714285714286
sp_lg_h,A,17.59,0.9285714285714286
sp_lg_h,A,17.6,0.9285714285714286
sp_lg_h,A,17.61,0.9285714285714286
sp_lg_h,A,17.62,0.9285714285714286
sp_lg_h,A,17.63,0.9285714285714286
sp_lg_h,A,17.64,0.9285714285714286
sp_lg_h,A,17.650000000000002,0.9285714285714286
sp_lg_h,A,17.66,0.9285714285714286
sp_lg_h,A,17.67,0.9285714285714286
sp_lg_h,A,17.68,0.9285714285714286
sp_lg_h,A,17.69,0.9285714285714286
sp_lg_h,A,17.7,0.9285714285714286
sp_lg_h,A,17.71,0.9285714285714286
sp_lg_h,A,17.72,0.9285714285714286
sp_lg_h,A,17.73,0.9285714285714286
sp_lg_h,A,17.740000000000002,0.9285714285714286
sp_lg_h,A,17.75,0.9285714285714286
sp_lg_h,A,17.76,0.9285714285714286
sp_lg_h,A,17.77,0.9285714285714286
sp_lg_h,A,17.78,0.9285714285714286
sp_lg_h,A,17.79,0.9285714285714286
sp_lg_h,A,17.8,0.9285714285714286
sp_lg_h,A,17.81,0.9285714285714286
sp_lg_h,A,17.82,0.9285714285714286
sp_lg_h,A,17.830000000000002,0.9285714285714286
sp_lg_h,A,17.84,0.9285714285714286
sp_lg_h,A,17.85,0.9285714285714286
sp_lg_h,A,17.86,0.9285714285714286
sp_lg_h,A,17.87,0.9285714285714286
sp_lg_h,A,17.88,0.9285714285714286
sp_lg_h,A,17.89,0.9285714285714286
sp_lg_h,A,17.900000000000002,0.9285714285714286
sp_lg_h,A,17.91,0.9285714285714286
sp_lg_h,A,17.92,0.9285714285714286
sp_lg_h,A,17.93,0.9285714285714286
sp_lg_h,A,17.94,0.9285714285714286
sp_lg_h,A,17.95,0.9285714285714286
sp_lg_h,A,17.96,0.9285714285714286
sp_lg_h,A,17.97,0.9285714285714286
sp_lg_h,A,17.98,0.9285714285714286
sp_lg_h,A,17.990000000000002,0.9285714285714286
sp_lg_h,A,18.0,0.9285714285714286
sp_lg_h,A,18.01,0.9285714285714286
sp_lg_h,A,18.02,0.9285714285714286
sp_lg_h,A,18.03,0.9285714285714286
sp_lg_h,A,18.04,0.9285714285714286
sp_lg_h,A,18.05,0.9285714285714286
sp_lg_h,A,18.06,0.9285714285714286
sp_lg_h,A,18.07,0.9285714285714286
sp_lg_h,A,18.080000000000002,0.9285714285714286
sp_lg_h,A,18.09,0.9285714285714286
sp_lg_h,A,18.1,0.9285714285714286
sp_lg_h,A,18.11,0.9285714285714286
sp_lg_h,A,18.12,0.9285714285714286
sp_lg_h,A,18.13,0.9285714285714286
sp_lg_h,A,18.14,0.9285714285714286
sp_lg_h,A,18.150000000000002,0.9285714285714286
sp_lg_h,A,18.16,0.9285714285714286
sp_lg_h,A,18.17,0.9285714285714286
sp_lg_h,A,18.18,0.9285714285714286
sp_lg_h,A,18.19,0.9285714285714286
sp_lg_h,A,18.2,0.9285714285714286
sp_lg_h,A,18.21,0.9285714285714286
sp_lg_h,A,18.22,0.9285714285714286
sp_lg_h,A,18.23,0.9285714285714286
sp_lg_h,A,18.240000000000002,0.9285714285714286
sp_lg_h,A,18.25,0.9285714285714286
sp_lg_h,A,18.26,0.9285714285714286
sp_lg_h,A,18.27,0.9285714285714286
sp_lg_h,A,18.28,0.9285714285714286
sp_lg_h,A,18.29,0.9285714285714286
sp_lg_h,A,18.3,0.9285714285714286
sp_lg_h,A,18.31,0.9285714285714286
sp_lg_h,A,18.32,0.9285714285714286
sp_lg_h,A,18.330000000000002,0.9285714285714286
sp_lg_h,A,18.34,0.9285714285714286
sp_lg_h,A,18.35,0.9285714285714286
sp_lg_h,A,18.36,0.9285714285714286
sp_lg_h,A,18.37,0.9285714285714286
sp_lg_h,A,18.38,0.9285714285714286
sp_lg_h,A,18.39,0.9285714285714286
sp_lg_h,A,18.400000000000002,0.9285714285714286
sp_lg_h,A,18.41,0.9285714285714286
sp_lg_h,A,18.42,0.9285714285714286
sp_lg_h,A,18.43,0.9285714285714286
sp_lg_h,A,18.44,0.9285714285714286
sp_lg_h,A,18.45,0.9285714285714286
sp_lg_h,A,18.46,0.9285714285714286
sp_lg_h,A,18.47,0.9285714285714286
sp_lg_h,A,18.48,0.9285714285714286
sp_lg_h,A,18.490000000000002,0.9285714285714286
sp_lg_h,A,18.5,0.9285714285714286
sp_lg_h,A,18.51,0.9285714285714286
sp_lg_h,A,18.52,0.9285714285714286
sp_lg_h,A,18.53,0.9285714285714286
sp_lg_h,A,18.54,0.9285714285714286
sp_lg_h,A,18.55,0.9285714285714286
sp_lg_h,A,18.56,0.9285714285714286
sp_lg_h,A,18.57,0.9285714285714286
sp_lg_h,A,18.580000000000002,0.9285714285714286
sp_lg_h,A,18.59,0.9285714285714286
sp_lg_h,A,18.6,0.9285714285714286
sp_lg_h,A,18.61,0.9285714285714286
sp_lg_h,A,18.62,0.9285714285714286
sp_lg_h,A,18.63,0.9285714285714286
sp_lg_h,A,18.64,0.9285714285714286
sp_lg_h,A,18.650000000000002,0.9285714285714286
sp_lg_h,A,18.66,0.9285714285714286
sp_lg_h,A,18.67,0.9285714285714286
sp_lg_h,A,18.68,0.9285714285714286
sp_lg_h,A,18.69,0.9285714285714286
sp_lg_h,A,18.7,0.9285714285714286
sp_lg_h,A,18.71,0.9285714285714286
sp_lg_h,A,18.72,0.9285714285714286
sp_lg_h,A,18.73,0.9285714285714286
sp_lg_h,A,18.740000000000002,0.9285714285714286
sp_lg_h,A,18.75,0.9285714285714286
sp_lg_h,A,18.76,0.9285714285714286
sp_lg_h,A,18.77,0.9285714285714286
sp_lg_h,A,18.78,0.9285714285714286
sp_lg_h,A,18.79,0.9285714285714286
sp_lg_h,A,18.8,0.9285714285714286
sp_lg_h,A,18.81,0.9285714285714286
sp_lg_h,A,18.82,0.9285714285714286
sp_lg_h,A,18.830000000000002,0.9285714285714286
sp_lg_h,A,18.84,0.9285714285714286
sp_lg_h,A,18.85,0.9285714285714286
sp_lg_h,A,18.86,0.9285714285714286
sp_lg_h,A,18.87,0.9285714285714286
sp_lg_h,A,18.88,0.9285714285714286
sp_lg_h,A,18.89,0.9285714285714286
sp_lg_h,A,18.900000000000002,0.9285714285714286
sp_lg_h,A,18.91,0.9285714285714286
sp_lg_h,A,18.92,0.9285714285714286
sp_lg_h,A,18.93,0.9285714285714286
sp_lg_h,A,18.94,0.9285714285714286
sp_lg_h,A,18.95,0.9285714285714286
sp_lg_h,A,18.96,0.9285714285714286
sp_lg_h,A,18.97,0.9285714285714286
sp_lg_h,A,18.98,0.9285714285714286
sp_lg_h,A,18.990000000000002,0.9285714285714286
sp_lg_h,A,19.0,0.9285714285714286
sp_lg_h,A,19.01,0.9285714285714286
sp_lg_h,A,19.02,0.9285714285714286
sp_lg_h,A,19.03,0.9285714285714286
sp_lg_h,A,19.04,0.9285714285714286
sp_lg_h,A,19.05,0.9285714285714286
sp_lg_h,A,19.06,0.9285714285714286
sp_lg_h,A,19.07,0.9285714285714286
sp_lg_h,A,19.080000000000002,0.9285714285714286
sp_lg_h,A,19.09,0.9285714285714286
sp_lg_h,A,19.1,0.9285714285714286
sp_lg_h,A,19.11,0.9285714285714286
sp_lg_h,A,19.12,0.9285714285714286
sp_lg_h,A,19.13,0.9285714285714286
sp_lg_h,A,19.14,0.9285714285714286
sp_lg_h,A,19.150000000000002,0.9285714285714286
sp_lg_h,A,19.16,0.9285714285714286
sp_lg_h,A,19.17,0.9285714285714286
sp_lg_h,A,19.18,0.9285714285714286
sp_lg_h,A,19.19,0.9285714285714286
sp_lg_h,A,19.2,0.9285714285714286
sp_lg_h,A,19.21,0.9285714285714286
sp_lg_h,A,19.22,0.9285714285714286
sp_lg_h,A,19.23,0.9285714285714286
sp_lg_h,A,19.240000000000002,0.9285714285714286
sp_lg_h,A,19.25,0.9285714285714286
sp_lg_h,A,19.26,0.9285714285714286
sp_lg_h,A,19.27,0.9285714285714286
sp_lg_h,A,19.28,0.9285714285714286
sp_lg_h,A,19.29,0.9285714285714286
sp_lg_h,A,19.3,0.9285714285714286
sp_lg_h,A,19.31,0.9285714285714286
sp_lg_h,A,19.32,0.9285714285714286
sp_lg_h,A,19.330000000000002,0.9285714285714286
sp_lg_h,A,19.34,0.9285714285714286
sp_lg_h,A,19.35,0.9285714285714286
sp_lg_h,A,19.36,0.9285714285714286
sp_lg_h,A,19.37,0.9285714285714286
sp_lg_h,A,19.38,0.9285714285714286
sp_lg_h,A,19.39,0.9285714285714286
sp_lg_h,A,19.400000000000002,0.9285714285714286
sp_lg_h,A,19.41,0.9285714285714286
sp_lg_h,A,19.42,0.9285714285714286
sp_lg_h,A,19.43,0.9285714285714286
sp_lg_h,A,19.44,0.9285714285714286
sp_lg_h,A,19.45,0.9285714285714286
sp_lg_h,A,19.46,0.9285714285714286
sp_lg_h,A,19.47,0.9285714285714286
sp_lg_h,A,19.48,0.9285714285714286
sp_lg_h,A,19.490000000000002,0.9285714285714286
sp_lg_h,A,19.5,0.9285714285714286
sp_lg_h,A,19.51,0.9285714285714286
sp_lg_h,A,19.52,0.9285714285714286
sp_lg_h,A,19.53,0.9285714285714286
sp_lg_h,A,19.54,0.9285714285714286
sp_lg_h,A,19.55,0.9285714285714286
sp_lg_h,A,19.56,0.9285714285714286
sp_lg_h,A,19.57,0.9285714285714286
sp_lg_h,A,19.580000000000002,0.9285714285714286
sp_lg_h,A,19.59,0.9285714285714286
sp_lg_h,A,19.6,0.9285714285714286
sp_lg_h,A,19.61,0.9285714285714286
sp_lg_h,A,19.62,0.9285714285714286
sp_lg_h,A,19.63,0.9285714285714286
sp_lg_h,A,19.64,0.9285714285714286
sp_lg_h,A,19.650000000000002,0.9285714285714286
sp_lg_h,A,19.66,0.9285714285714286
sp_lg_h,A,19.67,0.9285714285714286
sp_lg_h,A,19.68,0.9285714285714286
sp_lg_h,A,19.69,0.9285714285714286
sp_lg_h,A,19.7,0.9285714285714286
sp_lg_h,A,19.71,0.9285714285714286
sp_lg_h,A,19.72,0.9285714285714286
sp_lg_h,A,19.73,0.9285714285714286
sp_lg_h,A,19.740000000000002,0.9285714285714286
sp_lg_h,A,19.75,0.9285714285714286
sp_lg_h,A,19.76,0.9285714285714286
sp_lg_h,A,19.77,0.9285714285714286
sp_lg_h,A,19.78,0.9285714285714286
sp_lg_h,A,19.79,0.9285714285714286
sp_lg_h,A,19.8,0.9285714285714286
sp_lg_h,A,19.81,0.9285714285714286
sp_lg_h,A,19.82,0.9285714285714286
sp_lg_h,A,19.830000000000002,0.9285714285714286
sp_lg_h,A,19.84,0.9285714285714286
sp_lg_h,A,19.85,0.9285714285714286
sp_lg_h,A,19.86,0.9285714285714286
sp_lg_h,A,19.87,0.9285714285714286
sp_lg_h,A,19.88,0.9285714285714286
sp_lg_h,A,19.89,0.9285714285714286
sp_lg_h,A,19.900000000000002,0.9285714285714286
sp_lg_h,A,19.91,0.9285714285714286
sp_lg_h,A,19.92,0.9285714285714286
sp_lg_h,A,19.93,0.9285714285714286
sp_lg_h,A,19.94,0.9285714285714286
sp_lg_h,A,19.95,0.9285714285714286
sp_lg_h,A,19.96,0.9285714285714286
sp_lg_h,A,19.97,0.9285714285714286
sp_lg_h,A,19.98,0.9285714285714286
sp_lg_h,A,19.990000000000002,0.9285714285714286
sp_lg_h,A,20.0,0.9285714285714286
sp_lg_h,A,20.01,0.9285714285714286
sp_lg_h,A,20.02,0.9285714285714286
sp_lg_h,A,20.03,0.9285714285714286
sp_lg_h,A,20.04,0.9285714285714286
sp_lg_h,A,20.05,0.9285714285714286
sp_lg_h,A,20.06,0.9285714285714286
sp_lg_h,A,20.07,0.9285714285714286
sp_lg_h,A,20.080000000000002,0.9285714285714286
sp_lg_h,A,20.09,0.9285714285714286
sp_lg_h,A,20.1,0.9285714285714286
sp_lg_h,A,20.11,0.9285714285714286
sp_lg_h,A,20.12,0.9285714285714286
sp_lg_h,A,20.13,0.9285714285714286
sp_lg_h,A,20.14,0.9285714285714286
sp_lg_h,A,20.150000000000002,0.9285714285714286
sp_lg_h,A,20.16,0.9285714285714286
sp_lg_h,A,20.17,0.9285714285714286
sp_lg_h,A,20.18,0.9285714285714286
sp_lg_h,A,20.19,0.9285714285714286
sp_lg_h,A,20.2,0.9285714285714286
sp_lg_h,A,20.21,0.9285714285714286
sp_lg_h,A,20.22,0.9285714285714286
sp_lg_h,A,20.23,0.9285714285714286
sp_lg_h,A,20.240000000000002,0.9285714285714286
sp_lg_h,A,20.25,0.9285714285714286
sp_lg_h,A,20.26,0.9285714285714286
sp_lg_h,A,20.27,0.9285714285714286
sp_lg_h,A,20.28,0.9285714285714286
sp_lg_h,A,20.29,0.9285714285714286
sp_lg_h,A,20.3,0.9285714285714286
sp_lg_h,A,20.31,0.9285714285714286
sp_lg_h,A,20.32,0.9285714285714286
sp_lg_h,A,20.330000000000002,0.9285714285714286
sp_lg_h,A,20.34,0.9285714285714286
sp_lg_h,A,20.35,0.9285714285714286
sp_lg_h,A,20.36,0.9285714285714286
sp_lg_h,A,20.37,0.9285714285714286
sp_lg_h,A,20.38,0.9285714285714286
sp_lg_h,A,20.39,0.9285714285714286
sp_lg_h,A,20.400000000000002,0.9285714285714286
sp_lg_h,A,20.41,0.9285714285714286
sp_lg_h,A,20.42,0.9285714285714286
sp_lg_h,A,20.43,0.9285714285714286
sp_lg_h,A,20.44,0.9285714285714286
sp_lg_h,A,20.45,0.9285714285714286
sp_lg_h,A,20.46,0.9285714285714286
sp_lg_h,A,20.47,0.9285714285714286
sp_lg_h,A,20.48,1.0
sp_lg_h,A,20.490000000000002,1.0
sp_lg_h,A,20.5,1.0
sp_lg_h,A,20.51,1.0
sp_lg_h,A,20.52,1.0
sp_lg_h,A,20.53,1.0
sp_lg_h,A,20.54,1.0
sp_lg_h,A,20.55,1.0
sp_lg_h,A,20.56,1.0
sp_lg_h,A,20.57,1.0
sp_lg_h,A,20.580000000000002,1.0
sp_lg_h,A,20.59,1.0
sp_lg_h,A,20.6,1.0
sp_lg_h,A,20.61,1.0
sp_lg_h,A,20.62,1.0
sp_lg_h,A,20.63,1.0
sp_lg_h,A,20.64,1.0
sp_lg_h,A,20.650000000000002,1.0
sp_lg_h,A,20.66,1.0
sp_lg_h,A,20.67,1.0
sp_lg_h,A,20.68,1.0
sp_lg_h,A,20.69,1.0
sp_lg_h,A,20.7,1.0
sp_lg_h,A,20.71,1.0
sp_lg_h,A,20.72,1.0
sp_lg_h,A,20.73,1.0
sp_lg_h,A,20.740000000000002,1.0
sp_lg_h,A,20.75,1.0
sp_lg_h,A,20.76,1.0
sp_lg_h,A,20.77,1.0
sp_lg_h,A,20.78,1.0
sp_lg_h,A,20.79,1.0
sp_lg_h,A,20.8,1.0
sp_lg_h,A,20.81,1.0
sp_lg_h,A,20.82,1.0
sp_lg_h,A,20.830000000000002,1.0
sp_lg_h,A,20.84,1.0
sp_lg_h,A,20.85,1.0
sp_lg_h,A,20.86,1.0
sp_lg_h,A,20.87,1.0
sp_lg_h,A,20.88,1.0
sp_lg_h,A,20.89,1.0
sp_lg_h,A,20.900000000000002,1.0
sp_lg_h,A,20.91,1.0
sp_lg_h,A,20.92,1.0
sp_lg_h,A,20.93,1.0
sp_lg_h,A,20.94,1.0
sp_lg_h,A,20.95,1.0
sp_lg_h,A,20.96,1.0
sp_lg_h,A,20.97,1.0
sp_lg_h,A,20.98,1.0
sp_lg_h,A,20.990000000000002,1.0
sp_lg_h,A,21.0,1.0
sp_lg_h,A,21.01,1.0
sp_lg_h,A,21.02,1.0
sp_lg_h,A,21.03,1.0
sp_lg_h,A,21.04,1.0
sp_lg_h,A,21.05,1.0
sp_lg_h,A,21.06,1.0
sp_lg_h,A,21.07,1.0
sp_lg_h,A,21.080000000000002,1.0
sp_lg_h,A,21.09,1.0
sp_lg_h,A,21.1,1.0
sp_lg_h,A,21.11,1.0
sp_lg_h,A,21.12,1.0
sp_lg_h,A,21.13,1.0
sp_lg_h,A,21.14,1.0
sp_lg_h,A,21.150000000000002,1.0
sp_lg_h,A,21.16,1.0
sp_lg_h,A,21.17,1.0
sp_lg_h,A,21.18,1.0
sp_lg_h,A,21.19,1.0
sp_lg_h,A,21.2,1.0
sp_lg_h,A,21.21,1.0
sp_lg_h,A,21.22,1.0
sp_lg_h,A,21.23,1.0
sp_lg_h,A,21.240000000000002,1.0
sp_lg_h,A,21.25,1.0
sp_lg_h,A,21.26,1.0
sp_lg_h,A,21.27,1.0
sp_lg_h,A,21.28,1.0
sp_lg_h,A,21.29,1.0
sp_lg_h,A,21.3,1.0
sp_lg_h,A,21.31,1.0
sp_lg_h,A,21.32,1.0
sp_lg_h,A,21.330000000000002,1.0
sp_lg_h,A,21.34,1.0
sp_lg_h,A,21.35,1.0
sp_lg_h,A,21.36,1.0
sp_lg_h,A,21.37,1.0
sp_lg_h,A,21.38,1.0
sp_lg_h,A,21.39,1.0
sp_lg_h,A,21.400000000000002,1.0
sp_lg_h,A,21.41,1.0
sp_lg_h,A,21.42,1.0
sp_lg_h,A,21.43,1.0
sp_lg_h,A,21.44,1.0
sp_lg_h,A,21.45,1.0
sp_lg_h,A,21.46,1.0
sp_lg_h,A,21.47,1.0
sp_lg_h,A,21.48,1.0
sp_lg_h,A,21.490000000000002,1.0
sp_lg_h,A,21.5,1.0
sp_lg_h,A,21.51,1.0
sp_lg_h,A,21.52,1.0
sp_lg_h,A,21.53,1.0
sp_lg_h,A,21.54,1.0
sp_lg_h,A,21.55,1.0
sp_lg_h,A,21.56,1.0
sp_lg_h,A,21.57,1.0
sp_lg_h,A,21.580000000000002,1.0
sp_lg_h,A,21.59,1.0
sp_lg_h,A,21.6,1.0
sp_lg_h,A,21.61,1.0
sp_lg_h,A,21.62,1.0
sp_lg_h,A,21.63,1.0
sp_lg_h,A,21.64,1.0
sp_lg_h,A,21.650000000000002,1.0
sp_lg_h,A,21.66,1.0
sp_lg_h,A,21.67,1.0
sp_lg_h,A,21.68,1.0
sp_lg_h,A,21.69,1.0
sp_lg_h,A,21.7,1.0
sp_lg_h,A,21.71,1.0
sp_lg_h,A,21.72,1.0
sp_lg_h,A,21.73,1.0
sp_lg_h,A,21.740000000000002,1.0
sp_lg_h,A,21.75,1.0
sp_lg_h,A,21.76,1.0
sp_lg_h,A,21.77,1.0
sp_lg_h,A,21.78,1.0
sp_lg_h,A,21.79,1.0
sp_lg_h,A,21.8,1.0
sp_lg_h,A,21.81,1.0
sp_lg_h,A,21.82,1.0
sp_lg_h,A,21.830000000000002,1.0
sp_lg_h,A,21.84,1.0
sp_lg_h,A,21.85,1.0
sp_lg_h,A,21.86,1.0
sp_lg_h,A,21.87,1.0
sp_lg_h,A,21.88,1.0
sp_lg_h,A,21.89,1.0
sp_lg_h,A,21.900000000000002,1.0
sp_lg_h,A,21.91,1.0
sp_lg_h,A,21.92,1.0
sp_lg_h,A,21.93,1.0
sp_lg_h,A,21.94,1.0
sp_lg_h,A,21.95,1.0
sp_lg_h,A,21.96,1.0
sp_lg_h,A,21.97,1.0
sp_lg_h,A,21.98,1.0
sp_lg_h,A,21.990000000000002,1.0
sp_lg_h,A,22.0,1.0
sp_lg_h,A,22.01,1.0
sp_lg_h,A,22.02,1.0
sp_lg_h,A,22.03,1.0
sp_lg_h,A,22.04,1.0
sp_lg_h,A,22.05,1.0
sp_lg_h,A,22.06,1.0
sp_lg_h,A,22.07,1.0
sp_lg_h,A,22.080000000000002,1.0
sp_lg_h,A,22.09,1.0
sp_lg_h,A,22.1,1.0
sp_lg_h,A,22.11,1.0
sp_lg_h,A,22.12,1.0
sp_lg_h,A,22.13,1.0
sp_lg_h,A,22.14,1.0
sp_lg_h,A,22.150000000000002,1.0
sp_lg_h,A,22.16,1.0
sp_lg_h,A,22.17,1.0
sp_lg_h,A,22.18,1.0
sp_lg_h,A,22.19,1.0
sp_lg_h,A,22.2,1.0
sp_lg_h,A,22.21,1.0
sp_lg_h,A,22.22,1.0
sp_lg_h,A,22.23,1.0
sp_lg_h,A,22.240000000000002,1.0
sp_lg_h,A,22.25,1.0
sp_lg_h,A,22.26,1.0
sp_lg_h,A,22.27,1.0
sp_lg_h,A,22.28,1.0
sp_lg_h,A,22.29,1.0
sp_lg_h,A,22.3,1.0
sp_lg_h,A,22.31,1.0
sp_lg_h,A,22.32,1.0
sp_lg_h,A,22.330000000000002,1.0
sp_lg_h,A,22.34,1.0
sp_lg_h,A,22.35,1.0
sp_lg_h,A,22.36,1.0
sp_lg_h,A,22.37,1.0
sp_lg_h,A,22.38,1.0
sp_lg_h,A,22.39,1.0
sp_lg_h,A,22.400000000000002,1.0
sp_lg_h,A,22.41,1.0
sp_lg_h,A,22.42,1.0
sp_lg_h,A,22.43,1.0
sp_lg_h,A,22.44,1.0
sp_lg_h,A,22.45,1.0
sp_lg_h,A,22.46,1.0
sp_lg_h,A,22.47,1.0
sp_lg_h,A,22.48,1.0
sp_lg_h,A,22.490000000000002,1.0
sp_lg_h,A,22.5,1.0
sp_lg_h,A,22.51,1.0
sp_lg_h,A,22.52,1.0
sp_lg_h,A,22.53,1.0
sp_lg_h,A,22.54,1.0
sp_lg_h,A,22.55,1.0
sp_lg_h,A,22.56,1.0
sp_lg_h,A,22.57,1.0
sp_lg_h,A,22.580000000000002,1.0
sp_lg_h,A,22.59,1.0
sp_lg_h,A,22.6,1.0
sp_lg_h,A,22.61,1.0
sp_lg_h,A,22.62,1.0
sp_lg_h,A,22.63,1.0
sp_lg_h,A,22.64,1.0
sp_lg_h,A,22.650000000000002,1.0
sp_lg_h,A,22.66,1.0
sp_lg_h,A,22.67,1.0
sp_lg_h,A,22.68,1.0
sp_lg_h,A,22.69,1.0
sp_lg_h,A,22.7,1.0
sp_lg_h,A,22.71,1.0
sp_lg_h,A,22.72,1.0
sp_lg_h,A,22.73,1.0
sp_lg_h,A,22.740000000000002,1.0
sp_lg_h,A,22.75,1.0
sp_lg_h,A,22.76,1.0
sp_lg_h,A,22.77,1.0
sp_lg_h,A,22.78,1.0
sp_lg_h,A,22.79,1.0
sp_lg_h,A,22.8,1.0
sp_lg_h,A,22.81,1.0
sp_lg_h,A,22.82,1.0
sp_lg_h,A,22.830000000000002,1.0
sp_lg_h,A,22.84,1.0
sp_lg_h,A,22.85,1.0
sp_lg_h,A,22.86,1.0
sp_lg_h,A,22.87,1.0
sp_lg_h,A,22.88,1.0
sp_lg_h,A,22.89,1.0
sp_lg_h,A,22.900000000000002,1.0
sp_lg_h,A,22.91,1.0
sp_lg_h,A,22.92,1.0
sp_lg_h,A,22.93,1.0
sp_lg_h,A,22.94,1.0
sp_lg_h,A,22.95,1.0
sp_lg_h,A,22.96,1.0
sp_lg_h,A,22.97,1.0
sp_lg_h,A,22.98,1.0
sp_lg_h,A,22.990000000000002,1.0
sp_lg_h,A,23.0,1.0
sp_lg_h,A,23.01,1.0
sp_lg_h,A,23.02,1.0
sp_lg_h,A,23.03,1.0
sp_lg_h,A,23.04,1.0
sp_lg_h,A,23.05,1.0
sp_lg_h,A,23.06,1.0
sp_lg_h,A,23.07,1.0
sp_lg_h,A,23.080000000000002,1.0
sp_lg_h,A,23.09,1.0
sp_lg_h,A,23.1,1.0
sp_lg_h,A,23.11,1.0
sp_lg_h,A,23.12,1.0
sp_lg_h,A,23.13,1.0
sp_lg_h,A,23.14,1.0
sp_lg_h,A,23.150000000000002,1.0
sp_lg_h,A,23.16,1.0
sp_lg_h,A,23.17,1.0
sp_lg_h,A,23.18,1.0
sp_lg_h,A,23.19,1.0
sp_lg_h,A,23.2,1.0
sp_lg_h,A,23.21,1.0
sp_lg_h,A,23.22,1.0
sp_lg_h,A,23.23,1.0
sp_lg_h,A,23.240000000000002,1.0
sp_lg_h,A,23.25,1.0
sp_lg_h,A,23.26,1.0
sp_lg_h,A,23.27,1.0
sp_lg_h,A,23.28,1.0
sp_lg_h,A,23.29,1.0
sp_lg_h,A,23.3,1.0
sp_lg_h,A,23.31,1.0
sp_lg_h,A,23.32,1.0
sp_lg_h,A,23.330000000000002,1.0
sp_lg_h,A,23.34,1.0
sp_lg_h,A,23.35,1.0
sp_lg_h,A,23.36,1.0
sp_lg_h,A,23.37,1.0
sp_lg_h,A,23.38,1.0
sp_lg_h,A,23.39,1.0
sp_lg_h,A,23.400000000000002,1.0
sp_lg_h,A,23.41,1.0
sp_lg_h,A,23.42,1.0
sp_lg_h,A,23.43,1.0
sp_lg_h,A,23.44,1.0
sp_lg_h,A,23.45,1.0
sp_lg_h,A,23.46,1.0
sp_lg_h,A,23.47,1.0
sp_lg_h,A,23.48,1.0
sp_lg_h,A,23.490000000000002,1.0
sp_lg_h,A,23.5,1.0
sp_lg_h,A,23.51,1.0
sp_lg_h,A,23.52,1.0
sp_lg_h,A,23.53,1.0
sp_lg_h,A,23.54,1.0
sp_lg_h,A,23.55,1.0
sp_lg_h,A,23.56,1.0
sp_lg_h,A,23.57,1.0
sp_lg_h,A,23.580000000000002,1.0
sp_lg_h,A,23.59,1.0
sp_lg_h,A,23.6,1.0
sp_lg_h,A,23.61,1.0
sp_lg_h,A,23.62,1.0
sp_lg_h,A,23.63,1.0
sp_lg_h,A,23.64,1.0
sp_lg_h,A,23.650000000000002,1.0
sp_lg_h,A,23.66,1.0
sp_lg_h,A,23.67,1.0
sp_lg_h,A,23.68,1.0
sp_lg_h,A,23.69,1.0
sp_lg_h,A,23.7,1.0
sp_lg_h,A,23.71,1.0
sp_lg_h,A,23.72,1.0
sp_lg_h,A,23.73,1.0
sp_lg_h,A,23.740000000000002,1.0
sp_lg_h,A,23.75,1.0
sp_lg_h,A,23.76,1.0
sp_lg_h,A,23.77,1.0
sp_lg_h,A,23.78,1.0
sp_lg_h,A,23.79,1.0
sp_lg_h,A,23.8,1.0
sp_lg_h,A,23.81,1.0
sp_lg_h,A,23.82,1.0
sp_lg_h,A,23.830000000000002,1.0
sp_lg_h,A,23.84,1.0
sp_lg_h,A,23.85,1.0
sp_lg_h,A,23.86,1.0
sp_lg_h,A,23.87,1.0
sp_lg_h,A,23.88,1.0
sp_lg_h,A,23.89,1.0
sp_lg_h,A,23.900000000000002,1.0
sp_lg_h,A,23.91,1.0
sp_lg_h,A,23.92,1.0
sp_lg_h,A,23.93,1.0
sp_lg_h,A,23.94,1.0
sp_lg_h,A,23.95,1.0
sp_lg_h,A,23.96,1.0
sp_lg_h,A,23.97,1.0
sp_lg_h,A,23.98,1.0
sp_lg_h,A,23.990000000000002,1.0
sp_lg_h,A,24.0,1.0
sp_lg_h,A,24.01,1.0
sp_lg_h,A,24.02,1.0
sp_lg_h,A,24.03,1.0
sp_lg_h,A,24.04,1.0
sp_lg_h,A,24.05,1.0
sp_lg_h,A,24.060000000000002,1.0
sp_lg_h,A,24.07,1.0
sp_lg_h,A,24.080000000000002,1.0
sp_lg_h,A,24.09,1.0
sp_lg_h,A,24.1,1.0
sp_lg_h,A,24.11,1.0
sp_lg_h,A,24.12,1.0
sp_lg_h,A,24.13,1.0
sp_lg_h,A,24.14,1.0
sp_lg_h,A,24.150000000000002,1.0
sp_lg_h,A,24.16,1.0
sp_lg_h,A,24.17,1.0
sp_lg_h,A,24.18,1.0
sp_lg_h,A,24.19,1.0
sp_lg_h,A,24.2,1.0
sp_lg_h,A,24.21,1.0
sp_lg_h,A,24.22,1.0
sp_lg_h,A,24.23,1.0
sp_lg_h,A,24.240000000000002,1.0
sp_lg_h,A,24.25,1.0
sp_lg_h,A,24.26,1.0
sp_lg_h,A,24.27,1.0
sp_lg_h,A,24.28,1.0
sp_lg_h,A,24.29,1.0
sp_lg_h,A,24.3,1.0
sp_lg_h,A,24.310000000000002,1.0
sp_lg_h,A,24.32,1.0
sp_lg_h,A,24.330000000000002,1.0
sp_lg_h,A,24.34,1.0
sp_lg_h,A,24.35,1.0
sp_lg_h,A,24.36,1.0
sp_lg_h,A,24.37,1.0
sp_lg_h,A,24.38,1.0
sp_lg_h,A,24.39,1.0
sp_lg_h,A,24.400000000000002,1.0
sp_lg_h,A,24.41,1.0
sp_lg_h,A,24.42,1.0
sp_lg_h,A,24.43,1.0
sp_lg_h,A,24.44,1.0
sp_lg_h,A,24.45,1.0
sp_lg_h,A,24.46,1.0
sp_lg_h,A,24.47,1.0
sp_lg_h,A,24.48,1.0
sp_lg_h,A,24.490000000000002,1.0
sp_lg_h,A,24.5,1.0
sp_lg_h,A,24.51,1.0
sp_lg_h,A,24.52,1.0
sp_lg_h,A,24.53,1.0
sp_lg_h,A,24.54,1.0
sp_lg_h,A,24.55,1.0
sp_lg_h,A,24.560000000000002,1.0
sp_lg_h,A,24.57,1.0
sp_lg_h,A,24.580000000000002,1.0
sp_lg_h,A,24.59,1.0
sp_lg_h,A,24.6,1.0
sp_lg_h,A,24.61,1.0
sp_lg_h,A,24.62,1.0
sp_lg_h,A,24.63,1.0
sp_lg_h,A,24.64,1.0
sp_lg_h,A,24.650000000000002,1.0
sp_lg_h,A,24.66,1.0
sp_lg_h,A,24.67,1.0
sp_lg_h,A,24.68,1.0
sp_lg_h,A,24.69,1.0
sp_lg_h,A,24.7,1.0
sp_lg_h,A,24.71,1.0
sp_lg_h,A,24.72,1.0
sp_lg_h,A,24.73,1.0
sp_lg_h,A,24.740000000000002,1.0
sp_lg_h,A,24.75,1.0
sp_lg_h,A,24.76,1.0
sp_lg_h,A,24.77,1.0
sp_lg_h,A,24.78,1.0
sp_lg_h,A,24.79,1.0
sp_lg_h,A,24.8,1.0
sp_lg_h,A,24.810000000000002,1.0
sp_lg_h,A,24.82,1.0
sp_lg_h,A,24.830000000000002,1.0
sp_lg_h,A,24.84,1.0
sp_lg_h,A,24.85,1.0
sp_lg_h,A,24.86,1.0
sp_lg_h,A,24.87,1.0
sp_lg_h,A,24.88,1.0
sp_lg_h,A,24.89,1.0
sp_lg_h,A,24.900000000000002,1.0
sp_lg_h,A,24.91,1.0
sp_lg_h,A,24.92,1.0
sp_lg_h,A,24.93,1.0
sp_lg_h,A,24.94,1.0
sp_lg_h,A,24.95,1.0
sp_lg_h,A,24.96,1.0
sp_lg_h,A,24.97,1.0
sp_lg_h,A,24.98,1.0
sp_lg_h,A,24.990000000000002,1.0
sp_lg_h,A,25.0,1.0
sp_lg_h,P,0.0,0.0
sp_lg_h,P,0.01,0.0
sp_lg_h,P,0.02,0.0
sp_lg_h,P,0.03,0.0
sp_lg_h,P,0.04,0.0
sp_lg_h,P,0.05,0.0
sp_lg_h,P,0.06,0.0
sp_lg_h,P,0.07,0.0
sp_lg_h,P,0.08,0.0
sp_lg_h,P,0.09,0.0
sp_lg_h,P,0.1,0.0
sp_lg_h,P,0.11,0.0
sp_lg_h,P,0.12,0.0
sp_lg_h,P,0.13,0.0
sp_lg_h,P,0.14,0.0
sp_lg_h,P,0.15,0.0
sp_lg_h,P,0.16,0.0
sp_lg_h,P,0.17,0.0
sp_lg_h,P,0.18,0.0
sp_lg_h,P,0.19,0.0
sp_lg_h,P,0.2,0.0
sp_lg_h,P,0.21,0.0
sp_lg_h,P,0.22,0.0
sp_lg_h,P,0.23,0.0
sp_lg_h,P,0.24,0.0
sp_lg_h,P,0.25,0.0
sp_lg_h,P,0.26,0.0
sp_lg_h,P,0.27,0.0
sp_lg_h,P,0.28,0.0
sp_lg_h,P,0.29,0.0
sp_lg_h,P,0.3,0.0
sp_lg_h,P,0.31,0.0
sp_lg_h,P,0.32,0.0
sp_lg_h,P,0.33,0.0
sp_lg_h,P,0.34,0.0
sp_lg_h,P,0.35000000000000003,0.0
sp_lg_h,P,0.36,0.0
sp_lg_h,P,0.37,0.0
sp_lg_h,P,0.38,0.0
sp_lg_h,P,0.39,0.0
sp_lg_h,P,0.4,0.0
sp_lg_h,P,0.41000000000000003,0.0
sp_lg_h,P,0.42,0.0
sp_lg_h,P,0.43,0.0
sp_lg_h,P,0.44,0.0
sp_lg_h,P,0.45,0.0
sp_lg_h,P,0.46,0.0
sp_lg_h,P,0.47000000000000003,0.0
sp_lg_h,P,0.48,0.0
sp_lg_h,P,0.49,0.0
sp_lg_h,P,0.5,0.0
sp_lg_h,P,0.51,0.0
sp_lg_h,P,0.52,0.0
sp_lg_h,P,0.53,0.0
sp_lg_h,P,0.54,0.0
sp_lg_h,P,0.55,0.0
sp_lg_h,P,0.56,0.0
sp_lg_h,P,0.5700000000000001,0.0
sp_lg_h,P,0.58,0.0
sp_lg_h,P,0.59,0.0
sp_lg_h,P,0.6,0.0
sp_lg_h,P,0.61,0.0
sp_lg_h,P,0.62,0.0
sp_lg_h,P,0.63,0.0
sp_lg_h,P,0.64,0.0
sp_lg_h,P,0.65,0.0
sp_lg_h,P,0.66,0.0
sp_lg_h,P,0.67,0.0
sp_lg_h,P,0.68,0.0
sp_lg_h,P,0.6900000000000001,0.0
sp_lg_h,P,0.7000000000000001,0.0
sp_lg_h,P,0.71,0.0
sp_lg_h,P,0.72,0.0
sp_lg_h,P,0.73,0.0
sp_lg_h,P,0.74,0.0
sp_lg_h,P,0.75,0.0
sp_lg_h,P,0.76,0.0
sp_lg_h,P,0.77,0.0
sp_lg_h,P,0.78,0.0
sp_lg_h,P,0.79,0.0
sp_lg_h,P,0.8,0.0
sp_lg_h,P,0.81,0.0
sp_lg_h,P,0.8200000000000001,0.0
sp_lg_h,P,0.8300000000000001,0.0
sp_lg_h,P,0.84,0.0
sp_lg_h,P,0.85,0.0
sp_lg_h,P,0.86,0.0
sp_lg_h,P,0.87,0.0
sp_lg_h,P,0.88,0.0
sp_lg_h,P,0.89,0.0
sp_lg_h,P,0.9,0.0
sp_lg_h,P,0.91,0.0
sp_lg_h,P,0.92,0.0
sp_lg_h,P,0.93,0.0
sp_lg_h,P,0.9400000000000001,0.0
sp_lg_h,P,0.9500000000000001,0.0
sp_lg_h,P,0.96,0.0
sp_lg_h,P,0.97,0.0
sp_lg_h,P,0.98,0.0
sp_lg_h,P,0.99,0.0
sp_lg_h,P,1.0,0.0
sp_lg_h,P,1.01,0.0
sp_lg_h,P,1.02,0.0
sp_lg_h,P,1.03,0.0
sp_lg_h,P,1.04,0.0
sp_lg_h,P,1.05,0.0
sp_lg_h,P,1.06,0.0
sp_lg_h,P,1.07,0.0
sp_lg_h,P,1.08,0.0
sp_lg_h,P,1.09,0.0
sp_lg_h,P,1.1,0.0
sp_lg_h,P,1.11,0.0
sp_lg_h,P,1.12,0.0
sp_lg_h,P,1.1300000000000001,0.0
sp_lg_h,P,1.1400000000000001,0.0
sp_lg_h,P,1.1500000000000001,0.0
sp_lg_h,P,1.16,0.0
sp_lg_h,P,1.17,0.0
sp_lg_h,P,1.18,0.0
sp_lg_h,P,1.19,0.0
sp_lg_h,P,1.2,0.0
sp_lg_h,P,1.21,0.0
sp_lg_h,P,1.22,0.0
sp_lg_h,P,1.23,0.0
sp_lg_h,P,1.24,0.0
sp_lg_h,P,1.25,0.0
sp_lg_h,P,1.26,0.0
sp_lg_h,P,1.27,0.0
sp_lg_h,P,1.28,0.0
sp_lg_h,P,1.29,0.0
sp_lg_h,P,1.3,0.0
sp_lg_h,P,1.31,0.0
sp_lg_h,P,1.32,0.0
sp_lg_h,P,1.33,0.0
sp_lg_h,P,1.34,0.0
sp_lg_h,P,1.35,0.0
sp_lg_h,P,1.36,0.0
sp_lg_h,P,1.37,0.0
sp_lg_h,P,1.3800000000000001,0.0
sp_lg_h,P,1.3900000000000001,0.0
sp_lg_h,P,1.4000000000000001,0.0
sp_lg_h,P,1.41,0.0
sp_lg_h,P,1.42,0.0
sp_lg_h,P,1.43,0.0
sp_lg_h,P,1.44,0.0
sp_lg_h,P,1.45,0.0
sp_lg_h,P,1.46,0.0
sp_lg_h,P,1.47,0.0
sp_lg_h,P,1.48,0.0
sp_lg_h,P,1.49,0.0
sp_lg_h,P,1.5,0.0
sp_lg_h,P,1.51,0.0
sp_lg_h,P,1.52,0.0
sp_lg_h,P,1.53,0.0
sp_lg_h,P,1.54,0.0
sp_lg_h,P,1.55,0.0
sp_lg_h,P,1.56,0.0
sp_lg_h,P,1.57,0.0
sp_lg_h,P,1.58,0.0
sp_lg_h,P,1.59,0.0
sp_lg_h,P,1.6,0.0
sp_lg_h,P,1.61,0.0
sp_lg_h,P,1.62,0.0
sp_lg_h,P,1.6300000000000001,0.0
sp_lg_h,P,1.6400000000000001,0.0
sp_lg_h,P,1.6500000000000001,0.0
sp_lg_h,P,1.6600000000000001,0.0
sp_lg_h,P,1.67,0.0
sp_lg_h,P,1.68,0.0
sp_lg_h,P,1.69,0.0
sp_lg_h,P,1.7,0.0
sp_lg_h,P,1.71,0.0
sp_lg_h,P,1.72,0.0
sp_lg_h,P,1.73,0.0
sp_lg_h,P,1.74,0.0
sp_lg_h,P,1.75,0.0
sp_lg_h,P,1.76,0.0
sp_lg_h,P,1.77,0.0
sp_lg_h,P,1.78,0.0
sp_lg_h,P,1.79,0.0
sp_lg_h,P,1.8,0.0
sp_lg_h,P,1.81,0.0
sp_lg_h,P,1.82,0.0
sp_lg_h,P,1.83,0.0
sp_lg_h,P,1.84,0.0
sp_lg_h,P,1.85,0.0
sp_lg_h,P,1.86,0.0
sp_lg_h,P,1.87,0.0
sp_lg_h,P,1.8800000000000001,0.0
sp_lg_h,P,1.8900000000000001,0.0
sp_lg_h,P,1.9000000000000001,0.0
sp_lg_h,P,1.9100000000000001,0.0
sp_lg_h,P,1.92,0.0
sp_lg_h,P,1.93,0.0
sp_lg_h,P,1.94,0.0
sp_lg_h,P,1.95,0.0
sp_lg_h,P,1.96,0.0
sp_lg_h,P,1.97,0.0
sp_lg_h,P,1.98,0.0
sp_lg_h,P,1.99,0.0
sp_lg_h,P,2.0,0.0
sp_lg_h,P,2.0100000000000002,0.0
sp_lg_h,P,2.02,0.0
sp_lg_h,P,2.0300000000000002,0.0
sp_lg_h,P,2.04,0.0
sp_lg_h,P,2.05,0.0
sp_lg_h,P,2.06,0.0
sp_lg_h,P,2.07,0.0
sp_lg_h,P,2.08,0.0
sp_lg_h,P,2.09,0.0
sp_lg_h,P,2.1,0.0
sp_lg_h,P,2.11,0.0
sp_lg_h,P,2.12,0.0
sp_lg_h,P,2.13,0.0
sp_lg_h,P,2.14,0.0
sp_lg_h,P,2.15,0.0
sp_lg_h,P,2.16,0.0
sp_lg_h,P,2.17,0.0
sp_lg_h,P,2.18,0.0
sp_lg_h,P,2.19,0.0
sp_lg_h,P,2.2,0.0
sp_lg_h,P,2.21,0.0
sp_lg_h,P,2.22,0.0
sp_lg_h,P,2.23,0.0
sp_lg_h,P,2.24,0.0
sp_lg_h,P,2.25,0.0
sp_lg_h,P,2.2600000000000002,0.0
sp_lg_h,P,2.27,0.0
sp_lg_h,P,2.2800000000000002,0.0
sp_lg_h,P,2.29,0.0
sp_lg_h,P,2.3000000000000003,0.0
sp_lg_h,P,2.31,0.0
sp_lg_h,P,2.32,0.0
sp_lg_h,P,2.33,0.0
sp_lg_h,P,2.34,0.0
sp_lg_h,P,2.35,0.0
sp_lg_h,P,2.36,0.0
sp_lg_h,P,2.37,0.0
sp_lg_h,P,2.38,0.0
sp_lg_h,P,2.39,0.0
sp_lg_h,P,2.4,0.0
sp_lg_h,P,2.41,0.0
sp_lg_h,P,2.42,0.0
sp_lg_h,P,2.43,0.0
sp_lg_h,P,2.44,0.0
sp_lg_h,P,2.45,0.0
sp_lg_h,P,2.46,0.0
sp_lg_h,P,2.47,0.0
sp_lg_h,P,2.48,0.0
sp_lg_h,P,2.49,0.0
sp_lg_h,P,2.5,0.0
sp_lg_h,P,2.5100000000000002,0.0
sp_lg_h,P,2.52,0.0
sp_lg_h,P,2.5300000000000002,0.0
sp_lg_h,P,2.54,0.0
sp_lg_h,P,2.5500000000000003,0.0
sp_lg_h,P,2.56,0.0
sp_lg_h,P,2.57,0.0
sp_lg_h,P,2.58,0.0
sp_lg_h,P,2.59,0.0
sp_lg_h,P,2.6,0.0
sp_lg_h,P,2.61,0.0
sp_lg_h,P,2.62,0.0
sp_lg_h,P,2.63,0.0
sp_lg_h,P,2.64,0.0
sp_lg_h,P,2.65,0.0
sp_lg_h,P,2.66,0.0
sp_lg_h,P,2.67,0.0
sp_lg_h,P,2.68,0.0
sp_lg_h,P,2.69,0.0
sp_lg_h,P,2.7,0.0
sp_lg_h,P,2.71,0.0
sp_lg_h,P,2.72,0.0
sp_lg_h,P,2.73,0.0
sp_lg_h,P,2.74,0.0
sp_lg_h,P,2.75,0.0
sp_lg_h,P,2.7600000000000002,0.0
sp_lg_h,P,2.77,0.0
sp_lg_h,P,2.7800000000000002,0.0
sp_lg_h,P,2.79,0.0
sp_lg_h,P,2.8000000000000003,0.0
sp_lg_h,P,2.81,0.0
sp_lg_h,P,2.82,0.0
sp_lg_h,P,2.83,0.0
sp_lg_h,P,2.84,0.0
sp_lg_h,P,2.85,0.0
sp_lg_h,P,2.86,0.0
sp_lg_h,P,2.87,0.0
sp_lg_h,P,2.88,0.0
sp_lg_h,P,2.89,0.0
sp_lg_h,P,2.9,0.0
sp_lg_h,P,2.91,0.0
sp_lg_h,P,2.92,0.0
sp_lg_h,P,2.93,0.0
sp_lg_h,P,2.94,0.0
sp_lg_h,P,2.95,0.0
sp_lg_h,P,2.96,0.0
sp_lg_h,P,2.97,0.0
sp_lg_h,P,2.98,0.0
sp_lg_h,P,2.99,0.0
sp_lg_h,P,3.0,0.0
sp_lg_h,P,3.0100000000000002,0.0
sp_lg_h,P,3.02,0.0
sp_lg_h,P,3.0300000000000002,0.0
sp_lg_h,P,3.04,0.0
sp_lg_h,P,3.0500000000000003,0.0
sp_lg_h,P,3.06,0.0
sp_lg_h,P,3.0700000000000003,0.0
sp_lg_h,P,3.08,0.0
sp_lg_h,P,3.09,0.0
sp_lg_h,P,3.1,0.0
sp_lg_h,P,3.11,0.0
sp_lg_h,P,3.12,0.0
sp_lg_h,P,3.13,0.0
sp_lg_h,P,3.14,0.0
sp_lg_h,P,3.15,0.0
sp_lg_h,P,3.16,0.0
sp_lg_h,P,3.17,0.0
sp_lg_h,P,3.18,0.0
sp_lg_h,P,3.19,0.0
sp_lg_h,P,3.2,0.0
sp_lg_h,P,3.21,0.0
sp_lg_h,P,3.22,0.0
sp_lg_h,P,3.23,0.0
sp_lg_h,P,3.24,0.0
sp_lg_h,P,3.25,0.0
sp_lg_h,P,3.2600000000000002,0.0
sp_lg_h,P,3.27,0.0
sp_lg_h,P,3.2800000000000002,0.0
sp_lg_h,P,3.29,0.0
sp_lg_h,P,3.3000000000000003,0.0
sp_lg_h,P,3.31,0.0
sp_lg_h,P,3.3200000000000003,0.0
sp_lg_h,P,3.33,0.0
sp_lg_h,P,3.34,0.0
sp_lg_h,P,3.35,0.0
sp_lg_h,P,3.36,0.0
sp_lg_h,P,3.37,0.0
sp_lg_h,P,3.38,0.0
sp_lg_h,P,3.39,0.0
sp_lg_h,P,3.4,0.0
sp_lg_h,P,3.41,0.0
sp_lg_h,P,3.42,0.0
sp_lg_h,P,3.43,0.0
sp_lg_h,P,3.44,0.0
sp_lg_h,P,3.45,0.0
sp_lg_h,P,3.46,0.0
sp_lg_h,P,3.47,0.0
sp_lg_h,P,3.48,0.0
sp_lg_h,P,3.49,0.0
sp_lg_h,P,3.5,0.0
sp_lg_h,P,3.5100000000000002,0.0
sp_lg_h,P,3.52,0.0
sp_lg_h,P,3.5300000000000002,0.0
sp_lg_h,P,3.54,0.0
sp_lg_h,P,3.5500000000000003,0.0
sp_lg_h,P,3.56,0.0
sp_lg_h,P,3.5700000000000003,0.0
sp_lg_h,P,3.58,0.0
sp_lg_h,P,3.59,0.0
sp_lg_h,P,3.6,0.0
sp_lg_h,P,3.61,0.0
sp_lg_h,P,3.62,0.0
sp_lg_h,P,3.63,0.0
sp_lg_h,P,3.64,0.0
sp_lg_h,P,3.65,0.0
sp_lg_h,P,3.66,0.0
sp_lg_h,P,3.67,0.0
sp_lg_h,P,3.68,0.0
sp_lg_h,P,3.69,0.0
sp_lg_h,P,3.7,0.0
sp_lg_h,P,3.71,0.0
sp_lg_h,P,3.72,0.0
sp_lg_h,P,3.73,0.0
sp_lg_h,P,3.74,0.0
sp_lg_h,P,3.75,0.0
sp_lg_h,P,3.7600000000000002,0.0
sp_lg_h,P,3.77,0.0
sp_lg_h,P,3.7800000000000002,0.0
sp_lg_h,P,3.79,0.0
sp_lg_h,P,3.8000000000000003,0.0
sp_lg_h,P,3.81,0.0
sp_lg_h,P,3.8200000000000003,0.0
sp_lg_h,P,3.83,0.0
sp_lg_h,P,3.84,0.0
sp_lg_h,P,3.85,0.0
sp_lg_h,P,3.86,0.0
sp_lg_h,P,3.87,0.0
sp_lg_h,P,3.88,0.0
sp_lg_h,P,3.89,0.0
sp_lg_h,P,3.9,0.0
sp_lg_h,P,3.91,0.0
sp_lg_h,P,3.92,0.0
sp_lg_h,P,3.93,0.0
sp_lg_h,P,3.94,0.0
sp_lg_h,P,3.95,0.0
sp_lg_h,P,3.96,0.0
sp_lg_h,P,3.97,0.0
sp_lg_h,P,3.98,0.0
sp_lg_h,P,3.99,0.0
sp_lg_h,P,4.0,0.0
sp_lg_h,P,4.01,0.0
sp_lg_h,P,4.0200000000000005,0.0
sp_lg_h,P,4.03,0.0
sp_lg_h,P,4.04,0.0
sp_lg_h,P,4.05,0.0
sp_lg_h,P,4.0600000000000005,0.0
sp_lg_h,P,4.07,0.0
sp_lg_h,P,4.08,0.0
sp_lg_h,P,4.09,0.0
sp_lg_h,P,4.1,0.0
sp_lg_h,P,4.11,0.0
sp_lg_h,P,4.12,0.0
sp_lg_h,P,4.13,0.0
sp_lg_h,P,4.14,0.0
sp_lg_h,P,4.15,0.0
sp_lg_h,P,4.16,0.0
sp_lg_h,P,4.17,0.0
sp_lg_h,P,4.18,0.0
sp_lg_h,P,4.19,0.0
sp_lg_h,P,4.2,0.0
sp_lg_h,P,4.21,0.0
sp_lg_h,P,4.22,0.0
sp_lg_h,P,4.23,0.0
sp_lg_h,P,4.24,0.0
sp_lg_h,P,4.25,0.0
sp_lg_h,P,4.26,0.0
sp_lg_h,P,4.2700000000000005,0.0
sp_lg_h,P,4.28,0.0
sp_lg_h,P,4.29,0.0
sp_lg_h,P,4.3,0.0
sp_lg_h,P,4.3100000000000005,0.0
sp_lg_h,P,4.32,0.0
sp_lg_h,P,4.33,0.0
sp_lg_h,P,4.34,0.0
sp_lg_h,P,4.3500000000000005,0.0
sp_lg_h,P,4.36,0.0
sp_lg_h,P,4.37,0.0
sp_lg_h,P,4.38,0.0
sp_lg_h,P,4.39,0.0
sp_lg_h,P,4.4,0.0
sp_lg_h,P,4.41,0.0
sp_lg_h,P,4.42,0.0
sp_lg_h,P,4.43,0.0
sp_lg_h,P,4.44,0.0
sp_lg_h,P,4.45,0.0
sp_lg_h,P,4.46,0.0
sp_lg_h,P,4.47,0.0
sp_lg_h,P,4.48,0.0
sp_lg_h,P,4.49,0.0
sp_lg_h,P,4.5,0.0
sp_lg_h,P,4.51,0.0
sp_lg_h,P,4.5200000000000005,0.0
sp_lg_h,P,4.53,0.0
sp_lg_h,P,4.54,0.0
sp_lg_h,P,4.55,0.0
sp_lg_h,P,4.5600000000000005,0.0
sp_lg_h,P,4.57,0.0
sp_lg_h,P,4.58,0.0
sp_lg_h,P,4.59,0.0
sp_lg_h,P,4.6000000000000005,0.0
sp_lg_h,P,4.61,0.0
sp_lg_h,P,4.62,0.0
sp_lg_h,P,4.63,0.0
sp_lg_h,P,4.64,0.0
sp_lg_h,P,4.65,0.0
sp_lg_h,P,4.66,0.0
sp_lg_h,P,4.67,0.0
sp_lg_h,P,4.68,0.0
sp_lg_h,P,4.69,0.0
sp_lg_h,P,4.7,0.0
sp_lg_h,P,4.71,0.0
sp_lg_h,P,4.72,0.0
sp_lg_h,P,4.73,0.0
sp_lg_h,P,4.74,0.0
sp_lg_h,P,4.75,0.0
sp_lg_h,P,4.76,0.0
sp_lg_h,P,4.7700000000000005,0.0
sp_lg_h,P,4.78,0.0
sp_lg_h,P,4.79,0.0
sp_lg_h,P,4.8,0.0
sp_lg_h,P,4.8100000000000005,0.0
sp_lg_h,P,4.82,0.0
sp_lg_h,P,4.83,0.0
sp_lg_h,P,4.84,0.0
sp_lg_h,P,4.8500000000000005,0.0
sp_lg_h,P,4.86,0.0
sp_lg_h,P,4.87,0.0
sp_lg_h,P,4.88,0.0
sp_lg_h,P,4.89,0.0
sp_lg_h,P,4.9,0.0
sp_lg_h,P,4.91,0.0
sp_lg_h,P,4.92,0.0
sp_lg_h,P,4.93,0.0
sp_lg_h,P,4.94,0.0
sp_lg_h,P,4.95,0.0
sp_lg_h,P,4.96,0.0
sp_lg_h,P,4.97,0.0
sp_lg_h,P,4.98,0.0
sp_lg_h,P,4.99,0.0
sp_lg_h,P,5.0,0.0
sp_lg_h,P,5.01,0.0
sp_lg_h,P,5.0200000000000005,0.0
sp_lg_h,P,5.03,0.0
sp_lg_h,P,5.04,0.0
sp_lg_h,P,5.05,0.0
sp_lg_h,P,5.0600000000000005,0.0
sp_lg_h,P,5.07,0.0
sp_lg_h,P,5.08,0.0
sp_lg_h,P,5.09,0.0
sp_lg_h,P,5.1000000000000005,0.0
sp_lg_h,P,5.11,0.0
sp_lg_h,P,5.12,0.0
sp_lg_h,P,5.13,0.0
sp_lg_h,P,5.14,0.0
sp_lg_h,P,5.15,0.0
sp_lg_h,P,5.16,0.0
sp_lg_h,P,5.17,0.0
sp_lg_h,P,5.18,0.0
sp_lg_h,P,5.19,0.0
sp_lg_h,P,5.2,0.02040816326530612
sp_lg_h,P,5.21,0.02040816326530612
sp_lg_h,P,5.22,0.02040816326530612
sp_lg_h,P,5.23,0.02040816326530612
sp_lg_h,P,5.24,0.02040816326530612
sp_lg_h,P,5.25,0.02040816326530612
sp_lg_h,P,5.26,0.02040816326530612
sp_lg_h,P,5.2700000000000005,0.02040816326530612
sp_lg_h,P,5.28,0.02040816326530612
sp_lg_h,P,5.29,0.02040816326530612
sp_lg_h,P,5.3,0.02040816326530612
sp_lg_h,P,5.3100000000000005,0.02040816326530612
sp_lg_h,P,5.32,0.02040816326530612
sp_lg_h,P,5.33,0.02040816326530612
sp_lg_h,P,5.34,0.02040816326530612
sp_lg_h,P,5.3500000000000005,0.02040816326530612
sp_lg_h,P,5.36,0.02040816326530612
sp_lg_h,P,5.37,0.02040816326530612
sp_lg_h,P,5.38,0.02040816326530612
sp_lg_h,P,5.39,0.02040816326530612
sp_lg_h,P,5.4,0.02040816326530612
sp_lg_h,P,5.41,0.02040816326530612
sp_lg_h,P,5.42,0.02040816326530612
sp_lg_h,P,5.43,0.02040816326530612
sp_lg_h,P,5.44,0.02040816326530612
sp_lg_h,P,5.45,0.02040816326530612
sp_lg_h,P,5.46,0.02040816326530612
sp_lg_h,P,5.47,0.02040816326530612
sp_lg_h,P,5.48,0.02040816326530612
sp_lg_h,P,5.49,0.02040816326530612
sp_lg_h,P,5.5,0.02040816326530612
sp_lg_h,P,5.51,0.02040816326530612
sp_lg_h,P,5.5200000000000005,0.02040816326530612
sp_lg_h,P,5.53,0.02040816326530612
sp_lg_h,P,5.54,0.02040816326530612
sp_lg_h,P,5.55,0.02040816326530612
sp_lg_h,P,5.5600000000000005,0.02040816326530612
sp_lg_h,P,5.57,0.02040816326530612
sp_lg_h,P,5.58,0.02040816326530612
sp_lg_h,P,5.59,0.02040816326530612
sp_lg_h,P,5.6000000000000005,0.02040816326530612
sp_lg_h,P,5.61,0.02040816326530612
sp_lg_h,P,5.62,0.02040816326530612
sp_lg_h,P,5.63,0.02040816326530612
sp_lg_h,P,5.64,0.02040816326530612
sp_lg_h,P,5.65,0.02040816326530612
sp_lg_h,P,5.66,0.02040816326530612
sp_lg_h,P,5.67,0.02040816326530612
sp_lg_h,P,5.68,0.02040816326530612
sp_lg_h,P,5.69,0.02040816326530612
sp_lg_h,P,5.7,0.02040816326530612
sp_lg_h,P,5.71,0.02040816326530612
sp_lg_h,P,5.72,0.02040816326530612
sp_lg_h,P,5.73,0.02040816326530612
sp_lg_h,P,5.74,0.02040816326530612
sp_lg_h,P,5.75,0.02040816326530612
sp_lg_h,P,5.76,0.02040816326530612
sp_lg_h,P,5.7700000000000005,0.02040816326530612
sp_lg_h,P,5.78,0.02040816326530612
sp_lg_h,P,5.79,0.02040816326530612
sp_lg_h,P,5.8,0.02040816326530612
sp_lg_h,P,5.8100000000000005,0.02040816326530612
sp_lg_h,P,5.82,0.02040816326530612
sp_lg_h,P,5.83,0.02040816326530612
sp_lg_h,P,5.84,0.02040816326530612
sp_lg_h,P,5.8500000000000005,0.02040816326530612
sp_lg_h,P,5.86,0.02040816326530612
sp_lg_h,P,5.87,0.02040816326530612
sp_lg_h,P,5.88,0.02040816326530612
sp_lg_h,P,5.89,0.02040816326530612
sp_lg_h,P,5.9,0.02040816326530612
sp_lg_h,P,5.91,0.02040816326530612
sp_lg_h,P,5.92,0.02040816326530612
sp_lg_h,P,5.93,0.02040816326530612
sp_lg_h,P,5.94,0.02040816326530612
sp_lg_h,P,5.95,0.02040816326530612
sp_lg_h,P,5.96,0.02040816326530612
sp_lg_h,P,5.97,0.02040816326530612
sp_lg_h,P,5.98,0.02040816326530612
sp_lg_h,P,5.99,0.02040816326530612
sp_lg_h,P,6.0,0.02040816326530612
sp_lg_h,P,6.01,0.02040816326530612
sp_lg_h,P,6.0200000000000005,0.02040816326530612
sp_lg_h,P,6.03,0.02040816326530612
sp_lg_h,P,6.04,0.02040816326530612
sp_lg_h,P,6.05,0.02040816326530612
sp_lg_h,P,6.0600000000000005,0.02040816326530612
sp_lg_h,P,6.07,0.02040816326530612
sp_lg_h,P,6.08,0.02040816326530612
sp_lg_h,P,6.09,0.02040816326530612
sp_lg_h,P,6.1000000000000005,0.02040816326530612
sp_lg_h,P,6.11,0.02040816326530612
sp_lg_h,P,6.12,0.02040816326530612
sp_lg_h,P,6.13,0.02040816326530612
sp_lg_h,P,6.140000000000001,0.02040816326530612
sp_lg_h,P,6.15,0.02040816326530612
sp_lg_h,P,6.16,0.02040816326530612
sp_lg_h,P,6.17,0.02040816326530612
sp_lg_h,P,6.18,0.02040816326530612
sp_lg_h,P,6.19,0.02040816326530612
sp_lg_h,P,6.2,0.02040816326530612
sp_lg_h,P,6.21,0.02040816326530612
sp_lg_h,P,6.22,0.02040816326530612
sp_lg_h,P,6.23,0.02040816326530612
sp_lg_h,P,6.24,0.02040816326530612
sp_lg_h,P,6.25,0.02040816326530612
sp_lg_h,P,6.26,0.02040816326530612
sp_lg_h,P,6.2700000000000005,0.02040816326530612
sp_lg_h,P,6.28,0.02040816326530612
sp_lg_h,P,6.29,0.02040816326530612
sp_lg_h,P,6.3,0.02040816326530612
sp_lg_h,P,6.3100000000000005,0.02040816326530612
sp_lg_h,P,6.32,0.02040816326530612
sp_lg_h,P,6.33,0.02040816326530612
sp_lg_h,P,6.34,0.02040816326530612
sp_lg_h,P,6.3500000000000005,0.02040816326530612
sp_lg_h,P,6.36,0.02040816326530612
sp_lg_h,P,6.37,0.02040816326530612
sp_lg_h,P,6.38,0.02040816326530612
sp_lg_h,P,6.390000000000001,0.02040816326530612
sp_lg_h,P,6.4,0.02040816326530612
sp_lg_h,P,6.41,0.02040816326530612
sp_lg_h,P,6.42,0.02040816326530612
sp_lg_h,P,6.43,0.02040816326530612
sp_lg_h,P,6.44,0.02040816326530612
sp_lg_h,P,6.45,0.02040816326530612
sp_lg_h,P,6.46,0.02040816326530612
sp_lg_h,P,6.47,0.02040816326530612
sp_lg_h,P,6.48,0.02040816326530612
sp_lg_h,P,6.49,0.02040816326530612
sp_lg_h,P,6.5,0.02040816326530612
sp_lg_h,P,6.51,0.02040816326530612
sp_lg_h,P,6.5200000000000005,0.02040816326530612
sp_lg_h,P,6.53,0.02040816326530612
sp_lg_h,P,6.54,0.02040816326530612
sp_lg_h,P,6.55,0.02040816326530612
sp_lg_h,P,6.5600000000000005,0.02040816326530612
sp_lg_h,P,6.57,0.02040816326530612
sp_lg_h,P,6.58,0.02040816326530612
sp_lg_h,P,6.59,0.02040816326530612
sp_lg_h,P,6.6000000000000005,0.02040816326530612
sp_lg_h,P,6.61,0.02040816326530612
sp_lg_h,P,6.62,0.02040816326530612
sp_lg_h,P,6.63,0.02040816326530612
sp_lg_h,P,6.640000000000001,0.02040816326530612
sp_lg_h,P,6.65,0.02040816326530612
sp_lg_h,P,6.66,0.02040816326530612
sp_lg_h,P,6.67,0.02040816326530612
sp_lg_h,P,6.68,0.02040816326530612
sp_lg_h,P,6.69,0.02040816326530612
sp_lg_h,P,6.7,0.02040816326530612
sp_lg_h,P,6.71,0.02040816326530612
sp_lg_h,P,6.72,0.02040816326530612
sp_lg_h,P,6.73,0.02040816326530612
sp_lg_h,P,6.74,0.02040816326530612
sp_lg_h,P,6.75,0.02040816326530612
sp_lg_h,P,6.76,0.02040816326530612
sp_lg_h,P,6.7700000000000005,0.02040816326530612
sp_lg_h,P,6.78,0.02040816326530612
sp_lg_h,P,6.79,0.02040816326530612
sp_lg_h,P,6.8,0.02040816326530612
sp_lg_h,P,6.8100000000000005,0.02040816326530612
sp_lg_h,P,6.82,0.02040816326530612
sp_lg_h,P,6.83,0.02040816326530612
sp_lg_h,P,6.84,0.02040816326530612
sp_lg_h,P,6.8500000000000005,0.02040816326530612
sp_lg_h,P,6.86,0.02040816326530612
sp_lg_h,P,6.87,0.02040816326530612
sp_lg_h,P,6.88,0.02040816326530612
sp_lg_h,P,6.890000000000001,0.02040816326530612
sp_lg_h,P,6.9,0.02040816326530612
sp_lg_h,P,6.91,0.02040816326530612
sp_lg_h,P,6.92,0.02040816326530612
sp_lg_h,P,6.93,0.02040816326530612
sp_lg_h,P,6.94,0.02040816326530612
sp_lg_h,P,6.95,0.02040816326530612
sp_lg_h,P,6.96,0.02040816326530612
sp_lg_h,P,6.97,0.02040816326530612
sp_lg_h,P,6.98,0.02040816326530612
sp_lg_h,P,6.99,0.02040816326530612
sp_lg_h,P,7.0,0.02040816326530612
sp_lg_h,P,7.01,0.02040816326530612
sp_lg_h,P,7.0200000000000005,0.02040816326530612
sp_lg_h,P,7.03,0.02040816326530612
sp_lg_h,P,7.04,0.02040816326530612
sp_lg_h,P,7.05,0.02040816326530612
sp_lg_h,P,7.0600000000000005,0.02040816326530612
sp_lg_h,P,7.07,0.02040816326530612
sp_lg_h,P,7.08,0.02040816326530612
sp_lg_h,P,7.09,0.02040816326530612
sp_lg_h,P,7.1000000000000005,0.02040816326530612
sp_lg_h,P,7.11,0.02040816326530612
sp_lg_h,P,7.12,0.02040816326530612
sp_lg_h,P,7.13,0.02040816326530612
sp_lg_h,P,7.140000000000001,0.02040816326530612
sp_lg_h,P,7.15,0.02040816326530612
sp_lg_h,P,7.16,0.02040816326530612
sp_lg_h,P,7.17,0.02040816326530612
sp_lg_h,P,7.18,0.02040816326530612
sp_lg_h,P,7.19,0.02040816326530612
sp_lg_h,P,7.2,0.02040816326530612
sp_lg_h,P,7.21,0.02040816326530612
sp_lg_h,P,7.22,0.02040816326530612
sp_lg_h,P,7.23,0.02040816326530612
sp_lg_h,P,7.24,0.02040816326530612
sp_lg_h,P,7.25,0.02040816326530612
sp_lg_h,P,7.26,0.02040816326530612
sp_lg_h,P,7.2700000000000005,0.02040816326530612
sp_lg_h,P,7.28,0.02040816326530612
sp_lg_h,P,7.29,0.02040816326530612
sp_lg_h,P,7.3,0.02040816326530612
sp_lg_h,P,7.3100000000000005,0.02040816326530612
sp_lg_h,P,7.32,0.02040816326530612
sp_lg_h,P,7.33,0.02040816326530612
sp_lg_h,P,7.34,0.02040816326530612
sp_lg_h,P,7.3500000000000005,0.02040816326530612
sp_lg_h,P,7.36,0.02040816326530612
sp_lg_h,P,7.37,0.02040816326530612
sp_lg_h,P,7.38,0.02040816326530612
sp_lg_h,P,7.390000000000001,0.02040816326530612
sp_lg_h,P,7.4,0.02040816326530612
sp_lg_h,P,7.41,0.02040816326530612
sp_lg_h,P,7.42,0.02040816326530612
sp_lg_h,P,7.43,0.02040816326530612
sp_lg_h,P,7.44,0.02040816326530612
sp_lg_h,P,7.45,0.02040816326530612
sp_lg_h,P,7.46,0.02040816326530612
sp_lg_h,P,7.47,0.02040816326530612
sp_lg_h,P,7.48,0.02040816326530612
sp_lg_h,P,7.49,0.02040816326530612
sp_lg_h,P,7.5,0.02040816326530612
sp_lg_h,P,7.51,0.02040816326530612
sp_lg_h,P,7.5200000000000005,0.02040816326530612
sp_lg_h,P,7.53,0.02040816326530612
sp_lg_h,P,7.54,0.02040816326530612
sp_lg_h,P,7.55,0.02040816326530612
sp_lg_h,P,7.5600000000000005,0.02040816326530612
sp_lg_h,P,7.57,0.02040816326530612
sp_lg_h,P,7.58,0.02040816326530612
sp_lg_h,P,7.59,0.02040816326530612
sp_lg_h,P,7.6000000000000005,0.02040816326530612
sp_lg_h,P,7.61,0.02040816326530612
sp_lg_h,P,7.62,0.02040816326530612
sp_lg_h,P,7.63,0.02040816326530612
sp_lg_h,P,7.640000000000001,0.02040816326530612
sp_lg_h,P,7.65,0.02040816326530612
sp_lg_h,P,7.66,0.02040816326530612
sp_lg_h,P,7.67,0.02040816326530612
sp_lg_h,P,7.68,0.02040816326530612
sp_lg_h,P,7.69,0.02040816326530612
sp_lg_h,P,7.7,0.02040816326530612
sp_lg_h,P,7.71,0.02040816326530612
sp_lg_h,P,7.72,0.02040816326530612
sp_lg_h,P,7.73,0.02040816326530612
sp_lg_h,P,7.74,0.02040816326530612
sp_lg_h,P,7.75,0.02040816326530612
sp_lg_h,P,7.76,0.02040816326530612
sp_lg_h,P,7.7700000000000005,0.02040816326530612
sp_lg_h,P,7.78,0.02040816326530612
sp_lg_h,P,7.79,0.02040816326530612
sp_lg_h,P,7.8,0.02040816326530612
sp_lg_h,P,7.8100000000000005,0.02040816326530612
sp_lg_h,P,7.82,0.02040816326530612
sp_lg_h,P,7.83,0.02040816326530612
sp_lg_h,P,7.84,0.02040816326530612
sp_lg_h,P,7.8500000000000005,0.02040816326530612
sp_lg_h,P,7.86,0.02040816326530612
sp_lg_h,P,7.87,0.02040816326530612
sp_lg_h,P,7.88,0.02040816326530612
sp_lg_h,P,7.890000000000001,0.02040816326530612
sp_lg_h,P,7.9,0.02040816326530612
sp_lg_h,P,7.91,0.02040816326530612
sp_lg_h,P,7.92,0.02040816326530612
sp_lg_h,P,7.930000000000001,0.02040816326530612
sp_lg_h,P,7.94,0.02040816326530612
sp_lg_h,P,7.95,0.02040816326530612
sp_lg_h,P,7.96,0.02040816326530612
sp_lg_h,P,7.97,0.02040816326530612
sp_lg_h,P,7.98,0.02040816326530612
sp_lg_h,P,7.99,0.02040816326530612
sp_lg_h,P,8.0,0.02040816326530612
sp_lg_h,P,8.01,0.02040816326530612
sp_lg_h,P,8.02,0.02040816326530612
sp_lg_h,P,8.03,0.02040816326530612
sp_lg_h,P,8.040000000000001,0.02040816326530612
sp_lg_h,P,8.05,0.02040816326530612
sp_lg_h,P,8.06,0.02040816326530612
sp_lg_h,P,8.07,0.02040816326530612
sp_lg_h,P,8.08,0.02040816326530612
sp_lg_h,P,8.09,0.02040816326530612
sp_lg_h,P,8.1,0.02040816326530612
sp_lg_h,P,8.11,0.02040816326530612
sp_lg_h,P,8.120000000000001,0.02040816326530612
sp_lg_h,P,8.13,0.02040816326530612
sp_lg_h,P,8.14,0.02040816326530612
sp_lg_h,P,8.15,0.02040816326530612
sp_lg_h,P,8.16,0.02040816326530612
sp_lg_h,P,8.17,0.02040816326530612
sp_lg_h,P,8.18,0.02040816326530612
sp_lg_h,P,8.19,0.02040816326530612
sp_lg_h,P,8.2,0.02040816326530612
sp_lg_h,P,8.21,0.02040816326530612
sp_lg_h,P,8.22,0.02040816326530612
sp_lg_h,P,8.23,0.02040816326530612
sp_lg_h,P,8.24,0.02040816326530612
sp_lg_h,P,8.25,0.02040816326530612
sp_lg_h,P,8.26,0.02040816326530612
sp_lg_h,P,8.27,0.02040816326530612
sp_lg_h,P,8.28,0.02040816326530612
sp_lg_h,P,8.290000000000001,0.02040816326530612
sp_lg_h,P,8.3,0.02040816326530612
sp_lg_h,P,8.31,0.02040816326530612
sp_lg_h,P,8.32,0.02040816326530612
sp_lg_h,P,8.33,0.02040816326530612
sp_lg_h,P,8.34,0.02040816326530612
sp_lg_h,P,8.35,0.02040816326530612
sp_lg_h,P,8.36,0.02040816326530612
sp_lg_h,P,8.370000000000001,0.02040816326530612
sp_lg_h,P,8.38,0.02040816326530612
sp_lg_h,P,8.39,0.02040816326530612
sp_lg_h,P,8.4,0.02040816326530612
sp_lg_h,P,8.41,0.02040816326530612
sp_lg_h,P,8.42,0.02040816326530612
sp_lg_h,P,8.43,0.02040816326530612
sp_lg_h,P,8.44,0.02040816326530612
sp_lg_h,P,8.45,0.02040816326530612
sp_lg_h,P,8.46,0.02040816326530612
sp_lg_h,P,8.47,0.02040816326530612
sp_lg_h,P,8.48,0.02040816326530612
sp_lg_h,P,8.49,0.02040816326530612
sp_lg_h,P,8.5,0.02040816326530612
sp_lg_h,P,8.51,0.02040816326530612
sp_lg_h,P,8.52,0.02040816326530612
sp_lg_h,P,8.53,0.02040816326530612
sp_lg_h,P,8.540000000000001,0.02040816326530612
sp_lg_h,P,8.55,0.02040816326530612
sp_lg_h,P,8.56,0.02040816326530612
sp_lg_h,P,8.57,0.02040816326530612
sp_lg_h,P,8.58,0.02040816326530612
sp_lg_h,P,8.59,0.02040816326530612
sp_lg_h,P,8.6,0.02040816326530612
sp_lg_h,P,8.61,0.02040816326530612
sp_lg_h,P,8.620000000000001,0.02040816326530612
sp_lg_h,P,8.63,0.02040816326530612
sp_lg_h,P,8.64,0.02040816326530612
sp_lg_h,P,8.65,0.04081632653061224
sp_lg_h,P,8.66,0.04081632653061224
sp_lg_h,P,8.67,0.04081632653061224
sp_lg_h,P,8.68,0.04081632653061224
sp_lg_h,P,8.69,0.04081632653061224
sp_lg_h,P,8.700000000000001,0.04081632653061224
sp_lg_h,P,8.71,0.04081632653061224
sp_lg_h,P,8.72,0.04081632653061224
sp_lg_h,P,8.73,0.04081632653061224
sp_lg_h,P,8.74,0.04081632653061224
sp_lg_h,P,8.75,0.04081632653061224
sp_lg_h,P,8.76,0.04081632653061224
sp_lg_h,P,8.77,0.04081632653061224
sp_lg_h,P,8.78,0.04081632653061224
sp_lg_h,P,8.790000000000001,0.04081632653061224
sp_lg_h,P,8.8,0.04081632653061224
sp_lg_h,P,8.81,0.04081632653061224
sp_lg_h,P,8.82,0.04081632653061224
sp_lg_h,P,8.83,0.04081632653061224
sp_lg_h,P,8.84,0.04081632653061224
sp_lg_h,P,8.85,0.04081632653061224
sp_lg_h,P,8.86,0.04081632653061224
sp_lg_h,P,8.870000000000001,0.04081632653061224
sp_lg_h,P,8.88,0.04081632653061224
sp_lg_h,P,8.89,0.04081632653061224
sp_lg_h,P,8.9,0.04081632653061224
sp_lg_h,P,8.91,0.04081632653061224
sp_lg_h,P,8.92,0.04081632653061224
sp_lg_h,P,8.93,0.04081632653061224
sp_lg_h,P,8.94,0.04081632653061224
sp_lg_h,P,8.950000000000001,0.04081632653061224
sp_lg_h,P,8.96,0.04081632653061224
sp_lg_h,P,8.97,0.04081632653061224
sp_lg_h,P,8.98,0.04081632653061224
sp_lg_h,P,8.99,0.04081632653061224
sp_lg_h,P,9.0,0.04081632653061224
sp_lg_h,P,9.01,0.04081632653061224
sp_lg_h,P,9.02,0.04081632653061224
sp_lg_h,P,9.03,0.04081632653061224
sp_lg_h,P,9.040000000000001,0.04081632653061224
sp_lg_h,P,9.05,0.04081632653061224
sp_lg_h,P,9.06,0.04081632653061224
sp_lg_h,P,9.07,0.04081632653061224
sp_lg_h,P,9.08,0.04081632653061224
sp_lg_h,P,9.09,0.04081632653061224
sp_lg_h,P,9.1,0.04081632653061224
sp_lg_h,P,9.11,0.04081632653061224
sp_lg_h,P,9.120000000000001,0.04081632653061224
sp_lg_h,P,9.13,0.04081632653061224
sp_lg_h,P,9.14,0.04081632653061224
sp_lg_h,P,9.15,0.04081632653061224
sp_lg_h,P,9.16,0.04081632653061224
sp_lg_h,P,9.17,0.04081632653061224
sp_lg_h,P,9.18,0.04081632653061224
sp_lg_h,P,9.19,0.04081632653061224
sp_lg_h,P,9.200000000000001,0.04081632653061224
sp_lg_h,P,9.21,0.04081632653061224
sp_lg_h,P,9.22,0.04081632653061224
sp_lg_h,P,9.23,0.04081632653061224
sp_lg_h,P,9.24,0.04081632653061224
sp_lg_h,P,9.25,0.04081632653061224
sp_lg_h,P,9.26,0.04081632653061224
sp_lg_h,P,9.27,0.04081632653061224
sp_lg_h,P,9.28,0.04081632653061224
sp_lg_h,P,9.290000000000001,0.04081632653061224
sp_lg_h,P,9.3,0.04081632653061224
sp_lg_h,P,9.31,0.04081632653061224
sp_lg_h,P,9.32,0.04081632653061224
sp_lg_h,P,9.33,0.04081632653061224
sp_lg_h,P,9.34,0.04081632653061224
sp_lg_h,P,9.35,0.04081632653061224
sp_lg_h,P,9.36,0.04081632653061224
sp_lg_h,P,9.370000000000001,0.04081632653061224
sp_lg_h,P,9.38,0.04081632653061224
sp_lg_h,P,9.39,0.04081632653061224
sp_lg_h,P,9.4,0.04081632653061224
sp_lg_h,P,9.41,0.04081632653061224
sp_lg_h,P,9.42,0.04081632653061224
sp_lg_h,P,9.43,0.04081632653061224
sp_lg_h,P,9.44,0.04081632653061224
sp_lg_h,P,9.450000000000001,0.04081632653061224
sp_lg_h,P,9.46,0.04081632653061224
sp_lg_h,P,9.47,0.04081632653061224
sp_lg_h,P,9.48,0.04081632653061224
sp_lg_h,P,9.49,0.04081632653061224
sp_lg_h,P,9.5,0.04081632653061224
sp_lg_h,P,9.51,0.04081632653061224
sp_lg_h,P,9.52,0.04081632653061224
sp_lg_h,P,9.53,0.04081632653061224
sp_lg_h,P,9.540000000000001,0.04081632653061224
sp_lg_h,P,9.55,0.04081632653061224
sp_lg_h,P,9.56,0.04081632653061224
sp_lg_h,P,9.57,0.04081632653061224
sp_lg_h,P,9.58,0.04081632653061224
sp_lg_h,P,9.59,0.04081632653061224
sp_lg_h,P,9.6,0.04081632653061224
sp_lg_h,P,9.61,0.04081632653061224
sp_lg_h,P,9.620000000000001,0.04081632653061224
sp_lg_h,P,9.63,0.04081632653061224
sp_lg_h,P,9.64,0.04081632653061224
sp_lg_h,P,9.65,0.04081632653061224
sp_lg_h,P,9.66,0.04081632653061224
sp_lg_h,P,9.67,0.04081632653061224
sp_lg_h,P,9.68,0.04081632653061224
sp_lg_h,P,9.69,0.04081632653061224
sp_lg_h,P,9.700000000000001,0.04081632653061224
sp_lg_h,P,9.71,0.04081632653061224
sp_lg_h,P,9.72,0.04081632653061224
sp_lg_h,P,9.73,0.04081632653061224
sp_lg_h,P,9.74,0.04081632653061224
sp_lg_h,P,9.75,0.04081632653061224
sp_lg_h,P,9.76,0.04081632653061224
sp_lg_h,P,9.77,0.04081632653061224
sp_lg_h,P,9.78,0.04081632653061224
sp_lg_h,P,9.790000000000001,0.04081632653061224
sp_lg_h,P,9.8,0.04081632653061224
sp_lg_h,P,9.81,0.04081632653061224
sp_lg_h,P,9.82,0.04081632653061224
sp_lg_h,P,9.83,0.04081632653061224
sp_lg_h,P,9.84,0.04081632653061224
sp_lg_h,P,9.85,0.04081632653061224
sp_lg_h,P,9.86,0.04081632653061224
sp_lg_h,P,9.870000000000001,0.04081632653061224
sp_lg_h,P,9.88,0.04081632653061224
sp_lg_h,P,9.89,0.04081632653061224
sp_lg_h,P,9.9,0.04081632653061224
sp_lg_h,P,9.91,0.04081632653061224
sp_lg_h,P,9.92,0.04081632653061224
sp_lg_h,P,9.93,0.04081632653061224
sp_lg_h,P,9.94,0.04081632653061224
sp_lg_h,P,9.950000000000001,0.04081632653061224
sp_lg_h,P,9.96,0.04081632653061224
sp_lg_h,P,9.97,0.04081632653061224
sp_lg_h,P,9.98,0.04081632653061224
sp_lg_h,P,9.99,0.04081632653061224
sp_lg_h,P,10.0,0.04081632653061224
sp_lg_h,P,10.01,0.04081632653061224
sp_lg_h,P,10.02,0.04081632653061224
sp_lg_h,P,10.03,0.04081632653061224
sp_lg_h,P,10.040000000000001,0.04081632653061224
sp_lg_h,P,10.05,0.04081632653061224
sp_lg_h,P,10.06,0.04081632653061224
sp_lg_h,P,10.07,0.04081632653061224
sp_lg_h,P,10.08,0.04081632653061224
sp_lg_h,P,10.09,0.04081632653061224
sp_lg_h,P,10.1,0.04081632653061224
sp_lg_h,P,10.11,0.04081632653061224
sp_lg_h,P,10.120000000000001,0.04081632653061224
sp_lg_h,P,10.13,0.04081632653061224
sp_lg_h,P,10.14,0.04081632653061224
sp_lg_h,P,10.15,0.04081632653061224
sp_lg_h,P,10.16,0.04081632653061224
sp_lg_h,P,10.17,0.04081632653061224
sp_lg_h,P,10.18,0.04081632653061224
sp_lg_h,P,10.19,0.04081632653061224
sp_lg_h,P,10.200000000000001,0.04081632653061224
sp_lg_h,P,10.21,0.04081632653061224
sp_lg_h,P,10.22,0.04081632653061224
sp_lg_h,P,10.23,0.04081632653061224
sp_lg_h,P,10.24,0.04081632653061224
sp_lg_h,P,10.25,0.04081632653061224
sp_lg_h,P,10.26,0.04081632653061224
sp_lg_h,P,10.27,0.04081632653061224
sp_lg_h,P,10.28,0.04081632653061224
sp_lg_h,P,10.290000000000001,0.04081632653061224
sp_lg_h,P,10.3,0.04081632653061224
sp_lg_h,P,10.31,0.04081632653061224
sp_lg_h,P,10.32,0.04081632653061224
sp_lg_h,P,10.33,0.04081632653061224
sp_lg_h,P,10.34,0.04081632653061224
sp_lg_h,P,10.35,0.04081632653061224
sp_lg_h,P,10.36,0.04081632653061224
sp_lg_h,P,10.370000000000001,0.04081632653061224
sp_lg_h,P,10.38,0.04081632653061224
sp_lg_h,P,10.39,0.04081632653061224
sp_lg_h,P,10.4,0.04081632653061224
sp_lg_h,P,10.41,0.04081632653061224
sp_lg_h,P,10.42,0.04081632653061224
sp_lg_h,P,10.43,0.04081632653061224
sp_lg_h,P,10.44,0.04081632653061224
sp_lg_h,P,10.450000000000001,0.04081632653061224
sp_lg_h,P,10.46,0.04081632653061224
sp_lg_h,P,10.47,0.04081632653061224
sp_lg_h,P,10.48,0.04081632653061224
sp_lg_h,P,10.49,0.04081632653061224
sp_lg_h,P,10.5,0.04081632653061224
sp_lg_h,P,10.51,0.04081632653061224
sp_lg_h,P,10.52,0.04081632653061224
sp_lg_h,P,10.53,0.04081632653061224
sp_lg_h,P,10.540000000000001,0.04081632653061224
sp_lg_h,P,10.55,0.04081632653061224
sp_lg_h,P,10.56,0.04081632653061224
sp_lg_h,P,10.57,0.04081632653061224
sp_lg_h,P,10.58,0.04081632653061224
sp_lg_h,P,10.59,0.04081632653061224
sp_lg_h,P,10.6,0.04081632653061224
sp_lg_h,P,10.61,0.04081632653061224
sp_lg_h,P,10.620000000000001,0.04081632653061224
sp_lg_h,P,10.63,0.04081632653061224
sp_lg_h,P,10.64,0.04081632653061224
sp_lg_h,P,10.65,0.04081632653061224
sp_lg_h,P,10.66,0.04081632653061224
sp_lg_h,P,10.67,0.04081632653061224
sp_lg_h,P,10.68,0.04081632653061224
sp_lg_h,P,10.69,0.04081632653061224
sp_lg_h,P,10.700000000000001,0.04081632653061224
sp_lg_h,P,10.71,0.04081632653061224
sp_lg_h,P,10.72,0.04081632653061224
sp_lg_h,P,10.73,0.04081632653061224
sp_lg_h,P,10.74,0.04081632653061224
sp_lg_h,P,10.75,0.04081632653061224
sp_lg_h,P,10.76,0.04081632653061224
sp_lg_h,P,10.77,0.04081632653061224
sp_lg_h,P,10.78,0.04081632653061224
sp_lg_h,P,10.790000000000001,0.04081632653061224
sp_lg_h,P,10.8,0.04081632653061224
sp_lg_h,P,10.81,0.04081632653061224
sp_lg_h,P,10.82,0.04081632653061224
sp_lg_h,P,10.83,0.04081632653061224
sp_lg_h,P,10.84,0.04081632653061224
sp_lg_h,P,10.85,0.04081632653061224
sp_lg_h,P,10.86,0.04081632653061224
sp_lg_h,P,10.870000000000001,0.04081632653061224
sp_lg_h,P,10.88,0.04081632653061224
sp_lg_h,P,10.89,0.04081632653061224
sp_lg_h,P,10.9,0.04081632653061224
sp_lg_h,P,10.91,0.04081632653061224
sp_lg_h,P,10.92,0.04081632653061224
sp_lg_h,P,10.93,0.04081632653061224
sp_lg_h,P,10.94,0.04081632653061224
sp_lg_h,P,10.950000000000001,0.04081632653061224
sp_lg_h,P,10.96,0.04081632653061224
sp_lg_h,P,10.97,0.04081632653061224
sp_lg_h,P,10.98,0.04081632653061224
sp_lg_h,P,10.99,0.04081632653061224
sp_lg_h,P,11.0,0.04081632653061224
sp_lg_h,P,11.01,0.04081632653061224
sp_lg_h,P,11.02,0.04081632653061224
sp_lg_h,P,11.03,0.04081632653061224
sp_lg_h,P,11.040000000000001,0.04081632653061224
sp_lg_h,P,11.05,0.04081632653061224
sp_lg_h,P,11.06,0.04081632653061224
sp_lg_h,P,11.07,0.04081632653061224
sp_lg_h,P,11.08,0.04081632653061224
sp_lg_h,P,11.09,0.04081632653061224
sp_lg_h,P,11.1,0.04081632653061224
sp_lg_h,P,11.11,0.04081632653061224
sp_lg_h,P,11.120000000000001,0.04081632653061224
sp_lg_h,P,11.13,0.04081632653061224
sp_lg_h,P,11.14,0.04081632653061224
sp_lg_h,P,11.15,0.04081632653061224
sp_lg_h,P,11.16,0.04081632653061224
sp_lg_h,P,11.17,0.04081632653061224
sp_lg_h,P,11.18,0.04081632653061224
sp_lg_h,P,11.19,0.04081632653061224
sp_lg_h,P,11.200000000000001,0.04081632653061224
sp_lg_h,P,11.21,0.04081632653061224
sp_lg_h,P,11.22,0.04081632653061224
sp_lg_h,P,11.23,0.04081632653061224
sp_lg_h,P,11.24,0.04081632653061224
sp_lg_h,P,11.25,0.04081632653061224
sp_lg_h,P,11.26,0.04081632653061224
sp_lg_h,P,11.27,0.04081632653061224
sp_lg_h,P,11.28,0.04081632653061224
sp_lg_h,P,11.290000000000001,0.04081632653061224
sp_lg_h,P,11.3,0.04081632653061224
sp_lg_h,P,11.31,0.04081632653061224
sp_lg_h,P,11.32,0.061224489795918366
sp_lg_h,P,11.33,0.061224489795918366
sp_lg_h,P,11.34,0.061224489795918366
sp_lg_h,P,11.35,0.061224489795918366
sp_lg_h,P,11.36,0.061224489795918366
sp_lg_h,P,11.370000000000001,0.061224489795918366
sp_lg_h,P,11.38,0.061224489795918366
sp_lg_h,P,11.39,0.061224489795918366
sp_lg_h,P,11.4,0.061224489795918366
sp_lg_h,P,11.41,0.061224489795918366
sp_lg_h,P,11.42,0.061224489795918366
sp_lg_h,P,11.43,0.061224489795918366
sp_lg_h,P,11.44,0.061224489795918366
sp_lg_h,P,11.450000000000001,0.061224489795918366
sp_lg_h,P,11.46,0.061224489795918366
sp_lg_h,P,11.47,0.061224489795918366
sp_lg_h,P,11.48,0.08163265306122448
sp_lg_h,P,11.49,0.08163265306122448
sp_lg_h,P,11.5,0.08163265306122448
sp_lg_h,P,11.51,0.08163265306122448
sp_lg_h,P,11.52,0.08163265306122448
sp_lg_h,P,11.53,0.08163265306122448
sp_lg_h,P,11.540000000000001,0.08163265306122448
sp_lg_h,P,11.55,0.08163265306122448
sp_lg_h,P,11.56,0.08163265306122448
sp_lg_h,P,11.57,0.08163265306122448
sp_lg_h,P,11.58,0.08163265306122448
sp_lg_h,P,11.59,0.08163265306122448
sp_lg_h,P,11.6,0.08163265306122448
sp_lg_h,P,11.61,0.08163265306122448
sp_lg_h,P,11.620000000000001,0.08163265306122448
sp_lg_h,P,11.63,0.08163265306122448
sp_lg_h,P,11.64,0.08163265306122448
sp_lg_h,P,11.65,0.08163265306122448
sp_lg_h,P,11.66,0.08163265306122448
sp_lg_h,P,11.67,0.08163265306122448
sp_lg_h,P,11.68,0.08163265306122448
sp_lg_h,P,11.69,0.08163265306122448
sp_lg_h,P,11.700000000000001,0.08163265306122448
sp_lg_h,P,11.71,0.08163265306122448
sp_lg_h,P,11.72,0.08163265306122448
sp_lg_h,P,11.73,0.08163265306122448
sp_lg_h,P,11.74,0.08163265306122448
sp_lg_h,P,11.75,0.08163265306122448
sp_lg_h,P,11.76,0.08163265306122448
sp_lg_h,P,11.77,0.08163265306122448
sp_lg_h,P,11.78,0.08163265306122448
sp_lg_h,P,11.790000000000001,0.08163265306122448
sp_lg_h,P,11.8,0.08163265306122448
sp_lg_h,P,11.81,0.08163265306122448
sp_lg_h,P,11.82,0.08163265306122448
sp_lg_h,P,11.83,0.08163265306122448
sp_lg_h,P,11.84,0.10204081632653061
sp_lg_h,P,11.85,0.10204081632653061
sp_lg_h,P,11.86,0.10204081632653061
sp_lg_h,P,11.870000000000001,0.10204081632653061
sp_lg_h,P,11.88,0.10204081632653061
sp_lg_h,P,11.89,0.10204081632653061
sp_lg_h,P,11.9,0.12244897959183673
sp_lg_h,P,11.91,0.12244897959183673
sp_lg_h,P,11.92,0.12244897959183673
sp_lg_h,P,11.93,0.12244897959183673
sp_lg_h,P,11.94,0.12244897959183673
sp_lg_h,P,11.950000000000001,0.12244897959183673
sp_lg_h,P,11.96,0.12244897959183673
sp_lg_h,P,11.97,0.12244897959183673
sp_lg_h,P,11.98,0.12244897959183673
sp_lg_h,P,11.99,0.12244897959183673
sp_lg_h,P,12.0,0.12244897959183673
sp_lg_h,P,12.01,0.12244897959183673
sp_lg_h,P,12.02,0.12244897959183673
sp_lg_h,P,12.030000000000001,0.12244897959183673
sp_lg_h,P,12.040000000000001,0.12244897959183673
sp_lg_h,P,12.05,0.12244897959183673
sp_lg_h,P,12.06,0.12244897959183673
sp_lg_h,P,12.07,0.12244897959183673
sp_lg_h,P,12.08,0.12244897959183673
sp_lg_h,P,12.09,0.12244897959183673
sp_lg_h,P,12.1,0.12244897959183673
sp_lg_h,P,12.11,0.14285714285714285
sp_lg_h,P,12.120000000000001,0.14285714285714285
sp_lg_h,P,12.13,0.14285714285714285
sp_lg_h,P,12.14,0.14285714285714285
sp_lg_h,P,12.15,0.14285714285714285
sp_lg_h,P,12.16,0.14285714285714285
sp_lg_h,P,12.17,0.14285714285714285
sp_lg_h,P,12.18,0.16326530612244897
sp_lg_h,P,12.19,0.16326530612244897
sp_lg_h,P,12.200000000000001,0.16326530612244897
sp_lg_h,P,12.21,0.16326530612244897
sp_lg_h,P,12.22,0.16326530612244897
sp_lg_h,P,12.23,0.16326530612244897
sp_lg_h,P,12.24,0.16326530612244897
sp_lg_h,P,12.25,0.16326530612244897
sp_lg_h,P,12.26,0.16326530612244897
sp_lg_h,P,12.27,0.16326530612244897
sp_lg_h,P,12.280000000000001,0.16326530612244897
sp_lg_h,P,12.290000000000001,0.16326530612244897
sp_lg_h,P,12.3,0.16326530612244897
sp_lg_h,P,12.31,0.16326530612244897
sp_lg_h,P,12.32,0.16326530612244897
sp_lg_h,P,12.33,0.16326530612244897
sp_lg_h,P,12.34,0.16326530612244897
sp_lg_h,P,12.35,0.16326530612244897
sp_lg_h,P,12.36,0.16326530612244897
sp_lg_h,P,12.370000000000001,0.16326530612244897
sp_lg_h,P,12.38,0.16326530612244897
sp_lg_h,P,12.39,0.16326530612244897
sp_lg_h,P,12.4,0.16326530612244897
sp_lg_h,P,12.41,0.16326530612244897
sp_lg_h,P,12.42,0.16326530612244897
sp_lg_h,P,12.43,0.16326530612244897
sp_lg_h,P,12.44,0.16326530612244897
sp_lg_h,P,12.450000000000001,0.16326530612244897
sp_lg_h,P,12.46,0.16326530612244897
sp_lg_h,P,12.47,0.16326530612244897
sp_lg_h,P,12.48,0.16326530612244897
sp_lg_h,P,12.49,0.16326530612244897
sp_lg_h,P,12.5,0.16326530612244897
sp_lg_h,P,12.51,0.1836734693877551
sp_lg_h,P,12.52,0.1836734693877551
sp_lg_h,P,12.530000000000001,0.1836734693877551
sp_lg_h,P,12.540000000000001,0.1836734693877551
sp_lg_h,P,12.55,0.1836734693877551
sp_lg_h,P,12.56,0.1836734693877551
sp_lg_h,P,12.57,0.1836734693877551
sp_lg_h,P,12.58,0.1836734693877551
sp_lg_h,P,12.59,0.1836734693877551
sp_lg_h,P,12.6,0.1836734693877551
sp_lg_h,P,12.61,0.1836734693877551
sp_lg_h,P,12.620000000000001,0.1836734693877551
sp_lg_h,P,12.63,0.1836734693877551
sp_lg_h,P,12.64,0.1836734693877551
sp_lg_h,P,12.65,0.1836734693877551
sp_lg_h,P,12.66,0.1836734693877551
sp_lg_h,P,12.67,0.1836734693877551
sp_lg_h,P,12.68,0.1836734693877551
sp_lg_h,P,12.69,0.1836734693877551
sp_lg_h,P,12.700000000000001,0.1836734693877551
sp_lg_h,P,12.71,0.1836734693877551
sp_lg_h,P,12.72,0.1836734693877551
sp_lg_h,P,12.73,0.1836734693877551
sp_lg_h,P,12.74,0.1836734693877551
sp_lg_h,P,12.75,0.1836734693877551
sp_lg_h,P,12.76,0.1836734693877551
sp_lg_h,P,12.77,0.1836734693877551
sp_lg_h,P,12.780000000000001,0.1836734693877551
sp_lg_h,P,12.790000000000001,0.1836734693877551
sp_lg_h,P,12.8,0.1836734693877551
sp_lg_h,P,12.81,0.1836734693877551
sp_lg_h,P,12.82,0.1836734693877551
sp_lg_h,P,12.83,0.1836734693877551
sp_lg_h,P,12.84,0.1836734693877551
sp_lg_h,P,12.85,0.1836734693877551
sp_lg_h,P,12.86,0.1836734693877551
sp_lg_h,P,12.870000000000001,0.1836734693877551
sp_lg_h,P,12.88,0.1836734693877551
sp_lg_h,P,12.89,0.1836734693877551
sp_lg_h,P,12.9,0.1836734693877551
sp_lg_h,P,12.91,0.1836734693877551
sp_lg_h,P,12.92,0.1836734693877551
sp_lg_h,P,12.93,0.1836734693877551
sp_lg_h,P,12.94,0.1836734693877551
sp_lg_h,P,12.950000000000001,0.1836734693877551
sp_lg_h,P,12.96,0.1836734693877551
sp_lg_h,P,12.97,0.1836734693877551
sp_lg_h,P,12.98,0.1836734693877551
sp_lg_h,P,12.99,0.1836734693877551
sp_lg_h,P,13.0,0.1836734693877551
sp_lg_h,P,13.01,0.1836734693877551
sp_lg_h,P,13.02,0.1836734693877551
sp_lg_h,P,13.030000000000001,0.1836734693877551
sp_lg_h,P,13.040000000000001,0.1836734693877551
sp_lg_h,P,13.05,0.1836734693877551
sp_lg_h,P,13.06,0.1836734693877551
sp_lg_h,P,13.07,0.20408163265306123
sp_lg_h,P,13.08,0.20408163265306123
sp_lg_h,P,13.09,0.20408163265306123
sp_lg_h,P,13.1,0.20408163265306123
sp_lg_h,P,13.11,0.20408163265306123
sp_lg_h,P,13.120000000000001,0.20408163265306123
sp_lg_h,P,13.13,0.20408163265306123
sp_lg_h,P,13.14,0.20408163265306123
sp_lg_h,P,13.15,0.20408163265306123
sp_lg_h,P,13.16,0.20408163265306123
sp_lg_h,P,13.17,0.20408163265306123
sp_lg_h,P,13.18,0.20408163265306123
sp_lg_h,P,13.19,0.20408163265306123
sp_lg_h,P,13.200000000000001,0.20408163265306123
sp_lg_h,P,13.21,0.20408163265306123
sp_lg_h,P,13.22,0.20408163265306123
sp_lg_h,P,13.23,0.20408163265306123
sp_lg_h,P,13.24,0.20408163265306123
sp_lg_h,P,13.25,0.20408163265306123
sp_lg_h,P,13.26,0.20408163265306123
sp_lg_h,P,13.27,0.20408163265306123
sp_lg_h,P,13.280000000000001,0.20408163265306123
sp_lg_h,P,13.290000000000001,0.20408163265306123
sp_lg_h,P,13.3,0.20408163265306123
sp_lg_h,P,13.31,0.20408163265306123
sp_lg_h,P,13.32,0.20408163265306123
sp_lg_h,P,13.33,0.20408163265306123
sp_lg_h,P,13.34,0.20408163265306123
sp_lg_h,P,13.35,0.20408163265306123
sp_lg_h,P,13.36,0.20408163265306123
sp_lg_h,P,13.370000000000001,0.20408163265306123
sp_lg_h,P,13.38,0.20408163265306123
sp_lg_h,P,13.39,0.20408163265306123
sp_lg_h,P,13.4,0.20408163265306123
sp_lg_h,P,13.41,0.20408163265306123
sp_lg_h,P,13.42,0.20408163265306123
sp_lg_h,P,13.43,0.20408163265306123
sp_lg_h,P,13.44,0.20408163265306123
sp_lg_h,P,13.450000000000001,0.20408163265306123
sp_lg_h,P,13.46,0.20408163265306123
sp_lg_h,P,13.47,0.20408163265306123
sp_lg_h,P,13.48,0.20408163265306123
sp_lg_h,P,13.49,0.20408163265306123
sp_lg_h,P,13.5,0.20408163265306123
sp_lg_h,P,13.51,0.20408163265306123
sp_lg_h,P,13.52,0.20408163265306123
sp_lg_h,P,13.530000000000001,0.20408163265306123
sp_lg_h,P,13.540000000000001,0.20408163265306123
sp_lg_h,P,13.55,0.20408163265306123
sp_lg_h,P,13.56,0.20408163265306123
sp_lg_h,P,13.57,0.20408163265306123
sp_lg_h,P,13.58,0.20408163265306123
sp_lg_h,P,13.59,0.20408163265306123
sp_lg_h,P,13.6,0.20408163265306123
sp_lg_h,P,13.61,0.20408163265306123
sp_lg_h,P,13.620000000000001,0.20408163265306123
sp_lg_h,P,13.63,0.20408163265306123
sp_lg_h,P,13.64,0.20408163265306123
sp_lg_h,P,13.65,0.20408163265306123
sp_lg_h,P,13.66,0.20408163265306123
sp_lg_h,P,13.67,0.20408163265306123
sp_lg_h,P,13.68,0.20408163265306123
sp_lg_h,P,13.69,0.20408163265306123
sp_lg_h,P,13.700000000000001,0.20408163265306123
sp_lg_h,P,13.71,0.20408163265306123
sp_lg_h,P,13.72,0.20408163265306123
sp_lg_h,P,13.73,0.20408163265306123
sp_lg_h,P,13.74,0.20408163265306123
sp_lg_h,P,13.75,0.20408163265306123
sp_lg_h,P,13.76,0.20408163265306123
sp_lg_h,P,13.77,0.20408163265306123
sp_lg_h,P,13.780000000000001,0.20408163265306123
sp_lg_h,P,13.790000000000001,0.20408163265306123
sp_lg_h,P,13.8,0.20408163265306123
sp_lg_h,P,13.81,0.20408163265306123
sp_lg_h,P,13.82,0.20408163265306123
sp_lg_h,P,13.83,0.20408163265306123
sp_lg_h,P,13.84,0.20408163265306123
sp_lg_h,P,13.85,0.20408163265306123
sp_lg_h,P,13.86,0.20408163265306123
sp_lg_h,P,13.870000000000001,0.20408163265306123
sp_lg_h,P,13.88,0.20408163265306123
sp_lg_h,P,13.89,0.20408163265306123
sp_lg_h,P,13.9,0.20408163265306123
sp_lg_h,P,13.91,0.20408163265306123
sp_lg_h,P,13.92,0.20408163265306123
sp_lg_h,P,13.93,0.20408163265306123
sp_lg_h,P,13.94,0.20408163265306123
sp_lg_h,P,13.950000000000001,0.20408163265306123
sp_lg_h,P,13.96,0.20408163265306123
sp_lg_h,P,13.97,0.20408163265306123
sp_lg_h,P,13.98,0.20408163265306123
sp_lg_h,P,13.99,0.20408163265306123
sp_lg_h,P,14.0,0.20408163265306123
sp_lg_h,P,14.01,0.20408163265306123
sp_lg_h,P,14.02,0.20408163265306123
sp_lg_h,P,14.030000000000001,0.22448979591836735
sp_lg_h,P,14.040000000000001,0.22448979591836735
sp_lg_h,P,14.05,0.22448979591836735
sp_lg_h,P,14.06,0.22448979591836735
sp_lg_h,P,14.07,0.22448979591836735
sp_lg_h,P,14.08,0.22448979591836735
sp_lg_h,P,14.09,0.22448979591836735
sp_lg_h,P,14.1,0.22448979591836735
sp_lg_h,P,14.11,0.22448979591836735
sp_lg_h,P,14.120000000000001,0.22448979591836735
sp_lg_h,P,14.13,0.22448979591836735
sp_lg_h,P,14.14,0.22448979591836735
sp_lg_h,P,14.15,0.22448979591836735
sp_lg_h,P,14.16,0.22448979591836735
sp_lg_h,P,14.17,0.22448979591836735
sp_lg_h,P,14.18,0.24489795918367346
sp_lg_h,P,14.19,0.24489795918367346
sp_lg_h,P,14.200000000000001,0.24489795918367346
sp_lg_h,P,14.21,0.24489795918367346
sp_lg_h,P,14.22,0.2653061224489796
sp_lg_h,P,14.23,0.2653061224489796
sp_lg_h,P,14.24,0.2653061224489796
sp_lg_h,P,14.25,0.2653061224489796
sp_lg_h,P,14.26,0.2653061224489796
sp_lg_h,P,14.27,0.2653061224489796
sp_lg_h,P,14.280000000000001,0.2653061224489796
sp_lg_h,P,14.290000000000001,0.2653061224489796
sp_lg_h,P,14.3,0.2653061224489796
sp_lg_h,P,14.31,0.2653061224489796
sp_lg_h,P,14.32,0.2653061224489796
sp_lg_h,P,14.33,0.2653061224489796
sp_lg_h,P,14.34,0.2653061224489796
sp_lg_h,P,14.35,0.2653061224489796
sp_lg_h,P,14.36,0.2653061224489796
sp_lg_h,P,14.370000000000001,0.2653061224489796
sp_lg_h,P,14.38,0.2653061224489796
sp_lg_h,P,14.39,0.2653061224489796
sp_lg_h,P,14.4,0.2653061224489796
sp_lg_h,P,14.41,0.2653061224489796
sp_lg_h,P,14.42,0.2653061224489796
sp_lg_h,P,14.43,0.2653061224489796
sp_lg_h,P,14.44,0.2653061224489796
sp_lg_h,P,14.450000000000001,0.2653061224489796
sp_lg_h,P,14.46,0.2653061224489796
sp_lg_h,P,14.47,0.2653061224489796
sp_lg_h,P,14.48,0.2653061224489796
sp_lg_h,P,14.49,0.2653061224489796
sp_lg_h,P,14.5,0.2653061224489796
sp_lg_h,P,14.51,0.2653061224489796
sp_lg_h,P,14.52,0.2653061224489796
sp_lg_h,P,14.530000000000001,0.2653061224489796
sp_lg_h,P,14.540000000000001,0.2653061224489796
sp_lg_h,P,14.55,0.2653061224489796
sp_lg_h,P,14.56,0.2653061224489796
sp_lg_h,P,14.57,0.2653061224489796
sp_lg_h,P,14.58,0.2653061224489796
sp_lg_h,P,14.59,0.2653061224489796
sp_lg_h,P,14.6,0.2653061224489796
sp_lg_h,P,14.61,0.2653061224489796
sp_lg_h,P,14.620000000000001,0.2653061224489796
sp_lg_h,P,14.63,0.2653061224489796
sp_lg_h,P,14.64,0.2653061224489796
sp_lg_h,P,14.65,0.2653061224489796
sp_lg_h,P,14.66,0.2653061224489796
sp_lg_h,P,14.67,0.2653061224489796
sp_lg_h,P,14.68,0.2653061224489796
sp_lg_h,P,14.69,0.2653061224489796
sp_lg_h,P,14.700000000000001,0.2653061224489796
sp_lg_h,P,14.71,0.2653061224489796
sp_lg_h,P,14.72,0.2653061224489796
sp_lg_h,P,14.73,0.2653061224489796
sp_lg_h,P,14.74,0.2653061224489796
sp_lg_h,P,14.75,0.2653061224489796
sp_lg_h,P,14.76,0.2653061224489796
sp_lg_h,P,14.77,0.2653061224489796
sp_lg_h,P,14.780000000000001,0.2653061224489796
sp_lg_h,P,14.790000000000001,0.2653061224489796
sp_lg_h,P,14.8,0.2653061224489796
sp_lg_h,P,14.81,0.2653061224489796
sp_lg_h,P,14.82,0.2653061224489796
sp_lg_h,P,14.83,0.2653061224489796
sp_lg_h,P,14.84,0.2653061224489796
sp_lg_h,P,14.85,0.2653061224489796
sp_lg_h,P,14.86,0.2653061224489796
sp_lg_h,P,14.870000000000001,0.2653061224489796
sp_lg_h,P,14.88,0.2653061224489796
sp_lg_h,P,14.89,0.2653061224489796
sp_lg_h,P,14.9,0.2653061224489796
sp_lg_h,P,14.91,0.2653061224489796
sp_lg_h,P,14.92,0.2653061224489796
sp_lg_h,P,14.93,0.2653061224489796
sp_lg_h,P,14.94,0.2653061224489796
sp_lg_h,P,14.950000000000001,0.2653061224489796
sp_lg_h,P,14.96,0.2653061224489796
sp_lg_h,P,14.97,0.2653061224489796
sp_lg_h,P,14.98,0.2653061224489796
sp_lg_h,P,14.99,0.2653061224489796
sp_lg_h,P,15.0,0.2653061224489796
sp_lg_h,P,15.01,0.2653061224489796
sp_lg_h,P,15.02,0.2653061224489796
sp_lg_h,P,15.030000000000001,0.2653061224489796
sp_lg_h,P,15.040000000000001,0.2653061224489796
sp_lg_h,P,15.05,0.2653061224489796
sp_lg_h,P,15.06,0.2653061224489796
sp_lg_h,P,15.07,0.2653061224489796
sp_lg_h,P,15.08,0.2653061224489796
sp_lg_h,P,15.09,0.2653061224489796
sp_lg_h,P,15.1,0.2653061224489796
sp_lg_h,P,15.11,0.2653061224489796
sp_lg_h,P,15.120000000000001,0.2653061224489796
sp_lg_h,P,15.13,0.2653061224489796
sp_lg_h,P,15.14,0.2653061224489796
sp_lg_h,P,15.15,0.2653061224489796
sp_lg_h,P,15.16,0.2653061224489796
sp_lg_h,P,15.17,0.2653061224489796
sp_lg_h,P,15.18,0.2653061224489796
sp_lg_h,P,15.19,0.2653061224489796
sp_lg_h,P,15.200000000000001,0.2653061224489796
sp_lg_h,P,15.21,0.2653061224489796
sp_lg_h,P,15.22,0.2653061224489796
sp_lg_h,P,15.23,0.2653061224489796
sp_lg_h,P,15.24,0.2653061224489796
sp_lg_h,P,15.25,0.2653061224489796
sp_lg_h,P,15.26,0.2653061224489796
sp_lg_h,P,15.27,0.2653061224489796
sp_lg_h,P,15.280000000000001,0.2653061224489796
sp_lg_h,P,15.290000000000001,0.2653061224489796
sp_lg_h,P,15.3,0.2653061224489796
sp_lg_h,P,15.31,0.2653061224489796
sp_lg_h,P,15.32,0.2653061224489796
sp_lg_h,P,15.33,0.2653061224489796
sp_lg_h,P,15.34,0.2653061224489796
sp_lg_h,P,15.35,0.2653061224489796
sp_lg_h,P,15.36,0.2653061224489796
sp_lg_h,P,15.370000000000001,0.2653061224489796
sp_lg_h,P,15.38,0.2653061224489796
sp_lg_h,P,15.39,0.2653061224489796
sp_lg_h,P,15.4,0.2653061224489796
sp_lg_h,P,15.41,0.2653061224489796
sp_lg_h,P,15.42,0.2653061224489796
sp_lg_h,P,15.43,0.2653061224489796
sp_lg_h,P,15.44,0.2653061224489796
sp_lg_h,P,15.450000000000001,0.2653061224489796
sp_lg_h,P,15.46,0.2653061224489796
sp_lg_h,P,15.47,0.2653061224489796
sp_lg_h,P,15.48,0.2653061224489796
sp_lg_h,P,15.49,0.2653061224489796
sp_lg_h,P,15.5,0.2653061224489796
sp_lg_h,P,15.51,0.2653061224489796
sp_lg_h,P,15.52,0.2653061224489796
sp_lg_h,P,15.530000000000001,0.2653061224489796
sp_lg_h,P,15.540000000000001,0.2653061224489796
sp_lg_h,P,15.55,0.2653061224489796
sp_lg_h,P,15.56,0.2653061224489796
sp_lg_h,P,15.57,0.2653061224489796
sp_lg_h,P,15.58,0.2653061224489796
sp_lg_h,P,15.59,0.2653061224489796
sp_lg_h,P,15.6,0.2653061224489796
sp_lg_h,P,15.610000000000001,0.2653061224489796
sp_lg_h,P,15.620000000000001,0.2653061224489796
sp_lg_h,P,15.63,0.2653061224489796
sp_lg_h,P,15.64,0.2653061224489796
sp_lg_h,P,15.65,0.2653061224489796
sp_lg_h,P,15.66,0.2653061224489796
sp_lg_h,P,15.67,0.2653061224489796
sp_lg_h,P,15.68,0.2857142857142857
sp_lg_h,P,15.69,0.2857142857142857
sp_lg_h,P,15.700000000000001,0.2857142857142857
sp_lg_h,P,15.71,0.2857142857142857
sp_lg_h,P,15.72,0.2857142857142857
sp_lg_h,P,15.73,0.2857142857142857
sp_lg_h,P,15.74,0.2857142857142857
sp_lg_h,P,15.75,0.2857142857142857
sp_lg_h,P,15.76,0.2857142857142857
sp_lg_h,P,15.77,0.2857142857142857
sp_lg_h,P,15.780000000000001,0.2857142857142857
sp_lg_h,P,15.790000000000001,0.2857142857142857
sp_lg_h,P,15.8,0.2857142857142857
sp_lg_h,P,15.81,0.2857142857142857
sp_lg_h,P,15.82,0.2857142857142857
sp_lg_h,P,15.83,0.2857142857142857
sp_lg_h,P,15.84,0.2857142857142857
sp_lg_h,P,15.85,0.2857142857142857
sp_lg_h,P,15.860000000000001,0.2857142857142857
sp_lg_h,P,15.870000000000001,0.2857142857142857
sp_lg_h,P,15.88,0.2857142857142857
sp_lg_h,P,15.89,0.2857142857142857
sp_lg_h,P,15.9,0.2857142857142857
sp_lg_h,P,15.91,0.2857142857142857
sp_lg_h,P,15.92,0.30612244897959184
sp_lg_h,P,15.93,0.30612244897959184
sp_lg_h,P,15.94,0.30612244897959184
sp_lg_h,P,15.950000000000001,0.30612244897959184
sp_lg_h,P,15.96,0.30612244897959184
sp_lg_h,P,15.97,0.30612244897959184
sp_lg_h,P,15.98,0.30612244897959184
sp_lg_h,P,15.99,0.30612244897959184
sp_lg_h,P,16.0,0.30612244897959184
sp_lg_h,P,16.01,0.30612244897959184
sp_lg_h,P,16.02,0.30612244897959184
sp_lg_h,P,16.03,0.30612244897959184
sp_lg_h,P,16.04,0.30612244897959184
sp_lg_h,P,16.05,0.32653061224489793
sp_lg_h,P,16.06,0.32653061224489793
sp_lg_h,P,16.07,0.3469387755102041
sp_lg_h,P,16.080000000000002,0.3469387755102041
sp_lg_h,P,16.09,0.3469387755102041
sp_lg_h,P,16.1,0.3469387755102041
sp_lg_h,P,16.11,0.3469387755102041
sp_lg_h,P,16.12,0.3469387755102041
sp_lg_h,P,16.13,0.3469387755102041
sp_lg_h,P,16.14,0.3469387755102041
sp_lg_h,P,16.15,0.3469387755102041
sp_lg_h,P,16.16,0.3469387755102041
sp_lg_h,P,16.17,0.3469387755102041
sp_lg_h,P,16.18,0.3469387755102041
sp_lg_h,P,16.19,0.3469387755102041
sp_lg_h,P,16.2,0.3469387755102041
sp_lg_h,P,16.21,0.3469387755102041
sp_lg_h,P,16.22,0.3469387755102041
sp_lg_h,P,16.23,0.3469387755102041
sp_lg_h,P,16.240000000000002,0.3469387755102041
sp_lg_h,P,16.25,0.3469387755102041
sp_lg_h,P,16.26,0.3469387755102041
sp_lg_h,P,16.27,0.3469387755102041
sp_lg_h,P,16.28,0.3469387755102041
sp_lg_h,P,16.29,0.3469387755102041
sp_lg_h,P,16.3,0.3469387755102041
sp_lg_h,P,16.31,0.3469387755102041
sp_lg_h,P,16.32,0.3469387755102041
sp_lg_h,P,16.330000000000002,0.3469387755102041
sp_lg_h,P,16.34,0.3469387755102041
sp_lg_h,P,16.35,0.3469387755102041
sp_lg_h,P,16.36,0.3469387755102041
sp_lg_h,P,16.37,0.3469387755102041
sp_lg_h,P,16.38,0.3469387755102041
sp_lg_h,P,16.39,0.3469387755102041
sp_lg_h,P,16.4,0.3469387755102041
sp_lg_h,P,16.41,0.3469387755102041
sp_lg_h,P,16.42,0.3469387755102041
sp_lg_h,P,16.43,0.3469387755102041
sp_lg_h,P,16.44,0.3469387755102041
sp_lg_h,P,16.45,0.3469387755102041
sp_lg_h,P,16.46,0.3469387755102041
sp_lg_h,P,16.47,0.3469387755102041
sp_lg_h,P,16.48,0.3469387755102041
sp_lg_h,P,16.490000000000002,0.3469387755102041
sp_lg_h,P,16.5,0.3469387755102041
sp_lg_h,P,16.51,0.3469387755102041
sp_lg_h,P,16.52,0.3469387755102041
sp_lg_h,P,16.53,0.3469387755102041
sp_lg_h,P,16.54,0.3469387755102041
sp_lg_h,P,16.55,0.3469387755102041
sp_lg_h,P,16.56,0.3469387755102041
sp_lg_h,P,16.57,0.3469387755102041
sp_lg_h,P,16.580000000000002,0.3469387755102041
sp_lg_h,P,16.59,0.3673469387755102
sp_lg_h,P,16.6,0.3673469387755102
sp_lg_h,P,16.61,0.3673469387755102
sp_lg_h,P,16.62,0.3673469387755102
sp_lg_h,P,16.63,0.3673469387755102
sp_lg_h,P,16.64,0.3673469387755102
sp_lg_h,P,16.65,0.3673469387755102
sp_lg_h,P,16.66,0.3673469387755102
sp_lg_h,P,16.67,0.3673469387755102
sp_lg_h,P,16.68,0.3673469387755102
sp_lg_h,P,16.69,0.3673469387755102
sp_lg_h,P,16.7,0.3673469387755102
sp_lg_h,P,16.71,0.3673469387755102
sp_lg_h,P,16.72,0.3673469387755102
sp_lg_h,P,16.73,0.3673469387755102
sp_lg_h,P,16.740000000000002,0.3673469387755102
sp_lg_h,P,16.75,0.3673469387755102
sp_lg_h,P,16.76,0.3673469387755102
sp_lg_h,P,16.77,0.3673469387755102
sp_lg_h,P,16.78,0.3673469387755102
sp_lg_h,P,16.79,0.3673469387755102
sp_lg_h,P,16.8,0.3673469387755102
sp_lg_h,P,16.81,0.3673469387755102
sp_lg_h,P,16.82,0.3673469387755102
sp_lg_h,P,16.830000000000002,0.3673469387755102
sp_lg_h,P,16.84,0.3673469387755102
sp_lg_h,P,16.85,0.3673469387755102
sp_lg_h,P,16.86,0.3673469387755102
sp_lg_h,P,16.87,0.3673469387755102
sp_lg_h,P,16.88,0.3673469387755102
sp_lg_h,P,16.89,0.3673469387755102
sp_lg_h,P,16.9,0.3673469387755102
sp_lg_h,P,16.91,0.3673469387755102
sp_lg_h,P,16.92,0.3673469387755102
sp_lg_h,P,16.93,0.3673469387755102
sp_lg_h,P,16.94,0.3673469387755102
sp_lg_h,P,16.95,0.3673469387755102
sp_lg_h,P,16.96,0.3673469387755102
sp_lg_h,P,16.97,0.3673469387755102
sp_lg_h,P,16.98,0.3673469387755102
sp_lg_h,P,16.990000000000002,0.3673469387755102
sp_lg_h,P,17.0,0.3673469387755102
sp_lg_h,P,17.01,0.3673469387755102
sp_lg_h,P,17.02,0.3673469387755102
sp_lg_h,P,17.03,0.3673469387755102
sp_lg_h,P,17.04,0.3673469387755102
sp_lg_h,P,17.05,0.3673469387755102
sp_lg_h,P,17.06,0.3877551020408163
sp_lg_h,P,17.07,0.3877551020408163
sp_lg_h,P,17.080000000000002,0.3877551020408163
sp_lg_h,P,17.09,0.3877551020408163
sp_lg_h,P,17.1,0.3877551020408163
sp_lg_h,P,17.11,0.3877551020408163
sp_lg_h,P,17.12,0.3877551020408163
sp_lg_h,P,17.13,0.3877551020408163
sp_lg_h,P,17.14,0.3877551020408163
sp_lg_h,P,17.150000000000002,0.3877551020408163
sp_lg_h,P,17.16,0.3877551020408163
sp_lg_h,P,17.17,0.3877551020408163
sp_lg_h,P,17.18,0.3877551020408163
sp_lg_h,P,17.19,0.3877551020408163
sp_lg_h,P,17.2,0.3877551020408163
sp_lg_h,P,17.21,0.3877551020408163
sp_lg_h,P,17.22,0.3877551020408163
sp_lg_h,P,17.23,0.3877551020408163
sp_lg_h,P,17.240000000000002,0.3877551020408163
sp_lg_h,P,17.25,0.3877551020408163
sp_lg_h,P,17.26,0.3877551020408163
sp_lg_h,P,17.27,0.3877551020408163
sp_lg_h,P,17.28,0.3877551020408163
sp_lg_h,P,17.29,0.3877551020408163
sp_lg_h,P,17.3,0.3877551020408163
sp_lg_h,P,17.31,0.3877551020408163
sp_lg_h,P,17.32,0.3877551020408163
sp_lg_h,P,17.330000000000002,0.3877551020408163
sp_lg_h,P,17.34,0.3877551020408163
sp_lg_h,P,17.35,0.3877551020408163
sp_lg_h,P,17.36,0.3877551020408163
sp_lg_h,P,17.37,0.3877551020408163
sp_lg_h,P,17.38,0.3877551020408163
sp_lg_h,P,17.39,0.3877551020408163
sp_lg_h,P,17.400000000000002,0.3877551020408163
sp_lg_h,P,17.41,0.3877551020408163
sp_lg_h,P,17.42,0.3877551020408163
sp_lg_h,P,17.43,0.3877551020408163
sp_lg_h,P,17.44,0.3877551020408163
sp_lg_h,P,17.45,0.3877551020408163
sp_lg_h,P,17.46,0.3877551020408163
sp_lg_h,P,17.47,0.3877551020408163
sp_lg_h,P,17.48,0.3877551020408163
sp_lg_h,P,17.490000000000002,0.3877551020408163
sp_lg_h,P,17.5,0.3877551020408163
sp_lg_h,P,17.51,0.3877551020408163
sp_lg_h,P,17.52,0.3877551020408163
sp_lg_h,P,17.53,0.3877551020408163
sp_lg_h,P,17.54,0.3877551020408163
sp_lg_h,P,17.55,0.3877551020408163
sp_lg_h,P,17.56,0.3877551020408163
sp_lg_h,P,17.57,0.3877551020408163
sp_lg_h,P,17.580000000000002,0.3877551020408163
sp_lg_h,P,17.59,0.3877551020408163
sp_lg_h,P,17.6,0.3877551020408163
sp_lg_h,P,17.61,0.3877551020408163
sp_lg_h,P,17.62,0.3877551020408163
sp_lg_h,P,17.63,0.3877551020408163
sp_lg_h,P,17.64,0.3877551020408163
sp_lg_h,P,17.650000000000002,0.3877551020408163
sp_lg_h,P,17.66,0.3877551020408163
sp_lg_h,P,17.67,0.3877551020408163
sp_lg_h,P,17.68,0.3877551020408163
sp_lg_h,P,17.69,0.3877551020408163
sp_lg_h,P,17.7,0.3877551020408163
sp_lg_h,P,17.71,0.3877551020408163
sp_lg_h,P,17.72,0.3877551020408163
sp_lg_h,P,17.73,0.3877551020408163
sp_lg_h,P,17.740000000000002,0.3877551020408163
sp_lg_h,P,17.75,0.3877551020408163
sp_lg_h,P,17.76,0.3877551020408163
sp_lg_h,P,17.77,0.3877551020408163
sp_lg_h,P,17.78,0.3877551020408163
sp_lg_h,P,17.79,0.3877551020408163
sp_lg_h,P,17.8,0.3877551020408163
sp_lg_h,P,17.81,0.3877551020408163
sp_lg_h,P,17.82,0.3877551020408163
sp_lg_h,P,17.830000000000002,0.3877551020408163
sp_lg_h,P,17.84,0.3877551020408163
sp_lg_h,P,17.85,0.3877551020408163
sp_lg_h,P,17.86,0.3877551020408163
sp_lg_h,P,17.87,0.3877551020408163
sp_lg_h,P,17.88,0.3877551020408163
sp_lg_h,P,17.89,0.3877551020408163
sp_lg_h,P,17.900000000000002,0.3877551020408163
sp_lg_h,P,17.91,0.3877551020408163
sp_lg_h,P,17.92,0.3877551020408163
sp_lg_h,P,17.93,0.3877551020408163
sp_lg_h,P,17.94,0.3877551020408163
sp_lg_h,P,17.95,0.3877551020408163
sp_lg_h,P,17.96,0.3877551020408163
sp_lg_h,P,17.97,0.3877551020408163
sp_lg_h,P,17.98,0.3877551020408163
sp_lg_h,P,17.990000000000002,0.3877551020408163
sp_lg_h,P,18.0,0.3877551020408163
sp_lg_h,P,18.01,0.3877551020408163
sp_lg_h,P,18.02,0.3877551020408163
sp_lg_h,P,18.03,0.3877551020408163
sp_lg_h,P,18.04,0.3877551020408163
sp_lg_h,P,18.05,0.3877551020408163
sp_lg_h,P,18.06,0.3877551020408163
sp_lg_h,P,18.07,0.3877551020408163
sp_lg_h,P,18.080000000000002,0.3877551020408163
sp_lg_h,P,18.09,0.3877551020408163
sp_lg_h,P,18.1,0.3877551020408163
sp_lg_h,P,18.11,0.3877551020408163
sp_lg_h,P,18.12,0.3877551020408163
sp_lg_h,P,18.13,0.3877551020408163
sp_lg_h,P,18.14,0.3877551020408163
sp_lg_h,P,18.150000000000002,0.3877551020408163
sp_lg_h,P,18.16,0.3877551020408163
sp_lg_h,P,18.17,0.3877551020408163
sp_lg_h,P,18.18,0.3877551020408163
sp_lg_h,P,18.19,0.3877551020408163
sp_lg_h,P,18.2,0.3877551020408163
sp_lg_h,P,18.21,0.3877551020408163
sp_lg_h,P,18.22,0.3877551020408163
sp_lg_h,P,18.23,0.3877551020408163
sp_lg_h,P,18.240000000000002,0.3877551020408163
sp_lg_h,P,18.25,0.3877551020408163
sp_lg_h,P,18.26,0.3877551020408163
sp_lg_h,P,18.27,0.3877551020408163
sp_lg_h,P,18.28,0.3877551020408163
sp_lg_h,P,18.29,0.3877551020408163
sp_lg_h,P,18.3,0.3877551020408163
sp_lg_h,P,18.31,0.3877551020408163
sp_lg_h,P,18.32,0.3877551020408163
sp_lg_h,P,18.330000000000002,0.3877551020408163
sp_lg_h,P,18.34,0.3877551020408163
sp_lg_h,P,18.35,0.3877551020408163
sp_lg_h,P,18.36,0.3877551020408163
sp_lg_h,P,18.37,0.3877551020408163
sp_lg_h,P,18.38,0.3877551020408163
sp_lg_h,P,18.39,0.3877551020408163
sp_lg_h,P,18.400000000000002,0.3877551020408163
sp_lg_h,P,18.41,0.3877551020408163
sp_lg_h,P,18.42,0.3877551020408163
sp_lg_h,P,18.43,0.3877551020408163
sp_lg_h,P,18.44,0.3877551020408163
sp_lg_h,P,18.45,0.3877551020408163
sp_lg_h,P,18.46,0.3877551020408163
sp_lg_h,P,18.47,0.3877551020408163
sp_lg_h,P,18.48,0.3877551020408163
sp_lg_h,P,18.490000000000002,0.3877551020408163
sp_lg_h,P,18.5,0.3877551020408163
sp_lg_h,P,18.51,0.3877551020408163
sp_lg_h,P,18.52,0.3877551020408163
sp_lg_h,P,18.53,0.3877551020408163
sp_lg_h,P,18.54,0.3877551020408163
sp_lg_h,P,18.55,0.3877551020408163
sp_lg_h,P,18.56,0.3877551020408163
sp_lg_h,P,18.57,0.3877551020408163
sp_lg_h,P,18.580000000000002,0.3877551020408163
sp_lg_h,P,18.59,0.3877551020408163
sp_lg_h,P,18.6,0.3877551020408163
sp_lg_h,P,18.61,0.3877551020408163
sp_lg_h,P,18.62,0.3877551020408163
sp_lg_h,P,18.63,0.3877551020408163
sp_lg_h,P,18.64,0.3877551020408163
sp_lg_h,P,18.650000000000002,0.3877551020408163
sp_lg_h,P,18.66,0.3877551020408163
sp_lg_h,P,18.67,0.3877551020408163
sp_lg_h,P,18.68,0.3877551020408163
sp_lg_h,P,18.69,0.3877551020408163
sp_lg_h,P,18.7,0.3877551020408163
sp_lg_h,P,18.71,0.3877551020408163
sp_lg_h,P,18.72,0.3877551020408163
sp_lg_h,P,18.73,0.3877551020408163
sp_lg_h,P,18.740000000000002,0.3877551020408163
sp_lg_h,P,18.75,0.3877551020408163
sp_lg_h,P,18.76,0.3877551020408163
sp_lg_h,P,18.77,0.3877551020408163
sp_lg_h,P,18.78,0.3877551020408163
sp_lg_h,P,18.79,0.3877551020408163
sp_lg_h,P,18.8,0.3877551020408163
sp_lg_h,P,18.81,0.40816326530612246
sp_lg_h,P,18.82,0.40816326530612246
sp_lg_h,P,18.830000000000002,0.40816326530612246
sp_lg_h,P,18.84,0.40816326530612246
sp_lg_h,P,18.85,0.40816326530612246
sp_lg_h,P,18.86,0.40816326530612246
sp_lg_h,P,18.87,0.42857142857142855
sp_lg_h,P,18.88,0.42857142857142855
sp_lg_h,P,18.89,0.42857142857142855
sp_lg_h,P,18.900000000000002,0.42857142857142855
sp_lg_h,P,18.91,0.42857142857142855
sp_lg_h,P,18.92,0.42857142857142855
sp_lg_h,P,18.93,0.42857142857142855
sp_lg_h,P,18.94,0.42857142857142855
sp_lg_h,P,18.95,0.42857142857142855
sp_lg_h,P,18.96,0.42857142857142855
sp_lg_h,P,18.97,0.42857142857142855
sp_lg_h,P,18.98,0.42857142857142855
sp_lg_h,P,18.990000000000002,0.42857142857142855
sp_lg_h,P,19.0,0.42857142857142855
sp_lg_h,P,19.01,0.42857142857142855
sp_lg_h,P,19.02,0.42857142857142855
sp_lg_h,P,19.03,0.42857142857142855
sp_lg_h,P,19.04,0.42857142857142855
sp_lg_h,P,19.05,0.42857142857142855
sp_lg_h,P,19.06,0.42857142857142855
sp_lg_h,P,19.07,0.42857142857142855
sp_lg_h,P,19.080000000000002,0.42857142857142855
sp_lg_h,P,19.09,0.42857142857142855
sp_lg_h,P,19.1,0.42857142857142855
sp_lg_h,P,19.11,0.42857142857142855
sp_lg_h,P,19.12,0.42857142857142855
sp_lg_h,P,19.13,0.42857142857142855
sp_lg_h,P,19.14,0.42857142857142855
sp_lg_h,P,19.150000000000002,0.42857142857142855
sp_lg_h,P,19.16,0.42857142857142855
sp_lg_h,P,19.17,0.42857142857142855
sp_lg_h,P,19.18,0.42857142857142855
sp_lg_h,P,19.19,0.42857142857142855
sp_lg_h,P,19.2,0.42857142857142855
sp_lg_h,P,19.21,0.42857142857142855
sp_lg_h,P,19.22,0.42857142857142855
sp_lg_h,P,19.23,0.42857142857142855
sp_lg_h,P,19.240000000000002,0.42857142857142855
sp_lg_h,P,19.25,0.42857142857142855
sp_lg_h,P,19.26,0.42857142857142855
sp_lg_h,P,19.27,0.42857142857142855
sp_lg_h,P,19.28,0.42857142857142855
sp_lg_h,P,19.29,0.42857142857142855
sp_lg_h,P,19.3,0.42857142857142855
sp_lg_h,P,19.31,0.42857142857142855
sp_lg_h,P,19.32,0.42857142857142855
sp_lg_h,P,19.330000000000002,0.42857142857142855
sp_lg_h,P,19.34,0.42857142857142855
sp_lg_h,P,19.35,0.42857142857142855
sp_lg_h,P,19.36,0.42857142857142855
sp_lg_h,P,19.37,0.42857142857142855
sp_lg_h,P,19.38,0.42857142857142855
sp_lg_h,P,19.39,0.42857142857142855
sp_lg_h,P,19.400000000000002,0.42857142857142855
sp_lg_h,P,19.41,0.42857142857142855
sp_lg_h,P,19.42,0.42857142857142855
sp_lg_h,P,19.43,0.42857142857142855
sp_lg_h,P,19.44,0.42857142857142855
sp_lg_h,P,19.45,0.42857142857142855
sp_lg_h,P,19.46,0.42857142857142855
sp_lg_h,P,19.47,0.42857142857142855
sp_lg_h,P,19.48,0.42857142857142855
sp_lg_h,P,19.490000000000002,0.42857142857142855
sp_lg_h,P,19.5,0.42857142857142855
sp_lg_h,P,19.51,0.42857142857142855
sp_lg_h,P,19.52,0.42857142857142855
sp_lg_h,P,19.53,0.42857142857142855
sp_lg_h,P,19.54,0.42857142857142855
sp_lg_h,P,19.55,0.42857142857142855
sp_lg_h,P,19.56,0.42857142857142855
sp_lg_h,P,19.57,0.42857142857142855
sp_lg_h,P,19.580000000000002,0.42857142857142855
sp_lg_h,P,19.59,0.42857142857142855
sp_lg_h,P,19.6,0.42857142857142855
sp_lg_h,P,19.61,0.42857142857142855
sp_lg_h,P,19.62,0.42857142857142855
sp_lg_h,P,19.63,0.42857142857142855
sp_lg_h,P,19.64,0.42857142857142855
sp_lg_h,P,19.650000000000002,0.42857142857142855
sp_lg_h,P,19.66,0.42857142857142855
sp_lg_h,P,19.67,0.42857142857142855
sp_lg_h,P,19.68,0.42857142857142855
sp_lg_h,P,19.69,0.42857142857142855
sp_lg_h,P,19.7,0.42857142857142855
sp_lg_h,P,19.71,0.42857142857142855
sp_lg_h,P,19.72,0.42857142857142855
sp_lg_h,P,19.73,0.42857142857142855
sp_lg_h,P,19.740000000000002,0.42857142857142855
sp_lg_h,P,19.75,0.42857142857142855
sp_lg_h,P,19.76,0.42857142857142855
sp_lg_h,P,19.77,0.42857142857142855
sp_lg_h,P,19.78,0.42857142857142855
sp_lg_h,P,19.79,0.42857142857142855
sp_lg_h,P,19.8,0.42857142857142855
sp_lg_h,P,19.81,0.42857142857142855
sp_lg_h,P,19.82,0.42857142857142855
sp_lg_h,P,19.830000000000002,0.42857142857142855
sp_lg_h,P,19.84,0.42857142857142855
sp_lg_h,P,19.85,0.42857142857142855
sp_lg_h,P,19.86,0.42857142857142855
sp_lg_h,P,19.87,0.42857142857142855
sp_lg_h,P,19.88,0.42857142857142855
sp_lg_h,P,19.89,0.42857142857142855
sp_lg_h,P,19.900000000000002,0.42857142857142855
sp_lg_h,P,19.91,0.42857142857142855
sp_lg_h,P,19.92,0.42857142857142855
sp_lg_h,P,19.93,0.42857142857142855
sp_lg_h,P,19.94,0.42857142857142855
sp_lg_h,P,19.95,0.42857142857142855
sp_lg_h,P,19.96,0.42857142857142855
sp_lg_h,P,19.97,0.42857142857142855
sp_lg_h,P,19.98,0.42857142857142855
sp_lg_h,P,19.990000000000002,0.42857142857142855
sp_lg_h,P,20.0,0.42857142857142855
sp_lg_h,P,20.01,0.42857142857142855
sp_lg_h,P,20.02,0.42857142857142855
sp_lg_h,P,20.03,0.42857142857142855
sp_lg_h,P,20.04,0.42857142857142855
sp_lg_h,P,20.05,0.42857142857142855
sp_lg_h,P,20.06,0.42857142857142855
sp_lg_h,P,20.07,0.42857142857142855
sp_lg_h,P,20.080000000000002,0.42857142857142855
sp_lg_h,P,20.09,0.42857142857142855
sp_lg_h,P,20.1,0.42857142857142855
sp_lg_h,P,20.11,0.42857142857142855
sp_lg_h,P,20.12,0.42857142857142855
sp_lg_h,P,20.13,0.42857142857142855
sp_lg_h,P,20.14,0.42857142857142855
sp_lg_h,P,20.150000000000002,0.42857142857142855
sp_lg_h,P,20.16,0.42857142857142855
sp_lg_h,P,20.17,0.42857142857142855
sp_lg_h,P,20.18,0.42857142857142855
sp_lg_h,P,20.19,0.42857142857142855
sp_lg_h,P,20.2,0.42857142857142855
sp_lg_h,P,20.21,0.42857142857142855
sp_lg_h,P,20.22,0.42857142857142855
sp_lg_h,P,20.23,0.42857142857142855
sp_lg_h,P,20.240000000000002,0.42857142857142855
sp_lg_h,P,20.25,0.42857142857142855
sp_lg_h,P,20.26,0.42857142857142855
sp_lg_h,P,20.27,0.42857142857142855
sp_lg_h,P,20.28,0.42857142857142855
sp_lg_h,P,20.29,0.42857142857142855
sp_lg_h,P,20.3,0.42857142857142855
sp_lg_h,P,20.31,0.42857142857142855
sp_lg_h,P,20.32,0.42857142857142855
sp_lg_h,P,20.330000000000002,0.42857142857142855
sp_lg_h,P,20.34,0.42857142857142855
sp_lg_h,P,20.35,0.42857142857142855
sp_lg_h,P,20.36,0.42857142857142855
sp_lg_h,P,20.37,0.42857142857142855
sp_lg_h,P,20.38,0.42857142857142855
sp_lg_h,P,20.39,0.42857142857142855
sp_lg_h,P,20.400000000000002,0.42857142857142855
sp_lg_h,P,20.41,0.4489795918367347
sp_lg_h,P,20.42,0.46938775510204084
sp_lg_h,P,20.43,0.46938775510204084
sp_lg_h,P,20.44,0.46938775510204084
sp_lg_h,P,20.45,0.46938775510204084
sp_lg_h,P,20.46,0.46938775510204084
sp_lg_h,P,20.47,0.46938775510204084
sp_lg_h,P,20.48,0.46938775510204084
sp_lg_h,P,20.490000000000002,0.46938775510204084
sp_lg_h,P,20.5,0.46938775510204084
sp_lg_h,P,20.51,0.46938775510204084
sp_lg_h,P,20.52,0.46938775510204084
sp_lg_h,P,20.53,0.46938775510204084
sp_lg_h,P,20.54,0.46938775510204084
sp_lg_h,P,20.55,0.46938775510204084
sp_lg_h,P,20.56,0.46938775510204084
sp_lg_h,P,20.57,0.46938775510204084
sp_lg_h,P,20.580000000000002,0.46938775510204084
sp_lg_h,P,20.59,0.46938775510204084
sp_lg_h,P,20.6,0.46938775510204084
sp_lg_h,P,20.61,0.46938775510204084
sp_lg_h,P,20.62,0.46938775510204084
sp_lg_h,P,20.63,0.46938775510204084
sp_lg_h,P,20.64,0.46938775510204084
sp_lg_h,P,20.650000000000002,0.46938775510204084
sp_lg_h,P,20.66,0.46938775510204084
sp_lg_h,P,20.67,0.46938775510204084
sp_lg_h,P,20.68,0.46938775510204084
sp_lg_h,P,20.69,0.46938775510204084
sp_lg_h,P,20.7,0.46938775510204084
sp_lg_h,P,20.71,0.46938775510204084
sp_lg_h,P,20.72,0.46938775510204084
sp_lg_h,P,20.73,0.46938775510204084
sp_lg_h,P,20.740000000000002,0.46938775510204084
sp_lg_h,P,20.75,0.46938775510204084
sp_lg_h,P,20.76,0.46938775510204084
sp_lg_h,P,20.77,0.46938775510204084
sp_lg_h,P,20.78,0.46938775510204084
sp_lg_h,P,20.79,0.46938775510204084
sp_lg_h,P,20.8,0.46938775510204084
sp_lg_h,P,20.81,0.46938775510204084
sp_lg_h,P,20.82,0.46938775510204084
sp_lg_h,P,20.830000000000002,0.46938775510204084
sp_lg_h,P,20.84,0.46938775510204084
sp_lg_h,P,20.85,0.46938775510204084
sp_lg_h,P,20.86,0.46938775510204084
sp_lg_h,P,20.87,0.46938775510204084
sp_lg_h,P,20.88,0.46938775510204084
sp_lg_h,P,20.89,0.46938775510204084
sp_lg_h,P,20.900000000000002,0.4897959183673469
sp_lg_h,P,20.91,0.4897959183673469
sp_lg_h,P,20.92,0.4897959183673469
sp_lg_h,P,20.93,0.4897959183673469
sp_lg_h,P,20.94,0.4897959183673469
sp_lg_h,P,20.95,0.4897959183673469
sp_lg_h,P,20.96,0.4897959183673469
sp_lg_h,P,20.97,0.4897959183673469
sp_lg_h,P,20.98,0.4897959183673469
sp_lg_h,P,20.990000000000002,0.4897959183673469
sp_lg_h,P,21.0,0.4897959183673469
sp_lg_h,P,21.01,0.4897959183673469
sp_lg_h,P,21.02,0.4897959183673469
sp_lg_h,P,21.03,0.4897959183673469
sp_lg_h,P,21.04,0.4897959183673469
sp_lg_h,P,21.05,0.4897959183673469
sp_lg_h,P,21.06,0.4897959183673469
sp_lg_h,P,21.07,0.4897959183673469
sp_lg_h,P,21.080000000000002,0.4897959183673469
sp_lg_h,P,21.09,0.4897959183673469
sp_lg_h,P,21.1,0.4897959183673469
sp_lg_h,P,21.11,0.4897959183673469
sp_lg_h,P,21.12,0.4897959183673469
sp_lg_h,P,21.13,0.4897959183673469
sp_lg_h,P,21.14,0.4897959183673469
sp_lg_h,P,21.150000000000002,0.4897959183673469
sp_lg_h,P,21.16,0.4897959183673469
sp_lg_h,P,21.17,0.4897959183673469
sp_lg_h,P,21.18,0.4897959183673469
sp_lg_h,P,21.19,0.4897959183673469
sp_lg_h,P,21.2,0.4897959183673469
sp_lg_h,P,21.21,0.4897959183673469
sp_lg_h,P,21.22,0.4897959183673469
sp_lg_h,P,21.23,0.4897959183673469
sp_lg_h,P,21.240000000000002,0.4897959183673469
sp_lg_h,P,21.25,0.4897959183673469
sp_lg_h,P,21.26,0.4897959183673469
sp_lg_h,P,21.27,0.4897959183673469
sp_lg_h,P,21.28,0.4897959183673469
sp_lg_h,P,21.29,0.4897959183673469
sp_lg_h,P,21.3,0.4897959183673469
sp_lg_h,P,21.31,0.5102040816326531
sp_lg_h,P,21.32,0.5102040816326531
sp_lg_h,P,21.330000000000002,0.5102040816326531
sp_lg_h,P,21.34,0.5102040816326531
sp_lg_h,P,21.35,0.5102040816326531
sp_lg_h,P,21.36,0.5102040816326531
sp_lg_h,P,21.37,0.5102040816326531
sp_lg_h,P,21.38,0.5102040816326531
sp_lg_h,P,21.39,0.5102040816326531
sp_lg_h,P,21.400000000000002,0.5102040816326531
sp_lg_h,P,21.41,0.5102040816326531
sp_lg_h,P,21.42,0.5102040816326531
sp_lg_h,P,21.43,0.5102040816326531
sp_lg_h,P,21.44,0.5102040816326531
sp_lg_h,P,21.45,0.5102040816326531
sp_lg_h,P,21.46,0.5102040816326531
sp_lg_h,P,21.47,0.5102040816326531
sp_lg_h,P,21.48,0.5102040816326531
sp_lg_h,P,21.490000000000002,0.5102040816326531
sp_lg_h,P,21.5,0.5102040816326531
sp_lg_h,P,21.51,0.5102040816326531
sp_lg_h,P,21.52,0.5102040816326531
sp_lg_h,P,21.53,0.5102040816326531
sp_lg_h,P,21.54,0.5102040816326531
sp_lg_h,P,21.55,0.5102040816326531
sp_lg_h,P,21.56,0.5102040816326531
sp_lg_h,P,21.57,0.5102040816326531
sp_lg_h,P,21.580000000000002,0.5102040816326531
sp_lg_h,P,21.59,0.5102040816326531
sp_lg_h,P,21.6,0.5102040816326531
sp_lg_h,P,21.61,0.5102040816326531
sp_lg_h,P,21.62,0.5102040816326531
sp_lg_h,P,21.63,0.5102040816326531
sp_lg_h,P,21.64,0.5102040816326531
sp_lg_h,P,21.650000000000002,0.5102040816326531
sp_lg_h,P,21.66,0.5102040816326531
sp_lg_h,P,21.67,0.5102040816326531
sp_lg_h,P,21.68,0.5102040816326531
sp_lg_h,P,21.69,0.5102040816326531
sp_lg_h,P,21.7,0.5102040816326531
sp_lg_h,P,21.71,0.5102040816326531
sp_lg_h,P,21.72,0.5102040816326531
sp_lg_h,P,21.73,0.5102040816326531
sp_lg_h,P,21.740000000000002,0.5102040816326531
sp_lg_h,P,21.75,0.5102040816326531
sp_lg_h,P,21.76,0.5102040816326531
sp_lg_h,P,21.77,0.5102040816326531
sp_lg_h,P,21.78,0.5102040816326531
sp_lg_h,P,21.79,0.5102040816326531
sp_lg_h,P,21.8,0.5102040816326531
sp_lg_h,P,21.81,0.5102040816326531
sp_lg_h,P,21.82,0.5102040816326531
sp_lg_h,P,21.830000000000002,0.5102040816326531
sp_lg_h,P,21.84,0.5102040816326531
sp_lg_h,P,21.85,0.5102040816326531
sp_lg_h,P,21.86,0.5102040816326531
sp_lg_h,P,21.87,0.5102040816326531
sp_lg_h,P,21.88,0.5102040816326531
sp_lg_h,P,21.89,0.5102040816326531
sp_lg_h,P,21.900000000000002,0.5102040816326531
sp_lg_h,P,21.91,0.5102040816326531
sp_lg_h,P,21.92,0.5102040816326531
sp_lg_h,P,21.93,0.5102040816326531
sp_lg_h,P,21.94,0.5102040816326531
sp_lg_h,P,21.95,0.5306122448979592
sp_lg_h,P,21.96,0.5306122448979592
sp_lg_h,P,21.97,0.5306122448979592
sp_lg_h,P,21.98,0.5306122448979592
sp_lg_h,P,21.990000000000002,0.5306122448979592
sp_lg_h,P,22.0,0.5306122448979592
sp_lg_h,P,22.01,0.5306122448979592
sp_lg_h,P,22.02,0.5306122448979592
sp_lg_h,P,22.03,0.5306122448979592
sp_lg_h,P,22.04,0.5306122448979592
sp_lg_h,P,22.05,0.5306122448979592
sp_lg_h,P,22.06,0.5306122448979592
sp_lg_h,P,22.07,0.5306122448979592
sp_lg_h,P,22.080000000000002,0.5306122448979592
sp_lg_h,P,22.09,0.5306122448979592
sp_lg_h,P,22.1,0.5306122448979592
sp_lg_h,P,22.11,0.5306122448979592
sp_lg_h,P,22.12,0.5306122448979592
sp_lg_h,P,22.13,0.5306122448979592
sp_lg_h,P,22.14,0.5306122448979592
sp_lg_h,P,22.150000000000002,0.5306122448979592
sp_lg_h,P,22.16,0.5306122448979592
sp_lg_h,P,22.17,0.5306122448979592
sp_lg_h,P,22.18,0.5306122448979592
sp_lg_h,P,22.19,0.5306122448979592
sp_lg_h,P,22.2,0.5306122448979592
sp_lg_h,P,22.21,0.5306122448979592
sp_lg_h,P,22.22,0.5306122448979592
sp_lg_h,P,22.23,0.5306122448979592
sp_lg_h,P,22.240000000000002,0.5306122448979592
sp_lg_h,P,22.25,0.5306122448979592
sp_lg_h,P,22.26,0.5306122448979592
sp_lg_h,P,22.27,0.5510204081632653
sp_lg_h,P,22.28,0.5510204081632653
sp_lg_h,P,22.29,0.5510204081632653
sp_lg_h,P,22.3,0.5510204081632653
sp_lg_h,P,22.31,0.5510204081632653
sp_lg_h,P,22.32,0.5510204081632653
sp_lg_h,P,22.330000000000002,0.5510204081632653
sp_lg_h,P,22.34,0.5510204081632653
sp_lg_h,P,22.35,0.5510204081632653
sp_lg_h,P,22.36,0.5714285714285714
sp_lg_h,P,22.37,0.5714285714285714
sp_lg_h,P,22.38,0.5714285714285714
sp_lg_h,P,22.39,0.5714285714285714
sp_lg_h,P,22.400000000000002,0.5714285714285714
sp_lg_h,P,22.41,0.5714285714285714
sp_lg_h,P,22.42,0.5714285714285714
sp_lg_h,P,22.43,0.5714285714285714
sp_lg_h,P,22.44,0.5714285714285714
sp_lg_h,P,22.45,0.5714285714285714
sp_lg_h,P,22.46,0.5714285714285714
sp_lg_h,P,22.47,0.5714285714285714
sp_lg_h,P,22.48,0.5714285714285714
sp_lg_h,P,22.490000000000002,0.5714285714285714
sp_lg_h,P,22.5,0.5714285714285714
sp_lg_h,P,22.51,0.5714285714285714
sp_lg_h,P,22.52,0.5714285714285714
sp_lg_h,P,22.53,0.5714285714285714
sp_lg_h,P,22.54,0.5918367346938775
sp_lg_h,P,22.55,0.5918367346938775
sp_lg_h,P,22.56,0.5918367346938775
sp_lg_h,P,22.57,0.5918367346938775
sp_lg_h,P,22.580000000000002,0.5918367346938775
sp_lg_h,P,22.59,0.5918367346938775
sp_lg_h,P,22.6,0.5918367346938775
sp_lg_h,P,22.61,0.5918367346938775
sp_lg_h,P,22.62,0.5918367346938775
sp_lg_h,P,22.63,0.5918367346938775
sp_lg_h,P,22.64,0.5918367346938775
sp_lg_h,P,22.650000000000002,0.5918367346938775
sp_lg_h,P,22.66,0.5918367346938775
sp_lg_h,P,22.67,0.5918367346938775
sp_lg_h,P,22.68,0.5918367346938775
sp_lg_h,P,22.69,0.5918367346938775
sp_lg_h,P,22.7,0.5918367346938775
sp_lg_h,P,22.71,0.5918367346938775
sp_lg_h,P,22.72,0.5918367346938775
sp_lg_h,P,22.73,0.5918367346938775
sp_lg_h,P,22.740000000000002,0.6122448979591837
sp_lg_h,P,22.75,0.6122448979591837
sp_lg_h,P,22.76,0.6122448979591837
sp_lg_h,P,22.77,0.6122448979591837
sp_lg_h,P,22.78,0.6326530612244898
sp_lg_h,P,22.79,0.6326530612244898
sp_lg_h,P,22.8,0.6326530612244898
sp_lg_h,P,22.81,0.6326530612244898
sp_lg_h,P,22.82,0.6326530612244898
sp_lg_h,P,22.830000000000002,0.6326530612244898
sp_lg_h,P,22.84,0.6326530612244898
sp_lg_h,P,22.85,0.6326530612244898
sp_lg_h,P,22.86,0.6326530612244898
sp_lg_h,P,22.87,0.6326530612244898
sp_lg_h,P,22.88,0.6326530612244898
sp_lg_h,P,22.89,0.6326530612244898
sp_lg_h,P,22.900000000000002,0.6326530612244898
sp_lg_h,P,22.91,0.6326530612244898
sp_lg_h,P,22.92,0.6326530612244898
sp_lg_h,P,22.93,0.6326530612244898
sp_lg_h,P,22.94,0.6326530612244898
sp_lg_h,P,22.95,0.6326530612244898
sp_lg_h,P,22.96,0.6326530612244898
sp_lg_h,P,22.97,0.6326530612244898
sp_lg_h,P,22.98,0.6326530612244898
sp_lg_h,P,22.990000000000002,0.6326530612244898
sp_lg_h,P,23.0,0.6326530612244898
sp_lg_h,P,23.01,0.6326530612244898
sp_lg_h,P,23.02,0.6326530612244898
sp_lg_h,P,23.03,0.6326530612244898
sp_lg_h,P,23.04,0.6326530612244898
sp_lg_h,P,23.05,0.6326530612244898
sp_lg_h,P,23.06,0.6326530612244898
sp_lg_h,P,23.07,0.6326530612244898
sp_lg_h,P,23.080000000000002,0.6326530612244898
sp_lg_h,P,23.09,0.6326530612244898
sp_lg_h,P,23.1,0.6326530612244898
sp_lg_h,P,23.11,0.6326530612244898
sp_lg_h,P,23.12,0.6326530612244898
sp_lg_h,P,23.13,0.6326530612244898
sp_lg_h,P,23.14,0.6326530612244898
sp_lg_h,P,23.150000000000002,0.6326530612244898
sp_lg_h,P,23.16,0.6326530612244898
sp_lg_h,P,23.17,0.6326530612244898
sp_lg_h,P,23.18,0.6326530612244898
sp_lg_h,P,23.19,0.6326530612244898
sp_lg_h,P,23.2,0.6326530612244898
sp_lg_h,P,23.21,0.6326530612244898
sp_lg_h,P,23.22,0.6326530612244898
sp_lg_h,P,23.23,0.6326530612244898
sp_lg_h,P,23.240000000000002,0.6326530612244898
sp_lg_h,P,23.25,0.6326530612244898
sp_lg_h,P,23.26,0.6326530612244898
sp_lg_h,P,23.27,0.6326530612244898
sp_lg_h,P,23.28,0.6326530612244898
sp_lg_h,P,23.29,0.6326530612244898
sp_lg_h,P,23.3,0.6530612244897959
sp_lg_h,P,23.31,0.6530612244897959
sp_lg_h,P,23.32,0.6530612244897959
sp_lg_h,P,23.330000000000002,0.6530612244897959
sp_lg_h,P,23.34,0.6530612244897959
sp_lg_h,P,23.35,0.6530612244897959
sp_lg_h,P,23.36,0.6530612244897959
sp_lg_h,P,23.37,0.6530612244897959
sp_lg_h,P,23.38,0.6530612244897959
sp_lg_h,P,23.39,0.6530612244897959
sp_lg_h,P,23.400000000000002,0.6530612244897959
sp_lg_h,P,23.41,0.6530612244897959
sp_lg_h,P,23.42,0.6530612244897959
sp_lg_h,P,23.43,0.6530612244897959
sp_lg_h,P,23.44,0.6530612244897959
sp_lg_h,P,23.45,0.6530612244897959
sp_lg_h,P,23.46,0.6530612244897959
sp_lg_h,P,23.47,0.6530612244897959
sp_lg_h,P,23.48,0.6530612244897959
sp_lg_h,P,23.490000000000002,0.6530612244897959
sp_lg_h,P,23.5,0.6530612244897959
sp_lg_h,P,23.51,0.6530612244897959
sp_lg_h,P,23.52,0.6530612244897959
sp_lg_h,P,23.53,0.6530612244897959
sp_lg_h,P,23.54,0.6530612244897959
sp_lg_h,P,23.55,0.6530612244897959
sp_lg_h,P,23.56,0.6530612244897959
sp_lg_h,P,23.57,0.6530612244897959
sp_lg_h,P,23.580000000000002,0.6530612244897959
sp_lg_h,P,23.59,0.6530612244897959
sp_lg_h,P,23.6,0.6530612244897959
sp_lg_h,P,23.61,0.6530612244897959
sp_lg_h,P,23.62,0.6530612244897959
sp_lg_h,P,23.63,0.6530612244897959
sp_lg_h,P,23.64,0.6530612244897959
sp_lg_h,P,23.650000000000002,0.6530612244897959
sp_lg_h,P,23.66,0.6530612244897959
sp_lg_h,P,23.67,0.6530612244897959
sp_lg_h,P,23.68,0.6530612244897959
sp_lg_h,P,23.69,0.6530612244897959
sp_lg_h,P,23.7,0.6530612244897959
sp_lg_h,P,23.71,0.6530612244897959
sp_lg_h,P,23.72,0.6530612244897959
sp_lg_h,P,23.73,0.6530612244897959
sp_lg_h,P,23.740000000000002,0.6530612244897959
sp_lg_h,P,23.75,0.6530612244897959
sp_lg_h,P,23.76,0.6530612244897959
sp_lg_h,P,23.77,0.6530612244897959
sp_lg_h,P,23.78,0.6530612244897959
sp_lg_h,P,23.79,0.6530612244897959
sp_lg_h,P,23.8,0.6530612244897959
sp_lg_h,P,23.81,0.6530612244897959
sp_lg_h,P,23.82,0.6530612244897959
sp_lg_h,P,23.830000000000002,0.6530612244897959
sp_lg_h,P,23.84,0.6530612244897959
sp_lg_h,P,23.85,0.6530612244897959
sp_lg_h,P,23.86,0.6530612244897959
sp_lg_h,P,23.87,0.6530612244897959
sp_lg_h,P,23.88,0.6530612244897959
sp_lg_h,P,23.89,0.6530612244897959
sp_lg_h,P,23.900000000000002,0.6530612244897959
sp_lg_h,P,23.91,0.6530612244897959
sp_lg_h,P,23.92,0.6530612244897959
sp_lg_h,P,23.93,0.6530612244897959
sp_lg_h,P,23.94,0.6530612244897959
sp_lg_h,P,23.95,0.6530612244897959
sp_lg_h,P,23.96,0.6530612244897959
sp_lg_h,P,23.97,0.6530612244897959
sp_lg_h,P,23.98,0.6530612244897959
sp_lg_h,P,23.990000000000002,0.6530612244897959
sp_lg_h,P,24.0,0.6530612244897959
sp_lg_h,P,24.01,0.6530612244897959
sp_lg_h,P,24.02,0.6530612244897959
sp_lg_h,P,24.03,0.6530612244897959
sp_lg_h,P,24.04,0.6530612244897959
sp_lg_h,P,24.05,0.6530612244897959
sp_lg_h,P,24.060000000000002,0.6530612244897959
sp_lg_h,P,24.07,0.6530612244897959
sp_lg_h,P,24.080000000000002,0.6530612244897959
sp_lg_h,P,24.09,0.6530612244897959
sp_lg_h,P,24.1,0.6530612244897959
sp_lg_h,P,24.11,0.6530612244897959
sp_lg_h,P,24.12,0.6530612244897959
sp_lg_h,P,24.13,0.6530612244897959
sp_lg_h,P,24.14,0.6530612244897959
sp_lg_h,P,24.150000000000002,0.6530612244897959
sp_lg_h,P,24.16,0.6530612244897959
sp_lg_h,P,24.17,0.6530612244897959
sp_lg_h,P,24.18,0.6530612244897959
sp_lg_h,P,24.19,0.6530612244897959
sp_lg_h,P,24.2,0.6530612244897959
sp_lg_h,P,24.21,0.6530612244897959
sp_lg_h,P,24.22,0.6530612244897959
sp_lg_h,P,24.23,0.6530612244897959
sp_lg_h,P,24.240000000000002,0.6530612244897959
sp_lg_h,P,24.25,0.6530612244897959
sp_lg_h,P,24.26,0.6530612244897959
sp_lg_h,P,24.27,0.6530612244897959
sp_lg_h,P,24.28,0.6530612244897959
sp_lg_h,P,24.29,0.6530612244897959
sp_lg_h,P,24.3,0.6530612244897959
sp_lg_h,P,24.310000000000002,0.6530612244897959
sp_lg_h,P,24.32,0.6530612244897959
sp_lg_h,P,24.330000000000002,0.6530612244897959
sp_lg_h,P,24.34,0.6530612244897959
sp_lg_h,P,24.35,0.6530612244897959
sp_lg_h,P,24.36,0.6530612244897959
sp_lg_h,P,24.37,0.6530612244897959
sp_lg_h,P,24.38,0.6530612244897959
sp_lg_h,P,24.39,0.6530612244897959
sp_lg_h,P,24.400000000000002,0.6530612244897959
sp_lg_h,P,24.41,0.6530612244897959
sp_lg_h,P,24.42,0.6530612244897959
sp_lg_h,P,24.43,0.6530612244897959
sp_lg_h,P,24.44,0.6530612244897959
sp_lg_h,P,24.45,0.673469387755102
sp_lg_h,P,24.46,0.673469387755102
sp_lg_h,P,24.47,0.673469387755102
sp_lg_h,P,24.48,0.673469387755102
sp_lg_h,P,24.490000000000002,0.673469387755102
sp_lg_h,P,24.5,0.673469387755102
sp_lg_h,P,24.51,0.673469387755102
sp_lg_h,P,24.52,0.673469387755102
sp_lg_h,P,24.53,0.673469387755102
sp_lg_h,P,24.54,0.673469387755102
sp_lg_h,P,24.55,0.673469387755102
sp_lg_h,P,24.560000000000002,0.673469387755102
sp_lg_h,P,24.57,0.673469387755102
sp_lg_h,P,24.580000000000002,0.673469387755102
sp_lg_h,P,24.59,0.673469387755102
sp_lg_h,P,24.6,0.673469387755102
sp_lg_h,P,24.61,0.673469387755102
sp_lg_h,P,24.62,0.673469387755102
sp_lg_h,P,24.63,0.673469387755102
sp_lg_h,P,24.64,0.673469387755102
sp_lg_h,P,24.650000000000002,0.673469387755102
sp_lg_h,P,24.66,0.673469387755102
sp_lg_h,P,24.67,0.673469387755102
sp_lg_h,P,24.68,0.673469387755102
sp_lg_h,P,24.69,0.673469387755102
sp_lg_h,P,24.7,0.673469387755102
sp_lg_h,P,24.71,0.673469387755102
sp_lg_h,P,24.72,0.673469387755102
sp_lg_h,P,24.73,0.673469387755102
sp_lg_h,P,24.740000000000002,0.673469387755102
sp_lg_h,P,24.75,0.673469387755102
sp_lg_h,P,24.76,0.673469387755102
sp_lg_h,P,24.77,0.673469387755102
sp_lg_h,P,24.78,0.673469387755102
sp_lg_h,P,24.79,0.673469387755102
sp_lg_h,P,24.8,0.673469387755102
sp_lg_h,P,24.810000000000002,0.673469387755102
sp_lg_h,P,24.82,0.673469387755102
sp_lg_h,P,24.830000000000002,0.673469387755102
sp_lg_h,P,24.84,0.673469387755102
sp_lg_h,P,24.85,0.673469387755102
sp_lg_h,P,24.86,0.673469387755102
sp_lg_h,P,24.87,0.6938775510204082
sp_lg_h,P,24.88,0.6938775510204082
sp_lg_h,P,24.89,0.6938775510204082
sp_lg_h,P,24.900000000000002,0.6938775510204082
sp_lg_h,P,24.91,0.6938775510204082
sp_lg_h,P,24.92,0.6938775510204082
sp_lg_h,P,24.93,0.6938775510204082
sp_lg_h,P,24.94,0.6938775510204082
sp_lg_h,P,24.95,0.6938775510204082
sp_lg_h,P,24.96,0.6938775510204082
sp_lg_h,P,24.97,0.6938775510204082
sp_lg_h,P,24.98,0.6938775510204082
sp_lg_h,P,24.990000000000002,0.6938775510204082
sp_lg_h,P,25.0,0.6938775510204082
sp_lg_h,S,0.0,0.0
sp_lg_h,S,0.01,0.0
sp_lg_h,S,0.02,0.0
sp_lg_h,S,0.03,0.0
sp_lg_h,S,0.04,0.0
sp_lg_h,S,0.05,0.0
sp_lg_h,S,0.06,0.0
sp_lg_h,S,0.07,0.0
sp_lg_h,S,0.08,0.0
sp_lg_h,S,0.09,0.0
sp_lg_h,S,0.1,0.0
sp_lg_h,S,0.11,0.0
sp_lg_h,S,0.12,0.0
sp_lg_h,S,0.13,0.0
sp_lg_h,S,0.14,0.0
sp_lg_h,S,0.15,0.0
sp_lg_h,S,0.16,0.0
sp_lg_h,S,0.17,0.0
sp_lg_h,S,0.18,0.0
sp_lg_h,S,0.19,0.0
sp_lg_h,S,0.2,0.0
sp_lg_h,S,0.21,0.0
sp_lg_h,S,0.22,0.0
sp_lg_h,S,0.23,0.0
sp_lg_h,S,0.24,0.0
sp_lg_h,S,0.25,0.0
sp_lg_h,S,0.26,0.0
sp_lg_h,S,0.27,0.0
sp_lg_h,S,0.28,0.0
sp_lg_h,S,0.29,0.0
sp_lg_h,S,0.3,0.0
sp_lg_h,S,0.31,0.0
sp_lg_h,S,0.32,0.0
sp_lg_h,S,0.33,0.0
sp_lg_h,S,0.34,0.0
sp_lg_h,S,0.35000000000000003,0.0
sp_lg_h,S,0.36,0.0
sp_lg_h,S,0.37,0.0
sp_lg_h,S,0.38,0.0
sp_lg_h,S,0.39,0.0
sp_lg_h,S,0.4,0.0
sp_lg_h,S,0.41000000000000003,0.0
sp_lg_h,S,0.42,0.0
sp_lg_h,S,0.43,0.0
sp_lg_h,S,0.44,0.0
sp_lg_h,S,0.45,0.0
sp_lg_h,S,0.46,0.0
sp_lg_h,S,0.47000000000000003,0.0
sp_lg_h,S,0.48,0.0
sp_lg_h,S,0.49,0.0
sp_lg_h,S,0.5,0.0
sp_lg_h,S,0.51,0.0
sp_lg_h,S,0.52,0.0
sp_lg_h,S,0.53,0.0
sp_lg_h,S,0.54,0.0
sp_lg_h,S,0.55,0.0
sp_lg_h,S,0.56,0.0
sp_lg_h,S,0.5700000000000001,0.0
sp_lg_h,S,0.58,0.0
sp_lg_h,S,0.59,0.0
sp_lg_h,S,0.6,0.0
sp_lg_h,S,0.61,0.0
sp_lg_h,S,0.62,0.0
sp_lg_h,S,0.63,0.0
sp_lg_h,S,0.64,0.0
sp_lg_h,S,0.65,0.0
sp_lg_h,S,0.66,0.0
sp_lg_h,S,0.67,0.0
sp_lg_h,S,0.68,0.0
sp_lg_h,S,0.6900000000000001,0.0
sp_lg_h,S,0.7000000000000001,0.0
sp_lg_h,S,0.71,0.0
sp_lg_h,S,0.72,0.0
sp_lg_h,S,0.73,0.0
sp_lg_h,S,0.74,0.0
sp_lg_h,S,0.75,0.0
sp_lg_h,S,0.76,0.0
sp_lg_h,S,0.77,0.0
sp_lg_h,S,0.78,0.0
sp_lg_h,S,0.79,0.0
sp_lg_h,S,0.8,0.0
sp_lg_h,S,0.81,0.0
sp_lg_h,S,0.8200000000000001,0.0
sp_lg_h,S,0.8300000000000001,0.0
sp_lg_h,S,0.84,0.0
sp_lg_h,S,0.85,0.0
sp_lg_h,S,0.86,0.0
sp_lg_h,S,0.87,0.0
sp_lg_h,S,0.88,0.0
sp_lg_h,S,0.89,0.0
sp_lg_h,S,0.9,0.0
sp_lg_h,S,0.91,0.0
sp_lg_h,S,0.92,0.0
sp_lg_h,S,0.93,0.0
sp_lg_h,S,0.9400000000000001,0.0
sp_lg_h,S,0.9500000000000001,0.014084507042253521
sp_lg_h,S,0.96,0.014084507042253521
sp_lg_h,S,0.97,0.014084507042253521
sp_lg_h,S,0.98,0.014084507042253521
sp_lg_h,S,0.99,0.014084507042253521
sp_lg_h,S,1.0,0.014084507042253521
sp_lg_h,S,1.01,0.014084507042253521
sp_lg_h,S,1.02,0.014084507042253521
sp_lg_h,S,1.03,0.014084507042253521
sp_lg_h,S,1.04,0.014084507042253521
sp_lg_h,S,1.05,0.014084507042253521
sp_lg_h,S,1.06,0.014084507042253521
sp_lg_h,S,1.07,0.014084507042253521
sp_lg_h,S,1.08,0.014084507042253521
sp_lg_h,S,1.09,0.014084507042253521
sp_lg_h,S,1.1,0.014084507042253521
sp_lg_h,S,1.11,0.014084507042253521
sp_lg_h,S,1.12,0.014084507042253521
sp_lg_h,S,1.1300000000000001,0.014084507042253521
sp_lg_h,S,1.1400000000000001,0.014084507042253521
sp_lg_h,S,1.1500000000000001,0.014084507042253521
sp_lg_h,S,1.16,0.028169014084507043
sp_lg_h,S,1.17,0.028169014084507043
sp_lg_h,S,1.18,0.028169014084507043
sp_lg_h,S,1.19,0.028169014084507043
sp_lg_h,S,1.2,0.028169014084507043
sp_lg_h,S,1.21,0.028169014084507043
sp_lg_h,S,1.22,0.028169014084507043
sp_lg_h,S,1.23,0.028169014084507043
sp_lg_h,S,1.24,0.028169014084507043
sp_lg_h,S,1.25,0.028169014084507043
sp_lg_h,S,1.26,0.028169014084507043
sp_lg_h,S,1.27,0.028169014084507043
sp_lg_h,S,1.28,0.028169014084507043
sp_lg_h,S,1.29,0.028169014084507043
sp_lg_h,S,1.3,0.028169014084507043
sp_lg_h,S,1.31,0.028169014084507043
sp_lg_h,S,1.32,0.028169014084507043
sp_lg_h,S,1.33,0.028169014084507043
sp_lg_h,S,1.34,0.028169014084507043
sp_lg_h,S,1.35,0.028169014084507043
sp_lg_h,S,1.36,0.028169014084507043
sp_lg_h,S,1.37,0.04225352112676056
sp_lg_h,S,1.3800000000000001,0.056338028169014086
sp_lg_h,S,1.3900000000000001,0.056338028169014086
sp_lg_h,S,1.4000000000000001,0.056338028169014086
sp_lg_h,S,1.41,0.056338028169014086
sp_lg_h,S,1.42,0.056338028169014086
sp_lg_h,S,1.43,0.056338028169014086
sp_lg_h,S,1.44,0.056338028169014086
sp_lg_h,S,1.45,0.056338028169014086
sp_lg_h,S,1.46,0.056338028169014086
sp_lg_h,S,1.47,0.056338028169014086
sp_lg_h,S,1.48,0.056338028169014086
sp_lg_h,S,1.49,0.056338028169014086
sp_lg_h,S,1.5,0.056338028169014086
sp_lg_h,S,1.51,0.07042253521126761
sp_lg_h,S,1.52,0.07042253521126761
sp_lg_h,S,1.53,0.07042253521126761
sp_lg_h,S,1.54,0.07042253521126761
sp_lg_h,S,1.55,0.07042253521126761
sp_lg_h,S,1.56,0.08450704225352113
sp_lg_h,S,1.57,0.08450704225352113
sp_lg_h,S,1.58,0.08450704225352113
sp_lg_h,S,1.59,0.08450704225352113
sp_lg_h,S,1.6,0.08450704225352113
sp_lg_h,S,1.61,0.08450704225352113
sp_lg_h,S,1.62,0.08450704225352113
sp_lg_h,S,1.6300000000000001,0.09859154929577464
sp_lg_h,S,1.6400000000000001,0.09859154929577464
sp_lg_h,S,1.6500000000000001,0.11267605633802817
sp_lg_h,S,1.6600000000000001,0.11267605633802817
sp_lg_h,S,1.67,0.1267605633802817
sp_lg_h,S,1.68,0.1267605633802817
sp_lg_h,S,1.69,0.1267605633802817
sp_lg_h,S,1.7,0.1267605633802817
sp_lg_h,S,1.71,0.1267605633802817
sp_lg_h,S,1.72,0.1267605633802817
sp_lg_h,S,1.73,0.1267605633802817
sp_lg_h,S,1.74,0.14084507042253522
sp_lg_h,S,1.75,0.14084507042253522
sp_lg_h,S,1.76,0.14084507042253522
sp_lg_h,S,1.77,0.14084507042253522
sp_lg_h,S,1.78,0.15492957746478872
sp_lg_h,S,1.79,0.16901408450704225
sp_lg_h,S,1.8,0.18309859154929578
sp_lg_h,S,1.81,0.2112676056338028
sp_lg_h,S,1.82,0.2112676056338028
sp_lg_h,S,1.83,0.2112676056338028
sp_lg_h,S,1.84,0.22535211267605634
sp_lg_h,S,1.85,0.22535211267605634
sp_lg_h,S,1.86,0.23943661971830985
sp_lg_h,S,1.87,0.23943661971830985
sp_lg_h,S,1.8800000000000001,0.23943661971830985
sp_lg_h,S,1.8900000000000001,0.23943661971830985
sp_lg_h,S,1.9000000000000001,0.23943661971830985
sp_lg_h,S,1.9100000000000001,0.23943661971830985
sp_lg_h,S,1.92,0.23943661971830985
sp_lg_h,S,1.93,0.23943661971830985
sp_lg_h,S,1.94,0.23943661971830985
sp_lg_h,S,1.95,0.23943661971830985
sp_lg_h,S,1.96,0.23943661971830985
sp_lg_h,S,1.97,0.23943661971830985
sp_lg_h,S,1.98,0.23943661971830985
sp_lg_h,S,1.99,0.23943661971830985
sp_lg_h,S,2.0,0.23943661971830985
sp_lg_h,S,2.0100000000000002,0.23943661971830985
sp_lg_h,S,2.02,0.23943661971830985
sp_lg_h,S,2.0300000000000002,0.23943661971830985
sp_lg_h,S,2.04,0.23943661971830985
sp_lg_h,S,2.05,0.23943661971830985
sp_lg_h,S,2.06,0.23943661971830985
sp_lg_h,S,2.07,0.23943661971830985
sp_lg_h,S,2.08,0.23943661971830985
sp_lg_h,S,2.09,0.23943661971830985
sp_lg_h,S,2.1,0.23943661971830985
sp_lg_h,S,2.11,0.23943661971830985
sp_lg_h,S,2.12,0.2676056338028169
sp_lg_h,S,2.13,0.28169014084507044
sp_lg_h,S,2.14,0.28169014084507044
sp_lg_h,S,2.15,0.28169014084507044
sp_lg_h,S,2.16,0.28169014084507044
sp_lg_h,S,2.17,0.28169014084507044
sp_lg_h,S,2.18,0.28169014084507044
sp_lg_h,S,2.19,0.28169014084507044
sp_lg_h,S,2.2,0.30985915492957744
sp_lg_h,S,2.21,0.30985915492957744
sp_lg_h,S,2.22,0.30985915492957744
sp_lg_h,S,2.23,0.30985915492957744
sp_lg_h,S,2.24,0.30985915492957744
sp_lg_h,S,2.25,0.30985915492957744
sp_lg_h,S,2.2600000000000002,0.323943661971831
sp_lg_h,S,2.27,0.3380281690140845
sp_lg_h,S,2.2800000000000002,0.352112676056338
sp_lg_h,S,2.29,0.36619718309859156
sp_lg_h,S,2.3000000000000003,0.36619718309859156
sp_lg_h,S,2.31,0.36619718309859156
sp_lg_h,S,2.32,0.36619718309859156
sp_lg_h,S,2.33,0.36619718309859156
sp_lg_h,S,2.34,0.36619718309859156
sp_lg_h,S,2.35,0.38028169014084506
sp_lg_h,S,2.36,0.38028169014084506
sp_lg_h,S,2.37,0.38028169014084506
sp_lg_h,S,2.38,0.38028169014084506
sp_lg_h,S,2.39,0.38028169014084506
sp_lg_h,S,2.4,0.38028169014084506
sp_lg_h,S,2.41,0.38028169014084506
sp_lg_h,S,2.42,0.38028169014084506
sp_lg_h,S,2.43,0.38028169014084506
sp_lg_h,S,2.44,0.39436619718309857
sp_lg_h,S,2.45,0.39436619718309857
sp_lg_h,S,2.46,0.39436619718309857
sp_lg_h,S,2.47,0.4084507042253521
sp_lg_h,S,2.48,0.4084507042253521
sp_lg_h,S,2.49,0.4084507042253521
sp_lg_h,S,2.5,0.4084507042253521
sp_lg_h,S,2.5100000000000002,0.4084507042253521
sp_lg_h,S,2.52,0.4084507042253521
sp_lg_h,S,2.5300000000000002,0.4084507042253521
sp_lg_h,S,2.54,0.4225352112676056
sp_lg_h,S,2.5500000000000003,0.4225352112676056
sp_lg_h,S,2.56,0.4225352112676056
sp_lg_h,S,2.57,0.4225352112676056
sp_lg_h,S,2.58,0.4225352112676056
sp_lg_h,S,2.59,0.43661971830985913
sp_lg_h,S,2.6,0.4507042253521127
sp_lg_h,S,2.61,0.4647887323943662
sp_lg_h,S,2.62,0.4788732394366197
sp_lg_h,S,2.63,0.4788732394366197
sp_lg_h,S,2.64,0.4788732394366197
sp_lg_h,S,2.65,0.4788732394366197
sp_lg_h,S,2.66,0.4788732394366197
sp_lg_h,S,2.67,0.4788732394366197
sp_lg_h,S,2.68,0.4788732394366197
sp_lg_h,S,2.69,0.4788732394366197
sp_lg_h,S,2.7,0.4788732394366197
sp_lg_h,S,2.71,0.4788732394366197
sp_lg_h,S,2.72,0.4788732394366197
sp_lg_h,S,2.73,0.4788732394366197
sp_lg_h,S,2.74,0.5070422535211268
sp_lg_h,S,2.75,0.5070422535211268
sp_lg_h,S,2.7600000000000002,0.5070422535211268
sp_lg_h,S,2.77,0.5211267605633803
sp_lg_h,S,2.7800000000000002,0.5211267605633803
sp_lg_h,S,2.79,0.5211267605633803
sp_lg_h,S,2.8000000000000003,0.5211267605633803
sp_lg_h,S,2.81,0.5211267605633803
sp_lg_h,S,2.82,0.5211267605633803
sp_lg_h,S,2.83,0.5352112676056338
sp_lg_h,S,2.84,0.5352112676056338
sp_lg_h,S,2.85,0.5352112676056338
sp_lg_h,S,2.86,0.5633802816901409
sp_lg_h,S,2.87,0.5774647887323944
sp_lg_h,S,2.88,0.5774647887323944
sp_lg_h,S,2.89,0.5774647887323944
sp_lg_h,S,2.9,0.5774647887323944
sp_lg_h,S,2.91,0.5915492957746479
sp_lg_h,S,2.92,0.5915492957746479
sp_lg_h,S,2.93,0.6056338028169014
sp_lg_h,S,2.94,0.6056338028169014
sp_lg_h,S,2.95,0.6197183098591549
sp_lg_h,S,2.96,0.6197183098591549
sp_lg_h,S,2.97,0.6197183098591549
sp_lg_h,S,2.98,0.6197183098591549
sp_lg_h,S,2.99,0.6338028169014085
sp_lg_h,S,3.0,0.6338028169014085
sp_lg_h,S,3.0100000000000002,0.6338028169014085
sp_lg_h,S,3.02,0.676056338028169
sp_lg_h,S,3.0300000000000002,0.676056338028169
sp_lg_h,S,3.04,0.676056338028169
sp_lg_h,S,3.0500000000000003,0.6901408450704225
sp_lg_h,S,3.06,0.6901408450704225
sp_lg_h,S,3.0700000000000003,0.6901408450704225
sp_lg_h,S,3.08,0.6901408450704225
sp_lg_h,S,3.09,0.6901408450704225
sp_lg_h,S,3.1,0.6901408450704225
sp_lg_h,S,3.11,0.704225352112676
sp_lg_h,S,3.12,0.7183098591549296
sp_lg_h,S,3.13,0.7183098591549296
sp_lg_h,S,3.14,0.7323943661971831
sp_lg_h,S,3.15,0.7323943661971831
sp_lg_h,S,3.16,0.7323943661971831
sp_lg_h,S,3.17,0.7323943661971831
sp_lg_h,S,3.18,0.7323943661971831
sp_lg_h,S,3.19,0.7323943661971831
sp_lg_h,S,3.2,0.7323943661971831
sp_lg_h,S,3.21,0.7323943661971831
sp_lg_h,S,3.22,0.7605633802816901
sp_lg_h,S,3.23,0.7605633802816901
sp_lg_h,S,3.24,0.7605633802816901
sp_lg_h,S,3.25,0.7605633802816901
sp_lg_h,S,3.2600000000000002,0.7605633802816901
sp_lg_h,S,3.27,0.7605633802816901
sp_lg_h,S,3.2800000000000002,0.7605633802816901
sp_lg_h,S,3.29,0.7746478873239436
sp_lg_h,S,3.3000000000000003,0.7746478873239436
sp_lg_h,S,3.31,0.8028169014084507
sp_lg_h,S,3.3200000000000003,0.8028169014084507
sp_lg_h,S,3.33,0.8028169014084507
sp_lg_h,S,3.34,0.8028169014084507
sp_lg_h,S,3.35,0.8028169014084507
sp_lg_h,S,3.36,0.8028169014084507
sp_lg_h,S,3.37,0.8028169014084507
sp_lg_h,S,3.38,0.8028169014084507
sp_lg_h,S,3.39,0.8028169014084507
sp_lg_h,S,3.4,0.8169014084507042
sp_lg_h,S,3.41,0.8169014084507042
sp_lg_h,S,3.42,0.8169014084507042
sp_lg_h,S,3.43,0.8169014084507042
sp_lg_h,S,3.44,0.8169014084507042
sp_lg_h,S,3.45,0.8169014084507042
sp_lg_h,S,3.46,0.8169014084507042
sp_lg_h,S,3.47,0.8169014084507042
sp_lg_h,S,3.48,0.8169014084507042
sp_lg_h,S,3.49,0.8169014084507042
sp_lg_h,S,3.5,0.8169014084507042
sp_lg_h,S,3.5100000000000002,0.8169014084507042
sp_lg_h,S,3.52,0.8169014084507042
sp_lg_h,S,3.5300000000000002,0.8169014084507042
sp_lg_h,S,3.54,0.8169014084507042
sp_lg_h,S,3.5500000000000003,0.8309859154929577
sp_lg_h,S,3.56,0.8309859154929577
sp_lg_h,S,3.5700000000000003,0.8450704225352113
sp_lg_h,S,3.58,0.8591549295774648
sp_lg_h,S,3.59,0.8591549295774648
sp_lg_h,S,3.6,0.8591549295774648
sp_lg_h,S,3.61,0.8591549295774648
sp_lg_h,S,3.62,0.8591549295774648
sp_lg_h,S,3.63,0.8591549295774648
sp_lg_h,S,3.64,0.8591549295774648
sp_lg_h,S,3.65,0.8591549295774648
sp_lg_h,S,3.66,0.8591549295774648
sp_lg_h,S,3.67,0.8591549295774648
sp_lg_h,S,3.68,0.8591549295774648
sp_lg_h,S,3.69,0.8591549295774648
sp_lg_h,S,3.7,0.8591549295774648
sp_lg_h,S,3.71,0.8591549295774648
sp_lg_h,S,3.72,0.8591549295774648
sp_lg_h,S,3.73,0.8591549295774648
sp_lg_h,S,3.74,0.8591549295774648
sp_lg_h,S,3.75,0.8591549295774648
sp_lg_h,S,3.7600000000000002,0.8591549295774648
sp_lg_h,S,3.77,0.8591549295774648
sp_lg_h,S,3.7800000000000002,0.8591549295774648
sp_lg_h,S,3.79,0.8591549295774648
sp_lg_h,S,3.8000000000000003,0.8591549295774648
sp_lg_h,S,3.81,0.8591549295774648
sp_lg_h,S,3.8200000000000003,0.8591549295774648
sp_lg_h,S,3.83,0.8591549295774648
sp_lg_h,S,3.84,0.8591549295774648
sp_lg_h,S,3.85,0.8591549295774648
sp_lg_h,S,3.86,0.8591549295774648
sp_lg_h,S,3.87,0.8591549295774648
sp_lg_h,S,3.88,0.8591549295774648
sp_lg_h,S,3.89,0.8591549295774648
sp_lg_h,S,3.9,0.8591549295774648
sp_lg_h,S,3.91,0.8591549295774648
sp_lg_h,S,3.92,0.8732394366197183
sp_lg_h,S,3.93,0.8732394366197183
sp_lg_h,S,3.94,0.8732394366197183
sp_lg_h,S,3.95,0.8732394366197183
sp_lg_h,S,3.96,0.8732394366197183
sp_lg_h,S,3.97,0.8732394366197183
sp_lg_h,S,3.98,0.8732394366197183
sp_lg_h,S,3.99,0.8732394366197183
sp_lg_h,S,4.0,0.8732394366197183
sp_lg_h,S,4.01,0.8732394366197183
sp_lg_h,S,4.0200000000000005,0.8732394366197183
sp_lg_h,S,4.03,0.8732394366197183
sp_lg_h,S,4.04,0.8732394366197183
sp_lg_h,S,4.05,0.8732394366197183
sp_lg_h,S,4.0600000000000005,0.8732394366197183
sp_lg_h,S,4.07,0.8732394366197183
sp_lg_h,S,4.08,0.8732394366197183
sp_lg_h,S,4.09,0.8732394366197183
sp_lg_h,S,4.1,0.8732394366197183
sp_lg_h,S,4.11,0.8732394366197183
sp_lg_h,S,4.12,0.8732394366197183
sp_lg_h,S,4.13,0.8732394366197183
sp_lg_h,S,4.14,0.8732394366197183
sp_lg_h,S,4.15,0.8732394366197183
sp_lg_h,S,4.16,0.8732394366197183
sp_lg_h,S,4.17,0.8732394366197183
sp_lg_h,S,4.18,0.8732394366197183
sp_lg_h,S,4.19,0.8732394366197183
sp_lg_h,S,4.2,0.8732394366197183
sp_lg_h,S,4.21,0.8732394366197183
sp_lg_h,S,4.22,0.8732394366197183
sp_lg_h,S,4.23,0.8732394366197183
sp_lg_h,S,4.24,0.8732394366197183
sp_lg_h,S,4.25,0.8732394366197183
sp_lg_h,S,4.26,0.8732394366197183
sp_lg_h,S,4.2700000000000005,0.8732394366197183
sp_lg_h,S,4.28,0.8732394366197183
sp_lg_h,S,4.29,0.8732394366197183
sp_lg_h,S,4.3,0.8732394366197183
sp_lg_h,S,4.3100000000000005,0.8873239436619719
sp_lg_h,S,4.32,0.9014084507042254
sp_lg_h,S,4.33,0.9014084507042254
sp_lg_h,S,4.34,0.9014084507042254
sp_lg_h,S,4.3500000000000005,0.9014084507042254
sp_lg_h,S,4.36,0.9014084507042254
sp_lg_h,S,4.37,0.9014084507042254
sp_lg_h,S,4.38,0.9154929577464789
sp_lg_h,S,4.39,0.9154929577464789
sp_lg_h,S,4.4,0.9295774647887324
sp_lg_h,S,4.41,0.9295774647887324
sp_lg_h,S,4.42,0.9295774647887324
sp_lg_h,S,4.43,0.9295774647887324
sp_lg_h,S,4.44,0.9295774647887324
sp_lg_h,S,4.45,0.9295774647887324
sp_lg_h,S,4.46,0.9295774647887324
sp_lg_h,S,4.47,0.9295774647887324
sp_lg_h,S,4.48,0.9295774647887324
sp_lg_h,S,4.49,0.9295774647887324
sp_lg_h,S,4.5,0.9295774647887324
sp_lg_h,S,4.51,0.9295774647887324
sp_lg_h,S,4.5200000000000005,0.9295774647887324
sp_lg_h,S,4.53,0.9295774647887324
sp_lg_h,S,4.54,0.9295774647887324
sp_lg_h,S,4.55,0.9295774647887324
sp_lg_h,S,4.5600000000000005,0.9436619718309859
sp_lg_h,S,4.57,0.9436619718309859
sp_lg_h,S,4.58,0.9436619718309859
sp_lg_h,S,4.59,0.9577464788732394
sp_lg_h,S,4.6000000000000005,0.9577464788732394
sp_lg_h,S,4.61,0.9577464788732394
sp_lg_h,S,4.62,0.9577464788732394
sp_lg_h,S,4.63,0.9577464788732394
sp_lg_h,S,4.64,0.9577464788732394
sp_lg_h,S,4.65,0.9577464788732394
sp_lg_h,S,4.66,0.9577464788732394
sp_lg_h,S,4.67,0.9577464788732394
sp_lg_h,S,4.68,0.9577464788732394
sp_lg_h,S,4.69,0.9577464788732394
sp_lg_h,S,4.7,0.9577464788732394
sp_lg_h,S,4.71,0.9577464788732394
sp_lg_h,S,4.72,0.9577464788732394
sp_lg_h,S,4.73,0.9577464788732394
sp_lg_h,S,4.74,0.9577464788732394
sp_lg_h,S,4.75,0.9577464788732394
sp_lg_h,S,4.76,0.9577464788732394
sp_lg_h,S,4.7700000000000005,0.9577464788732394
sp_lg_h,S,4.78,0.9577464788732394
sp_lg_h,S,4.79,0.9577464788732394
sp_lg_h,S,4.8,0.9577464788732394
sp_lg_h,S,4.8100000000000005,0.9577464788732394
sp_lg_h,S,4.82,0.9577464788732394
sp_lg_h,S,4.83,0.9577464788732394
sp_lg_h,S,4.84,0.9577464788732394
sp_lg_h,S,4.8500000000000005,0.9577464788732394
sp_lg_h,S,4.86,0.9577464788732394
sp_lg_h,S,4.87,0.9577464788732394
sp_lg_h,S,4.88,0.9577464788732394
sp_lg_h,S,4.89,0.9577464788732394
sp_lg_h,S,4.9,0.9577464788732394
sp_lg_h,S,4.91,0.9577464788732394
sp_lg_h,S,4.92,0.9577464788732394
sp_lg_h,S,4.93,0.9577464788732394
sp_lg_h,S,4.94,0.9577464788732394
sp_lg_h,S,4.95,0.9577464788732394
sp_lg_h,S,4.96,0.9577464788732394
sp_lg_h,S,4.97,0.9577464788732394
sp_lg_h,S,4.98,0.9577464788732394
sp_lg_h,S,4.99,0.9577464788732394
sp_lg_h,S,5.0,0.9577464788732394
sp_lg_h,S,5.01,0.9577464788732394
sp_lg_h,S,5.0200000000000005,0.9577464788732394
sp_lg_h,S,5.03,0.9577464788732394
sp_lg_h,S,5.04,0.9577464788732394
sp_lg_h,S,5.05,0.971830985915493
sp_lg_h,S,5.0600000000000005,0.971830985915493
sp_lg_h,S,5.07,0.971830985915493
sp_lg_h,S,5.08,0.971830985915493
sp_lg_h,S,5.09,0.9859154929577465
sp_lg_h,S,5.1000000000000005,0.9859154929577465
sp_lg_h,S,5.11,0.9859154929577465
sp_lg_h,S,5.12,0.9859154929577465
sp_lg_h,S,5.13,0.9859154929577465
sp_lg_h,S,5.14,0.9859154929577465
sp_lg_h,S,5.15,0.9859154929577465
sp_lg_h,S,5.16,0.9859154929577465
sp_lg_h,S,5.17,0.9859154929577465
sp_lg_h,S,5.18,0.9859154929577465
sp_lg_h,S,5.19,0.9859154929577465
sp_lg_h,S,5.2,0.9859154929577465
sp_lg_h,S,5.21,0.9859154929577465
sp_lg_h,S,5.22,0.9859154929577465
sp_lg_h,S,5.23,0.9859154929577465
sp_lg_h,S,5.24,0.9859154929577465
sp_lg_h,S,5.25,0.9859154929577465
sp_lg_h,S,5.26,0.9859154929577465
sp_lg_h,S,5.2700000000000005,0.9859154929577465
sp_lg_h,S,5.28,0.9859154929577465
sp_lg_h,S,5.29,0.9859154929577465
sp_lg_h,S,5.3,0.9859154929577465
sp_lg_h,S,5.3100000000000005,0.9859154929577465
sp_lg_h,S,5.32,0.9859154929577465
sp_lg_h,S,5.33,0.9859154929577465
sp_lg_h,S,5.34,0.9859154929577465
sp_lg_h,S,5.3500000000000005,0.9859154929577465
sp_lg_h,S,5.36,0.9859154929577465
sp_lg_h,S,5.37,0.9859154929577465
sp_lg_h,S,5.38,0.9859154929577465
sp_lg_h,S,5.39,0.9859154929577465
sp_lg_h,S,5.4,0.9859154929577465
sp_lg_h,S,5.41,0.9859154929577465
sp_lg_h,S,5.42,0.9859154929577465
sp_lg_h,S,5.43,0.9859154929577465
sp_lg_h,S,5.44,0.9859154929577465
sp_lg_h,S,5.45,0.9859154929577465
sp_lg_h,S,5.46,0.9859154929577465
sp_lg_h,S,5.47,0.9859154929577465
sp_lg_h,S,5.48,0.9859154929577465
sp_lg_h,S,5.49,0.9859154929577465
sp_lg_h,S,5.5,0.9859154929577465
sp_lg_h,S,5.51,0.9859154929577465
sp_lg_h,S,5.5200000000000005,0.9859154929577465
sp_lg_h,S,5.53,0.9859154929577465
sp_lg_h,S,5.54,0.9859154929577465
sp_lg_h,S,5.55,0.9859154929577465
sp_lg_h,S,5.5600000000000005,0.9859154929577465
sp_lg_h,S,5.57,0.9859154929577465
sp_lg_h,S,5.58,0.9859154929577465
sp_lg_h,S,5.59,0.9859154929577465
sp_lg_h,S,5.6000000000000005,0.9859154929577465
sp_lg_h,S,5.61,0.9859154929577465
sp_lg_h,S,5.62,0.9859154929577465
sp_lg_h,S,5.63,0.9859154929577465
sp_lg_h,S,5.64,0.9859154929577465
sp_lg_h,S,5.65,0.9859154929577465
sp_lg_h,S,5.66,0.9859154929577465
sp_lg_h,S,5.67,0.9859154929577465
sp_lg_h,S,5.68,0.9859154929577465
sp_lg_h,S,5.69,0.9859154929577465
sp_lg_h,S,5.7,0.9859154929577465
sp_lg_h,S,5.71,0.9859154929577465
sp_lg_h,S,5.72,0.9859154929577465
sp_lg_h,S,5.73,0.9859154929577465
sp_lg_h,S,5.74,0.9859154929577465
sp_lg_h,S,5.75,0.9859154929577465
sp_lg_h,S,5.76,0.9859154929577465
sp_lg_h,S,5.7700000000000005,0.9859154929577465
sp_lg_h,S,5.78,0.9859154929577465
sp_lg_h,S,5.79,0.9859154929577465
sp_lg_h,S,5.8,0.9859154929577465
sp_lg_h,S,5.8100000000000005,0.9859154929577465
sp_lg_h,S,5.82,0.9859154929577465
sp_lg_h,S,5.83,0.9859154929577465
sp_lg_h,S,5.84,0.9859154929577465
sp_lg_h,S,5.8500000000000005,0.9859154929577465
sp_lg_h,S,5.86,0.9859154929577465
sp_lg_h,S,5.87,0.9859154929577465
sp_lg_h,S,5.88,0.9859154929577465
sp_lg_h,S,5.89,0.9859154929577465
sp_lg_h,S,5.9,0.9859154929577465
sp_lg_h,S,5.91,0.9859154929577465
sp_lg_h,S,5.92,0.9859154929577465
sp_lg_h,S,5.93,0.9859154929577465
sp_lg_h,S,5.94,0.9859154929577465
sp_lg_h,S,5.95,0.9859154929577465
sp_lg_h,S,5.96,0.9859154929577465
sp_lg_h,S,5.97,0.9859154929577465
sp_lg_h,S,5.98,0.9859154929577465
sp_lg_h,S,5.99,0.9859154929577465
sp_lg_h,S,6.0,0.9859154929577465
sp_lg_h,S,6.01,0.9859154929577465
sp_lg_h,S,6.0200000000000005,0.9859154929577465
sp_lg_h,S,6.03,0.9859154929577465
sp_lg_h,S,6.04,0.9859154929577465
sp_lg_h,S,6.05,0.9859154929577465
sp_lg_h,S,6.0600000000000005,0.9859154929577465
sp_lg_h,S,6.07,0.9859154929577465
sp_lg_h,S,6.08,0.9859154929577465
sp_lg_h,S,6.09,0.9859154929577465
sp_lg_h,S,6.1000000000000005,0.9859154929577465
sp_lg_h,S,6.11,0.9859154929577465
sp_lg_h,S,6.12,0.9859154929577465
sp_lg_h,S,6.13,0.9859154929577465
sp_lg_h,S,6.140000000000001,0.9859154929577465
sp_lg_h,S,6.15,0.9859154929577465
sp_lg_h,S,6.16,0.9859154929577465
sp_lg_h,S,6.17,0.9859154929577465
sp_lg_h,S,6.18,0.9859154929577465
sp_lg_h,S,6.19,0.9859154929577465
sp_lg_h,S,6.2,0.9859154929577465
sp_lg_h,S,6.21,0.9859154929577465
sp_lg_h,S,6.22,0.9859154929577465
sp_lg_h,S,6.23,0.9859154929577465
sp_lg_h,S,6.24,0.9859154929577465
sp_lg_h,S,6.25,0.9859154929577465
sp_lg_h,S,6.26,0.9859154929577465
sp_lg_h,S,6.2700000000000005,0.9859154929577465
sp_lg_h,S,6.28,0.9859154929577465
sp_lg_h,S,6.29,0.9859154929577465
sp_lg_h,S,6.3,0.9859154929577465
sp_lg_h,S,6.3100000000000005,0.9859154929577465
sp_lg_h,S,6.32,0.9859154929577465
sp_lg_h,S,6.33,0.9859154929577465
sp_lg_h,S,6.34,0.9859154929577465
sp_lg_h,S,6.3500000000000005,0.9859154929577465
sp_lg_h,S,6.36,0.9859154929577465
sp_lg_h,S,6.37,0.9859154929577465
sp_lg_h,S,6.38,0.9859154929577465
sp_lg_h,S,6.390000000000001,0.9859154929577465
sp_lg_h,S,6.4,0.9859154929577465
sp_lg_h,S,6.41,0.9859154929577465
sp_lg_h,S,6.42,0.9859154929577465
sp_lg_h,S,6.43,0.9859154929577465
sp_lg_h,S,6.44,0.9859154929577465
sp_lg_h,S,6.45,0.9859154929577465
sp_lg_h,S,6.46,0.9859154929577465
sp_lg_h,S,6.47,0.9859154929577465
sp_lg_h,S,6.48,0.9859154929577465
sp_lg_h,S,6.49,0.9859154929577465
sp_lg_h,S,6.5,0.9859154929577465
sp_lg_h,S,6.51,0.9859154929577465
sp_lg_h,S,6.5200000000000005,0.9859154929577465
sp_lg_h,S,6.53,0.9859154929577465
sp_lg_h,S,6.54,0.9859154929577465
sp_lg_h,S,6.55,0.9859154929577465
sp_lg_h,S,6.5600000000000005,0.9859154929577465
sp_lg_h,S,6.57,0.9859154929577465
sp_lg_h,S,6.58,0.9859154929577465
sp_lg_h,S,6.59,0.9859154929577465
sp_lg_h,S,6.6000000000000005,0.9859154929577465
sp_lg_h,S,6.61,0.9859154929577465
sp_lg_h,S,6.62,0.9859154929577465
sp_lg_h,S,6.63,0.9859154929577465
sp_lg_h,S,6.640000000000001,0.9859154929577465
sp_lg_h,S,6.65,0.9859154929577465
sp_lg_h,S,6.66,0.9859154929577465
sp_lg_h,S,6.67,0.9859154929577465
sp_lg_h,S,6.68,0.9859154929577465
sp_lg_h,S,6.69,0.9859154929577465
sp_lg_h,S,6.7,0.9859154929577465
sp_lg_h,S,6.71,0.9859154929577465
sp_lg_h,S,6.72,0.9859154929577465
sp_lg_h,S,6.73,0.9859154929577465
sp_lg_h,S,6.74,0.9859154929577465
sp_lg_h,S,6.75,0.9859154929577465
sp_lg_h,S,6.76,0.9859154929577465
sp_lg_h,S,6.7700000000000005,0.9859154929577465
sp_lg_h,S,6.78,0.9859154929577465
sp_lg_h,S,6.79,0.9859154929577465
sp_lg_h,S,6.8,0.9859154929577465
sp_lg_h,S,6.8100000000000005,0.9859154929577465
sp_lg_h,S,6.82,0.9859154929577465
sp_lg_h,S,6.83,0.9859154929577465
sp_lg_h,S,6.84,0.9859154929577465
sp_lg_h,S,6.8500000000000005,0.9859154929577465
sp_lg_h,S,6.86,0.9859154929577465
sp_lg_h,S,6.87,0.9859154929577465
sp_lg_h,S,6.88,0.9859154929577465
sp_lg_h,S,6.890000000000001,0.9859154929577465
sp_lg_h,S,6.9,0.9859154929577465
sp_lg_h,S,6.91,0.9859154929577465
sp_lg_h,S,6.92,0.9859154929577465
sp_lg_h,S,6.93,0.9859154929577465
sp_lg_h,S,6.94,0.9859154929577465
sp_lg_h,S,6.95,0.9859154929577465
sp_lg_h,S,6.96,0.9859154929577465
sp_lg_h,S,6.97,0.9859154929577465
sp_lg_h,S,6.98,0.9859154929577465
sp_lg_h,S,6.99,0.9859154929577465
sp_lg_h,S,7.0,0.9859154929577465
sp_lg_h,S,7.01,0.9859154929577465
sp_lg_h,S,7.0200000000000005,0.9859154929577465
sp_lg_h,S,7.03,0.9859154929577465
sp_lg_h,S,7.04,0.9859154929577465
sp_lg_h,S,7.05,0.9859154929577465
sp_lg_h,S,7.0600000000000005,0.9859154929577465
sp_lg_h,S,7.07,0.9859154929577465
sp_lg_h,S,7.08,0.9859154929577465
sp_lg_h,S,7.09,0.9859154929577465
sp_lg_h,S,7.1000000000000005,0.9859154929577465
sp_lg_h,S,7.11,0.9859154929577465
sp_lg_h,S,7.12,0.9859154929577465
sp_lg_h,S,7.13,0.9859154929577465
sp_lg_h,S,7.140000000000001,0.9859154929577465
sp_lg_h,S,7.15,0.9859154929577465
sp_lg_h,S,7.16,0.9859154929577465
sp_lg_h,S,7.17,0.9859154929577465
sp_lg_h,S,7.18,0.9859154929577465
sp_lg_h,S,7.19,0.9859154929577465
sp_lg_h,S,7.2,0.9859154929577465
sp_lg_h,S,7.21,0.9859154929577465
sp_lg_h,S,7.22,0.9859154929577465
sp_lg_h,S,7.23,0.9859154929577465
sp_lg_h,S,7.24,0.9859154929577465
sp_lg_h,S,7.25,0.9859154929577465
sp_lg_h,S,7.26,0.9859154929577465
sp_lg_h,S,7.2700000000000005,0.9859154929577465
sp_lg_h,S,7.28,0.9859154929577465
sp_lg_h,S,7.29,0.9859154929577465
sp_lg_h,S,7.3,0.9859154929577465
sp_lg_h,S,7.3100000000000005,0.9859154929577465
sp_lg_h,S,7.32,0.9859154929577465
sp_lg_h,S,7.33,0.9859154929577465
sp_lg_h,S,7.34,0.9859154929577465
sp_lg_h,S,7.3500000000000005,0.9859154929577465
sp_lg_h,S,7.36,0.9859154929577465
sp_lg_h,S,7.37,0.9859154929577465
sp_lg_h,S,7.38,0.9859154929577465
sp_lg_h,S,7.390000000000001,0.9859154929577465
sp_lg_h,S,7.4,0.9859154929577465
sp_lg_h,S,7.41,0.9859154929577465
sp_lg_h,S,7.42,0.9859154929577465
sp_lg_h,S,7.43,0.9859154929577465
sp_lg_h,S,7.44,0.9859154929577465
sp_lg_h,S,7.45,0.9859154929577465
sp_lg_h,S,7.46,0.9859154929577465
sp_lg_h,S,7.47,0.9859154929577465
sp_lg_h,S,7.48,0.9859154929577465
sp_lg_h,S,7.49,0.9859154929577465
sp_lg_h,S,7.5,0.9859154929577465
sp_lg_h,S,7.51,0.9859154929577465
sp_lg_h,S,7.5200000000000005,0.9859154929577465
sp_lg_h,S,7.53,0.9859154929577465
sp_lg_h,S,7.54,0.9859154929577465
sp_lg_h,S,7.55,0.9859154929577465
sp_lg_h,S,7.5600000000000005,0.9859154929577465
sp_lg_h,S,7.57,0.9859154929577465
sp_lg_h,S,7.58,0.9859154929577465
sp_lg_h,S,7.59,0.9859154929577465
sp_lg_h,S,7.6000000000000005,0.9859154929577465
sp_lg_h,S,7.61,0.9859154929577465
sp_lg_h,S,7.62,0.9859154929577465
sp_lg_h,S,7.63,0.9859154929577465
sp_lg_h,S,7.640000000000001,0.9859154929577465
sp_lg_h,S,7.65,0.9859154929577465
sp_lg_h,S,7.66,0.9859154929577465
sp_lg_h,S,7.67,0.9859154929577465
sp_lg_h,S,7.68,0.9859154929577465
sp_lg_h,S,7.69,0.9859154929577465
sp_lg_h,S,7.7,0.9859154929577465
sp_lg_h,S,7.71,0.9859154929577465
sp_lg_h,S,7.72,0.9859154929577465
sp_lg_h,S,7.73,0.9859154929577465
sp_lg_h,S,7.74,0.9859154929577465
sp_lg_h,S,7.75,0.9859154929577465
sp_lg_h,S,7.76,0.9859154929577465
sp_lg_h,S,7.7700000000000005,0.9859154929577465
sp_lg_h,S,7.78,0.9859154929577465
sp_lg_h,S,7.79,0.9859154929577465
sp_lg_h,S,7.8,0.9859154929577465
sp_lg_h,S,7.8100000000000005,0.9859154929577465
sp_lg_h,S,7.82,0.9859154929577465
sp_lg_h,S,7.83,0.9859154929577465
sp_lg_h,S,7.84,0.9859154929577465
sp_lg_h,S,7.8500000000000005,0.9859154929577465
sp_lg_h,S,7.86,0.9859154929577465
sp_lg_h,S,7.87,0.9859154929577465
sp_lg_h,S,7.88,0.9859154929577465
sp_lg_h,S,7.890000000000001,0.9859154929577465
sp_lg_h,S,7.9,0.9859154929577465
sp_lg_h,S,7.91,0.9859154929577465
sp_lg_h,S,7.92,0.9859154929577465
sp_lg_h,S,7.930000000000001,0.9859154929577465
sp_lg_h,S,7.94,0.9859154929577465
sp_lg_h,S,7.95,0.9859154929577465
sp_lg_h,S,7.96,0.9859154929577465
sp_lg_h,S,7.97,0.9859154929577465
sp_lg_h,S,7.98,0.9859154929577465
sp_lg_h,S,7.99,0.9859154929577465
sp_lg_h,S,8.0,0.9859154929577465
sp_lg_h,S,8.01,0.9859154929577465
sp_lg_h,S,8.02,0.9859154929577465
sp_lg_h,S,8.03,0.9859154929577465
sp_lg_h,S,8.040000000000001,0.9859154929577465
sp_lg_h,S,8.05,0.9859154929577465
sp_lg_h,S,8.06,0.9859154929577465
sp_lg_h,S,8.07,0.9859154929577465
sp_lg_h,S,8.08,0.9859154929577465
sp_lg_h,S,8.09,0.9859154929577465
sp_lg_h,S,8.1,0.9859154929577465
sp_lg_h,S,8.11,0.9859154929577465
sp_lg_h,S,8.120000000000001,0.9859154929577465
sp_lg_h,S,8.13,0.9859154929577465
sp_lg_h,S,8.14,0.9859154929577465
sp_lg_h,S,8.15,0.9859154929577465
sp_lg_h,S,8.16,0.9859154929577465
sp_lg_h,S,8.17,0.9859154929577465
sp_lg_h,S,8.18,0.9859154929577465
sp_lg_h,S,8.19,0.9859154929577465
sp_lg_h,S,8.2,0.9859154929577465
sp_lg_h,S,8.21,0.9859154929577465
sp_lg_h,S,8.22,0.9859154929577465
sp_lg_h,S,8.23,0.9859154929577465
sp_lg_h,S,8.24,0.9859154929577465
sp_lg_h,S,8.25,0.9859154929577465
sp_lg_h,S,8.26,0.9859154929577465
sp_lg_h,S,8.27,0.9859154929577465
sp_lg_h,S,8.28,0.9859154929577465
sp_lg_h,S,8.290000000000001,0.9859154929577465
sp_lg_h,S,8.3,0.9859154929577465
sp_lg_h,S,8.31,0.9859154929577465
sp_lg_h,S,8.32,0.9859154929577465
sp_lg_h,S,8.33,0.9859154929577465
sp_lg_h,S,8.34,0.9859154929577465
sp_lg_h,S,8.35,0.9859154929577465
sp_lg_h,S,8.36,0.9859154929577465
sp_lg_h,S,8.370000000000001,0.9859154929577465
sp_lg_h,S,8.38,0.9859154929577465
sp_lg_h,S,8.39,0.9859154929577465
sp_lg_h,S,8.4,0.9859154929577465
sp_lg_h,S,8.41,0.9859154929577465
sp_lg_h,S,8.42,0.9859154929577465
sp_lg_h,S,8.43,0.9859154929577465
sp_lg_h,S,8.44,0.9859154929577465
sp_lg_h,S,8.45,0.9859154929577465
sp_lg_h,S,8.46,0.9859154929577465
sp_lg_h,S,8.47,0.9859154929577465
sp_lg_h,S,8.48,0.9859154929577465
sp_lg_h,S,8.49,0.9859154929577465
sp_lg_h,S,8.5,0.9859154929577465
sp_lg_h,S,8.51,0.9859154929577465
sp_lg_h,S,8.52,0.9859154929577465
sp_lg_h,S,8.53,0.9859154929577465
sp_lg_h,S,8.540000000000001,0.9859154929577465
sp_lg_h,S,8.55,0.9859154929577465
sp_lg_h,S,8.56,0.9859154929577465
sp_lg_h,S,8.57,0.9859154929577465
sp_lg_h,S,8.58,0.9859154929577465
sp_lg_h,S,8.59,0.9859154929577465
sp_lg_h,S,8.6,0.9859154929577465
sp_lg_h,S,8.61,0.9859154929577465
sp_lg_h,S,8.620000000000001,0.9859154929577465
sp_lg_h,S,8.63,0.9859154929577465
sp_lg_h,S,8.64,0.9859154929577465
sp_lg_h,S,8.65,0.9859154929577465
sp_lg_h,S,8.66,0.9859154929577465
sp_lg_h,S,8.67,0.9859154929577465
sp_lg_h,S,8.68,0.9859154929577465
sp_lg_h,S,8.69,0.9859154929577465
sp_lg_h,S,8.700000000000001,0.9859154929577465
sp_lg_h,S,8.71,0.9859154929577465
sp_lg_h,S,8.72,0.9859154929577465
sp_lg_h,S,8.73,0.9859154929577465
sp_lg_h,S,8.74,0.9859154929577465
sp_lg_h,S,8.75,0.9859154929577465
sp_lg_h,S,8.76,0.9859154929577465
sp_lg_h,S,8.77,0.9859154929577465
sp_lg_h,S,8.78,0.9859154929577465
sp_lg_h,S,8.790000000000001,0.9859154929577465
sp_lg_h,S,8.8,0.9859154929577465
sp_lg_h,S,8.81,0.9859154929577465
sp_lg_h,S,8.82,0.9859154929577465
sp_lg_h,S,8.83,0.9859154929577465
sp_lg_h,S,8.84,0.9859154929577465
sp_lg_h,S,8.85,0.9859154929577465
sp_lg_h,S,8.86,0.9859154929577465
sp_lg_h,S,8.870000000000001,0.9859154929577465
sp_lg_h,S,8.88,0.9859154929577465
sp_lg_h,S,8.89,0.9859154929577465
sp_lg_h,S,8.9,0.9859154929577465
sp_lg_h,S,8.91,0.9859154929577465
sp_lg_h,S,8.92,0.9859154929577465
sp_lg_h,S,8.93,0.9859154929577465
sp_lg_h,S,8.94,0.9859154929577465
sp_lg_h,S,8.950000000000001,0.9859154929577465
sp_lg_h,S,8.96,0.9859154929577465
sp_lg_h,S,8.97,0.9859154929577465
sp_lg_h,S,8.98,0.9859154929577465
sp_lg_h,S,8.99,0.9859154929577465
sp_lg_h,S,9.0,0.9859154929577465
sp_lg_h,S,9.01,0.9859154929577465
sp_lg_h,S,9.02,0.9859154929577465
sp_lg_h,S,9.03,0.9859154929577465
sp_lg_h,S,9.040000000000001,0.9859154929577465
sp_lg_h,S,9.05,0.9859154929577465
sp_lg_h,S,9.06,0.9859154929577465
sp_lg_h,S,9.07,0.9859154929577465
sp_lg_h,S,9.08,0.9859154929577465
sp_lg_h,S,9.09,0.9859154929577465
sp_lg_h,S,9.1,0.9859154929577465
sp_lg_h,S,9.11,0.9859154929577465
sp_lg_h,S,9.120000000000001,0.9859154929577465
sp_lg_h,S,9.13,0.9859154929577465
sp_lg_h,S,9.14,0.9859154929577465
sp_lg_h,S,9.15,0.9859154929577465
sp_lg_h,S,9.16,0.9859154929577465
sp_lg_h,S,9.17,0.9859154929577465
sp_lg_h,S,9.18,0.9859154929577465
sp_lg_h,S,9.19,0.9859154929577465
sp_lg_h,S,9.200000000000001,0.9859154929577465
sp_lg_h,S,9.21,0.9859154929577465
sp_lg_h,S,9.22,0.9859154929577465
sp_lg_h,S,9.23,0.9859154929577465
sp_lg_h,S,9.24,0.9859154929577465
sp_lg_h,S,9.25,0.9859154929577465
sp_lg_h,S,9.26,0.9859154929577465
sp_lg_h,S,9.27,0.9859154929577465
sp_lg_h,S,9.28,0.9859154929577465
sp_lg_h,S,9.290000000000001,0.9859154929577465
sp_lg_h,S,9.3,0.9859154929577465
sp_lg_h,S,9.31,0.9859154929577465
sp_lg_h,S,9.32,0.9859154929577465
sp_lg_h,S,9.33,0.9859154929577465
sp_lg_h,S,9.34,0.9859154929577465
sp_lg_h,S,9.35,0.9859154929577465
sp_lg_h,S,9.36,0.9859154929577465
sp_lg_h,S,9.370000000000001,0.9859154929577465
sp_lg_h,S,9.38,0.9859154929577465
sp_lg_h,S,9.39,0.9859154929577465
sp_lg_h,S,9.4,0.9859154929577465
sp_lg_h,S,9.41,0.9859154929577465
sp_lg_h,S,9.42,0.9859154929577465
sp_lg_h,S,9.43,0.9859154929577465
sp_lg_h,S,9.44,0.9859154929577465
sp_lg_h,S,9.450000000000001,0.9859154929577465
sp_lg_h,S,9.46,0.9859154929577465
sp_lg_h,S,9.47,0.9859154929577465
sp_lg_h,S,9.48,0.9859154929577465
sp_lg_h,S,9.49,0.9859154929577465
sp_lg_h,S,9.5,0.9859154929577465
sp_lg_h,S,9.51,0.9859154929577465
sp_lg_h,S,9.52,0.9859154929577465
sp_lg_h,S,9.53,0.9859154929577465
sp_lg_h,S,9.540000000000001,0.9859154929577465
sp_lg_h,S,9.55,0.9859154929577465
sp_lg_h,S,9.56,0.9859154929577465
sp_lg_h,S,9.57,0.9859154929577465
sp_lg_h,S,9.58,0.9859154929577465
sp_lg_h,S,9.59,0.9859154929577465
sp_lg_h,S,9.6,0.9859154929577465
sp_lg_h,S,9.61,0.9859154929577465
sp_lg_h,S,9.620000000000001,0.9859154929577465
sp_lg_h,S,9.63,0.9859154929577465
sp_lg_h,S,9.64,0.9859154929577465
sp_lg_h,S,9.65,0.9859154929577465
sp_lg_h,S,9.66,0.9859154929577465
sp_lg_h,S,9.67,0.9859154929577465
sp_lg_h,S,9.68,0.9859154929577465
sp_lg_h,S,9.69,0.9859154929577465
sp_lg_h,S,9.700000000000001,0.9859154929577465
sp_lg_h,S,9.71,0.9859154929577465
sp_lg_h,S,9.72,0.9859154929577465
sp_lg_h,S,9.73,0.9859154929577465
sp_lg_h,S,9.74,0.9859154929577465
sp_lg_h,S,9.75,0.9859154929577465
sp_lg_h,S,9.76,0.9859154929577465
sp_lg_h,S,9.77,0.9859154929577465
sp_lg_h,S,9.78,0.9859154929577465
sp_lg_h,S,9.790000000000001,0.9859154929577465
sp_lg_h,S,9.8,0.9859154929577465
sp_lg_h,S,9.81,0.9859154929577465
sp_lg_h,S,9.82,0.9859154929577465
sp_lg_h,S,9.83,0.9859154929577465
sp_lg_h,S,9.84,0.9859154929577465
sp_lg_h,S,9.85,0.9859154929577465
sp_lg_h,S,9.86,0.9859154929577465
sp_lg_h,S,9.870000000000001,0.9859154929577465
sp_lg_h,S,9.88,0.9859154929577465
sp_lg_h,S,9.89,0.9859154929577465
sp_lg_h,S,9.9,0.9859154929577465
sp_lg_h,S,9.91,0.9859154929577465
sp_lg_h,S,9.92,0.9859154929577465
sp_lg_h,S,9.93,0.9859154929577465
sp_lg_h,S,9.94,0.9859154929577465
sp_lg_h,S,9.950000000000001,0.9859154929577465
sp_lg_h,S,9.96,0.9859154929577465
sp_lg_h,S,9.97,0.9859154929577465
sp_lg_h,S,9.98,0.9859154929577465
sp_lg_h,S,9.99,0.9859154929577465
sp_lg_h,S,10.0,0.9859154929577465
sp_lg_h,S,10.01,0.9859154929577465
sp_lg_h,S,10.02,0.9859154929577465
sp_lg_h,S,10.03,0.9859154929577465
sp_lg_h,S,10.040000000000001,0.9859154929577465
sp_lg_h,S,10.05,0.9859154929577465
sp_lg_h,S,10.06,0.9859154929577465
sp_lg_h,S,10.07,0.9859154929577465
sp_lg_h,S,10.08,0.9859154929577465
sp_lg_h,S,10.09,0.9859154929577465
sp_lg_h,S,10.1,0.9859154929577465
sp_lg_h,S,10.11,0.9859154929577465
sp_lg_h,S,10.120000000000001,0.9859154929577465
sp_lg_h,S,10.13,0.9859154929577465
sp_lg_h,S,10.14,0.9859154929577465
sp_lg_h,S,10.15,0.9859154929577465
sp_lg_h,S,10.16,0.9859154929577465
sp_lg_h,S,10.17,0.9859154929577465
sp_lg_h,S,10.18,0.9859154929577465
sp_lg_h,S,10.19,0.9859154929577465
sp_lg_h,S,10.200000000000001,0.9859154929577465
sp_lg_h,S,10.21,0.9859154929577465
sp_lg_h,S,10.22,0.9859154929577465
sp_lg_h,S,10.23,0.9859154929577465
sp_lg_h,S,10.24,0.9859154929577465
sp_lg_h,S,10.25,0.9859154929577465
sp_lg_h,S,10.26,0.9859154929577465
sp_lg_h,S,10.27,0.9859154929577465
sp_lg_h,S,10.28,0.9859154929577465
sp_lg_h,S,10.290000000000001,1.0
sp_lg_h,S,10.3,1.0
sp_lg_h,S,10.31,1.0
sp_lg_h,S,10.32,1.0
sp_lg_h,S,10.33,1.0
sp_lg_h,S,10.34,1.0
sp_lg_h,S,10.35,1.0
sp_lg_h,S,10.36,1.0
sp_lg_h,S,10.370000000000001,1.0
sp_lg_h,S,10.38,1.0
sp_lg_h,S,10.39,1.0
sp_lg_h,S,10.4,1.0
sp_lg_h,S,10.41,1.0
sp_lg_h,S,10.42,1.0
sp_lg_h,S,10.43,1.0
sp_lg_h,S,10.44,1.0
sp_lg_h,S,10.450000000000001,1.0
sp_lg_h,S,10.46,1.0
sp_lg_h,S,10.47,1.0
sp_lg_h,S,10.48,1.0
sp_lg_h,S,10.49,1.0
sp_lg_h,S,10.5,1.0
sp_lg_h,S,10.51,1.0
sp_lg_h,S,10.52,1.0
sp_lg_h,S,10.53,1.0
sp_lg_h,S,10.540000000000001,1.0
sp_lg_h,S,10.55,1.0
sp_lg_h,S,10.56,1.0
sp_lg_h,S,10.57,1.0
sp_lg_h,S,10.58,1.0
sp_lg_h,S,10.59,1.0
sp_lg_h,S,10.6,1.0
sp_lg_h,S,10.61,1.0
sp_lg_h,S,10.620000000000001,1.0
sp_lg_h,S,10.63,1.0
sp_lg_h,S,10.64,1.0
sp_lg_h,S,10.65,1.0
sp_lg_h,S,10.66,1.0
sp_lg_h,S,10.67,1.0
sp_lg_h,S,10.68,1.0
sp_lg_h,S,10.69,1.0
sp_lg_h,S,10.700000000000001,1.0
sp_lg_h,S,10.71,1.0
sp_lg_h,S,10.72,1.0
sp_lg_h,S,10.73,1.0
sp_lg_h,S,10.74,1.0
sp_lg_h,S,10.75,1.0
sp_lg_h,S,10.76,1.0
sp_lg_h,S,10.77,1.0
sp_lg_h,S,10.78,1.0
sp_lg_h,S,10.790000000000001,1.0
sp_lg_h,S,10.8,1.0
sp_lg_h,S,10.81,1.0
sp_lg_h,S,10.82,1.0
sp_lg_h,S,10.83,1.0
sp_lg_h,S,10.84,1.0
sp_lg_h,S,10.85,1.0
sp_lg_h,S,10.86,1.0
sp_lg_h,S,10.870000000000001,1.0
sp_lg_h,S,10.88,1.0
sp_lg_h,S,10.89,1.0
sp_lg_h,S,10.9,1.0
sp_lg_h,S,10.91,1.0
sp_lg_h,S,10.92,1.0
sp_lg_h,S,10.93,1.0
sp_lg_h,S,10.94,1.0
sp_lg_h,S,10.950000000000001,1.0
sp_lg_h,S,10.96,1.0
sp_lg_h,S,10.97,1.0
sp_lg_h,S,10.98,1.0
sp_lg_h,S,10.99,1.0
sp_lg_h,S,11.0,1.0
sp_lg_h,S,11.01,1.0
sp_lg_h,S,11.02,1.0
sp_lg_h,S,11.03,1.0
sp_lg_h,S,11.040000000000001,1.0
sp_lg_h,S,11.05,1.0
sp_lg_h,S,11.06,1.0
sp_lg_h,S,11.07,1.0
sp_lg_h,S,11.08,1.0
sp_lg_h,S,11.09,1.0
sp_lg_h,S,11.1,1.0
sp_lg_h,S,11.11,1.0
sp_lg_h,S,11.120000000000001,1.0
sp_lg_h,S,11.13,1.0
sp_lg_h,S,11.14,1.0
sp_lg_h,S,11.15,1.0
sp_lg_h,S,11.16,1.0
sp_lg_h,S,11.17,1.0
sp_lg_h,S,11.18,1.0
sp_lg_h,S,11.19,1.0
sp_lg_h,S,11.200000000000001,1.0
sp_lg_h,S,11.21,1.0
sp_lg_h,S,11.22,1.0
sp_lg_h,S,11.23,1.0
sp_lg_h,S,11.24,1.0
sp_lg_h,S,11.25,1.0
sp_lg_h,S,11.26,1.0
sp_lg_h,S,11.27,1.0
sp_lg_h,S,11.28,1.0
sp_lg_h,S,11.290000000000001,1.0
sp_lg_h,S,11.3,1.0
sp_lg_h,S,11.31,1.0
sp_lg_h,S,11.32,1.0
sp_lg_h,S,11.33,1.0
sp_lg_h,S,11.34,1.0
sp_lg_h,S,11.35,1.0
sp_lg_h,S,11.36,1.0
sp_lg_h,S,11.370000000000001,1.0
sp_lg_h,S,11.38,1.0
sp_lg_h,S,11.39,1.0
sp_lg_h,S,11.4,1.0
sp_lg_h,S,11.41,1.0
sp_lg_h,S,11.42,1.0
sp_lg_h,S,11.43,1.0
sp_lg_h,S,11.44,1.0
sp_lg_h,S,11.450000000000001,1.0
sp_lg_h,S,11.46,1.0
sp_lg_h,S,11.47,1.0
sp_lg_h,S,11.48,1.0
sp_lg_h,S,11.49,1.0
sp_lg_h,S,11.5,1.0
sp_lg_h,S,11.51,1.0
sp_lg_h,S,11.52,1.0
sp_lg_h,S,11.53,1.0
sp_lg_h,S,11.540000000000001,1.0
sp_lg_h,S,11.55,1.0
sp_lg_h,S,11.56,1.0
sp_lg_h,S,11.57,1.0
sp_lg_h,S,11.58,1.0
sp_lg_h,S,11.59,1.0
sp_lg_h,S,11.6,1.0
sp_lg_h,S,11.61,1.0
sp_lg_h,S,11.620000000000001,1.0
sp_lg_h,S,11.63,1.0
sp_lg_h,S,11.64,1.0
sp_lg_h,S,11.65,1.0
sp_lg_h,S,11.66,1.0
sp_lg_h,S,11.67,1.0
sp_lg_h,S,11.68,1.0
sp_lg_h,S,11.69,1.0
sp_lg_h,S,11.700000000000001,1.0
sp_lg_h,S,11.71,1.0
sp_lg_h,S,11.72,1.0
sp_lg_h,S,11.73,1.0
sp_lg_h,S,11.74,1.0
sp_lg_h,S,11.75,1.0
sp_lg_h,S,11.76,1.0
sp_lg_h,S,11.77,1.0
sp_lg_h,S,11.78,1.0
sp_lg_h,S,11.790000000000001,1.0
sp_lg_h,S,11.8,1.0
sp_lg_h,S,11.81,1.0
sp_lg_h,S,11.82,1.0
sp_lg_h,S,11.83,1.0
sp_lg_h,S,11.84,1.0
sp_lg_h,S,11.85,1.0
sp_lg_h,S,11.86,1.0
sp_lg_h,S,11.870000000000001,1.0
sp_lg_h,S,11.88,1.0
sp_lg_h,S,11.89,1.0
sp_lg_h,S,11.9,1.0
sp_lg_h,S,11.91,1.0
sp_lg_h,S,11.92,1.0
sp_lg_h,S,11.93,1.0
sp_lg_h,S,11.94,1.0
sp_lg_h,S,11.950000000000001,1.0
sp_lg_h,S,11.96,1.0
sp_lg_h,S,11.97,1.0
sp_lg_h,S,11.98,1.0
sp_lg_h,S,11.99,1.0
sp_lg_h,S,12.0,1.0
sp_lg_h,S,12.01,1.0
sp_lg_h,S,12.02,1.0
sp_lg_h,S,12.030000000000001,1.0
sp_lg_h,S,12.040000000000001,1.0
sp_lg_h,S,12.05,1.0
sp_lg_h,S,12.06,1.0
sp_lg_h,S,12.07,1.0
sp_lg_h,S,12.08,1.0
sp_lg_h,S,12.09,1.0
sp_lg_h,S,12.1,1.0
sp_lg_h,S,12.11,1.0
sp_lg_h,S,12.120000000000001,1.0
sp_lg_h,S,12.13,1.0
sp_lg_h,S,12.14,1.0
sp_lg_h,S,12.15,1.0
sp_lg_h,S,12.16,1.0
sp_lg_h,S,12.17,1.0
sp_lg_h,S,12.18,1.0
sp_lg_h,S,12.19,1.0
sp_lg_h,S,12.200000000000001,1.0
sp_lg_h,S,12.21,1.0
sp_lg_h,S,12.22,1.0
sp_lg_h,S,12.23,1.0
sp_lg_h,S,12.24,1.0
sp_lg_h,S,12.25,1.0
sp_lg_h,S,12.26,1.0
sp_lg_h,S,12.27,1.0
sp_lg_h,S,12.280000000000001,1.0
sp_lg_h,S,12.290000000000001,1.0
sp_lg_h,S,12.3,1.0
sp_lg_h,S,12.31,1.0
sp_lg_h,S,12.32,1.0
sp_lg_h,S,12.33,1.0
sp_lg_h,S,12.34,1.0
sp_lg_h,S,12.35,1.0
sp_lg_h,S,12.36,1.0
sp_lg_h,S,12.370000000000001,1.0
sp_lg_h,S,12.38,1.0
sp_lg_h,S,12.39,1.0
sp_lg_h,S,12.4,1.0
sp_lg_h,S,12.41,1.0
sp_lg_h,S,12.42,1.0
sp_lg_h,S,12.43,1.0
sp_lg_h,S,12.44,1.0
sp_lg_h,S,12.450000000000001,1.0
sp_lg_h,S,12.46,1.0
sp_lg_h,S,12.47,1.0
sp_lg_h,S,12.48,1.0
sp_lg_h,S,12.49,1.0
sp_lg_h,S,12.5,1.0
sp_lg_h,S,12.51,1.0
sp_lg_h,S,12.52,1.0
sp_lg_h,S,12.530000000000001,1.0
sp_lg_h,S,12.540000000000001,1.0
sp_lg_h,S,12.55,1.0
sp_lg_h,S,12.56,1.0
sp_lg_h,S,12.57,1.0
sp_lg_h,S,12.58,1.0
sp_lg_h,S,12.59,1.0
sp_lg_h,S,12.6,1.0
sp_lg_h,S,12.61,1.0
sp_lg_h,S,12.620000000000001,1.0
sp_lg_h,S,12.63,1.0
sp_lg_h,S,12.64,1.0
sp_lg_h,S,12.65,1.0
sp_lg_h,S,12.66,1.0
sp_lg_h,S,12.67,1.0
sp_lg_h,S,12.68,1.0
sp_lg_h,S,12.69,1.0
sp_lg_h,S,12.700000000000001,1.0
sp_lg_h,S,12.71,1.0
sp_lg_h,S,12.72,1.0
sp_lg_h,S,12.73,1.0
sp_lg_h,S,12.74,1.0
sp_lg_h,S,12.75,1.0
sp_lg_h,S,12.76,1.0
sp_lg_h,S,12.77,1.0
sp_lg_h,S,12.780000000000001,1.0
sp_lg_h,S,12.790000000000001,1.0
sp_lg_h,S,12.8,1.0
sp_lg_h,S,12.81,1.0
sp_lg_h,S,12.82,1.0
sp_lg_h,S,12.83,1.0
sp_lg_h,S,12.84,1.0
sp_lg_h,S,12.85,1.0
sp_lg_h,S,12.86,1.0
sp_lg_h,S,12.870000000000001,1.0
sp_lg_h,S,12.88,1.0
sp_lg_h,S,12.89,1.0
sp_lg_h,S,12.9,1.0
sp_lg_h,S,12.91,1.0
sp_lg_h,S,12.92,1.0
sp_lg_h,S,12.93,1.0
sp_lg_h,S,12.94,1.0
sp_lg_h,S,12.950000000000001,1.0
sp_lg_h,S,12.96,1.0
sp_lg_h,S,12.97,1.0
sp_lg_h,S,12.98,1.0
sp_lg_h,S,12.99,1.0
sp_lg_h,S,13.0,1.0
sp_lg_h,S,13.01,1.0
sp_lg_h,S,13.02,1.0
sp_lg_h,S,13.030000000000001,1.0
sp_lg_h,S,13.040000000000001,1.0
sp_lg_h,S,13.05,1.0
sp_lg_h,S,13.06,1.0
sp_lg_h,S,13.07,1.0
sp_lg_h,S,13.08,1.0
sp_lg_h,S,13.09,1.0
sp_lg_h,S,13.1,1.0
sp_lg_h,S,13.11,1.0
sp_lg_h,S,13.120000000000001,1.0
sp_lg_h,S,13.13,1.0
sp_lg_h,S,13.14,1.0
sp_lg_h,S,13.15,1.0
sp_lg_h,S,13.16,1.0
sp_lg_h,S,13.17,1.0
sp_lg_h,S,13.18,1.0
sp_lg_h,S,13.19,1.0
sp_lg_h,S,13.200000000000001,1.0
sp_lg_h,S,13.21,1.0
sp_lg_h,S,13.22,1.0
sp_lg_h,S,13.23,1.0
sp_lg_h,S,13.24,1.0
sp_lg_h,S,13.25,1.0
sp_lg_h,S,13.26,1.0
sp_lg_h,S,13.27,1.0
sp_lg_h,S,13.280000000000001,1.0
sp_lg_h,S,13.290000000000001,1.0
sp_lg_h,S,13.3,1.0
sp_lg_h,S,13.31,1.0
sp_lg_h,S,13.32,1.0
sp_lg_h,S,13.33,1.0
sp_lg_h,S,13.34,1.0
sp_lg_h,S,13.35,1.0
sp_lg_h,S,13.36,1.0
sp_lg_h,S,13.370000000000001,1.0
sp_lg_h,S,13.38,1.0
sp_lg_h,S,13.39,1.0
sp_lg_h,S,13.4,1.0
sp_lg_h,S,13.41,1.0
sp_lg_h,S,13.42,1.0
sp_lg_h,S,13.43,1.0
sp_lg_h,S,13.44,1.0
sp_lg_h,S,13.450000000000001,1.0
sp_lg_h,S,13.46,1.0
sp_lg_h,S,13.47,1.0
sp_lg_h,S,13.48,1.0
sp_lg_h,S,13.49,1.0
sp_lg_h,S,13.5,1.0
sp_lg_h,S,13.51,1.0
sp_lg_h,S,13.52,1.0
sp_lg_h,S,13.530000000000001,1.0
sp_lg_h,S,13.540000000000001,1.0
sp_lg_h,S,13.55,1.0
sp_lg_h,S,13.56,1.0
sp_lg_h,S,13.57,1.0
sp_lg_h,S,13.58,1.0
sp_lg_h,S,13.59,1.0
sp_lg_h,S,13.6,1.0
sp_lg_h,S,13.61,1.0
sp_lg_h,S,13.620000000000001,1.0
sp_lg_h,S,13.63,1.0
sp_lg_h,S,13.64,1.0
sp_lg_h,S,13.65,1.0
sp_lg_h,S,13.66,1.0
sp_lg_h,S,13.67,1.0
sp_lg_h,S,13.68,1.0
sp_lg_h,S,13.69,1.0
sp_lg_h,S,13.700000000000001,1.0
sp_lg_h,S,13.71,1.0
sp_lg_h,S,13.72,1.0
sp_lg_h,S,13.73,1.0
sp_lg_h,S,13.74,1.0
sp_lg_h,S,13.75,1.0
sp_lg_h,S,13.76,1.0
sp_lg_h,S,13.77,1.0
sp_lg_h,S,13.780000000000001,1.0
sp_lg_h,S,13.790000000000001,1.0
sp_lg_h,S,13.8,1.0
sp_lg_h,S,13.81,1.0
sp_lg_h,S,13.82,1.0
sp_lg_h,S,13.83,1.0
sp_lg_h,S,13.84,1.0
sp_lg_h,S,13.85,1.0
sp_lg_h,S,13.86,1.0
sp_lg_h,S,13.870000000000001,1.0
sp_lg_h,S,13.88,1.0
sp_lg_h,S,13.89,1.0
sp_lg_h,S,13.9,1.0
sp_lg_h,S,13.91,1.0
sp_lg_h,S,13.92,1.0
sp_lg_h,S,13.93,1.0
sp_lg_h,S,13.94,1.0
sp_lg_h,S,13.950000000000001,1.0
sp_lg_h,S,13.96,1.0
sp_lg_h,S,13.97,1.0
sp_lg_h,S,13.98,1.0
sp_lg_h,S,13.99,1.0
sp_lg_h,S,14.0,1.0
sp_lg_h,S,14.01,1.0
sp_lg_h,S,14.02,1.0
sp_lg_h,S,14.030000000000001,1.0
sp_lg_h,S,14.040000000000001,1.0
sp_lg_h,S,14.05,1.0
sp_lg_h,S,14.06,1.0
sp_lg_h,S,14.07,1.0
sp_lg_h,S,14.08,1.0
sp_lg_h,S,14.09,1.0
sp_lg_h,S,14.1,1.0
sp_lg_h,S,14.11,1.0
sp_lg_h,S,14.120000000000001,1.0
sp_lg_h,S,14.13,1.0
sp_lg_h,S,14.14,1.0
sp_lg_h,S,14.15,1.0
sp_lg_h,S,14.16,1.0
sp_lg_h,S,14.17,1.0
sp_lg_h,S,14.18,1.0
sp_lg_h,S,14.19,1.0
sp_lg_h,S,14.200000000000001,1.0
sp_lg_h,S,14.21,1.0
sp_lg_h,S,14.22,1.0
sp_lg_h,S,14.23,1.0
sp_lg_h,S,14.24,1.0
sp_lg_h,S,14.25,1.0
sp_lg_h,S,14.26,1.0
sp_lg_h,S,14.27,1.0
sp_lg_h,S,14.280000000000001,1.0
sp_lg_h,S,14.290000000000001,1.0
sp_lg_h,S,14.3,1.0
sp_lg_h,S,14.31,1.0
sp_lg_h,S,14.32,1.0
sp_lg_h,S,14.33,1.0
sp_lg_h,S,14.34,1.0
sp_lg_h,S,14.35,1.0
sp_lg_h,S,14.36,1.0
sp_lg_h,S,14.370000000000001,1.0
sp_lg_h,S,14.38,1.0
sp_lg_h,S,14.39,1.0
sp_lg_h,S,14.4,1.0
sp_lg_h,S,14.41,1.0
sp_lg_h,S,14.42,1.0
sp_lg_h,S,14.43,1.0
sp_lg_h,S,14.44,1.0
sp_lg_h,S,14.450000000000001,1.0
sp_lg_h,S,14.46,1.0
sp_lg_h,S,14.47,1.0
sp_lg_h,S,14.48,1.0
sp_lg_h,S,14.49,1.0
sp_lg_h,S,14.5,1.0
sp_lg_h,S,14.51,1.0
sp_lg_h,S,14.52,1.0
sp_lg_h,S,14.530000000000001,1.0
sp_lg_h,S,14.540000000000001,1.0
sp_lg_h,S,14.55,1.0
sp_lg_h,S,14.56,1.0
sp_lg_h,S,14.57,1.0
sp_lg_h,S,14.58,1.0
sp_lg_h,S,14.59,1.0
sp_lg_h,S,14.6,1.0
sp_lg_h,S,14.61,1.0
sp_lg_h,S,14.620000000000001,1.0
sp_lg_h,S,14.63,1.0
sp_lg_h,S,14.64,1.0
sp_lg_h,S,14.65,1.0
sp_lg_h,S,14.66,1.0
sp_lg_h,S,14.67,1.0
sp_lg_h,S,14.68,1.0
sp_lg_h,S,14.69,1.0
sp_lg_h,S,14.700000000000001,1.0
sp_lg_h,S,14.71,1.0
sp_lg_h,S,14.72,1.0
sp_lg_h,S,14.73,1.0
sp_lg_h,S,14.74,1.0
sp_lg_h,S,14.75,1.0
sp_lg_h,S,14.76,1.0
sp_lg_h,S,14.77,1.0
sp_lg_h,S,14.780000000000001,1.0
sp_lg_h,S,14.790000000000001,1.0
sp_lg_h,S,14.8,1.0
sp_lg_h,S,14.81,1.0
sp_lg_h,S,14.82,1.0
sp_lg_h,S,14.83,1.0
sp_lg_h,S,14.84,1.0
sp_lg_h,S,14.85,1.0
sp_lg_h,S,14.86,1.0
sp_lg_h,S,14.870000000000001,1.0
sp_lg_h,S,14.88,1.0
sp_lg_h,S,14.89,1.0
sp_lg_h,S,14.9,1.0
sp_lg_h,S,14.91,1.0
sp_lg_h,S,14.92,1.0
sp_lg_h,S,14.93,1.0
sp_lg_h,S,14.94,1.0
sp_lg_h,S,14.950000000000001,1.0
sp_lg_h,S,14.96,1.0
sp_lg_h,S,14.97,1.0
sp_lg_h,S,14.98,1.0
sp_lg_h,S,14.99,1.0
sp_lg_h,S,15.0,1.0
sp_lg_h,S,15.01,1.0
sp_lg_h,S,15.02,1.0
sp_lg_h,S,15.030000000000001,1.0
sp_lg_h,S,15.040000000000001,1.0
sp_lg_h,S,15.05,1.0
sp_lg_h,S,15.06,1.0
sp_lg_h,S,15.07,1.0
sp_lg_h,S,15.08,1.0
sp_lg_h,S,15.09,1.0
sp_lg_h,S,15.1,1.0
sp_lg_h,S,15.11,1.0
sp_lg_h,S,15.120000000000001,1.0
sp_lg_h,S,15.13,1.0
sp_lg_h,S,15.14,1.0
sp_lg_h,S,15.15,1.0
sp_lg_h,S,15.16,1.0
sp_lg_h,S,15.17,1.0
sp_lg_h,S,15.18,1.0
sp_lg_h,S,15.19,1.0
sp_lg_h,S,15.200000000000001,1.0
sp_lg_h,S,15.21,1.0
sp_lg_h,S,15.22,1.0
sp_lg_h,S,15.23,1.0
sp_lg_h,S,15.24,1.0
sp_lg_h,S,15.25,1.0
sp_lg_h,S,15.26,1.0
sp_lg_h,S,15.27,1.0
sp_lg_h,S,15.280000000000001,1.0
sp_lg_h,S,15.290000000000001,1.0
sp_lg_h,S,15.3,1.0
sp_lg_h,S,15.31,1.0
sp_lg_h,S,15.32,1.0
sp_lg_h,S,15.33,1.0
sp_lg_h,S,15.34,1.0
sp_lg_h,S,15.35,1.0
sp_lg_h,S,15.36,1.0
sp_lg_h,S,15.370000000000001,1.0
sp_lg_h,S,15.38,1.0
sp_lg_h,S,15.39,1.0
sp_lg_h,S,15.4,1.0
sp_lg_h,S,15.41,1.0
sp_lg_h,S,15.42,1.0
sp_lg_h,S,15.43,1.0
sp_lg_h,S,15.44,1.0
sp_lg_h,S,15.450000000000001,1.0
sp_lg_h,S,15.46,1.0
sp_lg_h,S,15.47,1.0
sp_lg_h,S,15.48,1.0
sp_lg_h,S,15.49,1.0
sp_lg_h,S,15.5,1.0
sp_lg_h,S,15.51,1.0
sp_lg_h,S,15.52,1.0
sp_lg_h,S,15.530000000000001,1.0
sp_lg_h,S,15.540000000000001,1.0
sp_lg_h,S,15.55,1.0
sp_lg_h,S,15.56,1.0
sp_lg_h,S,15.57,1.0
sp_lg_h,S,15.58,1.0
sp_lg_h,S,15.59,1.0
sp_lg_h,S,15.6,1.0
sp_lg_h,S,15.610000000000001,1.0
sp_lg_h,S,15.620000000000001,1.0
sp_lg_h,S,15.63,1.0
sp_lg_h,S,15.64,1.0
sp_lg_h,S,15.65,1.0
sp_lg_h,S,15.66,1.0
sp_lg_h,S,15.67,1.0
sp_lg_h,S,15.68,1.0
sp_lg_h,S,15.69,1.0
sp_lg_h,S,15.700000000000001,1.0
sp_lg_h,S,15.71,1.0
sp_lg_h,S,15.72,1.0
sp_lg_h,S,15.73,1.0
sp_lg_h,S,15.74,1.0
sp_lg_h,S,15.75,1.0
sp_lg_h,S,15.76,1.0
sp_lg_h,S,15.77,1.0
sp_lg_h,S,15.780000000000001,1.0
sp_lg_h,S,15.790000000000001,1.0
sp_lg_h,S,15.8,1.0
sp_lg_h,S,15.81,1.0
sp_lg_h,S,15.82,1.0
sp_lg_h,S,15.83,1.0
sp_lg_h,S,15.84,1.0
sp_lg_h,S,15.85,1.0
sp_lg_h,S,15.860000000000001,1.0
sp_lg_h,S,15.870000000000001,1.0
sp_lg_h,S,15.88,1.0
sp_lg_h,S,15.89,1.0
sp_lg_h,S,15.9,1.0
sp_lg_h,S,15.91,1.0
sp_lg_h,S,15.92,1.0
sp_lg_h,S,15.93,1.0
sp_lg_h,S,15.94,1.0
sp_lg_h,S,15.950000000000001,1.0
sp_lg_h,S,15.96,1.0
sp_lg_h,S,15.97,1.0
sp_lg_h,S,15.98,1.0
sp_lg_h,S,15.99,1.0
sp_lg_h,S,16.0,1.0
sp_lg_h,S,16.01,1.0
sp_lg_h,S,16.02,1.0
sp_lg_h,S,16.03,1.0
sp_lg_h,S,16.04,1.0
sp_lg_h,S,16.05,1.0
sp_lg_h,S,16.06,1.0
sp_lg_h,S,16.07,1.0
sp_lg_h,S,16.080000000000002,1.0
sp_lg_h,S,16.09,1.0
sp_lg_h,S,16.1,1.0
sp_lg_h,S,16.11,1.0
sp_lg_h,S,16.12,1.0
sp_lg_h,S,16.13,1.0
sp_lg_h,S,16.14,1.0
sp_lg_h,S,16.15,1.0
sp_lg_h,S,16.16,1.0
sp_lg_h,S,16.17,1.0
sp_lg_h,S,16.18,1.0
sp_lg_h,S,16.19,1.0
sp_lg_h,S,16.2,1.0
sp_lg_h,S,16.21,1.0
sp_lg_h,S,16.22,1.0
sp_lg_h,S,16.23,1.0
sp_lg_h,S,16.240000000000002,1.0
sp_lg_h,S,16.25,1.0
sp_lg_h,S,16.26,1.0
sp_lg_h,S,16.27,1.0
sp_lg_h,S,16.28,1.0
sp_lg_h,S,16.29,1.0
sp_lg_h,S,16.3,1.0
sp_lg_h,S,16.31,1.0
sp_lg_h,S,16.32,1.0
sp_lg_h,S,16.330000000000002,1.0
sp_lg_h,S,16.34,1.0
sp_lg_h,S,16.35,1.0
sp_lg_h,S,16.36,1.0
sp_lg_h,S,16.37,1.0
sp_lg_h,S,16.38,1.0
sp_lg_h,S,16.39,1.0
sp_lg_h,S,16.4,1.0
sp_lg_h,S,16.41,1.0
sp_lg_h,S,16.42,1.0
sp_lg_h,S,16.43,1.0
sp_lg_h,S,16.44,1.0
sp_lg_h,S,16.45,1.0
sp_lg_h,S,16.46,1.0
sp_lg_h,S,16.47,1.0
sp_lg_h,S,16.48,1.0
sp_lg_h,S,16.490000000000002,1.0
sp_lg_h,S,16.5,1.0
sp_lg_h,S,16.51,1.0
sp_lg_h,S,16.52,1.0
sp_lg_h,S,16.53,1.0
sp_lg_h,S,16.54,1.0
sp_lg_h,S,16.55,1.0
sp_lg_h,S,16.56,1.0
sp_lg_h,S,16.57,1.0
sp_lg_h,S,16.580000000000002,1.0
sp_lg_h,S,16.59,1.0
sp_lg_h,S,16.6,1.0
sp_lg_h,S,16.61,1.0
sp_lg_h,S,16.62,1.0
sp_lg_h,S,16.63,1.0
sp_lg_h,S,16.64,1.0
sp_lg_h,S,16.65,1.0
sp_lg_h,S,16.66,1.0
sp_lg_h,S,16.67,1.0
sp_lg_h,S,16.68,1.0
sp_lg_h,S,16.69,1.0
sp_lg_h,S,16.7,1.0
sp_lg_h,S,16.71,1.0
sp_lg_h,S,16.72,1.0
sp_lg_h,S,16.73,1.0
sp_lg_h,S,16.740000000000002,1.0
sp_lg_h,S,16.75,1.0
sp_lg_h,S,16.76,1.0
sp_lg_h,S,16.77,1.0
sp_lg_h,S,16.78,1.0
sp_lg_h,S,16.79,1.0
sp_lg_h,S,16.8,1.0
sp_lg_h,S,16.81,1.0
sp_lg_h,S,16.82,1.0
sp_lg_h,S,16.830000000000002,1.0
sp_lg_h,S,16.84,1.0
sp_lg_h,S,16.85,1.0
sp_lg_h,S,16.86,1.0
sp_lg_h,S,16.87,1.0
sp_lg_h,S,16.88,1.0
sp_lg_h,S,16.89,1.0
sp_lg_h,S,16.9,1.0
sp_lg_h,S,16.91,1.0
sp_lg_h,S,16.92,1.0
sp_lg_h,S,16.93,1.0
sp_lg_h,S,16.94,1.0
sp_lg_h,S,16.95,1.0
sp_lg_h,S,16.96,1.0
sp_lg_h,S,16.97,1.0
sp_lg_h,S,16.98,1.0
sp_lg_h,S,16.990000000000002,1.0
sp_lg_h,S,17.0,1.0
sp_lg_h,S,17.01,1.0
sp_lg_h,S,17.02,1.0
sp_lg_h,S,17.03,1.0
sp_lg_h,S,17.04,1.0
sp_lg_h,S,17.05,1.0
sp_lg_h,S,17.06,1.0
sp_lg_h,S,17.07,1.0
sp_lg_h,S,17.080000000000002,1.0
sp_lg_h,S,17.09,1.0
sp_lg_h,S,17.1,1.0
sp_lg_h,S,17.11,1.0
sp_lg_h,S,17.12,1.0
sp_lg_h,S,17.13,1.0
sp_lg_h,S,17.14,1.0
sp_lg_h,S,17.150000000000002,1.0
sp_lg_h,S,17.16,1.0
sp_lg_h,S,17.17,1.0
sp_lg_h,S,17.18,1.0
sp_lg_h,S,17.19,1.0
sp_lg_h,S,17.2,1.0
sp_lg_h,S,17.21,1.0
sp_lg_h,S,17.22,1.0
sp_lg_h,S,17.23,1.0
sp_lg_h,S,17.240000000000002,1.0
sp_lg_h,S,17.25,1.0
sp_lg_h,S,17.26,1.0
sp_lg_h,S,17.27,1.0
sp_lg_h,S,17.28,1.0
sp_lg_h,S,17.29,1.0
sp_lg_h,S,17.3,1.0
sp_lg_h,S,17.31,1.0
sp_lg_h,S,17.32,1.0
sp_lg_h,S,17.330000000000002,1.0
sp_lg_h,S,17.34,1.0
sp_lg_h,S,17.35,1.0
sp_lg_h,S,17.36,1.0
sp_lg_h,S,17.37,1.0
sp_lg_h,S,17.38,1.0
sp_lg_h,S,17.39,1.0
sp_lg_h,S,17.400000000000002,1.0
sp_lg_h,S,17.41,1.0
sp_lg_h,S,17.42,1.0
sp_lg_h,S,17.43,1.0
sp_lg_h,S,17.44,1.0
sp_lg_h,S,17.45,1.0
sp_lg_h,S,17.46,1.0
sp_lg_h,S,17.47,1.0
sp_lg_h,S,17.48,1.0
sp_lg_h,S,17.490000000000002,1.0
sp_lg_h,S,17.5,1.0
sp_lg_h,S,17.51,1.0
sp_lg_h,S,17.52,1.0
sp_lg_h,S,17.53,1.0
sp_lg_h,S,17.54,1.0
sp_lg_h,S,17.55,1.0
sp_lg_h,S,17.56,1.0
sp_lg_h,S,17.57,1.0
sp_lg_h,S,17.580000000000002,1.0
sp_lg_h,S,17.59,1.0
sp_lg_h,S,17.6,1.0
sp_lg_h,S,17.61,1.0
sp_lg_h,S,17.62,1.0
sp_lg_h,S,17.63,1.0
sp_lg_h,S,17.64,1.0
sp_lg_h,S,17.650000000000002,1.0
sp_lg_h,S,17.66,1.0
sp_lg_h,S,17.67,1.0
sp_lg_h,S,17.68,1.0
sp_lg_h,S,17.69,1.0
sp_lg_h,S,17.7,1.0
sp_lg_h,S,17.71,1.0
sp_lg_h,S,17.72,1.0
sp_lg_h,S,17.73,1.0
sp_lg_h,S,17.740000000000002,1.0
sp_lg_h,S,17.75,1.0
sp_lg_h,S,17.76,1.0
sp_lg_h,S,17.77,1.0
sp_lg_h,S,17.78,1.0
sp_lg_h,S,17.79,1.0
sp_lg_h,S,17.8,1.0
sp_lg_h,S,17.81,1.0
sp_lg_h,S,17.82,1.0
sp_lg_h,S,17.830000000000002,1.0
sp_lg_h,S,17.84,1.0
sp_lg_h,S,17.85,1.0
sp_lg_h,S,17.86,1.0
sp_lg_h,S,17.87,1.0
sp_lg_h,S,17.88,1.0
sp_lg_h,S,17.89,1.0
sp_lg_h,S,17.900000000000002,1.0
sp_lg_h,S,17.91,1.0
sp_lg_h,S,17.92,1.0
sp_lg_h,S,17.93,1.0
sp_lg_h,S,17.94,1.0
sp_lg_h,S,17.95,1.0
sp_lg_h,S,17.96,1.0
sp_lg_h,S,17.97,1.0
sp_lg_h,S,17.98,1.0
sp_lg_h,S,17.990000000000002,1.0
sp_lg_h,S,18.0,1.0
sp_lg_h,S,18.01,1.0
sp_lg_h,S,18.02,1.0
sp_lg_h,S,18.03,1.0
sp_lg_h,S,18.04,1.0
sp_lg_h,S,18.05,1.0
sp_lg_h,S,18.06,1.0
sp_lg_h,S,18.07,1.0
sp_lg_h,S,18.080000000000002,1.0
sp_lg_h,S,18.09,1.0
sp_lg_h,S,18.1,1.0
sp_lg_h,S,18.11,1.0
sp_lg_h,S,18.12,1.0
sp_lg_h,S,18.13,1.0
sp_lg_h,S,18.14,1.0
sp_lg_h,S,18.150000000000002,1.0
sp_lg_h,S,18.16,1.0
sp_lg_h,S,18.17,1.0
sp_lg_h,S,18.18,1.0
sp_lg_h,S,18.19,1.0
sp_lg_h,S,18.2,1.0
sp_lg_h,S,18.21,1.0
sp_lg_h,S,18.22,1.0
sp_lg_h,S,18.23,1.0
sp_lg_h,S,18.240000000000002,1.0
sp_lg_h,S,18.25,1.0
sp_lg_h,S,18.26,1.0
sp_lg_h,S,18.27,1.0
sp_lg_h,S,18.28,1.0
sp_lg_h,S,18.29,1.0
sp_lg_h,S,18.3,1.0
sp_lg_h,S,18.31,1.0
sp_lg_h,S,18.32,1.0
sp_lg_h,S,18.330000000000002,1.0
sp_lg_h,S,18.34,1.0
sp_lg_h,S,18.35,1.0
sp_lg_h,S,18.36,1.0
sp_lg_h,S,18.37,1.0
sp_lg_h,S,18.38,1.0
sp_lg_h,S,18.39,1.0
sp_lg_h,S,18.400000000000002,1.0
sp_lg_h,S,18.41,1.0
sp_lg_h,S,18.42,1.0
sp_lg_h,S,18.43,1.0
sp_lg_h,S,18.44,1.0
sp_lg_h,S,18.45,1.0
sp_lg_h,S,18.46,1.0
sp_lg_h,S,18.47,1.0
sp_lg_h,S,18.48,1.0
sp_lg_h,S,18.490000000000002,1.0
sp_lg_h,S,18.5,1.0
sp_lg_h,S,18.51,1.0
sp_lg_h,S,18.52,1.0
sp_lg_h,S,18.53,1.0
sp_lg_h,S,18.54,1.0
sp_lg_h,S,18.55,1.0
sp_lg_h,S,18.56,1.0
sp_lg_h,S,18.57,1.0
sp_lg_h,S,18.580000000000002,1.0
sp_lg_h,S,18.59,1.0
sp_lg_h,S,18.6,1.0
sp_lg_h,S,18.61,1.0
sp_lg_h,S,18.62,1.0
sp_lg_h,S,18.63,1.0
sp_lg_h,S,18.64,1.0
sp_lg_h,S,18.650000000000002,1.0
sp_lg_h,S,18.66,1.0
sp_lg_h,S,18.67,1.0
sp_lg_h,S,18.68,1.0
sp_lg_h,S,18.69,1.0
sp_lg_h,S,18.7,1.0
sp_lg_h,S,18.71,1.0
sp_lg_h,S,18.72,1.0
sp_lg_h,S,18.73,1.0
sp_lg_h,S,18.740000000000002,1.0
sp_lg_h,S,18.75,1.0
sp_lg_h,S,18.76,1.0
sp_lg_h,S,18.77,1.0
sp_lg_h,S,18.78,1.0
sp_lg_h,S,18.79,1.0
sp_lg_h,S,18.8,1.0
sp_lg_h,S,18.81,1.0
sp_lg_h,S,18.82,1.0
sp_lg_h,S,18.830000000000002,1.0
sp_lg_h,S,18.84,1.0
sp_lg_h,S,18.85,1.0
sp_lg_h,S,18.86,1.0
sp_lg_h,S,18.87,1.0
sp_lg_h,S,18.88,1.0
sp_lg_h,S,18.89,1.0
sp_lg_h,S,18.900000000000002,1.0
sp_lg_h,S,18.91,1.0
sp_lg_h,S,18.92,1.0
sp_lg_h,S,18.93,1.0
sp_lg_h,S,18.94,1.0
sp_lg_h,S,18.95,1.0
sp_lg_h,S,18.96,1.0
sp_lg_h,S,18.97,1.0
sp_lg_h,S,18.98,1.0
sp_lg_h,S,18.990000000000002,1.0
sp_lg_h,S,19.0,1.0
sp_lg_h,S,19.01,1.0
sp_lg_h,S,19.02,1.0
sp_lg_h,S,19.03,1.0
sp_lg_h,S,19.04,1.0
sp_lg_h,S,19.05,1.0
sp_lg_h,S,19.06,1.0
sp_lg_h,S,19.07,1.0
sp_lg_h,S,19.080000000000002,1.0
sp_lg_h,S,19.09,1.0
sp_lg_h,S,19.1,1.0
sp_lg_h,S,19.11,1.0
sp_lg_h,S,19.12,1.0
sp_lg_h,S,19.13,1.0
sp_lg_h,S,19.14,1.0
sp_lg_h,S,19.150000000000002,1.0
sp_lg_h,S,19.16,1.0
sp_lg_h,S,19.17,1.0
sp_lg_h,S,19.18,1.0
sp_lg_h,S,19.19,1.0
sp_lg_h,S,19.2,1.0
sp_lg_h,S,19.21,1.0
sp_lg_h,S,19.22,1.0
sp_lg_h,S,19.23,1.0
sp_lg_h,S,19.240000000000002,1.0
sp_lg_h,S,19.25,1.0
sp_lg_h,S,19.26,1.0
sp_lg_h,S,19.27,1.0
sp_lg_h,S,19.28,1.0
sp_lg_h,S,19.29,1.0
sp_lg_h,S,19.3,1.0
sp_lg_h,S,19.31,1.0
sp_lg_h,S,19.32,1.0
sp_lg_h,S,19.330000000000002,1.0
sp_lg_h,S,19.34,1.0
sp_lg_h,S,19.35,1.0
sp_lg_h,S,19.36,1.0
sp_lg_h,S,19.37,1.0
sp_lg_h,S,19.38,1.0
sp_lg_h,S,19.39,1.0
sp_lg_h,S,19.400000000000002,1.0
sp_lg_h,S,19.41,1.0
sp_lg_h,S,19.42,1.0
sp_lg_h,S,19.43,1.0
sp_lg_h,S,19.44,1.0
sp_lg_h,S,19.45,1.0
sp_lg_h,S,19.46,1.0
sp_lg_h,S,19.47,1.0
sp_lg_h,S,19.48,1.0
sp_lg_h,S,19.490000000000002,1.0
sp_lg_h,S,19.5,1.0
sp_lg_h,S,19.51,1.0
sp_lg_h,S,19.52,1.0
sp_lg_h,S,19.53,1.0
sp_lg_h,S,19.54,1.0
sp_lg_h,S,19.55,1.0
sp_lg_h,S,19.56,1.0
sp_lg_h,S,19.57,1.0
sp_lg_h,S,19.580000000000002,1.0
sp_lg_h,S,19.59,1.0
sp_lg_h,S,19.6,1.0
sp_lg_h,S,19.61,1.0
sp_lg_h,S,19.62,1.0
sp_lg_h,S,19.63,1.0
sp_lg_h,S,19.64,1.0
sp_lg_h,S,19.650000000000002,1.0
sp_lg_h,S,19.66,1.0
sp_lg_h,S,19.67,1.0
sp_lg_h,S,19.68,1.0
sp_lg_h,S,19.69,1.0
sp_lg_h,S,19.7,1.0
sp_lg_h,S,19.71,1.0
sp_lg_h,S,19.72,1.0
sp_lg_h,S,19.73,1.0
sp_lg_h,S,19.740000000000002,1.0
sp_lg_h,S,19.75,1.0
sp_lg_h,S,19.76,1.0
sp_lg_h,S,19.77,1.0
sp_lg_h,S,19.78,1.0
sp_lg_h,S,19.79,1.0
sp_lg_h,S,19.8,1.0
sp_lg_h,S,19.81,1.0
sp_lg_h,S,19.82,1.0
sp_lg_h,S,19.830000000000002,1.0
sp_lg_h,S,19.84,1.0
sp_lg_h,S,19.85,1.0
sp_lg_h,S,19.86,1.0
sp_lg_h,S,19.87,1.0
sp_lg_h,S,19.88,1.0
sp_lg_h,S,19.89,1.0
sp_lg_h,S,19.900000000000002,1.0
sp_lg_h,S,19.91,1.0
sp_lg_h,S,19.92,1.0
sp_lg_h,S,19.93,1.0
sp_lg_h,S,19.94,1.0
sp_lg_h,S,19.95,1.0
sp_lg_h,S,19.96,1.0
sp_lg_h,S,19.97,1.0
sp_lg_h,S,19.98,1.0
sp_lg_h,S,19.990000000000002,1.0
sp_lg_h,S,20.0,1.0
sp_lg_h,S,20.01,1.0
sp_lg_h,S,20.02,1.0
sp_lg_h,S,20.03,1.0
sp_lg_h,S,20.04,1.0
sp_lg_h,S,20.05,1.0
sp_lg_h,S,20.06,1.0
sp_lg_h,S,20.07,1.0
sp_lg_h,S,20.080000000000002,1.0
sp_lg_h,S,20.09,1.0
sp_lg_h,S,20.1,1.0
sp_lg_h,S,20.11,1.0
sp_lg_h,S,20.12,1.0
sp_lg_h,S,20.13,1.0
sp_lg_h,S,20.14,1.0
sp_lg_h,S,20.150000000000002,1.0
sp_lg_h,S,20.16,1.0
sp_lg_h,S,20.17,1.0
sp_lg_h,S,20.18,1.0
sp_lg_h,S,20.19,1.0
sp_lg_h,S,20.2,1.0
sp_lg_h,S,20.21,1.0
sp_lg_h,S,20.22,1.0
sp_lg_h,S,20.23,1.0
sp_lg_h,S,20.240000000000002,1.0
sp_lg_h,S,20.25,1.0
sp_lg_h,S,20.26,1.0
sp_lg_h,S,20.27,1.0
sp_lg_h,S,20.28,1.0
sp_lg_h,S,20.29,1.0
sp_lg_h,S,20.3,1.0
sp_lg_h,S,20.31,1.0
sp_lg_h,S,20.32,1.0
sp_lg_h,S,20.330000000000002,1.0
sp_lg_h,S,20.34,1.0
sp_lg_h,S,20.35,1.0
sp_lg_h,S,20.36,1.0
sp_lg_h,S,20.37,1.0
sp_lg_h,S,20.38,1.0
sp_lg_h,S,20.39,1.0
sp_lg_h,S,20.400000000000002,1.0
sp_lg_h,S,20.41,1.0
sp_lg_h,S,20.42,1.0
sp_lg_h,S,20.43,1.0
sp_lg_h,S,20.44,1.0
sp_lg_h,S,20.45,1.0
sp_lg_h,S,20.46,1.0
sp_lg_h,S,20.47,1.0
sp_lg_h,S,20.48,1.0
sp_lg_h,S,20.490000000000002,1.0
sp_lg_h,S,20.5,1.0
sp_lg_h,S,20.51,1.0
sp_lg_h,S,20.52,1.0
sp_lg_h,S,20.53,1.0
sp_lg_h,S,20.54,1.0
sp_lg_h,S,20.55,1.0
sp_lg_h,S,20.56,1.0
sp_lg_h,S,20.57,1.0
sp_lg_h,S,20.580000000000002,1.0
sp_lg_h,S,20.59,1.0
sp_lg_h,S,20.6,1.0
sp_lg_h,S,20.61,1.0
sp_lg_h,S,20.62,1.0
sp_lg_h,S,20.63,1.0
sp_lg_h,S,20.64,1.0
sp_lg_h,S,20.650000000000002,1.0
sp_lg_h,S,20.66,1.0
sp_lg_h,S,20.67,1.0
sp_lg_h,S,20.68,1.0
sp_lg_h,S,20.69,1.0
sp_lg_h,S,20.7,1.0
sp_lg_h,S,20.71,1.0
sp_lg_h,S,20.72,1.0
sp_lg_h,S,20.73,1.0
sp_lg_h,S,20.740000000000002,1.0
sp_lg_h,S,20.75,1.0
sp_lg_h,S,20.76,1.0
sp_lg_h,S,20.77,1.0
sp_lg_h,S,20.78,1.0
sp_lg_h,S,20.79,1.0
sp_lg_h,S,20.8,1.0
sp_lg_h,S,20.81,1.0
sp_lg_h,S,20.82,1.0
sp_lg_h,S,20.830000000000002,1.0
sp_lg_h,S,20.84,1.0
sp_lg_h,S,20.85,1.0
sp_lg_h,S,20.86,1.0
sp_lg_h,S,20.87,1.0
sp_lg_h,S,20.88,1.0
sp_lg_h,S,20.89,1.0
sp_lg_h,S,20.900000000000002,1.0
sp_lg_h,S,20.91,1.0
sp_lg_h,S,20.92,1.0
sp_lg_h,S,20.93,1.0
sp_lg_h,S,20.94,1.0
sp_lg_h,S,20.95,1.0
sp_lg_h,S,20.96,1.0
sp_lg_h,S,20.97,1.0
sp_lg_h,S,20.98,1.0
sp_lg_h,S,20.990000000000002,1.0
sp_lg_h,S,21.0,1.0
sp_lg_h,S,21.01,1.0
sp_lg_h,S,21.02,1.0
sp_lg_h,S,21.03,1.0
sp_lg_h,S,21.04,1.0
sp_lg_h,S,21.05,1.0
sp_lg_h,S,21.06,1.0
sp_lg_h,S,21.07,1.0
sp_lg_h,S,21.080000000000002,1.0
sp_lg_h,S,21.09,1.0
sp_lg_h,S,21.1,1.0
sp_lg_h,S,21.11,1.0
sp_lg_h,S,21.12,1.0
sp_lg_h,S,21.13,1.0
sp_lg_h,S,21.14,1.0
sp_lg_h,S,21.150000000000002,1.0
sp_lg_h,S,21.16,1.0
sp_lg_h,S,21.17,1.0
sp_lg_h,S,21.18,1.0
sp_lg_h,S,21.19,1.0
sp_lg_h,S,21.2,1.0
sp_lg_h,S,21.21,1.0
sp_lg_h,S,21.22,1.0
sp_lg_h,S,21.23,1.0
sp_lg_h,S,21.240000000000002,1.0
sp_lg_h,S,21.25,1.0
sp_lg_h,S,21.26,1.0
sp_lg_h,S,21.27,1.0
sp_lg_h,S,21.28,1.0
sp_lg_h,S,21.29,1.0
sp_lg_h,S,21.3,1.0
sp_lg_h,S,21.31,1.0
sp_lg_h,S,21.32,1.0
sp_lg_h,S,21.330000000000002,1.0
sp_lg_h,S,21.34,1.0
sp_lg_h,S,21.35,1.0
sp_lg_h,S,21.36,1.0
sp_lg_h,S,21.37,1.0
sp_lg_h,S,21.38,1.0
sp_lg_h,S,21.39,1.0
sp_lg_h,S,21.400000000000002,1.0
sp_lg_h,S,21.41,1.0
sp_lg_h,S,21.42,1.0
sp_lg_h,S,21.43,1.0
sp_lg_h,S,21.44,1.0
sp_lg_h,S,21.45,1.0
sp_lg_h,S,21.46,1.0
sp_lg_h,S,21.47,1.0
sp_lg_h,S,21.48,1.0
sp_lg_h,S,21.490000000000002,1.0
sp_lg_h,S,21.5,1.0
sp_lg_h,S,21.51,1.0
sp_lg_h,S,21.52,1.0
sp_lg_h,S,21.53,1.0
sp_lg_h,S,21.54,1.0
sp_lg_h,S,21.55,1.0
sp_lg_h,S,21.56,1.0
sp_lg_h,S,21.57,1.0
sp_lg_h,S,21.580000000000002,1.0
sp_lg_h,S,21.59,1.0
sp_lg_h,S,21.6,1.0
sp_lg_h,S,21.61,1.0
sp_lg_h,S,21.62,1.0
sp_lg_h,S,21.63,1.0
sp_lg_h,S,21.64,1.0
sp_lg_h,S,21.650000000000002,1.0
sp_lg_h,S,21.66,1.0
sp_lg_h,S,21.67,1.0
sp_lg_h,S,21.68,1.0
sp_lg_h,S,21.69,1.0
sp_lg_h,S,21.7,1.0
sp_lg_h,S,21.71,1.0
sp_lg_h,S,21.72,1.0
sp_lg_h,S,21.73,1.0
sp_lg_h,S,21.740000000000002,1.0
sp_lg_h,S,21.75,1.0
sp_lg_h,S,21.76,1.0
sp_lg_h,S,21.77,1.0
sp_lg_h,S,21.78,1.0
sp_lg_h,S,21.79,1.0
sp_lg_h,S,21.8,1.0
sp_lg_h,S,21.81,1.0
sp_lg_h,S,21.82,1.0
sp_lg_h,S,21.830000000000002,1.0
sp_lg_h,S,21.84,1.0
sp_lg_h,S,21.85,1.0
sp_lg_h,S,21.86,1.0
sp_lg_h,S,21.87,1.0
sp_lg_h,S,21.88,1.0
sp_lg_h,S,21.89,1.0
sp_lg_h,S,21.900000000000002,1.0
sp_lg_h,S,21.91,1.0
sp_lg_h,S,21.92,1.0
sp_lg_h,S,21.93,1.0
sp_lg_h,S,21.94,1.0
sp_lg_h,S,21.95,1.0
sp_lg_h,S,21.96,1.0
sp_lg_h,S,21.97,1.0
sp_lg_h,S,21.98,1.0
sp_lg_h,S,21.990000000000002,1.0
sp_lg_h,S,22.0,1.0
sp_lg_h,S,22.01,1.0
sp_lg_h,S,22.02,1.0
sp_lg_h,S,22.03,1.0
sp_lg_h,S,22.04,1.0
sp_lg_h,S,22.05,1.0
sp_lg_h,S,22.06,1.0
sp_lg_h,S,22.07,1.0
sp_lg_h,S,22.080000000000002,1.0
sp_lg_h,S,22.09,1.0
sp_lg_h,S,22.1,1.0
sp_lg_h,S,22.11,1.0
sp_lg_h,S,22.12,1.0
sp_lg_h,S,22.13,1.0
sp_lg_h,S,22.14,1.0
sp_lg_h,S,22.150000000000002,1.0
sp_lg_h,S,22.16,1.0
sp_lg_h,S,22.17,1.0
sp_lg_h,S,22.18,1.0
sp_lg_h,S,22.19,1.0
sp_lg_h,S,22.2,1.0
sp_lg_h,S,22.21,1.0
sp_lg_h,S,22.22,1.0
sp_lg_h,S,22.23,1.0
sp_lg_h,S,22.240000000000002,1.0
sp_lg_h,S,22.25,1.0
sp_lg_h,S,22.26,1.0
sp_lg_h,S,22.27,1.0
sp_lg_h,S,22.28,1.0
sp_lg_h,S,22.29,1.0
sp_lg_h,S,22.3,1.0
sp_lg_h,S,22.31,1.0
sp_lg_h,S,22.32,1.0
sp_lg_h,S,22.330000000000002,1.0
sp_lg_h,S,22.34,1.0
sp_lg_h,S,22.35,1.0
sp_lg_h,S,22.36,1.0
sp_lg_h,S,22.37,1.0
sp_lg_h,S,22.38,1.0
sp_lg_h,S,22.39,1.0
sp_lg_h,S,22.400000000000002,1.0
sp_lg_h,S,22.41,1.0
sp_lg_h,S,22.42,1.0
sp_lg_h,S,22.43,1.0
sp_lg_h,S,22.44,1.0
sp_lg_h,S,22.45,1.0
sp_lg_h,S,22.46,1.0
sp_lg_h,S,22.47,1.0
sp_lg_h,S,22.48,1.0
sp_lg_h,S,22.490000000000002,1.0
sp_lg_h,S,22.5,1.0
sp_lg_h,S,22.51,1.0
sp_lg_h,S,22.52,1.0
sp_lg_h,S,22.53,1.0
sp_lg_h,S,22.54,1.0
sp_lg_h,S,22.55,1.0
sp_lg_h,S,22.56,1.0
sp_lg_h,S,22.57,1.0
sp_lg_h,S,22.580000000000002,1.0
sp_lg_h,S,22.59,1.0
sp_lg_h,S,22.6,1.0
sp_lg_h,S,22.61,1.0
sp_lg_h,S,22.62,1.0
sp_lg_h,S,22.63,1.0
sp_lg_h,S,22.64,1.0
sp_lg_h,S,22.650000000000002,1.0
sp_lg_h,S,22.66,1.0
sp_lg_h,S,22.67,1.0
sp_lg_h,S,22.68,1.0
sp_lg_h,S,22.69,1.0
sp_lg_h,S,22.7,1.0
sp_lg_h,S,22.71,1.0
sp_lg_h,S,22.72,1.0
sp_lg_h,S,22.73,1.0
sp_lg_h,S,22.740000000000002,1.0
sp_lg_h,S,22.75,1.0
sp_lg_h,S,22.76,1.0
sp_lg_h,S,22.77,1.0
sp_lg_h,S,22.78,1.0
sp_lg_h,S,22.79,1.0
sp_lg_h,S,22.8,1.0
sp_lg_h,S,22.81,1.0
sp_lg_h,S,22.82,1.0
sp_lg_h,S,22.830000000000002,1.0
sp_lg_h,S,22.84,1.0
sp_lg_h,S,22.85,1.0
sp_lg_h,S,22.86,1.0
sp_lg_h,S,22.87,1.0
sp_lg_h,S,22.88,1.0
sp_lg_h,S,22.89,1.0
sp_lg_h,S,22.900000000000002,1.0
sp_lg_h,S,22.91,1.0
sp_lg_h,S,22.92,1.0
sp_lg_h,S,22.93,1.0
sp_lg_h,S,22.94,1.0
sp_lg_h,S,22.95,1.0
sp_lg_h,S,22.96,1.0
sp_lg_h,S,22.97,1.0
sp_lg_h,S,22.98,1.0
sp_lg_h,S,22.990000000000002,1.0
sp_lg_h,S,23.0,1.0
sp_lg_h,S,23.01,1.0
sp_lg_h,S,23.02,1.0
sp_lg_h,S,23.03,1.0
sp_lg_h,S,23.04,1.0
sp_lg_h,S,23.05,1.0
sp_lg_h,S,23.06,1.0
sp_lg_h,S,23.07,1.0
sp_lg_h,S,23.080000000000002,1.0
sp_lg_h,S,23.09,1.0
sp_lg_h,S,23.1,1.0
sp_lg_h,S,23.11,1.0
sp_lg_h,S,23.12,1.0
sp_lg_h,S,23.13,1.0
sp_lg_h,S,23.14,1.0
sp_lg_h,S,23.150000000000002,1.0
sp_lg_h,S,23.16,1.0
sp_lg_h,S,23.17,1.0
sp_lg_h,S,23.18,1.0
sp_lg_h,S,23.19,1.0
sp_lg_h,S,23.2,1.0
sp_lg_h,S,23.21,1.0
sp_lg_h,S,23.22,1.0
sp_lg_h,S,23.23,1.0
sp_lg_h,S,23.240000000000002,1.0
sp_lg_h,S,23.25,1.0
sp_lg_h,S,23.26,1.0
sp_lg_h,S,23.27,1.0
sp_lg_h,S,23.28,1.0
sp_lg_h,S,23.29,1.0
sp_lg_h,S,23.3,1.0
sp_lg_h,S,23.31,1.0
sp_lg_h,S,23.32,1.0
sp_lg_h,S,23.330000000000002,1.0
sp_lg_h,S,23.34,1.0
sp_lg_h,S,23.35,1.0
sp_lg_h,S,23.36,1.0
sp_lg_h,S,23.37,1.0
sp_lg_h,S,23.38,1.0
sp_lg_h,S,23.39,1.0
sp_lg_h,S,23.400000000000002,1.0
sp_lg_h,S,23.41,1.0
sp_lg_h,S,23.42,1.0
sp_lg_h,S,23.43,1.0
sp_lg_h,S,23.44,1.0
sp_lg_h,S,23.45,1.0
sp_lg_h,S,23.46,1.0
sp_lg_h,S,23.47,1.0
sp_lg_h,S,23.48,1.0
sp_lg_h,S,23.490000000000002,1.0
sp_lg_h,S,23.5,1.0
sp_lg_h,S,23.51,1.0
sp_lg_h,S,23.52,1.0
sp_lg_h,S,23.53,1.0
sp_lg_h,S,23.54,1.0
sp_lg_h,S,23.55,1.0
sp_lg_h,S,23.56,1.0
sp_lg_h,S,23.57,1.0
sp_lg_h,S,23.580000000000002,1.0
sp_lg_h,S,23.59,1.0
sp_lg_h,S,23.6,1.0
sp_lg_h,S,23.61,1.0
sp_lg_h,S,23.62,1.0
sp_lg_h,S,23.63,1.0
sp_lg_h,S,23.64,1.0
sp_lg_h,S,23.650000000000002,1.0
sp_lg_h,S,23.66,1.0
sp_lg_h,S,23.67,1.0
sp_lg_h,S,23.68,1.0
sp_lg_h,S,23.69,1.0
sp_lg_h,S,23.7,1.0
sp_lg_h,S,23.71,1.0
sp_lg_h,S,23.72,1.0
sp_lg_h,S,23.73,1.0
sp_lg_h,S,23.740000000000002,1.0
sp_lg_h,S,23.75,1.0
sp_lg_h,S,23.76,1.0
sp_lg_h,S,23.77,1.0
sp_lg_h,S,23.78,1.0
sp_lg_h,S,23.79,1.0
sp_lg_h,S,23.8,1.0
sp_lg_h,S,23.81,1.0
sp_lg_h,S,23.82,1.0
sp_lg_h,S,23.830000000000002,1.0
sp_lg_h,S,23.84,1.0
sp_lg_h,S,23.85,1.0
sp_lg_h,S,23.86,1.0
sp_lg_h,S,23.87,1.0
sp_lg_h,S,23.88,1.0
sp_lg_h,S,23.89,1.0
sp_lg_h,S,23.900000000000002,1.0
sp_lg_h,S,23.91,1.0
sp_lg_h,S,23.92,1.0
sp_lg_h,S,23.93,1.0
sp_lg_h,S,23.94,1.0
sp_lg_h,S,23.95,1.0
sp_lg_h,S,23.96,1.0
sp_lg_h,S,23.97,1.0
sp_lg_h,S,23.98,1.0
sp_lg_h,S,23.990000000000002,1.0
sp_lg_h,S,24.0,1.0
sp_lg_h,S,24.01,1.0
sp_lg_h,S,24.02,1.0
sp_lg_h,S,24.03,1.0
sp_lg_h,S,24.04,1.0
sp_lg_h,S,24.05,1.0
sp_lg_h,S,24.060000000000002,1.0
sp_lg_h,S,24.07,1.0
sp_lg_h,S,24.080000000000002,1.0
sp_lg_h,S,24.09,1.0
sp_lg_h,S,24.1,1.0
sp_lg_h,S,24.11,1.0
sp_lg_h,S,24.12,1.0
sp_lg_h,S,24.13,1.0
sp_lg_h,S,24.14,1.0
sp_lg_h,S,24.150000000000002,1.0
sp_lg_h,S,24.16,1.0
sp_lg_h,S,24.17,1.0
sp_lg_h,S,24.18,1.0
sp_lg_h,S,24.19,1.0
sp_lg_h,S,24.2,1.0
sp_lg_h,S,24.21,1.0
sp_lg_h,S,24.22,1.0
sp_lg_h,S,24.23,1.0
sp_lg_h,S,24.240000000000002,1.0
sp_lg_h,S,24.25,1.0
sp_lg_h,S,24.26,1.0
sp_lg_h,S,24.27,1.0
sp_lg_h,S,24.28,1.0
sp_lg_h,S,24.29,1.0
sp_lg_h,S,24.3,1.0
sp_lg_h,S,24.310000000000002,1.0
sp_lg_h,S,24.32,1.0
sp_lg_h,S,24.330000000000002,1.0
sp_lg_h,S,24.34,1.0
sp_lg_h,S,24.35,1.0
sp_lg_h,S,24.36,1.0
sp_lg_h,S,24.37,1.0
sp_lg_h,S,24.38,1.0
sp_lg_h,S,24.39,1.0
sp_lg_h,S,24.400000000000002,1.0
sp_lg_h,S,24.41,1.0
sp_lg_h,S,24.42,1.0
sp_lg_h,S,24.43,1.0
sp_lg_h,S,24.44,1.0
sp_lg_h,S,24.45,1.0
sp_lg_h,S,24.46,1.0
sp_lg_h,S,24.47,1.0
sp_lg_h,S,24.48,1.0
sp_lg_h,S,24.490000000000002,1.0
sp_lg_h,S,24.5,1.0
sp_lg_h,S,24.51,1.0
sp_lg_h,S,24.52,1.0
sp_lg_h,S,24.53,1.0
sp_lg_h,S,24.54,1.0
sp_lg_h,S,24.55,1.0
sp_lg_h,S,24.560000000000002,1.0
sp_lg_h,S,24.57,1.0
sp_lg_h,S,24.580000000000002,1.0
sp_lg_h,S,24.59,1.0
sp_lg_h,S,24.6,1.0
sp_lg_h,S,24.61,1.0
sp_lg_h,S,24.62,1.0
sp_lg_h,S,24.63,1.0
sp_lg_h,S,24.64,1.0
sp_lg_h,S,24.650000000000002,1.0
sp_lg_h,S,24.66,1.0
sp_lg_h,S,24.67,1.0
sp_lg_h,S,24.68,1.0
sp_lg_h,S,24.69,1.0
sp_lg_h,S,24.7,1.0
sp_lg_h,S,24.71,1.0
sp_lg_h,S,24.72,1.0
sp_lg_h,S,24.73,1.0
sp_lg_h,S,24.740000000000002,1.0
sp_lg_h,S,24.75,1.0
sp_lg_h,S,24.76,1.0
sp_lg_h,S,24.77,1.0
sp_lg_h,S,24.78,1.0
sp_lg_h,S,24.79,1.0
sp_lg_h,S,24.8,1.0
sp_lg_h,S,24.810000000000002,1.0
sp_lg_h,S,24.82,1.0
sp_lg_h,S,24.830000000000002,1.0
sp_lg_h,S,24.84,1.0
sp_lg_h,S,24.85,1.0
sp_lg_h,S,24.86,1.0
sp_lg_h,S,24.87,1.0
sp_lg_h,S,24.88,1.0
sp_lg_h,S,24.89,1.0
sp_lg_h,S,24.900000000000002,1.0
sp_lg_h,S,24.91,1.0
sp_lg_h,S,24.92,1.0
sp_lg_h,S,24.93,1.0
sp_lg_h,S,24.94,1.0
sp_lg_h,S,24.95,1.0
sp_lg_h,S,24.96,1.0
sp_lg_h,S,24.97,1.0
sp_lg_h,S,24.98,1.0
sp_lg_h,S,24.990000000000002,1.0
sp_lg_h,S,25.0,1.0
sp_lg_h,ALL,0.0,0.0
sp_lg_h,ALL,0.01,0.0
sp_lg_h,ALL,0.02,0.0
sp_lg_h,ALL,0.03,0.0
sp_lg_h,ALL,0.04,0.0
sp_lg_h,ALL,0.05,0.0
sp_lg_h,ALL,0.06,0.0
sp_lg_h,ALL,0.07,0.0
sp_lg_h,ALL,0.08,0.0
sp_lg_h,ALL,0.09,0.0
sp_lg_h,ALL,0.1,0.0
sp_lg_h,ALL,0.11,0.0
sp_lg_h,ALL,0.12,0.0
sp_lg_h,ALL,0.13,0.0
sp_lg_h,ALL,0.14,0.0
sp_lg_h,ALL,0.15,0.0
sp_lg_h,ALL,0.16,0.0
sp_lg_h,ALL,0.17,0.0
sp_lg_h,ALL,0.18,0.0
sp_lg_h,ALL,0.19,0.0
sp_lg_h,ALL,0.2,0.0
sp_lg_h,ALL,0.21,0.0
sp_lg_h,ALL,0.22,0.0
sp_lg_h,ALL,0.23,0.0
sp_lg_h,ALL,0.24,0.0
sp_lg_h,ALL,0.25,0.0
sp_lg_h,ALL,0.26,0.0
sp_lg_h,ALL,0.27,0.0
sp_lg_h,ALL,0.28,0.0
sp_lg_h,ALL,0.29,0.0
sp_lg_h,ALL,0.3,0.0
sp_lg_h,ALL,0.31,0.0
sp_lg_h,ALL,0.32,0.0
sp_lg_h,ALL,0.33,0.0
sp_lg_h,ALL,0.34,0.0
sp_lg_h,ALL,0.35000000000000003,0.0
sp_lg_h,ALL,0.36,0.0
sp_lg_h,ALL,0.37,0.0
sp_lg_h,ALL,0.38,0.0
sp_lg_h,ALL,0.39,0.0
sp_lg_h,ALL,0.4,0.0
sp_lg_h,ALL,0.41000000000000003,0.0
sp_lg_h,ALL,0.42,0.0
sp_lg_h,ALL,0.43,0.0
sp_lg_h,ALL,0.44,0.0
sp_lg_h,ALL,0.45,0.0
sp_lg_h,ALL,0.46,0.0
sp_lg_h,ALL,0.47000000000000003,0.0
sp_lg_h,ALL,0.48,0.0
sp_lg_h,ALL,0.49,0.0
sp_lg_h,ALL,0.5,0.0
sp_lg_h,ALL,0.51,0.0
sp_lg_h,ALL,0.52,0.0
sp_lg_h,ALL,0.53,0.0
sp_lg_h,ALL,0.54,0.0
sp_lg_h,ALL,0.55,0.0
sp_lg_h,ALL,0.56,0.0
sp_lg_h,ALL,0.5700000000000001,0.0
sp_lg_h,ALL,0.58,0.0
sp_lg_h,ALL,0.59,0.0
sp_lg_h,ALL,0.6,0.0
sp_lg_h,ALL,0.61,0.0
sp_lg_h,ALL,0.62,0.0
sp_lg_h,ALL,0.63,0.0
sp_lg_h,ALL,0.64,0.0
sp_lg_h,ALL,0.65,0.0
sp_lg_h,ALL,0.66,0.0
sp_lg_h,ALL,0.67,0.0
sp_lg_h,ALL,0.68,0.0
sp_lg_h,ALL,0.6900000000000001,0.0
sp_lg_h,ALL,0.7000000000000001,0.0
sp_lg_h,ALL,0.71,0.0
sp_lg_h,ALL,0.72,0.0
sp_lg_h,ALL,0.73,0.0
sp_lg_h,ALL,0.74,0.0
sp_lg_h,ALL,0.75,0.0
sp_lg_h,ALL,0.76,0.0
sp_lg_h,ALL,0.77,0.0
sp_lg_h,ALL,0.78,0.0
sp_lg_h,ALL,0.79,0.0
sp_lg_h,ALL,0.8,0.0
sp_lg_h,ALL,0.81,0.0
sp_lg_h,ALL,0.8200000000000001,0.0
sp_lg_h,ALL,0.8300000000000001,0.0
sp_lg_h,ALL,0.84,0.0
sp_lg_h,ALL,0.85,0.0
sp_lg_h,ALL,0.86,0.0
sp_lg_h,ALL,0.87,0.0
sp_lg_h,ALL,0.88,0.0
sp_lg_h,ALL,0.89,0.0
sp_lg_h,ALL,0.9,0.0
sp_lg_h,ALL,0.91,0.0
sp_lg_h,ALL,0.92,0.0
sp_lg_h,ALL,0.93,0.0
sp_lg_h,ALL,0.9400000000000001,0.0
sp_lg_h,ALL,0.9500000000000001,0.007462686567164179
sp_lg_h,ALL,0.96,0.007462686567164179
sp_lg_h,ALL,0.97,0.007462686567164179
sp_lg_h,ALL,0.98,0.007462686567164179
sp_lg_h,ALL,0.99,0.007462686567164179
sp_lg_h,ALL,1.0,0.007462686567164179
sp_lg_h,ALL,1.01,0.007462686567164179
sp_lg_h,ALL,1.02,0.007462686567164179
sp_lg_h,ALL,1.03,0.007462686567164179
sp_lg_h,ALL,1.04,0.007462686567164179
sp_lg_h,ALL,1.05,0.007462686567164179
sp_lg_h,ALL,1.06,0.007462686567164179
sp_lg_h,ALL,1.07,0.007462686567164179
sp_lg_h,ALL,1.08,0.007462686567164179
sp_lg_h,ALL,1.09,0.007462686567164179
sp_lg_h,ALL,1.1,0.007462686567164179
sp_lg_h,ALL,1.11,0.007462686567164179
sp_lg_h,ALL,1.12,0.007462686567164179
sp_lg_h,ALL,1.1300000000000001,0.007462686567164179
sp_lg_h,ALL,1.1400000000000001,0.007462686567164179
sp_lg_h,ALL,1.1500000000000001,0.007462686567164179
sp_lg_h,ALL,1.16,0.014925373134328358
sp_lg_h,ALL,1.17,0.014925373134328358
sp_lg_h,ALL,1.18,0.014925373134328358
sp_lg_h,ALL,1.19,0.014925373134328358
sp_lg_h,ALL,1.2,0.014925373134328358
sp_lg_h,ALL,1.21,0.014925373134328358
sp_lg_h,ALL,1.22,0.014925373134328358
sp_lg_h,ALL,1.23,0.014925373134328358
sp_lg_h,ALL,1.24,0.014925373134328358
sp_lg_h,ALL,1.25,0.014925373134328358
sp_lg_h,ALL,1.26,0.014925373134328358
sp_lg_h,ALL,1.27,0.014925373134328358
sp_lg_h,ALL,1.28,0.014925373134328358
sp_lg_h,ALL,1.29,0.014925373134328358
sp_lg_h,ALL,1.3,0.014925373134328358
sp_lg_h,ALL,1.31,0.014925373134328358
sp_lg_h,ALL,1.32,0.014925373134328358
sp_lg_h,ALL,1.33,0.014925373134328358
sp_lg_h,ALL,1.34,0.014925373134328358
sp_lg_h,ALL,1.35,0.014925373134328358
sp_lg_h,ALL,1.36,0.014925373134328358
sp_lg_h,ALL,1.37,0.022388059701492536
sp_lg_h,ALL,1.3800000000000001,0.029850746268656716
sp_lg_h,ALL,1.3900000000000001,0.029850746268656716
sp_lg_h,ALL,1.4000000000000001,0.029850746268656716
sp_lg_h,ALL,1.41,0.029850746268656716
sp_lg_h,ALL,1.42,0.029850746268656716
sp_lg_h,ALL,1.43,0.029850746268656716
sp_lg_h,ALL,1.44,0.029850746268656716
sp_lg_h,ALL,1.45,0.029850746268656716
sp_lg_h,ALL,1.46,0.029850746268656716
sp_lg_h,ALL,1.47,0.029850746268656716
sp_lg_h,ALL,1.48,0.029850746268656716
sp_lg_h,ALL,1.49,0.029850746268656716
sp_lg_h,ALL,1.5,0.029850746268656716
sp_lg_h,ALL,1.51,0.03731343283582089
sp_lg_h,ALL,1.52,0.03731343283582089
sp_lg_h,ALL,1.53,0.03731343283582089
sp_lg_h,ALL,1.54,0.03731343283582089
sp_lg_h,ALL,1.55,0.03731343283582089
sp_lg_h,ALL,1.56,0.04477611940298507
sp_lg_h,ALL,1.57,0.04477611940298507
sp_lg_h,ALL,1.58,0.04477611940298507
sp_lg_h,ALL,1.59,0.04477611940298507
sp_lg_h,ALL,1.6,0.04477611940298507
sp_lg_h,ALL,1.61,0.04477611940298507
sp_lg_h,ALL,1.62,0.04477611940298507
sp_lg_h,ALL,1.6300000000000001,0.05223880597014925
sp_lg_h,ALL,1.6400000000000001,0.05223880597014925
sp_lg_h,ALL,1.6500000000000001,0.05970149253731343
sp_lg_h,ALL,1.6600000000000001,0.05970149253731343
sp_lg_h,ALL,1.67,0.06716417910447761
sp_lg_h,ALL,1.68,0.06716417910447761
sp_lg_h,ALL,1.69,0.06716417910447761
sp_lg_h,ALL,1.7,0.06716417910447761
sp_lg_h,ALL,1.71,0.06716417910447761
sp_lg_h,ALL,1.72,0.06716417910447761
sp_lg_h,ALL,1.73,0.06716417910447761
sp_lg_h,ALL,1.74,0.07462686567164178
sp_lg_h,ALL,1.75,0.07462686567164178
sp_lg_h,ALL,1.76,0.07462686567164178
sp_lg_h,ALL,1.77,0.07462686567164178
sp_lg_h,ALL,1.78,0.08208955223880597
sp_lg_h,ALL,1.79,0.08955223880597014
sp_lg_h,ALL,1.8,0.09701492537313433
sp_lg_h,ALL,1.81,0.11194029850746269
sp_lg_h,ALL,1.82,0.11194029850746269
sp_lg_h,ALL,1.83,0.11194029850746269
sp_lg_h,ALL,1.84,0.11940298507462686
sp_lg_h,ALL,1.85,0.11940298507462686
sp_lg_h,ALL,1.86,0.12686567164179105
sp_lg_h,ALL,1.87,0.12686567164179105
sp_lg_h,ALL,1.8800000000000001,0.12686567164179105
sp_lg_h,ALL,1.8900000000000001,0.12686567164179105
sp_lg_h,ALL,1.9000000000000001,0.12686567164179105
sp_lg_h,ALL,1.9100000000000001,0.12686567164179105
sp_lg_h,ALL,1.92,0.12686567164179105
sp_lg_h,ALL,1.93,0.12686567164179105
sp_lg_h,ALL,1.94,0.12686567164179105
sp_lg_h,ALL,1.95,0.12686567164179105
sp_lg_h,ALL,1.96,0.12686567164179105
sp_lg_h,ALL,1.97,0.12686567164179105
sp_lg_h,ALL,1.98,0.12686567164179105
sp_lg_h,ALL,1.99,0.12686567164179105
sp_lg_h,ALL,2.0,0.12686567164179105
sp_lg_h,ALL,2.0100000000000002,0.12686567164179105
sp_lg_h,ALL,2.02,0.12686567164179105
sp_lg_h,ALL,2.0300000000000002,0.12686567164179105
sp_lg_h,ALL,2.04,0.12686567164179105
sp_lg_h,ALL,2.05,0.12686567164179105
sp_lg_h,ALL,2.06,0.12686567164179105
sp_lg_h,ALL,2.07,0.12686567164179105
sp_lg_h,ALL,2.08,0.12686567164179105
sp_lg_h,ALL,2.09,0.12686567164179105
sp_lg_h,ALL,2.1,0.12686567164179105
sp_lg_h,ALL,2.11,0.12686567164179105
sp_lg_h,ALL,2.12,0.1417910447761194
sp_lg_h,ALL,2.13,0.14925373134328357
sp_lg_h,ALL,2.14,0.14925373134328357
sp_lg_h,ALL,2.15,0.14925373134328357
sp_lg_h,ALL,2.16,0.14925373134328357
sp_lg_h,ALL,2.17,0.14925373134328357
sp_lg_h,ALL,2.18,0.14925373134328357
sp_lg_h,ALL,2.19,0.14925373134328357
sp_lg_h,ALL,2.2,0.16417910447761194
sp_lg_h,ALL,2.21,0.16417910447761194
sp_lg_h,ALL,2.22,0.16417910447761194
sp_lg_h,ALL,2.23,0.16417910447761194
sp_lg_h,ALL,2.24,0.16417910447761194
sp_lg_h,ALL,2.25,0.16417910447761194
sp_lg_h,ALL,2.2600000000000002,0.17164179104477612
sp_lg_h,ALL,2.27,0.1791044776119403
sp_lg_h,ALL,2.2800000000000002,0.1865671641791045
sp_lg_h,ALL,2.29,0.19402985074626866
sp_lg_h,ALL,2.3000000000000003,0.19402985074626866
sp_lg_h,ALL,2.31,0.19402985074626866
sp_lg_h,ALL,2.32,0.19402985074626866
sp_lg_h,ALL,2.33,0.19402985074626866
sp_lg_h,ALL,2.34,0.19402985074626866
sp_lg_h,ALL,2.35,0.20149253731343283
sp_lg_h,ALL,2.36,0.20149253731343283
sp_lg_h,ALL,2.37,0.20149253731343283
sp_lg_h,ALL,2.38,0.20149253731343283
sp_lg_h,ALL,2.39,0.20149253731343283
sp_lg_h,ALL,2.4,0.20149253731343283
sp_lg_h,ALL,2.41,0.20149253731343283
sp_lg_h,ALL,2.42,0.20149253731343283
sp_lg_h,ALL,2.43,0.20149253731343283
sp_lg_h,ALL,2.44,0.208955223880597
sp_lg_h,ALL,2.45,0.208955223880597
sp_lg_h,ALL,2.46,0.208955223880597
sp_lg_h,ALL,2.47,0.21641791044776118
sp_lg_h,ALL,2.48,0.21641791044776118
sp_lg_h,ALL,2.49,0.21641791044776118
sp_lg_h,ALL,2.5,0.21641791044776118
sp_lg_h,ALL,2.5100000000000002,0.21641791044776118
sp_lg_h,ALL,2.52,0.21641791044776118
sp_lg_h,ALL,2.5300000000000002,0.21641791044776118
sp_lg_h,ALL,2.54,0.22388059701492538
sp_lg_h,ALL,2.5500000000000003,0.22388059701492538
sp_lg_h,ALL,2.56,0.22388059701492538
sp_lg_h,ALL,2.57,0.22388059701492538
sp_lg_h,ALL,2.58,0.22388059701492538
sp_lg_h,ALL,2.59,0.23134328358208955
sp_lg_h,ALL,2.6,0.23880597014925373
sp_lg_h,ALL,2.61,0.2462686567164179
sp_lg_h,ALL,2.62,0.2537313432835821
sp_lg_h,ALL,2.63,0.2537313432835821
sp_lg_h,ALL,2.64,0.2537313432835821
sp_lg_h,ALL,2.65,0.2537313432835821
sp_lg_h,ALL,2.66,0.2537313432835821
sp_lg_h,ALL,2.67,0.2537313432835821
sp_lg_h,ALL,2.68,0.2537313432835821
sp_lg_h,ALL,2.69,0.2537313432835821
sp_lg_h,ALL,2.7,0.2537313432835821
sp_lg_h,ALL,2.71,0.2537313432835821
sp_lg_h,ALL,2.72,0.2537313432835821
sp_lg_h,ALL,2.73,0.2537313432835821
sp_lg_h,ALL,2.74,0.26865671641791045
sp_lg_h,ALL,2.75,0.26865671641791045
sp_lg_h,ALL,2.7600000000000002,0.26865671641791045
sp_lg_h,ALL,2.77,0.27611940298507465
sp_lg_h,ALL,2.7800000000000002,0.27611940298507465
sp_lg_h,ALL,2.79,0.27611940298507465
sp_lg_h,ALL,2.8000000000000003,0.27611940298507465
sp_lg_h,ALL,2.81,0.27611940298507465
sp_lg_h,ALL,2.82,0.27611940298507465
sp_lg_h,ALL,2.83,0.2835820895522388
sp_lg_h,ALL,2.84,0.2835820895522388
sp_lg_h,ALL,2.85,0.2835820895522388
sp_lg_h,ALL,2.86,0.29850746268656714
sp_lg_h,ALL,2.87,0.31343283582089554
sp_lg_h,ALL,2.88,0.31343283582089554
sp_lg_h,ALL,2.89,0.31343283582089554
sp_lg_h,ALL,2.9,0.31343283582089554
sp_lg_h,ALL,2.91,0.3208955223880597
sp_lg_h,ALL,2.92,0.3208955223880597
sp_lg_h,ALL,2.93,0.3283582089552239
sp_lg_h,ALL,2.94,0.3283582089552239
sp_lg_h,ALL,2.95,0.3358208955223881
sp_lg_h,ALL,2.96,0.3358208955223881
sp_lg_h,ALL,2.97,0.3358208955223881
sp_lg_h,ALL,2.98,0.3358208955223881
sp_lg_h,ALL,2.99,0.34328358208955223
sp_lg_h,ALL,3.0,0.34328358208955223
sp_lg_h,ALL,3.0100000000000002,0.34328358208955223
sp_lg_h,ALL,3.02,0.3656716417910448
sp_lg_h,ALL,3.0300000000000002,0.3656716417910448
sp_lg_h,ALL,3.04,0.3656716417910448
sp_lg_h,ALL,3.0500000000000003,0.373134328358209
sp_lg_h,ALL,3.06,0.373134328358209
sp_lg_h,ALL,3.0700000000000003,0.373134328358209
sp_lg_h,ALL,3.08,0.373134328358209
sp_lg_h,ALL,3.09,0.373134328358209
sp_lg_h,ALL,3.1,0.373134328358209
sp_lg_h,ALL,3.11,0.3805970149253731
sp_lg_h,ALL,3.12,0.3880597014925373
sp_lg_h,ALL,3.13,0.3880597014925373
sp_lg_h,ALL,3.14,0.39552238805970147
sp_lg_h,ALL,3.15,0.39552238805970147
sp_lg_h,ALL,3.16,0.39552238805970147
sp_lg_h,ALL,3.17,0.39552238805970147
sp_lg_h,ALL,3.18,0.39552238805970147
sp_lg_h,ALL,3.19,0.39552238805970147
sp_lg_h,ALL,3.2,0.39552238805970147
sp_lg_h,ALL,3.21,0.39552238805970147
sp_lg_h,ALL,3.22,0.41044776119402987
sp_lg_h,ALL,3.23,0.41044776119402987
sp_lg_h,ALL,3.24,0.41044776119402987
sp_lg_h,ALL,3.25,0.41044776119402987
sp_lg_h,ALL,3.2600000000000002,0.41044776119402987
sp_lg_h,ALL,3.27,0.41044776119402987
sp_lg_h,ALL,3.2800000000000002,0.41044776119402987
sp_lg_h,ALL,3.29,0.417910447761194
sp_lg_h,ALL,3.3000000000000003,0.417910447761194
sp_lg_h,ALL,3.31,0.43283582089552236
sp_lg_h,ALL,3.3200000000000003,0.43283582089552236
sp_lg_h,ALL,3.33,0.43283582089552236
sp_lg_h,ALL,3.34,0.43283582089552236
sp_lg_h,ALL,3.35,0.43283582089552236
sp_lg_h,ALL,3.36,0.43283582089552236
sp_lg_h,ALL,3.37,0.43283582089552236
sp_lg_h,ALL,3.38,0.44029850746268656
sp_lg_h,ALL,3.39,0.44029850746268656
sp_lg_h,ALL,3.4,0.44776119402985076
sp_lg_h,ALL,3.41,0.44776119402985076
sp_lg_h,ALL,3.42,0.44776119402985076
sp_lg_h,ALL,3.43,0.44776119402985076
sp_lg_h,ALL,3.44,0.44776119402985076
sp_lg_h,ALL,3.45,0.44776119402985076
sp_lg_h,ALL,3.46,0.44776119402985076
sp_lg_h,ALL,3.47,0.44776119402985076
sp_lg_h,ALL,3.48,0.44776119402985076
sp_lg_h,ALL,3.49,0.44776119402985076
sp_lg_h,ALL,3.5,0.44776119402985076
sp_lg_h,ALL,3.5100000000000002,0.44776119402985076
sp_lg_h,ALL,3.52,0.44776119402985076
sp_lg_h,ALL,3.5300000000000002,0.44776119402985076
sp_lg_h,ALL,3.54,0.44776119402985076
sp_lg_h,ALL,3.5500000000000003,0.4552238805970149
sp_lg_h,ALL,3.56,0.4552238805970149
sp_lg_h,ALL,3.5700000000000003,0.4626865671641791
sp_lg_h,ALL,3.58,0.4701492537313433
sp_lg_h,ALL,3.59,0.4701492537313433
sp_lg_h,ALL,3.6,0.4701492537313433
sp_lg_h,ALL,3.61,0.4701492537313433
sp_lg_h,ALL,3.62,0.4701492537313433
sp_lg_h,ALL,3.63,0.4701492537313433
sp_lg_h,ALL,3.64,0.4701492537313433
sp_lg_h,ALL,3.65,0.4701492537313433
sp_lg_h,ALL,3.66,0.4701492537313433
sp_lg_h,ALL,3.67,0.4701492537313433
sp_lg_h,ALL,3.68,0.4701492537313433
sp_lg_h,ALL,3.69,0.4701492537313433
sp_lg_h,ALL,3.7,0.4701492537313433
sp_lg_h,ALL,3.71,0.47761194029850745
sp_lg_h,ALL,3.72,0.47761194029850745
sp_lg_h,ALL,3.73,0.47761194029850745
sp_lg_h,ALL,3.74,0.47761194029850745
sp_lg_h,ALL,3.75,0.47761194029850745
sp_lg_h,ALL,3.7600000000000002,0.47761194029850745
sp_lg_h,ALL,3.77,0.47761194029850745
sp_lg_h,ALL,3.7800000000000002,0.47761194029850745
sp_lg_h,ALL,3.79,0.47761194029850745
sp_lg_h,ALL,3.8000000000000003,0.47761194029850745
sp_lg_h,ALL,3.81,0.47761194029850745
sp_lg_h,ALL,3.8200000000000003,0.47761194029850745
sp_lg_h,ALL,3.83,0.47761194029850745
sp_lg_h,ALL,3.84,0.47761194029850745
sp_lg_h,ALL,3.85,0.47761194029850745
sp_lg_h,ALL,3.86,0.47761194029850745
sp_lg_h,ALL,3.87,0.47761194029850745
sp_lg_h,ALL,3.88,0.47761194029850745
sp_lg_h,ALL,3.89,0.47761194029850745
sp_lg_h,ALL,3.9,0.47761194029850745
sp_lg_h,ALL,3.91,0.47761194029850745
sp_lg_h,ALL,3.92,0.48507462686567165
sp_lg_h,ALL,3.93,0.48507462686567165
sp_lg_h,ALL,3.94,0.48507462686567165
sp_lg_h,ALL,3.95,0.48507462686567165
sp_lg_h,ALL,3.96,0.48507462686567165
sp_lg_h,ALL,3.97,0.48507462686567165
sp_lg_h,ALL,3.98,0.48507462686567165
sp_lg_h,ALL,3.99,0.48507462686567165
sp_lg_h,ALL,4.0,0.48507462686567165
sp_lg_h,ALL,4.01,0.48507462686567165
sp_lg_h,ALL,4.0200000000000005,0.48507462686567165
sp_lg_h,ALL,4.03,0.48507462686567165
sp_lg_h,ALL,4.04,0.48507462686567165
sp_lg_h,ALL,4.05,0.48507462686567165
sp_lg_h,ALL,4.0600000000000005,0.48507462686567165
sp_lg_h,ALL,4.07,0.48507462686567165
sp_lg_h,ALL,4.08,0.48507462686567165
sp_lg_h,ALL,4.09,0.48507462686567165
sp_lg_h,ALL,4.1,0.48507462686567165
sp_lg_h,ALL,4.11,0.48507462686567165
sp_lg_h,ALL,4.12,0.48507462686567165
sp_lg_h,ALL,4.13,0.48507462686567165
sp_lg_h,ALL,4.14,0.48507462686567165
sp_lg_h,ALL,4.15,0.48507462686567165
sp_lg_h,ALL,4.16,0.48507462686567165
sp_lg_h,ALL,4.17,0.48507462686567165
sp_lg_h,ALL,4.18,0.48507462686567165
sp_lg_h,ALL,4.19,0.48507462686567165
sp_lg_h,ALL,4.2,0.48507462686567165
sp_lg_h,ALL,4.21,0.48507462686567165
sp_lg_h,ALL,4.22,0.48507462686567165
sp_lg_h,ALL,4.23,0.48507462686567165
sp_lg_h,ALL,4.24,0.48507462686567165
sp_lg_h,ALL,4.25,0.48507462686567165
sp_lg_h,ALL,4.26,0.48507462686567165
sp_lg_h,ALL,4.2700000000000005,0.48507462686567165
sp_lg_h,ALL,4.28,0.48507462686567165
sp_lg_h,ALL,4.29,0.48507462686567165
sp_lg_h,ALL,4.3,0.48507462686567165
sp_lg_h,ALL,4.3100000000000005,0.4925373134328358
sp_lg_h,ALL,4.32,0.5
sp_lg_h,ALL,4.33,0.5
sp_lg_h,ALL,4.34,0.5
sp_lg_h,ALL,4.3500000000000005,0.5
sp_lg_h,ALL,4.36,0.5
sp_lg_h,ALL,4.37,0.5
sp_lg_h,ALL,4.38,0.5074626865671642
sp_lg_h,ALL,4.39,0.5074626865671642
sp_lg_h,ALL,4.4,0.5149253731343284
sp_lg_h,ALL,4.41,0.5149253731343284
sp_lg_h,ALL,4.42,0.5149253731343284
sp_lg_h,ALL,4.43,0.5149253731343284
sp_lg_h,ALL,4.44,0.5149253731343284
sp_lg_h,ALL,4.45,0.5149253731343284
sp_lg_h,ALL,4.46,0.5149253731343284
sp_lg_h,ALL,4.47,0.5149253731343284
sp_lg_h,ALL,4.48,0.5149253731343284
sp_lg_h,ALL,4.49,0.5149253731343284
sp_lg_h,ALL,4.5,0.5149253731343284
sp_lg_h,ALL,4.51,0.5149253731343284
sp_lg_h,ALL,4.5200000000000005,0.5149253731343284
sp_lg_h,ALL,4.53,0.5149253731343284
sp_lg_h,ALL,4.54,0.5149253731343284
sp_lg_h,ALL,4.55,0.5149253731343284
sp_lg_h,ALL,4.5600000000000005,0.5223880597014925
sp_lg_h,ALL,4.57,0.5223880597014925
sp_lg_h,ALL,4.58,0.5223880597014925
sp_lg_h,ALL,4.59,0.5298507462686567
sp_lg_h,ALL,4.6000000000000005,0.5298507462686567
sp_lg_h,ALL,4.61,0.5298507462686567
sp_lg_h,ALL,4.62,0.5298507462686567
sp_lg_h,ALL,4.63,0.5298507462686567
sp_lg_h,ALL,4.64,0.5298507462686567
sp_lg_h,ALL,4.65,0.5298507462686567
sp_lg_h,ALL,4.66,0.5298507462686567
sp_lg_h,ALL,4.67,0.5298507462686567
sp_lg_h,ALL,4.68,0.5298507462686567
sp_lg_h,ALL,4.69,0.5298507462686567
sp_lg_h,ALL,4.7,0.5298507462686567
sp_lg_h,ALL,4.71,0.5298507462686567
sp_lg_h,ALL,4.72,0.5298507462686567
sp_lg_h,ALL,4.73,0.5298507462686567
sp_lg_h,ALL,4.74,0.5298507462686567
sp_lg_h,ALL,4.75,0.5298507462686567
sp_lg_h,ALL,4.76,0.5298507462686567
sp_lg_h,ALL,4.7700000000000005,0.5298507462686567
sp_lg_h,ALL,4.78,0.5298507462686567
sp_lg_h,ALL,4.79,0.5298507462686567
sp_lg_h,ALL,4.8,0.5298507462686567
sp_lg_h,ALL,4.8100000000000005,0.5298507462686567
sp_lg_h,ALL,4.82,0.5298507462686567
sp_lg_h,ALL,4.83,0.5298507462686567
sp_lg_h,ALL,4.84,0.5298507462686567
sp_lg_h,ALL,4.8500000000000005,0.5298507462686567
sp_lg_h,ALL,4.86,0.5298507462686567
sp_lg_h,ALL,4.87,0.5298507462686567
sp_lg_h,ALL,4.88,0.5298507462686567
sp_lg_h,ALL,4.89,0.5298507462686567
sp_lg_h,ALL,4.9,0.5298507462686567
sp_lg_h,ALL,4.91,0.5298507462686567
sp_lg_h,ALL,4.92,0.5298507462686567
sp_lg_h,ALL,4.93,0.5298507462686567
sp_lg_h,ALL,4.94,0.5298507462686567
sp_lg_h,ALL,4.95,0.5298507462686567
sp_lg_h,ALL,4.96,0.5298507462686567
sp_lg_h,ALL,4.97,0.5298507462686567
sp_lg_h,ALL,4.98,0.5298507462686567
sp_lg_h,ALL,4.99,0.5298507462686567
sp_lg_h,ALL,5.0,0.5298507462686567
sp_lg_h,ALL,5.01,0.5298507462686567
sp_lg_h,ALL,5.0200000000000005,0.5298507462686567
sp_lg_h,ALL,5.03,0.5298507462686567
sp_lg_h,ALL,5.04,0.5298507462686567
sp_lg_h,ALL,5.05,0.5373134328358209
sp_lg_h,ALL,5.0600000000000005,0.5373134328358209
sp_lg_h,ALL,5.07,0.5373134328358209
sp_lg_h,ALL,5.08,0.5373134328358209
sp_lg_h,ALL,5.09,0.5447761194029851
sp_lg_h,ALL,5.1000000000000005,0.5447761194029851
sp_lg_h,ALL,5.11,0.5447761194029851
sp_lg_h,ALL,5.12,0.5447761194029851
sp_lg_h,ALL,5.13,0.5447761194029851
sp_lg_h,ALL,5.14,0.5447761194029851
sp_lg_h,ALL,5.15,0.5447761194029851
sp_lg_h,ALL,5.16,0.5447761194029851
sp_lg_h,ALL,5.17,0.5447761194029851
sp_lg_h,ALL,5.18,0.5447761194029851
sp_lg_h,ALL,5.19,0.5447761194029851
sp_lg_h,ALL,5.2,0.5522388059701493
sp_lg_h,ALL,5.21,0.5522388059701493
sp_lg_h,ALL,5.22,0.5522388059701493
sp_lg_h,ALL,5.23,0.5522388059701493
sp_lg_h,ALL,5.24,0.5522388059701493
sp_lg_h,ALL,5.25,0.5522388059701493
sp_lg_h,ALL,5.26,0.5522388059701493
sp_lg_h,ALL,5.2700000000000005,0.5522388059701493
sp_lg_h,ALL,5.28,0.5522388059701493
sp_lg_h,ALL,5.29,0.5522388059701493
sp_lg_h,ALL,5.3,0.5522388059701493
sp_lg_h,ALL,5.3100000000000005,0.5522388059701493
sp_lg_h,ALL,5.32,0.5522388059701493
sp_lg_h,ALL,5.33,0.5522388059701493
sp_lg_h,ALL,5.34,0.5522388059701493
sp_lg_h,ALL,5.3500000000000005,0.5522388059701493
sp_lg_h,ALL,5.36,0.5522388059701493
sp_lg_h,ALL,5.37,0.5522388059701493
sp_lg_h,ALL,5.38,0.5522388059701493
sp_lg_h,ALL,5.39,0.5522388059701493
sp_lg_h,ALL,5.4,0.5522388059701493
sp_lg_h,ALL,5.41,0.5522388059701493
sp_lg_h,ALL,5.42,0.5522388059701493
sp_lg_h,ALL,5.43,0.5522388059701493
sp_lg_h,ALL,5.44,0.5522388059701493
sp_lg_h,ALL,5.45,0.5522388059701493
sp_lg_h,ALL,5.46,0.5522388059701493
sp_lg_h,ALL,5.47,0.5522388059701493
sp_lg_h,ALL,5.48,0.5522388059701493
sp_lg_h,ALL,5.49,0.5522388059701493
sp_lg_h,ALL,5.5,0.5522388059701493
sp_lg_h,ALL,5.51,0.5522388059701493
sp_lg_h,ALL,5.5200000000000005,0.5522388059701493
sp_lg_h,ALL,5.53,0.5522388059701493
sp_lg_h,ALL,5.54,0.5522388059701493
sp_lg_h,ALL,5.55,0.5522388059701493
sp_lg_h,ALL,5.5600000000000005,0.5522388059701493
sp_lg_h,ALL,5.57,0.5522388059701493
sp_lg_h,ALL,5.58,0.5522388059701493
sp_lg_h,ALL,5.59,0.5522388059701493
sp_lg_h,ALL,5.6000000000000005,0.5522388059701493
sp_lg_h,ALL,5.61,0.5522388059701493
sp_lg_h,ALL,5.62,0.5597014925373134
sp_lg_h,ALL,5.63,0.5597014925373134
sp_lg_h,ALL,5.64,0.5597014925373134
sp_lg_h,ALL,5.65,0.5597014925373134
sp_lg_h,ALL,5.66,0.5597014925373134
sp_lg_h,ALL,5.67,0.5597014925373134
sp_lg_h,ALL,5.68,0.5597014925373134
sp_lg_h,ALL,5.69,0.5597014925373134
sp_lg_h,ALL,5.7,0.5597014925373134
sp_lg_h,ALL,5.71,0.5597014925373134
sp_lg_h,ALL,5.72,0.5597014925373134
sp_lg_h,ALL,5.73,0.5597014925373134
sp_lg_h,ALL,5.74,0.5597014925373134
sp_lg_h,ALL,5.75,0.5597014925373134
sp_lg_h,ALL,5.76,0.5597014925373134
sp_lg_h,ALL,5.7700000000000005,0.5597014925373134
sp_lg_h,ALL,5.78,0.5597014925373134
sp_lg_h,ALL,5.79,0.5597014925373134
sp_lg_h,ALL,5.8,0.5597014925373134
sp_lg_h,ALL,5.8100000000000005,0.5597014925373134
sp_lg_h,ALL,5.82,0.5597014925373134
sp_lg_h,ALL,5.83,0.5597014925373134
sp_lg_h,ALL,5.84,0.5597014925373134
sp_lg_h,ALL,5.8500000000000005,0.5597014925373134
sp_lg_h,ALL,5.86,0.5597014925373134
sp_lg_h,ALL,5.87,0.5597014925373134
sp_lg_h,ALL,5.88,0.5597014925373134
sp_lg_h,ALL,5.89,0.5597014925373134
sp_lg_h,ALL,5.9,0.5597014925373134
sp_lg_h,ALL,5.91,0.5671641791044776
sp_lg_h,ALL,5.92,0.5671641791044776
sp_lg_h,ALL,5.93,0.5671641791044776
sp_lg_h,ALL,5.94,0.5671641791044776
sp_lg_h,ALL,5.95,0.5671641791044776
sp_lg_h,ALL,5.96,0.5671641791044776
sp_lg_h,ALL,5.97,0.5671641791044776
sp_lg_h,ALL,5.98,0.5671641791044776
sp_lg_h,ALL,5.99,0.5671641791044776
sp_lg_h,ALL,6.0,0.5671641791044776
sp_lg_h,ALL,6.01,0.5671641791044776
sp_lg_h,ALL,6.0200000000000005,0.5671641791044776
sp_lg_h,ALL,6.03,0.5671641791044776
sp_lg_h,ALL,6.04,0.5671641791044776
sp_lg_h,ALL,6.05,0.5671641791044776
sp_lg_h,ALL,6.0600000000000005,0.5671641791044776
sp_lg_h,ALL,6.07,0.5671641791044776
sp_lg_h,ALL,6.08,0.5671641791044776
sp_lg_h,ALL,6.09,0.5671641791044776
sp_lg_h,ALL,6.1000000000000005,0.5671641791044776
sp_lg_h,ALL,6.11,0.5671641791044776
sp_lg_h,ALL,6.12,0.5671641791044776
sp_lg_h,ALL,6.13,0.5671641791044776
sp_lg_h,ALL,6.140000000000001,0.5746268656716418
sp_lg_h,ALL,6.15,0.5746268656716418
sp_lg_h,ALL,6.16,0.5746268656716418
sp_lg_h,ALL,6.17,0.5746268656716418
sp_lg_h,ALL,6.18,0.5746268656716418
sp_lg_h,ALL,6.19,0.5746268656716418
sp_lg_h,ALL,6.2,0.5746268656716418
sp_lg_h,ALL,6.21,0.5746268656716418
sp_lg_h,ALL,6.22,0.5746268656716418
sp_lg_h,ALL,6.23,0.5746268656716418
sp_lg_h,ALL,6.24,0.5746268656716418
sp_lg_h,ALL,6.25,0.5746268656716418
sp_lg_h,ALL,6.26,0.5746268656716418
sp_lg_h,ALL,6.2700000000000005,0.5746268656716418
sp_lg_h,ALL,6.28,0.5746268656716418
sp_lg_h,ALL,6.29,0.5746268656716418
sp_lg_h,ALL,6.3,0.5746268656716418
sp_lg_h,ALL,6.3100000000000005,0.5746268656716418
sp_lg_h,ALL,6.32,0.5746268656716418
sp_lg_h,ALL,6.33,0.5746268656716418
sp_lg_h,ALL,6.34,0.5746268656716418
sp_lg_h,ALL,6.3500000000000005,0.5746268656716418
sp_lg_h,ALL,6.36,0.5746268656716418
sp_lg_h,ALL,6.37,0.5746268656716418
sp_lg_h,ALL,6.38,0.5746268656716418
sp_lg_h,ALL,6.390000000000001,0.5746268656716418
sp_lg_h,ALL,6.4,0.5746268656716418
sp_lg_h,ALL,6.41,0.5746268656716418
sp_lg_h,ALL,6.42,0.5746268656716418
sp_lg_h,ALL,6.43,0.5746268656716418
sp_lg_h,ALL,6.44,0.5746268656716418
sp_lg_h,ALL,6.45,0.5746268656716418
sp_lg_h,ALL,6.46,0.5746268656716418
sp_lg_h,ALL,6.47,0.5746268656716418
sp_lg_h,ALL,6.48,0.5746268656716418
sp_lg_h,ALL,6.49,0.5746268656716418
sp_lg_h,ALL,6.5,0.5746268656716418
sp_lg_h,ALL,6.51,0.5746268656716418
sp_lg_h,ALL,6.5200000000000005,0.5746268656716418
sp_lg_h,ALL,6.53,0.5746268656716418
sp_lg_h,ALL,6.54,0.5746268656716418
sp_lg_h,ALL,6.55,0.5746268656716418
sp_lg_h,ALL,6.5600000000000005,0.5746268656716418
sp_lg_h,ALL,6.57,0.5746268656716418
sp_lg_h,ALL,6.58,0.5746268656716418
sp_lg_h,ALL,6.59,0.5746268656716418
sp_lg_h,ALL,6.6000000000000005,0.5746268656716418
sp_lg_h,ALL,6.61,0.5746268656716418
sp_lg_h,ALL,6.62,0.5746268656716418
sp_lg_h,ALL,6.63,0.5746268656716418
sp_lg_h,ALL,6.640000000000001,0.5746268656716418
sp_lg_h,ALL,6.65,0.5746268656716418
sp_lg_h,ALL,6.66,0.5746268656716418
sp_lg_h,ALL,6.67,0.5746268656716418
sp_lg_h,ALL,6.68,0.5746268656716418
sp_lg_h,ALL,6.69,0.5746268656716418
sp_lg_h,ALL,6.7,0.5746268656716418
sp_lg_h,ALL,6.71,0.5746268656716418
sp_lg_h,ALL,6.72,0.5746268656716418
sp_lg_h,ALL,6.73,0.5746268656716418
sp_lg_h,ALL,6.74,0.5746268656716418
sp_lg_h,ALL,6.75,0.5746268656716418
sp_lg_h,ALL,6.76,0.5746268656716418
sp_lg_h,ALL,6.7700000000000005,0.5746268656716418
sp_lg_h,ALL,6.78,0.5746268656716418
sp_lg_h,ALL,6.79,0.5746268656716418
sp_lg_h,ALL,6.8,0.5746268656716418
sp_lg_h,ALL,6.8100000000000005,0.5746268656716418
sp_lg_h,ALL,6.82,0.5746268656716418
sp_lg_h,ALL,6.83,0.5746268656716418
sp_lg_h,ALL,6.84,0.5746268656716418
sp_lg_h,ALL,6.8500000000000005,0.5746268656716418
sp_lg_h,ALL,6.86,0.5746268656716418
sp_lg_h,ALL,6.87,0.5746268656716418
sp_lg_h,ALL,6.88,0.5746268656716418
sp_lg_h,ALL,6.890000000000001,0.5746268656716418
sp_lg_h,ALL,6.9,0.5746268656716418
sp_lg_h,ALL,6.91,0.582089552238806
sp_lg_h,ALL,6.92,0.582089552238806
sp_lg_h,ALL,6.93,0.582089552238806
sp_lg_h,ALL,6.94,0.582089552238806
sp_lg_h,ALL,6.95,0.582089552238806
sp_lg_h,ALL,6.96,0.582089552238806
sp_lg_h,ALL,6.97,0.582089552238806
sp_lg_h,ALL,6.98,0.582089552238806
sp_lg_h,ALL,6.99,0.582089552238806
sp_lg_h,ALL,7.0,0.582089552238806
sp_lg_h,ALL,7.01,0.582089552238806
sp_lg_h,ALL,7.0200000000000005,0.582089552238806
sp_lg_h,ALL,7.03,0.582089552238806
sp_lg_h,ALL,7.04,0.582089552238806
sp_lg_h,ALL,7.05,0.582089552238806
sp_lg_h,ALL,7.0600000000000005,0.582089552238806
sp_lg_h,ALL,7.07,0.582089552238806
sp_lg_h,ALL,7.08,0.582089552238806
sp_lg_h,ALL,7.09,0.582089552238806
sp_lg_h,ALL,7.1000000000000005,0.582089552238806
sp_lg_h,ALL,7.11,0.582089552238806
sp_lg_h,ALL,7.12,0.582089552238806
sp_lg_h,ALL,7.13,0.582089552238806
sp_lg_h,ALL,7.140000000000001,0.582089552238806
sp_lg_h,ALL,7.15,0.582089552238806
sp_lg_h,ALL,7.16,0.582089552238806
sp_lg_h,ALL,7.17,0.582089552238806
sp_lg_h,ALL,7.18,0.582089552238806
sp_lg_h,ALL,7.19,0.582089552238806
sp_lg_h,ALL,7.2,0.582089552238806
sp_lg_h,ALL,7.21,0.582089552238806
sp_lg_h,ALL,7.22,0.582089552238806
sp_lg_h,ALL,7.23,0.582089552238806
sp_lg_h,ALL,7.24,0.582089552238806
sp_lg_h,ALL,7.25,0.582089552238806
sp_lg_h,ALL,7.26,0.582089552238806
sp_lg_h,ALL,7.2700000000000005,0.582089552238806
sp_lg_h,ALL,7.28,0.582089552238806
sp_lg_h,ALL,7.29,0.582089552238806
sp_lg_h,ALL,7.3,0.582089552238806
sp_lg_h,ALL,7.3100000000000005,0.582089552238806
sp_lg_h,ALL,7.32,0.582089552238806
sp_lg_h,ALL,7.33,0.582089552238806
sp_lg_h,ALL,7.34,0.582089552238806
sp_lg_h,ALL,7.3500000000000005,0.582089552238806
sp_lg_h,ALL,7.36,0.582089552238806
sp_lg_h,ALL,7.37,0.582089552238806
sp_lg_h,ALL,7.38,0.582089552238806
sp_lg_h,ALL,7.390000000000001,0.582089552238806
sp_lg_h,ALL,7.4,0.582089552238806
sp_lg_h,ALL,7.41,0.582089552238806
sp_lg_h,ALL,7.42,0.582089552238806
sp_lg_h,ALL,7.43,0.582089552238806
sp_lg_h,ALL,7.44,0.582089552238806
sp_lg_h,ALL,7.45,0.582089552238806
sp_lg_h,ALL,7.46,0.582089552238806
sp_lg_h,ALL,7.47,0.582089552238806
sp_lg_h,ALL,7.48,0.582089552238806
sp_lg_h,ALL,7.49,0.582089552238806
sp_lg_h,ALL,7.5,0.582089552238806
sp_lg_h,ALL,7.51,0.582089552238806
sp_lg_h,ALL,7.5200000000000005,0.582089552238806
sp_lg_h,ALL,7.53,0.582089552238806
sp_lg_h,ALL,7.54,0.582089552238806
sp_lg_h,ALL,7.55,0.582089552238806
sp_lg_h,ALL,7.5600000000000005,0.5895522388059702
sp_lg_h,ALL,7.57,0.5895522388059702
sp_lg_h,ALL,7.58,0.5895522388059702
sp_lg_h,ALL,7.59,0.5895522388059702
sp_lg_h,ALL,7.6000000000000005,0.5895522388059702
sp_lg_h,ALL,7.61,0.5895522388059702
sp_lg_h,ALL,7.62,0.5895522388059702
sp_lg_h,ALL,7.63,0.5895522388059702
sp_lg_h,ALL,7.640000000000001,0.5895522388059702
sp_lg_h,ALL,7.65,0.5895522388059702
sp_lg_h,ALL,7.66,0.5895522388059702
sp_lg_h,ALL,7.67,0.5895522388059702
sp_lg_h,ALL,7.68,0.5895522388059702
sp_lg_h,ALL,7.69,0.5895522388059702
sp_lg_h,ALL,7.7,0.5895522388059702
sp_lg_h,ALL,7.71,0.5895522388059702
sp_lg_h,ALL,7.72,0.5895522388059702
sp_lg_h,ALL,7.73,0.5895522388059702
sp_lg_h,ALL,7.74,0.5895522388059702
sp_lg_h,ALL,7.75,0.5895522388059702
sp_lg_h,ALL,7.76,0.5895522388059702
sp_lg_h,ALL,7.7700000000000005,0.5895522388059702
sp_lg_h,ALL,7.78,0.5895522388059702
sp_lg_h,ALL,7.79,0.5895522388059702
sp_lg_h,ALL,7.8,0.5895522388059702
sp_lg_h,ALL,7.8100000000000005,0.5895522388059702
sp_lg_h,ALL,7.82,0.5895522388059702
sp_lg_h,ALL,7.83,0.5895522388059702
sp_lg_h,ALL,7.84,0.5895522388059702
sp_lg_h,ALL,7.8500000000000005,0.5895522388059702
sp_lg_h,ALL,7.86,0.5895522388059702
sp_lg_h,ALL,7.87,0.5895522388059702
sp_lg_h,ALL,7.88,0.5895522388059702
sp_lg_h,ALL,7.890000000000001,0.5895522388059702
sp_lg_h,ALL,7.9,0.5895522388059702
sp_lg_h,ALL,7.91,0.5895522388059702
sp_lg_h,ALL,7.92,0.5895522388059702
sp_lg_h,ALL,7.930000000000001,0.5895522388059702
sp_lg_h,ALL,7.94,0.5895522388059702
sp_lg_h,ALL,7.95,0.5895522388059702
sp_lg_h,ALL,7.96,0.5895522388059702
sp_lg_h,ALL,7.97,0.5895522388059702
sp_lg_h,ALL,7.98,0.5895522388059702
sp_lg_h,ALL,7.99,0.5895522388059702
sp_lg_h,ALL,8.0,0.5895522388059702
sp_lg_h,ALL,8.01,0.5895522388059702
sp_lg_h,ALL,8.02,0.5895522388059702
sp_lg_h,ALL,8.03,0.5895522388059702
sp_lg_h,ALL,8.040000000000001,0.5895522388059702
sp_lg_h,ALL,8.05,0.5895522388059702
sp_lg_h,ALL,8.06,0.5895522388059702
sp_lg_h,ALL,8.07,0.5895522388059702
sp_lg_h,ALL,8.08,0.5895522388059702
sp_lg_h,ALL,8.09,0.5895522388059702
sp_lg_h,ALL,8.1,0.5895522388059702
sp_lg_h,ALL,8.11,0.5895522388059702
sp_lg_h,ALL,8.120000000000001,0.5895522388059702
sp_lg_h,ALL,8.13,0.5895522388059702
sp_lg_h,ALL,8.14,0.5895522388059702
sp_lg_h,ALL,8.15,0.5895522388059702
sp_lg_h,ALL,8.16,0.5895522388059702
sp_lg_h,ALL,8.17,0.5895522388059702
sp_lg_h,ALL,8.18,0.5895522388059702
sp_lg_h,ALL,8.19,0.5895522388059702
sp_lg_h,ALL,8.2,0.5895522388059702
sp_lg_h,ALL,8.21,0.5895522388059702
sp_lg_h,ALL,8.22,0.5895522388059702
sp_lg_h,ALL,8.23,0.5895522388059702
sp_lg_h,ALL,8.24,0.5895522388059702
sp_lg_h,ALL,8.25,0.5895522388059702
sp_lg_h,ALL,8.26,0.5895522388059702
sp_lg_h,ALL,8.27,0.5895522388059702
sp_lg_h,ALL,8.28,0.5895522388059702
sp_lg_h,ALL,8.290000000000001,0.5895522388059702
sp_lg_h,ALL,8.3,0.5895522388059702
sp_lg_h,ALL,8.31,0.5895522388059702
sp_lg_h,ALL,8.32,0.5895522388059702
sp_lg_h,ALL,8.33,0.5895522388059702
sp_lg_h,ALL,8.34,0.5895522388059702
sp_lg_h,ALL,8.35,0.5895522388059702
sp_lg_h,ALL,8.36,0.5895522388059702
sp_lg_h,ALL,8.370000000000001,0.5895522388059702
sp_lg_h,ALL,8.38,0.5895522388059702
sp_lg_h,ALL,8.39,0.5895522388059702
sp_lg_h,ALL,8.4,0.5895522388059702
sp_lg_h,ALL,8.41,0.5895522388059702
sp_lg_h,ALL,8.42,0.5895522388059702
sp_lg_h,ALL,8.43,0.5895522388059702
sp_lg_h,ALL,8.44,0.5895522388059702
sp_lg_h,ALL,8.45,0.5895522388059702
sp_lg_h,ALL,8.46,0.5895522388059702
sp_lg_h,ALL,8.47,0.5895522388059702
sp_lg_h,ALL,8.48,0.5895522388059702
sp_lg_h,ALL,8.49,0.5970149253731343
sp_lg_h,ALL,8.5,0.5970149253731343
sp_lg_h,ALL,8.51,0.6044776119402985
sp_lg_h,ALL,8.52,0.6044776119402985
sp_lg_h,ALL,8.53,0.6044776119402985
sp_lg_h,ALL,8.540000000000001,0.6044776119402985
sp_lg_h,ALL,8.55,0.6044776119402985
sp_lg_h,ALL,8.56,0.6044776119402985
sp_lg_h,ALL,8.57,0.6044776119402985
sp_lg_h,ALL,8.58,0.6044776119402985
sp_lg_h,ALL,8.59,0.6044776119402985
sp_lg_h,ALL,8.6,0.6044776119402985
sp_lg_h,ALL,8.61,0.6044776119402985
sp_lg_h,ALL,8.620000000000001,0.6044776119402985
sp_lg_h,ALL,8.63,0.6044776119402985
sp_lg_h,ALL,8.64,0.6044776119402985
sp_lg_h,ALL,8.65,0.6119402985074627
sp_lg_h,ALL,8.66,0.6119402985074627
sp_lg_h,ALL,8.67,0.6119402985074627
sp_lg_h,ALL,8.68,0.6119402985074627
sp_lg_h,ALL,8.69,0.6119402985074627
sp_lg_h,ALL,8.700000000000001,0.6119402985074627
sp_lg_h,ALL,8.71,0.6119402985074627
sp_lg_h,ALL,8.72,0.6119402985074627
sp_lg_h,ALL,8.73,0.6119402985074627
sp_lg_h,ALL,8.74,0.6119402985074627
sp_lg_h,ALL,8.75,0.6119402985074627
sp_lg_h,ALL,8.76,0.6119402985074627
sp_lg_h,ALL,8.77,0.6119402985074627
sp_lg_h,ALL,8.78,0.6119402985074627
sp_lg_h,ALL,8.790000000000001,0.6119402985074627
sp_lg_h,ALL,8.8,0.6119402985074627
sp_lg_h,ALL,8.81,0.6119402985074627
sp_lg_h,ALL,8.82,0.6119402985074627
sp_lg_h,ALL,8.83,0.6119402985074627
sp_lg_h,ALL,8.84,0.6119402985074627
sp_lg_h,ALL,8.85,0.6119402985074627
sp_lg_h,ALL,8.86,0.6119402985074627
sp_lg_h,ALL,8.870000000000001,0.6119402985074627
sp_lg_h,ALL,8.88,0.6119402985074627
sp_lg_h,ALL,8.89,0.6119402985074627
sp_lg_h,ALL,8.9,0.6119402985074627
sp_lg_h,ALL,8.91,0.6119402985074627
sp_lg_h,ALL,8.92,0.6119402985074627
sp_lg_h,ALL,8.93,0.6119402985074627
sp_lg_h,ALL,8.94,0.6119402985074627
sp_lg_h,ALL,8.950000000000001,0.6119402985074627
sp_lg_h,ALL,8.96,0.6119402985074627
sp_lg_h,ALL,8.97,0.6119402985074627
sp_lg_h,ALL,8.98,0.6119402985074627
sp_lg_h,ALL,8.99,0.6119402985074627
sp_lg_h,ALL,9.0,0.6119402985074627
sp_lg_h,ALL,9.01,0.6119402985074627
sp_lg_h,ALL,9.02,0.6119402985074627
sp_lg_h,ALL,9.03,0.6119402985074627
sp_lg_h,ALL,9.040000000000001,0.6119402985074627
sp_lg_h,ALL,9.05,0.6119402985074627
sp_lg_h,ALL,9.06,0.6119402985074627
sp_lg_h,ALL,9.07,0.6119402985074627
sp_lg_h,ALL,9.08,0.6119402985074627
sp_lg_h,ALL,9.09,0.6119402985074627
sp_lg_h,ALL,9.1,0.6119402985074627
sp_lg_h,ALL,9.11,0.6119402985074627
sp_lg_h,ALL,9.120000000000001,0.6119402985074627
sp_lg_h,ALL,9.13,0.6119402985074627
sp_lg_h,ALL,9.14,0.6119402985074627
sp_lg_h,ALL,9.15,0.6119402985074627
sp_lg_h,ALL,9.16,0.6119402985074627
sp_lg_h,ALL,9.17,0.6119402985074627
sp_lg_h,ALL,9.18,0.6119402985074627
sp_lg_h,ALL,9.19,0.6119402985074627
sp_lg_h,ALL,9.200000000000001,0.6119402985074627
sp_lg_h,ALL,9.21,0.6119402985074627
sp_lg_h,ALL,9.22,0.6119402985074627
sp_lg_h,ALL,9.23,0.6119402985074627
sp_lg_h,ALL,9.24,0.6119402985074627
sp_lg_h,ALL,9.25,0.6119402985074627
sp_lg_h,ALL,9.26,0.6119402985074627
sp_lg_h,ALL,9.27,0.6119402985074627
sp_lg_h,ALL,9.28,0.6119402985074627
sp_lg_h,ALL,9.290000000000001,0.6119402985074627
sp_lg_h,ALL,9.3,0.6119402985074627
sp_lg_h,ALL,9.31,0.6119402985074627
sp_lg_h,ALL,9.32,0.6119402985074627
sp_lg_h,ALL,9.33,0.6119402985074627
sp_lg_h,ALL,9.34,0.6119402985074627
sp_lg_h,ALL,9.35,0.6119402985074627
sp_lg_h,ALL,9.36,0.6119402985074627
sp_lg_h,ALL,9.370000000000001,0.6119402985074627
sp_lg_h,ALL,9.38,0.6119402985074627
sp_lg_h,ALL,9.39,0.6119402985074627
sp_lg_h,ALL,9.4,0.6119402985074627
sp_lg_h,ALL,9.41,0.6119402985074627
sp_lg_h,ALL,9.42,0.6119402985074627
sp_lg_h,ALL,9.43,0.6119402985074627
sp_lg_h,ALL,9.44,0.6119402985074627
sp_lg_h,ALL,9.450000000000001,0.6119402985074627
sp_lg_h,ALL,9.46,0.6119402985074627
sp_lg_h,ALL,9.47,0.6119402985074627
sp_lg_h,ALL,9.48,0.6119402985074627
sp_lg_h,ALL,9.49,0.6119402985074627
sp_lg_h,ALL,9.5,0.6119402985074627
sp_lg_h,ALL,9.51,0.6119402985074627
sp_lg_h,ALL,9.52,0.6119402985074627
sp_lg_h,ALL,9.53,0.6119402985074627
sp_lg_h,ALL,9.540000000000001,0.6119402985074627
sp_lg_h,ALL,9.55,0.6119402985074627
sp_lg_h,ALL,9.56,0.6119402985074627
sp_lg_h,ALL,9.57,0.6119402985074627
sp_lg_h,ALL,9.58,0.6119402985074627
sp_lg_h,ALL,9.59,0.6119402985074627
sp_lg_h,ALL,9.6,0.6119402985074627
sp_lg_h,ALL,9.61,0.6119402985074627
sp_lg_h,ALL,9.620000000000001,0.6119402985074627
sp_lg_h,ALL,9.63,0.6119402985074627
sp_lg_h,ALL,9.64,0.6119402985074627
sp_lg_h,ALL,9.65,0.6119402985074627
sp_lg_h,ALL,9.66,0.6119402985074627
sp_lg_h,ALL,9.67,0.6119402985074627
sp_lg_h,ALL,9.68,0.6119402985074627
sp_lg_h,ALL,9.69,0.6119402985074627
sp_lg_h,ALL,9.700000000000001,0.6119402985074627
sp_lg_h,ALL,9.71,0.6119402985074627
sp_lg_h,ALL,9.72,0.6119402985074627
sp_lg_h,ALL,9.73,0.6119402985074627
sp_lg_h,ALL,9.74,0.6119402985074627
sp_lg_h,ALL,9.75,0.6119402985074627
sp_lg_h,ALL,9.76,0.6119402985074627
sp_lg_h,ALL,9.77,0.6119402985074627
sp_lg_h,ALL,9.78,0.6119402985074627
sp_lg_h,ALL,9.790000000000001,0.6119402985074627
sp_lg_h,ALL,9.8,0.6119402985074627
sp_lg_h,ALL,9.81,0.6119402985074627
sp_lg_h,ALL,9.82,0.6119402985074627
sp_lg_h,ALL,9.83,0.6119402985074627
sp_lg_h,ALL,9.84,0.6119402985074627
sp_lg_h,ALL,9.85,0.6119402985074627
sp_lg_h,ALL,9.86,0.6119402985074627
sp_lg_h,ALL,9.870000000000001,0.6119402985074627
sp_lg_h,ALL,9.88,0.6119402985074627
sp_lg_h,ALL,9.89,0.6194029850746269
sp_lg_h,ALL,9.9,0.6194029850746269
sp_lg_h,ALL,9.91,0.6194029850746269
sp_lg_h,ALL,9.92,0.6194029850746269
sp_lg_h,ALL,9.93,0.6194029850746269
sp_lg_h,ALL,9.94,0.6194029850746269
sp_lg_h,ALL,9.950000000000001,0.6194029850746269
sp_lg_h,ALL,9.96,0.6194029850746269
sp_lg_h,ALL,9.97,0.6194029850746269
sp_lg_h,ALL,9.98,0.6194029850746269
sp_lg_h,ALL,9.99,0.6194029850746269
sp_lg_h,ALL,10.0,0.6194029850746269
sp_lg_h,ALL,10.01,0.6194029850746269
sp_lg_h,ALL,10.02,0.6194029850746269
sp_lg_h,ALL,10.03,0.6194029850746269
sp_lg_h,ALL,10.040000000000001,0.6194029850746269
sp_lg_h,ALL,10.05,0.6194029850746269
sp_lg_h,ALL,10.06,0.6194029850746269
sp_lg_h,ALL,10.07,0.6194029850746269
sp_lg_h,ALL,10.08,0.6194029850746269
sp_lg_h,ALL,10.09,0.6194029850746269
sp_lg_h,ALL,10.1,0.6194029850746269
sp_lg_h,ALL,10.11,0.6194029850746269
sp_lg_h,ALL,10.120000000000001,0.6194029850746269
sp_lg_h,ALL,10.13,0.6194029850746269
sp_lg_h,ALL,10.14,0.6194029850746269
sp_lg_h,ALL,10.15,0.6194029850746269
sp_lg_h,ALL,10.16,0.6194029850746269
sp_lg_h,ALL,10.17,0.6194029850746269
sp_lg_h,ALL,10.18,0.6194029850746269
sp_lg_h,ALL,10.19,0.6194029850746269
sp_lg_h,ALL,10.200000000000001,0.6194029850746269
sp_lg_h,ALL,10.21,0.6194029850746269
sp_lg_h,ALL,10.22,0.6194029850746269
sp_lg_h,ALL,10.23,0.6194029850746269
sp_lg_h,ALL,10.24,0.6194029850746269
sp_lg_h,ALL,10.25,0.6194029850746269
sp_lg_h,ALL,10.26,0.6194029850746269
sp_lg_h,ALL,10.27,0.6194029850746269
sp_lg_h,ALL,10.28,0.6194029850746269
sp_lg_h,ALL,10.290000000000001,0.6268656716417911
sp_lg_h,ALL,10.3,0.6268656716417911
sp_lg_h,ALL,10.31,0.6268656716417911
sp_lg_h,ALL,10.32,0.6268656716417911
sp_lg_h,ALL,10.33,0.6268656716417911
sp_lg_h,ALL,10.34,0.6268656716417911
sp_lg_h,ALL,10.35,0.6268656716417911
sp_lg_h,ALL,10.36,0.6268656716417911
sp_lg_h,ALL,10.370000000000001,0.6268656716417911
sp_lg_h,ALL,10.38,0.6268656716417911
sp_lg_h,ALL,10.39,0.6268656716417911
sp_lg_h,ALL,10.4,0.6268656716417911
sp_lg_h,ALL,10.41,0.6268656716417911
sp_lg_h,ALL,10.42,0.6268656716417911
sp_lg_h,ALL,10.43,0.6268656716417911
sp_lg_h,ALL,10.44,0.6268656716417911
sp_lg_h,ALL,10.450000000000001,0.6268656716417911
sp_lg_h,ALL,10.46,0.6268656716417911
sp_lg_h,ALL,10.47,0.6268656716417911
sp_lg_h,ALL,10.48,0.6268656716417911
sp_lg_h,ALL,10.49,0.6268656716417911
sp_lg_h,ALL,10.5,0.6268656716417911
sp_lg_h,ALL,10.51,0.6268656716417911
sp_lg_h,ALL,10.52,0.6268656716417911
sp_lg_h,ALL,10.53,0.6268656716417911
sp_lg_h,ALL,10.540000000000001,0.6268656716417911
sp_lg_h,ALL,10.55,0.6268656716417911
sp_lg_h,ALL,10.56,0.6268656716417911
sp_lg_h,ALL,10.57,0.6268656716417911
sp_lg_h,ALL,10.58,0.6268656716417911
sp_lg_h,ALL,10.59,0.6268656716417911
sp_lg_h,ALL,10.6,0.6268656716417911
sp_lg_h,ALL,10.61,0.6268656716417911
sp_lg_h,ALL,10.620000000000001,0.6268656716417911
sp_lg_h,ALL,10.63,0.6268656716417911
sp_lg_h,ALL,10.64,0.6268656716417911
sp_lg_h,ALL,10.65,0.6268656716417911
sp_lg_h,ALL,10.66,0.6268656716417911
sp_lg_h,ALL,10.67,0.6268656716417911
sp_lg_h,ALL,10.68,0.6268656716417911
sp_lg_h,ALL,10.69,0.6268656716417911
sp_lg_h,ALL,10.700000000000001,0.6268656716417911
sp_lg_h,ALL,10.71,0.6268656716417911
sp_lg_h,ALL,10.72,0.6268656716417911
sp_lg_h,ALL,10.73,0.6268656716417911
sp_lg_h,ALL,10.74,0.6268656716417911
sp_lg_h,ALL,10.75,0.6268656716417911
sp_lg_h,ALL,10.76,0.6268656716417911
sp_lg_h,ALL,10.77,0.6268656716417911
sp_lg_h,ALL,10.78,0.6268656716417911
sp_lg_h,ALL,10.790000000000001,0.6268656716417911
sp_lg_h,ALL,10.8,0.6268656716417911
sp_lg_h,ALL,10.81,0.6268656716417911
sp_lg_h,ALL,10.82,0.6268656716417911
sp_lg_h,ALL,10.83,0.6268656716417911
sp_lg_h,ALL,10.84,0.6268656716417911
sp_lg_h,ALL,10.85,0.6268656716417911
sp_lg_h,ALL,10.86,0.6268656716417911
sp_lg_h,ALL,10.870000000000001,0.6268656716417911
sp_lg_h,ALL,10.88,0.6268656716417911
sp_lg_h,ALL,10.89,0.6268656716417911
sp_lg_h,ALL,10.9,0.6268656716417911
sp_lg_h,ALL,10.91,0.6268656716417911
sp_lg_h,ALL,10.92,0.6268656716417911
sp_lg_h,ALL,10.93,0.6268656716417911
sp_lg_h,ALL,10.94,0.6268656716417911
sp_lg_h,ALL,10.950000000000001,0.6268656716417911
sp_lg_h,ALL,10.96,0.6268656716417911
sp_lg_h,ALL,10.97,0.6268656716417911
sp_lg_h,ALL,10.98,0.6268656716417911
sp_lg_h,ALL,10.99,0.6268656716417911
sp_lg_h,ALL,11.0,0.6268656716417911
sp_lg_h,ALL,11.01,0.6268656716417911
sp_lg_h,ALL,11.02,0.6268656716417911
sp_lg_h,ALL,11.03,0.6268656716417911
sp_lg_h,ALL,11.040000000000001,0.6268656716417911
sp_lg_h,ALL,11.05,0.6268656716417911
sp_lg_h,ALL,11.06,0.6268656716417911
sp_lg_h,ALL,11.07,0.6268656716417911
sp_lg_h,ALL,11.08,0.6268656716417911
sp_lg_h,ALL,11.09,0.6268656716417911
sp_lg_h,ALL,11.1,0.6268656716417911
sp_lg_h,ALL,11.11,0.6268656716417911
sp_lg_h,ALL,11.120000000000001,0.6268656716417911
sp_lg_h,ALL,11.13,0.6268656716417911
sp_lg_h,ALL,11.14,0.6268656716417911
sp_lg_h,ALL,11.15,0.6268656716417911
sp_lg_h,ALL,11.16,0.6268656716417911
sp_lg_h,ALL,11.17,0.6268656716417911
sp_lg_h,ALL,11.18,0.6268656716417911
sp_lg_h,ALL,11.19,0.6268656716417911
sp_lg_h,ALL,11.200000000000001,0.6268656716417911
sp_lg_h,ALL,11.21,0.6268656716417911
sp_lg_h,ALL,11.22,0.6268656716417911
sp_lg_h,ALL,11.23,0.6268656716417911
sp_lg_h,ALL,11.24,0.6268656716417911
sp_lg_h,ALL,11.25,0.6268656716417911
sp_lg_h,ALL,11.26,0.6268656716417911
sp_lg_h,ALL,11.27,0.6268656716417911
sp_lg_h,ALL,11.28,0.6268656716417911
sp_lg_h,ALL,11.290000000000001,0.6268656716417911
sp_lg_h,ALL,11.3,0.6268656716417911
sp_lg_h,ALL,11.31,0.6268656716417911
sp_lg_h,ALL,11.32,0.6343283582089553
sp_lg_h,ALL,11.33,0.6343283582089553
sp_lg_h,ALL,11.34,0.6343283582089553
sp_lg_h,ALL,11.35,0.6343283582089553
sp_lg_h,ALL,11.36,0.6343283582089553
sp_lg_h,ALL,11.370000000000001,0.6343283582089553
sp_lg_h,ALL,11.38,0.6343283582089553
sp_lg_h,ALL,11.39,0.6343283582089553
sp_lg_h,ALL,11.4,0.6343283582089553
sp_lg_h,ALL,11.41,0.6343283582089553
sp_lg_h,ALL,11.42,0.6343283582089553
sp_lg_h,ALL,11.43,0.6343283582089553
sp_lg_h,ALL,11.44,0.6343283582089553
sp_lg_h,ALL,11.450000000000001,0.6343283582089553
sp_lg_h,ALL,11.46,0.6343283582089553
sp_lg_h,ALL,11.47,0.6343283582089553
sp_lg_h,ALL,11.48,0.6417910447761194
sp_lg_h,ALL,11.49,0.6417910447761194
sp_lg_h,ALL,11.5,0.6417910447761194
sp_lg_h,ALL,11.51,0.6417910447761194
sp_lg_h,ALL,11.52,0.6417910447761194
sp_lg_h,ALL,11.53,0.6492537313432836
sp_lg_h,ALL,11.540000000000001,0.6492537313432836
sp_lg_h,ALL,11.55,0.6492537313432836
sp_lg_h,ALL,11.56,0.6492537313432836
sp_lg_h,ALL,11.57,0.6492537313432836
sp_lg_h,ALL,11.58,0.6492537313432836
sp_lg_h,ALL,11.59,0.6492537313432836
sp_lg_h,ALL,11.6,0.6492537313432836
sp_lg_h,ALL,11.61,0.6492537313432836
sp_lg_h,ALL,11.620000000000001,0.6492537313432836
sp_lg_h,ALL,11.63,0.6492537313432836
sp_lg_h,ALL,11.64,0.6492537313432836
sp_lg_h,ALL,11.65,0.6492537313432836
sp_lg_h,ALL,11.66,0.6492537313432836
sp_lg_h,ALL,11.67,0.6492537313432836
sp_lg_h,ALL,11.68,0.6492537313432836
sp_lg_h,ALL,11.69,0.6492537313432836
sp_lg_h,ALL,11.700000000000001,0.6492537313432836
sp_lg_h,ALL,11.71,0.6492537313432836
sp_lg_h,ALL,11.72,0.6492537313432836
sp_lg_h,ALL,11.73,0.6492537313432836
sp_lg_h,ALL,11.74,0.6492537313432836
sp_lg_h,ALL,11.75,0.6492537313432836
sp_lg_h,ALL,11.76,0.6492537313432836
sp_lg_h,ALL,11.77,0.6492537313432836
sp_lg_h,ALL,11.78,0.6492537313432836
sp_lg_h,ALL,11.790000000000001,0.6492537313432836
sp_lg_h,ALL,11.8,0.6492537313432836
sp_lg_h,ALL,11.81,0.6492537313432836
sp_lg_h,ALL,11.82,0.6492537313432836
sp_lg_h,ALL,11.83,0.6492537313432836
sp_lg_h,ALL,11.84,0.6567164179104478
sp_lg_h,ALL,11.85,0.6567164179104478
sp_lg_h,ALL,11.86,0.6567164179104478
sp_lg_h,ALL,11.870000000000001,0.6567164179104478
sp_lg_h,ALL,11.88,0.6567164179104478
sp_lg_h,ALL,11.89,0.6567164179104478
sp_lg_h,ALL,11.9,0.6716417910447762
sp_lg_h,ALL,11.91,0.6716417910447762
sp_lg_h,ALL,11.92,0.6716417910447762
sp_lg_h,ALL,11.93,0.6716417910447762
sp_lg_h,ALL,11.94,0.6716417910447762
sp_lg_h,ALL,11.950000000000001,0.6716417910447762
sp_lg_h,ALL,11.96,0.6716417910447762
sp_lg_h,ALL,11.97,0.6716417910447762
sp_lg_h,ALL,11.98,0.6716417910447762
sp_lg_h,ALL,11.99,0.6716417910447762
sp_lg_h,ALL,12.0,0.6716417910447762
sp_lg_h,ALL,12.01,0.6716417910447762
sp_lg_h,ALL,12.02,0.6716417910447762
sp_lg_h,ALL,12.030000000000001,0.6716417910447762
sp_lg_h,ALL,12.040000000000001,0.6716417910447762
sp_lg_h,ALL,12.05,0.6716417910447762
sp_lg_h,ALL,12.06,0.6716417910447762
sp_lg_h,ALL,12.07,0.6716417910447762
sp_lg_h,ALL,12.08,0.6716417910447762
sp_lg_h,ALL,12.09,0.6716417910447762
sp_lg_h,ALL,12.1,0.6716417910447762
sp_lg_h,ALL,12.11,0.6791044776119403
sp_lg_h,ALL,12.120000000000001,0.6791044776119403
sp_lg_h,ALL,12.13,0.6791044776119403
sp_lg_h,ALL,12.14,0.6791044776119403
sp_lg_h,ALL,12.15,0.6791044776119403
sp_lg_h,ALL,12.16,0.6791044776119403
sp_lg_h,ALL,12.17,0.6791044776119403
sp_lg_h,ALL,12.18,0.6865671641791045
sp_lg_h,ALL,12.19,0.6865671641791045
sp_lg_h,ALL,12.200000000000001,0.6865671641791045
sp_lg_h,ALL,12.21,0.6865671641791045
sp_lg_h,ALL,12.22,0.6865671641791045
sp_lg_h,ALL,12.23,0.6865671641791045
sp_lg_h,ALL,12.24,0.6865671641791045
sp_lg_h,ALL,12.25,0.6865671641791045
sp_lg_h,ALL,12.26,0.6865671641791045
sp_lg_h,ALL,12.27,0.6865671641791045
sp_lg_h,ALL,12.280000000000001,0.6865671641791045
sp_lg_h,ALL,12.290000000000001,0.6865671641791045
sp_lg_h,ALL,12.3,0.6865671641791045
sp_lg_h,ALL,12.31,0.6865671641791045
sp_lg_h,ALL,12.32,0.6865671641791045
sp_lg_h,ALL,12.33,0.6865671641791045
sp_lg_h,ALL,12.34,0.6865671641791045
sp_lg_h,ALL,12.35,0.6865671641791045
sp_lg_h,ALL,12.36,0.6865671641791045
sp_lg_h,ALL,12.370000000000001,0.6865671641791045
sp_lg_h,ALL,12.38,0.6865671641791045
sp_lg_h,ALL,12.39,0.6865671641791045
sp_lg_h,ALL,12.4,0.6865671641791045
sp_lg_h,ALL,12.41,0.6865671641791045
sp_lg_h,ALL,12.42,0.6865671641791045
sp_lg_h,ALL,12.43,0.6865671641791045
sp_lg_h,ALL,12.44,0.6865671641791045
sp_lg_h,ALL,12.450000000000001,0.6865671641791045
sp_lg_h,ALL,12.46,0.6865671641791045
sp_lg_h,ALL,12.47,0.6865671641791045
sp_lg_h,ALL,12.48,0.6865671641791045
sp_lg_h,ALL,12.49,0.6865671641791045
sp_lg_h,ALL,12.5,0.6865671641791045
sp_lg_h,ALL,12.51,0.6940298507462687
sp_lg_h,ALL,12.52,0.6940298507462687
sp_lg_h,ALL,12.530000000000001,0.6940298507462687
sp_lg_h,ALL,12.540000000000001,0.6940298507462687
sp_lg_h,ALL,12.55,0.6940298507462687
sp_lg_h,ALL,12.56,0.6940298507462687
sp_lg_h,ALL,12.57,0.6940298507462687
sp_lg_h,ALL,12.58,0.6940298507462687
sp_lg_h,ALL,12.59,0.6940298507462687
sp_lg_h,ALL,12.6,0.6940298507462687
sp_lg_h,ALL,12.61,0.6940298507462687
sp_lg_h,ALL,12.620000000000001,0.6940298507462687
sp_lg_h,ALL,12.63,0.6940298507462687
sp_lg_h,ALL,12.64,0.6940298507462687
sp_lg_h,ALL,12.65,0.6940298507462687
sp_lg_h,ALL,12.66,0.6940298507462687
sp_lg_h,ALL,12.67,0.6940298507462687
sp_lg_h,ALL,12.68,0.6940298507462687
sp_lg_h,ALL,12.69,0.6940298507462687
sp_lg_h,ALL,12.700000000000001,0.6940298507462687
sp_lg_h,ALL,12.71,0.6940298507462687
sp_lg_h,ALL,12.72,0.6940298507462687
sp_lg_h,ALL,12.73,0.6940298507462687
sp_lg_h,ALL,12.74,0.6940298507462687
sp_lg_h,ALL,12.75,0.6940298507462687
sp_lg_h,ALL,12.76,0.6940298507462687
sp_lg_h,ALL,12.77,0.6940298507462687
sp_lg_h,ALL,12.780000000000001,0.6940298507462687
sp_lg_h,ALL,12.790000000000001,0.6940298507462687
sp_lg_h,ALL,12.8,0.6940298507462687
sp_lg_h,ALL,12.81,0.6940298507462687
sp_lg_h,ALL,12.82,0.6940298507462687
sp_lg_h,ALL,12.83,0.6940298507462687
sp_lg_h,ALL,12.84,0.6940298507462687
sp_lg_h,ALL,12.85,0.6940298507462687
sp_lg_h,ALL,12.86,0.6940298507462687
sp_lg_h,ALL,12.870000000000001,0.6940298507462687
sp_lg_h,ALL,12.88,0.6940298507462687
sp_lg_h,ALL,12.89,0.6940298507462687
sp_lg_h,ALL,12.9,0.6940298507462687
sp_lg_h,ALL,12.91,0.6940298507462687
sp_lg_h,ALL,12.92,0.6940298507462687
sp_lg_h,ALL,12.93,0.6940298507462687
sp_lg_h,ALL,12.94,0.6940298507462687
sp_lg_h,ALL,12.950000000000001,0.6940298507462687
sp_lg_h,ALL,12.96,0.6940298507462687
sp_lg_h,ALL,12.97,0.6940298507462687
sp_lg_h,ALL,12.98,0.6940298507462687
sp_lg_h,ALL,12.99,0.6940298507462687
sp_lg_h,ALL,13.0,0.6940298507462687
sp_lg_h,ALL,13.01,0.6940298507462687
sp_lg_h,ALL,13.02,0.6940298507462687
sp_lg_h,ALL,13.030000000000001,0.6940298507462687
sp_lg_h,ALL,13.040000000000001,0.6940298507462687
sp_lg_h,ALL,13.05,0.6940298507462687
sp_lg_h,ALL,13.06,0.6940298507462687
sp_lg_h,ALL,13.07,0.7014925373134329
sp_lg_h,ALL,13.08,0.7014925373134329
sp_lg_h,ALL,13.09,0.7014925373134329
sp_lg_h,ALL,13.1,0.7014925373134329
sp_lg_h,ALL,13.11,0.7014925373134329
sp_lg_h,ALL,13.120000000000001,0.7014925373134329
sp_lg_h,ALL,13.13,0.7014925373134329
sp_lg_h,ALL,13.14,0.7014925373134329
sp_lg_h,ALL,13.15,0.7014925373134329
sp_lg_h,ALL,13.16,0.7014925373134329
sp_lg_h,ALL,13.17,0.7014925373134329
sp_lg_h,ALL,13.18,0.7014925373134329
sp_lg_h,ALL,13.19,0.7014925373134329
sp_lg_h,ALL,13.200000000000001,0.7014925373134329
sp_lg_h,ALL,13.21,0.7014925373134329
sp_lg_h,ALL,13.22,0.7014925373134329
sp_lg_h,ALL,13.23,0.7014925373134329
sp_lg_h,ALL,13.24,0.7014925373134329
sp_lg_h,ALL,13.25,0.7014925373134329
sp_lg_h,ALL,13.26,0.7014925373134329
sp_lg_h,ALL,13.27,0.7014925373134329
sp_lg_h,ALL,13.280000000000001,0.7014925373134329
sp_lg_h,ALL,13.290000000000001,0.7014925373134329
sp_lg_h,ALL,13.3,0.7014925373134329
sp_lg_h,ALL,13.31,0.7014925373134329
sp_lg_h,ALL,13.32,0.7014925373134329
sp_lg_h,ALL,13.33,0.7014925373134329
sp_lg_h,ALL,13.34,0.7014925373134329
sp_lg_h,ALL,13.35,0.7014925373134329
sp_lg_h,ALL,13.36,0.7014925373134329
sp_lg_h,ALL,13.370000000000001,0.7014925373134329
sp_lg_h,ALL,13.38,0.7014925373134329
sp_lg_h,ALL,13.39,0.7014925373134329
sp_lg_h,ALL,13.4,0.7014925373134329
sp_lg_h,ALL,13.41,0.7014925373134329
sp_lg_h,ALL,13.42,0.7014925373134329
sp_lg_h,ALL,13.43,0.7014925373134329
sp_lg_h,ALL,13.44,0.7014925373134329
sp_lg_h,ALL,13.450000000000001,0.7014925373134329
sp_lg_h,ALL,13.46,0.7014925373134329
sp_lg_h,ALL,13.47,0.7014925373134329
sp_lg_h,ALL,13.48,0.7014925373134329
sp_lg_h,ALL,13.49,0.7014925373134329
sp_lg_h,ALL,13.5,0.7014925373134329
sp_lg_h,ALL,13.51,0.7014925373134329
sp_lg_h,ALL,13.52,0.7014925373134329
sp_lg_h,ALL,13.530000000000001,0.7014925373134329
sp_lg_h,ALL,13.540000000000001,0.7014925373134329
sp_lg_h,ALL,13.55,0.7014925373134329
sp_lg_h,ALL,13.56,0.7014925373134329
sp_lg_h,ALL,13.57,0.7014925373134329
sp_lg_h,ALL,13.58,0.7014925373134329
sp_lg_h,ALL,13.59,0.7014925373134329
sp_lg_h,ALL,13.6,0.7014925373134329
sp_lg_h,ALL,13.61,0.7014925373134329
sp_lg_h,ALL,13.620000000000001,0.7014925373134329
sp_lg_h,ALL,13.63,0.7014925373134329
sp_lg_h,ALL,13.64,0.7014925373134329
sp_lg_h,ALL,13.65,0.7014925373134329
sp_lg_h,ALL,13.66,0.7014925373134329
sp_lg_h,ALL,13.67,0.7014925373134329
sp_lg_h,ALL,13.68,0.7014925373134329
sp_lg_h,ALL,13.69,0.7014925373134329
sp_lg_h,ALL,13.700000000000001,0.7014925373134329
sp_lg_h,ALL,13.71,0.7014925373134329
sp_lg_h,ALL,13.72,0.7014925373134329
sp_lg_h,ALL,13.73,0.7014925373134329
sp_lg_h,ALL,13.74,0.7014925373134329
sp_lg_h,ALL,13.75,0.7014925373134329
sp_lg_h,ALL,13.76,0.7014925373134329
sp_lg_h,ALL,13.77,0.7014925373134329
sp_lg_h,ALL,13.780000000000001,0.7014925373134329
sp_lg_h,ALL,13.790000000000001,0.7014925373134329
sp_lg_h,ALL,13.8,0.7014925373134329
sp_lg_h,ALL,13.81,0.7014925373134329
sp_lg_h,ALL,13.82,0.7014925373134329
sp_lg_h,ALL,13.83,0.7014925373134329
sp_lg_h,ALL,13.84,0.7014925373134329
sp_lg_h,ALL,13.85,0.7014925373134329
sp_lg_h,ALL,13.86,0.7014925373134329
sp_lg_h,ALL,13.870000000000001,0.7014925373134329
sp_lg_h,ALL,13.88,0.7014925373134329
sp_lg_h,ALL,13.89,0.7014925373134329
sp_lg_h,ALL,13.9,0.7014925373134329
sp_lg_h,ALL,13.91,0.7014925373134329
sp_lg_h,ALL,13.92,0.7014925373134329
sp_lg_h,ALL,13.93,0.7014925373134329
sp_lg_h,ALL,13.94,0.7014925373134329
sp_lg_h,ALL,13.950000000000001,0.7014925373134329
sp_lg_h,ALL,13.96,0.7014925373134329
sp_lg_h,ALL,13.97,0.7014925373134329
sp_lg_h,ALL,13.98,0.7014925373134329
sp_lg_h,ALL,13.99,0.7014925373134329
sp_lg_h,ALL,14.0,0.7014925373134329
sp_lg_h,ALL,14.01,0.7014925373134329
sp_lg_h,ALL,14.02,0.7014925373134329
sp_lg_h,ALL,14.030000000000001,0.7089552238805971
sp_lg_h,ALL,14.040000000000001,0.7089552238805971
sp_lg_h,ALL,14.05,0.7089552238805971
sp_lg_h,ALL,14.06,0.7089552238805971
sp_lg_h,ALL,14.07,0.7089552238805971
sp_lg_h,ALL,14.08,0.7089552238805971
sp_lg_h,ALL,14.09,0.7089552238805971
sp_lg_h,ALL,14.1,0.7089552238805971
sp_lg_h,ALL,14.11,0.7089552238805971
sp_lg_h,ALL,14.120000000000001,0.7089552238805971
sp_lg_h,ALL,14.13,0.7089552238805971
sp_lg_h,ALL,14.14,0.7089552238805971
sp_lg_h,ALL,14.15,0.7089552238805971
sp_lg_h,ALL,14.16,0.7089552238805971
sp_lg_h,ALL,14.17,0.7089552238805971
sp_lg_h,ALL,14.18,0.7164179104477612
sp_lg_h,ALL,14.19,0.7164179104477612
sp_lg_h,ALL,14.200000000000001,0.7164179104477612
sp_lg_h,ALL,14.21,0.7164179104477612
sp_lg_h,ALL,14.22,0.7238805970149254
sp_lg_h,ALL,14.23,0.7238805970149254
sp_lg_h,ALL,14.24,0.7238805970149254
sp_lg_h,ALL,14.25,0.7238805970149254
sp_lg_h,ALL,14.26,0.7238805970149254
sp_lg_h,ALL,14.27,0.7238805970149254
sp_lg_h,ALL,14.280000000000001,0.7238805970149254
sp_lg_h,ALL,14.290000000000001,0.7238805970149254
sp_lg_h,ALL,14.3,0.7238805970149254
sp_lg_h,ALL,14.31,0.7238805970149254
sp_lg_h,ALL,14.32,0.7238805970149254
sp_lg_h,ALL,14.33,0.7238805970149254
sp_lg_h,ALL,14.34,0.7238805970149254
sp_lg_h,ALL,14.35,0.7238805970149254
sp_lg_h,ALL,14.36,0.7238805970149254
sp_lg_h,ALL,14.370000000000001,0.7238805970149254
sp_lg_h,ALL,14.38,0.7238805970149254
sp_lg_h,ALL,14.39,0.7238805970149254
sp_lg_h,ALL,14.4,0.7238805970149254
sp_lg_h,ALL,14.41,0.7238805970149254
sp_lg_h,ALL,14.42,0.7238805970149254
sp_lg_h,ALL,14.43,0.7238805970149254
sp_lg_h,ALL,14.44,0.7238805970149254
sp_lg_h,ALL,14.450000000000001,0.7238805970149254
sp_lg_h,ALL,14.46,0.7238805970149254
sp_lg_h,ALL,14.47,0.7238805970149254
sp_lg_h,ALL,14.48,0.7238805970149254
sp_lg_h,ALL,14.49,0.7238805970149254
sp_lg_h,ALL,14.5,0.7238805970149254
sp_lg_h,ALL,14.51,0.7238805970149254
sp_lg_h,ALL,14.52,0.7238805970149254
sp_lg_h,ALL,14.530000000000001,0.7238805970149254
sp_lg_h,ALL,14.540000000000001,0.7238805970149254
sp_lg_h,ALL,14.55,0.7238805970149254
sp_lg_h,ALL,14.56,0.7238805970149254
sp_lg_h,ALL,14.57,0.7238805970149254
sp_lg_h,ALL,14.58,0.7238805970149254
sp_lg_h,ALL,14.59,0.7238805970149254
sp_lg_h,ALL,14.6,0.7238805970149254
sp_lg_h,ALL,14.61,0.7238805970149254
sp_lg_h,ALL,14.620000000000001,0.7238805970149254
sp_lg_h,ALL,14.63,0.7238805970149254
sp_lg_h,ALL,14.64,0.7238805970149254
sp_lg_h,ALL,14.65,0.7238805970149254
sp_lg_h,ALL,14.66,0.7238805970149254
sp_lg_h,ALL,14.67,0.7238805970149254
sp_lg_h,ALL,14.68,0.7238805970149254
sp_lg_h,ALL,14.69,0.7238805970149254
sp_lg_h,ALL,14.700000000000001,0.7238805970149254
sp_lg_h,ALL,14.71,0.7238805970149254
sp_lg_h,ALL,14.72,0.7238805970149254
sp_lg_h,ALL,14.73,0.7238805970149254
sp_lg_h,ALL,14.74,0.7238805970149254
sp_lg_h,ALL,14.75,0.7238805970149254
sp_lg_h,ALL,14.76,0.7238805970149254
sp_lg_h,ALL,14.77,0.7238805970149254
sp_lg_h,ALL,14.780000000000001,0.7238805970149254
sp_lg_h,ALL,14.790000000000001,0.7238805970149254
sp_lg_h,ALL,14.8,0.7238805970149254
sp_lg_h,ALL,14.81,0.7238805970149254
sp_lg_h,ALL,14.82,0.7238805970149254
sp_lg_h,ALL,14.83,0.7238805970149254
sp_lg_h,ALL,14.84,0.7238805970149254
sp_lg_h,ALL,14.85,0.7238805970149254
sp_lg_h,ALL,14.86,0.7238805970149254
sp_lg_h,ALL,14.870000000000001,0.7238805970149254
sp_lg_h,ALL,14.88,0.7238805970149254
sp_lg_h,ALL,14.89,0.7238805970149254
sp_lg_h,ALL,14.9,0.7238805970149254
sp_lg_h,ALL,14.91,0.7238805970149254
sp_lg_h,ALL,14.92,0.7238805970149254
sp_lg_h,ALL,14.93,0.7238805970149254
sp_lg_h,ALL,14.94,0.7238805970149254
sp_lg_h,ALL,14.950000000000001,0.7238805970149254
sp_lg_h,ALL,14.96,0.7238805970149254
sp_lg_h,ALL,14.97,0.7238805970149254
sp_lg_h,ALL,14.98,0.7238805970149254
sp_lg_h,ALL,14.99,0.7238805970149254
sp_lg_h,ALL,15.0,0.7238805970149254
sp_lg_h,ALL,15.01,0.7238805970149254
sp_lg_h,ALL,15.02,0.7238805970149254
sp_lg_h,ALL,15.030000000000001,0.7238805970149254
sp_lg_h,ALL,15.040000000000001,0.7238805970149254
sp_lg_h,ALL,15.05,0.7238805970149254
sp_lg_h,ALL,15.06,0.7238805970149254
sp_lg_h,ALL,15.07,0.7238805970149254
sp_lg_h,ALL,15.08,0.7238805970149254
sp_lg_h,ALL,15.09,0.7238805970149254
sp_lg_h,ALL,15.1,0.7238805970149254
sp_lg_h,ALL,15.11,0.7238805970149254
sp_lg_h,ALL,15.120000000000001,0.7238805970149254
sp_lg_h,ALL,15.13,0.7238805970149254
sp_lg_h,ALL,15.14,0.7238805970149254
sp_lg_h,ALL,15.15,0.7238805970149254
sp_lg_h,ALL,15.16,0.7238805970149254
sp_lg_h,ALL,15.17,0.7238805970149254
sp_lg_h,ALL,15.18,0.7238805970149254
sp_lg_h,ALL,15.19,0.7238805970149254
sp_lg_h,ALL,15.200000000000001,0.7238805970149254
sp_lg_h,ALL,15.21,0.7238805970149254
sp_lg_h,ALL,15.22,0.7238805970149254
sp_lg_h,ALL,15.23,0.7238805970149254
sp_lg_h,ALL,15.24,0.7238805970149254
sp_lg_h,ALL,15.25,0.7238805970149254
sp_lg_h,ALL,15.26,0.7238805970149254
sp_lg_h,ALL,15.27,0.7238805970149254
sp_lg_h,ALL,15.280000000000001,0.7238805970149254
sp_lg_h,ALL,15.290000000000001,0.7238805970149254
sp_lg_h,ALL,15.3,0.7238805970149254
sp_lg_h,ALL,15.31,0.7238805970149254
sp_lg_h,ALL,15.32,0.7238805970149254
sp_lg_h,ALL,15.33,0.7238805970149254
sp_lg_h,ALL,15.34,0.7238805970149254
sp_lg_h,ALL,15.35,0.7238805970149254
sp_lg_h,ALL,15.36,0.7238805970149254
sp_lg_h,ALL,15.370000000000001,0.7238805970149254
sp_lg_h,ALL,15.38,0.7238805970149254
sp_lg_h,ALL,15.39,0.7238805970149254
sp_lg_h,ALL,15.4,0.7238805970149254
sp_lg_h,ALL,15.41,0.7238805970149254
sp_lg_h,ALL,15.42,0.7238805970149254
sp_lg_h,ALL,15.43,0.7238805970149254
sp_lg_h,ALL,15.44,0.7238805970149254
sp_lg_h,ALL,15.450000000000001,0.7238805970149254
sp_lg_h,ALL,15.46,0.7238805970149254
sp_lg_h,ALL,15.47,0.7238805970149254
sp_lg_h,ALL,15.48,0.7238805970149254
sp_lg_h,ALL,15.49,0.7238805970149254
sp_lg_h,ALL,15.5,0.7238805970149254
sp_lg_h,ALL,15.51,0.7238805970149254
sp_lg_h,ALL,15.52,0.7238805970149254
sp_lg_h,ALL,15.530000000000001,0.7238805970149254
sp_lg_h,ALL,15.540000000000001,0.7238805970149254
sp_lg_h,ALL,15.55,0.7238805970149254
sp_lg_h,ALL,15.56,0.7238805970149254
sp_lg_h,ALL,15.57,0.7238805970149254
sp_lg_h,ALL,15.58,0.7238805970149254
sp_lg_h,ALL,15.59,0.7238805970149254
sp_lg_h,ALL,15.6,0.7238805970149254
sp_lg_h,ALL,15.610000000000001,0.7238805970149254
sp_lg_h,ALL,15.620000000000001,0.7238805970149254
sp_lg_h,ALL,15.63,0.7238805970149254
sp_lg_h,ALL,15.64,0.7238805970149254
sp_lg_h,ALL,15.65,0.7238805970149254
sp_lg_h,ALL,15.66,0.7238805970149254
sp_lg_h,ALL,15.67,0.7238805970149254
sp_lg_h,ALL,15.68,0.7313432835820896
sp_lg_h,ALL,15.69,0.7313432835820896
sp_lg_h,ALL,15.700000000000001,0.7313432835820896
sp_lg_h,ALL,15.71,0.7313432835820896
sp_lg_h,ALL,15.72,0.7313432835820896
sp_lg_h,ALL,15.73,0.7313432835820896
sp_lg_h,ALL,15.74,0.7313432835820896
sp_lg_h,ALL,15.75,0.7313432835820896
sp_lg_h,ALL,15.76,0.7313432835820896
sp_lg_h,ALL,15.77,0.7313432835820896
sp_lg_h,ALL,15.780000000000001,0.7313432835820896
sp_lg_h,ALL,15.790000000000001,0.7313432835820896
sp_lg_h,ALL,15.8,0.7313432835820896
sp_lg_h,ALL,15.81,0.7313432835820896
sp_lg_h,ALL,15.82,0.7313432835820896
sp_lg_h,ALL,15.83,0.7313432835820896
sp_lg_h,ALL,15.84,0.7313432835820896
sp_lg_h,ALL,15.85,0.7313432835820896
sp_lg_h,ALL,15.860000000000001,0.7313432835820896
sp_lg_h,ALL,15.870000000000001,0.7313432835820896
sp_lg_h,ALL,15.88,0.7313432835820896
sp_lg_h,ALL,15.89,0.7313432835820896
sp_lg_h,ALL,15.9,0.7313432835820896
sp_lg_h,ALL,15.91,0.7313432835820896
sp_lg_h,ALL,15.92,0.7388059701492538
sp_lg_h,ALL,15.93,0.7388059701492538
sp_lg_h,ALL,15.94,0.7388059701492538
sp_lg_h,ALL,15.950000000000001,0.7388059701492538
sp_lg_h,ALL,15.96,0.7388059701492538
sp_lg_h,ALL,15.97,0.7388059701492538
sp_lg_h,ALL,15.98,0.7388059701492538
sp_lg_h,ALL,15.99,0.7388059701492538
sp_lg_h,ALL,16.0,0.7388059701492538
sp_lg_h,ALL,16.01,0.7388059701492538
sp_lg_h,ALL,16.02,0.7388059701492538
sp_lg_h,ALL,16.03,0.7388059701492538
sp_lg_h,ALL,16.04,0.7388059701492538
sp_lg_h,ALL,16.05,0.746268656716418
sp_lg_h,ALL,16.06,0.746268656716418
sp_lg_h,ALL,16.07,0.753731343283582
sp_lg_h,ALL,16.080000000000002,0.753731343283582
sp_lg_h,ALL,16.09,0.753731343283582
sp_lg_h,ALL,16.1,0.753731343283582
sp_lg_h,ALL,16.11,0.753731343283582
sp_lg_h,ALL,16.12,0.753731343283582
sp_lg_h,ALL,16.13,0.753731343283582
sp_lg_h,ALL,16.14,0.753731343283582
sp_lg_h,ALL,16.15,0.753731343283582
sp_lg_h,ALL,16.16,0.753731343283582
sp_lg_h,ALL,16.17,0.753731343283582
sp_lg_h,ALL,16.18,0.753731343283582
sp_lg_h,ALL,16.19,0.753731343283582
sp_lg_h,ALL,16.2,0.753731343283582
sp_lg_h,ALL,16.21,0.753731343283582
sp_lg_h,ALL,16.22,0.753731343283582
sp_lg_h,ALL,16.23,0.753731343283582
sp_lg_h,ALL,16.240000000000002,0.753731343283582
sp_lg_h,ALL,16.25,0.753731343283582
sp_lg_h,ALL,16.26,0.753731343283582
sp_lg_h,ALL,16.27,0.753731343283582
sp_lg_h,ALL,16.28,0.753731343283582
sp_lg_h,ALL,16.29,0.753731343283582
sp_lg_h,ALL,16.3,0.753731343283582
sp_lg_h,ALL,16.31,0.753731343283582
sp_lg_h,ALL,16.32,0.753731343283582
sp_lg_h,ALL,16.330000000000002,0.753731343283582
sp_lg_h,ALL,16.34,0.753731343283582
sp_lg_h,ALL,16.35,0.753731343283582
sp_lg_h,ALL,16.36,0.753731343283582
sp_lg_h,ALL,16.37,0.753731343283582
sp_lg_h,ALL,16.38,0.753731343283582
sp_lg_h,ALL,16.39,0.753731343283582
sp_lg_h,ALL,16.4,0.753731343283582
sp_lg_h,ALL,16.41,0.753731343283582
sp_lg_h,ALL,16.42,0.753731343283582
sp_lg_h,ALL,16.43,0.753731343283582
sp_lg_h,ALL,16.44,0.753731343283582
sp_lg_h,ALL,16.45,0.753731343283582
sp_lg_h,ALL,16.46,0.753731343283582
sp_lg_h,ALL,16.47,0.753731343283582
sp_lg_h,ALL,16.48,0.753731343283582
sp_lg_h,ALL,16.490000000000002,0.753731343283582
sp_lg_h,ALL,16.5,0.753731343283582
sp_lg_h,ALL,16.51,0.753731343283582
sp_lg_h,ALL,16.52,0.753731343283582
sp_lg_h,ALL,16.53,0.753731343283582
sp_lg_h,ALL,16.54,0.753731343283582
sp_lg_h,ALL,16.55,0.753731343283582
sp_lg_h,ALL,16.56,0.753731343283582
sp_lg_h,ALL,16.57,0.753731343283582
sp_lg_h,ALL,16.580000000000002,0.753731343283582
sp_lg_h,ALL,16.59,0.7611940298507462
sp_lg_h,ALL,16.6,0.7611940298507462
sp_lg_h,ALL,16.61,0.7611940298507462
sp_lg_h,ALL,16.62,0.7611940298507462
sp_lg_h,ALL,16.63,0.7611940298507462
sp_lg_h,ALL,16.64,0.7611940298507462
sp_lg_h,ALL,16.65,0.7611940298507462
sp_lg_h,ALL,16.66,0.7611940298507462
sp_lg_h,ALL,16.67,0.7611940298507462
sp_lg_h,ALL,16.68,0.7611940298507462
sp_lg_h,ALL,16.69,0.7611940298507462
sp_lg_h,ALL,16.7,0.7611940298507462
sp_lg_h,ALL,16.71,0.7611940298507462
sp_lg_h,ALL,16.72,0.7611940298507462
sp_lg_h,ALL,16.73,0.7611940298507462
sp_lg_h,ALL,16.740000000000002,0.7611940298507462
sp_lg_h,ALL,16.75,0.7611940298507462
sp_lg_h,ALL,16.76,0.7611940298507462
sp_lg_h,ALL,16.77,0.7611940298507462
sp_lg_h,ALL,16.78,0.7611940298507462
sp_lg_h,ALL,16.79,0.7611940298507462
sp_lg_h,ALL,16.8,0.7611940298507462
sp_lg_h,ALL,16.81,0.7611940298507462
sp_lg_h,ALL,16.82,0.7611940298507462
sp_lg_h,ALL,16.830000000000002,0.7611940298507462
sp_lg_h,ALL,16.84,0.7611940298507462
sp_lg_h,ALL,16.85,0.7611940298507462
sp_lg_h,ALL,16.86,0.7611940298507462
sp_lg_h,ALL,16.87,0.7611940298507462
sp_lg_h,ALL,16.88,0.7611940298507462
sp_lg_h,ALL,16.89,0.7611940298507462
sp_lg_h,ALL,16.9,0.7611940298507462
sp_lg_h,ALL,16.91,0.7611940298507462
sp_lg_h,ALL,16.92,0.7611940298507462
sp_lg_h,ALL,16.93,0.7611940298507462
sp_lg_h,ALL,16.94,0.7611940298507462
sp_lg_h,ALL,16.95,0.7611940298507462
sp_lg_h,ALL,16.96,0.7611940298507462
sp_lg_h,ALL,16.97,0.7611940298507462
sp_lg_h,ALL,16.98,0.7611940298507462
sp_lg_h,ALL,16.990000000000002,0.7611940298507462
sp_lg_h,ALL,17.0,0.7611940298507462
sp_lg_h,ALL,17.01,0.7611940298507462
sp_lg_h,ALL,17.02,0.7611940298507462
sp_lg_h,ALL,17.03,0.7611940298507462
sp_lg_h,ALL,17.04,0.7611940298507462
sp_lg_h,ALL,17.05,0.7611940298507462
sp_lg_h,ALL,17.06,0.7686567164179104
sp_lg_h,ALL,17.07,0.7686567164179104
sp_lg_h,ALL,17.080000000000002,0.7686567164179104
sp_lg_h,ALL,17.09,0.7686567164179104
sp_lg_h,ALL,17.1,0.7686567164179104
sp_lg_h,ALL,17.11,0.7686567164179104
sp_lg_h,ALL,17.12,0.7686567164179104
sp_lg_h,ALL,17.13,0.7686567164179104
sp_lg_h,ALL,17.14,0.7686567164179104
sp_lg_h,ALL,17.150000000000002,0.7686567164179104
sp_lg_h,ALL,17.16,0.7686567164179104
sp_lg_h,ALL,17.17,0.7686567164179104
sp_lg_h,ALL,17.18,0.7686567164179104
sp_lg_h,ALL,17.19,0.7686567164179104
sp_lg_h,ALL,17.2,0.7686567164179104
sp_lg_h,ALL,17.21,0.7686567164179104
sp_lg_h,ALL,17.22,0.7686567164179104
sp_lg_h,ALL,17.23,0.7686567164179104
sp_lg_h,ALL,17.240000000000002,0.7686567164179104
sp_lg_h,ALL,17.25,0.7686567164179104
sp_lg_h,ALL,17.26,0.7686567164179104
sp_lg_h,ALL,17.27,0.7686567164179104
sp_lg_h,ALL,17.28,0.7686567164179104
sp_lg_h,ALL,17.29,0.7686567164179104
sp_lg_h,ALL,17.3,0.7686567164179104
sp_lg_h,ALL,17.31,0.7686567164179104
sp_lg_h,ALL,17.32,0.7686567164179104
sp_lg_h,ALL,17.330000000000002,0.7686567164179104
sp_lg_h,ALL,17.34,0.7686567164179104
sp_lg_h,ALL,17.35,0.7686567164179104
sp_lg_h,ALL,17.36,0.7686567164179104
sp_lg_h,ALL,17.37,0.7686567164179104
sp_lg_h,ALL,17.38,0.7686567164179104
sp_lg_h,ALL,17.39,0.7686567164179104
sp_lg_h,ALL,17.400000000000002,0.7686567164179104
sp_lg_h,ALL,17.41,0.7686567164179104
sp_lg_h,ALL,17.42,0.7686567164179104
sp_lg_h,ALL,17.43,0.7686567164179104
sp_lg_h,ALL,17.44,0.7686567164179104
sp_lg_h,ALL,17.45,0.7686567164179104
sp_lg_h,ALL,17.46,0.7686567164179104
sp_lg_h,ALL,17.47,0.7686567164179104
sp_lg_h,ALL,17.48,0.7686567164179104
sp_lg_h,ALL,17.490000000000002,0.7686567164179104
sp_lg_h,ALL,17.5,0.7686567164179104
sp_lg_h,ALL,17.51,0.7686567164179104
sp_lg_h,ALL,17.52,0.7686567164179104
sp_lg_h,ALL,17.53,0.7686567164179104
sp_lg_h,ALL,17.54,0.7686567164179104
sp_lg_h,ALL,17.55,0.7686567164179104
sp_lg_h,ALL,17.56,0.7686567164179104
sp_lg_h,ALL,17.57,0.7686567164179104
sp_lg_h,ALL,17.580000000000002,0.7686567164179104
sp_lg_h,ALL,17.59,0.7686567164179104
sp_lg_h,ALL,17.6,0.7686567164179104
sp_lg_h,ALL,17.61,0.7686567164179104
sp_lg_h,ALL,17.62,0.7686567164179104
sp_lg_h,ALL,17.63,0.7686567164179104
sp_lg_h,ALL,17.64,0.7686567164179104
sp_lg_h,ALL,17.650000000000002,0.7686567164179104
sp_lg_h,ALL,17.66,0.7686567164179104
sp_lg_h,ALL,17.67,0.7686567164179104
sp_lg_h,ALL,17.68,0.7686567164179104
sp_lg_h,ALL,17.69,0.7686567164179104
sp_lg_h,ALL,17.7,0.7686567164179104
sp_lg_h,ALL,17.71,0.7686567164179104
sp_lg_h,ALL,17.72,0.7686567164179104
sp_lg_h,ALL,17.73,0.7686567164179104
sp_lg_h,ALL,17.740000000000002,0.7686567164179104
sp_lg_h,ALL,17.75,0.7686567164179104
sp_lg_h,ALL,17.76,0.7686567164179104
sp_lg_h,ALL,17.77,0.7686567164179104
sp_lg_h,ALL,17.78,0.7686567164179104
sp_lg_h,ALL,17.79,0.7686567164179104
sp_lg_h,ALL,17.8,0.7686567164179104
sp_lg_h,ALL,17.81,0.7686567164179104
sp_lg_h,ALL,17.82,0.7686567164179104
sp_lg_h,ALL,17.830000000000002,0.7686567164179104
sp_lg_h,ALL,17.84,0.7686567164179104
sp_lg_h,ALL,17.85,0.7686567164179104
sp_lg_h,ALL,17.86,0.7686567164179104
sp_lg_h,ALL,17.87,0.7686567164179104
sp_lg_h,ALL,17.88,0.7686567164179104
sp_lg_h,ALL,17.89,0.7686567164179104
sp_lg_h,ALL,17.900000000000002,0.7686567164179104
sp_lg_h,ALL,17.91,0.7686567164179104
sp_lg_h,ALL,17.92,0.7686567164179104
sp_lg_h,ALL,17.93,0.7686567164179104
sp_lg_h,ALL,17.94,0.7686567164179104
sp_lg_h,ALL,17.95,0.7686567164179104
sp_lg_h,ALL,17.96,0.7686567164179104
sp_lg_h,ALL,17.97,0.7686567164179104
sp_lg_h,ALL,17.98,0.7686567164179104
sp_lg_h,ALL,17.990000000000002,0.7686567164179104
sp_lg_h,ALL,18.0,0.7686567164179104
sp_lg_h,ALL,18.01,0.7686567164179104
sp_lg_h,ALL,18.02,0.7686567164179104
sp_lg_h,ALL,18.03,0.7686567164179104
sp_lg_h,ALL,18.04,0.7686567164179104
sp_lg_h,ALL,18.05,0.7686567164179104
sp_lg_h,ALL,18.06,0.7686567164179104
sp_lg_h,ALL,18.07,0.7686567164179104
sp_lg_h,ALL,18.080000000000002,0.7686567164179104
sp_lg_h,ALL,18.09,0.7686567164179104
sp_lg_h,ALL,18.1,0.7686567164179104
sp_lg_h,ALL,18.11,0.7686567164179104
sp_lg_h,ALL,18.12,0.7686567164179104
sp_lg_h,ALL,18.13,0.7686567164179104
sp_lg_h,ALL,18.14,0.7686567164179104
sp_lg_h,ALL,18.150000000000002,0.7686567164179104
sp_lg_h,ALL,18.16,0.7686567164179104
sp_lg_h,ALL,18.17,0.7686567164179104
sp_lg_h,ALL,18.18,0.7686567164179104
sp_lg_h,ALL,18.19,0.7686567164179104
sp_lg_h,ALL,18.2,0.7686567164179104
sp_lg_h,ALL,18.21,0.7686567164179104
sp_lg_h,ALL,18.22,0.7686567164179104
sp_lg_h,ALL,18.23,0.7686567164179104
sp_lg_h,ALL,18.240000000000002,0.7686567164179104
sp_lg_h,ALL,18.25,0.7686567164179104
sp_lg_h,ALL,18.26,0.7686567164179104
sp_lg_h,ALL,18.27,0.7686567164179104
sp_lg_h,ALL,18.28,0.7686567164179104
sp_lg_h,ALL,18.29,0.7686567164179104
sp_lg_h,ALL,18.3,0.7686567164179104
sp_lg_h,ALL,18.31,0.7686567164179104
sp_lg_h,ALL,18.32,0.7686567164179104
sp_lg_h,ALL,18.330000000000002,0.7686567164179104
sp_lg_h,ALL,18.34,0.7686567164179104
sp_lg_h,ALL,18.35,0.7686567164179104
sp_lg_h,ALL,18.36,0.7686567164179104
sp_lg_h,ALL,18.37,0.7686567164179104
sp_lg_h,ALL,18.38,0.7686567164179104
sp_lg_h,ALL,18.39,0.7686567164179104
sp_lg_h,ALL,18.400000000000002,0.7686567164179104
sp_lg_h,ALL,18.41,0.7686567164179104
sp_lg_h,ALL,18.42,0.7686567164179104
sp_lg_h,ALL,18.43,0.7686567164179104
sp_lg_h,ALL,18.44,0.7686567164179104
sp_lg_h,ALL,18.45,0.7686567164179104
sp_lg_h,ALL,18.46,0.7686567164179104
sp_lg_h,ALL,18.47,0.7686567164179104
sp_lg_h,ALL,18.48,0.7686567164179104
sp_lg_h,ALL,18.490000000000002,0.7686567164179104
sp_lg_h,ALL,18.5,0.7686567164179104
sp_lg_h,ALL,18.51,0.7686567164179104
sp_lg_h,ALL,18.52,0.7686567164179104
sp_lg_h,ALL,18.53,0.7686567164179104
sp_lg_h,ALL,18.54,0.7686567164179104
sp_lg_h,ALL,18.55,0.7686567164179104
sp_lg_h,ALL,18.56,0.7686567164179104
sp_lg_h,ALL,18.57,0.7686567164179104
sp_lg_h,ALL,18.580000000000002,0.7686567164179104
sp_lg_h,ALL,18.59,0.7686567164179104
sp_lg_h,ALL,18.6,0.7686567164179104
sp_lg_h,ALL,18.61,0.7686567164179104
sp_lg_h,ALL,18.62,0.7686567164179104
sp_lg_h,ALL,18.63,0.7686567164179104
sp_lg_h,ALL,18.64,0.7686567164179104
sp_lg_h,ALL,18.650000000000002,0.7686567164179104
sp_lg_h,ALL,18.66,0.7686567164179104
sp_lg_h,ALL,18.67,0.7686567164179104
sp_lg_h,ALL,18.68,0.7686567164179104
sp_lg_h,ALL,18.69,0.7686567164179104
sp_lg_h,ALL,18.7,0.7686567164179104
sp_lg_h,ALL,18.71,0.7686567164179104
sp_lg_h,ALL,18.72,0.7686567164179104
sp_lg_h,ALL,18.73,0.7686567164179104
sp_lg_h,ALL,18.740000000000002,0.7686567164179104
sp_lg_h,ALL,18.75,0.7686567164179104
sp_lg_h,ALL,18.76,0.7686567164179104
sp_lg_h,ALL,18.77,0.7686567164179104
sp_lg_h,ALL,18.78,0.7686567164179104
sp_lg_h,ALL,18.79,0.7686567164179104
sp_lg_h,ALL,18.8,0.7686567164179104
sp_lg_h,ALL,18.81,0.7761194029850746
sp_lg_h,ALL,18.82,0.7761194029850746
sp_lg_h,ALL,18.830000000000002,0.7761194029850746
sp_lg_h,ALL,18.84,0.7761194029850746
sp_lg_h,ALL,18.85,0.7761194029850746
sp_lg_h,ALL,18.86,0.7761194029850746
sp_lg_h,ALL,18.87,0.7835820895522388
sp_lg_h,ALL,18.88,0.7835820895522388
sp_lg_h,ALL,18.89,0.7835820895522388
sp_lg_h,ALL,18.900000000000002,0.7835820895522388
sp_lg_h,ALL,18.91,0.7835820895522388
sp_lg_h,ALL,18.92,0.7835820895522388
sp_lg_h,ALL,18.93,0.7835820895522388
sp_lg_h,ALL,18.94,0.7835820895522388
sp_lg_h,ALL,18.95,0.7835820895522388
sp_lg_h,ALL,18.96,0.7835820895522388
sp_lg_h,ALL,18.97,0.7835820895522388
sp_lg_h,ALL,18.98,0.7835820895522388
sp_lg_h,ALL,18.990000000000002,0.7835820895522388
sp_lg_h,ALL,19.0,0.7835820895522388
sp_lg_h,ALL,19.01,0.7835820895522388
sp_lg_h,ALL,19.02,0.7835820895522388
sp_lg_h,ALL,19.03,0.7835820895522388
sp_lg_h,ALL,19.04,0.7835820895522388
sp_lg_h,ALL,19.05,0.7835820895522388
sp_lg_h,ALL,19.06,0.7835820895522388
sp_lg_h,ALL,19.07,0.7835820895522388
sp_lg_h,ALL,19.080000000000002,0.7835820895522388
sp_lg_h,ALL,19.09,0.7835820895522388
sp_lg_h,ALL,19.1,0.7835820895522388
sp_lg_h,ALL,19.11,0.7835820895522388
sp_lg_h,ALL,19.12,0.7835820895522388
sp_lg_h,ALL,19.13,0.7835820895522388
sp_lg_h,ALL,19.14,0.7835820895522388
sp_lg_h,ALL,19.150000000000002,0.7835820895522388
sp_lg_h,ALL,19.16,0.7835820895522388
sp_lg_h,ALL,19.17,0.7835820895522388
sp_lg_h,ALL,19.18,0.7835820895522388
sp_lg_h,ALL,19.19,0.7835820895522388
sp_lg_h,ALL,19.2,0.7835820895522388
sp_lg_h,ALL,19.21,0.7835820895522388
sp_lg_h,ALL,19.22,0.7835820895522388
sp_lg_h,ALL,19.23,0.7835820895522388
sp_lg_h,ALL,19.240000000000002,0.7835820895522388
sp_lg_h,ALL,19.25,0.7835820895522388
sp_lg_h,ALL,19.26,0.7835820895522388
sp_lg_h,ALL,19.27,0.7835820895522388
sp_lg_h,ALL,19.28,0.7835820895522388
sp_lg_h,ALL,19.29,0.7835820895522388
sp_lg_h,ALL,19.3,0.7835820895522388
sp_lg_h,ALL,19.31,0.7835820895522388
sp_lg_h,ALL,19.32,0.7835820895522388
sp_lg_h,ALL,19.330000000000002,0.7835820895522388
sp_lg_h,ALL,19.34,0.7835820895522388
sp_lg_h,ALL,19.35,0.7835820895522388
sp_lg_h,ALL,19.36,0.7835820895522388
sp_lg_h,ALL,19.37,0.7835820895522388
sp_lg_h,ALL,19.38,0.7835820895522388
sp_lg_h,ALL,19.39,0.7835820895522388
sp_lg_h,ALL,19.400000000000002,0.7835820895522388
sp_lg_h,ALL,19.41,0.7835820895522388
sp_lg_h,ALL,19.42,0.7835820895522388
sp_lg_h,ALL,19.43,0.7835820895522388
sp_lg_h,ALL,19.44,0.7835820895522388
sp_lg_h,ALL,19.45,0.7835820895522388
sp_lg_h,ALL,19.46,0.7835820895522388
sp_lg_h,ALL,19.47,0.7835820895522388
sp_lg_h,ALL,19.48,0.7835820895522388
sp_lg_h,ALL,19.490000000000002,0.7835820895522388
sp_lg_h,ALL,19.5,0.7835820895522388
sp_lg_h,ALL,19.51,0.7835820895522388
sp_lg_h,ALL,19.52,0.7835820895522388
sp_lg_h,ALL,19.53,0.7835820895522388
sp_lg_h,ALL,19.54,0.7835820895522388
sp_lg_h,ALL,19.55,0.7835820895522388
sp_lg_h,ALL,19.56,0.7835820895522388
sp_lg_h,ALL,19.57,0.7835820895522388
sp_lg_h,ALL,19.580000000000002,0.7835820895522388
sp_lg_h,ALL,19.59,0.7835820895522388
sp_lg_h,ALL,19.6,0.7835820895522388
sp_lg_h,ALL,19.61,0.7835820895522388
sp_lg_h,ALL,19.62,0.7835820895522388
sp_lg_h,ALL,19.63,0.7835820895522388
sp_lg_h,ALL,19.64,0.7835820895522388
sp_lg_h,ALL,19.650000000000002,0.7835820895522388
sp_lg_h,ALL,19.66,0.7835820895522388
sp_lg_h,ALL,19.67,0.7835820895522388
sp_lg_h,ALL,19.68,0.7835820895522388
sp_lg_h,ALL,19.69,0.7835820895522388
sp_lg_h,ALL,19.7,0.7835820895522388
sp_lg_h,ALL,19.71,0.7835820895522388
sp_lg_h,ALL,19.72,0.7835820895522388
sp_lg_h,ALL,19.73,0.7835820895522388
sp_lg_h,ALL,19.740000000000002,0.7835820895522388
sp_lg_h,ALL,19.75,0.7835820895522388
sp_lg_h,ALL,19.76,0.7835820895522388
sp_lg_h,ALL,19.77,0.7835820895522388
sp_lg_h,ALL,19.78,0.7835820895522388
sp_lg_h,ALL,19.79,0.7835820895522388
sp_lg_h,ALL,19.8,0.7835820895522388
sp_lg_h,ALL,19.81,0.7835820895522388
sp_lg_h,ALL,19.82,0.7835820895522388
sp_lg_h,ALL,19.830000000000002,0.7835820895522388
sp_lg_h,ALL,19.84,0.7835820895522388
sp_lg_h,ALL,19.85,0.7835820895522388
sp_lg_h,ALL,19.86,0.7835820895522388
sp_lg_h,ALL,19.87,0.7835820895522388
sp_lg_h,ALL,19.88,0.7835820895522388
sp_lg_h,ALL,19.89,0.7835820895522388
sp_lg_h,ALL,19.900000000000002,0.7835820895522388
sp_lg_h,ALL,19.91,0.7835820895522388
sp_lg_h,ALL,19.92,0.7835820895522388
sp_lg_h,ALL,19.93,0.7835820895522388
sp_lg_h,ALL,19.94,0.7835820895522388
sp_lg_h,ALL,19.95,0.7835820895522388
sp_lg_h,ALL,19.96,0.7835820895522388
sp_lg_h,ALL,19.97,0.7835820895522388
sp_lg_h,ALL,19.98,0.7835820895522388
sp_lg_h,ALL,19.990000000000002,0.7835820895522388
sp_lg_h,ALL,20.0,0.7835820895522388
sp_lg_h,ALL,20.01,0.7835820895522388
sp_lg_h,ALL,20.02,0.7835820895522388
sp_lg_h,ALL,20.03,0.7835820895522388
sp_lg_h,ALL,20.04,0.7835820895522388
sp_lg_h,ALL,20.05,0.7835820895522388
sp_lg_h,ALL,20.06,0.7835820895522388
sp_lg_h,ALL,20.07,0.7835820895522388
sp_lg_h,ALL,20.080000000000002,0.7835820895522388
sp_lg_h,ALL,20.09,0.7835820895522388
sp_lg_h,ALL,20.1,0.7835820895522388
sp_lg_h,ALL,20.11,0.7835820895522388
sp_lg_h,ALL,20.12,0.7835820895522388
sp_lg_h,ALL,20.13,0.7835820895522388
sp_lg_h,ALL,20.14,0.7835820895522388
sp_lg_h,ALL,20.150000000000002,0.7835820895522388
sp_lg_h,ALL,20.16,0.7835820895522388
sp_lg_h,ALL,20.17,0.7835820895522388
sp_lg_h,ALL,20.18,0.7835820895522388
sp_lg_h,ALL,20.19,0.7835820895522388
sp_lg_h,ALL,20.2,0.7835820895522388
sp_lg_h,ALL,20.21,0.7835820895522388
sp_lg_h,ALL,20.22,0.7835820895522388
sp_lg_h,ALL,20.23,0.7835820895522388
sp_lg_h,ALL,20.240000000000002,0.7835820895522388
sp_lg_h,ALL,20.25,0.7835820895522388
sp_lg_h,ALL,20.26,0.7835820895522388
sp_lg_h,ALL,20.27,0.7835820895522388
sp_lg_h,ALL,20.28,0.7835820895522388
sp_lg_h,ALL,20.29,0.7835820895522388
sp_lg_h,ALL,20.3,0.7835820895522388
sp_lg_h,ALL,20.31,0.7835820895522388
sp_lg_h,ALL,20.32,0.7835820895522388
sp_lg_h,ALL,20.330000000000002,0.7835820895522388
sp_lg_h,ALL,20.34,0.7835820895522388
sp_lg_h,ALL,20.35,0.7835820895522388
sp_lg_h,ALL,20.36,0.7835820895522388
sp_lg_h,ALL,20.37,0.7835820895522388
sp_lg_h,ALL,20.38,0.7835820895522388
sp_lg_h,ALL,20.39,0.7835820895522388
sp_lg_h,ALL,20.400000000000002,0.7835820895522388
sp_lg_h,ALL,20.41,0.7910447761194029
sp_lg_h,ALL,20.42,0.7985074626865671
sp_lg_h,ALL,20.43,0.7985074626865671
sp_lg_h,ALL,20.44,0.7985074626865671
sp_lg_h,ALL,20.45,0.7985074626865671
sp_lg_h,ALL,20.46,0.7985074626865671
sp_lg_h,ALL,20.47,0.7985074626865671
sp_lg_h,ALL,20.48,0.8059701492537313
sp_lg_h,ALL,20.490000000000002,0.8059701492537313
sp_lg_h,ALL,20.5,0.8059701492537313
sp_lg_h,ALL,20.51,0.8059701492537313
sp_lg_h,ALL,20.52,0.8059701492537313
sp_lg_h,ALL,20.53,0.8059701492537313
sp_lg_h,ALL,20.54,0.8059701492537313
sp_lg_h,ALL,20.55,0.8059701492537313
sp_lg_h,ALL,20.56,0.8059701492537313
sp_lg_h,ALL,20.57,0.8059701492537313
sp_lg_h,ALL,20.580000000000002,0.8059701492537313
sp_lg_h,ALL,20.59,0.8059701492537313
sp_lg_h,ALL,20.6,0.8059701492537313
sp_lg_h,ALL,20.61,0.8059701492537313
sp_lg_h,ALL,20.62,0.8059701492537313
sp_lg_h,ALL,20.63,0.8059701492537313
sp_lg_h,ALL,20.64,0.8059701492537313
sp_lg_h,ALL,20.650000000000002,0.8059701492537313
sp_lg_h,ALL,20.66,0.8059701492537313
sp_lg_h,ALL,20.67,0.8059701492537313
sp_lg_h,ALL,20.68,0.8059701492537313
sp_lg_h,ALL,20.69,0.8059701492537313
sp_lg_h,ALL,20.7,0.8059701492537313
sp_lg_h,ALL,20.71,0.8059701492537313
sp_lg_h,ALL,20.72,0.8059701492537313
sp_lg_h,ALL,20.73,0.8059701492537313
sp_lg_h,ALL,20.740000000000002,0.8059701492537313
sp_lg_h,ALL,20.75,0.8059701492537313
sp_lg_h,ALL,20.76,0.8059701492537313
sp_lg_h,ALL,20.77,0.8059701492537313
sp_lg_h,ALL,20.78,0.8059701492537313
sp_lg_h,ALL,20.79,0.8059701492537313
sp_lg_h,ALL,20.8,0.8059701492537313
sp_lg_h,ALL,20.81,0.8059701492537313
sp_lg_h,ALL,20.82,0.8059701492537313
sp_lg_h,ALL,20.830000000000002,0.8059701492537313
sp_lg_h,ALL,20.84,0.8059701492537313
sp_lg_h,ALL,20.85,0.8059701492537313
sp_lg_h,ALL,20.86,0.8059701492537313
sp_lg_h,ALL,20.87,0.8059701492537313
sp_lg_h,ALL,20.88,0.8059701492537313
sp_lg_h,ALL,20.89,0.8059701492537313
sp_lg_h,ALL,20.900000000000002,0.8134328358208955
sp_lg_h,ALL,20.91,0.8134328358208955
sp_lg_h,ALL,20.92,0.8134328358208955
sp_lg_h,ALL,20.93,0.8134328358208955
sp_lg_h,ALL,20.94,0.8134328358208955
sp_lg_h,ALL,20.95,0.8134328358208955
sp_lg_h,ALL,20.96,0.8134328358208955
sp_lg_h,ALL,20.97,0.8134328358208955
sp_lg_h,ALL,20.98,0.8134328358208955
sp_lg_h,ALL,20.990000000000002,0.8134328358208955
sp_lg_h,ALL,21.0,0.8134328358208955
sp_lg_h,ALL,21.01,0.8134328358208955
sp_lg_h,ALL,21.02,0.8134328358208955
sp_lg_h,ALL,21.03,0.8134328358208955
sp_lg_h,ALL,21.04,0.8134328358208955
sp_lg_h,ALL,21.05,0.8134328358208955
sp_lg_h,ALL,21.06,0.8134328358208955
sp_lg_h,ALL,21.07,0.8134328358208955
sp_lg_h,ALL,21.080000000000002,0.8134328358208955
sp_lg_h,ALL,21.09,0.8134328358208955
sp_lg_h,ALL,21.1,0.8134328358208955
sp_lg_h,ALL,21.11,0.8134328358208955
sp_lg_h,ALL,21.12,0.8134328358208955
sp_lg_h,ALL,21.13,0.8134328358208955
sp_lg_h,ALL,21.14,0.8134328358208955
sp_lg_h,ALL,21.150000000000002,0.8134328358208955
sp_lg_h,ALL,21.16,0.8134328358208955
sp_lg_h,ALL,21.17,0.8134328358208955
sp_lg_h,ALL,21.18,0.8134328358208955
sp_lg_h,ALL,21.19,0.8134328358208955
sp_lg_h,ALL,21.2,0.8134328358208955
sp_lg_h,ALL,21.21,0.8134328358208955
sp_lg_h,ALL,21.22,0.8134328358208955
sp_lg_h,ALL,21.23,0.8134328358208955
sp_lg_h,ALL,21.240000000000002,0.8134328358208955
sp_lg_h,ALL,21.25,0.8134328358208955
sp_lg_h,ALL,21.26,0.8134328358208955
sp_lg_h,ALL,21.27,0.8134328358208955
sp_lg_h,ALL,21.28,0.8134328358208955
sp_lg_h,ALL,21.29,0.8134328358208955
sp_lg_h,ALL,21.3,0.8134328358208955
sp_lg_h,ALL,21.31,0.8208955223880597
sp_lg_h,ALL,21.32,0.8208955223880597
sp_lg_h,ALL,21.330000000000002,0.8208955223880597
sp_lg_h,ALL,21.34,0.8208955223880597
sp_lg_h,ALL,21.35,0.8208955223880597
sp_lg_h,ALL,21.36,0.8208955223880597
sp_lg_h,ALL,21.37,0.8208955223880597
sp_lg_h,ALL,21.38,0.8208955223880597
sp_lg_h,ALL,21.39,0.8208955223880597
sp_lg_h,ALL,21.400000000000002,0.8208955223880597
sp_lg_h,ALL,21.41,0.8208955223880597
sp_lg_h,ALL,21.42,0.8208955223880597
sp_lg_h,ALL,21.43,0.8208955223880597
sp_lg_h,ALL,21.44,0.8208955223880597
sp_lg_h,ALL,21.45,0.8208955223880597
sp_lg_h,ALL,21.46,0.8208955223880597
sp_lg_h,ALL,21.47,0.8208955223880597
sp_lg_h,ALL,21.48,0.8208955223880597
sp_lg_h,ALL,21.490000000000002,0.8208955223880597
sp_lg_h,ALL,21.5,0.8208955223880597
sp_lg_h,ALL,21.51,0.8208955223880597
sp_lg_h,ALL,21.52,0.8208955223880597
sp_lg_h,ALL,21.53,0.8208955223880597
sp_lg_h,ALL,21.54,0.8208955223880597
sp_lg_h,ALL,21.55,0.8208955223880597
sp_lg_h,ALL,21.56,0.8208955223880597
sp_lg_h,ALL,21.57,0.8208955223880597
sp_lg_h,ALL,21.580000000000002,0.8208955223880597
sp_lg_h,ALL,21.59,0.8208955223880597
sp_lg_h,ALL,21.6,0.8208955223880597
sp_lg_h,ALL,21.61,0.8208955223880597
sp_lg_h,ALL,21.62,0.8208955223880597
sp_lg_h,ALL,21.63,0.8208955223880597
sp_lg_h,ALL,21.64,0.8208955223880597
sp_lg_h,ALL,21.650000000000002,0.8208955223880597
sp_lg_h,ALL,21.66,0.8208955223880597
sp_lg_h,ALL,21.67,0.8208955223880597
sp_lg_h,ALL,21.68,0.8208955223880597
sp_lg_h,ALL,21.69,0.8208955223880597
sp_lg_h,ALL,21.7,0.8208955223880597
sp_lg_h,ALL,21.71,0.8208955223880597
sp_lg_h,ALL,21.72,0.8208955223880597
sp_lg_h,ALL,21.73,0.8208955223880597
sp_lg_h,ALL,21.740000000000002,0.8208955223880597
sp_lg_h,ALL,21.75,0.8208955223880597
sp_lg_h,ALL,21.76,0.8208955223880597
sp_lg_h,ALL,21.77,0.8208955223880597
sp_lg_h,ALL,21.78,0.8208955223880597
sp_lg_h,ALL,21.79,0.8208955223880597
sp_lg_h,ALL,21.8,0.8208955223880597
sp_lg_h,ALL,21.81,0.8208955223880597
sp_lg_h,ALL,21.82,0.8208955223880597
sp_lg_h,ALL,21.830000000000002,0.8208955223880597
sp_lg_h,ALL,21.84,0.8208955223880597
sp_lg_h,ALL,21.85,0.8208955223880597
sp_lg_h,ALL,21.86,0.8208955223880597
sp_lg_h,ALL,21.87,0.8208955223880597
sp_lg_h,ALL,21.88,0.8208955223880597
sp_lg_h,ALL,21.89,0.8208955223880597
sp_lg_h,ALL,21.900000000000002,0.8208955223880597
sp_lg_h,ALL,21.91,0.8208955223880597
sp_lg_h,ALL,21.92,0.8208955223880597
sp_lg_h,ALL,21.93,0.8208955223880597
sp_lg_h,ALL,21.94,0.8208955223880597
sp_lg_h,ALL,21.95,0.8283582089552238
sp_lg_h,ALL,21.96,0.8283582089552238
sp_lg_h,ALL,21.97,0.8283582089552238
sp_lg_h,ALL,21.98,0.8283582089552238
sp_lg_h,ALL,21.990000000000002,0.8283582089552238
sp_lg_h,ALL,22.0,0.8283582089552238
sp_lg_h,ALL,22.01,0.8283582089552238
sp_lg_h,ALL,22.02,0.8283582089552238
sp_lg_h,ALL,22.03,0.8283582089552238
sp_lg_h,ALL,22.04,0.8283582089552238
sp_lg_h,ALL,22.05,0.8283582089552238
sp_lg_h,ALL,22.06,0.8283582089552238
sp_lg_h,ALL,22.07,0.8283582089552238
sp_lg_h,ALL,22.080000000000002,0.8283582089552238
sp_lg_h,ALL,22.09,0.8283582089552238
sp_lg_h,ALL,22.1,0.8283582089552238
sp_lg_h,ALL,22.11,0.8283582089552238
sp_lg_h,ALL,22.12,0.8283582089552238
sp_lg_h,ALL,22.13,0.8283582089552238
sp_lg_h,ALL,22.14,0.8283582089552238
sp_lg_h,ALL,22.150000000000002,0.8283582089552238
sp_lg_h,ALL,22.16,0.8283582089552238
sp_lg_h,ALL,22.17,0.8283582089552238
sp_lg_h,ALL,22.18,0.8283582089552238
sp_lg_h,ALL,22.19,0.8283582089552238
sp_lg_h,ALL,22.2,0.8283582089552238
sp_lg_h,ALL,22.21,0.8283582089552238
sp_lg_h,ALL,22.22,0.8283582089552238
sp_lg_h,ALL,22.23,0.8283582089552238
sp_lg_h,ALL,22.240000000000002,0.8283582089552238
sp_lg_h,ALL,22.25,0.8283582089552238
sp_lg_h,ALL,22.26,0.8283582089552238
sp_lg_h,ALL,22.27,0.835820895522388
sp_lg_h,ALL,22.28,0.835820895522388
sp_lg_h,ALL,22.29,0.835820895522388
sp_lg_h,ALL,22.3,0.835820895522388
sp_lg_h,ALL,22.31,0.835820895522388
sp_lg_h,ALL,22.32,0.835820895522388
sp_lg_h,ALL,22.330000000000002,0.835820895522388
sp_lg_h,ALL,22.34,0.835820895522388
sp_lg_h,ALL,22.35,0.835820895522388
sp_lg_h,ALL,22.36,0.8432835820895522
sp_lg_h,ALL,22.37,0.8432835820895522
sp_lg_h,ALL,22.38,0.8432835820895522
sp_lg_h,ALL,22.39,0.8432835820895522
sp_lg_h,ALL,22.400000000000002,0.8432835820895522
sp_lg_h,ALL,22.41,0.8432835820895522
sp_lg_h,ALL,22.42,0.8432835820895522
sp_lg_h,ALL,22.43,0.8432835820895522
sp_lg_h,ALL,22.44,0.8432835820895522
sp_lg_h,ALL,22.45,0.8432835820895522
sp_lg_h,ALL,22.46,0.8432835820895522
sp_lg_h,ALL,22.47,0.8432835820895522
sp_lg_h,ALL,22.48,0.8432835820895522
sp_lg_h,ALL,22.490000000000002,0.8432835820895522
sp_lg_h,ALL,22.5,0.8432835820895522
sp_lg_h,ALL,22.51,0.8432835820895522
sp_lg_h,ALL,22.52,0.8432835820895522
sp_lg_h,ALL,22.53,0.8432835820895522
sp_lg_h,ALL,22.54,0.8507462686567164
sp_lg_h,ALL,22.55,0.8507462686567164
sp_lg_h,ALL,22.56,0.8507462686567164
sp_lg_h,ALL,22.57,0.8507462686567164
sp_lg_h,ALL,22.580000000000002,0.8507462686567164
sp_lg_h,ALL,22.59,0.8507462686567164
sp_lg_h,ALL,22.6,0.8507462686567164
sp_lg_h,ALL,22.61,0.8507462686567164
sp_lg_h,ALL,22.62,0.8507462686567164
sp_lg_h,ALL,22.63,0.8507462686567164
sp_lg_h,ALL,22.64,0.8507462686567164
sp_lg_h,ALL,22.650000000000002,0.8507462686567164
sp_lg_h,ALL,22.66,0.8507462686567164
sp_lg_h,ALL,22.67,0.8507462686567164
sp_lg_h,ALL,22.68,0.8507462686567164
sp_lg_h,ALL,22.69,0.8507462686567164
sp_lg_h,ALL,22.7,0.8507462686567164
sp_lg_h,ALL,22.71,0.8507462686567164
sp_lg_h,ALL,22.72,0.8507462686567164
sp_lg_h,ALL,22.73,0.8507462686567164
sp_lg_h,ALL,22.740000000000002,0.8582089552238806
sp_lg_h,ALL,22.75,0.8582089552238806
sp_lg_h,ALL,22.76,0.8582089552238806
sp_lg_h,ALL,22.77,0.8582089552238806
sp_lg_h,ALL,22.78,0.8656716417910447
sp_lg_h,ALL,22.79,0.8656716417910447
sp_lg_h,ALL,22.8,0.8656716417910447
sp_lg_h,ALL,22.81,0.8656716417910447
sp_lg_h,ALL,22.82,0.8656716417910447
sp_lg_h,ALL,22.830000000000002,0.8656716417910447
sp_lg_h,ALL,22.84,0.8656716417910447
sp_lg_h,ALL,22.85,0.8656716417910447
sp_lg_h,ALL,22.86,0.8656716417910447
sp_lg_h,ALL,22.87,0.8656716417910447
sp_lg_h,ALL,22.88,0.8656716417910447
sp_lg_h,ALL,22.89,0.8656716417910447
sp_lg_h,ALL,22.900000000000002,0.8656716417910447
sp_lg_h,ALL,22.91,0.8656716417910447
sp_lg_h,ALL,22.92,0.8656716417910447
sp_lg_h,ALL,22.93,0.8656716417910447
sp_lg_h,ALL,22.94,0.8656716417910447
sp_lg_h,ALL,22.95,0.8656716417910447
sp_lg_h,ALL,22.96,0.8656716417910447
sp_lg_h,ALL,22.97,0.8656716417910447
sp_lg_h,ALL,22.98,0.8656716417910447
sp_lg_h,ALL,22.990000000000002,0.8656716417910447
sp_lg_h,ALL,23.0,0.8656716417910447
sp_lg_h,ALL,23.01,0.8656716417910447
sp_lg_h,ALL,23.02,0.8656716417910447
sp_lg_h,ALL,23.03,0.8656716417910447
sp_lg_h,ALL,23.04,0.8656716417910447
sp_lg_h,ALL,23.05,0.8656716417910447
sp_lg_h,ALL,23.06,0.8656716417910447
sp_lg_h,ALL,23.07,0.8656716417910447
sp_lg_h,ALL,23.080000000000002,0.8656716417910447
sp_lg_h,ALL,23.09,0.8656716417910447
sp_lg_h,ALL,23.1,0.8656716417910447
sp_lg_h,ALL,23.11,0.8656716417910447
sp_lg_h,ALL,23.12,0.8656716417910447
sp_lg_h,ALL,23.13,0.8656716417910447
sp_lg_h,ALL,23.14,0.8656716417910447
sp_lg_h,ALL,23.150000000000002,0.8656716417910447
sp_lg_h,ALL,23.16,0.8656716417910447
sp_lg_h,ALL,23.17,0.8656716417910447
sp_lg_h,ALL,23.18,0.8656716417910447
sp_lg_h,ALL,23.19,0.8656716417910447
sp_lg_h,ALL,23.2,0.8656716417910447
sp_lg_h,ALL,23.21,0.8656716417910447
sp_lg_h,ALL,23.22,0.8656716417910447
sp_lg_h,ALL,23.23,0.8656716417910447
sp_lg_h,ALL,23.240000000000002,0.8656716417910447
sp_lg_h,ALL,23.25,0.8656716417910447
sp_lg_h,ALL,23.26,0.8656716417910447
sp_lg_h,ALL,23.27,0.8656716417910447
sp_lg_h,ALL,23.28,0.8656716417910447
sp_lg_h,ALL,23.29,0.8656716417910447
sp_lg_h,ALL,23.3,0.8731343283582089
sp_lg_h,ALL,23.31,0.8731343283582089
sp_lg_h,ALL,23.32,0.8731343283582089
sp_lg_h,ALL,23.330000000000002,0.8731343283582089
sp_lg_h,ALL,23.34,0.8731343283582089
sp_lg_h,ALL,23.35,0.8731343283582089
sp_lg_h,ALL,23.36,0.8731343283582089
sp_lg_h,ALL,23.37,0.8731343283582089
sp_lg_h,ALL,23.38,0.8731343283582089
sp_lg_h,ALL,23.39,0.8731343283582089
sp_lg_h,ALL,23.400000000000002,0.8731343283582089
sp_lg_h,ALL,23.41,0.8731343283582089
sp_lg_h,ALL,23.42,0.8731343283582089
sp_lg_h,ALL,23.43,0.8731343283582089
sp_lg_h,ALL,23.44,0.8731343283582089
sp_lg_h,ALL,23.45,0.8731343283582089
sp_lg_h,ALL,23.46,0.8731343283582089
sp_lg_h,ALL,23.47,0.8731343283582089
sp_lg_h,ALL,23.48,0.8731343283582089
sp_lg_h,ALL,23.490000000000002,0.8731343283582089
sp_lg_h,ALL,23.5,0.8731343283582089
sp_lg_h,ALL,23.51,0.8731343283582089
sp_lg_h,ALL,23.52,0.8731343283582089
sp_lg_h,ALL,23.53,0.8731343283582089
sp_lg_h,ALL,23.54,0.8731343283582089
sp_lg_h,ALL,23.55,0.8731343283582089
sp_lg_h,ALL,23.56,0.8731343283582089
sp_lg_h,ALL,23.57,0.8731343283582089
sp_lg_h,ALL,23.580000000000002,0.8731343283582089
sp_lg_h,ALL,23.59,0.8731343283582089
sp_lg_h,ALL,23.6,0.8731343283582089
sp_lg_h,ALL,23.61,0.8731343283582089
sp_lg_h,ALL,23.62,0.8731343283582089
sp_lg_h,ALL,23.63,0.8731343283582089
sp_lg_h,ALL,23.64,0.8731343283582089
sp_lg_h,ALL,23.650000000000002,0.8731343283582089
sp_lg_h,ALL,23.66,0.8731343283582089
sp_lg_h,ALL,23.67,0.8731343283582089
sp_lg_h,ALL,23.68,0.8731343283582089
sp_lg_h,ALL,23.69,0.8731343283582089
sp_lg_h,ALL,23.7,0.8731343283582089
sp_lg_h,ALL,23.71,0.8731343283582089
sp_lg_h,ALL,23.72,0.8731343283582089
sp_lg_h,ALL,23.73,0.8731343283582089
sp_lg_h,ALL,23.740000000000002,0.8731343283582089
sp_lg_h,ALL,23.75,0.8731343283582089
sp_lg_h,ALL,23.76,0.8731343283582089
sp_lg_h,ALL,23.77,0.8731343283582089
sp_lg_h,ALL,23.78,0.8731343283582089
sp_lg_h,ALL,23.79,0.8731343283582089
sp_lg_h,ALL,23.8,0.8731343283582089
sp_lg_h,ALL,23.81,0.8731343283582089
sp_lg_h,ALL,23.82,0.8731343283582089
sp_lg_h,ALL,23.830000000000002,0.8731343283582089
sp_lg_h,ALL,23.84,0.8731343283582089
sp_lg_h,ALL,23.85,0.8731343283582089
sp_lg_h,ALL,23.86,0.8731343283582089
sp_lg_h,ALL,23.87,0.8731343283582089
sp_lg_h,ALL,23.88,0.8731343283582089
sp_lg_h,ALL,23.89,0.8731343283582089
sp_lg_h,ALL,23.900000000000002,0.8731343283582089
sp_lg_h,ALL,23.91,0.8731343283582089
sp_lg_h,ALL,23.92,0.8731343283582089
sp_lg_h,ALL,23.93,0.8731343283582089
sp_lg_h,ALL,23.94,0.8731343283582089
sp_lg_h,ALL,23.95,0.8731343283582089
sp_lg_h,ALL,23.96,0.8731343283582089
sp_lg_h,ALL,23.97,0.8731343283582089
sp_lg_h,ALL,23.98,0.8731343283582089
sp_lg_h,ALL,23.990000000000002,0.8731343283582089
sp_lg_h,ALL,24.0,0.8731343283582089
sp_lg_h,ALL,24.01,0.8731343283582089
sp_lg_h,ALL,24.02,0.8731343283582089
sp_lg_h,ALL,24.03,0.8731343283582089
sp_lg_h,ALL,24.04,0.8731343283582089
sp_lg_h,ALL,24.05,0.8731343283582089
sp_lg_h,ALL,24.060000000000002,0.8731343283582089
sp_lg_h,ALL,24.07,0.8731343283582089
sp_lg_h,ALL,24.080000000000002,0.8731343283582089
sp_lg_h,ALL,24.09,0.8731343283582089
sp_lg_h,ALL,24.1,0.8731343283582089
sp_lg_h,ALL,24.11,0.8731343283582089
sp_lg_h,ALL,24.12,0.8731343283582089
sp_lg_h,ALL,24.13,0.8731343283582089
sp_lg_h,ALL,24.14,0.8731343283582089
sp_lg_h,ALL,24.150000000000002,0.8731343283582089
sp_lg_h,ALL,24.16,0.8731343283582089
sp_lg_h,ALL,24.17,0.8731343283582089
sp_lg_h,ALL,24.18,0.8731343283582089
sp_lg_h,ALL,24.19,0.8731343283582089
sp_lg_h,ALL,24.2,0.8731343283582089
sp_lg_h,ALL,24.21,0.8731343283582089
sp_lg_h,ALL,24.22,0.8731343283582089
sp_lg_h,ALL,24.23,0.8731343283582089
sp_lg_h,ALL,24.240000000000002,0.8731343283582089
sp_lg_h,ALL,24.25,0.8731343283582089
sp_lg_h,ALL,24.26,0.8731343283582089
sp_lg_h,ALL,24.27,0.8731343283582089
sp_lg_h,ALL,24.28,0.8731343283582089
sp_lg_h,ALL,24.29,0.8731343283582089
sp_lg_h,ALL,24.3,0.8731343283582089
sp_lg_h,ALL,24.310000000000002,0.8731343283582089
sp_lg_h,ALL,24.32,0.8731343283582089
sp_lg_h,ALL,24.330000000000002,0.8731343283582089
sp_lg_h,ALL,24.34,0.8731343283582089
sp_lg_h,ALL,24.35,0.8731343283582089
sp_lg_h,ALL,24.36,0.8731343283582089
sp_lg_h,ALL,24.37,0.8731343283582089
sp_lg_h,ALL,24.38,0.8731343283582089
sp_lg_h,ALL,24.39,0.8731343283582089
sp_lg_h,ALL,24.400000000000002,0.8731343283582089
sp_lg_h,ALL,24.41,0.8731343283582089
sp_lg_h,ALL,24.42,0.8731343283582089
sp_lg_h,ALL,24.43,0.8731343283582089
sp_lg_h,ALL,24.44,0.8731343283582089
sp_lg_h,ALL,24.45,0.8805970149253731
sp_lg_h,ALL,24.46,0.8805970149253731
sp_lg_h,ALL,24.47,0.8805970149253731
sp_lg_h,ALL,24.48,0.8805970149253731
sp_lg_h,ALL,24.490000000000002,0.8805970149253731
sp_lg_h,ALL,24.5,0.8805970149253731
sp_lg_h,ALL,24.51,0.8805970149253731
sp_lg_h,ALL,24.52,0.8805970149253731
sp_lg_h,ALL,24.53,0.8805970149253731
sp_lg_h,ALL,24.54,0.8805970149253731
sp_lg_h,ALL,24.55,0.8805970149253731
sp_lg_h,ALL,24.560000000000002,0.8805970149253731
sp_lg_h,ALL,24.57,0.8805970149253731
sp_lg_h,ALL,24.580000000000002,0.8805970149253731
sp_lg_h,ALL,24.59,0.8805970149253731
sp_lg_h,ALL,24.6,0.8805970149253731
sp_lg_h,ALL,24.61,0.8805970149253731
sp_lg_h,ALL,24.62,0.8805970149253731
sp_lg_h,ALL,24.63,0.8805970149253731
sp_lg_h,ALL,24.64,0.8805970149253731
sp_lg_h,ALL,24.650000000000002,0.8805970149253731
sp_lg_h,ALL,24.66,0.8805970149253731
sp_lg_h,ALL,24.67,0.8805970149253731
sp_lg_h,ALL,24.68,0.8805970149253731
sp_lg_h,ALL,24.69,0.8805970149253731
sp_lg_h,ALL,24.7,0.8805970149253731
sp_lg_h,ALL,24.71,0.8805970149253731
sp_lg_h,ALL,24.72,0.8805970149253731
sp_lg_h,ALL,24.73,0.8805970149253731
sp_lg_h,ALL,24.740000000000002,0.8805970149253731
sp_lg_h,ALL,24.75,0.8805970149253731
sp_lg_h,ALL,24.76,0.8805970149253731
sp_lg_h,ALL,24.77,0.8805970149253731
sp_lg_h,ALL,24.78,0.8805970149253731
sp_lg_h,ALL,24.79,0.8805970149253731
sp_lg_h,ALL,24.8,0.8805970149253731
sp_lg_h,ALL,24.810000000000002,0.8805970149253731
sp_lg_h,ALL,24.82,0.8805970149253731
sp_lg_h,ALL,24.830000000000002,0.8805970149253731
sp_lg_h,ALL,24.84,0.8805970149253731
sp_lg_h,ALL,24.85,0.8805970149253731
sp_lg_h,ALL,24.86,0.8805970149253731
sp_lg_h,ALL,24.87,0.8880597014925373
sp_lg_h,ALL,24.88,0.8880597014925373
sp_lg_h,ALL,24.89,0.8880597014925373
sp_lg_h,ALL,24.900000000000002,0.8880597014925373
sp_lg_h,ALL,24.91,0.8880597014925373
sp_lg_h,ALL,24.92,0.8880597014925373
sp_lg_h,ALL,24.93,0.8880597014925373
sp_lg_h,ALL,24.94,0.8880597014925373
sp_lg_h,ALL,24.95,0.8880597014925373
sp_lg_h,ALL,24.96,0.8880597014925373
sp_lg_h,ALL,24.97,0.8880597014925373
sp_lg_h,ALL,24.98,0.8880597014925373
sp_lg_h,ALL,24.990000000000002,0.8880597014925373
sp_lg_h,ALL,25.0,0.8880597014925373
